
======================================================================
EPISTEMIC UNCERTAINTY QUANTIFICATION - COMPREHENSIVE TEST SUITE
Started: 2026-07-11 20:59:10
Config: RF Config=5, K Neighbors=20, Gap Type=sparse, Multiplier=5, Scaling Law=leaf, Runs=7, Topological Decay Lambda=None
======================================================================

[SETUP SUMMARY]
  * Functions: 41 total (5 1D, 5 2D, 5 3D, 3 4D, 3 5D, 3 6D, 3 7D, 3 8D, 3 9D, 3 10D, 1 11D, 1 12D, 1 13D, 1 14D, 1 15D)
  * Runs: 7 (total evaluations: 287)
  * Approaches: Proximity_Baseline, Proximity_Method_A, Proximity_Method_B, Proximity_Method_C, Proximity_Method_B_C
  * Metrics: AUROC, FPR@95TPR, Spearman, Brier, MI, JSD
  * Statistical tests: Friedman + Bonferroni-corrected Wilcoxon (alpha=0.05)
  * Proximity Device: GPU (CuPy)


######################################################################
# UNIFIED TEST: All Functions (aggregated by dimension)
######################################################################
Running 41 functions x 7 seeds = 287 evaluations (single pass)

[RUN 1/7] 
  >>> Starting: Function=sin, Seed=0
    [TIMING] Data Generation: 0.0003 s
    [TIMING] Random Forest Fitting: 0.4026 s
    [TIMING] RF Predicting: 0.0432 s
    [TIMING] Base Aleatoric: 0.0502 s
[TIMING] Random Forest fit/check: 0.00 ms
[TIMING] OOB/In-bag index reconstruction: 174.74 ms
[TIMING] Leaf weights & density precomputation: 151.45 ms
[TIMING] Transfer structures to backend: 0.02 ms
[TIMING] Total fit: 326.21 ms
[TIMING] Test leaf ID extraction: 48.68 ms
[TIMING] Proximity matrix accumulation: 39.72 ms
[TIMING] Neighbor sorting & quantiles: 8.45 ms
[TIMING] Total compute_uq: 96.99 ms
    [TIMING] UQ Calculation (Proximity_Baseline): 0.4244 s
[TIMING] Random Forest fit/check: 0.00 ms
[TIMING] OOB/In-bag index reconstruction: 163.20 ms
[TIMING] Leaf weights & density precomputation: 333.88 ms
[TIMING] Transfer structures to backend: 0.01 ms
[TIMING] Total fit: 497.09 ms
[TIMING] Test leaf ID extraction: 44.49 ms
[TIMING] Proximity matrix accumulation: 153.54 ms
[TIMING] Neighbor sorting & quantiles: 4.50 ms
[TIMING] Total compute_uq: 202.75 ms
    [TIMING] UQ Calculation (Proximity_Method_A): 0.7002 s
[TIMING] Random Forest fit/check: 0.02 ms
[TIMING] OOB/In-bag index reconstruction: 166.35 ms
[TIMING] Leaf weights & density precomputation: 282.11 ms
[TIMING] Transfer structures to backend: 0.01 ms
[TIMING] Total fit: 448.49 ms
[TIMING] Test leaf ID extraction: 44.32 ms
[TIMING] Proximity matrix accumulation: 152.05 ms
[TIMING] Neighbor sorting & quantiles: 52.09 ms
[TIMING] Total compute_uq: 248.86 ms
    [TIMING] UQ Calculation (Proximity_Method_B): 0.6982 s
[TIMING] Random Forest fit/check: 0.00 ms
[TIMING] OOB/In-bag index reconstruction: 165.53 ms
[TIMING] Leaf weights & density precomputation: 280.73 ms
[TIMING] Transfer structures to backend: 0.01 ms
[TIMING] Total fit: 446.27 ms
[TIMING] Test leaf ID extraction: 44.83 ms
[TIMING] Proximity matrix accumulation: 203.83 ms
[TIMING] Neighbor sorting & quantiles: 4.21 ms
[TIMING] Total compute_uq: 253.04 ms
[DEBUG DENSITY] mean walked density = 63.5077, min = 57.4414, max = 70.0584
    [TIMING] UQ Calculation (Proximity_Method_C): 0.7041 s
[TIMING] Random Forest fit/check: 0.00 ms
[TIMING] OOB/In-bag index reconstruction: 167.06 ms
[TIMING] Leaf weights & density precomputation: 279.97 ms
[TIMING] Transfer structures to backend: 0.01 ms
[TIMING] Total fit: 447.04 ms
[TIMING] Test leaf ID extraction: 44.97 ms
[TIMING] Proximity matrix accumulation: 203.45 ms
[TIMING] Neighbor sorting & quantiles: 4.67 ms
[TIMING] Total compute_uq: 253.26 ms
[DEBUG DENSITY] mean walked density = 63.5077, min = 57.4414, max = 70.0584
    [TIMING] UQ Calculation (Proximity_Method_B_C): 0.7015 s
    [TIMING] Metrics Calculation: 0.0818 s
    [TIMING] Total Single Evaluation: 3.8067 s

  >>> Starting: Function=cos_trend, Seed=0
    [TIMING] Data Generation: 0.0004 s
    [TIMING] Random Forest Fitting: 0.3780 s
    [TIMING] RF Predicting: 0.0429 s
    [TIMING] Base Aleatoric: 0.0493 s
[TIMING] Random Forest fit/check: 0.00 ms
[TIMING] OOB/In-bag index reconstruction: 167.12 ms
[TIMING] Leaf weights & density precomputation: 50.17 ms
[TIMING] Transfer structures to backend: 0.02 ms
[TIMING] Total fit: 217.31 ms
[TIMING] Test leaf ID extraction: 44.17 ms
[TIMING] Proximity matrix accumulation: 36.35 ms
[TIMING] Neighbor sorting & quantiles: 4.21 ms
[TIMING] Total compute_uq: 84.94 ms
    [TIMING] UQ Calculation (Proximity_Baseline): 0.3024 s
[TIMING] Random Forest fit/check: 0.00 ms
[TIMING] OOB/In-bag index reconstruction: 169.55 ms
[TIMING] Leaf weights & density precomputation: 303.13 ms
[TIMING] Transfer structures to backend: 0.02 ms
[TIMING] Total fit: 472.70 ms
[TIMING] Test leaf ID extraction: 34.19 ms
[TIMING] Proximity matrix accumulation: 169.20 ms
[TIMING] Neighbor sorting & quantiles: 4.11 ms
[TIMING] Total compute_uq: 207.73 ms
    [TIMING] UQ Calculation (Proximity_Method_A): 0.6808 s
[TIMING] Random Forest fit/check: 0.00 ms
[TIMING] OOB/In-bag index reconstruction: 165.84 ms
[TIMING] Leaf weights & density precomputation: 284.45 ms
[TIMING] Transfer structures to backend: 0.02 ms
[TIMING] Total fit: 450.31 ms
[TIMING] Test leaf ID extraction: 44.48 ms
[TIMING] Proximity matrix accumulation: 152.27 ms
[TIMING] Neighbor sorting & quantiles: 4.90 ms
[TIMING] Total compute_uq: 201.87 ms
    [TIMING] UQ Calculation (Proximity_Method_B): 0.6531 s
[TIMING] Random Forest fit/check: 0.00 ms
[TIMING] OOB/In-bag index reconstruction: 165.30 ms
[TIMING] Leaf weights & density precomputation: 279.34 ms
[TIMING] Transfer structures to backend: 0.02 ms
[TIMING] Total fit: 444.65 ms
[TIMING] Test leaf ID extraction: 44.30 ms
[TIMING] Proximity matrix accumulation: 210.88 ms
[TIMING] Neighbor sorting & quantiles: 4.14 ms
[TIMING] Total compute_uq: 259.55 ms
[DEBUG DENSITY] mean walked density = 62.6509, min = 58.7612, max = 70.1851
    [TIMING] UQ Calculation (Proximity_Method_C): 0.7057 s
[TIMING] Random Forest fit/check: 0.00 ms
[TIMING] OOB/In-bag index reconstruction: 166.83 ms
[TIMING] Leaf weights & density precomputation: 282.74 ms
[TIMING] Transfer structures to backend: 0.02 ms
[TIMING] Total fit: 449.59 ms
[TIMING] Test leaf ID extraction: 44.16 ms
[TIMING] Proximity matrix accumulation: 206.23 ms
[TIMING] Neighbor sorting & quantiles: 4.90 ms
[TIMING] Total compute_uq: 255.54 ms
[DEBUG DENSITY] mean walked density = 62.6509, min = 58.7612, max = 70.1851
    [TIMING] UQ Calculation (Proximity_Method_B_C): 0.7065 s
    [TIMING] Metrics Calculation: 0.0626 s
    [TIMING] Total Single Evaluation: 3.5819 s

  >>> Starting: Function=poly, Seed=0
    [TIMING] Data Generation: 0.0003 s
    [TIMING] Random Forest Fitting: 0.3628 s
    [TIMING] RF Predicting: 0.0432 s
    [TIMING] Base Aleatoric: 0.0484 s
[TIMING] Random Forest fit/check: 0.00 ms
[TIMING] OOB/In-bag index reconstruction: 166.76 ms
[TIMING] Leaf weights & density precomputation: 49.46 ms
[TIMING] Transfer structures to backend: 0.02 ms
[TIMING] Total fit: 216.24 ms
[TIMING] Test leaf ID extraction: 44.17 ms
[TIMING] Proximity matrix accumulation: 36.33 ms
[TIMING] Neighbor sorting & quantiles: 4.21 ms
[TIMING] Total compute_uq: 84.92 ms
    [TIMING] UQ Calculation (Proximity_Baseline): 0.3013 s
[TIMING] Random Forest fit/check: 0.00 ms
[TIMING] OOB/In-bag index reconstruction: 166.54 ms
[TIMING] Leaf weights & density precomputation: 287.41 ms
[TIMING] Transfer structures to backend: 0.02 ms
[TIMING] Total fit: 453.97 ms
[TIMING] Test leaf ID extraction: 44.29 ms
[TIMING] Proximity matrix accumulation: 153.05 ms
[TIMING] Neighbor sorting & quantiles: 4.10 ms
[TIMING] Total compute_uq: 201.64 ms
    [TIMING] UQ Calculation (Proximity_Method_A): 0.6559 s
[TIMING] Random Forest fit/check: 0.00 ms
[TIMING] OOB/In-bag index reconstruction: 166.39 ms
[TIMING] Leaf weights & density precomputation: 282.68 ms
[TIMING] Transfer structures to backend: 0.02 ms
[TIMING] Total fit: 449.09 ms
[TIMING] Test leaf ID extraction: 33.60 ms
[TIMING] Proximity matrix accumulation: 150.30 ms
[TIMING] Neighbor sorting & quantiles: 4.86 ms
[TIMING] Total compute_uq: 188.98 ms
    [TIMING] UQ Calculation (Proximity_Method_B): 0.6391 s
[TIMING] Random Forest fit/check: 0.00 ms
[TIMING] OOB/In-bag index reconstruction: 154.79 ms
[TIMING] Leaf weights & density precomputation: 286.02 ms
[TIMING] Transfer structures to backend: 0.04 ms
[TIMING] Total fit: 440.85 ms
[TIMING] Test leaf ID extraction: 45.08 ms
[TIMING] Proximity matrix accumulation: 208.23 ms
[TIMING] Neighbor sorting & quantiles: 4.11 ms
[TIMING] Total compute_uq: 257.69 ms
[DEBUG DENSITY] mean walked density = 63.5366, min = 57.1914, max = 70.1784
    [TIMING] UQ Calculation (Proximity_Method_C): 0.7002 s
[TIMING] Random Forest fit/check: 0.00 ms
[TIMING] OOB/In-bag index reconstruction: 164.97 ms
[TIMING] Leaf weights & density precomputation: 281.87 ms
[TIMING] Transfer structures to backend: 0.02 ms
[TIMING] Total fit: 446.86 ms
[TIMING] Test leaf ID extraction: 33.81 ms
[TIMING] Proximity matrix accumulation: 204.39 ms
[TIMING] Neighbor sorting & quantiles: 4.91 ms
[TIMING] Total compute_uq: 243.32 ms
[DEBUG DENSITY] mean walked density = 63.5366, min = 57.1914, max = 70.1784
    [TIMING] UQ Calculation (Proximity_Method_B_C): 0.6915 s
    [TIMING] Metrics Calculation: 0.0642 s
    [TIMING] Total Single Evaluation: 3.5073 s

  >>> Starting: Function=damped_osc, Seed=0
    [TIMING] Data Generation: 0.0004 s
    [TIMING] Random Forest Fitting: 0.3673 s
    [TIMING] RF Predicting: 0.0425 s
    [TIMING] Base Aleatoric: 0.0491 s
[TIMING] Random Forest fit/check: 0.00 ms
[TIMING] OOB/In-bag index reconstruction: 167.15 ms
[TIMING] Leaf weights & density precomputation: 51.04 ms
[TIMING] Transfer structures to backend: 0.02 ms
[TIMING] Total fit: 218.21 ms
[TIMING] Test leaf ID extraction: 44.58 ms
[TIMING] Proximity matrix accumulation: 49.78 ms
[TIMING] Neighbor sorting & quantiles: 4.23 ms
[TIMING] Total compute_uq: 98.82 ms
    [TIMING] UQ Calculation (Proximity_Baseline): 0.3172 s
[TIMING] Random Forest fit/check: 0.00 ms
[TIMING] OOB/In-bag index reconstruction: 218.67 ms
[TIMING] Leaf weights & density precomputation: 284.75 ms
[TIMING] Transfer structures to backend: 0.02 ms
[TIMING] Total fit: 503.44 ms
[TIMING] Test leaf ID extraction: 33.57 ms
[TIMING] Proximity matrix accumulation: 155.08 ms
[TIMING] Neighbor sorting & quantiles: 4.09 ms
[TIMING] Total compute_uq: 192.97 ms
    [TIMING] UQ Calculation (Proximity_Method_A): 0.6967 s
[TIMING] Random Forest fit/check: 0.00 ms
[TIMING] OOB/In-bag index reconstruction: 166.05 ms
[TIMING] Leaf weights & density precomputation: 288.25 ms
[TIMING] Transfer structures to backend: 0.02 ms
[TIMING] Total fit: 454.32 ms
[TIMING] Test leaf ID extraction: 34.61 ms
[TIMING] Proximity matrix accumulation: 171.40 ms
[TIMING] Neighbor sorting & quantiles: 4.97 ms
[TIMING] Total compute_uq: 211.22 ms
    [TIMING] UQ Calculation (Proximity_Method_B): 0.6666 s
[TIMING] Random Forest fit/check: 0.00 ms
[TIMING] OOB/In-bag index reconstruction: 167.58 ms
[TIMING] Leaf weights & density precomputation: 282.84 ms
[TIMING] Transfer structures to backend: 0.02 ms
[TIMING] Total fit: 450.44 ms
[TIMING] Test leaf ID extraction: 44.81 ms
[TIMING] Proximity matrix accumulation: 205.65 ms
[TIMING] Neighbor sorting & quantiles: 4.11 ms
[TIMING] Total compute_uq: 254.79 ms
[DEBUG DENSITY] mean walked density = 63.4110, min = 58.5048, max = 70.9111
    [TIMING] UQ Calculation (Proximity_Method_C): 0.7067 s
[TIMING] Random Forest fit/check: 0.00 ms
[TIMING] OOB/In-bag index reconstruction: 165.47 ms
[TIMING] Leaf weights & density precomputation: 282.48 ms
[TIMING] Transfer structures to backend: 0.02 ms
[TIMING] Total fit: 447.97 ms
[TIMING] Test leaf ID extraction: 44.21 ms
[TIMING] Proximity matrix accumulation: 207.83 ms
[TIMING] Neighbor sorting & quantiles: 5.06 ms
[TIMING] Total compute_uq: 257.35 ms
[DEBUG DENSITY] mean walked density = 63.4110, min = 58.5048, max = 70.9111
    [TIMING] UQ Calculation (Proximity_Method_B_C): 0.7065 s
    [TIMING] Metrics Calculation: 0.0647 s
    [TIMING] Total Single Evaluation: 3.6179 s

  >>> Starting: Function=log_mod, Seed=0
    [TIMING] Data Generation: 0.0003 s
    [TIMING] Random Forest Fitting: 0.3752 s
    [TIMING] RF Predicting: 0.0433 s
    [TIMING] Base Aleatoric: 0.0488 s
[TIMING] Random Forest fit/check: 0.00 ms
[TIMING] OOB/In-bag index reconstruction: 167.75 ms
[TIMING] Leaf weights & density precomputation: 49.36 ms
[TIMING] Transfer structures to backend: 0.01 ms
[TIMING] Total fit: 217.13 ms
[TIMING] Test leaf ID extraction: 34.02 ms
[TIMING] Proximity matrix accumulation: 36.63 ms
[TIMING] Neighbor sorting & quantiles: 4.19 ms
[TIMING] Total compute_uq: 75.04 ms
    [TIMING] UQ Calculation (Proximity_Baseline): 0.2923 s
[TIMING] Random Forest fit/check: 0.00 ms
[TIMING] OOB/In-bag index reconstruction: 166.65 ms
[TIMING] Leaf weights & density precomputation: 283.44 ms
[TIMING] Transfer structures to backend: 0.02 ms
[TIMING] Total fit: 450.11 ms
[TIMING] Test leaf ID extraction: 34.72 ms
[TIMING] Proximity matrix accumulation: 152.49 ms
[TIMING] Neighbor sorting & quantiles: 4.09 ms
[TIMING] Total compute_uq: 191.50 ms
    [TIMING] UQ Calculation (Proximity_Method_A): 0.6419 s
[TIMING] Random Forest fit/check: 0.00 ms
[TIMING] OOB/In-bag index reconstruction: 165.69 ms
[TIMING] Leaf weights & density precomputation: 281.52 ms
[TIMING] Transfer structures to backend: 0.02 ms
[TIMING] Total fit: 447.23 ms
[TIMING] Test leaf ID extraction: 44.99 ms
[TIMING] Proximity matrix accumulation: 149.56 ms
[TIMING] Neighbor sorting & quantiles: 4.78 ms
[TIMING] Total compute_uq: 199.52 ms
    [TIMING] UQ Calculation (Proximity_Method_B): 0.6478 s
[TIMING] Random Forest fit/check: 0.00 ms
[TIMING] OOB/In-bag index reconstruction: 156.10 ms
[TIMING] Leaf weights & density precomputation: 281.24 ms
[TIMING] Transfer structures to backend: 0.02 ms
[TIMING] Total fit: 437.35 ms
[TIMING] Test leaf ID extraction: 34.75 ms
[TIMING] Proximity matrix accumulation: 204.55 ms
[TIMING] Neighbor sorting & quantiles: 4.11 ms
[TIMING] Total compute_uq: 243.62 ms
[DEBUG DENSITY] mean walked density = 63.3792, min = 57.6548, max = 70.3985
    [TIMING] UQ Calculation (Proximity_Method_C): 0.6823 s
[TIMING] Random Forest fit/check: 0.00 ms
[TIMING] OOB/In-bag index reconstruction: 169.38 ms
[TIMING] Leaf weights & density precomputation: 289.38 ms
[TIMING] Transfer structures to backend: 0.03 ms
[TIMING] Total fit: 458.78 ms
[TIMING] Test leaf ID extraction: 44.07 ms
[TIMING] Proximity matrix accumulation: 208.34 ms
[TIMING] Neighbor sorting & quantiles: 5.06 ms
[TIMING] Total compute_uq: 257.72 ms
[DEBUG DENSITY] mean walked density = 63.3792, min = 57.6548, max = 70.3985
    [TIMING] UQ Calculation (Proximity_Method_B_C): 0.7181 s
    [TIMING] Metrics Calculation: 0.0666 s
    [TIMING] Total Single Evaluation: 3.5172 s

  >>> Starting: Function=sin_cos, Seed=0
    [TIMING] Data Generation: 0.0012 s
    [TIMING] Random Forest Fitting: 0.4027 s
    [TIMING] RF Predicting: 0.0436 s
    [TIMING] Base Aleatoric: 0.0535 s
[TIMING] Random Forest fit/check: 0.00 ms
[TIMING] OOB/In-bag index reconstruction: 196.43 ms
[TIMING] Leaf weights & density precomputation: 61.95 ms
[TIMING] Transfer structures to backend: 0.02 ms
[TIMING] Total fit: 258.40 ms
[TIMING] Test leaf ID extraction: 50.07 ms
[TIMING] Proximity matrix accumulation: 148.98 ms
[TIMING] Neighbor sorting & quantiles: 17.15 ms
[TIMING] Total compute_uq: 216.37 ms
    [TIMING] UQ Calculation (Proximity_Baseline): 0.4750 s
[TIMING] Random Forest fit/check: 0.00 ms
[TIMING] OOB/In-bag index reconstruction: 199.05 ms
[TIMING] Leaf weights & density precomputation: 331.16 ms
[TIMING] Transfer structures to backend: 0.02 ms
[TIMING] Total fit: 530.23 ms
[TIMING] Test leaf ID extraction: 45.54 ms
[TIMING] Proximity matrix accumulation: 431.35 ms
[TIMING] Neighbor sorting & quantiles: 16.35 ms
[TIMING] Total compute_uq: 494.58 ms
    [TIMING] UQ Calculation (Proximity_Method_A): 1.0251 s
[TIMING] Random Forest fit/check: 0.00 ms
[TIMING] OOB/In-bag index reconstruction: 184.69 ms
[TIMING] Leaf weights & density precomputation: 333.62 ms
[TIMING] Transfer structures to backend: 0.02 ms
[TIMING] Total fit: 518.32 ms
[TIMING] Test leaf ID extraction: 46.18 ms
[TIMING] Proximity matrix accumulation: 434.56 ms
[TIMING] Neighbor sorting & quantiles: 8.66 ms
[TIMING] Total compute_uq: 489.64 ms
    [TIMING] UQ Calculation (Proximity_Method_B): 1.0089 s
[TIMING] Random Forest fit/check: 0.00 ms
[TIMING] OOB/In-bag index reconstruction: 187.07 ms
[TIMING] Leaf weights & density precomputation: 328.29 ms
[TIMING] Transfer structures to backend: 0.02 ms
[TIMING] Total fit: 515.38 ms
[TIMING] Test leaf ID extraction: 46.02 ms
[TIMING] Proximity matrix accumulation: 540.28 ms
[TIMING] Neighbor sorting & quantiles: 15.98 ms
[TIMING] Total compute_uq: 602.73 ms
[DEBUG DENSITY] mean walked density = 63.8676, min = 47.6718, max = 76.4981
    [TIMING] UQ Calculation (Proximity_Method_C): 1.1195 s
[TIMING] Random Forest fit/check: 0.00 ms
[TIMING] OOB/In-bag index reconstruction: 185.55 ms
[TIMING] Leaf weights & density precomputation: 375.57 ms
[TIMING] Transfer structures to backend: 0.02 ms
[TIMING] Total fit: 561.14 ms
[TIMING] Test leaf ID extraction: 57.25 ms
[TIMING] Proximity matrix accumulation: 544.70 ms
[TIMING] Neighbor sorting & quantiles: 8.75 ms
[TIMING] Total compute_uq: 611.02 ms
[DEBUG DENSITY] mean walked density = 63.8676, min = 47.6718, max = 76.4981
    [TIMING] UQ Calculation (Proximity_Method_B_C): 1.1737 s
    [TIMING] Metrics Calculation: 0.0739 s
    [TIMING] Total Single Evaluation: 5.3775 s

  >>> Starting: Function=quadratic, Seed=0
    [TIMING] Data Generation: 0.0009 s
    [TIMING] Random Forest Fitting: 0.4135 s
    [TIMING] RF Predicting: 0.0433 s
    [TIMING] Base Aleatoric: 0.0876 s
[TIMING] Random Forest fit/check: 0.00 ms
[TIMING] OOB/In-bag index reconstruction: 196.28 ms
[TIMING] Leaf weights & density precomputation: 58.44 ms
[TIMING] Transfer structures to backend: 0.02 ms
[TIMING] Total fit: 254.73 ms
[TIMING] Test leaf ID extraction: 45.15 ms
[TIMING] Proximity matrix accumulation: 148.38 ms
[TIMING] Neighbor sorting & quantiles: 16.39 ms
[TIMING] Total compute_uq: 210.15 ms
    [TIMING] UQ Calculation (Proximity_Baseline): 0.4651 s
[TIMING] Random Forest fit/check: 0.00 ms
[TIMING] OOB/In-bag index reconstruction: 187.46 ms
[TIMING] Leaf weights & density precomputation: 326.20 ms
[TIMING] Transfer structures to backend: 0.02 ms
[TIMING] Total fit: 513.67 ms
[TIMING] Test leaf ID extraction: 44.66 ms
[TIMING] Proximity matrix accumulation: 431.51 ms
[TIMING] Neighbor sorting & quantiles: 16.02 ms
[TIMING] Total compute_uq: 492.46 ms
    [TIMING] UQ Calculation (Proximity_Method_A): 1.0065 s
[TIMING] Random Forest fit/check: 0.00 ms
[TIMING] OOB/In-bag index reconstruction: 186.40 ms
[TIMING] Leaf weights & density precomputation: 324.91 ms
[TIMING] Transfer structures to backend: 0.02 ms
[TIMING] Total fit: 511.32 ms
[TIMING] Test leaf ID extraction: 44.92 ms
[TIMING] Proximity matrix accumulation: 434.54 ms
[TIMING] Neighbor sorting & quantiles: 8.58 ms
[TIMING] Total compute_uq: 488.29 ms
    [TIMING] UQ Calculation (Proximity_Method_B): 1.0006 s
[TIMING] Random Forest fit/check: 0.00 ms
[TIMING] OOB/In-bag index reconstruction: 176.63 ms
[TIMING] Leaf weights & density precomputation: 333.19 ms
[TIMING] Transfer structures to backend: 0.04 ms
[TIMING] Total fit: 509.86 ms
[TIMING] Test leaf ID extraction: 36.62 ms
[TIMING] Proximity matrix accumulation: 540.11 ms
[TIMING] Neighbor sorting & quantiles: 15.97 ms
[TIMING] Total compute_uq: 592.95 ms
[DEBUG DENSITY] mean walked density = 65.1730, min = 55.8281, max = 72.0253
    [TIMING] UQ Calculation (Proximity_Method_C): 1.1045 s
[TIMING] Random Forest fit/check: 0.00 ms
[TIMING] OOB/In-bag index reconstruction: 176.46 ms
[TIMING] Leaf weights & density precomputation: 327.99 ms
[TIMING] Transfer structures to backend: 0.02 ms
[TIMING] Total fit: 504.47 ms
[TIMING] Test leaf ID extraction: 35.98 ms
[TIMING] Proximity matrix accumulation: 543.75 ms
[TIMING] Neighbor sorting & quantiles: 8.62 ms
[TIMING] Total compute_uq: 588.60 ms
[DEBUG DENSITY] mean walked density = 65.1730, min = 55.8281, max = 72.0253
    [TIMING] UQ Calculation (Proximity_Method_B_C): 1.0945 s
    [TIMING] Metrics Calculation: 0.0954 s
    [TIMING] Total Single Evaluation: 5.3120 s

  >>> Starting: Function=sin_sum_mod, Seed=0
    [TIMING] Data Generation: 0.0011 s
    [TIMING] Random Forest Fitting: 0.4340 s
    [TIMING] RF Predicting: 0.0423 s
    [TIMING] Base Aleatoric: 0.0525 s
[TIMING] Random Forest fit/check: 0.00 ms
[TIMING] OOB/In-bag index reconstruction: 214.56 ms
[TIMING] Leaf weights & density precomputation: 61.82 ms
[TIMING] Transfer structures to backend: 0.02 ms
[TIMING] Total fit: 276.40 ms
[TIMING] Test leaf ID extraction: 45.77 ms
[TIMING] Proximity matrix accumulation: 148.42 ms
[TIMING] Neighbor sorting & quantiles: 16.48 ms
[TIMING] Total compute_uq: 210.93 ms
    [TIMING] UQ Calculation (Proximity_Baseline): 0.4875 s
[TIMING] Random Forest fit/check: 0.00 ms
[TIMING] OOB/In-bag index reconstruction: 192.22 ms
[TIMING] Leaf weights & density precomputation: 352.61 ms
[TIMING] Transfer structures to backend: 0.02 ms
[TIMING] Total fit: 544.84 ms
[TIMING] Test leaf ID extraction: 46.12 ms
[TIMING] Proximity matrix accumulation: 431.66 ms
[TIMING] Neighbor sorting & quantiles: 16.02 ms
[TIMING] Total compute_uq: 494.04 ms
    [TIMING] UQ Calculation (Proximity_Method_A): 1.0393 s
[TIMING] Random Forest fit/check: 0.00 ms
[TIMING] OOB/In-bag index reconstruction: 187.49 ms
[TIMING] Leaf weights & density precomputation: 337.74 ms
[TIMING] Transfer structures to backend: 0.02 ms
[TIMING] Total fit: 525.25 ms
[TIMING] Test leaf ID extraction: 45.92 ms
[TIMING] Proximity matrix accumulation: 435.12 ms
[TIMING] Neighbor sorting & quantiles: 8.33 ms
[TIMING] Total compute_uq: 489.61 ms
    [TIMING] UQ Calculation (Proximity_Method_B): 1.0158 s
[TIMING] Random Forest fit/check: 0.00 ms
[TIMING] OOB/In-bag index reconstruction: 188.53 ms
[TIMING] Leaf weights & density precomputation: 340.09 ms
[TIMING] Transfer structures to backend: 0.02 ms
[TIMING] Total fit: 528.64 ms
[TIMING] Test leaf ID extraction: 45.72 ms
[TIMING] Proximity matrix accumulation: 539.80 ms
[TIMING] Neighbor sorting & quantiles: 15.98 ms
[TIMING] Total compute_uq: 601.73 ms
[DEBUG DENSITY] mean walked density = 64.2262, min = 50.3135, max = 77.1655
    [TIMING] UQ Calculation (Proximity_Method_C): 1.1319 s
[TIMING] Random Forest fit/check: 0.00 ms
[TIMING] OOB/In-bag index reconstruction: 187.82 ms
[TIMING] Leaf weights & density precomputation: 336.05 ms
[TIMING] Transfer structures to backend: 0.03 ms
[TIMING] Total fit: 523.90 ms
[TIMING] Test leaf ID extraction: 45.78 ms
[TIMING] Proximity matrix accumulation: 544.40 ms
[TIMING] Neighbor sorting & quantiles: 8.44 ms
[TIMING] Total compute_uq: 599.10 ms
[DEBUG DENSITY] mean walked density = 64.2262, min = 50.3135, max = 77.1655
    [TIMING] UQ Calculation (Proximity_Method_B_C): 1.1244 s
    [TIMING] Metrics Calculation: 0.0821 s
    [TIMING] Total Single Evaluation: 5.4112 s

  >>> Starting: Function=gaussian, Seed=0
    [TIMING] Data Generation: 0.0010 s
    [TIMING] Random Forest Fitting: 0.4347 s
    [TIMING] RF Predicting: 0.0427 s
    [TIMING] Base Aleatoric: 0.0542 s
[TIMING] Random Forest fit/check: 0.00 ms
[TIMING] OOB/In-bag index reconstruction: 188.71 ms
[TIMING] Leaf weights & density precomputation: 58.59 ms
[TIMING] Transfer structures to backend: 0.02 ms
[TIMING] Total fit: 247.31 ms
[TIMING] Test leaf ID extraction: 44.52 ms
[TIMING] Proximity matrix accumulation: 148.56 ms
[TIMING] Neighbor sorting & quantiles: 16.57 ms
[TIMING] Total compute_uq: 209.90 ms
    [TIMING] UQ Calculation (Proximity_Baseline): 0.4574 s
[TIMING] Random Forest fit/check: 0.00 ms
[TIMING] OOB/In-bag index reconstruction: 186.72 ms
[TIMING] Leaf weights & density precomputation: 325.31 ms
[TIMING] Transfer structures to backend: 0.02 ms
[TIMING] Total fit: 512.05 ms
[TIMING] Test leaf ID extraction: 44.72 ms
[TIMING] Proximity matrix accumulation: 431.88 ms
[TIMING] Neighbor sorting & quantiles: 16.16 ms
[TIMING] Total compute_uq: 493.00 ms
    [TIMING] UQ Calculation (Proximity_Method_A): 1.0054 s
[TIMING] Random Forest fit/check: 0.00 ms
[TIMING] OOB/In-bag index reconstruction: 187.37 ms
[TIMING] Leaf weights & density precomputation: 320.75 ms
[TIMING] Transfer structures to backend: 0.02 ms
[TIMING] Total fit: 508.14 ms
[TIMING] Test leaf ID extraction: 35.54 ms
[TIMING] Proximity matrix accumulation: 436.25 ms
[TIMING] Neighbor sorting & quantiles: 8.28 ms
[TIMING] Total compute_uq: 480.31 ms
    [TIMING] UQ Calculation (Proximity_Method_B): 0.9895 s
[TIMING] Random Forest fit/check: 0.00 ms
[TIMING] OOB/In-bag index reconstruction: 186.73 ms
[TIMING] Leaf weights & density precomputation: 324.39 ms
[TIMING] Transfer structures to backend: 0.02 ms
[TIMING] Total fit: 511.14 ms
[TIMING] Test leaf ID extraction: 44.60 ms
[TIMING] Proximity matrix accumulation: 540.31 ms
[TIMING] Neighbor sorting & quantiles: 15.94 ms
[TIMING] Total compute_uq: 601.12 ms
[DEBUG DENSITY] mean walked density = 65.6806, min = 59.7356, max = 73.6991
    [TIMING] UQ Calculation (Proximity_Method_C): 1.1135 s
[TIMING] Random Forest fit/check: 0.00 ms
[TIMING] OOB/In-bag index reconstruction: 186.17 ms
[TIMING] Leaf weights & density precomputation: 339.22 ms
[TIMING] Transfer structures to backend: 0.04 ms
[TIMING] Total fit: 525.43 ms
[TIMING] Test leaf ID extraction: 45.40 ms
[TIMING] Proximity matrix accumulation: 545.66 ms
[TIMING] Neighbor sorting & quantiles: 8.56 ms
[TIMING] Total compute_uq: 599.83 ms
[DEBUG DENSITY] mean walked density = 65.6806, min = 59.7356, max = 73.6991
    [TIMING] UQ Calculation (Proximity_Method_B_C): 1.1269 s
    [TIMING] Metrics Calculation: 0.0770 s
    [TIMING] Total Single Evaluation: 5.3025 s

  >>> Starting: Function=abs_sin, Seed=0
    [TIMING] Data Generation: 0.0012 s
    [TIMING] Random Forest Fitting: 0.4065 s
    [TIMING] RF Predicting: 0.0433 s
    [TIMING] Base Aleatoric: 0.0523 s
[TIMING] Random Forest fit/check: 0.00 ms
[TIMING] OOB/In-bag index reconstruction: 186.17 ms
[TIMING] Leaf weights & density precomputation: 70.51 ms
[TIMING] Transfer structures to backend: 0.02 ms
[TIMING] Total fit: 256.70 ms
[TIMING] Test leaf ID extraction: 45.30 ms
[TIMING] Proximity matrix accumulation: 148.50 ms
[TIMING] Neighbor sorting & quantiles: 16.60 ms
[TIMING] Total compute_uq: 210.65 ms
    [TIMING] UQ Calculation (Proximity_Baseline): 0.4675 s
[TIMING] Random Forest fit/check: 0.00 ms
[TIMING] OOB/In-bag index reconstruction: 185.33 ms
[TIMING] Leaf weights & density precomputation: 321.43 ms
[TIMING] Transfer structures to backend: 0.02 ms
[TIMING] Total fit: 506.77 ms
[TIMING] Test leaf ID extraction: 44.76 ms
[TIMING] Proximity matrix accumulation: 431.84 ms
[TIMING] Neighbor sorting & quantiles: 16.01 ms
[TIMING] Total compute_uq: 492.86 ms
    [TIMING] UQ Calculation (Proximity_Method_A): 1.0000 s
[TIMING] Random Forest fit/check: 0.00 ms
[TIMING] OOB/In-bag index reconstruction: 187.06 ms
[TIMING] Leaf weights & density precomputation: 326.01 ms
[TIMING] Transfer structures to backend: 0.02 ms
[TIMING] Total fit: 513.08 ms
[TIMING] Test leaf ID extraction: 34.43 ms
[TIMING] Proximity matrix accumulation: 434.84 ms
[TIMING] Neighbor sorting & quantiles: 8.44 ms
[TIMING] Total compute_uq: 477.96 ms
    [TIMING] UQ Calculation (Proximity_Method_B): 0.9920 s
[TIMING] Random Forest fit/check: 0.00 ms
[TIMING] OOB/In-bag index reconstruction: 185.66 ms
[TIMING] Leaf weights & density precomputation: 330.53 ms
[TIMING] Transfer structures to backend: 0.02 ms
[TIMING] Total fit: 516.21 ms
[TIMING] Test leaf ID extraction: 45.42 ms
[TIMING] Proximity matrix accumulation: 540.40 ms
[TIMING] Neighbor sorting & quantiles: 15.97 ms
[TIMING] Total compute_uq: 602.05 ms
[DEBUG DENSITY] mean walked density = 61.9576, min = 47.4257, max = 77.9735
    [TIMING] UQ Calculation (Proximity_Method_C): 1.1196 s
[TIMING] Random Forest fit/check: 0.00 ms
[TIMING] OOB/In-bag index reconstruction: 187.04 ms
[TIMING] Leaf weights & density precomputation: 324.25 ms
[TIMING] Transfer structures to backend: 0.02 ms
[TIMING] Total fit: 511.32 ms
[TIMING] Test leaf ID extraction: 44.84 ms
[TIMING] Proximity matrix accumulation: 543.78 ms
[TIMING] Neighbor sorting & quantiles: 8.33 ms
[TIMING] Total compute_uq: 597.19 ms
[DEBUG DENSITY] mean walked density = 61.9576, min = 47.4257, max = 77.9735
    [TIMING] UQ Calculation (Proximity_Method_B_C): 1.1097 s
    [TIMING] Metrics Calculation: 0.0694 s
    [TIMING] Total Single Evaluation: 5.2619 s

  >>> Starting: Function=sin_cos_sin, Seed=0
    [TIMING] Data Generation: 0.0023 s
    [TIMING] Random Forest Fitting: 0.5089 s
    [TIMING] RF Predicting: 0.0433 s
    [TIMING] Base Aleatoric: 0.0558 s
[TIMING] Random Forest fit/check: 0.00 ms
[TIMING] OOB/In-bag index reconstruction: 186.74 ms
[TIMING] Leaf weights & density precomputation: 59.51 ms
[TIMING] Transfer structures to backend: 0.02 ms
[TIMING] Total fit: 246.27 ms
[TIMING] Test leaf ID extraction: 46.67 ms
[TIMING] Proximity matrix accumulation: 233.06 ms
[TIMING] Neighbor sorting & quantiles: 23.44 ms
[TIMING] Total compute_uq: 303.41 ms
    [TIMING] UQ Calculation (Proximity_Baseline): 0.5498 s
[TIMING] Random Forest fit/check: 0.00 ms
[TIMING] OOB/In-bag index reconstruction: 187.43 ms
[TIMING] Leaf weights & density precomputation: 413.10 ms
[TIMING] Transfer structures to backend: 0.01 ms
[TIMING] Total fit: 600.55 ms
[TIMING] Test leaf ID extraction: 143.46 ms
[TIMING] Proximity matrix accumulation: 815.20 ms
[TIMING] Neighbor sorting & quantiles: 35.45 ms
[TIMING] Total compute_uq: 994.43 ms
    [TIMING] UQ Calculation (Proximity_Method_A): 1.5954 s
[TIMING] Random Forest fit/check: 0.01 ms
[TIMING] OOB/In-bag index reconstruction: 404.91 ms
[TIMING] Leaf weights & density precomputation: 734.96 ms
[TIMING] Transfer structures to backend: 0.02 ms
[TIMING] Total fit: 1139.89 ms
[TIMING] Test leaf ID extraction: 179.34 ms
[TIMING] Proximity matrix accumulation: 790.27 ms
[TIMING] Neighbor sorting & quantiles: 12.12 ms
[TIMING] Total compute_uq: 982.01 ms
    [TIMING] UQ Calculation (Proximity_Method_B): 2.1235 s
[TIMING] Random Forest fit/check: 0.00 ms
[TIMING] OOB/In-bag index reconstruction: 603.08 ms
[TIMING] Leaf weights & density precomputation: 896.95 ms
[TIMING] Transfer structures to backend: 0.02 ms
[TIMING] Total fit: 1500.04 ms
[TIMING] Test leaf ID extraction: 162.72 ms
[TIMING] Proximity matrix accumulation: 1418.70 ms
[TIMING] Neighbor sorting & quantiles: 54.68 ms
[TIMING] Total compute_uq: 1636.42 ms
[DEBUG DENSITY] mean walked density = 62.1735, min = 49.7603, max = 72.8537
    [TIMING] UQ Calculation (Proximity_Method_C): 3.1382 s
[TIMING] Random Forest fit/check: 0.00 ms
[TIMING] OOB/In-bag index reconstruction: 785.04 ms
[TIMING] Leaf weights & density precomputation: 620.21 ms
[TIMING] Transfer structures to backend: 0.02 ms
[TIMING] Total fit: 1405.27 ms
[TIMING] Test leaf ID extraction: 149.46 ms
[TIMING] Proximity matrix accumulation: 1055.75 ms
[TIMING] Neighbor sorting & quantiles: 30.08 ms
[TIMING] Total compute_uq: 1235.61 ms
[DEBUG DENSITY] mean walked density = 62.1735, min = 49.7603, max = 72.8537
    [TIMING] UQ Calculation (Proximity_Method_B_C): 2.6425 s
    [TIMING] Metrics Calculation: 1.0969 s
    [TIMING] Total Single Evaluation: 11.7570 s

  >>> Starting: Function=quadratic_3d, Seed=0
    [TIMING] Data Generation: 0.0026 s
    [TIMING] Random Forest Fitting: 1.5253 s
    [TIMING] RF Predicting: 0.1782 s
    [TIMING] Base Aleatoric: 0.1787 s
[TIMING] Random Forest fit/check: 0.00 ms
[TIMING] OOB/In-bag index reconstruction: 425.77 ms
[TIMING] Leaf weights & density precomputation: 117.74 ms
[TIMING] Transfer structures to backend: 0.02 ms
[TIMING] Total fit: 543.54 ms
[TIMING] Test leaf ID extraction: 163.40 ms
[TIMING] Proximity matrix accumulation: 257.59 ms
[TIMING] Neighbor sorting & quantiles: 23.06 ms
[TIMING] Total compute_uq: 444.53 ms
    [TIMING] UQ Calculation (Proximity_Baseline): 0.9883 s
[TIMING] Random Forest fit/check: 0.00 ms
[TIMING] OOB/In-bag index reconstruction: 434.33 ms
[TIMING] Leaf weights & density precomputation: 1207.01 ms
[TIMING] Transfer structures to backend: 0.03 ms
[TIMING] Total fit: 1641.37 ms
[TIMING] Test leaf ID extraction: 147.73 ms
[TIMING] Proximity matrix accumulation: 977.18 ms
[TIMING] Neighbor sorting & quantiles: 50.89 ms
[TIMING] Total compute_uq: 1176.16 ms
    [TIMING] UQ Calculation (Proximity_Method_A): 2.8183 s
[TIMING] Random Forest fit/check: 0.00 ms
[TIMING] OOB/In-bag index reconstruction: 347.67 ms
[TIMING] Leaf weights & density precomputation: 344.07 ms
[TIMING] Transfer structures to backend: 0.02 ms
[TIMING] Total fit: 691.77 ms
[TIMING] Test leaf ID extraction: 55.44 ms
[TIMING] Proximity matrix accumulation: 705.44 ms
[TIMING] Neighbor sorting & quantiles: 10.15 ms
[TIMING] Total compute_uq: 771.29 ms
    [TIMING] UQ Calculation (Proximity_Method_B): 1.4643 s
[TIMING] Random Forest fit/check: 0.00 ms
[TIMING] OOB/In-bag index reconstruction: 185.57 ms
[TIMING] Leaf weights & density precomputation: 336.97 ms
[TIMING] Transfer structures to backend: 0.03 ms
[TIMING] Total fit: 522.56 ms
[TIMING] Test leaf ID extraction: 44.77 ms
[TIMING] Proximity matrix accumulation: 874.76 ms
[TIMING] Neighbor sorting & quantiles: 22.40 ms
[TIMING] Total compute_uq: 942.19 ms
[DEBUG DENSITY] mean walked density = 63.9880, min = 57.3274, max = 70.4524
    [TIMING] UQ Calculation (Proximity_Method_C): 1.4661 s
[TIMING] Random Forest fit/check: 0.00 ms
[TIMING] OOB/In-bag index reconstruction: 280.83 ms
[TIMING] Leaf weights & density precomputation: 343.23 ms
[TIMING] Transfer structures to backend: 0.01 ms
[TIMING] Total fit: 624.08 ms
[TIMING] Test leaf ID extraction: 45.83 ms
[TIMING] Proximity matrix accumulation: 873.88 ms
[TIMING] Neighbor sorting & quantiles: 10.14 ms
[TIMING] Total compute_uq: 930.29 ms
[DEBUG DENSITY] mean walked density = 63.9880, min = 57.3274, max = 70.4524
    [TIMING] UQ Calculation (Proximity_Method_B_C): 1.5556 s
    [TIMING] Metrics Calculation: 0.1093 s
    [TIMING] Total Single Evaluation: 10.2871 s

  >>> Starting: Function=sin_sum_3d, Seed=0
    [TIMING] Data Generation: 0.0028 s
    [TIMING] Random Forest Fitting: 0.5803 s
    [TIMING] RF Predicting: 0.0540 s
    [TIMING] Base Aleatoric: 0.0690 s
[TIMING] Random Forest fit/check: 0.00 ms
[TIMING] OOB/In-bag index reconstruction: 290.30 ms
[TIMING] Leaf weights & density precomputation: 74.13 ms
[TIMING] Transfer structures to backend: 0.02 ms
[TIMING] Total fit: 364.45 ms
[TIMING] Test leaf ID extraction: 45.95 ms
[TIMING] Proximity matrix accumulation: 233.38 ms
[TIMING] Neighbor sorting & quantiles: 23.05 ms
[TIMING] Total compute_uq: 302.68 ms
    [TIMING] UQ Calculation (Proximity_Baseline): 0.6673 s
[TIMING] Random Forest fit/check: 0.00 ms
[TIMING] OOB/In-bag index reconstruction: 279.14 ms
[TIMING] Leaf weights & density precomputation: 351.06 ms
[TIMING] Transfer structures to backend: 0.02 ms
[TIMING] Total fit: 630.22 ms
[TIMING] Test leaf ID extraction: 57.85 ms
[TIMING] Proximity matrix accumulation: 705.45 ms
[TIMING] Neighbor sorting & quantiles: 22.40 ms
[TIMING] Total compute_uq: 785.96 ms
    [TIMING] UQ Calculation (Proximity_Method_A): 1.4166 s
[TIMING] Random Forest fit/check: 0.00 ms
[TIMING] OOB/In-bag index reconstruction: 208.94 ms
[TIMING] Leaf weights & density precomputation: 356.34 ms
[TIMING] Transfer structures to backend: 0.02 ms
[TIMING] Total fit: 565.30 ms
[TIMING] Test leaf ID extraction: 45.86 ms
[TIMING] Proximity matrix accumulation: 705.55 ms
[TIMING] Neighbor sorting & quantiles: 10.27 ms
[TIMING] Total compute_uq: 761.93 ms
    [TIMING] UQ Calculation (Proximity_Method_B): 1.3283 s
[TIMING] Random Forest fit/check: 0.00 ms
[TIMING] OOB/In-bag index reconstruction: 189.45 ms
[TIMING] Leaf weights & density precomputation: 344.70 ms
[TIMING] Transfer structures to backend: 0.01 ms
[TIMING] Total fit: 534.17 ms
[TIMING] Test leaf ID extraction: 45.19 ms
[TIMING] Proximity matrix accumulation: 875.42 ms
[TIMING] Neighbor sorting & quantiles: 22.42 ms
[TIMING] Total compute_uq: 943.32 ms
[DEBUG DENSITY] mean walked density = 63.8492, min = 54.8989, max = 70.3646
    [TIMING] UQ Calculation (Proximity_Method_C): 1.4788 s
[TIMING] Random Forest fit/check: 0.00 ms
[TIMING] OOB/In-bag index reconstruction: 186.68 ms
[TIMING] Leaf weights & density precomputation: 354.01 ms
[TIMING] Transfer structures to backend: 0.02 ms
[TIMING] Total fit: 540.70 ms
[TIMING] Test leaf ID extraction: 34.43 ms
[TIMING] Proximity matrix accumulation: 875.40 ms
[TIMING] Neighbor sorting & quantiles: 9.99 ms
[TIMING] Total compute_uq: 920.09 ms
[DEBUG DENSITY] mean walked density = 63.8492, min = 54.8989, max = 70.3646
    [TIMING] UQ Calculation (Proximity_Method_B_C): 1.4620 s
    [TIMING] Metrics Calculation: 0.0786 s
    [TIMING] Total Single Evaluation: 7.1381 s

  >>> Starting: Function=gaussian_3d, Seed=0
    [TIMING] Data Generation: 0.0021 s
    [TIMING] Random Forest Fitting: 0.5036 s
    [TIMING] RF Predicting: 0.0432 s
    [TIMING] Base Aleatoric: 0.0429 s
[TIMING] Random Forest fit/check: 0.00 ms
[TIMING] OOB/In-bag index reconstruction: 182.67 ms
[TIMING] Leaf weights & density precomputation: 61.66 ms
[TIMING] Transfer structures to backend: 0.02 ms
[TIMING] Total fit: 244.36 ms
[TIMING] Test leaf ID extraction: 45.07 ms
[TIMING] Proximity matrix accumulation: 233.63 ms
[TIMING] Neighbor sorting & quantiles: 23.02 ms
[TIMING] Total compute_uq: 302.01 ms
    [TIMING] UQ Calculation (Proximity_Baseline): 0.5465 s
[TIMING] Random Forest fit/check: 0.00 ms
[TIMING] OOB/In-bag index reconstruction: 214.08 ms
[TIMING] Leaf weights & density precomputation: 343.78 ms
[TIMING] Transfer structures to backend: 0.02 ms
[TIMING] Total fit: 557.87 ms
[TIMING] Test leaf ID extraction: 35.00 ms
[TIMING] Proximity matrix accumulation: 705.56 ms
[TIMING] Neighbor sorting & quantiles: 22.44 ms
[TIMING] Total compute_uq: 763.25 ms
    [TIMING] UQ Calculation (Proximity_Method_A): 1.3215 s
[TIMING] Random Forest fit/check: 0.00 ms
[TIMING] OOB/In-bag index reconstruction: 175.80 ms
[TIMING] Leaf weights & density precomputation: 352.80 ms
[TIMING] Transfer structures to backend: 0.02 ms
[TIMING] Total fit: 528.61 ms
[TIMING] Test leaf ID extraction: 34.53 ms
[TIMING] Proximity matrix accumulation: 706.64 ms
[TIMING] Neighbor sorting & quantiles: 10.08 ms
[TIMING] Total compute_uq: 751.50 ms
    [TIMING] UQ Calculation (Proximity_Method_B): 1.2809 s
[TIMING] Random Forest fit/check: 0.00 ms
[TIMING] OOB/In-bag index reconstruction: 176.37 ms
[TIMING] Leaf weights & density precomputation: 348.07 ms
[TIMING] Transfer structures to backend: 0.02 ms
[TIMING] Total fit: 524.46 ms
[TIMING] Test leaf ID extraction: 46.61 ms
[TIMING] Proximity matrix accumulation: 874.59 ms
[TIMING] Neighbor sorting & quantiles: 22.39 ms
[TIMING] Total compute_uq: 943.88 ms
[DEBUG DENSITY] mean walked density = 64.0482, min = 54.1240, max = 70.7415
    [TIMING] UQ Calculation (Proximity_Method_C): 1.4700 s
[TIMING] Random Forest fit/check: 0.00 ms
[TIMING] OOB/In-bag index reconstruction: 187.95 ms
[TIMING] Leaf weights & density precomputation: 340.72 ms
[TIMING] Transfer structures to backend: 0.01 ms
[TIMING] Total fit: 528.68 ms
[TIMING] Test leaf ID extraction: 45.62 ms
[TIMING] Proximity matrix accumulation: 874.61 ms
[TIMING] Neighbor sorting & quantiles: 9.83 ms
[TIMING] Total compute_uq: 930.32 ms
[DEBUG DENSITY] mean walked density = 64.0482, min = 54.1240, max = 70.7415
    [TIMING] UQ Calculation (Proximity_Method_B_C): 1.4603 s
    [TIMING] Metrics Calculation: 0.1006 s
    [TIMING] Total Single Evaluation: 6.7720 s

  >>> Starting: Function=sin_exp_cos, Seed=0
    [TIMING] Data Generation: 0.0021 s
    [TIMING] Random Forest Fitting: 0.4969 s
    [TIMING] RF Predicting: 0.0428 s
    [TIMING] Base Aleatoric: 0.0549 s
[TIMING] Random Forest fit/check: 0.00 ms
[TIMING] OOB/In-bag index reconstruction: 189.14 ms
[TIMING] Leaf weights & density precomputation: 60.64 ms
[TIMING] Transfer structures to backend: 0.02 ms
[TIMING] Total fit: 249.80 ms
[TIMING] Test leaf ID extraction: 46.06 ms
[TIMING] Proximity matrix accumulation: 233.06 ms
[TIMING] Neighbor sorting & quantiles: 23.01 ms
[TIMING] Total compute_uq: 302.38 ms
    [TIMING] UQ Calculation (Proximity_Baseline): 0.5523 s
[TIMING] Random Forest fit/check: 0.00 ms
[TIMING] OOB/In-bag index reconstruction: 188.48 ms
[TIMING] Leaf weights & density precomputation: 343.82 ms
[TIMING] Transfer structures to backend: 0.04 ms
[TIMING] Total fit: 532.33 ms
[TIMING] Test leaf ID extraction: 46.88 ms
[TIMING] Proximity matrix accumulation: 705.46 ms
[TIMING] Neighbor sorting & quantiles: 22.40 ms
[TIMING] Total compute_uq: 775.00 ms
    [TIMING] UQ Calculation (Proximity_Method_A): 1.3079 s
[TIMING] Random Forest fit/check: 0.00 ms
[TIMING] OOB/In-bag index reconstruction: 187.09 ms
[TIMING] Leaf weights & density precomputation: 337.93 ms
[TIMING] Transfer structures to backend: 0.02 ms
[TIMING] Total fit: 525.04 ms
[TIMING] Test leaf ID extraction: 46.09 ms
[TIMING] Proximity matrix accumulation: 705.03 ms
[TIMING] Neighbor sorting & quantiles: 10.06 ms
[TIMING] Total compute_uq: 761.41 ms
    [TIMING] UQ Calculation (Proximity_Method_B): 1.2875 s
[TIMING] Random Forest fit/check: 0.00 ms
[TIMING] OOB/In-bag index reconstruction: 187.33 ms
[TIMING] Leaf weights & density precomputation: 342.52 ms
[TIMING] Transfer structures to backend: 0.02 ms
[TIMING] Total fit: 529.87 ms
[TIMING] Test leaf ID extraction: 45.77 ms
[TIMING] Proximity matrix accumulation: 875.24 ms
[TIMING] Neighbor sorting & quantiles: 22.55 ms
[TIMING] Total compute_uq: 943.83 ms
[DEBUG DENSITY] mean walked density = 64.9158, min = 49.8334, max = 75.8639
    [TIMING] UQ Calculation (Proximity_Method_C): 1.4750 s
[TIMING] Random Forest fit/check: 0.00 ms
[TIMING] OOB/In-bag index reconstruction: 186.34 ms
[TIMING] Leaf weights & density precomputation: 348.30 ms
[TIMING] Transfer structures to backend: 0.02 ms
[TIMING] Total fit: 534.66 ms
[TIMING] Test leaf ID extraction: 44.73 ms
[TIMING] Proximity matrix accumulation: 874.60 ms
[TIMING] Neighbor sorting & quantiles: 10.48 ms
[TIMING] Total compute_uq: 930.29 ms
[DEBUG DENSITY] mean walked density = 64.9158, min = 49.8334, max = 75.8639
    [TIMING] UQ Calculation (Proximity_Method_B_C): 1.4663 s
    [TIMING] Metrics Calculation: 0.0823 s
    [TIMING] Total Single Evaluation: 6.7683 s

  >>> Starting: Function=sin_cos_4d, Seed=0
    [TIMING] Data Generation: 0.0037 s
    [TIMING] Random Forest Fitting: 0.8859 s
    [TIMING] RF Predicting: 0.0429 s
    [TIMING] Base Aleatoric: 0.0563 s
[TIMING] Random Forest fit/check: 0.00 ms
[TIMING] OOB/In-bag index reconstruction: 209.97 ms
[TIMING] Leaf weights & density precomputation: 67.95 ms
[TIMING] Transfer structures to backend: 0.02 ms
[TIMING] Total fit: 277.94 ms
[TIMING] Test leaf ID extraction: 55.22 ms
[TIMING] Proximity matrix accumulation: 460.62 ms
[TIMING] Neighbor sorting & quantiles: 39.88 ms
[TIMING] Total compute_uq: 555.94 ms
    [TIMING] UQ Calculation (Proximity_Baseline): 0.8341 s
[TIMING] Random Forest fit/check: 0.00 ms
[TIMING] OOB/In-bag index reconstruction: 212.96 ms
[TIMING] Leaf weights & density precomputation: 427.25 ms
[TIMING] Transfer structures to backend: 0.02 ms
[TIMING] Total fit: 640.23 ms
[TIMING] Test leaf ID extraction: 46.32 ms
[TIMING] Proximity matrix accumulation: 1264.95 ms
[TIMING] Neighbor sorting & quantiles: 38.68 ms
[TIMING] Total compute_uq: 1350.22 ms
    [TIMING] UQ Calculation (Proximity_Method_A): 1.9908 s
[TIMING] Random Forest fit/check: 0.00 ms
[TIMING] OOB/In-bag index reconstruction: 213.55 ms
[TIMING] Leaf weights & density precomputation: 416.75 ms
[TIMING] Transfer structures to backend: 0.02 ms
[TIMING] Total fit: 630.32 ms
[TIMING] Test leaf ID extraction: 35.19 ms
[TIMING] Proximity matrix accumulation: 1265.56 ms
[TIMING] Neighbor sorting & quantiles: 14.81 ms
[TIMING] Total compute_uq: 1315.85 ms
    [TIMING] UQ Calculation (Proximity_Method_B): 1.9473 s
[TIMING] Random Forest fit/check: 0.00 ms
[TIMING] OOB/In-bag index reconstruction: 191.15 ms
[TIMING] Leaf weights & density precomputation: 443.02 ms
[TIMING] Transfer structures to backend: 0.02 ms
[TIMING] Total fit: 634.19 ms
[TIMING] Test leaf ID extraction: 45.69 ms
[TIMING] Proximity matrix accumulation: 1576.22 ms
[TIMING] Neighbor sorting & quantiles: 38.66 ms
[TIMING] Total compute_uq: 1660.87 ms
[DEBUG DENSITY] mean walked density = 63.3010, min = 55.9376, max = 69.8647
    [TIMING] UQ Calculation (Proximity_Method_C): 2.2965 s
[TIMING] Random Forest fit/check: 0.00 ms
[TIMING] OOB/In-bag index reconstruction: 179.05 ms
[TIMING] Leaf weights & density precomputation: 417.95 ms
[TIMING] Transfer structures to backend: 0.02 ms
[TIMING] Total fit: 597.02 ms
[TIMING] Test leaf ID extraction: 45.95 ms
[TIMING] Proximity matrix accumulation: 1576.23 ms
[TIMING] Neighbor sorting & quantiles: 13.98 ms
[TIMING] Total compute_uq: 1636.43 ms
[DEBUG DENSITY] mean walked density = 63.3010, min = 55.9376, max = 69.8647
    [TIMING] UQ Calculation (Proximity_Method_B_C): 2.2347 s
    [TIMING] Metrics Calculation: 0.1087 s
    [TIMING] Total Single Evaluation: 10.4014 s

  >>> Starting: Function=quadratic_4d, Seed=0
    [TIMING] Data Generation: 0.0029 s
    [TIMING] Random Forest Fitting: 0.6935 s
    [TIMING] RF Predicting: 0.0424 s
    [TIMING] Base Aleatoric: 0.0554 s
[TIMING] Random Forest fit/check: 0.00 ms
[TIMING] OOB/In-bag index reconstruction: 191.30 ms
[TIMING] Leaf weights & density precomputation: 68.51 ms
[TIMING] Transfer structures to backend: 0.02 ms
[TIMING] Total fit: 259.83 ms
[TIMING] Test leaf ID extraction: 45.75 ms
[TIMING] Proximity matrix accumulation: 460.61 ms
[TIMING] Neighbor sorting & quantiles: 39.71 ms
[TIMING] Total compute_uq: 546.34 ms
    [TIMING] UQ Calculation (Proximity_Baseline): 0.8063 s
[TIMING] Random Forest fit/check: 0.00 ms
[TIMING] OOB/In-bag index reconstruction: 179.37 ms
[TIMING] Leaf weights & density precomputation: 382.79 ms
[TIMING] Transfer structures to backend: 0.02 ms
[TIMING] Total fit: 562.18 ms
[TIMING] Test leaf ID extraction: 45.42 ms
[TIMING] Proximity matrix accumulation: 1264.88 ms
[TIMING] Neighbor sorting & quantiles: 38.64 ms
[TIMING] Total compute_uq: 1349.25 ms
    [TIMING] UQ Calculation (Proximity_Method_A): 1.9118 s
[TIMING] Random Forest fit/check: 0.00 ms
[TIMING] OOB/In-bag index reconstruction: 189.29 ms
[TIMING] Leaf weights & density precomputation: 388.78 ms
[TIMING] Transfer structures to backend: 0.02 ms
[TIMING] Total fit: 578.09 ms
[TIMING] Test leaf ID extraction: 46.11 ms
[TIMING] Proximity matrix accumulation: 1265.93 ms
[TIMING] Neighbor sorting & quantiles: 13.86 ms
[TIMING] Total compute_uq: 1326.19 ms
    [TIMING] UQ Calculation (Proximity_Method_B): 1.9053 s
[TIMING] Random Forest fit/check: 0.00 ms
[TIMING] OOB/In-bag index reconstruction: 190.25 ms
[TIMING] Leaf weights & density precomputation: 383.66 ms
[TIMING] Transfer structures to backend: 0.02 ms
[TIMING] Total fit: 573.93 ms
[TIMING] Test leaf ID extraction: 45.93 ms
[TIMING] Proximity matrix accumulation: 1576.35 ms
[TIMING] Neighbor sorting & quantiles: 38.70 ms
[TIMING] Total compute_uq: 1661.26 ms
[DEBUG DENSITY] mean walked density = 64.0683, min = 53.3541, max = 69.4089
    [TIMING] UQ Calculation (Proximity_Method_C): 2.2366 s
[TIMING] Random Forest fit/check: 0.00 ms
[TIMING] OOB/In-bag index reconstruction: 189.26 ms
[TIMING] Leaf weights & density precomputation: 389.71 ms
[TIMING] Transfer structures to backend: 0.02 ms
[TIMING] Total fit: 578.99 ms
[TIMING] Test leaf ID extraction: 45.99 ms
[TIMING] Proximity matrix accumulation: 1575.62 ms
[TIMING] Neighbor sorting & quantiles: 14.45 ms
[TIMING] Total compute_uq: 1636.36 ms
[DEBUG DENSITY] mean walked density = 64.0683, min = 53.3541, max = 69.4089
    [TIMING] UQ Calculation (Proximity_Method_B_C): 2.2168 s
    [TIMING] Metrics Calculation: 0.1022 s
    [TIMING] Total Single Evaluation: 9.9738 s

  >>> Starting: Function=sin_sum_4d, Seed=0
    [TIMING] Data Generation: 0.0035 s
    [TIMING] Random Forest Fitting: 0.7233 s
    [TIMING] RF Predicting: 0.0427 s
    [TIMING] Base Aleatoric: 0.0549 s
[TIMING] Random Forest fit/check: 0.00 ms
[TIMING] OOB/In-bag index reconstruction: 192.51 ms
[TIMING] Leaf weights & density precomputation: 68.16 ms
[TIMING] Transfer structures to backend: 0.02 ms
[TIMING] Total fit: 260.68 ms
[TIMING] Test leaf ID extraction: 45.67 ms
[TIMING] Proximity matrix accumulation: 460.68 ms
[TIMING] Neighbor sorting & quantiles: 39.87 ms
[TIMING] Total compute_uq: 546.51 ms
    [TIMING] UQ Calculation (Proximity_Baseline): 0.8074 s
[TIMING] Random Forest fit/check: 0.00 ms
[TIMING] OOB/In-bag index reconstruction: 190.23 ms
[TIMING] Leaf weights & density precomputation: 384.64 ms
[TIMING] Transfer structures to backend: 0.02 ms
[TIMING] Total fit: 574.88 ms
[TIMING] Test leaf ID extraction: 45.81 ms
[TIMING] Proximity matrix accumulation: 1265.68 ms
[TIMING] Neighbor sorting & quantiles: 38.66 ms
[TIMING] Total compute_uq: 1350.44 ms
    [TIMING] UQ Calculation (Proximity_Method_A): 1.9257 s
[TIMING] Random Forest fit/check: 0.00 ms
[TIMING] OOB/In-bag index reconstruction: 189.24 ms
[TIMING] Leaf weights & density precomputation: 384.32 ms
[TIMING] Transfer structures to backend: 0.02 ms
[TIMING] Total fit: 573.58 ms
[TIMING] Test leaf ID extraction: 45.98 ms
[TIMING] Proximity matrix accumulation: 1265.38 ms
[TIMING] Neighbor sorting & quantiles: 13.94 ms
[TIMING] Total compute_uq: 1325.56 ms
    [TIMING] UQ Calculation (Proximity_Method_B): 1.9002 s
[TIMING] Random Forest fit/check: 0.00 ms
[TIMING] OOB/In-bag index reconstruction: 193.15 ms
[TIMING] Leaf weights & density precomputation: 386.36 ms
[TIMING] Transfer structures to backend: 0.02 ms
[TIMING] Total fit: 579.53 ms
[TIMING] Test leaf ID extraction: 45.89 ms
[TIMING] Proximity matrix accumulation: 1576.23 ms
[TIMING] Neighbor sorting & quantiles: 38.82 ms
[TIMING] Total compute_uq: 1661.23 ms
[DEBUG DENSITY] mean walked density = 64.4008, min = 50.7636, max = 73.2980
    [TIMING] UQ Calculation (Proximity_Method_C): 2.2422 s
[TIMING] Random Forest fit/check: 0.00 ms
[TIMING] OOB/In-bag index reconstruction: 179.50 ms
[TIMING] Leaf weights & density precomputation: 385.05 ms
[TIMING] Transfer structures to backend: 0.02 ms
[TIMING] Total fit: 564.56 ms
[TIMING] Test leaf ID extraction: 45.83 ms
[TIMING] Proximity matrix accumulation: 1577.12 ms
[TIMING] Neighbor sorting & quantiles: 14.10 ms
[TIMING] Total compute_uq: 1637.34 ms
[DEBUG DENSITY] mean walked density = 64.4008, min = 50.7636, max = 73.2980
    [TIMING] UQ Calculation (Proximity_Method_B_C): 2.2033 s
    [TIMING] Metrics Calculation: 0.1071 s
    [TIMING] Total Single Evaluation: 10.0107 s

  >>> Starting: Function=sin_cos_5d, Seed=0
    [TIMING] Data Generation: 0.0051 s
    [TIMING] Random Forest Fitting: 1.2577 s
    [TIMING] RF Predicting: 0.0426 s
    [TIMING] Base Aleatoric: 0.0590 s
[TIMING] Random Forest fit/check: 0.00 ms
[TIMING] OOB/In-bag index reconstruction: 229.24 ms
[TIMING] Leaf weights & density precomputation: 72.94 ms
[TIMING] Transfer structures to backend: 0.02 ms
[TIMING] Total fit: 302.20 ms
[TIMING] Test leaf ID extraction: 46.19 ms
[TIMING] Proximity matrix accumulation: 747.07 ms
[TIMING] Neighbor sorting & quantiles: 63.84 ms
[TIMING] Total compute_uq: 857.42 ms
    [TIMING] UQ Calculation (Proximity_Baseline): 1.1598 s
[TIMING] Random Forest fit/check: 0.00 ms
[TIMING] OOB/In-bag index reconstruction: 229.30 ms
[TIMING] Leaf weights & density precomputation: 469.10 ms
[TIMING] Transfer structures to backend: 0.02 ms
[TIMING] Total fit: 698.42 ms
[TIMING] Test leaf ID extraction: 46.08 ms
[TIMING] Proximity matrix accumulation: 1967.76 ms
[TIMING] Neighbor sorting & quantiles: 62.45 ms
[TIMING] Total compute_uq: 2076.64 ms
    [TIMING] UQ Calculation (Proximity_Method_A): 2.7755 s
[TIMING] Random Forest fit/check: 0.00 ms
[TIMING] OOB/In-bag index reconstruction: 228.31 ms
[TIMING] Leaf weights & density precomputation: 471.87 ms
[TIMING] Transfer structures to backend: 0.02 ms
[TIMING] Total fit: 700.20 ms
[TIMING] Test leaf ID extraction: 46.25 ms
[TIMING] Proximity matrix accumulation: 1965.73 ms
[TIMING] Neighbor sorting & quantiles: 19.26 ms
[TIMING] Total compute_uq: 2031.56 ms
    [TIMING] UQ Calculation (Proximity_Method_B): 2.7329 s
[TIMING] Random Forest fit/check: 0.00 ms
[TIMING] OOB/In-bag index reconstruction: 228.60 ms
[TIMING] Leaf weights & density precomputation: 473.48 ms
[TIMING] Transfer structures to backend: 0.02 ms
[TIMING] Total fit: 702.10 ms
[TIMING] Test leaf ID extraction: 46.56 ms
[TIMING] Proximity matrix accumulation: 2462.40 ms
[TIMING] Neighbor sorting & quantiles: 62.46 ms
[TIMING] Total compute_uq: 2571.80 ms
[DEBUG DENSITY] mean walked density = 64.3255, min = 61.1280, max = 67.5883
    [TIMING] UQ Calculation (Proximity_Method_C): 3.2757 s
[TIMING] Random Forest fit/check: 0.00 ms
[TIMING] OOB/In-bag index reconstruction: 226.96 ms
[TIMING] Leaf weights & density precomputation: 478.67 ms
[TIMING] Transfer structures to backend: 0.02 ms
[TIMING] Total fit: 705.65 ms
[TIMING] Test leaf ID extraction: 46.37 ms
[TIMING] Proximity matrix accumulation: 2460.90 ms
[TIMING] Neighbor sorting & quantiles: 19.62 ms
[TIMING] Total compute_uq: 2527.20 ms
[DEBUG DENSITY] mean walked density = 64.3255, min = 61.1280, max = 67.5883
    [TIMING] UQ Calculation (Proximity_Method_B_C): 3.2343 s
    [TIMING] Metrics Calculation: 0.1102 s
    [TIMING] Total Single Evaluation: 14.6530 s

  >>> Starting: Function=quadratic_5d, Seed=0
    [TIMING] Data Generation: 0.0041 s
    [TIMING] Random Forest Fitting: 1.0568 s
    [TIMING] RF Predicting: 0.0537 s
    [TIMING] Base Aleatoric: 0.0580 s
[TIMING] Random Forest fit/check: 0.00 ms
[TIMING] OOB/In-bag index reconstruction: 229.95 ms
[TIMING] Leaf weights & density precomputation: 74.43 ms
[TIMING] Transfer structures to backend: 0.03 ms
[TIMING] Total fit: 304.42 ms
[TIMING] Test leaf ID extraction: 46.28 ms
[TIMING] Proximity matrix accumulation: 747.27 ms
[TIMING] Neighbor sorting & quantiles: 63.88 ms
[TIMING] Total compute_uq: 857.76 ms
    [TIMING] UQ Calculation (Proximity_Baseline): 1.1624 s
[TIMING] Random Forest fit/check: 0.00 ms
[TIMING] OOB/In-bag index reconstruction: 227.33 ms
[TIMING] Leaf weights & density precomputation: 449.03 ms
[TIMING] Transfer structures to backend: 0.02 ms
[TIMING] Total fit: 676.38 ms
[TIMING] Test leaf ID extraction: 46.23 ms
[TIMING] Proximity matrix accumulation: 1966.11 ms
[TIMING] Neighbor sorting & quantiles: 62.35 ms
[TIMING] Total compute_uq: 2075.01 ms
    [TIMING] UQ Calculation (Proximity_Method_A): 2.7518 s
[TIMING] Random Forest fit/check: 0.00 ms
[TIMING] OOB/In-bag index reconstruction: 242.77 ms
[TIMING] Leaf weights & density precomputation: 450.59 ms
[TIMING] Transfer structures to backend: 0.02 ms
[TIMING] Total fit: 693.38 ms
[TIMING] Test leaf ID extraction: 57.85 ms
[TIMING] Proximity matrix accumulation: 1965.45 ms
[TIMING] Neighbor sorting & quantiles: 21.15 ms
[TIMING] Total compute_uq: 2044.79 ms
    [TIMING] UQ Calculation (Proximity_Method_B): 2.7392 s
[TIMING] Random Forest fit/check: 0.00 ms
[TIMING] OOB/In-bag index reconstruction: 230.72 ms
[TIMING] Leaf weights & density precomputation: 449.33 ms
[TIMING] Transfer structures to backend: 0.02 ms
[TIMING] Total fit: 680.07 ms
[TIMING] Test leaf ID extraction: 47.12 ms
[TIMING] Proximity matrix accumulation: 2462.34 ms
[TIMING] Neighbor sorting & quantiles: 62.51 ms
[TIMING] Total compute_uq: 2572.28 ms
[DEBUG DENSITY] mean walked density = 64.1670, min = 55.4975, max = 69.2485
    [TIMING] UQ Calculation (Proximity_Method_C): 3.2539 s
[TIMING] Random Forest fit/check: 0.00 ms
[TIMING] OOB/In-bag index reconstruction: 226.73 ms
[TIMING] Leaf weights & density precomputation: 445.58 ms
[TIMING] Transfer structures to backend: 0.02 ms
[TIMING] Total fit: 672.32 ms
[TIMING] Test leaf ID extraction: 46.86 ms
[TIMING] Proximity matrix accumulation: 2460.79 ms
[TIMING] Neighbor sorting & quantiles: 18.54 ms
[TIMING] Total compute_uq: 2526.51 ms
[DEBUG DENSITY] mean walked density = 64.1670, min = 55.4975, max = 69.2485
    [TIMING] UQ Calculation (Proximity_Method_B_C): 3.2002 s
    [TIMING] Metrics Calculation: 0.1296 s
    [TIMING] Total Single Evaluation: 14.4102 s

  >>> Starting: Function=gaussian_5d, Seed=0
    [TIMING] Data Generation: 0.0059 s
    [TIMING] Random Forest Fitting: 1.0731 s
    [TIMING] RF Predicting: 0.0428 s
    [TIMING] Base Aleatoric: 0.0586 s
[TIMING] Random Forest fit/check: 0.00 ms
[TIMING] OOB/In-bag index reconstruction: 242.46 ms
[TIMING] Leaf weights & density precomputation: 74.81 ms
[TIMING] Transfer structures to backend: 0.03 ms
[TIMING] Total fit: 317.31 ms
[TIMING] Test leaf ID extraction: 46.17 ms
[TIMING] Proximity matrix accumulation: 746.84 ms
[TIMING] Neighbor sorting & quantiles: 63.78 ms
[TIMING] Total compute_uq: 857.10 ms
    [TIMING] UQ Calculation (Proximity_Baseline): 1.1746 s
[TIMING] Random Forest fit/check: 0.00 ms
[TIMING] OOB/In-bag index reconstruction: 227.13 ms
[TIMING] Leaf weights & density precomputation: 449.26 ms
[TIMING] Transfer structures to backend: 0.02 ms
[TIMING] Total fit: 676.42 ms
[TIMING] Test leaf ID extraction: 46.08 ms
[TIMING] Proximity matrix accumulation: 1967.57 ms
[TIMING] Neighbor sorting & quantiles: 62.52 ms
[TIMING] Total compute_uq: 2076.50 ms
    [TIMING] UQ Calculation (Proximity_Method_A): 2.7533 s
[TIMING] Random Forest fit/check: 0.00 ms
[TIMING] OOB/In-bag index reconstruction: 226.96 ms
[TIMING] Leaf weights & density precomputation: 451.42 ms
[TIMING] Transfer structures to backend: 0.02 ms
[TIMING] Total fit: 678.40 ms
[TIMING] Test leaf ID extraction: 46.60 ms
[TIMING] Proximity matrix accumulation: 1966.39 ms
[TIMING] Neighbor sorting & quantiles: 18.92 ms
[TIMING] Total compute_uq: 2032.21 ms
    [TIMING] UQ Calculation (Proximity_Method_B): 2.7117 s
[TIMING] Random Forest fit/check: 0.00 ms
[TIMING] OOB/In-bag index reconstruction: 227.97 ms
[TIMING] Leaf weights & density precomputation: 449.48 ms
[TIMING] Transfer structures to backend: 0.02 ms
[TIMING] Total fit: 677.47 ms
[TIMING] Test leaf ID extraction: 46.40 ms
[TIMING] Proximity matrix accumulation: 2462.26 ms
[TIMING] Neighbor sorting & quantiles: 62.49 ms
[TIMING] Total compute_uq: 2571.49 ms
[DEBUG DENSITY] mean walked density = 63.2392, min = 52.5916, max = 69.5090
    [TIMING] UQ Calculation (Proximity_Method_C): 3.2504 s
[TIMING] Random Forest fit/check: 0.00 ms
[TIMING] OOB/In-bag index reconstruction: 228.91 ms
[TIMING] Leaf weights & density precomputation: 450.78 ms
[TIMING] Transfer structures to backend: 0.02 ms
[TIMING] Total fit: 679.71 ms
[TIMING] Test leaf ID extraction: 46.12 ms
[TIMING] Proximity matrix accumulation: 2461.15 ms
[TIMING] Neighbor sorting & quantiles: 19.12 ms
[TIMING] Total compute_uq: 2526.70 ms
[DEBUG DENSITY] mean walked density = 63.2392, min = 52.5916, max = 69.5090
    [TIMING] UQ Calculation (Proximity_Method_B_C): 3.2079 s
    [TIMING] Metrics Calculation: 0.1158 s
    [TIMING] Total Single Evaluation: 14.3946 s

  >>> Starting: Function=sin_cos_6d, Seed=0
    [TIMING] Data Generation: 0.0076 s
    [TIMING] Random Forest Fitting: 2.0400 s
    [TIMING] RF Predicting: 0.0424 s
    [TIMING] Base Aleatoric: 0.0614 s
[TIMING] Random Forest fit/check: 0.00 ms
[TIMING] OOB/In-bag index reconstruction: 231.80 ms
[TIMING] Leaf weights & density precomputation: 80.38 ms
[TIMING] Transfer structures to backend: 0.02 ms
[TIMING] Total fit: 312.20 ms
[TIMING] Test leaf ID extraction: 46.52 ms
[TIMING] Proximity matrix accumulation: 1097.77 ms
[TIMING] Neighbor sorting & quantiles: 91.04 ms
[TIMING] Total compute_uq: 1235.68 ms
    [TIMING] UQ Calculation (Proximity_Baseline): 1.5481 s
[TIMING] Random Forest fit/check: 0.00 ms
[TIMING] OOB/In-bag index reconstruction: 228.75 ms
[TIMING] Leaf weights & density precomputation: 586.93 ms
[TIMING] Transfer structures to backend: 0.02 ms
[TIMING] Total fit: 815.69 ms
[TIMING] Test leaf ID extraction: 46.41 ms
[TIMING] Proximity matrix accumulation: 2819.06 ms
[TIMING] Neighbor sorting & quantiles: 89.08 ms
[TIMING] Total compute_uq: 2954.92 ms
    [TIMING] UQ Calculation (Proximity_Method_A): 3.7710 s
[TIMING] Random Forest fit/check: 0.00 ms
[TIMING] OOB/In-bag index reconstruction: 228.34 ms
[TIMING] Leaf weights & density precomputation: 570.43 ms
[TIMING] Transfer structures to backend: 0.02 ms
[TIMING] Total fit: 798.78 ms
[TIMING] Test leaf ID extraction: 46.40 ms
[TIMING] Proximity matrix accumulation: 2815.65 ms
[TIMING] Neighbor sorting & quantiles: 26.22 ms
[TIMING] Total compute_uq: 2888.61 ms
    [TIMING] UQ Calculation (Proximity_Method_B): 3.6885 s
[TIMING] Random Forest fit/check: 0.00 ms
[TIMING] OOB/In-bag index reconstruction: 229.52 ms
[TIMING] Leaf weights & density precomputation: 574.03 ms
[TIMING] Transfer structures to backend: 0.02 ms
[TIMING] Total fit: 803.57 ms
[TIMING] Test leaf ID extraction: 46.62 ms
[TIMING] Proximity matrix accumulation: 3518.18 ms
[TIMING] Neighbor sorting & quantiles: 89.10 ms
[TIMING] Total compute_uq: 3654.26 ms
[DEBUG DENSITY] mean walked density = 64.0296, min = 59.4212, max = 68.3583
    [TIMING] UQ Calculation (Proximity_Method_C): 4.4593 s
[TIMING] Random Forest fit/check: 0.00 ms
[TIMING] OOB/In-bag index reconstruction: 229.33 ms
[TIMING] Leaf weights & density precomputation: 576.36 ms
[TIMING] Transfer structures to backend: 0.02 ms
[TIMING] Total fit: 805.72 ms
[TIMING] Test leaf ID extraction: 46.45 ms
[TIMING] Proximity matrix accumulation: 3518.65 ms
[TIMING] Neighbor sorting & quantiles: 26.06 ms
[TIMING] Total compute_uq: 3591.54 ms
[DEBUG DENSITY] mean walked density = 64.0296, min = 59.4212, max = 68.3583
    [TIMING] UQ Calculation (Proximity_Method_B_C): 4.3987 s
    [TIMING] Metrics Calculation: 0.1305 s
    [TIMING] Total Single Evaluation: 20.1514 s

  >>> Starting: Function=quadratic_6d, Seed=0
    [TIMING] Data Generation: 0.0077 s
    [TIMING] Random Forest Fitting: 1.4978 s
    [TIMING] RF Predicting: 0.0530 s
    [TIMING] Base Aleatoric: 0.0598 s
[TIMING] Random Forest fit/check: 0.00 ms
[TIMING] OOB/In-bag index reconstruction: 244.45 ms
[TIMING] Leaf weights & density precomputation: 80.12 ms
[TIMING] Transfer structures to backend: 0.02 ms
[TIMING] Total fit: 324.59 ms
[TIMING] Test leaf ID extraction: 46.16 ms
[TIMING] Proximity matrix accumulation: 1096.89 ms
[TIMING] Neighbor sorting & quantiles: 91.21 ms
[TIMING] Total compute_uq: 1234.61 ms
    [TIMING] UQ Calculation (Proximity_Baseline): 1.5594 s
[TIMING] Random Forest fit/check: 0.00 ms
[TIMING] OOB/In-bag index reconstruction: 233.04 ms
[TIMING] Leaf weights & density precomputation: 521.80 ms
[TIMING] Transfer structures to backend: 0.02 ms
[TIMING] Total fit: 754.86 ms
[TIMING] Test leaf ID extraction: 46.48 ms
[TIMING] Proximity matrix accumulation: 2818.84 ms
[TIMING] Neighbor sorting & quantiles: 89.05 ms
[TIMING] Total compute_uq: 2954.73 ms
    [TIMING] UQ Calculation (Proximity_Method_A): 3.7100 s
[TIMING] Random Forest fit/check: 0.00 ms
[TIMING] OOB/In-bag index reconstruction: 230.13 ms
[TIMING] Leaf weights & density precomputation: 522.93 ms
[TIMING] Transfer structures to backend: 0.02 ms
[TIMING] Total fit: 753.09 ms
[TIMING] Test leaf ID extraction: 46.34 ms
[TIMING] Proximity matrix accumulation: 2814.93 ms
[TIMING] Neighbor sorting & quantiles: 25.83 ms
[TIMING] Total compute_uq: 2887.43 ms
    [TIMING] UQ Calculation (Proximity_Method_B): 3.6417 s
[TIMING] Random Forest fit/check: 0.00 ms
[TIMING] OOB/In-bag index reconstruction: 230.14 ms
[TIMING] Leaf weights & density precomputation: 535.58 ms
[TIMING] Transfer structures to backend: 0.02 ms
[TIMING] Total fit: 765.74 ms
[TIMING] Test leaf ID extraction: 46.53 ms
[TIMING] Proximity matrix accumulation: 3518.43 ms
[TIMING] Neighbor sorting & quantiles: 89.23 ms
[TIMING] Total compute_uq: 3654.56 ms
[DEBUG DENSITY] mean walked density = 63.7965, min = 55.3975, max = 69.7253
    [TIMING] UQ Calculation (Proximity_Method_C): 4.4217 s
[TIMING] Random Forest fit/check: 0.00 ms
[TIMING] OOB/In-bag index reconstruction: 229.96 ms
[TIMING] Leaf weights & density precomputation: 521.00 ms
[TIMING] Transfer structures to backend: 0.02 ms
[TIMING] Total fit: 750.98 ms
[TIMING] Test leaf ID extraction: 46.56 ms
[TIMING] Proximity matrix accumulation: 3517.44 ms
[TIMING] Neighbor sorting & quantiles: 25.99 ms
[TIMING] Total compute_uq: 3590.32 ms
[DEBUG DENSITY] mean walked density = 63.7965, min = 55.3975, max = 69.7253
    [TIMING] UQ Calculation (Proximity_Method_B_C): 4.3428 s
    [TIMING] Metrics Calculation: 0.1131 s
    [TIMING] Total Single Evaluation: 19.4075 s

  >>> Starting: Function=friedman_6d, Seed=0
    [TIMING] Data Generation: 0.0060 s
    [TIMING] Random Forest Fitting: 1.3102 s
    [TIMING] RF Predicting: 0.0425 s
    [TIMING] Base Aleatoric: 0.0603 s
[TIMING] Random Forest fit/check: 0.00 ms
[TIMING] OOB/In-bag index reconstruction: 232.93 ms
[TIMING] Leaf weights & density precomputation: 80.87 ms
[TIMING] Transfer structures to backend: 0.02 ms
[TIMING] Total fit: 313.82 ms
[TIMING] Test leaf ID extraction: 46.68 ms
[TIMING] Proximity matrix accumulation: 1097.18 ms
[TIMING] Neighbor sorting & quantiles: 91.48 ms
[TIMING] Total compute_uq: 1235.65 ms
    [TIMING] UQ Calculation (Proximity_Baseline): 1.5497 s
[TIMING] Random Forest fit/check: 0.00 ms
[TIMING] OOB/In-bag index reconstruction: 230.69 ms
[TIMING] Leaf weights & density precomputation: 513.80 ms
[TIMING] Transfer structures to backend: 0.02 ms
[TIMING] Total fit: 744.51 ms
[TIMING] Test leaf ID extraction: 46.68 ms
[TIMING] Proximity matrix accumulation: 2819.25 ms
[TIMING] Neighbor sorting & quantiles: 89.54 ms
[TIMING] Total compute_uq: 2955.85 ms
    [TIMING] UQ Calculation (Proximity_Method_A): 3.7008 s
[TIMING] Random Forest fit/check: 0.00 ms
[TIMING] OOB/In-bag index reconstruction: 241.12 ms
[TIMING] Leaf weights & density precomputation: 502.36 ms
[TIMING] Transfer structures to backend: 0.02 ms
[TIMING] Total fit: 743.50 ms
[TIMING] Test leaf ID extraction: 47.71 ms
[TIMING] Proximity matrix accumulation: 2816.10 ms
[TIMING] Neighbor sorting & quantiles: 25.56 ms
[TIMING] Total compute_uq: 2889.72 ms
    [TIMING] UQ Calculation (Proximity_Method_B): 3.6344 s
[TIMING] Random Forest fit/check: 0.00 ms
[TIMING] OOB/In-bag index reconstruction: 229.42 ms
[TIMING] Leaf weights & density precomputation: 506.80 ms
[TIMING] Transfer structures to backend: 0.02 ms
[TIMING] Total fit: 736.24 ms
[TIMING] Test leaf ID extraction: 46.59 ms
[TIMING] Proximity matrix accumulation: 3520.53 ms
[TIMING] Neighbor sorting & quantiles: 89.12 ms
[TIMING] Total compute_uq: 3656.61 ms
[DEBUG DENSITY] mean walked density = 64.3592, min = 56.1843, max = 69.8386
    [TIMING] UQ Calculation (Proximity_Method_C): 4.3943 s
[TIMING] Random Forest fit/check: 0.00 ms
[TIMING] OOB/In-bag index reconstruction: 230.02 ms
[TIMING] Leaf weights & density precomputation: 500.78 ms
[TIMING] Transfer structures to backend: 0.02 ms
[TIMING] Total fit: 730.83 ms
[TIMING] Test leaf ID extraction: 47.27 ms
[TIMING] Proximity matrix accumulation: 3518.55 ms
[TIMING] Neighbor sorting & quantiles: 26.28 ms
[TIMING] Total compute_uq: 3592.46 ms
[DEBUG DENSITY] mean walked density = 64.3592, min = 56.1843, max = 69.8386
    [TIMING] UQ Calculation (Proximity_Method_B_C): 4.3247 s
    [TIMING] Metrics Calculation: 0.1427 s
    [TIMING] Total Single Evaluation: 19.1662 s

  >>> Starting: Function=sin_cos_7d, Seed=0
    [TIMING] Data Generation: 0.0096 s
    [TIMING] Random Forest Fitting: 2.9767 s
    [TIMING] RF Predicting: 0.0534 s
    [TIMING] Base Aleatoric: 0.0730 s
[TIMING] Random Forest fit/check: 0.00 ms
[TIMING] OOB/In-bag index reconstruction: 278.64 ms
[TIMING] Leaf weights & density precomputation: 85.90 ms
[TIMING] Transfer structures to backend: 0.02 ms
[TIMING] Total fit: 364.57 ms
[TIMING] Test leaf ID extraction: 75.67 ms
[TIMING] Proximity matrix accumulation: 1516.60 ms
[TIMING] Neighbor sorting & quantiles: 122.28 ms
[TIMING] Total compute_uq: 1714.88 ms
    [TIMING] UQ Calculation (Proximity_Baseline): 2.0798 s
[TIMING] Random Forest fit/check: 0.00 ms
[TIMING] OOB/In-bag index reconstruction: 287.61 ms
[TIMING] Leaf weights & density precomputation: 652.56 ms
[TIMING] Transfer structures to backend: 0.02 ms
[TIMING] Total fit: 940.20 ms
[TIMING] Test leaf ID extraction: 57.37 ms
[TIMING] Proximity matrix accumulation: 3817.35 ms
[TIMING] Neighbor sorting & quantiles: 120.41 ms
[TIMING] Total compute_uq: 3995.55 ms
    [TIMING] UQ Calculation (Proximity_Method_A): 4.9362 s
[TIMING] Random Forest fit/check: 0.00 ms
[TIMING] OOB/In-bag index reconstruction: 253.93 ms
[TIMING] Leaf weights & density precomputation: 716.57 ms
[TIMING] Transfer structures to backend: 0.02 ms
[TIMING] Total fit: 970.52 ms
[TIMING] Test leaf ID extraction: 57.59 ms
[TIMING] Proximity matrix accumulation: 3820.97 ms
[TIMING] Neighbor sorting & quantiles: 33.81 ms
[TIMING] Total compute_uq: 3912.75 ms
    [TIMING] UQ Calculation (Proximity_Method_B): 4.8846 s
[TIMING] Random Forest fit/check: 0.00 ms
[TIMING] OOB/In-bag index reconstruction: 242.28 ms
[TIMING] Leaf weights & density precomputation: 642.03 ms
[TIMING] Transfer structures to backend: 0.02 ms
[TIMING] Total fit: 884.32 ms
[TIMING] Test leaf ID extraction: 57.27 ms
[TIMING] Proximity matrix accumulation: 4766.74 ms
[TIMING] Neighbor sorting & quantiles: 120.28 ms
[TIMING] Total compute_uq: 4944.68 ms
[DEBUG DENSITY] mean walked density = 64.3933, min = 60.7949, max = 67.5516
    [TIMING] UQ Calculation (Proximity_Method_C): 5.8305 s
[TIMING] Random Forest fit/check: 0.00 ms
[TIMING] OOB/In-bag index reconstruction: 241.90 ms
[TIMING] Leaf weights & density precomputation: 647.64 ms
[TIMING] Transfer structures to backend: 0.02 ms
[TIMING] Total fit: 889.56 ms
[TIMING] Test leaf ID extraction: 57.93 ms
[TIMING] Proximity matrix accumulation: 4771.66 ms
[TIMING] Neighbor sorting & quantiles: 34.15 ms
[TIMING] Total compute_uq: 4864.12 ms
[DEBUG DENSITY] mean walked density = 64.3933, min = 60.7949, max = 67.5516
    [TIMING] UQ Calculation (Proximity_Method_B_C): 5.7552 s
    [TIMING] Metrics Calculation: 0.1198 s
    [TIMING] Total Single Evaluation: 26.7196 s

  >>> Starting: Function=quadratic_7d, Seed=0
    [TIMING] Data Generation: 0.0082 s
    [TIMING] Random Forest Fitting: 2.0176 s
    [TIMING] RF Predicting: 0.0530 s
    [TIMING] Base Aleatoric: 0.0626 s
[TIMING] Random Forest fit/check: 0.00 ms
[TIMING] OOB/In-bag index reconstruction: 233.38 ms
[TIMING] Leaf weights & density precomputation: 84.43 ms
[TIMING] Transfer structures to backend: 0.02 ms
[TIMING] Total fit: 317.83 ms
[TIMING] Test leaf ID extraction: 47.20 ms
[TIMING] Proximity matrix accumulation: 1515.93 ms
[TIMING] Neighbor sorting & quantiles: 122.81 ms
[TIMING] Total compute_uq: 1686.29 ms
    [TIMING] UQ Calculation (Proximity_Baseline): 2.0043 s
[TIMING] Random Forest fit/check: 0.00 ms
[TIMING] OOB/In-bag index reconstruction: 241.87 ms
[TIMING] Leaf weights & density precomputation: 607.44 ms
[TIMING] Transfer structures to backend: 0.02 ms
[TIMING] Total fit: 849.33 ms
[TIMING] Test leaf ID extraction: 46.78 ms
[TIMING] Proximity matrix accumulation: 3814.97 ms
[TIMING] Neighbor sorting & quantiles: 120.14 ms
[TIMING] Total compute_uq: 3982.27 ms
    [TIMING] UQ Calculation (Proximity_Method_A): 4.8320 s
[TIMING] Random Forest fit/check: 0.00 ms
[TIMING] OOB/In-bag index reconstruction: 534.14 ms
[TIMING] Leaf weights & density precomputation: 1897.18 ms
[TIMING] Transfer structures to backend: 0.02 ms
[TIMING] Total fit: 2431.35 ms
[TIMING] Test leaf ID extraction: 227.08 ms
[TIMING] Proximity matrix accumulation: 3876.82 ms
[TIMING] Neighbor sorting & quantiles: 68.66 ms
[TIMING] Total compute_uq: 4172.97 ms
    [TIMING] UQ Calculation (Proximity_Method_B): 6.6059 s
[TIMING] Random Forest fit/check: 0.01 ms
[TIMING] OOB/In-bag index reconstruction: 823.33 ms
[TIMING] Leaf weights & density precomputation: 1356.15 ms
[TIMING] Transfer structures to backend: 0.05 ms
[TIMING] Total fit: 2179.53 ms
[TIMING] Test leaf ID extraction: 221.23 ms
[TIMING] Proximity matrix accumulation: 4817.78 ms
[TIMING] Neighbor sorting & quantiles: 188.01 ms
[TIMING] Total compute_uq: 5227.48 ms
[DEBUG DENSITY] mean walked density = 63.7289, min = 56.9937, max = 68.8888
    [TIMING] UQ Calculation (Proximity_Method_C): 7.4091 s
[TIMING] Random Forest fit/check: 0.00 ms
[TIMING] OOB/In-bag index reconstruction: 1197.04 ms
[TIMING] Leaf weights & density precomputation: 1784.18 ms
[TIMING] Transfer structures to backend: 0.02 ms
[TIMING] Total fit: 2981.24 ms
[TIMING] Test leaf ID extraction: 179.96 ms
[TIMING] Proximity matrix accumulation: 4771.69 ms
[TIMING] Neighbor sorting & quantiles: 34.81 ms
[TIMING] Total compute_uq: 4986.87 ms
[DEBUG DENSITY] mean walked density = 63.7289, min = 56.9937, max = 68.8888
    [TIMING] UQ Calculation (Proximity_Method_B_C): 7.9700 s
    [TIMING] Metrics Calculation: 0.2814 s
    [TIMING] Total Single Evaluation: 31.2447 s

  >>> Starting: Function=interaction_7d, Seed=0
    [TIMING] Data Generation: 0.8827 s
    [TIMING] Random Forest Fitting: 2.1210 s
    [TIMING] RF Predicting: 0.0539 s
    [TIMING] Base Aleatoric: 0.0625 s
[TIMING] Random Forest fit/check: 0.00 ms
[TIMING] OOB/In-bag index reconstruction: 241.67 ms
[TIMING] Leaf weights & density precomputation: 84.83 ms
[TIMING] Transfer structures to backend: 0.02 ms
[TIMING] Total fit: 326.52 ms
[TIMING] Test leaf ID extraction: 58.49 ms
[TIMING] Proximity matrix accumulation: 1517.10 ms
[TIMING] Neighbor sorting & quantiles: 122.72 ms
[TIMING] Total compute_uq: 1698.71 ms
    [TIMING] UQ Calculation (Proximity_Baseline): 2.0254 s
[TIMING] Random Forest fit/check: 0.00 ms
[TIMING] OOB/In-bag index reconstruction: 456.14 ms
[TIMING] Leaf weights & density precomputation: 871.95 ms
[TIMING] Transfer structures to backend: 0.02 ms
[TIMING] Total fit: 1328.12 ms
[TIMING] Test leaf ID extraction: 297.40 ms
[TIMING] Proximity matrix accumulation: 3852.56 ms
[TIMING] Neighbor sorting & quantiles: 163.84 ms
[TIMING] Total compute_uq: 4314.29 ms
    [TIMING] UQ Calculation (Proximity_Method_A): 5.6429 s
[TIMING] Random Forest fit/check: 0.00 ms
[TIMING] OOB/In-bag index reconstruction: 763.92 ms
[TIMING] Leaf weights & density precomputation: 1464.60 ms
[TIMING] Transfer structures to backend: 0.04 ms
[TIMING] Total fit: 2228.56 ms
[TIMING] Test leaf ID extraction: 69.15 ms
[TIMING] Proximity matrix accumulation: 3820.66 ms
[TIMING] Neighbor sorting & quantiles: 34.17 ms
[TIMING] Total compute_uq: 3924.37 ms
    [TIMING] UQ Calculation (Proximity_Method_B): 6.1543 s
[TIMING] Random Forest fit/check: 0.00 ms
[TIMING] OOB/In-bag index reconstruction: 239.65 ms
[TIMING] Leaf weights & density precomputation: 575.86 ms
[TIMING] Transfer structures to backend: 0.01 ms
[TIMING] Total fit: 815.53 ms
[TIMING] Test leaf ID extraction: 47.07 ms
[TIMING] Proximity matrix accumulation: 4766.88 ms
[TIMING] Neighbor sorting & quantiles: 120.10 ms
[TIMING] Total compute_uq: 4934.42 ms
[DEBUG DENSITY] mean walked density = 63.6875, min = 56.1843, max = 68.8555
    [TIMING] UQ Calculation (Proximity_Method_C): 5.7516 s
[TIMING] Random Forest fit/check: 0.00 ms
[TIMING] OOB/In-bag index reconstruction: 241.81 ms
[TIMING] Leaf weights & density precomputation: 580.46 ms
[TIMING] Transfer structures to backend: 0.01 ms
[TIMING] Total fit: 822.30 ms
[TIMING] Test leaf ID extraction: 69.20 ms
[TIMING] Proximity matrix accumulation: 4778.66 ms
[TIMING] Neighbor sorting & quantiles: 33.81 ms
[TIMING] Total compute_uq: 4882.06 ms
[DEBUG DENSITY] mean walked density = 63.6875, min = 56.1843, max = 68.8555
    [TIMING] UQ Calculation (Proximity_Method_B_C): 5.7058 s
    [TIMING] Metrics Calculation: 0.1095 s
    [TIMING] Total Single Evaluation: 28.5101 s

  >>> Starting: Function=sin_cos_8d, Seed=0
    [TIMING] Data Generation: 0.0136 s
    [TIMING] Random Forest Fitting: 3.4820 s
    [TIMING] RF Predicting: 0.0525 s
    [TIMING] Base Aleatoric: 0.0749 s
[TIMING] Random Forest fit/check: 0.00 ms
[TIMING] OOB/In-bag index reconstruction: 244.42 ms
[TIMING] Leaf weights & density precomputation: 91.98 ms
[TIMING] Transfer structures to backend: 0.02 ms
[TIMING] Total fit: 336.42 ms
[TIMING] Test leaf ID extraction: 59.32 ms
[TIMING] Proximity matrix accumulation: 1996.21 ms
[TIMING] Neighbor sorting & quantiles: 158.65 ms
[TIMING] Total compute_uq: 2214.57 ms
    [TIMING] UQ Calculation (Proximity_Baseline): 2.5512 s
[TIMING] Random Forest fit/check: 0.00 ms
[TIMING] OOB/In-bag index reconstruction: 243.45 ms
[TIMING] Leaf weights & density precomputation: 695.75 ms
[TIMING] Transfer structures to backend: 0.02 ms
[TIMING] Total fit: 939.22 ms
[TIMING] Test leaf ID extraction: 59.06 ms
[TIMING] Proximity matrix accumulation: 4977.87 ms
[TIMING] Neighbor sorting & quantiles: 155.98 ms
[TIMING] Total compute_uq: 5193.28 ms
    [TIMING] UQ Calculation (Proximity_Method_A): 6.1329 s
[TIMING] Random Forest fit/check: 0.00 ms
[TIMING] OOB/In-bag index reconstruction: 242.40 ms
[TIMING] Leaf weights & density precomputation: 691.01 ms
[TIMING] Transfer structures to backend: 0.02 ms
[TIMING] Total fit: 933.43 ms
[TIMING] Test leaf ID extraction: 58.76 ms
[TIMING] Proximity matrix accumulation: 4979.00 ms
[TIMING] Neighbor sorting & quantiles: 42.47 ms
[TIMING] Total compute_uq: 5080.60 ms
    [TIMING] UQ Calculation (Proximity_Method_B): 6.0151 s
[TIMING] Random Forest fit/check: 0.02 ms
[TIMING] OOB/In-bag index reconstruction: 255.24 ms
[TIMING] Leaf weights & density precomputation: 692.87 ms
[TIMING] Transfer structures to backend: 0.02 ms
[TIMING] Total fit: 948.15 ms
[TIMING] Test leaf ID extraction: 59.55 ms
[TIMING] Proximity matrix accumulation: 6216.94 ms
[TIMING] Neighbor sorting & quantiles: 155.96 ms
[TIMING] Total compute_uq: 6432.87 ms
[DEBUG DENSITY] mean walked density = 64.3399, min = 60.7615, max = 67.5584
    [TIMING] UQ Calculation (Proximity_Method_C): 7.3827 s
[TIMING] Random Forest fit/check: 0.00 ms
[TIMING] OOB/In-bag index reconstruction: 242.52 ms
[TIMING] Leaf weights & density precomputation: 692.52 ms
[TIMING] Transfer structures to backend: 0.02 ms
[TIMING] Total fit: 935.06 ms
[TIMING] Test leaf ID extraction: 59.45 ms
[TIMING] Proximity matrix accumulation: 6209.76 ms
[TIMING] Neighbor sorting & quantiles: 42.30 ms
[TIMING] Total compute_uq: 6311.89 ms
[DEBUG DENSITY] mean walked density = 64.3399, min = 60.7615, max = 67.5584
    [TIMING] UQ Calculation (Proximity_Method_B_C): 7.2483 s
    [TIMING] Metrics Calculation: 0.1469 s
    [TIMING] Total Single Evaluation: 33.1007 s

  >>> Starting: Function=quadratic_8d, Seed=0
    [TIMING] Data Generation: 0.0098 s
    [TIMING] Random Forest Fitting: 2.7536 s
    [TIMING] RF Predicting: 0.0531 s
    [TIMING] Base Aleatoric: 0.0755 s
[TIMING] Random Forest fit/check: 0.00 ms
[TIMING] OOB/In-bag index reconstruction: 243.71 ms
[TIMING] Leaf weights & density precomputation: 89.10 ms
[TIMING] Transfer structures to backend: 0.02 ms
[TIMING] Total fit: 332.83 ms
[TIMING] Test leaf ID extraction: 59.19 ms
[TIMING] Proximity matrix accumulation: 1996.25 ms
[TIMING] Neighbor sorting & quantiles: 159.74 ms
[TIMING] Total compute_uq: 2215.57 ms
    [TIMING] UQ Calculation (Proximity_Baseline): 2.5486 s
[TIMING] Random Forest fit/check: 0.00 ms
[TIMING] OOB/In-bag index reconstruction: 241.49 ms
[TIMING] Leaf weights & density precomputation: 656.88 ms
[TIMING] Transfer structures to backend: 0.02 ms
[TIMING] Total fit: 898.38 ms
[TIMING] Test leaf ID extraction: 60.03 ms
[TIMING] Proximity matrix accumulation: 4974.68 ms
[TIMING] Neighbor sorting & quantiles: 155.93 ms
[TIMING] Total compute_uq: 5191.01 ms
    [TIMING] UQ Calculation (Proximity_Method_A): 6.0898 s
[TIMING] Random Forest fit/check: 0.00 ms
[TIMING] OOB/In-bag index reconstruction: 242.68 ms
[TIMING] Leaf weights & density precomputation: 651.73 ms
[TIMING] Transfer structures to backend: 0.02 ms
[TIMING] Total fit: 894.43 ms
[TIMING] Test leaf ID extraction: 60.54 ms
[TIMING] Proximity matrix accumulation: 4977.80 ms
[TIMING] Neighbor sorting & quantiles: 41.87 ms
[TIMING] Total compute_uq: 5080.64 ms
    [TIMING] UQ Calculation (Proximity_Method_B): 5.9762 s
[TIMING] Random Forest fit/check: 0.00 ms
[TIMING] OOB/In-bag index reconstruction: 241.89 ms
[TIMING] Leaf weights & density precomputation: 649.60 ms
[TIMING] Transfer structures to backend: 0.02 ms
[TIMING] Total fit: 891.52 ms
[TIMING] Test leaf ID extraction: 59.70 ms
[TIMING] Proximity matrix accumulation: 6214.95 ms
[TIMING] Neighbor sorting & quantiles: 156.16 ms
[TIMING] Total compute_uq: 6431.23 ms
[DEBUG DENSITY] mean walked density = 64.0009, min = 55.1973, max = 69.1080
    [TIMING] UQ Calculation (Proximity_Method_C): 7.3243 s
[TIMING] Random Forest fit/check: 0.00 ms
[TIMING] OOB/In-bag index reconstruction: 256.60 ms
[TIMING] Leaf weights & density precomputation: 656.33 ms
[TIMING] Transfer structures to backend: 0.02 ms
[TIMING] Total fit: 912.95 ms
[TIMING] Test leaf ID extraction: 60.45 ms
[TIMING] Proximity matrix accumulation: 6208.33 ms
[TIMING] Neighbor sorting & quantiles: 42.15 ms
[TIMING] Total compute_uq: 6311.27 ms
[DEBUG DENSITY] mean walked density = 64.0009, min = 55.1973, max = 69.1080
    [TIMING] UQ Calculation (Proximity_Method_B_C): 7.2257 s
    [TIMING] Metrics Calculation: 0.1333 s
    [TIMING] Total Single Evaluation: 32.1903 s

  >>> Starting: Function=exp_sum_8d, Seed=0
    [TIMING] Data Generation: 0.0107 s
    [TIMING] Random Forest Fitting: 3.0677 s
    [TIMING] RF Predicting: 0.0638 s
    [TIMING] Base Aleatoric: 0.0974 s
[TIMING] Random Forest fit/check: 0.00 ms
[TIMING] OOB/In-bag index reconstruction: 264.48 ms
[TIMING] Leaf weights & density precomputation: 88.26 ms
[TIMING] Transfer structures to backend: 0.02 ms
[TIMING] Total fit: 352.76 ms
[TIMING] Test leaf ID extraction: 59.68 ms
[TIMING] Proximity matrix accumulation: 1997.75 ms
[TIMING] Neighbor sorting & quantiles: 158.92 ms
[TIMING] Total compute_uq: 2216.71 ms
    [TIMING] UQ Calculation (Proximity_Baseline): 2.5697 s
[TIMING] Random Forest fit/check: 0.00 ms
[TIMING] OOB/In-bag index reconstruction: 244.04 ms
[TIMING] Leaf weights & density precomputation: 661.85 ms
[TIMING] Transfer structures to backend: 0.03 ms
[TIMING] Total fit: 905.91 ms
[TIMING] Test leaf ID extraction: 60.33 ms
[TIMING] Proximity matrix accumulation: 4983.27 ms
[TIMING] Neighbor sorting & quantiles: 155.91 ms
[TIMING] Total compute_uq: 5199.89 ms
    [TIMING] UQ Calculation (Proximity_Method_A): 6.1062 s
[TIMING] Random Forest fit/check: 0.00 ms
[TIMING] OOB/In-bag index reconstruction: 613.98 ms
[TIMING] Leaf weights & density precomputation: 912.05 ms
[TIMING] Transfer structures to backend: 0.02 ms
[TIMING] Total fit: 1526.06 ms
[TIMING] Test leaf ID extraction: 298.78 ms
[TIMING] Proximity matrix accumulation: 4978.74 ms
[TIMING] Neighbor sorting & quantiles: 42.83 ms
[TIMING] Total compute_uq: 5320.77 ms
    [TIMING] UQ Calculation (Proximity_Method_B): 6.8482 s
[TIMING] Random Forest fit/check: 0.00 ms
[TIMING] OOB/In-bag index reconstruction: 241.37 ms
[TIMING] Leaf weights & density precomputation: 658.48 ms
[TIMING] Transfer structures to backend: 0.02 ms
[TIMING] Total fit: 899.88 ms
[TIMING] Test leaf ID extraction: 60.38 ms
[TIMING] Proximity matrix accumulation: 6223.39 ms
[TIMING] Neighbor sorting & quantiles: 155.98 ms
[TIMING] Total compute_uq: 6440.17 ms
[DEBUG DENSITY] mean walked density = 64.0165, min = 59.7780, max = 69.8020
    [TIMING] UQ Calculation (Proximity_Method_C): 7.3417 s
[TIMING] Random Forest fit/check: 0.00 ms
[TIMING] OOB/In-bag index reconstruction: 257.88 ms
[TIMING] Leaf weights & density precomputation: 663.54 ms
[TIMING] Transfer structures to backend: 0.02 ms
[TIMING] Total fit: 921.44 ms
[TIMING] Test leaf ID extraction: 59.58 ms
[TIMING] Proximity matrix accumulation: 6215.68 ms
[TIMING] Neighbor sorting & quantiles: 42.07 ms
[TIMING] Total compute_uq: 6317.74 ms
[DEBUG DENSITY] mean walked density = 64.0165, min = 59.7780, max = 69.8020
    [TIMING] UQ Calculation (Proximity_Method_B_C): 7.2406 s
    [TIMING] Metrics Calculation: 0.1348 s
    [TIMING] Total Single Evaluation: 33.4814 s

  >>> Starting: Function=sin_cos_9d, Seed=0
    [TIMING] Data Generation: 0.0158 s
    [TIMING] Random Forest Fitting: 4.0743 s
    [TIMING] RF Predicting: 0.0631 s
    [TIMING] Base Aleatoric: 0.0877 s
[TIMING] Random Forest fit/check: 0.00 ms
[TIMING] OOB/In-bag index reconstruction: 330.32 ms
[TIMING] Leaf weights & density precomputation: 97.75 ms
[TIMING] Transfer structures to backend: 0.02 ms
[TIMING] Total fit: 428.09 ms
[TIMING] Test leaf ID extraction: 69.14 ms
[TIMING] Proximity matrix accumulation: 2527.53 ms
[TIMING] Neighbor sorting & quantiles: 210.49 ms
[TIMING] Total compute_uq: 2807.68 ms
    [TIMING] UQ Calculation (Proximity_Baseline): 3.2360 s
[TIMING] Random Forest fit/check: 0.00 ms
[TIMING] OOB/In-bag index reconstruction: 339.62 ms
[TIMING] Leaf weights & density precomputation: 747.17 ms
[TIMING] Transfer structures to backend: 0.02 ms
[TIMING] Total fit: 1086.80 ms
[TIMING] Test leaf ID extraction: 80.66 ms
[TIMING] Proximity matrix accumulation: 6321.26 ms
[TIMING] Neighbor sorting & quantiles: 206.84 ms
[TIMING] Total compute_uq: 6609.21 ms
    [TIMING] UQ Calculation (Proximity_Method_A): 7.6965 s
[TIMING] Random Forest fit/check: 0.00 ms
[TIMING] OOB/In-bag index reconstruction: 324.32 ms
[TIMING] Leaf weights & density precomputation: 748.15 ms
[TIMING] Transfer structures to backend: 0.02 ms
[TIMING] Total fit: 1072.48 ms
[TIMING] Test leaf ID extraction: 68.29 ms
[TIMING] Proximity matrix accumulation: 6313.74 ms
[TIMING] Neighbor sorting & quantiles: 52.69 ms
[TIMING] Total compute_uq: 6435.10 ms
    [TIMING] UQ Calculation (Proximity_Method_B): 7.5086 s
[TIMING] Random Forest fit/check: 0.00 ms
[TIMING] OOB/In-bag index reconstruction: 701.58 ms
[TIMING] Leaf weights & density precomputation: 1204.99 ms
[TIMING] Transfer structures to backend: 0.02 ms
[TIMING] Total fit: 1906.59 ms
[TIMING] Test leaf ID extraction: 345.41 ms
[TIMING] Proximity matrix accumulation: 7886.17 ms
[TIMING] Neighbor sorting & quantiles: 235.81 ms
[TIMING] Total compute_uq: 8467.95 ms
[DEBUG DENSITY] mean walked density = 64.4087, min = 60.9016, max = 68.9049
    [TIMING] UQ Calculation (Proximity_Method_C): 10.3766 s
[TIMING] Random Forest fit/check: 0.00 ms
[TIMING] OOB/In-bag index reconstruction: 328.24 ms
[TIMING] Leaf weights & density precomputation: 750.45 ms
[TIMING] Transfer structures to backend: 0.02 ms
[TIMING] Total fit: 1078.71 ms
[TIMING] Test leaf ID extraction: 69.98 ms
[TIMING] Proximity matrix accumulation: 7864.45 ms
[TIMING] Neighbor sorting & quantiles: 52.66 ms
[TIMING] Total compute_uq: 7987.51 ms
[DEBUG DENSITY] mean walked density = 64.4087, min = 60.9016, max = 68.9049
    [TIMING] UQ Calculation (Proximity_Method_B_C): 9.0678 s
    [TIMING] Metrics Calculation: 0.1477 s
    [TIMING] Total Single Evaluation: 42.2750 s

  >>> Starting: Function=quadratic_9d, Seed=0
    [TIMING] Data Generation: 0.0130 s
    [TIMING] Random Forest Fitting: 3.6698 s
    [TIMING] RF Predicting: 0.0530 s
    [TIMING] Base Aleatoric: 0.0881 s
[TIMING] Random Forest fit/check: 0.00 ms
[TIMING] OOB/In-bag index reconstruction: 328.65 ms
[TIMING] Leaf weights & density precomputation: 97.07 ms
[TIMING] Transfer structures to backend: 0.02 ms
[TIMING] Total fit: 425.74 ms
[TIMING] Test leaf ID extraction: 58.92 ms
[TIMING] Proximity matrix accumulation: 2527.01 ms
[TIMING] Neighbor sorting & quantiles: 211.85 ms
[TIMING] Total compute_uq: 2798.17 ms
    [TIMING] UQ Calculation (Proximity_Baseline): 3.2241 s
[TIMING] Random Forest fit/check: 0.00 ms
[TIMING] OOB/In-bag index reconstruction: 327.49 ms
[TIMING] Leaf weights & density precomputation: 710.58 ms
[TIMING] Transfer structures to backend: 0.02 ms
[TIMING] Total fit: 1038.09 ms
[TIMING] Test leaf ID extraction: 58.23 ms
[TIMING] Proximity matrix accumulation: 6307.12 ms
[TIMING] Neighbor sorting & quantiles: 206.89 ms
[TIMING] Total compute_uq: 6572.66 ms
    [TIMING] UQ Calculation (Proximity_Method_A): 7.6111 s
[TIMING] Random Forest fit/check: 0.00 ms
[TIMING] OOB/In-bag index reconstruction: 327.30 ms
[TIMING] Leaf weights & density precomputation: 721.11 ms
[TIMING] Transfer structures to backend: 0.02 ms
[TIMING] Total fit: 1048.43 ms
[TIMING] Test leaf ID extraction: 59.39 ms
[TIMING] Proximity matrix accumulation: 6306.46 ms
[TIMING] Neighbor sorting & quantiles: 52.21 ms
[TIMING] Total compute_uq: 6418.43 ms
    [TIMING] UQ Calculation (Proximity_Method_B): 7.4680 s
[TIMING] Random Forest fit/check: 0.00 ms
[TIMING] OOB/In-bag index reconstruction: 327.45 ms
[TIMING] Leaf weights & density precomputation: 713.23 ms
[TIMING] Transfer structures to backend: 0.01 ms
[TIMING] Total fit: 1040.69 ms
[TIMING] Test leaf ID extraction: 59.23 ms
[TIMING] Proximity matrix accumulation: 7858.39 ms
[TIMING] Neighbor sorting & quantiles: 207.31 ms
[TIMING] Total compute_uq: 8125.38 ms
[DEBUG DENSITY] mean walked density = 63.4069, min = 57.0676, max = 69.0722
    [TIMING] UQ Calculation (Proximity_Method_C): 9.1674 s
[TIMING] Random Forest fit/check: 0.00 ms
[TIMING] OOB/In-bag index reconstruction: 326.70 ms
[TIMING] Leaf weights & density precomputation: 713.36 ms
[TIMING] Transfer structures to backend: 0.05 ms
[TIMING] Total fit: 1040.12 ms
[TIMING] Test leaf ID extraction: 70.72 ms
[TIMING] Proximity matrix accumulation: 7864.33 ms
[TIMING] Neighbor sorting & quantiles: 52.31 ms
[TIMING] Total compute_uq: 7987.77 ms
[DEBUG DENSITY] mean walked density = 63.4069, min = 57.0676, max = 69.0722
    [TIMING] UQ Calculation (Proximity_Method_B_C): 9.0298 s
    [TIMING] Metrics Calculation: 0.1538 s
    [TIMING] Total Single Evaluation: 40.4787 s

  >>> Starting: Function=multi_modal_9d, Seed=0
    [TIMING] Data Generation: 0.0174 s
    [TIMING] Random Forest Fitting: 4.1327 s
    [TIMING] RF Predicting: 0.0631 s
    [TIMING] Base Aleatoric: 0.0868 s
[TIMING] Random Forest fit/check: 0.00 ms
[TIMING] OOB/In-bag index reconstruction: 330.14 ms
[TIMING] Leaf weights & density precomputation: 96.50 ms
[TIMING] Transfer structures to backend: 0.02 ms
[TIMING] Total fit: 426.66 ms
[TIMING] Test leaf ID extraction: 57.63 ms
[TIMING] Proximity matrix accumulation: 2527.30 ms
[TIMING] Neighbor sorting & quantiles: 211.63 ms
[TIMING] Total compute_uq: 2796.95 ms
    [TIMING] UQ Calculation (Proximity_Baseline): 3.2240 s
[TIMING] Random Forest fit/check: 0.00 ms
[TIMING] OOB/In-bag index reconstruction: 326.35 ms
[TIMING] Leaf weights & density precomputation: 745.50 ms
[TIMING] Transfer structures to backend: 0.01 ms
[TIMING] Total fit: 1071.87 ms
[TIMING] Test leaf ID extraction: 68.26 ms
[TIMING] Proximity matrix accumulation: 6316.61 ms
[TIMING] Neighbor sorting & quantiles: 206.86 ms
[TIMING] Total compute_uq: 6592.13 ms
    [TIMING] UQ Calculation (Proximity_Method_A): 7.6644 s
[TIMING] Random Forest fit/check: 0.00 ms
[TIMING] OOB/In-bag index reconstruction: 327.85 ms
[TIMING] Leaf weights & density precomputation: 749.46 ms
[TIMING] Transfer structures to backend: 0.02 ms
[TIMING] Total fit: 1077.33 ms
[TIMING] Test leaf ID extraction: 69.70 ms
[TIMING] Proximity matrix accumulation: 6313.22 ms
[TIMING] Neighbor sorting & quantiles: 52.30 ms
[TIMING] Total compute_uq: 6435.69 ms
    [TIMING] UQ Calculation (Proximity_Method_B): 7.5141 s
[TIMING] Random Forest fit/check: 0.00 ms
[TIMING] OOB/In-bag index reconstruction: 326.49 ms
[TIMING] Leaf weights & density precomputation: 747.93 ms
[TIMING] Transfer structures to backend: 0.02 ms
[TIMING] Total fit: 1074.44 ms
[TIMING] Test leaf ID extraction: 69.51 ms
[TIMING] Proximity matrix accumulation: 7864.73 ms
[TIMING] Neighbor sorting & quantiles: 206.84 ms
[TIMING] Total compute_uq: 8141.52 ms
[DEBUG DENSITY] mean walked density = 64.6796, min = 58.8978, max = 68.9281
    [TIMING] UQ Calculation (Proximity_Method_C): 9.2175 s
[TIMING] Random Forest fit/check: 0.03 ms
[TIMING] OOB/In-bag index reconstruction: 350.48 ms
[TIMING] Leaf weights & density precomputation: 744.94 ms
[TIMING] Transfer structures to backend: 0.02 ms
[TIMING] Total fit: 1095.46 ms
[TIMING] Test leaf ID extraction: 70.26 ms
[TIMING] Proximity matrix accumulation: 7870.88 ms
[TIMING] Neighbor sorting & quantiles: 52.05 ms
[TIMING] Total compute_uq: 7993.59 ms
[DEBUG DENSITY] mean walked density = 64.6796, min = 58.8978, max = 68.9281
    [TIMING] UQ Calculation (Proximity_Method_B_C): 9.0904 s
    [TIMING] Metrics Calculation: 0.1775 s
    [TIMING] Total Single Evaluation: 41.1888 s

  >>> Starting: Function=sin_cos_10d, Seed=0
    [TIMING] Data Generation: 0.0198 s
    [TIMING] Random Forest Fitting: 6.0963 s
    [TIMING] RF Predicting: 0.0739 s
    [TIMING] Base Aleatoric: 0.1302 s
[TIMING] Random Forest fit/check: 0.00 ms
[TIMING] OOB/In-bag index reconstruction: 344.70 ms
[TIMING] Leaf weights & density precomputation: 102.15 ms
[TIMING] Transfer structures to backend: 0.02 ms
[TIMING] Total fit: 446.87 ms
[TIMING] Test leaf ID extraction: 70.26 ms
[TIMING] Proximity matrix accumulation: 3141.85 ms
[TIMING] Neighbor sorting & quantiles: 258.88 ms
[TIMING] Total compute_uq: 3471.40 ms
    [TIMING] UQ Calculation (Proximity_Baseline): 3.9186 s
[TIMING] Random Forest fit/check: 0.00 ms
[TIMING] OOB/In-bag index reconstruction: 337.92 ms
[TIMING] Leaf weights & density precomputation: 863.11 ms
[TIMING] Transfer structures to backend: 0.02 ms
[TIMING] Total fit: 1201.04 ms
[TIMING] Test leaf ID extraction: 79.76 ms
[TIMING] Proximity matrix accumulation: 7787.48 ms
[TIMING] Neighbor sorting & quantiles: 254.76 ms
[TIMING] Total compute_uq: 8122.44 ms
    [TIMING] UQ Calculation (Proximity_Method_A): 9.3238 s
[TIMING] Random Forest fit/check: 0.00 ms
[TIMING] OOB/In-bag index reconstruction: 338.31 ms
[TIMING] Leaf weights & density precomputation: 864.41 ms
[TIMING] Transfer structures to backend: 0.01 ms
[TIMING] Total fit: 1202.74 ms
[TIMING] Test leaf ID extraction: 80.08 ms
[TIMING] Proximity matrix accumulation: 7792.71 ms
[TIMING] Neighbor sorting & quantiles: 62.75 ms
[TIMING] Total compute_uq: 7935.93 ms
    [TIMING] UQ Calculation (Proximity_Method_B): 9.1399 s
[TIMING] Random Forest fit/check: 0.00 ms
[TIMING] OOB/In-bag index reconstruction: 341.52 ms
[TIMING] Leaf weights & density precomputation: 862.79 ms
[TIMING] Transfer structures to backend: 0.01 ms
[TIMING] Total fit: 1204.33 ms
[TIMING] Test leaf ID extraction: 69.52 ms
[TIMING] Proximity matrix accumulation: 9680.37 ms
[TIMING] Neighbor sorting & quantiles: 254.72 ms
[TIMING] Total compute_uq: 10005.14 ms
[DEBUG DENSITY] mean walked density = 64.5397, min = 61.0016, max = 68.8551
    [TIMING] UQ Calculation (Proximity_Method_C): 11.2111 s
[TIMING] Random Forest fit/check: 0.00 ms
[TIMING] OOB/In-bag index reconstruction: 341.42 ms
[TIMING] Leaf weights & density precomputation: 867.09 ms
[TIMING] Transfer structures to backend: 0.01 ms
[TIMING] Total fit: 1208.52 ms
[TIMING] Test leaf ID extraction: 79.44 ms
[TIMING] Proximity matrix accumulation: 9696.16 ms
[TIMING] Neighbor sorting & quantiles: 62.73 ms
[TIMING] Total compute_uq: 9838.72 ms
[DEBUG DENSITY] mean walked density = 64.5397, min = 61.0016, max = 68.8551
    [TIMING] UQ Calculation (Proximity_Method_B_C): 11.0487 s
    [TIMING] Metrics Calculation: 0.1680 s
    [TIMING] Total Single Evaluation: 51.1310 s

  >>> Starting: Function=quadratic_10d, Seed=0
    [TIMING] Data Generation: 0.0166 s
    [TIMING] Random Forest Fitting: 4.3233 s
    [TIMING] RF Predicting: 0.0530 s
    [TIMING] Base Aleatoric: 0.0901 s
[TIMING] Random Forest fit/check: 0.00 ms
[TIMING] OOB/In-bag index reconstruction: 330.69 ms
[TIMING] Leaf weights & density precomputation: 100.75 ms
[TIMING] Transfer structures to backend: 0.02 ms
[TIMING] Total fit: 431.46 ms
[TIMING] Test leaf ID extraction: 69.99 ms
[TIMING] Proximity matrix accumulation: 3141.25 ms
[TIMING] Neighbor sorting & quantiles: 260.99 ms
[TIMING] Total compute_uq: 3472.64 ms
    [TIMING] UQ Calculation (Proximity_Baseline): 3.9043 s
[TIMING] Random Forest fit/check: 0.00 ms
[TIMING] OOB/In-bag index reconstruction: 329.38 ms
[TIMING] Leaf weights & density precomputation: 802.11 ms
[TIMING] Transfer structures to backend: 0.02 ms
[TIMING] Total fit: 1131.51 ms
[TIMING] Test leaf ID extraction: 68.33 ms
[TIMING] Proximity matrix accumulation: 7778.64 ms
[TIMING] Neighbor sorting & quantiles: 254.81 ms
[TIMING] Total compute_uq: 8102.24 ms
    [TIMING] UQ Calculation (Proximity_Method_A): 9.2342 s
[TIMING] Random Forest fit/check: 0.00 ms
[TIMING] OOB/In-bag index reconstruction: 329.64 ms
[TIMING] Leaf weights & density precomputation: 970.95 ms
[TIMING] Transfer structures to backend: 0.02 ms
[TIMING] Total fit: 1300.62 ms
[TIMING] Test leaf ID extraction: 279.33 ms
[TIMING] Proximity matrix accumulation: 7882.88 ms
[TIMING] Neighbor sorting & quantiles: 65.71 ms
[TIMING] Total compute_uq: 8228.41 ms
    [TIMING] UQ Calculation (Proximity_Method_B): 9.5304 s
[TIMING] Random Forest fit/check: 0.00 ms
[TIMING] OOB/In-bag index reconstruction: 887.49 ms
[TIMING] Leaf weights & density precomputation: 1160.05 ms
[TIMING] Transfer structures to backend: 0.02 ms
[TIMING] Total fit: 2047.55 ms
[TIMING] Test leaf ID extraction: 70.54 ms
[TIMING] Proximity matrix accumulation: 9701.23 ms
[TIMING] Neighbor sorting & quantiles: 306.61 ms
[TIMING] Total compute_uq: 10078.99 ms
[DEBUG DENSITY] mean walked density = 64.2439, min = 58.5907, max = 68.9091
    [TIMING] UQ Calculation (Proximity_Method_C): 12.1287 s
[TIMING] Random Forest fit/check: 0.00 ms
[TIMING] OOB/In-bag index reconstruction: 1002.82 ms
[TIMING] Leaf weights & density precomputation: 1005.44 ms
[TIMING] Transfer structures to backend: 0.01 ms
[TIMING] Total fit: 2008.27 ms
[TIMING] Test leaf ID extraction: 69.36 ms
[TIMING] Proximity matrix accumulation: 9684.13 ms
[TIMING] Neighbor sorting & quantiles: 62.68 ms
[TIMING] Total compute_uq: 9816.59 ms
[DEBUG DENSITY] mean walked density = 64.2439, min = 58.5907, max = 68.9091
    [TIMING] UQ Calculation (Proximity_Method_B_C): 11.8263 s
    [TIMING] Metrics Calculation: 0.1894 s
    [TIMING] Total Single Evaluation: 51.2972 s

  >>> Starting: Function=friedman_10d, Seed=0
    [TIMING] Data Generation: 0.0170 s
    [TIMING] Random Forest Fitting: 3.9354 s
    [TIMING] RF Predicting: 0.0734 s
    [TIMING] Base Aleatoric: 0.1042 s
[TIMING] Random Forest fit/check: 0.00 ms
[TIMING] OOB/In-bag index reconstruction: 345.73 ms
[TIMING] Leaf weights & density precomputation: 102.35 ms
[TIMING] Transfer structures to backend: 0.02 ms
[TIMING] Total fit: 448.10 ms
[TIMING] Test leaf ID extraction: 70.60 ms
[TIMING] Proximity matrix accumulation: 3141.31 ms
[TIMING] Neighbor sorting & quantiles: 261.61 ms
[TIMING] Total compute_uq: 3474.04 ms
    [TIMING] UQ Calculation (Proximity_Baseline): 3.9223 s
[TIMING] Random Forest fit/check: 0.00 ms
[TIMING] OOB/In-bag index reconstruction: 346.50 ms
[TIMING] Leaf weights & density precomputation: 740.70 ms
[TIMING] Transfer structures to backend: 0.02 ms
[TIMING] Total fit: 1087.22 ms
[TIMING] Test leaf ID extraction: 68.52 ms
[TIMING] Proximity matrix accumulation: 7790.67 ms
[TIMING] Neighbor sorting & quantiles: 255.32 ms
[TIMING] Total compute_uq: 8115.04 ms
    [TIMING] UQ Calculation (Proximity_Method_A): 9.2027 s
[TIMING] Random Forest fit/check: 0.00 ms
[TIMING] OOB/In-bag index reconstruction: 349.23 ms
[TIMING] Leaf weights & density precomputation: 742.37 ms
[TIMING] Transfer structures to backend: 0.02 ms
[TIMING] Total fit: 1091.63 ms
[TIMING] Test leaf ID extraction: 80.54 ms
[TIMING] Proximity matrix accumulation: 7794.17 ms
[TIMING] Neighbor sorting & quantiles: 63.29 ms
[TIMING] Total compute_uq: 7938.53 ms
    [TIMING] UQ Calculation (Proximity_Method_B): 9.0315 s
[TIMING] Random Forest fit/check: 0.00 ms
[TIMING] OOB/In-bag index reconstruction: 339.43 ms
[TIMING] Leaf weights & density precomputation: 759.06 ms
[TIMING] Transfer structures to backend: 0.02 ms
[TIMING] Total fit: 1098.51 ms
[TIMING] Test leaf ID extraction: 79.16 ms
[TIMING] Proximity matrix accumulation: 9683.34 ms
[TIMING] Neighbor sorting & quantiles: 254.90 ms
[TIMING] Total compute_uq: 10017.86 ms
[DEBUG DENSITY] mean walked density = 64.5446, min = 55.9041, max = 70.2311
    [TIMING] UQ Calculation (Proximity_Method_C): 11.1181 s
[TIMING] Random Forest fit/check: 0.00 ms
[TIMING] OOB/In-bag index reconstruction: 337.82 ms
[TIMING] Leaf weights & density precomputation: 739.31 ms
[TIMING] Transfer structures to backend: 0.03 ms
[TIMING] Total fit: 1077.16 ms
[TIMING] Test leaf ID extraction: 79.03 ms
[TIMING] Proximity matrix accumulation: 9699.65 ms
[TIMING] Neighbor sorting & quantiles: 63.36 ms
[TIMING] Total compute_uq: 9842.49 ms
[DEBUG DENSITY] mean walked density = 64.5446, min = 55.9041, max = 70.2311
    [TIMING] UQ Calculation (Proximity_Method_B_C): 10.9211 s
    [TIMING] Metrics Calculation: 0.1678 s
    [TIMING] Total Single Evaluation: 48.4943 s

  >>> Starting: Function=sin_cos_11d, Seed=0
    [TIMING] Data Generation: 0.0234 s
    [TIMING] Random Forest Fitting: 7.8830 s
    [TIMING] RF Predicting: 0.0733 s
    [TIMING] Base Aleatoric: 0.1137 s
[TIMING] Random Forest fit/check: 0.00 ms
[TIMING] OOB/In-bag index reconstruction: 356.08 ms
[TIMING] Leaf weights & density precomputation: 106.53 ms
[TIMING] Transfer structures to backend: 0.02 ms
[TIMING] Total fit: 462.64 ms
[TIMING] Test leaf ID extraction: 80.49 ms
[TIMING] Proximity matrix accumulation: 3810.62 ms
[TIMING] Neighbor sorting & quantiles: 312.24 ms
[TIMING] Total compute_uq: 4203.82 ms
    [TIMING] UQ Calculation (Proximity_Baseline): 4.6667 s
[TIMING] Random Forest fit/check: 0.00 ms
[TIMING] OOB/In-bag index reconstruction: 350.59 ms
[TIMING] Leaf weights & density precomputation: 943.89 ms
[TIMING] Transfer structures to backend: 0.02 ms
[TIMING] Total fit: 1294.49 ms
[TIMING] Test leaf ID extraction: 79.42 ms
[TIMING] Proximity matrix accumulation: 9429.36 ms
[TIMING] Neighbor sorting & quantiles: 307.04 ms
[TIMING] Total compute_uq: 9816.34 ms
    [TIMING] UQ Calculation (Proximity_Method_A): 11.1112 s
[TIMING] Random Forest fit/check: 0.00 ms
[TIMING] OOB/In-bag index reconstruction: 347.04 ms
[TIMING] Leaf weights & density precomputation: 938.05 ms
[TIMING] Transfer structures to backend: 0.02 ms
[TIMING] Total fit: 1285.11 ms
[TIMING] Test leaf ID extraction: 79.86 ms
[TIMING] Proximity matrix accumulation: 9423.83 ms
[TIMING] Neighbor sorting & quantiles: 74.70 ms
[TIMING] Total compute_uq: 9578.82 ms
    [TIMING] UQ Calculation (Proximity_Method_B): 10.8651 s
[TIMING] Random Forest fit/check: 0.00 ms
[TIMING] OOB/In-bag index reconstruction: 351.22 ms
[TIMING] Leaf weights & density precomputation: 928.65 ms
[TIMING] Transfer structures to backend: 0.02 ms
[TIMING] Total fit: 1279.89 ms
[TIMING] Test leaf ID extraction: 89.82 ms
[TIMING] Proximity matrix accumulation: 11711.47 ms
[TIMING] Neighbor sorting & quantiles: 306.90 ms
[TIMING] Total compute_uq: 12108.67 ms
[DEBUG DENSITY] mean walked density = 64.5177, min = 61.4580, max = 68.1948
    [TIMING] UQ Calculation (Proximity_Method_C): 13.3901 s
[TIMING] Random Forest fit/check: 0.00 ms
[TIMING] OOB/In-bag index reconstruction: 354.31 ms
[TIMING] Leaf weights & density precomputation: 932.14 ms
[TIMING] Transfer structures to backend: 0.02 ms
[TIMING] Total fit: 1286.47 ms
[TIMING] Test leaf ID extraction: 79.45 ms
[TIMING] Proximity matrix accumulation: 11706.86 ms
[TIMING] Neighbor sorting & quantiles: 74.49 ms
[TIMING] Total compute_uq: 11861.23 ms
[DEBUG DENSITY] mean walked density = 64.5177, min = 61.4580, max = 68.1948
    [TIMING] UQ Calculation (Proximity_Method_B_C): 13.1490 s
    [TIMING] Metrics Calculation: 0.1763 s
    [TIMING] Total Single Evaluation: 61.4525 s

  >>> Starting: Function=sin_cos_12d, Seed=0
    [TIMING] Data Generation: 0.0282 s
    [TIMING] Random Forest Fitting: 8.8246 s
    [TIMING] RF Predicting: 0.0841 s
    [TIMING] Base Aleatoric: 0.1261 s
[TIMING] Random Forest fit/check: 0.00 ms
[TIMING] OOB/In-bag index reconstruction: 354.80 ms
[TIMING] Leaf weights & density precomputation: 109.64 ms
[TIMING] Transfer structures to backend: 0.02 ms
[TIMING] Total fit: 464.46 ms
[TIMING] Test leaf ID extraction: 91.88 ms
[TIMING] Proximity matrix accumulation: 4547.20 ms
[TIMING] Neighbor sorting & quantiles: 370.30 ms
[TIMING] Total compute_uq: 5009.89 ms
    [TIMING] UQ Calculation (Proximity_Baseline): 5.4747 s
[TIMING] Random Forest fit/check: 0.00 ms
[TIMING] OOB/In-bag index reconstruction: 350.29 ms
[TIMING] Leaf weights & density precomputation: 996.79 ms
[TIMING] Transfer structures to backend: 0.02 ms
[TIMING] Total fit: 1347.10 ms
[TIMING] Test leaf ID extraction: 90.53 ms
[TIMING] Proximity matrix accumulation: 11200.55 ms
[TIMING] Neighbor sorting & quantiles: 364.45 ms
[TIMING] Total compute_uq: 11656.00 ms
    [TIMING] UQ Calculation (Proximity_Method_A): 13.0035 s
[TIMING] Random Forest fit/check: 0.00 ms
[TIMING] OOB/In-bag index reconstruction: 350.46 ms
[TIMING] Leaf weights & density precomputation: 990.01 ms
[TIMING] Transfer structures to backend: 0.02 ms
[TIMING] Total fit: 1340.50 ms
[TIMING] Test leaf ID extraction: 90.59 ms
[TIMING] Proximity matrix accumulation: 11193.49 ms
[TIMING] Neighbor sorting & quantiles: 87.12 ms
[TIMING] Total compute_uq: 11371.62 ms
    [TIMING] UQ Calculation (Proximity_Method_B): 12.7133 s
[TIMING] Random Forest fit/check: 0.00 ms
[TIMING] OOB/In-bag index reconstruction: 349.45 ms
[TIMING] Leaf weights & density precomputation: 998.02 ms
[TIMING] Transfer structures to backend: 0.04 ms
[TIMING] Total fit: 1347.51 ms
[TIMING] Test leaf ID extraction: 91.43 ms
[TIMING] Proximity matrix accumulation: 13904.09 ms
[TIMING] Neighbor sorting & quantiles: 364.30 ms
[TIMING] Total compute_uq: 14360.32 ms
[DEBUG DENSITY] mean walked density = 64.5071, min = 60.3784, max = 67.9617
    [TIMING] UQ Calculation (Proximity_Method_C): 15.7096 s
[TIMING] Random Forest fit/check: 0.00 ms
[TIMING] OOB/In-bag index reconstruction: 350.69 ms
[TIMING] Leaf weights & density precomputation: 992.42 ms
[TIMING] Transfer structures to backend: 0.02 ms
[TIMING] Total fit: 1343.13 ms
[TIMING] Test leaf ID extraction: 91.34 ms
[TIMING] Proximity matrix accumulation: 13904.58 ms
[TIMING] Neighbor sorting & quantiles: 87.09 ms
[TIMING] Total compute_uq: 14083.47 ms
[DEBUG DENSITY] mean walked density = 64.5071, min = 60.3784, max = 67.9617
    [TIMING] UQ Calculation (Proximity_Method_B_C): 15.4281 s
    [TIMING] Metrics Calculation: 0.2118 s
    [TIMING] Total Single Evaluation: 71.6047 s

  >>> Starting: Function=sin_cos_13d, Seed=0
    [TIMING] Data Generation: 0.0318 s
    [TIMING] Random Forest Fitting: 10.8186 s
    [TIMING] RF Predicting: 0.0937 s
    [TIMING] Base Aleatoric: 0.1249 s
[TIMING] Random Forest fit/check: 0.00 ms
[TIMING] OOB/In-bag index reconstruction: 362.99 ms
[TIMING] Leaf weights & density precomputation: 118.37 ms
[TIMING] Transfer structures to backend: 0.02 ms
[TIMING] Total fit: 481.38 ms
[TIMING] Test leaf ID extraction: 101.79 ms
[TIMING] Proximity matrix accumulation: 5396.12 ms
[TIMING] Neighbor sorting & quantiles: 433.86 ms
[TIMING] Total compute_uq: 5932.34 ms
    [TIMING] UQ Calculation (Proximity_Baseline): 6.4140 s
[TIMING] Random Forest fit/check: 0.00 ms
[TIMING] OOB/In-bag index reconstruction: 823.15 ms
[TIMING] Leaf weights & density precomputation: 2433.05 ms
[TIMING] Transfer structures to backend: 0.02 ms
[TIMING] Total fit: 3256.23 ms
[TIMING] Test leaf ID extraction: 359.57 ms
[TIMING] Proximity matrix accumulation: 13111.04 ms
[TIMING] Neighbor sorting & quantiles: 436.49 ms
[TIMING] Total compute_uq: 13907.70 ms
    [TIMING] UQ Calculation (Proximity_Method_A): 17.1644 s
[TIMING] Random Forest fit/check: 0.00 ms
[TIMING] OOB/In-bag index reconstruction: 365.51 ms
[TIMING] Leaf weights & density precomputation: 1097.83 ms
[TIMING] Transfer structures to backend: 0.02 ms
[TIMING] Total fit: 1463.36 ms
[TIMING] Test leaf ID extraction: 90.77 ms
[TIMING] Proximity matrix accumulation: 13139.53 ms
[TIMING] Neighbor sorting & quantiles: 101.43 ms
[TIMING] Total compute_uq: 13332.21 ms
    [TIMING] UQ Calculation (Proximity_Method_B): 14.7967 s
[TIMING] Random Forest fit/check: 0.00 ms
[TIMING] OOB/In-bag index reconstruction: 364.37 ms
[TIMING] Leaf weights & density precomputation: 1088.17 ms
[TIMING] Transfer structures to backend: 0.02 ms
[TIMING] Total fit: 1452.55 ms
[TIMING] Test leaf ID extraction: 90.26 ms
[TIMING] Proximity matrix accumulation: 16277.43 ms
[TIMING] Neighbor sorting & quantiles: 427.40 ms
[TIMING] Total compute_uq: 16795.59 ms
[DEBUG DENSITY] mean walked density = 64.6927, min = 61.1651, max = 68.0486
    [TIMING] UQ Calculation (Proximity_Method_C): 18.2499 s
[TIMING] Random Forest fit/check: 0.00 ms
[TIMING] OOB/In-bag index reconstruction: 362.92 ms
[TIMING] Leaf weights & density precomputation: 1153.58 ms
[TIMING] Transfer structures to backend: 0.02 ms
[TIMING] Total fit: 1516.51 ms
[TIMING] Test leaf ID extraction: 101.57 ms
[TIMING] Proximity matrix accumulation: 16316.07 ms
[TIMING] Neighbor sorting & quantiles: 101.49 ms
[TIMING] Total compute_uq: 16519.62 ms
[DEBUG DENSITY] mean walked density = 64.6927, min = 61.1651, max = 68.0486
    [TIMING] UQ Calculation (Proximity_Method_B_C): 18.0376 s
    [TIMING] Metrics Calculation: 6.9244 s
    [TIMING] Total Single Evaluation: 92.6567 s

  >>> Starting: Function=sin_cos_14d, Seed=0
    [TIMING] Data Generation: 0.0499 s
    [TIMING] Random Forest Fitting: 12.4772 s
    [TIMING] RF Predicting: 0.0939 s
    [TIMING] Base Aleatoric: 0.1376 s
[TIMING] Random Forest fit/check: 0.00 ms
[TIMING] OOB/In-bag index reconstruction: 449.11 ms
[TIMING] Leaf weights & density precomputation: 122.00 ms
[TIMING] Transfer structures to backend: 0.02 ms
[TIMING] Total fit: 571.13 ms
[TIMING] Test leaf ID extraction: 138.33 ms
[TIMING] Proximity matrix accumulation: 6280.87 ms
[TIMING] Neighbor sorting & quantiles: 502.33 ms
[TIMING] Total compute_uq: 6922.02 ms
    [TIMING] UQ Calculation (Proximity_Baseline): 7.4935 s
[TIMING] Random Forest fit/check: 0.00 ms
[TIMING] OOB/In-bag index reconstruction: 454.31 ms
[TIMING] Leaf weights & density precomputation: 1171.16 ms
[TIMING] Transfer structures to backend: 0.01 ms
[TIMING] Total fit: 1625.49 ms
[TIMING] Test leaf ID extraction: 101.81 ms
[TIMING] Proximity matrix accumulation: 15195.93 ms
[TIMING] Neighbor sorting & quantiles: 494.41 ms
[TIMING] Total compute_uq: 15792.70 ms
    [TIMING] UQ Calculation (Proximity_Method_A): 17.4187 s
[TIMING] Random Forest fit/check: 0.03 ms
[TIMING] OOB/In-bag index reconstruction: 374.59 ms
[TIMING] Leaf weights & density precomputation: 1152.76 ms
[TIMING] Transfer structures to backend: 0.02 ms
[TIMING] Total fit: 1527.40 ms
[TIMING] Test leaf ID extraction: 112.30 ms
[TIMING] Proximity matrix accumulation: 15209.68 ms
[TIMING] Neighbor sorting & quantiles: 115.29 ms
[TIMING] Total compute_uq: 15437.81 ms
    [TIMING] UQ Calculation (Proximity_Method_B): 16.9664 s
[TIMING] Random Forest fit/check: 0.00 ms
[TIMING] OOB/In-bag index reconstruction: 373.94 ms
[TIMING] Leaf weights & density precomputation: 1151.58 ms
[TIMING] Transfer structures to backend: 0.02 ms
[TIMING] Total fit: 1525.54 ms
[TIMING] Test leaf ID extraction: 103.36 ms
[TIMING] Proximity matrix accumulation: 18865.77 ms
[TIMING] Neighbor sorting & quantiles: 494.21 ms
[TIMING] Total compute_uq: 19463.91 ms
[DEBUG DENSITY] mean walked density = 64.4504, min = 61.0081, max = 67.7015
    [TIMING] UQ Calculation (Proximity_Method_C): 20.9912 s
[TIMING] Random Forest fit/check: 0.00 ms
[TIMING] OOB/In-bag index reconstruction: 466.95 ms
[TIMING] Leaf weights & density precomputation: 1157.06 ms
[TIMING] Transfer structures to backend: 0.02 ms
[TIMING] Total fit: 1624.02 ms
[TIMING] Test leaf ID extraction: 112.26 ms
[TIMING] Proximity matrix accumulation: 18883.92 ms
[TIMING] Neighbor sorting & quantiles: 115.44 ms
[TIMING] Total compute_uq: 19112.16 ms
[DEBUG DENSITY] mean walked density = 64.4504, min = 61.0081, max = 67.7015
    [TIMING] UQ Calculation (Proximity_Method_B_C): 20.7379 s
    [TIMING] Metrics Calculation: 5.8398 s
    [TIMING] Total Single Evaluation: 102.2069 s

  >>> Starting: Function=sin_cos_15d, Seed=0
    [TIMING] Data Generation: 0.0562 s
    [TIMING] Random Forest Fitting: 16.4259 s
    [TIMING] RF Predicting: 0.1040 s
    [TIMING] Base Aleatoric: 0.1517 s
[TIMING] Random Forest fit/check: 0.00 ms
[TIMING] OOB/In-bag index reconstruction: 390.29 ms
[TIMING] Leaf weights & density precomputation: 127.97 ms
[TIMING] Transfer structures to backend: 0.02 ms
[TIMING] Total fit: 518.28 ms
[TIMING] Test leaf ID extraction: 114.99 ms
[TIMING] Proximity matrix accumulation: 7208.99 ms
[TIMING] Neighbor sorting & quantiles: 576.54 ms
[TIMING] Total compute_uq: 7901.11 ms
    [TIMING] UQ Calculation (Proximity_Baseline): 8.4201 s
[TIMING] Random Forest fit/check: 0.00 ms
[TIMING] OOB/In-bag index reconstruction: 393.91 ms
[TIMING] Leaf weights & density precomputation: 1289.73 ms
[TIMING] Transfer structures to backend: 0.02 ms
[TIMING] Total fit: 1683.66 ms
[TIMING] Test leaf ID extraction: 114.73 ms
[TIMING] Proximity matrix accumulation: 17451.46 ms
[TIMING] Neighbor sorting & quantiles: 567.48 ms
[TIMING] Total compute_uq: 18134.26 ms
    [TIMING] UQ Calculation (Proximity_Method_A): 19.8187 s
[TIMING] Random Forest fit/check: 0.00 ms
[TIMING] OOB/In-bag index reconstruction: 388.09 ms
[TIMING] Leaf weights & density precomputation: 1295.73 ms
[TIMING] Transfer structures to backend: 0.04 ms
[TIMING] Total fit: 1683.86 ms
[TIMING] Test leaf ID extraction: 125.24 ms
[TIMING] Proximity matrix accumulation: 17466.35 ms
[TIMING] Neighbor sorting & quantiles: 131.95 ms
[TIMING] Total compute_uq: 17724.10 ms
    [TIMING] UQ Calculation (Proximity_Method_B): 19.4096 s
[TIMING] Random Forest fit/check: 0.00 ms
[TIMING] OOB/In-bag index reconstruction: 388.88 ms
[TIMING] Leaf weights & density precomputation: 1291.93 ms
[TIMING] Transfer structures to backend: 0.04 ms
[TIMING] Total fit: 1680.86 ms
[TIMING] Test leaf ID extraction: 125.22 ms
[TIMING] Proximity matrix accumulation: 21650.20 ms
[TIMING] Neighbor sorting & quantiles: 567.83 ms
[TIMING] Total compute_uq: 22343.90 ms
[DEBUG DENSITY] mean walked density = 64.5569, min = 61.2382, max = 68.4849
    [TIMING] UQ Calculation (Proximity_Method_C): 24.0270 s
[TIMING] Random Forest fit/check: 0.00 ms
[TIMING] OOB/In-bag index reconstruction: 389.92 ms
[TIMING] Leaf weights & density precomputation: 1291.18 ms
[TIMING] Transfer structures to backend: 0.02 ms
[TIMING] Total fit: 1681.12 ms
[TIMING] Test leaf ID extraction: 124.62 ms
[TIMING] Proximity matrix accumulation: 21670.09 ms
[TIMING] Neighbor sorting & quantiles: 131.94 ms
[TIMING] Total compute_uq: 21927.23 ms
[DEBUG DENSITY] mean walked density = 64.5569, min = 61.2382, max = 68.4849
    [TIMING] UQ Calculation (Proximity_Method_B_C): 23.6104 s
    [TIMING] Metrics Calculation: 8.2350 s
    [TIMING] Total Single Evaluation: 120.2594 s
 [OK] (1128.4s, ETA: 112m remaining)
[RUN 2/7] 
  >>> Starting: Function=sin, Seed=1
    [TIMING] Data Generation: 0.0004 s
    [TIMING] Random Forest Fitting: 0.4415 s
    [TIMING] RF Predicting: 0.0432 s
    [TIMING] Base Aleatoric: 0.0499 s
[TIMING] Random Forest fit/check: 0.00 ms
[TIMING] OOB/In-bag index reconstruction: 166.60 ms
[TIMING] Leaf weights & density precomputation: 49.51 ms
[TIMING] Transfer structures to backend: 0.01 ms
[TIMING] Total fit: 216.13 ms
[TIMING] Test leaf ID extraction: 44.91 ms
[TIMING] Proximity matrix accumulation: 35.98 ms
[TIMING] Neighbor sorting & quantiles: 4.20 ms
[TIMING] Total compute_uq: 85.31 ms
    [TIMING] UQ Calculation (Proximity_Baseline): 0.3016 s
[TIMING] Random Forest fit/check: 0.00 ms
[TIMING] OOB/In-bag index reconstruction: 167.01 ms
[TIMING] Leaf weights & density precomputation: 286.49 ms
[TIMING] Transfer structures to backend: 0.01 ms
[TIMING] Total fit: 453.52 ms
[TIMING] Test leaf ID extraction: 44.45 ms
[TIMING] Proximity matrix accumulation: 151.31 ms
[TIMING] Neighbor sorting & quantiles: 4.08 ms
[TIMING] Total compute_uq: 200.02 ms
    [TIMING] UQ Calculation (Proximity_Method_A): 0.6538 s
[TIMING] Random Forest fit/check: 0.00 ms
[TIMING] OOB/In-bag index reconstruction: 167.02 ms
[TIMING] Leaf weights & density precomputation: 288.28 ms
[TIMING] Transfer structures to backend: 0.02 ms
[TIMING] Total fit: 455.31 ms
[TIMING] Test leaf ID extraction: 45.05 ms
[TIMING] Proximity matrix accumulation: 154.64 ms
[TIMING] Neighbor sorting & quantiles: 5.08 ms
[TIMING] Total compute_uq: 205.00 ms
    [TIMING] UQ Calculation (Proximity_Method_B): 0.6614 s
[TIMING] Random Forest fit/check: 0.00 ms
[TIMING] OOB/In-bag index reconstruction: 167.25 ms
[TIMING] Leaf weights & density precomputation: 288.03 ms
[TIMING] Transfer structures to backend: 0.02 ms
[TIMING] Total fit: 455.29 ms
[TIMING] Test leaf ID extraction: 45.05 ms
[TIMING] Proximity matrix accumulation: 204.87 ms
[TIMING] Neighbor sorting & quantiles: 4.08 ms
[TIMING] Total compute_uq: 254.23 ms
[DEBUG DENSITY] mean walked density = 64.9077, min = 57.0212, max = 72.0686
    [TIMING] UQ Calculation (Proximity_Method_C): 0.7109 s
[TIMING] Random Forest fit/check: 0.00 ms
[TIMING] OOB/In-bag index reconstruction: 177.56 ms
[TIMING] Leaf weights & density precomputation: 286.73 ms
[TIMING] Transfer structures to backend: 0.02 ms
[TIMING] Total fit: 464.31 ms
[TIMING] Test leaf ID extraction: 45.20 ms
[TIMING] Proximity matrix accumulation: 206.55 ms
[TIMING] Neighbor sorting & quantiles: 4.76 ms
[TIMING] Total compute_uq: 256.66 ms
[DEBUG DENSITY] mean walked density = 64.9077, min = 57.0212, max = 72.0686
    [TIMING] UQ Calculation (Proximity_Method_B_C): 0.7223 s
    [TIMING] Metrics Calculation: 0.0800 s
    [TIMING] Total Single Evaluation: 3.6652 s

  >>> Starting: Function=cos_trend, Seed=1
    [TIMING] Data Generation: 0.0004 s
    [TIMING] Random Forest Fitting: 0.3775 s
    [TIMING] RF Predicting: 0.0642 s
    [TIMING] Base Aleatoric: 0.0498 s
[TIMING] Random Forest fit/check: 0.00 ms
[TIMING] OOB/In-bag index reconstruction: 166.46 ms
[TIMING] Leaf weights & density precomputation: 48.78 ms
[TIMING] Transfer structures to backend: 0.01 ms
[TIMING] Total fit: 215.25 ms
[TIMING] Test leaf ID extraction: 44.13 ms
[TIMING] Proximity matrix accumulation: 36.71 ms
[TIMING] Neighbor sorting & quantiles: 4.21 ms
[TIMING] Total compute_uq: 85.23 ms
    [TIMING] UQ Calculation (Proximity_Baseline): 0.3006 s
[TIMING] Random Forest fit/check: 0.00 ms
[TIMING] OOB/In-bag index reconstruction: 179.15 ms
[TIMING] Leaf weights & density precomputation: 284.28 ms
[TIMING] Transfer structures to backend: 0.02 ms
[TIMING] Total fit: 463.44 ms
[TIMING] Test leaf ID extraction: 44.95 ms
[TIMING] Proximity matrix accumulation: 151.38 ms
[TIMING] Neighbor sorting & quantiles: 4.07 ms
[TIMING] Total compute_uq: 200.58 ms
    [TIMING] UQ Calculation (Proximity_Method_A): 0.6644 s
[TIMING] Random Forest fit/check: 0.00 ms
[TIMING] OOB/In-bag index reconstruction: 165.85 ms
[TIMING] Leaf weights & density precomputation: 282.65 ms
[TIMING] Transfer structures to backend: 0.01 ms
[TIMING] Total fit: 448.51 ms
[TIMING] Test leaf ID extraction: 44.46 ms
[TIMING] Proximity matrix accumulation: 153.39 ms
[TIMING] Neighbor sorting & quantiles: 4.82 ms
[TIMING] Total compute_uq: 202.86 ms
    [TIMING] UQ Calculation (Proximity_Method_B): 0.6523 s
[TIMING] Random Forest fit/check: 0.00 ms
[TIMING] OOB/In-bag index reconstruction: 166.09 ms
[TIMING] Leaf weights & density precomputation: 282.27 ms
[TIMING] Transfer structures to backend: 0.01 ms
[TIMING] Total fit: 448.37 ms
[TIMING] Test leaf ID extraction: 44.50 ms
[TIMING] Proximity matrix accumulation: 206.80 ms
[TIMING] Neighbor sorting & quantiles: 4.10 ms
[TIMING] Total compute_uq: 255.57 ms
[DEBUG DENSITY] mean walked density = 64.5672, min = 57.6748, max = 70.6451
    [TIMING] UQ Calculation (Proximity_Method_C): 0.7052 s
[TIMING] Random Forest fit/check: 0.00 ms
[TIMING] OOB/In-bag index reconstruction: 167.98 ms
[TIMING] Leaf weights & density precomputation: 280.30 ms
[TIMING] Transfer structures to backend: 0.01 ms
[TIMING] Total fit: 448.29 ms
[TIMING] Test leaf ID extraction: 44.45 ms
[TIMING] Proximity matrix accumulation: 203.36 ms
[TIMING] Neighbor sorting & quantiles: 4.75 ms
[TIMING] Total compute_uq: 252.78 ms
[DEBUG DENSITY] mean walked density = 64.5672, min = 57.6748, max = 70.6451
    [TIMING] UQ Calculation (Proximity_Method_B_C): 0.7024 s
    [TIMING] Metrics Calculation: 0.2037 s
    [TIMING] Total Single Evaluation: 3.7208 s

  >>> Starting: Function=poly, Seed=1
    [TIMING] Data Generation: 0.0003 s
    [TIMING] Random Forest Fitting: 0.3764 s
    [TIMING] RF Predicting: 0.0433 s
    [TIMING] Base Aleatoric: 0.0493 s
[TIMING] Random Forest fit/check: 0.00 ms
[TIMING] OOB/In-bag index reconstruction: 166.98 ms
[TIMING] Leaf weights & density precomputation: 48.59 ms
[TIMING] Transfer structures to backend: 0.01 ms
[TIMING] Total fit: 215.58 ms
[TIMING] Test leaf ID extraction: 44.10 ms
[TIMING] Proximity matrix accumulation: 36.55 ms
[TIMING] Neighbor sorting & quantiles: 4.19 ms
[TIMING] Total compute_uq: 85.00 ms
    [TIMING] UQ Calculation (Proximity_Baseline): 0.3007 s
[TIMING] Random Forest fit/check: 0.00 ms
[TIMING] OOB/In-bag index reconstruction: 166.70 ms
[TIMING] Leaf weights & density precomputation: 284.65 ms
[TIMING] Transfer structures to backend: 0.02 ms
[TIMING] Total fit: 451.37 ms
[TIMING] Test leaf ID extraction: 44.78 ms
[TIMING] Proximity matrix accumulation: 150.58 ms
[TIMING] Neighbor sorting & quantiles: 4.07 ms
[TIMING] Total compute_uq: 199.62 ms
    [TIMING] UQ Calculation (Proximity_Method_A): 0.6513 s
[TIMING] Random Forest fit/check: 0.00 ms
[TIMING] OOB/In-bag index reconstruction: 181.48 ms
[TIMING] Leaf weights & density precomputation: 286.81 ms
[TIMING] Transfer structures to backend: 0.02 ms
[TIMING] Total fit: 468.30 ms
[TIMING] Test leaf ID extraction: 33.60 ms
[TIMING] Proximity matrix accumulation: 149.59 ms
[TIMING] Neighbor sorting & quantiles: 4.86 ms
[TIMING] Total compute_uq: 188.23 ms
    [TIMING] UQ Calculation (Proximity_Method_B): 0.6577 s
[TIMING] Random Forest fit/check: 0.00 ms
[TIMING] OOB/In-bag index reconstruction: 154.63 ms
[TIMING] Leaf weights & density precomputation: 290.03 ms
[TIMING] Transfer structures to backend: 0.03 ms
[TIMING] Total fit: 444.69 ms
[TIMING] Test leaf ID extraction: 33.85 ms
[TIMING] Proximity matrix accumulation: 206.89 ms
[TIMING] Neighbor sorting & quantiles: 4.12 ms
[TIMING] Total compute_uq: 245.04 ms
[DEBUG DENSITY] mean walked density = 64.6358, min = 56.3246, max = 72.7088
    [TIMING] UQ Calculation (Proximity_Method_C): 0.6910 s
[TIMING] Random Forest fit/check: 0.00 ms
[TIMING] OOB/In-bag index reconstruction: 154.63 ms
[TIMING] Leaf weights & density precomputation: 287.14 ms
[TIMING] Transfer structures to backend: 0.01 ms
[TIMING] Total fit: 441.79 ms
[TIMING] Test leaf ID extraction: 45.05 ms
[TIMING] Proximity matrix accumulation: 204.68 ms
[TIMING] Neighbor sorting & quantiles: 4.82 ms
[TIMING] Total compute_uq: 254.77 ms
[DEBUG DENSITY] mean walked density = 64.6358, min = 56.3246, max = 72.7088
    [TIMING] UQ Calculation (Proximity_Method_B_C): 0.6979 s
    [TIMING] Metrics Calculation: 0.0893 s
    [TIMING] Total Single Evaluation: 3.5574 s

  >>> Starting: Function=damped_osc, Seed=1
    [TIMING] Data Generation: 0.0005 s
    [TIMING] Random Forest Fitting: 0.4577 s
    [TIMING] RF Predicting: 0.0440 s
    [TIMING] Base Aleatoric: 0.0388 s
[TIMING] Random Forest fit/check: 0.00 ms
[TIMING] OOB/In-bag index reconstruction: 156.80 ms
[TIMING] Leaf weights & density precomputation: 53.43 ms
[TIMING] Transfer structures to backend: 0.01 ms
[TIMING] Total fit: 210.25 ms
[TIMING] Test leaf ID extraction: 44.55 ms
[TIMING] Proximity matrix accumulation: 36.09 ms
[TIMING] Neighbor sorting & quantiles: 4.20 ms
[TIMING] Total compute_uq: 85.04 ms
    [TIMING] UQ Calculation (Proximity_Baseline): 0.2954 s
[TIMING] Random Forest fit/check: 0.00 ms
[TIMING] OOB/In-bag index reconstruction: 166.30 ms
[TIMING] Leaf weights & density precomputation: 281.35 ms
[TIMING] Transfer structures to backend: 0.01 ms
[TIMING] Total fit: 447.67 ms
[TIMING] Test leaf ID extraction: 34.22 ms
[TIMING] Proximity matrix accumulation: 152.24 ms
[TIMING] Neighbor sorting & quantiles: 4.10 ms
[TIMING] Total compute_uq: 190.77 ms
    [TIMING] UQ Calculation (Proximity_Method_A): 0.6389 s
[TIMING] Random Forest fit/check: 0.00 ms
[TIMING] OOB/In-bag index reconstruction: 154.02 ms
[TIMING] Leaf weights & density precomputation: 280.94 ms
[TIMING] Transfer structures to backend: 0.01 ms
[TIMING] Total fit: 434.98 ms
[TIMING] Test leaf ID extraction: 55.25 ms
[TIMING] Proximity matrix accumulation: 152.64 ms
[TIMING] Neighbor sorting & quantiles: 4.78 ms
[TIMING] Total compute_uq: 212.87 ms
    [TIMING] UQ Calculation (Proximity_Method_B): 0.6489 s
[TIMING] Random Forest fit/check: 0.00 ms
[TIMING] OOB/In-bag index reconstruction: 178.29 ms
[TIMING] Leaf weights & density precomputation: 283.39 ms
[TIMING] Transfer structures to backend: 0.01 ms
[TIMING] Total fit: 461.69 ms
[TIMING] Test leaf ID extraction: 55.69 ms
[TIMING] Proximity matrix accumulation: 205.80 ms
[TIMING] Neighbor sorting & quantiles: 4.09 ms
[TIMING] Total compute_uq: 265.79 ms
[DEBUG DENSITY] mean walked density = 64.1312, min = 56.7710, max = 73.7545
    [TIMING] UQ Calculation (Proximity_Method_C): 0.7288 s
[TIMING] Random Forest fit/check: 0.00 ms
[TIMING] OOB/In-bag index reconstruction: 166.34 ms
[TIMING] Leaf weights & density precomputation: 280.79 ms
[TIMING] Transfer structures to backend: 0.01 ms
[TIMING] Total fit: 447.15 ms
[TIMING] Test leaf ID extraction: 54.89 ms
[TIMING] Proximity matrix accumulation: 202.80 ms
[TIMING] Neighbor sorting & quantiles: 4.75 ms
[TIMING] Total compute_uq: 262.63 ms
[DEBUG DENSITY] mean walked density = 64.1312, min = 56.7710, max = 73.7545
    [TIMING] UQ Calculation (Proximity_Method_B_C): 0.7110 s
    [TIMING] Metrics Calculation: 0.0793 s
    [TIMING] Total Single Evaluation: 3.6436 s

  >>> Starting: Function=log_mod, Seed=1
    [TIMING] Data Generation: 0.0004 s
    [TIMING] Random Forest Fitting: 0.4510 s
    [TIMING] RF Predicting: 0.0540 s
    [TIMING] Base Aleatoric: 0.0600 s
[TIMING] Random Forest fit/check: 0.00 ms
[TIMING] OOB/In-bag index reconstruction: 178.05 ms
[TIMING] Leaf weights & density precomputation: 48.33 ms
[TIMING] Transfer structures to backend: 0.01 ms
[TIMING] Total fit: 226.39 ms
[TIMING] Test leaf ID extraction: 55.07 ms
[TIMING] Proximity matrix accumulation: 36.23 ms
[TIMING] Neighbor sorting & quantiles: 4.18 ms
[TIMING] Total compute_uq: 95.67 ms
    [TIMING] UQ Calculation (Proximity_Baseline): 0.3222 s
[TIMING] Random Forest fit/check: 0.00 ms
[TIMING] OOB/In-bag index reconstruction: 178.43 ms
[TIMING] Leaf weights & density precomputation: 282.43 ms
[TIMING] Transfer structures to backend: 0.01 ms
[TIMING] Total fit: 460.87 ms
[TIMING] Test leaf ID extraction: 45.15 ms
[TIMING] Proximity matrix accumulation: 150.02 ms
[TIMING] Neighbor sorting & quantiles: 4.07 ms
[TIMING] Total compute_uq: 199.44 ms
    [TIMING] UQ Calculation (Proximity_Method_A): 0.6607 s
[TIMING] Random Forest fit/check: 0.00 ms
[TIMING] OOB/In-bag index reconstruction: 155.54 ms
[TIMING] Leaf weights & density precomputation: 289.92 ms
[TIMING] Transfer structures to backend: 0.01 ms
[TIMING] Total fit: 445.48 ms
[TIMING] Test leaf ID extraction: 33.66 ms
[TIMING] Proximity matrix accumulation: 149.99 ms
[TIMING] Neighbor sorting & quantiles: 5.07 ms
[TIMING] Total compute_uq: 188.93 ms
    [TIMING] UQ Calculation (Proximity_Method_B): 0.6355 s
[TIMING] Random Forest fit/check: 0.00 ms
[TIMING] OOB/In-bag index reconstruction: 196.49 ms
[TIMING] Leaf weights & density precomputation: 310.38 ms
[TIMING] Transfer structures to backend: 0.02 ms
[TIMING] Total fit: 506.89 ms
[TIMING] Test leaf ID extraction: 35.04 ms
[TIMING] Proximity matrix accumulation: 231.58 ms
[TIMING] Neighbor sorting & quantiles: 4.12 ms
[TIMING] Total compute_uq: 271.07 ms
[DEBUG DENSITY] mean walked density = 65.1189, min = 57.5541, max = 72.4717
    [TIMING] UQ Calculation (Proximity_Method_C): 0.7794 s
[TIMING] Random Forest fit/check: 0.00 ms
[TIMING] OOB/In-bag index reconstruction: 167.10 ms
[TIMING] Leaf weights & density precomputation: 281.95 ms
[TIMING] Transfer structures to backend: 0.01 ms
[TIMING] Total fit: 449.07 ms
[TIMING] Test leaf ID extraction: 44.57 ms
[TIMING] Proximity matrix accumulation: 203.12 ms
[TIMING] Neighbor sorting & quantiles: 4.68 ms
[TIMING] Total compute_uq: 252.57 ms
[DEBUG DENSITY] mean walked density = 65.1189, min = 57.5541, max = 72.4717
    [TIMING] UQ Calculation (Proximity_Method_B_C): 0.7029 s
    [TIMING] Metrics Calculation: 0.0661 s
    [TIMING] Total Single Evaluation: 3.7325 s

  >>> Starting: Function=sin_cos, Seed=1
    [TIMING] Data Generation: 0.0013 s
    [TIMING] Random Forest Fitting: 0.3961 s
    [TIMING] RF Predicting: 0.0432 s
    [TIMING] Base Aleatoric: 0.0531 s
[TIMING] Random Forest fit/check: 0.00 ms
[TIMING] OOB/In-bag index reconstruction: 186.16 ms
[TIMING] Leaf weights & density precomputation: 56.98 ms
[TIMING] Transfer structures to backend: 0.01 ms
[TIMING] Total fit: 243.15 ms
[TIMING] Test leaf ID extraction: 45.34 ms
[TIMING] Proximity matrix accumulation: 148.63 ms
[TIMING] Neighbor sorting & quantiles: 16.39 ms
[TIMING] Total compute_uq: 210.79 ms
    [TIMING] UQ Calculation (Proximity_Baseline): 0.4541 s
[TIMING] Random Forest fit/check: 0.00 ms
[TIMING] OOB/In-bag index reconstruction: 186.27 ms
[TIMING] Leaf weights & density precomputation: 320.81 ms
[TIMING] Transfer structures to backend: 0.01 ms
[TIMING] Total fit: 507.10 ms
[TIMING] Test leaf ID extraction: 45.71 ms
[TIMING] Proximity matrix accumulation: 435.32 ms
[TIMING] Neighbor sorting & quantiles: 15.98 ms
[TIMING] Total compute_uq: 497.21 ms
    [TIMING] UQ Calculation (Proximity_Method_A): 1.0047 s
[TIMING] Random Forest fit/check: 0.00 ms
[TIMING] OOB/In-bag index reconstruction: 184.95 ms
[TIMING] Leaf weights & density precomputation: 323.32 ms
[TIMING] Transfer structures to backend: 0.01 ms
[TIMING] Total fit: 508.29 ms
[TIMING] Test leaf ID extraction: 45.61 ms
[TIMING] Proximity matrix accumulation: 436.17 ms
[TIMING] Neighbor sorting & quantiles: 8.21 ms
[TIMING] Total compute_uq: 490.41 ms
    [TIMING] UQ Calculation (Proximity_Method_B): 0.9997 s
[TIMING] Random Forest fit/check: 0.00 ms
[TIMING] OOB/In-bag index reconstruction: 189.23 ms
[TIMING] Leaf weights & density precomputation: 324.93 ms
[TIMING] Transfer structures to backend: 0.02 ms
[TIMING] Total fit: 514.18 ms
[TIMING] Test leaf ID extraction: 45.86 ms
[TIMING] Proximity matrix accumulation: 541.95 ms
[TIMING] Neighbor sorting & quantiles: 16.01 ms
[TIMING] Total compute_uq: 604.29 ms
[DEBUG DENSITY] mean walked density = 64.3239, min = 47.8125, max = 73.8688
    [TIMING] UQ Calculation (Proximity_Method_C): 1.1199 s
[TIMING] Random Forest fit/check: 0.00 ms
[TIMING] OOB/In-bag index reconstruction: 185.34 ms
[TIMING] Leaf weights & density precomputation: 324.06 ms
[TIMING] Transfer structures to backend: 0.02 ms
[TIMING] Total fit: 509.42 ms
[TIMING] Test leaf ID extraction: 45.00 ms
[TIMING] Proximity matrix accumulation: 546.31 ms
[TIMING] Neighbor sorting & quantiles: 9.05 ms
[TIMING] Total compute_uq: 600.62 ms
[DEBUG DENSITY] mean walked density = 64.3239, min = 47.8125, max = 73.8688
    [TIMING] UQ Calculation (Proximity_Method_B_C): 1.1115 s
    [TIMING] Metrics Calculation: 0.0749 s
    [TIMING] Total Single Evaluation: 5.2588 s

  >>> Starting: Function=quadratic, Seed=1
    [TIMING] Data Generation: 0.0010 s
    [TIMING] Random Forest Fitting: 0.3978 s
    [TIMING] RF Predicting: 0.0433 s
    [TIMING] Base Aleatoric: 0.0513 s
[TIMING] Random Forest fit/check: 0.00 ms
[TIMING] OOB/In-bag index reconstruction: 187.76 ms
[TIMING] Leaf weights & density precomputation: 59.61 ms
[TIMING] Transfer structures to backend: 0.02 ms
[TIMING] Total fit: 247.38 ms
[TIMING] Test leaf ID extraction: 44.99 ms
[TIMING] Proximity matrix accumulation: 149.15 ms
[TIMING] Neighbor sorting & quantiles: 16.44 ms
[TIMING] Total compute_uq: 210.82 ms
    [TIMING] UQ Calculation (Proximity_Baseline): 0.4584 s
[TIMING] Random Forest fit/check: 0.00 ms
[TIMING] OOB/In-bag index reconstruction: 187.48 ms
[TIMING] Leaf weights & density precomputation: 331.19 ms
[TIMING] Transfer structures to backend: 0.02 ms
[TIMING] Total fit: 518.70 ms
[TIMING] Test leaf ID extraction: 44.83 ms
[TIMING] Proximity matrix accumulation: 433.17 ms
[TIMING] Neighbor sorting & quantiles: 15.97 ms
[TIMING] Total compute_uq: 494.21 ms
    [TIMING] UQ Calculation (Proximity_Method_A): 1.0132 s
[TIMING] Random Forest fit/check: 0.00 ms
[TIMING] OOB/In-bag index reconstruction: 187.59 ms
[TIMING] Leaf weights & density precomputation: 324.93 ms
[TIMING] Transfer structures to backend: 0.02 ms
[TIMING] Total fit: 512.54 ms
[TIMING] Test leaf ID extraction: 44.71 ms
[TIMING] Proximity matrix accumulation: 437.54 ms
[TIMING] Neighbor sorting & quantiles: 8.61 ms
[TIMING] Total compute_uq: 491.31 ms
    [TIMING] UQ Calculation (Proximity_Method_B): 1.0049 s
[TIMING] Random Forest fit/check: 0.00 ms
[TIMING] OOB/In-bag index reconstruction: 189.80 ms
[TIMING] Leaf weights & density precomputation: 325.21 ms
[TIMING] Transfer structures to backend: 0.02 ms
[TIMING] Total fit: 515.02 ms
[TIMING] Test leaf ID extraction: 44.77 ms
[TIMING] Proximity matrix accumulation: 544.70 ms
[TIMING] Neighbor sorting & quantiles: 16.01 ms
[TIMING] Total compute_uq: 605.74 ms
[DEBUG DENSITY] mean walked density = 64.5211, min = 57.7440, max = 70.6590
    [TIMING] UQ Calculation (Proximity_Method_C): 1.1222 s
[TIMING] Random Forest fit/check: 0.00 ms
[TIMING] OOB/In-bag index reconstruction: 187.87 ms
[TIMING] Leaf weights & density precomputation: 325.37 ms
[TIMING] Transfer structures to backend: 0.02 ms
[TIMING] Total fit: 513.27 ms
[TIMING] Test leaf ID extraction: 44.64 ms
[TIMING] Proximity matrix accumulation: 548.15 ms
[TIMING] Neighbor sorting & quantiles: 8.77 ms
[TIMING] Total compute_uq: 601.80 ms
[DEBUG DENSITY] mean walked density = 64.5211, min = 57.7440, max = 70.6590
    [TIMING] UQ Calculation (Proximity_Method_B_C): 1.1164 s
    [TIMING] Metrics Calculation: 0.0777 s
    [TIMING] Total Single Evaluation: 5.2866 s

  >>> Starting: Function=sin_sum_mod, Seed=1
    [TIMING] Data Generation: 0.0011 s
    [TIMING] Random Forest Fitting: 0.4209 s
    [TIMING] RF Predicting: 0.0430 s
    [TIMING] Base Aleatoric: 0.0512 s
[TIMING] Random Forest fit/check: 0.00 ms
[TIMING] OOB/In-bag index reconstruction: 186.97 ms
[TIMING] Leaf weights & density precomputation: 71.37 ms
[TIMING] Transfer structures to backend: 0.02 ms
[TIMING] Total fit: 258.36 ms
[TIMING] Test leaf ID extraction: 45.11 ms
[TIMING] Proximity matrix accumulation: 148.89 ms
[TIMING] Neighbor sorting & quantiles: 16.48 ms
[TIMING] Total compute_uq: 210.73 ms
    [TIMING] UQ Calculation (Proximity_Baseline): 0.4692 s
[TIMING] Random Forest fit/check: 0.00 ms
[TIMING] OOB/In-bag index reconstruction: 187.41 ms
[TIMING] Leaf weights & density precomputation: 338.94 ms
[TIMING] Transfer structures to backend: 0.02 ms
[TIMING] Total fit: 526.36 ms
[TIMING] Test leaf ID extraction: 44.41 ms
[TIMING] Proximity matrix accumulation: 433.61 ms
[TIMING] Neighbor sorting & quantiles: 16.02 ms
[TIMING] Total compute_uq: 494.28 ms
    [TIMING] UQ Calculation (Proximity_Method_A): 1.0210 s
[TIMING] Random Forest fit/check: 0.00 ms
[TIMING] OOB/In-bag index reconstruction: 187.02 ms
[TIMING] Leaf weights & density precomputation: 340.37 ms
[TIMING] Transfer structures to backend: 0.02 ms
[TIMING] Total fit: 527.41 ms
[TIMING] Test leaf ID extraction: 44.87 ms
[TIMING] Proximity matrix accumulation: 436.74 ms
[TIMING] Neighbor sorting & quantiles: 9.08 ms
[TIMING] Total compute_uq: 490.91 ms
    [TIMING] UQ Calculation (Proximity_Method_B): 1.0192 s
[TIMING] Random Forest fit/check: 0.00 ms
[TIMING] OOB/In-bag index reconstruction: 188.00 ms
[TIMING] Leaf weights & density precomputation: 340.10 ms
[TIMING] Transfer structures to backend: 0.02 ms
[TIMING] Total fit: 528.12 ms
[TIMING] Test leaf ID extraction: 44.75 ms
[TIMING] Proximity matrix accumulation: 542.12 ms
[TIMING] Neighbor sorting & quantiles: 16.33 ms
[TIMING] Total compute_uq: 603.47 ms
[DEBUG DENSITY] mean walked density = 63.3046, min = 50.2469, max = 77.5769
    [TIMING] UQ Calculation (Proximity_Method_C): 1.1332 s
[TIMING] Random Forest fit/check: 0.00 ms
[TIMING] OOB/In-bag index reconstruction: 188.23 ms
[TIMING] Leaf weights & density precomputation: 340.47 ms
[TIMING] Transfer structures to backend: 0.03 ms
[TIMING] Total fit: 528.73 ms
[TIMING] Test leaf ID extraction: 45.84 ms
[TIMING] Proximity matrix accumulation: 546.10 ms
[TIMING] Neighbor sorting & quantiles: 8.92 ms
[TIMING] Total compute_uq: 601.15 ms
[DEBUG DENSITY] mean walked density = 63.3046, min = 50.2469, max = 77.5769
    [TIMING] UQ Calculation (Proximity_Method_B_C): 1.1314 s
    [TIMING] Metrics Calculation: 0.0768 s
    [TIMING] Total Single Evaluation: 5.3674 s

  >>> Starting: Function=gaussian, Seed=1
    [TIMING] Data Generation: 0.0011 s
    [TIMING] Random Forest Fitting: 0.3943 s
    [TIMING] RF Predicting: 0.0427 s
    [TIMING] Base Aleatoric: 0.0531 s
[TIMING] Random Forest fit/check: 0.00 ms
[TIMING] OOB/In-bag index reconstruction: 187.27 ms
[TIMING] Leaf weights & density precomputation: 60.19 ms
[TIMING] Transfer structures to backend: 0.02 ms
[TIMING] Total fit: 247.47 ms
[TIMING] Test leaf ID extraction: 45.73 ms
[TIMING] Proximity matrix accumulation: 148.84 ms
[TIMING] Neighbor sorting & quantiles: 16.47 ms
[TIMING] Total compute_uq: 211.32 ms
    [TIMING] UQ Calculation (Proximity_Baseline): 0.4589 s
[TIMING] Random Forest fit/check: 0.00 ms
[TIMING] OOB/In-bag index reconstruction: 199.92 ms
[TIMING] Leaf weights & density precomputation: 334.43 ms
[TIMING] Transfer structures to backend: 0.02 ms
[TIMING] Total fit: 534.37 ms
[TIMING] Test leaf ID extraction: 45.37 ms
[TIMING] Proximity matrix accumulation: 433.68 ms
[TIMING] Neighbor sorting & quantiles: 15.99 ms
[TIMING] Total compute_uq: 495.30 ms
    [TIMING] UQ Calculation (Proximity_Method_A): 1.0301 s
[TIMING] Random Forest fit/check: 0.00 ms
[TIMING] OOB/In-bag index reconstruction: 185.55 ms
[TIMING] Leaf weights & density precomputation: 325.50 ms
[TIMING] Transfer structures to backend: 0.02 ms
[TIMING] Total fit: 511.07 ms
[TIMING] Test leaf ID extraction: 44.96 ms
[TIMING] Proximity matrix accumulation: 436.68 ms
[TIMING] Neighbor sorting & quantiles: 10.02 ms
[TIMING] Total compute_uq: 491.92 ms
    [TIMING] UQ Calculation (Proximity_Method_B): 1.0041 s
[TIMING] Random Forest fit/check: 0.00 ms
[TIMING] OOB/In-bag index reconstruction: 232.35 ms
[TIMING] Leaf weights & density precomputation: 337.90 ms
[TIMING] Transfer structures to backend: 0.02 ms
[TIMING] Total fit: 570.27 ms
[TIMING] Test leaf ID extraction: 44.96 ms
[TIMING] Proximity matrix accumulation: 540.20 ms
[TIMING] Neighbor sorting & quantiles: 16.10 ms
[TIMING] Total compute_uq: 601.54 ms
[DEBUG DENSITY] mean walked density = 64.7432, min = 58.6293, max = 70.8353
    [TIMING] UQ Calculation (Proximity_Method_C): 1.1732 s
[TIMING] Random Forest fit/check: 0.00 ms
[TIMING] OOB/In-bag index reconstruction: 189.28 ms
[TIMING] Leaf weights & density precomputation: 320.69 ms
[TIMING] Transfer structures to backend: 0.02 ms
[TIMING] Total fit: 509.99 ms
[TIMING] Test leaf ID extraction: 45.88 ms
[TIMING] Proximity matrix accumulation: 545.21 ms
[TIMING] Neighbor sorting & quantiles: 8.27 ms
[TIMING] Total compute_uq: 599.60 ms
[DEBUG DENSITY] mean walked density = 64.7432, min = 58.6293, max = 70.8353
    [TIMING] UQ Calculation (Proximity_Method_B_C): 1.1109 s
    [TIMING] Metrics Calculation: 0.0764 s
    [TIMING] Total Single Evaluation: 5.3451 s

  >>> Starting: Function=abs_sin, Seed=1
    [TIMING] Data Generation: 0.0011 s
    [TIMING] Random Forest Fitting: 0.4264 s
    [TIMING] RF Predicting: 0.0438 s
    [TIMING] Base Aleatoric: 0.0523 s
[TIMING] Random Forest fit/check: 0.00 ms
[TIMING] OOB/In-bag index reconstruction: 186.33 ms
[TIMING] Leaf weights & density precomputation: 58.08 ms
[TIMING] Transfer structures to backend: 0.02 ms
[TIMING] Total fit: 244.43 ms
[TIMING] Test leaf ID extraction: 46.17 ms
[TIMING] Proximity matrix accumulation: 148.47 ms
[TIMING] Neighbor sorting & quantiles: 16.49 ms
[TIMING] Total compute_uq: 211.38 ms
    [TIMING] UQ Calculation (Proximity_Baseline): 0.4559 s
[TIMING] Random Forest fit/check: 0.00 ms
[TIMING] OOB/In-bag index reconstruction: 186.09 ms
[TIMING] Leaf weights & density precomputation: 327.29 ms
[TIMING] Transfer structures to backend: 0.02 ms
[TIMING] Total fit: 513.40 ms
[TIMING] Test leaf ID extraction: 45.86 ms
[TIMING] Proximity matrix accumulation: 433.75 ms
[TIMING] Neighbor sorting & quantiles: 15.94 ms
[TIMING] Total compute_uq: 495.79 ms
    [TIMING] UQ Calculation (Proximity_Method_A): 1.0095 s
[TIMING] Random Forest fit/check: 0.00 ms
[TIMING] OOB/In-bag index reconstruction: 186.46 ms
[TIMING] Leaf weights & density precomputation: 323.64 ms
[TIMING] Transfer structures to backend: 0.01 ms
[TIMING] Total fit: 510.12 ms
[TIMING] Test leaf ID extraction: 46.90 ms
[TIMING] Proximity matrix accumulation: 436.46 ms
[TIMING] Neighbor sorting & quantiles: 8.17 ms
[TIMING] Total compute_uq: 491.75 ms
    [TIMING] UQ Calculation (Proximity_Method_B): 1.0029 s
[TIMING] Random Forest fit/check: 0.00 ms
[TIMING] OOB/In-bag index reconstruction: 174.78 ms
[TIMING] Leaf weights & density precomputation: 334.49 ms
[TIMING] Transfer structures to backend: 0.02 ms
[TIMING] Total fit: 509.29 ms
[TIMING] Test leaf ID extraction: 44.88 ms
[TIMING] Proximity matrix accumulation: 542.17 ms
[TIMING] Neighbor sorting & quantiles: 15.94 ms
[TIMING] Total compute_uq: 603.23 ms
[DEBUG DENSITY] mean walked density = 62.4925, min = 47.3330, max = 78.4468
    [TIMING] UQ Calculation (Proximity_Method_C): 1.1138 s
[TIMING] Random Forest fit/check: 0.00 ms
[TIMING] OOB/In-bag index reconstruction: 174.83 ms
[TIMING] Leaf weights & density precomputation: 320.91 ms
[TIMING] Transfer structures to backend: 0.01 ms
[TIMING] Total fit: 495.76 ms
[TIMING] Test leaf ID extraction: 34.55 ms
[TIMING] Proximity matrix accumulation: 545.88 ms
[TIMING] Neighbor sorting & quantiles: 8.50 ms
[TIMING] Total compute_uq: 589.16 ms
[DEBUG DENSITY] mean walked density = 62.4925, min = 47.3330, max = 78.4468
    [TIMING] UQ Calculation (Proximity_Method_B_C): 1.0861 s
    [TIMING] Metrics Calculation: 0.0789 s
    [TIMING] Total Single Evaluation: 5.2711 s

  >>> Starting: Function=sin_cos_sin, Seed=1
    [TIMING] Data Generation: 0.0026 s
    [TIMING] Random Forest Fitting: 0.5169 s
    [TIMING] RF Predicting: 0.0431 s
    [TIMING] Base Aleatoric: 0.0436 s
[TIMING] Random Forest fit/check: 0.00 ms
[TIMING] OOB/In-bag index reconstruction: 179.87 ms
[TIMING] Leaf weights & density precomputation: 61.76 ms
[TIMING] Transfer structures to backend: 0.02 ms
[TIMING] Total fit: 241.65 ms
[TIMING] Test leaf ID extraction: 35.09 ms
[TIMING] Proximity matrix accumulation: 234.00 ms
[TIMING] Neighbor sorting & quantiles: 23.09 ms
[TIMING] Total compute_uq: 292.44 ms
    [TIMING] UQ Calculation (Proximity_Baseline): 0.5342 s
[TIMING] Random Forest fit/check: 0.00 ms
[TIMING] OOB/In-bag index reconstruction: 179.76 ms
[TIMING] Leaf weights & density precomputation: 345.54 ms
[TIMING] Transfer structures to backend: 0.02 ms
[TIMING] Total fit: 525.31 ms
[TIMING] Test leaf ID extraction: 35.19 ms
[TIMING] Proximity matrix accumulation: 708.05 ms
[TIMING] Neighbor sorting & quantiles: 22.42 ms
[TIMING] Total compute_uq: 765.92 ms
    [TIMING] UQ Calculation (Proximity_Method_A): 1.2916 s
[TIMING] Random Forest fit/check: 0.00 ms
[TIMING] OOB/In-bag index reconstruction: 182.59 ms
[TIMING] Leaf weights & density precomputation: 399.27 ms
[TIMING] Transfer structures to backend: 0.02 ms
[TIMING] Total fit: 581.88 ms
[TIMING] Test leaf ID extraction: 35.80 ms
[TIMING] Proximity matrix accumulation: 707.99 ms
[TIMING] Neighbor sorting & quantiles: 10.15 ms
[TIMING] Total compute_uq: 754.20 ms
    [TIMING] UQ Calculation (Proximity_Method_B): 1.3371 s
[TIMING] Random Forest fit/check: 0.00 ms
[TIMING] OOB/In-bag index reconstruction: 179.56 ms
[TIMING] Leaf weights & density precomputation: 348.58 ms
[TIMING] Transfer structures to backend: 0.02 ms
[TIMING] Total fit: 528.16 ms
[TIMING] Test leaf ID extraction: 36.19 ms
[TIMING] Proximity matrix accumulation: 877.75 ms
[TIMING] Neighbor sorting & quantiles: 22.43 ms
[TIMING] Total compute_uq: 936.63 ms
[DEBUG DENSITY] mean walked density = 62.6740, min = 49.5304, max = 73.9902
    [TIMING] UQ Calculation (Proximity_Method_C): 1.4662 s
[TIMING] Random Forest fit/check: 0.00 ms
[TIMING] OOB/In-bag index reconstruction: 188.16 ms
[TIMING] Leaf weights & density precomputation: 351.31 ms
[TIMING] Transfer structures to backend: 0.02 ms
[TIMING] Total fit: 539.49 ms
[TIMING] Test leaf ID extraction: 45.61 ms
[TIMING] Proximity matrix accumulation: 877.07 ms
[TIMING] Neighbor sorting & quantiles: 10.45 ms
[TIMING] Total compute_uq: 933.39 ms
[DEBUG DENSITY] mean walked density = 62.6740, min = 49.5304, max = 73.9902
    [TIMING] UQ Calculation (Proximity_Method_B_C): 1.4743 s
    [TIMING] Metrics Calculation: 0.0747 s
    [TIMING] Total Single Evaluation: 6.7846 s

  >>> Starting: Function=quadratic_3d, Seed=1
    [TIMING] Data Generation: 0.0020 s
    [TIMING] Random Forest Fitting: 0.4783 s
    [TIMING] RF Predicting: 0.0426 s
    [TIMING] Base Aleatoric: 0.0525 s
[TIMING] Random Forest fit/check: 0.00 ms
[TIMING] OOB/In-bag index reconstruction: 187.91 ms
[TIMING] Leaf weights & density precomputation: 62.95 ms
[TIMING] Transfer structures to backend: 0.02 ms
[TIMING] Total fit: 250.88 ms
[TIMING] Test leaf ID extraction: 45.21 ms
[TIMING] Proximity matrix accumulation: 233.97 ms
[TIMING] Neighbor sorting & quantiles: 22.97 ms
[TIMING] Total compute_uq: 302.39 ms
    [TIMING] UQ Calculation (Proximity_Baseline): 0.5534 s
[TIMING] Random Forest fit/check: 0.00 ms
[TIMING] OOB/In-bag index reconstruction: 187.88 ms
[TIMING] Leaf weights & density precomputation: 402.03 ms
[TIMING] Transfer structures to backend: 0.02 ms
[TIMING] Total fit: 589.93 ms
[TIMING] Test leaf ID extraction: 45.18 ms
[TIMING] Proximity matrix accumulation: 708.06 ms
[TIMING] Neighbor sorting & quantiles: 22.42 ms
[TIMING] Total compute_uq: 775.89 ms
    [TIMING] UQ Calculation (Proximity_Method_A): 1.3662 s
[TIMING] Random Forest fit/check: 0.00 ms
[TIMING] OOB/In-bag index reconstruction: 187.64 ms
[TIMING] Leaf weights & density precomputation: 343.50 ms
[TIMING] Transfer structures to backend: 0.02 ms
[TIMING] Total fit: 531.15 ms
[TIMING] Test leaf ID extraction: 45.67 ms
[TIMING] Proximity matrix accumulation: 708.68 ms
[TIMING] Neighbor sorting & quantiles: 10.65 ms
[TIMING] Total compute_uq: 765.24 ms
    [TIMING] UQ Calculation (Proximity_Method_B): 1.2975 s
[TIMING] Random Forest fit/check: 0.00 ms
[TIMING] OOB/In-bag index reconstruction: 189.42 ms
[TIMING] Leaf weights & density precomputation: 339.05 ms
[TIMING] Transfer structures to backend: 0.02 ms
[TIMING] Total fit: 528.50 ms
[TIMING] Test leaf ID extraction: 45.54 ms
[TIMING] Proximity matrix accumulation: 877.06 ms
[TIMING] Neighbor sorting & quantiles: 22.52 ms
[TIMING] Total compute_uq: 945.42 ms
[DEBUG DENSITY] mean walked density = 65.0099, min = 60.3784, max = 71.8619
    [TIMING] UQ Calculation (Proximity_Method_C): 1.4755 s
[TIMING] Random Forest fit/check: 0.00 ms
[TIMING] OOB/In-bag index reconstruction: 190.49 ms
[TIMING] Leaf weights & density precomputation: 339.13 ms
[TIMING] Transfer structures to backend: 0.02 ms
[TIMING] Total fit: 529.64 ms
[TIMING] Test leaf ID extraction: 45.84 ms
[TIMING] Proximity matrix accumulation: 878.53 ms
[TIMING] Neighbor sorting & quantiles: 10.91 ms
[TIMING] Total compute_uq: 935.59 ms
[DEBUG DENSITY] mean walked density = 65.0099, min = 60.3784, max = 71.8619
    [TIMING] UQ Calculation (Proximity_Method_B_C): 1.4668 s
    [TIMING] Metrics Calculation: 0.0858 s
    [TIMING] Total Single Evaluation: 6.8210 s

  >>> Starting: Function=sin_sum_3d, Seed=1
    [TIMING] Data Generation: 0.0030 s
    [TIMING] Random Forest Fitting: 0.5186 s
    [TIMING] RF Predicting: 0.0429 s
    [TIMING] Base Aleatoric: 0.0528 s
[TIMING] Random Forest fit/check: 0.00 ms
[TIMING] OOB/In-bag index reconstruction: 189.41 ms
[TIMING] Leaf weights & density precomputation: 62.75 ms
[TIMING] Transfer structures to backend: 0.02 ms
[TIMING] Total fit: 252.17 ms
[TIMING] Test leaf ID extraction: 44.96 ms
[TIMING] Proximity matrix accumulation: 233.99 ms
[TIMING] Neighbor sorting & quantiles: 23.06 ms
[TIMING] Total compute_uq: 302.26 ms
    [TIMING] UQ Calculation (Proximity_Baseline): 0.5546 s
[TIMING] Random Forest fit/check: 0.00 ms
[TIMING] OOB/In-bag index reconstruction: 188.73 ms
[TIMING] Leaf weights & density precomputation: 348.82 ms
[TIMING] Transfer structures to backend: 0.02 ms
[TIMING] Total fit: 537.57 ms
[TIMING] Test leaf ID extraction: 46.36 ms
[TIMING] Proximity matrix accumulation: 708.14 ms
[TIMING] Neighbor sorting & quantiles: 22.48 ms
[TIMING] Total compute_uq: 777.26 ms
    [TIMING] UQ Calculation (Proximity_Method_A): 1.3152 s
[TIMING] Random Forest fit/check: 0.00 ms
[TIMING] OOB/In-bag index reconstruction: 188.76 ms
[TIMING] Leaf weights & density precomputation: 350.44 ms
[TIMING] Transfer structures to backend: 0.02 ms
[TIMING] Total fit: 539.22 ms
[TIMING] Test leaf ID extraction: 45.72 ms
[TIMING] Proximity matrix accumulation: 708.86 ms
[TIMING] Neighbor sorting & quantiles: 10.79 ms
[TIMING] Total compute_uq: 765.65 ms
    [TIMING] UQ Calculation (Proximity_Method_B): 1.3059 s
[TIMING] Random Forest fit/check: 0.00 ms
[TIMING] OOB/In-bag index reconstruction: 188.28 ms
[TIMING] Leaf weights & density precomputation: 347.98 ms
[TIMING] Transfer structures to backend: 0.02 ms
[TIMING] Total fit: 536.28 ms
[TIMING] Test leaf ID extraction: 45.65 ms
[TIMING] Proximity matrix accumulation: 877.98 ms
[TIMING] Neighbor sorting & quantiles: 22.47 ms
[TIMING] Total compute_uq: 946.37 ms
[DEBUG DENSITY] mean walked density = 64.5100, min = 47.5959, max = 74.0220
    [TIMING] UQ Calculation (Proximity_Method_C): 1.4841 s
[TIMING] Random Forest fit/check: 0.00 ms
[TIMING] OOB/In-bag index reconstruction: 187.68 ms
[TIMING] Leaf weights & density precomputation: 346.99 ms
[TIMING] Transfer structures to backend: 0.02 ms
[TIMING] Total fit: 534.69 ms
[TIMING] Test leaf ID extraction: 45.89 ms
[TIMING] Proximity matrix accumulation: 878.79 ms
[TIMING] Neighbor sorting & quantiles: 10.22 ms
[TIMING] Total compute_uq: 935.18 ms
[DEBUG DENSITY] mean walked density = 64.5100, min = 47.5959, max = 74.0220
    [TIMING] UQ Calculation (Proximity_Method_B_C): 1.4712 s
    [TIMING] Metrics Calculation: 0.0779 s
    [TIMING] Total Single Evaluation: 6.8265 s

  >>> Starting: Function=gaussian_3d, Seed=1
    [TIMING] Data Generation: 0.0020 s
    [TIMING] Random Forest Fitting: 0.5064 s
    [TIMING] RF Predicting: 0.0431 s
    [TIMING] Base Aleatoric: 0.0528 s
[TIMING] Random Forest fit/check: 0.00 ms
[TIMING] OOB/In-bag index reconstruction: 189.10 ms
[TIMING] Leaf weights & density precomputation: 62.13 ms
[TIMING] Transfer structures to backend: 0.02 ms
[TIMING] Total fit: 251.25 ms
[TIMING] Test leaf ID extraction: 45.74 ms
[TIMING] Proximity matrix accumulation: 233.68 ms
[TIMING] Neighbor sorting & quantiles: 23.05 ms
[TIMING] Total compute_uq: 302.90 ms
    [TIMING] UQ Calculation (Proximity_Baseline): 0.5543 s
[TIMING] Random Forest fit/check: 0.00 ms
[TIMING] OOB/In-bag index reconstruction: 188.07 ms
[TIMING] Leaf weights & density precomputation: 347.18 ms
[TIMING] Transfer structures to backend: 0.02 ms
[TIMING] Total fit: 535.27 ms
[TIMING] Test leaf ID extraction: 45.52 ms
[TIMING] Proximity matrix accumulation: 708.62 ms
[TIMING] Neighbor sorting & quantiles: 22.41 ms
[TIMING] Total compute_uq: 776.80 ms
    [TIMING] UQ Calculation (Proximity_Method_A): 1.3124 s
[TIMING] Random Forest fit/check: 0.00 ms
[TIMING] OOB/In-bag index reconstruction: 186.49 ms
[TIMING] Leaf weights & density precomputation: 346.13 ms
[TIMING] Transfer structures to backend: 0.02 ms
[TIMING] Total fit: 532.64 ms
[TIMING] Test leaf ID extraction: 45.69 ms
[TIMING] Proximity matrix accumulation: 706.58 ms
[TIMING] Neighbor sorting & quantiles: 11.00 ms
[TIMING] Total compute_uq: 763.53 ms
    [TIMING] UQ Calculation (Proximity_Method_B): 1.2972 s
[TIMING] Random Forest fit/check: 0.00 ms
[TIMING] OOB/In-bag index reconstruction: 215.82 ms
[TIMING] Leaf weights & density precomputation: 350.93 ms
[TIMING] Transfer structures to backend: 0.02 ms
[TIMING] Total fit: 566.76 ms
[TIMING] Test leaf ID extraction: 45.10 ms
[TIMING] Proximity matrix accumulation: 874.25 ms
[TIMING] Neighbor sorting & quantiles: 22.55 ms
[TIMING] Total compute_uq: 942.19 ms
[DEBUG DENSITY] mean walked density = 63.5629, min = 56.6808, max = 69.9392
    [TIMING] UQ Calculation (Proximity_Method_C): 1.5104 s
[TIMING] Random Forest fit/check: 0.00 ms
[TIMING] OOB/In-bag index reconstruction: 189.83 ms
[TIMING] Leaf weights & density precomputation: 345.92 ms
[TIMING] Transfer structures to backend: 0.02 ms
[TIMING] Total fit: 535.76 ms
[TIMING] Test leaf ID extraction: 45.00 ms
[TIMING] Proximity matrix accumulation: 876.43 ms
[TIMING] Neighbor sorting & quantiles: 10.46 ms
[TIMING] Total compute_uq: 932.16 ms
[DEBUG DENSITY] mean walked density = 63.5629, min = 56.6808, max = 69.9392
    [TIMING] UQ Calculation (Proximity_Method_B_C): 1.4693 s
    [TIMING] Metrics Calculation: 0.0808 s
    [TIMING] Total Single Evaluation: 7.0005 s

  >>> Starting: Function=sin_exp_cos, Seed=1
    [TIMING] Data Generation: 0.0024 s
    [TIMING] Random Forest Fitting: 0.5083 s
    [TIMING] RF Predicting: 0.0431 s
    [TIMING] Base Aleatoric: 0.0527 s
[TIMING] Random Forest fit/check: 0.00 ms
[TIMING] OOB/In-bag index reconstruction: 178.91 ms
[TIMING] Leaf weights & density precomputation: 76.33 ms
[TIMING] Transfer structures to backend: 0.02 ms
[TIMING] Total fit: 255.27 ms
[TIMING] Test leaf ID extraction: 45.75 ms
[TIMING] Proximity matrix accumulation: 234.19 ms
[TIMING] Neighbor sorting & quantiles: 22.99 ms
[TIMING] Total compute_uq: 303.16 ms
    [TIMING] UQ Calculation (Proximity_Baseline): 0.5586 s
[TIMING] Random Forest fit/check: 0.00 ms
[TIMING] OOB/In-bag index reconstruction: 187.81 ms
[TIMING] Leaf weights & density precomputation: 347.31 ms
[TIMING] Transfer structures to backend: 0.02 ms
[TIMING] Total fit: 535.14 ms
[TIMING] Test leaf ID extraction: 46.00 ms
[TIMING] Proximity matrix accumulation: 708.03 ms
[TIMING] Neighbor sorting & quantiles: 22.50 ms
[TIMING] Total compute_uq: 776.73 ms
    [TIMING] UQ Calculation (Proximity_Method_A): 1.3122 s
[TIMING] Random Forest fit/check: 0.00 ms
[TIMING] OOB/In-bag index reconstruction: 188.44 ms
[TIMING] Leaf weights & density precomputation: 343.95 ms
[TIMING] Transfer structures to backend: 0.02 ms
[TIMING] Total fit: 532.41 ms
[TIMING] Test leaf ID extraction: 46.33 ms
[TIMING] Proximity matrix accumulation: 708.60 ms
[TIMING] Neighbor sorting & quantiles: 9.93 ms
[TIMING] Total compute_uq: 765.09 ms
    [TIMING] UQ Calculation (Proximity_Method_B): 1.2985 s
[TIMING] Random Forest fit/check: 0.00 ms
[TIMING] OOB/In-bag index reconstruction: 187.70 ms
[TIMING] Leaf weights & density precomputation: 339.46 ms
[TIMING] Transfer structures to backend: 0.01 ms
[TIMING] Total fit: 527.18 ms
[TIMING] Test leaf ID extraction: 45.28 ms
[TIMING] Proximity matrix accumulation: 877.50 ms
[TIMING] Neighbor sorting & quantiles: 22.40 ms
[TIMING] Total compute_uq: 945.44 ms
[DEBUG DENSITY] mean walked density = 63.9360, min = 50.4286, max = 72.6721
    [TIMING] UQ Calculation (Proximity_Method_C): 1.4739 s
[TIMING] Random Forest fit/check: 0.00 ms
[TIMING] OOB/In-bag index reconstruction: 188.48 ms
[TIMING] Leaf weights & density precomputation: 338.82 ms
[TIMING] Transfer structures to backend: 0.02 ms
[TIMING] Total fit: 527.31 ms
[TIMING] Test leaf ID extraction: 57.40 ms
[TIMING] Proximity matrix accumulation: 878.03 ms
[TIMING] Neighbor sorting & quantiles: 9.69 ms
[TIMING] Total compute_uq: 945.36 ms
[DEBUG DENSITY] mean walked density = 63.9360, min = 50.4286, max = 72.6721
    [TIMING] UQ Calculation (Proximity_Method_B_C): 1.4740 s
    [TIMING] Metrics Calculation: 0.0816 s
    [TIMING] Total Single Evaluation: 6.8056 s

  >>> Starting: Function=sin_cos_4d, Seed=1
    [TIMING] Data Generation: 0.0038 s
    [TIMING] Random Forest Fitting: 0.9986 s
    [TIMING] RF Predicting: 0.0436 s
    [TIMING] Base Aleatoric: 0.0554 s
[TIMING] Random Forest fit/check: 0.00 ms
[TIMING] OOB/In-bag index reconstruction: 190.70 ms
[TIMING] Leaf weights & density precomputation: 66.91 ms
[TIMING] Transfer structures to backend: 0.02 ms
[TIMING] Total fit: 257.63 ms
[TIMING] Test leaf ID extraction: 46.76 ms
[TIMING] Proximity matrix accumulation: 461.69 ms
[TIMING] Neighbor sorting & quantiles: 39.58 ms
[TIMING] Total compute_uq: 548.31 ms
    [TIMING] UQ Calculation (Proximity_Baseline): 0.8062 s
[TIMING] Random Forest fit/check: 0.00 ms
[TIMING] OOB/In-bag index reconstruction: 190.45 ms
[TIMING] Leaf weights & density precomputation: 419.64 ms
[TIMING] Transfer structures to backend: 0.02 ms
[TIMING] Total fit: 610.11 ms
[TIMING] Test leaf ID extraction: 46.72 ms
[TIMING] Proximity matrix accumulation: 1269.05 ms
[TIMING] Neighbor sorting & quantiles: 38.59 ms
[TIMING] Total compute_uq: 1354.62 ms
    [TIMING] UQ Calculation (Proximity_Method_A): 1.9651 s
[TIMING] Random Forest fit/check: 0.00 ms
[TIMING] OOB/In-bag index reconstruction: 189.41 ms
[TIMING] Leaf weights & density precomputation: 420.29 ms
[TIMING] Transfer structures to backend: 0.02 ms
[TIMING] Total fit: 609.72 ms
[TIMING] Test leaf ID extraction: 46.54 ms
[TIMING] Proximity matrix accumulation: 1268.56 ms
[TIMING] Neighbor sorting & quantiles: 14.93 ms
[TIMING] Total compute_uq: 1330.29 ms
    [TIMING] UQ Calculation (Proximity_Method_B): 1.9410 s
[TIMING] Random Forest fit/check: 0.00 ms
[TIMING] OOB/In-bag index reconstruction: 189.44 ms
[TIMING] Leaf weights & density precomputation: 417.33 ms
[TIMING] Transfer structures to backend: 0.01 ms
[TIMING] Total fit: 606.78 ms
[TIMING] Test leaf ID extraction: 35.75 ms
[TIMING] Proximity matrix accumulation: 1581.59 ms
[TIMING] Neighbor sorting & quantiles: 38.63 ms
[TIMING] Total compute_uq: 1656.25 ms
[DEBUG DENSITY] mean walked density = 62.4943, min = 54.8637, max = 70.1244
    [TIMING] UQ Calculation (Proximity_Method_C): 2.2644 s
[TIMING] Random Forest fit/check: 0.00 ms
[TIMING] OOB/In-bag index reconstruction: 177.89 ms
[TIMING] Leaf weights & density precomputation: 418.91 ms
[TIMING] Transfer structures to backend: 0.01 ms
[TIMING] Total fit: 596.81 ms
[TIMING] Test leaf ID extraction: 46.74 ms
[TIMING] Proximity matrix accumulation: 1581.88 ms
[TIMING] Neighbor sorting & quantiles: 13.25 ms
[TIMING] Total compute_uq: 1642.12 ms
[DEBUG DENSITY] mean walked density = 62.4943, min = 54.8637, max = 70.1244
    [TIMING] UQ Calculation (Proximity_Method_B_C): 2.2401 s
    [TIMING] Metrics Calculation: 0.0982 s
    [TIMING] Total Single Evaluation: 10.4170 s

  >>> Starting: Function=quadratic_4d, Seed=1
    [TIMING] Data Generation: 0.0029 s
    [TIMING] Random Forest Fitting: 0.6940 s
    [TIMING] RF Predicting: 0.0431 s
    [TIMING] Base Aleatoric: 0.0551 s
[TIMING] Random Forest fit/check: 0.00 ms
[TIMING] OOB/In-bag index reconstruction: 188.31 ms
[TIMING] Leaf weights & density precomputation: 68.97 ms
[TIMING] Transfer structures to backend: 0.02 ms
[TIMING] Total fit: 257.29 ms
[TIMING] Test leaf ID extraction: 47.00 ms
[TIMING] Proximity matrix accumulation: 461.90 ms
[TIMING] Neighbor sorting & quantiles: 39.70 ms
[TIMING] Total compute_uq: 548.87 ms
    [TIMING] UQ Calculation (Proximity_Baseline): 0.8063 s
[TIMING] Random Forest fit/check: 0.00 ms
[TIMING] OOB/In-bag index reconstruction: 190.40 ms
[TIMING] Leaf weights & density precomputation: 386.19 ms
[TIMING] Transfer structures to backend: 0.02 ms
[TIMING] Total fit: 576.61 ms
[TIMING] Test leaf ID extraction: 47.87 ms
[TIMING] Proximity matrix accumulation: 1269.06 ms
[TIMING] Neighbor sorting & quantiles: 38.62 ms
[TIMING] Total compute_uq: 1355.82 ms
    [TIMING] UQ Calculation (Proximity_Method_A): 1.9329 s
[TIMING] Random Forest fit/check: 0.00 ms
[TIMING] OOB/In-bag index reconstruction: 189.73 ms
[TIMING] Leaf weights & density precomputation: 378.78 ms
[TIMING] Transfer structures to backend: 0.01 ms
[TIMING] Total fit: 568.52 ms
[TIMING] Test leaf ID extraction: 35.69 ms
[TIMING] Proximity matrix accumulation: 1270.11 ms
[TIMING] Neighbor sorting & quantiles: 13.19 ms
[TIMING] Total compute_uq: 1319.25 ms
    [TIMING] UQ Calculation (Proximity_Method_B): 1.8888 s
[TIMING] Random Forest fit/check: 0.00 ms
[TIMING] OOB/In-bag index reconstruction: 191.05 ms
[TIMING] Leaf weights & density precomputation: 378.93 ms
[TIMING] Transfer structures to backend: 0.02 ms
[TIMING] Total fit: 570.00 ms
[TIMING] Test leaf ID extraction: 46.82 ms
[TIMING] Proximity matrix accumulation: 1580.24 ms
[TIMING] Neighbor sorting & quantiles: 38.60 ms
[TIMING] Total compute_uq: 1665.92 ms
[DEBUG DENSITY] mean walked density = 64.3936, min = 53.4274, max = 70.3692
    [TIMING] UQ Calculation (Proximity_Method_C): 2.2373 s
[TIMING] Random Forest fit/check: 0.00 ms
[TIMING] OOB/In-bag index reconstruction: 190.79 ms
[TIMING] Leaf weights & density precomputation: 381.44 ms
[TIMING] Transfer structures to backend: 0.03 ms
[TIMING] Total fit: 572.25 ms
[TIMING] Test leaf ID extraction: 46.53 ms
[TIMING] Proximity matrix accumulation: 1582.28 ms
[TIMING] Neighbor sorting & quantiles: 13.14 ms
[TIMING] Total compute_uq: 1642.22 ms
[DEBUG DENSITY] mean walked density = 64.3936, min = 53.4274, max = 70.3692
    [TIMING] UQ Calculation (Proximity_Method_B_C): 2.2158 s
    [TIMING] Metrics Calculation: 0.1186 s
    [TIMING] Total Single Evaluation: 9.9952 s

  >>> Starting: Function=sin_sum_4d, Seed=1
    [TIMING] Data Generation: 0.0047 s
    [TIMING] Random Forest Fitting: 0.7473 s
    [TIMING] RF Predicting: 0.0439 s
    [TIMING] Base Aleatoric: 0.0548 s
[TIMING] Random Forest fit/check: 0.00 ms
[TIMING] OOB/In-bag index reconstruction: 190.22 ms
[TIMING] Leaf weights & density precomputation: 66.56 ms
[TIMING] Transfer structures to backend: 0.03 ms
[TIMING] Total fit: 256.80 ms
[TIMING] Test leaf ID extraction: 46.45 ms
[TIMING] Proximity matrix accumulation: 461.87 ms
[TIMING] Neighbor sorting & quantiles: 39.75 ms
[TIMING] Total compute_uq: 548.34 ms
    [TIMING] UQ Calculation (Proximity_Baseline): 0.8053 s
[TIMING] Random Forest fit/check: 0.00 ms
[TIMING] OOB/In-bag index reconstruction: 190.33 ms
[TIMING] Leaf weights & density precomputation: 387.19 ms
[TIMING] Transfer structures to backend: 0.01 ms
[TIMING] Total fit: 577.54 ms
[TIMING] Test leaf ID extraction: 46.53 ms
[TIMING] Proximity matrix accumulation: 1269.05 ms
[TIMING] Neighbor sorting & quantiles: 38.59 ms
[TIMING] Total compute_uq: 1354.46 ms
    [TIMING] UQ Calculation (Proximity_Method_A): 1.9324 s
[TIMING] Random Forest fit/check: 0.00 ms
[TIMING] OOB/In-bag index reconstruction: 191.03 ms
[TIMING] Leaf weights & density precomputation: 386.60 ms
[TIMING] Transfer structures to backend: 0.01 ms
[TIMING] Total fit: 577.65 ms
[TIMING] Test leaf ID extraction: 47.33 ms
[TIMING] Proximity matrix accumulation: 1269.16 ms
[TIMING] Neighbor sorting & quantiles: 13.54 ms
[TIMING] Total compute_uq: 1330.31 ms
    [TIMING] UQ Calculation (Proximity_Method_B): 1.9091 s
[TIMING] Random Forest fit/check: 0.00 ms
[TIMING] OOB/In-bag index reconstruction: 189.49 ms
[TIMING] Leaf weights & density precomputation: 386.66 ms
[TIMING] Transfer structures to backend: 0.02 ms
[TIMING] Total fit: 576.17 ms
[TIMING] Test leaf ID extraction: 46.21 ms
[TIMING] Proximity matrix accumulation: 1580.61 ms
[TIMING] Neighbor sorting & quantiles: 38.71 ms
[TIMING] Total compute_uq: 1665.86 ms
[DEBUG DENSITY] mean walked density = 63.1463, min = 51.5301, max = 71.9282
    [TIMING] UQ Calculation (Proximity_Method_C): 2.2435 s
[TIMING] Random Forest fit/check: 0.00 ms
[TIMING] OOB/In-bag index reconstruction: 189.14 ms
[TIMING] Leaf weights & density precomputation: 384.43 ms
[TIMING] Transfer structures to backend: 0.01 ms
[TIMING] Total fit: 573.58 ms
[TIMING] Test leaf ID extraction: 47.00 ms
[TIMING] Proximity matrix accumulation: 1581.91 ms
[TIMING] Neighbor sorting & quantiles: 13.26 ms
[TIMING] Total compute_uq: 1642.42 ms
[DEBUG DENSITY] mean walked density = 63.1463, min = 51.5301, max = 71.9282
    [TIMING] UQ Calculation (Proximity_Method_B_C): 2.2173 s
    [TIMING] Metrics Calculation: 0.1464 s
    [TIMING] Total Single Evaluation: 10.1052 s

  >>> Starting: Function=sin_cos_5d, Seed=1
    [TIMING] Data Generation: 0.0072 s
    [TIMING] Random Forest Fitting: 1.4123 s
    [TIMING] RF Predicting: 0.0434 s
    [TIMING] Base Aleatoric: 0.0568 s
[TIMING] Random Forest fit/check: 0.00 ms
[TIMING] OOB/In-bag index reconstruction: 228.18 ms
[TIMING] Leaf weights & density precomputation: 72.36 ms
[TIMING] Transfer structures to backend: 0.02 ms
[TIMING] Total fit: 300.56 ms
[TIMING] Test leaf ID extraction: 46.19 ms
[TIMING] Proximity matrix accumulation: 748.34 ms
[TIMING] Neighbor sorting & quantiles: 63.24 ms
[TIMING] Total compute_uq: 858.06 ms
    [TIMING] UQ Calculation (Proximity_Baseline): 1.1588 s
[TIMING] Random Forest fit/check: 0.00 ms
[TIMING] OOB/In-bag index reconstruction: 227.06 ms
[TIMING] Leaf weights & density precomputation: 488.53 ms
[TIMING] Transfer structures to backend: 0.02 ms
[TIMING] Total fit: 715.61 ms
[TIMING] Test leaf ID extraction: 46.77 ms
[TIMING] Proximity matrix accumulation: 1971.91 ms
[TIMING] Neighbor sorting & quantiles: 62.32 ms
[TIMING] Total compute_uq: 2081.29 ms
    [TIMING] UQ Calculation (Proximity_Method_A): 2.7972 s
[TIMING] Random Forest fit/check: 0.00 ms
[TIMING] OOB/In-bag index reconstruction: 226.28 ms
[TIMING] Leaf weights & density precomputation: 486.67 ms
[TIMING] Transfer structures to backend: 0.02 ms
[TIMING] Total fit: 712.97 ms
[TIMING] Test leaf ID extraction: 46.99 ms
[TIMING] Proximity matrix accumulation: 1969.68 ms
[TIMING] Neighbor sorting & quantiles: 18.71 ms
[TIMING] Total compute_uq: 2035.67 ms
    [TIMING] UQ Calculation (Proximity_Method_B): 2.7497 s
[TIMING] Random Forest fit/check: 0.00 ms
[TIMING] OOB/In-bag index reconstruction: 227.59 ms
[TIMING] Leaf weights & density precomputation: 487.76 ms
[TIMING] Transfer structures to backend: 0.02 ms
[TIMING] Total fit: 715.38 ms
[TIMING] Test leaf ID extraction: 46.05 ms
[TIMING] Proximity matrix accumulation: 2467.72 ms
[TIMING] Neighbor sorting & quantiles: 62.36 ms
[TIMING] Total compute_uq: 2576.43 ms
[DEBUG DENSITY] mean walked density = 64.0126, min = 60.5381, max = 67.5649
    [TIMING] UQ Calculation (Proximity_Method_C): 3.2934 s
[TIMING] Random Forest fit/check: 0.00 ms
[TIMING] OOB/In-bag index reconstruction: 227.33 ms
[TIMING] Leaf weights & density precomputation: 487.63 ms
[TIMING] Transfer structures to backend: 0.02 ms
[TIMING] Total fit: 714.98 ms
[TIMING] Test leaf ID extraction: 46.57 ms
[TIMING] Proximity matrix accumulation: 2466.32 ms
[TIMING] Neighbor sorting & quantiles: 18.48 ms
[TIMING] Total compute_uq: 2531.65 ms
[DEBUG DENSITY] mean walked density = 64.0126, min = 60.5381, max = 67.5649
    [TIMING] UQ Calculation (Proximity_Method_B_C): 3.2480 s
    [TIMING] Metrics Calculation: 0.1055 s
    [TIMING] Total Single Evaluation: 14.8730 s

  >>> Starting: Function=quadratic_5d, Seed=1
    [TIMING] Data Generation: 0.0044 s
    [TIMING] Random Forest Fitting: 1.0258 s
    [TIMING] RF Predicting: 0.0443 s
    [TIMING] Base Aleatoric: 0.0574 s
[TIMING] Random Forest fit/check: 0.00 ms
[TIMING] OOB/In-bag index reconstruction: 228.30 ms
[TIMING] Leaf weights & density precomputation: 72.54 ms
[TIMING] Transfer structures to backend: 0.02 ms
[TIMING] Total fit: 300.87 ms
[TIMING] Test leaf ID extraction: 46.92 ms
[TIMING] Proximity matrix accumulation: 749.04 ms
[TIMING] Neighbor sorting & quantiles: 63.70 ms
[TIMING] Total compute_uq: 859.95 ms
    [TIMING] UQ Calculation (Proximity_Baseline): 1.1611 s
[TIMING] Random Forest fit/check: 0.00 ms
[TIMING] OOB/In-bag index reconstruction: 227.92 ms
[TIMING] Leaf weights & density precomputation: 441.76 ms
[TIMING] Transfer structures to backend: 0.02 ms
[TIMING] Total fit: 669.71 ms
[TIMING] Test leaf ID extraction: 46.89 ms
[TIMING] Proximity matrix accumulation: 1967.35 ms
[TIMING] Neighbor sorting & quantiles: 62.35 ms
[TIMING] Total compute_uq: 2076.89 ms
    [TIMING] UQ Calculation (Proximity_Method_A): 2.7470 s
[TIMING] Random Forest fit/check: 0.00 ms
[TIMING] OOB/In-bag index reconstruction: 215.99 ms
[TIMING] Leaf weights & density precomputation: 445.38 ms
[TIMING] Transfer structures to backend: 0.02 ms
[TIMING] Total fit: 661.39 ms
[TIMING] Test leaf ID extraction: 35.56 ms
[TIMING] Proximity matrix accumulation: 1964.50 ms
[TIMING] Neighbor sorting & quantiles: 18.67 ms
[TIMING] Total compute_uq: 2019.01 ms
    [TIMING] UQ Calculation (Proximity_Method_B): 2.6813 s
[TIMING] Random Forest fit/check: 0.00 ms
[TIMING] OOB/In-bag index reconstruction: 227.28 ms
[TIMING] Leaf weights & density precomputation: 440.99 ms
[TIMING] Transfer structures to backend: 0.02 ms
[TIMING] Total fit: 668.29 ms
[TIMING] Test leaf ID extraction: 47.01 ms
[TIMING] Proximity matrix accumulation: 2464.99 ms
[TIMING] Neighbor sorting & quantiles: 62.60 ms
[TIMING] Total compute_uq: 2574.90 ms
[DEBUG DENSITY] mean walked density = 64.2877, min = 56.4277, max = 69.8422
    [TIMING] UQ Calculation (Proximity_Method_C): 3.2446 s
[TIMING] Random Forest fit/check: 0.00 ms
[TIMING] OOB/In-bag index reconstruction: 216.96 ms
[TIMING] Leaf weights & density precomputation: 459.87 ms
[TIMING] Transfer structures to backend: 0.02 ms
[TIMING] Total fit: 676.85 ms
[TIMING] Test leaf ID extraction: 47.56 ms
[TIMING] Proximity matrix accumulation: 2466.38 ms
[TIMING] Neighbor sorting & quantiles: 18.82 ms
[TIMING] Total compute_uq: 2533.05 ms
[DEBUG DENSITY] mean walked density = 64.2877, min = 56.4277, max = 69.8422
    [TIMING] UQ Calculation (Proximity_Method_B_C): 3.2114 s
    [TIMING] Metrics Calculation: 0.1046 s
    [TIMING] Total Single Evaluation: 14.2821 s

  >>> Starting: Function=gaussian_5d, Seed=1
    [TIMING] Data Generation: 0.0045 s
    [TIMING] Random Forest Fitting: 1.0451 s
    [TIMING] RF Predicting: 0.0429 s
    [TIMING] Base Aleatoric: 0.0576 s
[TIMING] Random Forest fit/check: 0.00 ms
[TIMING] OOB/In-bag index reconstruction: 230.16 ms
[TIMING] Leaf weights & density precomputation: 72.91 ms
[TIMING] Transfer structures to backend: 0.02 ms
[TIMING] Total fit: 303.09 ms
[TIMING] Test leaf ID extraction: 47.36 ms
[TIMING] Proximity matrix accumulation: 748.38 ms
[TIMING] Neighbor sorting & quantiles: 63.74 ms
[TIMING] Total compute_uq: 859.78 ms
    [TIMING] UQ Calculation (Proximity_Baseline): 1.1630 s
[TIMING] Random Forest fit/check: 0.00 ms
[TIMING] OOB/In-bag index reconstruction: 227.56 ms
[TIMING] Leaf weights & density precomputation: 449.08 ms
[TIMING] Transfer structures to backend: 0.02 ms
[TIMING] Total fit: 676.66 ms
[TIMING] Test leaf ID extraction: 46.98 ms
[TIMING] Proximity matrix accumulation: 1972.03 ms
[TIMING] Neighbor sorting & quantiles: 62.35 ms
[TIMING] Total compute_uq: 2081.65 ms
    [TIMING] UQ Calculation (Proximity_Method_A): 2.7587 s
[TIMING] Random Forest fit/check: 0.00 ms
[TIMING] OOB/In-bag index reconstruction: 224.11 ms
[TIMING] Leaf weights & density precomputation: 443.88 ms
[TIMING] Transfer structures to backend: 0.02 ms
[TIMING] Total fit: 668.01 ms
[TIMING] Test leaf ID extraction: 46.77 ms
[TIMING] Proximity matrix accumulation: 1970.31 ms
[TIMING] Neighbor sorting & quantiles: 18.70 ms
[TIMING] Total compute_uq: 2036.06 ms
    [TIMING] UQ Calculation (Proximity_Method_B): 2.7052 s
[TIMING] Random Forest fit/check: 0.00 ms
[TIMING] OOB/In-bag index reconstruction: 227.96 ms
[TIMING] Leaf weights & density precomputation: 452.15 ms
[TIMING] Transfer structures to backend: 0.09 ms
[TIMING] Total fit: 680.20 ms
[TIMING] Test leaf ID extraction: 47.97 ms
[TIMING] Proximity matrix accumulation: 2467.30 ms
[TIMING] Neighbor sorting & quantiles: 62.30 ms
[TIMING] Total compute_uq: 2577.91 ms
[DEBUG DENSITY] mean walked density = 63.4645, min = 55.9205, max = 69.5152
    [TIMING] UQ Calculation (Proximity_Method_C): 3.2598 s
[TIMING] Random Forest fit/check: 0.00 ms
[TIMING] OOB/In-bag index reconstruction: 227.98 ms
[TIMING] Leaf weights & density precomputation: 447.02 ms
[TIMING] Transfer structures to backend: 0.02 ms
[TIMING] Total fit: 675.02 ms
[TIMING] Test leaf ID extraction: 46.99 ms
[TIMING] Proximity matrix accumulation: 2466.22 ms
[TIMING] Neighbor sorting & quantiles: 18.73 ms
[TIMING] Total compute_uq: 2532.25 ms
[DEBUG DENSITY] mean walked density = 63.4645, min = 55.9205, max = 69.5152
    [TIMING] UQ Calculation (Proximity_Method_B_C): 3.2087 s
    [TIMING] Metrics Calculation: 0.1312 s
    [TIMING] Total Single Evaluation: 14.3773 s

  >>> Starting: Function=sin_cos_6d, Seed=1
    [TIMING] Data Generation: 0.0106 s
    [TIMING] Random Forest Fitting: 2.1940 s
    [TIMING] RF Predicting: 0.0534 s
    [TIMING] Base Aleatoric: 0.0595 s
[TIMING] Random Forest fit/check: 0.00 ms
[TIMING] OOB/In-bag index reconstruction: 229.83 ms
[TIMING] Leaf weights & density precomputation: 77.38 ms
[TIMING] Transfer structures to backend: 0.02 ms
[TIMING] Total fit: 307.23 ms
[TIMING] Test leaf ID extraction: 47.46 ms
[TIMING] Proximity matrix accumulation: 1098.03 ms
[TIMING] Neighbor sorting & quantiles: 90.41 ms
[TIMING] Total compute_uq: 1236.21 ms
    [TIMING] UQ Calculation (Proximity_Baseline): 1.5436 s
[TIMING] Random Forest fit/check: 0.00 ms
[TIMING] OOB/In-bag index reconstruction: 436.99 ms
[TIMING] Leaf weights & density precomputation: 943.33 ms
[TIMING] Transfer structures to backend: 0.02 ms
[TIMING] Total fit: 1380.34 ms
[TIMING] Test leaf ID extraction: 185.66 ms
[TIMING] Proximity matrix accumulation: 2846.51 ms
[TIMING] Neighbor sorting & quantiles: 129.77 ms
[TIMING] Total compute_uq: 3162.32 ms
    [TIMING] UQ Calculation (Proximity_Method_A): 4.5431 s
[TIMING] Random Forest fit/check: 0.00 ms
[TIMING] OOB/In-bag index reconstruction: 466.76 ms
[TIMING] Leaf weights & density precomputation: 977.56 ms
[TIMING] Transfer structures to backend: 0.02 ms
[TIMING] Total fit: 1444.34 ms
[TIMING] Test leaf ID extraction: 242.36 ms
[TIMING] Proximity matrix accumulation: 2840.59 ms
[TIMING] Neighbor sorting & quantiles: 34.93 ms
[TIMING] Total compute_uq: 3118.26 ms
    [TIMING] UQ Calculation (Proximity_Method_B): 4.5641 s
[TIMING] Random Forest fit/check: 0.00 ms
[TIMING] OOB/In-bag index reconstruction: 229.37 ms
[TIMING] Leaf weights & density precomputation: 574.35 ms
[TIMING] Transfer structures to backend: 0.02 ms
[TIMING] Total fit: 803.74 ms
[TIMING] Test leaf ID extraction: 47.62 ms
[TIMING] Proximity matrix accumulation: 3528.30 ms
[TIMING] Neighbor sorting & quantiles: 88.99 ms
[TIMING] Total compute_uq: 3665.25 ms
[DEBUG DENSITY] mean walked density = 63.7063, min = 59.8679, max = 68.1051
    [TIMING] UQ Calculation (Proximity_Method_C): 4.4704 s
[TIMING] Random Forest fit/check: 0.00 ms
[TIMING] OOB/In-bag index reconstruction: 228.75 ms
[TIMING] Leaf weights & density precomputation: 579.11 ms
[TIMING] Transfer structures to backend: 0.02 ms
[TIMING] Total fit: 807.87 ms
[TIMING] Test leaf ID extraction: 47.49 ms
[TIMING] Proximity matrix accumulation: 3525.21 ms
[TIMING] Neighbor sorting & quantiles: 26.06 ms
[TIMING] Total compute_uq: 3599.11 ms
[DEBUG DENSITY] mean walked density = 63.7063, min = 59.8679, max = 68.1051
    [TIMING] UQ Calculation (Proximity_Method_B_C): 4.4083 s
    [TIMING] Metrics Calculation: 0.1553 s
    [TIMING] Total Single Evaluation: 22.0030 s

  >>> Starting: Function=quadratic_6d, Seed=1
    [TIMING] Data Generation: 0.0084 s
    [TIMING] Random Forest Fitting: 1.6464 s
    [TIMING] RF Predicting: 0.0537 s
    [TIMING] Base Aleatoric: 0.0781 s
[TIMING] Random Forest fit/check: 0.00 ms
[TIMING] OOB/In-bag index reconstruction: 347.18 ms
[TIMING] Leaf weights & density precomputation: 106.98 ms
[TIMING] Transfer structures to backend: 0.02 ms
[TIMING] Total fit: 454.18 ms
[TIMING] Test leaf ID extraction: 48.07 ms
[TIMING] Proximity matrix accumulation: 1098.74 ms
[TIMING] Neighbor sorting & quantiles: 91.42 ms
[TIMING] Total compute_uq: 1238.64 ms
    [TIMING] UQ Calculation (Proximity_Baseline): 1.6931 s
[TIMING] Random Forest fit/check: 0.00 ms
[TIMING] OOB/In-bag index reconstruction: 230.58 ms
[TIMING] Leaf weights & density precomputation: 524.37 ms
[TIMING] Transfer structures to backend: 0.02 ms
[TIMING] Total fit: 754.97 ms
[TIMING] Test leaf ID extraction: 48.01 ms
[TIMING] Proximity matrix accumulation: 2822.93 ms
[TIMING] Neighbor sorting & quantiles: 89.07 ms
[TIMING] Total compute_uq: 2960.36 ms
    [TIMING] UQ Calculation (Proximity_Method_A): 3.7157 s
[TIMING] Random Forest fit/check: 0.00 ms
[TIMING] OOB/In-bag index reconstruction: 229.69 ms
[TIMING] Leaf weights & density precomputation: 523.13 ms
[TIMING] Transfer structures to backend: 0.02 ms
[TIMING] Total fit: 752.83 ms
[TIMING] Test leaf ID extraction: 47.46 ms
[TIMING] Proximity matrix accumulation: 2819.28 ms
[TIMING] Neighbor sorting & quantiles: 25.67 ms
[TIMING] Total compute_uq: 2892.73 ms
    [TIMING] UQ Calculation (Proximity_Method_B): 3.6467 s
[TIMING] Random Forest fit/check: 0.00 ms
[TIMING] OOB/In-bag index reconstruction: 229.67 ms
[TIMING] Leaf weights & density precomputation: 522.35 ms
[TIMING] Transfer structures to backend: 0.01 ms
[TIMING] Total fit: 752.03 ms
[TIMING] Test leaf ID extraction: 47.34 ms
[TIMING] Proximity matrix accumulation: 3527.81 ms
[TIMING] Neighbor sorting & quantiles: 89.05 ms
[TIMING] Total compute_uq: 3664.55 ms
[DEBUG DENSITY] mean walked density = 64.4030, min = 57.1209, max = 70.9938
    [TIMING] UQ Calculation (Proximity_Method_C): 4.4180 s
[TIMING] Random Forest fit/check: 0.00 ms
[TIMING] OOB/In-bag index reconstruction: 230.17 ms
[TIMING] Leaf weights & density precomputation: 526.06 ms
[TIMING] Transfer structures to backend: 0.02 ms
[TIMING] Total fit: 756.25 ms
[TIMING] Test leaf ID extraction: 47.60 ms
[TIMING] Proximity matrix accumulation: 3521.27 ms
[TIMING] Neighbor sorting & quantiles: 25.81 ms
[TIMING] Total compute_uq: 3595.06 ms
[DEBUG DENSITY] mean walked density = 64.4030, min = 57.1209, max = 70.9938
    [TIMING] UQ Calculation (Proximity_Method_B_C): 4.3528 s
    [TIMING] Metrics Calculation: 0.1172 s
    [TIMING] Total Single Evaluation: 19.7305 s

  >>> Starting: Function=friedman_6d, Seed=1
    [TIMING] Data Generation: 0.0064 s
    [TIMING] Random Forest Fitting: 1.4550 s
    [TIMING] RF Predicting: 0.0528 s
    [TIMING] Base Aleatoric: 0.0690 s
[TIMING] Random Forest fit/check: 0.00 ms
[TIMING] OOB/In-bag index reconstruction: 240.81 ms
[TIMING] Leaf weights & density precomputation: 90.54 ms
[TIMING] Transfer structures to backend: 0.02 ms
[TIMING] Total fit: 331.37 ms
[TIMING] Test leaf ID extraction: 56.63 ms
[TIMING] Proximity matrix accumulation: 1097.09 ms
[TIMING] Neighbor sorting & quantiles: 91.41 ms
[TIMING] Total compute_uq: 1245.50 ms
    [TIMING] UQ Calculation (Proximity_Baseline): 1.5771 s
[TIMING] Random Forest fit/check: 0.00 ms
[TIMING] OOB/In-bag index reconstruction: 231.56 ms
[TIMING] Leaf weights & density precomputation: 498.74 ms
[TIMING] Transfer structures to backend: 0.02 ms
[TIMING] Total fit: 730.32 ms
[TIMING] Test leaf ID extraction: 46.53 ms
[TIMING] Proximity matrix accumulation: 2824.47 ms
[TIMING] Neighbor sorting & quantiles: 88.90 ms
[TIMING] Total compute_uq: 2960.22 ms
    [TIMING] UQ Calculation (Proximity_Method_A): 3.6909 s
[TIMING] Random Forest fit/check: 0.00 ms
[TIMING] OOB/In-bag index reconstruction: 229.11 ms
[TIMING] Leaf weights & density precomputation: 499.68 ms
[TIMING] Transfer structures to backend: 0.02 ms
[TIMING] Total fit: 728.81 ms
[TIMING] Test leaf ID extraction: 46.86 ms
[TIMING] Proximity matrix accumulation: 2821.76 ms
[TIMING] Neighbor sorting & quantiles: 25.35 ms
[TIMING] Total compute_uq: 2894.28 ms
    [TIMING] UQ Calculation (Proximity_Method_B): 3.6241 s
[TIMING] Random Forest fit/check: 0.00 ms
[TIMING] OOB/In-bag index reconstruction: 227.84 ms
[TIMING] Leaf weights & density precomputation: 495.90 ms
[TIMING] Transfer structures to backend: 0.02 ms
[TIMING] Total fit: 723.76 ms
[TIMING] Test leaf ID extraction: 47.50 ms
[TIMING] Proximity matrix accumulation: 3526.10 ms
[TIMING] Neighbor sorting & quantiles: 89.09 ms
[TIMING] Total compute_uq: 3663.03 ms
[DEBUG DENSITY] mean walked density = 64.2230, min = 56.6878, max = 70.0755
    [TIMING] UQ Calculation (Proximity_Method_C): 4.3883 s
[TIMING] Random Forest fit/check: 0.00 ms
[TIMING] OOB/In-bag index reconstruction: 229.22 ms
[TIMING] Leaf weights & density precomputation: 498.43 ms
[TIMING] Transfer structures to backend: 0.02 ms
[TIMING] Total fit: 727.67 ms
[TIMING] Test leaf ID extraction: 47.75 ms
[TIMING] Proximity matrix accumulation: 3525.76 ms
[TIMING] Neighbor sorting & quantiles: 26.05 ms
[TIMING] Total compute_uq: 3599.90 ms
[DEBUG DENSITY] mean walked density = 64.2230, min = 56.6878, max = 70.0755
    [TIMING] UQ Calculation (Proximity_Method_B_C): 4.3290 s
    [TIMING] Metrics Calculation: 0.1278 s
    [TIMING] Total Single Evaluation: 19.3209 s

  >>> Starting: Function=sin_cos_7d, Seed=1
    [TIMING] Data Generation: 0.0104 s
    [TIMING] Random Forest Fitting: 2.9060 s
    [TIMING] RF Predicting: 0.0766 s
    [TIMING] Base Aleatoric: 0.0883 s
[TIMING] Random Forest fit/check: 0.00 ms
[TIMING] OOB/In-bag index reconstruction: 239.89 ms
[TIMING] Leaf weights & density precomputation: 84.30 ms
[TIMING] Transfer structures to backend: 0.02 ms
[TIMING] Total fit: 324.21 ms
[TIMING] Test leaf ID extraction: 57.06 ms
[TIMING] Proximity matrix accumulation: 1515.85 ms
[TIMING] Neighbor sorting & quantiles: 121.87 ms
[TIMING] Total compute_uq: 1695.17 ms
    [TIMING] UQ Calculation (Proximity_Baseline): 2.0197 s
[TIMING] Random Forest fit/check: 0.00 ms
[TIMING] OOB/In-bag index reconstruction: 243.92 ms
[TIMING] Leaf weights & density precomputation: 636.08 ms
[TIMING] Transfer structures to backend: 0.02 ms
[TIMING] Total fit: 880.03 ms
[TIMING] Test leaf ID extraction: 58.29 ms
[TIMING] Proximity matrix accumulation: 3822.67 ms
[TIMING] Neighbor sorting & quantiles: 119.96 ms
[TIMING] Total compute_uq: 4001.29 ms
    [TIMING] UQ Calculation (Proximity_Method_A): 4.8817 s
[TIMING] Random Forest fit/check: 0.00 ms
[TIMING] OOB/In-bag index reconstruction: 239.65 ms
[TIMING] Leaf weights & density precomputation: 694.61 ms
[TIMING] Transfer structures to backend: 0.02 ms
[TIMING] Total fit: 934.28 ms
[TIMING] Test leaf ID extraction: 58.61 ms
[TIMING] Proximity matrix accumulation: 3827.30 ms
[TIMING] Neighbor sorting & quantiles: 33.42 ms
[TIMING] Total compute_uq: 3919.66 ms
    [TIMING] UQ Calculation (Proximity_Method_B): 4.8550 s
[TIMING] Random Forest fit/check: 0.00 ms
[TIMING] OOB/In-bag index reconstruction: 238.98 ms
[TIMING] Leaf weights & density precomputation: 636.74 ms
[TIMING] Transfer structures to backend: 0.04 ms
[TIMING] Total fit: 875.76 ms
[TIMING] Test leaf ID extraction: 68.72 ms
[TIMING] Proximity matrix accumulation: 4773.21 ms
[TIMING] Neighbor sorting & quantiles: 119.92 ms
[TIMING] Total compute_uq: 4962.21 ms
[DEBUG DENSITY] mean walked density = 64.2945, min = 59.4345, max = 67.7718
    [TIMING] UQ Calculation (Proximity_Method_C): 5.8397 s
[TIMING] Random Forest fit/check: 0.00 ms
[TIMING] OOB/In-bag index reconstruction: 240.36 ms
[TIMING] Leaf weights & density precomputation: 631.42 ms
[TIMING] Transfer structures to backend: 0.02 ms
[TIMING] Total fit: 871.80 ms
[TIMING] Test leaf ID extraction: 58.18 ms
[TIMING] Proximity matrix accumulation: 4777.40 ms
[TIMING] Neighbor sorting & quantiles: 33.77 ms
[TIMING] Total compute_uq: 4869.69 ms
[DEBUG DENSITY] mean walked density = 64.2945, min = 59.4345, max = 67.7718
    [TIMING] UQ Calculation (Proximity_Method_B_C): 5.7430 s
    [TIMING] Metrics Calculation: 0.1384 s
    [TIMING] Total Single Evaluation: 26.5594 s

  >>> Starting: Function=quadratic_7d, Seed=1
    [TIMING] Data Generation: 0.0116 s
    [TIMING] Random Forest Fitting: 2.1232 s
    [TIMING] RF Predicting: 0.0530 s
    [TIMING] Base Aleatoric: 0.0614 s
[TIMING] Random Forest fit/check: 0.00 ms
[TIMING] OOB/In-bag index reconstruction: 241.77 ms
[TIMING] Leaf weights & density precomputation: 83.52 ms
[TIMING] Transfer structures to backend: 0.02 ms
[TIMING] Total fit: 325.31 ms
[TIMING] Test leaf ID extraction: 47.81 ms
[TIMING] Proximity matrix accumulation: 1517.99 ms
[TIMING] Neighbor sorting & quantiles: 122.83 ms
[TIMING] Total compute_uq: 1688.98 ms
    [TIMING] UQ Calculation (Proximity_Baseline): 2.0145 s
[TIMING] Random Forest fit/check: 0.00 ms
[TIMING] OOB/In-bag index reconstruction: 241.96 ms
[TIMING] Leaf weights & density precomputation: 580.44 ms
[TIMING] Transfer structures to backend: 0.02 ms
[TIMING] Total fit: 822.42 ms
[TIMING] Test leaf ID extraction: 47.87 ms
[TIMING] Proximity matrix accumulation: 3820.53 ms
[TIMING] Neighbor sorting & quantiles: 120.05 ms
[TIMING] Total compute_uq: 3988.80 ms
    [TIMING] UQ Calculation (Proximity_Method_A): 4.8116 s
[TIMING] Random Forest fit/check: 0.00 ms
[TIMING] OOB/In-bag index reconstruction: 231.29 ms
[TIMING] Leaf weights & density precomputation: 581.84 ms
[TIMING] Transfer structures to backend: 0.02 ms
[TIMING] Total fit: 813.15 ms
[TIMING] Test leaf ID extraction: 48.21 ms
[TIMING] Proximity matrix accumulation: 3827.16 ms
[TIMING] Neighbor sorting & quantiles: 33.97 ms
[TIMING] Total compute_uq: 3909.74 ms
    [TIMING] UQ Calculation (Proximity_Method_B): 4.7240 s
[TIMING] Random Forest fit/check: 0.00 ms
[TIMING] OOB/In-bag index reconstruction: 243.43 ms
[TIMING] Leaf weights & density precomputation: 583.41 ms
[TIMING] Transfer structures to backend: 0.01 ms
[TIMING] Total fit: 826.85 ms
[TIMING] Test leaf ID extraction: 47.70 ms
[TIMING] Proximity matrix accumulation: 4771.67 ms
[TIMING] Neighbor sorting & quantiles: 120.18 ms
[TIMING] Total compute_uq: 4939.93 ms
[DEBUG DENSITY] mean walked density = 63.8097, min = 56.5110, max = 68.8582
    [TIMING] UQ Calculation (Proximity_Method_C): 5.7682 s
[TIMING] Random Forest fit/check: 0.00 ms
[TIMING] OOB/In-bag index reconstruction: 492.63 ms
[TIMING] Leaf weights & density precomputation: 1046.12 ms
[TIMING] Transfer structures to backend: 0.02 ms
[TIMING] Total fit: 1538.77 ms
[TIMING] Test leaf ID extraction: 193.66 ms
[TIMING] Proximity matrix accumulation: 4824.83 ms
[TIMING] Neighbor sorting & quantiles: 35.93 ms
[TIMING] Total compute_uq: 5054.83 ms
[DEBUG DENSITY] mean walked density = 63.8097, min = 56.5110, max = 68.8582
    [TIMING] UQ Calculation (Proximity_Method_B_C): 6.5957 s
    [TIMING] Metrics Calculation: 1.6198 s
    [TIMING] Total Single Evaluation: 27.7836 s

  >>> Starting: Function=interaction_7d, Seed=1
    [TIMING] Data Generation: 0.0121 s
    [TIMING] Random Forest Fitting: 2.1814 s
    [TIMING] RF Predicting: 0.0531 s
    [TIMING] Base Aleatoric: 0.0731 s
[TIMING] Random Forest fit/check: 0.00 ms
[TIMING] OOB/In-bag index reconstruction: 240.76 ms
[TIMING] Leaf weights & density precomputation: 85.13 ms
[TIMING] Transfer structures to backend: 0.02 ms
[TIMING] Total fit: 325.91 ms
[TIMING] Test leaf ID extraction: 58.67 ms
[TIMING] Proximity matrix accumulation: 1516.79 ms
[TIMING] Neighbor sorting & quantiles: 122.71 ms
[TIMING] Total compute_uq: 1698.56 ms
    [TIMING] UQ Calculation (Proximity_Baseline): 2.0246 s
[TIMING] Random Forest fit/check: 0.00 ms
[TIMING] OOB/In-bag index reconstruction: 240.74 ms
[TIMING] Leaf weights & density precomputation: 579.07 ms
[TIMING] Transfer structures to backend: 0.02 ms
[TIMING] Total fit: 819.83 ms
[TIMING] Test leaf ID extraction: 57.86 ms
[TIMING] Proximity matrix accumulation: 3821.97 ms
[TIMING] Neighbor sorting & quantiles: 120.00 ms
[TIMING] Total compute_uq: 4000.28 ms
    [TIMING] UQ Calculation (Proximity_Method_A): 4.8205 s
[TIMING] Random Forest fit/check: 0.00 ms
[TIMING] OOB/In-bag index reconstruction: 229.56 ms
[TIMING] Leaf weights & density precomputation: 584.48 ms
[TIMING] Transfer structures to backend: 0.04 ms
[TIMING] Total fit: 814.08 ms
[TIMING] Test leaf ID extraction: 58.55 ms
[TIMING] Proximity matrix accumulation: 3826.02 ms
[TIMING] Neighbor sorting & quantiles: 33.82 ms
[TIMING] Total compute_uq: 3918.73 ms
    [TIMING] UQ Calculation (Proximity_Method_B): 4.7341 s
[TIMING] Random Forest fit/check: 0.00 ms
[TIMING] OOB/In-bag index reconstruction: 239.76 ms
[TIMING] Leaf weights & density precomputation: 600.18 ms
[TIMING] Transfer structures to backend: 0.03 ms
[TIMING] Total fit: 839.97 ms
[TIMING] Test leaf ID extraction: 47.65 ms
[TIMING] Proximity matrix accumulation: 4770.64 ms
[TIMING] Neighbor sorting & quantiles: 120.03 ms
[TIMING] Total compute_uq: 4938.68 ms
[DEBUG DENSITY] mean walked density = 63.7155, min = 57.9842, max = 68.1682
    [TIMING] UQ Calculation (Proximity_Method_C): 5.7802 s
[TIMING] Random Forest fit/check: 0.00 ms
[TIMING] OOB/In-bag index reconstruction: 223.12 ms
[TIMING] Leaf weights & density precomputation: 573.70 ms
[TIMING] Transfer structures to backend: 0.02 ms
[TIMING] Total fit: 796.83 ms
[TIMING] Test leaf ID extraction: 48.20 ms
[TIMING] Proximity matrix accumulation: 4775.76 ms
[TIMING] Neighbor sorting & quantiles: 33.54 ms
[TIMING] Total compute_uq: 4857.88 ms
[DEBUG DENSITY] mean walked density = 63.7155, min = 57.9842, max = 68.1682
    [TIMING] UQ Calculation (Proximity_Method_B_C): 5.6561 s
    [TIMING] Metrics Calculation: 0.1080 s
    [TIMING] Total Single Evaluation: 25.4438 s

  >>> Starting: Function=sin_cos_8d, Seed=1
    [TIMING] Data Generation: 0.0138 s
    [TIMING] Random Forest Fitting: 3.5922 s
    [TIMING] RF Predicting: 0.0527 s
    [TIMING] Base Aleatoric: 0.0732 s
[TIMING] Random Forest fit/check: 0.00 ms
[TIMING] OOB/In-bag index reconstruction: 252.28 ms
[TIMING] Leaf weights & density precomputation: 89.60 ms
[TIMING] Transfer structures to backend: 0.02 ms
[TIMING] Total fit: 341.90 ms
[TIMING] Test leaf ID extraction: 59.45 ms
[TIMING] Proximity matrix accumulation: 1994.73 ms
[TIMING] Neighbor sorting & quantiles: 158.11 ms
[TIMING] Total compute_uq: 2212.68 ms
    [TIMING] UQ Calculation (Proximity_Baseline): 2.5547 s
[TIMING] Random Forest fit/check: 0.00 ms
[TIMING] OOB/In-bag index reconstruction: 237.01 ms
[TIMING] Leaf weights & density precomputation: 700.35 ms
[TIMING] Transfer structures to backend: 0.02 ms
[TIMING] Total fit: 937.37 ms
[TIMING] Test leaf ID extraction: 59.45 ms
[TIMING] Proximity matrix accumulation: 4974.07 ms
[TIMING] Neighbor sorting & quantiles: 155.89 ms
[TIMING] Total compute_uq: 5189.81 ms
    [TIMING] UQ Calculation (Proximity_Method_A): 6.1276 s
[TIMING] Random Forest fit/check: 0.00 ms
[TIMING] OOB/In-bag index reconstruction: 244.92 ms
[TIMING] Leaf weights & density precomputation: 695.58 ms
[TIMING] Transfer structures to backend: 0.02 ms
[TIMING] Total fit: 940.51 ms
[TIMING] Test leaf ID extraction: 59.22 ms
[TIMING] Proximity matrix accumulation: 4967.55 ms
[TIMING] Neighbor sorting & quantiles: 42.12 ms
[TIMING] Total compute_uq: 5069.25 ms
    [TIMING] UQ Calculation (Proximity_Method_B): 6.0110 s
[TIMING] Random Forest fit/check: 0.00 ms
[TIMING] OOB/In-bag index reconstruction: 253.76 ms
[TIMING] Leaf weights & density precomputation: 711.27 ms
[TIMING] Transfer structures to backend: 0.02 ms
[TIMING] Total fit: 965.05 ms
[TIMING] Test leaf ID extraction: 60.42 ms
[TIMING] Proximity matrix accumulation: 6210.14 ms
[TIMING] Neighbor sorting & quantiles: 155.69 ms
[TIMING] Total compute_uq: 6426.63 ms
[DEBUG DENSITY] mean walked density = 64.1614, min = 59.8979, max = 68.0015
    [TIMING] UQ Calculation (Proximity_Method_C): 7.3933 s
[TIMING] Random Forest fit/check: 0.00 ms
[TIMING] OOB/In-bag index reconstruction: 250.94 ms
[TIMING] Leaf weights & density precomputation: 693.56 ms
[TIMING] Transfer structures to backend: 0.02 ms
[TIMING] Total fit: 944.51 ms
[TIMING] Test leaf ID extraction: 60.42 ms
[TIMING] Proximity matrix accumulation: 6203.83 ms
[TIMING] Neighbor sorting & quantiles: 41.93 ms
[TIMING] Total compute_uq: 6306.59 ms
[DEBUG DENSITY] mean walked density = 64.1614, min = 59.8979, max = 68.0015
    [TIMING] UQ Calculation (Proximity_Method_B_C): 7.2526 s
    [TIMING] Metrics Calculation: 0.1812 s
    [TIMING] Total Single Evaluation: 33.2530 s

  >>> Starting: Function=quadratic_8d, Seed=1
    [TIMING] Data Generation: 0.0110 s
    [TIMING] Random Forest Fitting: 2.7653 s
    [TIMING] RF Predicting: 0.0427 s
    [TIMING] Base Aleatoric: 0.0748 s
[TIMING] Random Forest fit/check: 0.00 ms
[TIMING] OOB/In-bag index reconstruction: 245.30 ms
[TIMING] Leaf weights & density precomputation: 90.74 ms
[TIMING] Transfer structures to backend: 0.02 ms
[TIMING] Total fit: 336.07 ms
[TIMING] Test leaf ID extraction: 59.81 ms
[TIMING] Proximity matrix accumulation: 1996.01 ms
[TIMING] Neighbor sorting & quantiles: 159.40 ms
[TIMING] Total compute_uq: 2215.59 ms
    [TIMING] UQ Calculation (Proximity_Baseline): 2.5519 s
[TIMING] Random Forest fit/check: 0.00 ms
[TIMING] OOB/In-bag index reconstruction: 243.83 ms
[TIMING] Leaf weights & density precomputation: 636.57 ms
[TIMING] Transfer structures to backend: 0.02 ms
[TIMING] Total fit: 880.42 ms
[TIMING] Test leaf ID extraction: 59.94 ms
[TIMING] Proximity matrix accumulation: 4971.15 ms
[TIMING] Neighbor sorting & quantiles: 155.78 ms
[TIMING] Total compute_uq: 5187.38 ms
    [TIMING] UQ Calculation (Proximity_Method_A): 6.0682 s
[TIMING] Random Forest fit/check: 0.00 ms
[TIMING] OOB/In-bag index reconstruction: 261.50 ms
[TIMING] Leaf weights & density precomputation: 643.02 ms
[TIMING] Transfer structures to backend: 0.02 ms
[TIMING] Total fit: 904.54 ms
[TIMING] Test leaf ID extraction: 60.05 ms
[TIMING] Proximity matrix accumulation: 4968.49 ms
[TIMING] Neighbor sorting & quantiles: 42.51 ms
[TIMING] Total compute_uq: 5071.40 ms
    [TIMING] UQ Calculation (Proximity_Method_B): 5.9772 s
[TIMING] Random Forest fit/check: 0.00 ms
[TIMING] OOB/In-bag index reconstruction: 235.31 ms
[TIMING] Leaf weights & density precomputation: 633.12 ms
[TIMING] Transfer structures to backend: 0.02 ms
[TIMING] Total fit: 868.45 ms
[TIMING] Test leaf ID extraction: 59.44 ms
[TIMING] Proximity matrix accumulation: 6212.80 ms
[TIMING] Neighbor sorting & quantiles: 155.93 ms
[TIMING] Total compute_uq: 6428.58 ms
[DEBUG DENSITY] mean walked density = 63.9544, min = 55.6872, max = 69.1774
    [TIMING] UQ Calculation (Proximity_Method_C): 7.2987 s
[TIMING] Random Forest fit/check: 0.00 ms
[TIMING] OOB/In-bag index reconstruction: 255.51 ms
[TIMING] Leaf weights & density precomputation: 643.08 ms
[TIMING] Transfer structures to backend: 0.02 ms
[TIMING] Total fit: 898.62 ms
[TIMING] Test leaf ID extraction: 59.47 ms
[TIMING] Proximity matrix accumulation: 6205.01 ms
[TIMING] Neighbor sorting & quantiles: 42.29 ms
[TIMING] Total compute_uq: 6307.18 ms
[DEBUG DENSITY] mean walked density = 63.9544, min = 55.6872, max = 69.1774
    [TIMING] UQ Calculation (Proximity_Method_B_C): 7.2075 s
    [TIMING] Metrics Calculation: 0.1417 s
    [TIMING] Total Single Evaluation: 32.1398 s

  >>> Starting: Function=exp_sum_8d, Seed=1
    [TIMING] Data Generation: 0.0117 s
    [TIMING] Random Forest Fitting: 2.8824 s
    [TIMING] RF Predicting: 0.0524 s
    [TIMING] Base Aleatoric: 0.0735 s
[TIMING] Random Forest fit/check: 0.00 ms
[TIMING] OOB/In-bag index reconstruction: 245.83 ms
[TIMING] Leaf weights & density precomputation: 89.00 ms
[TIMING] Transfer structures to backend: 0.02 ms
[TIMING] Total fit: 334.84 ms
[TIMING] Test leaf ID extraction: 59.23 ms
[TIMING] Proximity matrix accumulation: 1994.83 ms
[TIMING] Neighbor sorting & quantiles: 158.76 ms
[TIMING] Total compute_uq: 2213.21 ms
    [TIMING] UQ Calculation (Proximity_Baseline): 2.5482 s
[TIMING] Random Forest fit/check: 0.00 ms
[TIMING] OOB/In-bag index reconstruction: 241.44 ms
[TIMING] Leaf weights & density precomputation: 653.53 ms
[TIMING] Transfer structures to backend: 0.02 ms
[TIMING] Total fit: 894.99 ms
[TIMING] Test leaf ID extraction: 58.63 ms
[TIMING] Proximity matrix accumulation: 4980.91 ms
[TIMING] Neighbor sorting & quantiles: 156.24 ms
[TIMING] Total compute_uq: 5196.23 ms
    [TIMING] UQ Calculation (Proximity_Method_A): 6.0917 s
[TIMING] Random Forest fit/check: 0.00 ms
[TIMING] OOB/In-bag index reconstruction: 257.07 ms
[TIMING] Leaf weights & density precomputation: 655.10 ms
[TIMING] Transfer structures to backend: 0.02 ms
[TIMING] Total fit: 912.20 ms
[TIMING] Test leaf ID extraction: 69.92 ms
[TIMING] Proximity matrix accumulation: 4977.54 ms
[TIMING] Neighbor sorting & quantiles: 42.55 ms
[TIMING] Total compute_uq: 5090.39 ms
    [TIMING] UQ Calculation (Proximity_Method_B): 6.0039 s
[TIMING] Random Forest fit/check: 0.00 ms
[TIMING] OOB/In-bag index reconstruction: 237.42 ms
[TIMING] Leaf weights & density precomputation: 659.41 ms
[TIMING] Transfer structures to backend: 0.02 ms
[TIMING] Total fit: 896.85 ms
[TIMING] Test leaf ID extraction: 282.52 ms
[TIMING] Proximity matrix accumulation: 6330.85 ms
[TIMING] Neighbor sorting & quantiles: 205.86 ms
[TIMING] Total compute_uq: 6819.82 ms
[DEBUG DENSITY] mean walked density = 64.0300, min = 60.2513, max = 68.7353
    [TIMING] UQ Calculation (Proximity_Method_C): 7.7187 s
[TIMING] Random Forest fit/check: 0.00 ms
[TIMING] OOB/In-bag index reconstruction: 396.76 ms
[TIMING] Leaf weights & density precomputation: 659.69 ms
[TIMING] Transfer structures to backend: 0.02 ms
[TIMING] Total fit: 1056.47 ms
[TIMING] Test leaf ID extraction: 60.31 ms
[TIMING] Proximity matrix accumulation: 6210.39 ms
[TIMING] Neighbor sorting & quantiles: 41.95 ms
[TIMING] Total compute_uq: 6313.04 ms
[DEBUG DENSITY] mean walked density = 64.0300, min = 60.2513, max = 68.7353
    [TIMING] UQ Calculation (Proximity_Method_B_C): 7.3710 s
    [TIMING] Metrics Calculation: 0.1536 s
    [TIMING] Total Single Evaluation: 32.9077 s

  >>> Starting: Function=sin_cos_9d, Seed=1
    [TIMING] Data Generation: 0.0163 s
    [TIMING] Random Forest Fitting: 4.8506 s
    [TIMING] RF Predicting: 0.0636 s
    [TIMING] Base Aleatoric: 0.0976 s
[TIMING] Random Forest fit/check: 0.00 ms
[TIMING] OOB/In-bag index reconstruction: 323.80 ms
[TIMING] Leaf weights & density precomputation: 101.39 ms
[TIMING] Transfer structures to backend: 0.02 ms
[TIMING] Total fit: 425.21 ms
[TIMING] Test leaf ID extraction: 69.22 ms
[TIMING] Proximity matrix accumulation: 2524.27 ms
[TIMING] Neighbor sorting & quantiles: 209.59 ms
[TIMING] Total compute_uq: 2803.46 ms
    [TIMING] UQ Calculation (Proximity_Baseline): 3.2290 s
[TIMING] Random Forest fit/check: 0.00 ms
[TIMING] OOB/In-bag index reconstruction: 323.92 ms
[TIMING] Leaf weights & density precomputation: 784.87 ms
[TIMING] Transfer structures to backend: 0.02 ms
[TIMING] Total fit: 1108.80 ms
[TIMING] Test leaf ID extraction: 69.42 ms
[TIMING] Proximity matrix accumulation: 6316.82 ms
[TIMING] Neighbor sorting & quantiles: 206.54 ms
[TIMING] Total compute_uq: 6593.19 ms
    [TIMING] UQ Calculation (Proximity_Method_A): 7.7024 s
[TIMING] Random Forest fit/check: 0.00 ms
[TIMING] OOB/In-bag index reconstruction: 328.10 ms
[TIMING] Leaf weights & density precomputation: 793.13 ms
[TIMING] Transfer structures to backend: 0.02 ms
[TIMING] Total fit: 1121.25 ms
[TIMING] Test leaf ID extraction: 68.21 ms
[TIMING] Proximity matrix accumulation: 6311.50 ms
[TIMING] Neighbor sorting & quantiles: 51.95 ms
[TIMING] Total compute_uq: 6432.02 ms
    [TIMING] UQ Calculation (Proximity_Method_B): 7.5543 s
[TIMING] Random Forest fit/check: 0.00 ms
[TIMING] OOB/In-bag index reconstruction: 325.60 ms
[TIMING] Leaf weights & density precomputation: 785.62 ms
[TIMING] Transfer structures to backend: 0.02 ms
[TIMING] Total fit: 1111.24 ms
[TIMING] Test leaf ID extraction: 68.08 ms
[TIMING] Proximity matrix accumulation: 7846.34 ms
[TIMING] Neighbor sorting & quantiles: 206.85 ms
[TIMING] Total compute_uq: 8121.78 ms
[DEBUG DENSITY] mean walked density = 64.2676, min = 58.2378, max = 67.5351
    [TIMING] UQ Calculation (Proximity_Method_C): 9.2348 s
[TIMING] Random Forest fit/check: 0.00 ms
[TIMING] OOB/In-bag index reconstruction: 344.11 ms
[TIMING] Leaf weights & density precomputation: 797.27 ms
[TIMING] Transfer structures to backend: 0.02 ms
[TIMING] Total fit: 1141.39 ms
[TIMING] Test leaf ID extraction: 69.26 ms
[TIMING] Proximity matrix accumulation: 7865.29 ms
[TIMING] Neighbor sorting & quantiles: 52.16 ms
[TIMING] Total compute_uq: 7987.12 ms
[DEBUG DENSITY] mean walked density = 64.2676, min = 58.2378, max = 67.5351
    [TIMING] UQ Calculation (Proximity_Method_B_C): 9.1302 s
    [TIMING] Metrics Calculation: 0.1422 s
    [TIMING] Total Single Evaluation: 42.0218 s

  >>> Starting: Function=quadratic_9d, Seed=1
    [TIMING] Data Generation: 0.0138 s
    [TIMING] Random Forest Fitting: 3.4855 s
    [TIMING] RF Predicting: 0.0532 s
    [TIMING] Base Aleatoric: 0.0781 s
[TIMING] Random Forest fit/check: 0.00 ms
[TIMING] OOB/In-bag index reconstruction: 327.17 ms
[TIMING] Leaf weights & density precomputation: 96.97 ms
[TIMING] Transfer structures to backend: 0.02 ms
[TIMING] Total fit: 424.15 ms
[TIMING] Test leaf ID extraction: 58.73 ms
[TIMING] Proximity matrix accumulation: 2524.52 ms
[TIMING] Neighbor sorting & quantiles: 212.04 ms
[TIMING] Total compute_uq: 2795.71 ms
    [TIMING] UQ Calculation (Proximity_Baseline): 3.2200 s
[TIMING] Random Forest fit/check: 0.00 ms
[TIMING] OOB/In-bag index reconstruction: 324.80 ms
[TIMING] Leaf weights & density precomputation: 703.39 ms
[TIMING] Transfer structures to backend: 0.01 ms
[TIMING] Total fit: 1028.20 ms
[TIMING] Test leaf ID extraction: 58.22 ms
[TIMING] Proximity matrix accumulation: 6303.18 ms
[TIMING] Neighbor sorting & quantiles: 206.79 ms
[TIMING] Total compute_uq: 6568.62 ms
    [TIMING] UQ Calculation (Proximity_Method_A): 7.5973 s
[TIMING] Random Forest fit/check: 0.00 ms
[TIMING] OOB/In-bag index reconstruction: 323.21 ms
[TIMING] Leaf weights & density precomputation: 713.72 ms
[TIMING] Transfer structures to backend: 0.02 ms
[TIMING] Total fit: 1036.95 ms
[TIMING] Test leaf ID extraction: 69.67 ms
[TIMING] Proximity matrix accumulation: 6301.95 ms
[TIMING] Neighbor sorting & quantiles: 52.58 ms
[TIMING] Total compute_uq: 6424.63 ms
    [TIMING] UQ Calculation (Proximity_Method_B): 7.4629 s
[TIMING] Random Forest fit/check: 0.00 ms
[TIMING] OOB/In-bag index reconstruction: 326.40 ms
[TIMING] Leaf weights & density precomputation: 710.28 ms
[TIMING] Transfer structures to backend: 0.02 ms
[TIMING] Total fit: 1036.70 ms
[TIMING] Test leaf ID extraction: 60.04 ms
[TIMING] Proximity matrix accumulation: 7855.21 ms
[TIMING] Neighbor sorting & quantiles: 207.16 ms
[TIMING] Total compute_uq: 8122.95 ms
[DEBUG DENSITY] mean walked density = 63.4733, min = 57.8474, max = 68.4289
    [TIMING] UQ Calculation (Proximity_Method_C): 9.1613 s
[TIMING] Random Forest fit/check: 0.00 ms
[TIMING] OOB/In-bag index reconstruction: 321.51 ms
[TIMING] Leaf weights & density precomputation: 706.97 ms
[TIMING] Transfer structures to backend: 0.02 ms
[TIMING] Total fit: 1028.50 ms
[TIMING] Test leaf ID extraction: 58.01 ms
[TIMING] Proximity matrix accumulation: 7859.72 ms
[TIMING] Neighbor sorting & quantiles: 52.21 ms
[TIMING] Total compute_uq: 7970.36 ms
[DEBUG DENSITY] mean walked density = 63.4733, min = 57.8474, max = 68.4289
    [TIMING] UQ Calculation (Proximity_Method_B_C): 9.0004 s
    [TIMING] Metrics Calculation: 0.1463 s
    [TIMING] Total Single Evaluation: 40.2196 s

  >>> Starting: Function=multi_modal_9d, Seed=1
    [TIMING] Data Generation: 0.0175 s
    [TIMING] Random Forest Fitting: 4.0846 s
    [TIMING] RF Predicting: 0.0529 s
    [TIMING] Base Aleatoric: 0.0872 s
[TIMING] Random Forest fit/check: 0.00 ms
[TIMING] OOB/In-bag index reconstruction: 327.56 ms
[TIMING] Leaf weights & density precomputation: 96.69 ms
[TIMING] Transfer structures to backend: 0.02 ms
[TIMING] Total fit: 424.27 ms
[TIMING] Test leaf ID extraction: 69.11 ms
[TIMING] Proximity matrix accumulation: 2524.67 ms
[TIMING] Neighbor sorting & quantiles: 211.22 ms
[TIMING] Total compute_uq: 2805.43 ms
    [TIMING] UQ Calculation (Proximity_Baseline): 3.2299 s
[TIMING] Random Forest fit/check: 0.00 ms
[TIMING] OOB/In-bag index reconstruction: 316.52 ms
[TIMING] Leaf weights & density precomputation: 753.34 ms
[TIMING] Transfer structures to backend: 0.02 ms
[TIMING] Total fit: 1069.89 ms
[TIMING] Test leaf ID extraction: 70.37 ms
[TIMING] Proximity matrix accumulation: 6316.97 ms
[TIMING] Neighbor sorting & quantiles: 206.77 ms
[TIMING] Total compute_uq: 6594.59 ms
    [TIMING] UQ Calculation (Proximity_Method_A): 7.6651 s
[TIMING] Random Forest fit/check: 0.00 ms
[TIMING] OOB/In-bag index reconstruction: 318.38 ms
[TIMING] Leaf weights & density precomputation: 734.00 ms
[TIMING] Transfer structures to backend: 0.01 ms
[TIMING] Total fit: 1052.39 ms
[TIMING] Test leaf ID extraction: 68.28 ms
[TIMING] Proximity matrix accumulation: 6311.12 ms
[TIMING] Neighbor sorting & quantiles: 51.99 ms
[TIMING] Total compute_uq: 6431.82 ms
    [TIMING] UQ Calculation (Proximity_Method_B): 7.4854 s
[TIMING] Random Forest fit/check: 0.00 ms
[TIMING] OOB/In-bag index reconstruction: 317.97 ms
[TIMING] Leaf weights & density precomputation: 734.86 ms
[TIMING] Transfer structures to backend: 0.02 ms
[TIMING] Total fit: 1052.85 ms
[TIMING] Test leaf ID extraction: 69.24 ms
[TIMING] Proximity matrix accumulation: 7862.87 ms
[TIMING] Neighbor sorting & quantiles: 206.73 ms
[TIMING] Total compute_uq: 8139.27 ms
[DEBUG DENSITY] mean walked density = 64.8178, min = 59.6618, max = 69.2657
    [TIMING] UQ Calculation (Proximity_Method_C): 9.1937 s
[TIMING] Random Forest fit/check: 0.00 ms
[TIMING] OOB/In-bag index reconstruction: 336.19 ms
[TIMING] Leaf weights & density precomputation: 762.90 ms
[TIMING] Transfer structures to backend: 0.02 ms
[TIMING] Total fit: 1099.11 ms
[TIMING] Test leaf ID extraction: 68.41 ms
[TIMING] Proximity matrix accumulation: 7866.50 ms
[TIMING] Neighbor sorting & quantiles: 52.31 ms
[TIMING] Total compute_uq: 7987.64 ms
[DEBUG DENSITY] mean walked density = 64.8178, min = 59.6618, max = 69.2657
    [TIMING] UQ Calculation (Proximity_Method_B_C): 9.0882 s
    [TIMING] Metrics Calculation: 0.1729 s
    [TIMING] Total Single Evaluation: 41.0781 s

  >>> Starting: Function=sin_cos_10d, Seed=1
    [TIMING] Data Generation: 0.0198 s
    [TIMING] Random Forest Fitting: 6.0891 s
    [TIMING] RF Predicting: 0.0635 s
    [TIMING] Base Aleatoric: 0.1012 s
[TIMING] Random Forest fit/check: 0.00 ms
[TIMING] OOB/In-bag index reconstruction: 364.04 ms
[TIMING] Leaf weights & density precomputation: 115.12 ms
[TIMING] Transfer structures to backend: 0.02 ms
[TIMING] Total fit: 479.18 ms
[TIMING] Test leaf ID extraction: 79.72 ms
[TIMING] Proximity matrix accumulation: 3138.89 ms
[TIMING] Neighbor sorting & quantiles: 259.00 ms
[TIMING] Total compute_uq: 3478.10 ms
    [TIMING] UQ Calculation (Proximity_Baseline): 3.9577 s
[TIMING] Random Forest fit/check: 0.00 ms
[TIMING] OOB/In-bag index reconstruction: 336.31 ms
[TIMING] Leaf weights & density precomputation: 854.17 ms
[TIMING] Transfer structures to backend: 0.02 ms
[TIMING] Total fit: 1190.50 ms
[TIMING] Test leaf ID extraction: 68.94 ms
[TIMING] Proximity matrix accumulation: 7783.98 ms
[TIMING] Neighbor sorting & quantiles: 254.42 ms
[TIMING] Total compute_uq: 8107.78 ms
    [TIMING] UQ Calculation (Proximity_Method_A): 9.2988 s
[TIMING] Random Forest fit/check: 0.00 ms
[TIMING] OOB/In-bag index reconstruction: 335.21 ms
[TIMING] Leaf weights & density precomputation: 853.91 ms
[TIMING] Transfer structures to backend: 0.01 ms
[TIMING] Total fit: 1189.14 ms
[TIMING] Test leaf ID extraction: 70.06 ms
[TIMING] Proximity matrix accumulation: 7789.17 ms
[TIMING] Neighbor sorting & quantiles: 62.16 ms
[TIMING] Total compute_uq: 7921.84 ms
    [TIMING] UQ Calculation (Proximity_Method_B): 9.1120 s
[TIMING] Random Forest fit/check: 0.00 ms
[TIMING] OOB/In-bag index reconstruction: 334.02 ms
[TIMING] Leaf weights & density precomputation: 843.39 ms
[TIMING] Transfer structures to backend: 0.03 ms
[TIMING] Total fit: 1177.43 ms
[TIMING] Test leaf ID extraction: 79.91 ms
[TIMING] Proximity matrix accumulation: 9676.93 ms
[TIMING] Neighbor sorting & quantiles: 254.76 ms
[TIMING] Total compute_uq: 10012.08 ms
[DEBUG DENSITY] mean walked density = 64.6044, min = 61.0815, max = 68.2218
    [TIMING] UQ Calculation (Proximity_Method_C): 11.1912 s
[TIMING] Random Forest fit/check: 0.00 ms
[TIMING] OOB/In-bag index reconstruction: 338.60 ms
[TIMING] Leaf weights & density precomputation: 863.26 ms
[TIMING] Transfer structures to backend: 0.02 ms
[TIMING] Total fit: 1201.88 ms
[TIMING] Test leaf ID extraction: 68.41 ms
[TIMING] Proximity matrix accumulation: 9689.13 ms
[TIMING] Neighbor sorting & quantiles: 62.61 ms
[TIMING] Total compute_uq: 9820.59 ms
[DEBUG DENSITY] mean walked density = 64.6044, min = 61.0815, max = 68.2218
    [TIMING] UQ Calculation (Proximity_Method_B_C): 11.0240 s
    [TIMING] Metrics Calculation: 0.1654 s
    [TIMING] Total Single Evaluation: 51.0237 s

  >>> Starting: Function=quadratic_10d, Seed=1
    [TIMING] Data Generation: 0.0159 s
    [TIMING] Random Forest Fitting: 4.2725 s
    [TIMING] RF Predicting: 0.0530 s
    [TIMING] Base Aleatoric: 0.0899 s
[TIMING] Random Forest fit/check: 0.00 ms
[TIMING] OOB/In-bag index reconstruction: 339.00 ms
[TIMING] Leaf weights & density precomputation: 103.61 ms
[TIMING] Transfer structures to backend: 0.02 ms
[TIMING] Total fit: 442.62 ms
[TIMING] Test leaf ID extraction: 69.86 ms
[TIMING] Proximity matrix accumulation: 3138.43 ms
[TIMING] Neighbor sorting & quantiles: 260.66 ms
[TIMING] Total compute_uq: 3469.37 ms
    [TIMING] UQ Calculation (Proximity_Baseline): 3.9122 s
[TIMING] Random Forest fit/check: 0.00 ms
[TIMING] OOB/In-bag index reconstruction: 330.58 ms
[TIMING] Leaf weights & density precomputation: 778.38 ms
[TIMING] Transfer structures to backend: 0.02 ms
[TIMING] Total fit: 1108.98 ms
[TIMING] Test leaf ID extraction: 68.71 ms
[TIMING] Proximity matrix accumulation: 7773.24 ms
[TIMING] Neighbor sorting & quantiles: 254.44 ms
[TIMING] Total compute_uq: 8096.80 ms
    [TIMING] UQ Calculation (Proximity_Method_A): 9.2062 s
[TIMING] Random Forest fit/check: 0.00 ms
[TIMING] OOB/In-bag index reconstruction: 327.88 ms
[TIMING] Leaf weights & density precomputation: 773.27 ms
[TIMING] Transfer structures to backend: 0.02 ms
[TIMING] Total fit: 1101.17 ms
[TIMING] Test leaf ID extraction: 69.20 ms
[TIMING] Proximity matrix accumulation: 7776.05 ms
[TIMING] Neighbor sorting & quantiles: 63.57 ms
[TIMING] Total compute_uq: 7909.29 ms
    [TIMING] UQ Calculation (Proximity_Method_B): 9.0117 s
[TIMING] Random Forest fit/check: 0.01 ms
[TIMING] OOB/In-bag index reconstruction: 459.86 ms
[TIMING] Leaf weights & density precomputation: 1111.13 ms
[TIMING] Transfer structures to backend: 0.03 ms
[TIMING] Total fit: 1571.03 ms
[TIMING] Test leaf ID extraction: 71.14 ms
[TIMING] Proximity matrix accumulation: 9663.72 ms
[TIMING] Neighbor sorting & quantiles: 254.97 ms
[TIMING] Total compute_uq: 9990.44 ms
[DEBUG DENSITY] mean walked density = 64.0620, min = 58.9210, max = 68.3288
    [TIMING] UQ Calculation (Proximity_Method_C): 11.5635 s
[TIMING] Random Forest fit/check: 0.00 ms
[TIMING] OOB/In-bag index reconstruction: 326.36 ms
[TIMING] Leaf weights & density precomputation: 778.97 ms
[TIMING] Transfer structures to backend: 0.01 ms
[TIMING] Total fit: 1105.34 ms
[TIMING] Test leaf ID extraction: 68.95 ms
[TIMING] Proximity matrix accumulation: 9677.68 ms
[TIMING] Neighbor sorting & quantiles: 62.39 ms
[TIMING] Total compute_uq: 9809.44 ms
[DEBUG DENSITY] mean walked density = 64.0620, min = 58.9210, max = 68.3288
    [TIMING] UQ Calculation (Proximity_Method_B_C): 10.9163 s
    [TIMING] Metrics Calculation: 0.1742 s
    [TIMING] Total Single Evaluation: 49.2160 s

  >>> Starting: Function=friedman_10d, Seed=1
    [TIMING] Data Generation: 0.0165 s
    [TIMING] Random Forest Fitting: 3.6976 s
    [TIMING] RF Predicting: 0.0734 s
    [TIMING] Base Aleatoric: 0.1101 s
[TIMING] Random Forest fit/check: 0.00 ms
[TIMING] OOB/In-bag index reconstruction: 338.15 ms
[TIMING] Leaf weights & density precomputation: 110.25 ms
[TIMING] Transfer structures to backend: 0.02 ms
[TIMING] Total fit: 448.42 ms
[TIMING] Test leaf ID extraction: 79.76 ms
[TIMING] Proximity matrix accumulation: 3138.28 ms
[TIMING] Neighbor sorting & quantiles: 261.13 ms
[TIMING] Total compute_uq: 3479.61 ms
    [TIMING] UQ Calculation (Proximity_Baseline): 3.9283 s
[TIMING] Random Forest fit/check: 0.00 ms
[TIMING] OOB/In-bag index reconstruction: 338.06 ms
[TIMING] Leaf weights & density precomputation: 746.91 ms
[TIMING] Transfer structures to backend: 0.02 ms
[TIMING] Total fit: 1084.99 ms
[TIMING] Test leaf ID extraction: 78.92 ms
[TIMING] Proximity matrix accumulation: 7787.53 ms
[TIMING] Neighbor sorting & quantiles: 254.49 ms
[TIMING] Total compute_uq: 8121.33 ms
    [TIMING] UQ Calculation (Proximity_Method_A): 9.2067 s
[TIMING] Random Forest fit/check: 0.00 ms
[TIMING] OOB/In-bag index reconstruction: 320.98 ms
[TIMING] Leaf weights & density precomputation: 734.46 ms
[TIMING] Transfer structures to backend: 0.04 ms
[TIMING] Total fit: 1055.49 ms
[TIMING] Test leaf ID extraction: 79.68 ms
[TIMING] Proximity matrix accumulation: 7794.04 ms
[TIMING] Neighbor sorting & quantiles: 62.50 ms
[TIMING] Total compute_uq: 7936.63 ms
    [TIMING] UQ Calculation (Proximity_Method_B): 8.9936 s
[TIMING] Random Forest fit/check: 0.00 ms
[TIMING] OOB/In-bag index reconstruction: 354.64 ms
[TIMING] Leaf weights & density precomputation: 747.41 ms
[TIMING] Transfer structures to backend: 0.02 ms
[TIMING] Total fit: 1102.08 ms
[TIMING] Test leaf ID extraction: 78.70 ms
[TIMING] Proximity matrix accumulation: 9680.23 ms
[TIMING] Neighbor sorting & quantiles: 254.59 ms
[TIMING] Total compute_uq: 10013.96 ms
[DEBUG DENSITY] mean walked density = 64.5494, min = 54.6805, max = 70.7956
    [TIMING] UQ Calculation (Proximity_Method_C): 11.1177 s
[TIMING] Random Forest fit/check: 0.00 ms
[TIMING] OOB/In-bag index reconstruction: 335.30 ms
[TIMING] Leaf weights & density precomputation: 718.65 ms
[TIMING] Transfer structures to backend: 0.02 ms
[TIMING] Total fit: 1053.97 ms
[TIMING] Test leaf ID extraction: 79.88 ms
[TIMING] Proximity matrix accumulation: 9694.96 ms
[TIMING] Neighbor sorting & quantiles: 61.82 ms
[TIMING] Total compute_uq: 9837.07 ms
[DEBUG DENSITY] mean walked density = 64.5494, min = 54.6805, max = 70.7956
    [TIMING] UQ Calculation (Proximity_Method_B_C): 10.8926 s
    [TIMING] Metrics Calculation: 0.2293 s
    [TIMING] Total Single Evaluation: 48.2663 s

  >>> Starting: Function=sin_cos_11d, Seed=1
    [TIMING] Data Generation: 0.0311 s
    [TIMING] Random Forest Fitting: 8.2058 s
    [TIMING] RF Predicting: 0.0737 s
    [TIMING] Base Aleatoric: 0.1259 s
[TIMING] Random Forest fit/check: 0.00 ms
[TIMING] OOB/In-bag index reconstruction: 399.35 ms
[TIMING] Leaf weights & density precomputation: 117.25 ms
[TIMING] Transfer structures to backend: 0.02 ms
[TIMING] Total fit: 516.62 ms
[TIMING] Test leaf ID extraction: 81.65 ms
[TIMING] Proximity matrix accumulation: 3807.67 ms
[TIMING] Neighbor sorting & quantiles: 311.86 ms
[TIMING] Total compute_uq: 4201.71 ms
    [TIMING] UQ Calculation (Proximity_Baseline): 4.7187 s
[TIMING] Random Forest fit/check: 0.00 ms
[TIMING] OOB/In-bag index reconstruction: 340.09 ms
[TIMING] Leaf weights & density precomputation: 952.06 ms
[TIMING] Transfer structures to backend: 0.02 ms
[TIMING] Total fit: 1292.16 ms
[TIMING] Test leaf ID extraction: 80.60 ms
[TIMING] Proximity matrix accumulation: 9425.03 ms
[TIMING] Neighbor sorting & quantiles: 306.52 ms
[TIMING] Total compute_uq: 9812.63 ms
    [TIMING] UQ Calculation (Proximity_Method_A): 11.1053 s
[TIMING] Random Forest fit/check: 0.00 ms
[TIMING] OOB/In-bag index reconstruction: 340.07 ms
[TIMING] Leaf weights & density precomputation: 959.88 ms
[TIMING] Transfer structures to backend: 0.02 ms
[TIMING] Total fit: 1299.97 ms
[TIMING] Test leaf ID extraction: 90.55 ms
[TIMING] Proximity matrix accumulation: 9413.67 ms
[TIMING] Neighbor sorting & quantiles: 74.16 ms
[TIMING] Total compute_uq: 9578.84 ms
    [TIMING] UQ Calculation (Proximity_Method_B): 10.8800 s
[TIMING] Random Forest fit/check: 0.00 ms
[TIMING] OOB/In-bag index reconstruction: 350.79 ms
[TIMING] Leaf weights & density precomputation: 969.95 ms
[TIMING] Transfer structures to backend: 0.02 ms
[TIMING] Total fit: 1320.76 ms
[TIMING] Test leaf ID extraction: 89.43 ms
[TIMING] Proximity matrix accumulation: 11796.98 ms
[TIMING] Neighbor sorting & quantiles: 435.23 ms
[TIMING] Total compute_uq: 12322.23 ms
[DEBUG DENSITY] mean walked density = 64.3540, min = 60.9214, max = 68.5413
    [TIMING] UQ Calculation (Proximity_Method_C): 13.6447 s
[TIMING] Random Forest fit/check: 0.03 ms
[TIMING] OOB/In-bag index reconstruction: 356.20 ms
[TIMING] Leaf weights & density precomputation: 989.14 ms
[TIMING] Transfer structures to backend: 0.02 ms
[TIMING] Total fit: 1345.39 ms
[TIMING] Test leaf ID extraction: 79.69 ms
[TIMING] Proximity matrix accumulation: 11698.14 ms
[TIMING] Neighbor sorting & quantiles: 76.61 ms
[TIMING] Total compute_uq: 11854.92 ms
[DEBUG DENSITY] mean walked density = 64.3540, min = 60.9214, max = 68.5413
    [TIMING] UQ Calculation (Proximity_Method_B_C): 13.2019 s
    [TIMING] Metrics Calculation: 0.1609 s
    [TIMING] Total Single Evaluation: 62.1486 s

  >>> Starting: Function=sin_cos_12d, Seed=1
    [TIMING] Data Generation: 0.0299 s
    [TIMING] Random Forest Fitting: 9.0849 s
    [TIMING] RF Predicting: 0.0844 s
    [TIMING] Base Aleatoric: 0.1150 s
[TIMING] Random Forest fit/check: 0.00 ms
[TIMING] OOB/In-bag index reconstruction: 355.38 ms
[TIMING] Leaf weights & density precomputation: 112.92 ms
[TIMING] Transfer structures to backend: 0.02 ms
[TIMING] Total fit: 468.32 ms
[TIMING] Test leaf ID extraction: 90.58 ms
[TIMING] Proximity matrix accumulation: 4545.38 ms
[TIMING] Neighbor sorting & quantiles: 370.86 ms
[TIMING] Total compute_uq: 5007.41 ms
    [TIMING] UQ Calculation (Proximity_Baseline): 5.4761 s
[TIMING] Random Forest fit/check: 0.00 ms
[TIMING] OOB/In-bag index reconstruction: 354.83 ms
[TIMING] Leaf weights & density precomputation: 1052.75 ms
[TIMING] Transfer structures to backend: 0.02 ms
[TIMING] Total fit: 1407.60 ms
[TIMING] Test leaf ID extraction: 92.53 ms
[TIMING] Proximity matrix accumulation: 11201.05 ms
[TIMING] Neighbor sorting & quantiles: 365.65 ms
[TIMING] Total compute_uq: 11659.86 ms
    [TIMING] UQ Calculation (Proximity_Method_A): 13.0680 s
[TIMING] Random Forest fit/check: 0.00 ms
[TIMING] OOB/In-bag index reconstruction: 356.30 ms
[TIMING] Leaf weights & density precomputation: 1033.84 ms
[TIMING] Transfer structures to backend: 0.03 ms
[TIMING] Total fit: 1390.17 ms
[TIMING] Test leaf ID extraction: 91.09 ms
[TIMING] Proximity matrix accumulation: 11204.18 ms
[TIMING] Neighbor sorting & quantiles: 90.43 ms
[TIMING] Total compute_uq: 11386.23 ms
    [TIMING] UQ Calculation (Proximity_Method_B): 12.7777 s
[TIMING] Random Forest fit/check: 0.00 ms
[TIMING] OOB/In-bag index reconstruction: 355.60 ms
[TIMING] Leaf weights & density precomputation: 1010.86 ms
[TIMING] Transfer structures to backend: 0.05 ms
[TIMING] Total fit: 1366.52 ms
[TIMING] Test leaf ID extraction: 92.08 ms
[TIMING] Proximity matrix accumulation: 13902.71 ms
[TIMING] Neighbor sorting & quantiles: 365.56 ms
[TIMING] Total compute_uq: 14361.01 ms
[DEBUG DENSITY] mean walked density = 64.5645, min = 61.1717, max = 67.8849
    [TIMING] UQ Calculation (Proximity_Method_C): 15.7298 s
[TIMING] Random Forest fit/check: 0.00 ms
[TIMING] OOB/In-bag index reconstruction: 355.03 ms
[TIMING] Leaf weights & density precomputation: 1001.93 ms
[TIMING] Transfer structures to backend: 0.02 ms
[TIMING] Total fit: 1356.97 ms
[TIMING] Test leaf ID extraction: 91.80 ms
[TIMING] Proximity matrix accumulation: 13910.75 ms
[TIMING] Neighbor sorting & quantiles: 87.11 ms
[TIMING] Total compute_uq: 14090.12 ms
[DEBUG DENSITY] mean walked density = 64.5645, min = 61.1717, max = 67.8849
    [TIMING] UQ Calculation (Proximity_Method_B_C): 15.4487 s
    [TIMING] Metrics Calculation: 0.2606 s
    [TIMING] Total Single Evaluation: 72.0760 s

  >>> Starting: Function=sin_cos_13d, Seed=1
    [TIMING] Data Generation: 0.0412 s
    [TIMING] Random Forest Fitting: 11.7528 s
    [TIMING] RF Predicting: 0.0844 s
    [TIMING] Base Aleatoric: 0.1461 s
[TIMING] Random Forest fit/check: 0.00 ms
[TIMING] OOB/In-bag index reconstruction: 496.15 ms
[TIMING] Leaf weights & density precomputation: 141.45 ms
[TIMING] Transfer structures to backend: 0.03 ms
[TIMING] Total fit: 637.62 ms
[TIMING] Test leaf ID extraction: 102.56 ms
[TIMING] Proximity matrix accumulation: 5394.99 ms
[TIMING] Neighbor sorting & quantiles: 434.23 ms
[TIMING] Total compute_uq: 5932.39 ms
    [TIMING] UQ Calculation (Proximity_Baseline): 6.5704 s
[TIMING] Random Forest fit/check: 0.00 ms
[TIMING] OOB/In-bag index reconstruction: 363.21 ms
[TIMING] Leaf weights & density precomputation: 1119.19 ms
[TIMING] Transfer structures to backend: 0.02 ms
[TIMING] Total fit: 1482.42 ms
[TIMING] Test leaf ID extraction: 100.27 ms
[TIMING] Proximity matrix accumulation: 13108.24 ms
[TIMING] Neighbor sorting & quantiles: 427.49 ms
[TIMING] Total compute_uq: 13636.54 ms
    [TIMING] UQ Calculation (Proximity_Method_A): 15.1194 s
[TIMING] Random Forest fit/check: 0.03 ms
[TIMING] OOB/In-bag index reconstruction: 364.94 ms
[TIMING] Leaf weights & density precomputation: 1092.18 ms
[TIMING] Transfer structures to backend: 0.02 ms
[TIMING] Total fit: 1457.18 ms
[TIMING] Test leaf ID extraction: 101.46 ms
[TIMING] Proximity matrix accumulation: 13120.16 ms
[TIMING] Neighbor sorting & quantiles: 101.01 ms
[TIMING] Total compute_uq: 13323.15 ms
    [TIMING] UQ Calculation (Proximity_Method_B): 14.7815 s
[TIMING] Random Forest fit/check: 0.00 ms
[TIMING] OOB/In-bag index reconstruction: 364.12 ms
[TIMING] Leaf weights & density precomputation: 1118.68 ms
[TIMING] Transfer structures to backend: 0.02 ms
[TIMING] Total fit: 1482.82 ms
[TIMING] Test leaf ID extraction: 101.37 ms
[TIMING] Proximity matrix accumulation: 16264.35 ms
[TIMING] Neighbor sorting & quantiles: 426.93 ms
[TIMING] Total compute_uq: 16793.18 ms
[DEBUG DENSITY] mean walked density = 64.5057, min = 60.9818, max = 67.9151
    [TIMING] UQ Calculation (Proximity_Method_C): 18.2778 s
[TIMING] Random Forest fit/check: 0.00 ms
[TIMING] OOB/In-bag index reconstruction: 365.69 ms
[TIMING] Leaf weights & density precomputation: 1158.62 ms
[TIMING] Transfer structures to backend: 0.02 ms
[TIMING] Total fit: 1524.33 ms
[TIMING] Test leaf ID extraction: 91.20 ms
[TIMING] Proximity matrix accumulation: 16303.17 ms
[TIMING] Neighbor sorting & quantiles: 101.62 ms
[TIMING] Total compute_uq: 16496.51 ms
[DEBUG DENSITY] mean walked density = 64.5057, min = 60.9818, max = 67.9151
    [TIMING] UQ Calculation (Proximity_Method_B_C): 18.0224 s
    [TIMING] Metrics Calculation: 12.1782 s
    [TIMING] Total Single Evaluation: 96.9752 s

  >>> Starting: Function=sin_cos_14d, Seed=1
    [TIMING] Data Generation: 0.1112 s
    [TIMING] Random Forest Fitting: 14.1970 s
    [TIMING] RF Predicting: 0.0940 s
    [TIMING] Base Aleatoric: 0.1390 s
[TIMING] Random Forest fit/check: 0.00 ms
[TIMING] OOB/In-bag index reconstruction: 378.65 ms
[TIMING] Leaf weights & density precomputation: 121.92 ms
[TIMING] Transfer structures to backend: 0.02 ms
[TIMING] Total fit: 500.59 ms
[TIMING] Test leaf ID extraction: 114.00 ms
[TIMING] Proximity matrix accumulation: 6275.12 ms
[TIMING] Neighbor sorting & quantiles: 501.89 ms
[TIMING] Total compute_uq: 6891.58 ms
    [TIMING] UQ Calculation (Proximity_Baseline): 7.3928 s
[TIMING] Random Forest fit/check: 0.00 ms
[TIMING] OOB/In-bag index reconstruction: 376.40 ms
[TIMING] Leaf weights & density precomputation: 1172.75 ms
[TIMING] Transfer structures to backend: 0.02 ms
[TIMING] Total fit: 1549.16 ms
[TIMING] Test leaf ID extraction: 103.57 ms
[TIMING] Proximity matrix accumulation: 15192.97 ms
[TIMING] Neighbor sorting & quantiles: 494.06 ms
[TIMING] Total compute_uq: 15791.28 ms
    [TIMING] UQ Calculation (Proximity_Method_A): 17.3413 s
[TIMING] Random Forest fit/check: 0.00 ms
[TIMING] OOB/In-bag index reconstruction: 378.37 ms
[TIMING] Leaf weights & density precomputation: 1172.41 ms
[TIMING] Transfer structures to backend: 0.02 ms
[TIMING] Total fit: 1550.80 ms
[TIMING] Test leaf ID extraction: 103.55 ms
[TIMING] Proximity matrix accumulation: 15207.31 ms
[TIMING] Neighbor sorting & quantiles: 115.63 ms
[TIMING] Total compute_uq: 15426.98 ms
    [TIMING] UQ Calculation (Proximity_Method_B): 16.9792 s
[TIMING] Random Forest fit/check: 0.00 ms
[TIMING] OOB/In-bag index reconstruction: 377.38 ms
[TIMING] Leaf weights & density precomputation: 1170.39 ms
[TIMING] Transfer structures to backend: 0.02 ms
[TIMING] Total fit: 1547.78 ms
[TIMING] Test leaf ID extraction: 113.23 ms
[TIMING] Proximity matrix accumulation: 18868.01 ms
[TIMING] Neighbor sorting & quantiles: 494.60 ms
[TIMING] Total compute_uq: 19476.43 ms
[DEBUG DENSITY] mean walked density = 64.4774, min = 60.9116, max = 68.5684
    [TIMING] UQ Calculation (Proximity_Method_C): 21.0265 s
[TIMING] Random Forest fit/check: 0.00 ms
[TIMING] OOB/In-bag index reconstruction: 377.85 ms
[TIMING] Leaf weights & density precomputation: 1178.23 ms
[TIMING] Transfer structures to backend: 0.02 ms
[TIMING] Total fit: 1556.10 ms
[TIMING] Test leaf ID extraction: 102.86 ms
[TIMING] Proximity matrix accumulation: 18895.25 ms
[TIMING] Neighbor sorting & quantiles: 115.05 ms
[TIMING] Total compute_uq: 19113.70 ms
[DEBUG DENSITY] mean walked density = 64.4774, min = 60.9116, max = 68.5684
    [TIMING] UQ Calculation (Proximity_Method_B_C): 20.6717 s
    [TIMING] Metrics Calculation: 7.8973 s
    [TIMING] Total Single Evaluation: 105.8507 s

  >>> Starting: Function=sin_cos_15d, Seed=1
    [TIMING] Data Generation: 0.0590 s
    [TIMING] Random Forest Fitting: 15.9253 s
    [TIMING] RF Predicting: 0.1047 s
    [TIMING] Base Aleatoric: 0.1516 s
[TIMING] Random Forest fit/check: 0.00 ms
[TIMING] OOB/In-bag index reconstruction: 392.32 ms
[TIMING] Leaf weights & density precomputation: 128.58 ms
[TIMING] Transfer structures to backend: 0.02 ms
[TIMING] Total fit: 520.91 ms
[TIMING] Test leaf ID extraction: 125.44 ms
[TIMING] Proximity matrix accumulation: 7211.31 ms
[TIMING] Neighbor sorting & quantiles: 576.59 ms
[TIMING] Total compute_uq: 7914.04 ms
    [TIMING] UQ Calculation (Proximity_Baseline): 8.4356 s
[TIMING] Random Forest fit/check: 0.03 ms
[TIMING] OOB/In-bag index reconstruction: 383.49 ms
[TIMING] Leaf weights & density precomputation: 1288.30 ms
[TIMING] Transfer structures to backend: 0.01 ms
[TIMING] Total fit: 1671.84 ms
[TIMING] Test leaf ID extraction: 125.05 ms
[TIMING] Proximity matrix accumulation: 17450.21 ms
[TIMING] Neighbor sorting & quantiles: 569.39 ms
[TIMING] Total compute_uq: 18145.30 ms
    [TIMING] UQ Calculation (Proximity_Method_A): 19.8181 s
[TIMING] Random Forest fit/check: 0.00 ms
[TIMING] OOB/In-bag index reconstruction: 922.46 ms
[TIMING] Leaf weights & density precomputation: 2554.26 ms
[TIMING] Transfer structures to backend: 0.03 ms
[TIMING] Total fit: 3476.74 ms
[TIMING] Test leaf ID extraction: 407.34 ms
[TIMING] Proximity matrix accumulation: 17450.15 ms
[TIMING] Neighbor sorting & quantiles: 133.67 ms
[TIMING] Total compute_uq: 17991.79 ms
    [TIMING] UQ Calculation (Proximity_Method_B): 21.4707 s
[TIMING] Random Forest fit/check: 0.00 ms
[TIMING] OOB/In-bag index reconstruction: 387.46 ms
[TIMING] Leaf weights & density precomputation: 1300.56 ms
[TIMING] Transfer structures to backend: 0.02 ms
[TIMING] Total fit: 1688.04 ms
[TIMING] Test leaf ID extraction: 114.72 ms
[TIMING] Proximity matrix accumulation: 21642.50 ms
[TIMING] Neighbor sorting & quantiles: 570.58 ms
[TIMING] Total compute_uq: 22328.50 ms
[DEBUG DENSITY] mean walked density = 64.5442, min = 61.2117, max = 67.8951
    [TIMING] UQ Calculation (Proximity_Method_C): 24.0189 s
[TIMING] Random Forest fit/check: 0.00 ms
[TIMING] OOB/In-bag index reconstruction: 969.19 ms
[TIMING] Leaf weights & density precomputation: 3387.60 ms
[TIMING] Transfer structures to backend: 0.02 ms
[TIMING] Total fit: 4356.81 ms
[TIMING] Test leaf ID extraction: 435.96 ms
[TIMING] Proximity matrix accumulation: 21644.29 ms
[TIMING] Neighbor sorting & quantiles: 132.88 ms
[TIMING] Total compute_uq: 22213.75 ms
[DEBUG DENSITY] mean walked density = 64.5442, min = 61.2117, max = 67.8951
    [TIMING] UQ Calculation (Proximity_Method_B_C): 26.5732 s
    [TIMING] Metrics Calculation: 9.2278 s
    [TIMING] Total Single Evaluation: 125.7859 s
 [OK] (1127.0s, ETA: 93m remaining)
[RUN 3/7] 
  >>> Starting: Function=sin, Seed=2
    [TIMING] Data Generation: 0.0004 s
    [TIMING] Random Forest Fitting: 0.4468 s
    [TIMING] RF Predicting: 0.0425 s
    [TIMING] Base Aleatoric: 0.0384 s
[TIMING] Random Forest fit/check: 0.00 ms
[TIMING] OOB/In-bag index reconstruction: 165.81 ms
[TIMING] Leaf weights & density precomputation: 49.10 ms
[TIMING] Transfer structures to backend: 0.01 ms
[TIMING] Total fit: 214.93 ms
[TIMING] Test leaf ID extraction: 33.53 ms
[TIMING] Proximity matrix accumulation: 36.20 ms
[TIMING] Neighbor sorting & quantiles: 4.19 ms
[TIMING] Total compute_uq: 74.14 ms
    [TIMING] UQ Calculation (Proximity_Baseline): 0.2893 s
[TIMING] Random Forest fit/check: 0.00 ms
[TIMING] OOB/In-bag index reconstruction: 155.48 ms
[TIMING] Leaf weights & density precomputation: 284.29 ms
[TIMING] Transfer structures to backend: 0.01 ms
[TIMING] Total fit: 439.78 ms
[TIMING] Test leaf ID extraction: 33.51 ms
[TIMING] Proximity matrix accumulation: 150.29 ms
[TIMING] Neighbor sorting & quantiles: 4.08 ms
[TIMING] Total compute_uq: 188.07 ms
    [TIMING] UQ Calculation (Proximity_Method_A): 0.6281 s
[TIMING] Random Forest fit/check: 0.00 ms
[TIMING] OOB/In-bag index reconstruction: 154.25 ms
[TIMING] Leaf weights & density precomputation: 281.94 ms
[TIMING] Transfer structures to backend: 0.01 ms
[TIMING] Total fit: 436.20 ms
[TIMING] Test leaf ID extraction: 33.78 ms
[TIMING] Proximity matrix accumulation: 150.55 ms
[TIMING] Neighbor sorting & quantiles: 4.83 ms
[TIMING] Total compute_uq: 189.36 ms
    [TIMING] UQ Calculation (Proximity_Method_B): 0.6266 s
[TIMING] Random Forest fit/check: 0.00 ms
[TIMING] OOB/In-bag index reconstruction: 168.54 ms
[TIMING] Leaf weights & density precomputation: 282.88 ms
[TIMING] Transfer structures to backend: 0.01 ms
[TIMING] Total fit: 451.44 ms
[TIMING] Test leaf ID extraction: 33.71 ms
[TIMING] Proximity matrix accumulation: 204.53 ms
[TIMING] Neighbor sorting & quantiles: 4.12 ms
[TIMING] Total compute_uq: 242.56 ms
[DEBUG DENSITY] mean walked density = 62.6294, min = 57.8977, max = 67.6783
    [TIMING] UQ Calculation (Proximity_Method_C): 0.6953 s
[TIMING] Random Forest fit/check: 0.00 ms
[TIMING] OOB/In-bag index reconstruction: 155.89 ms
[TIMING] Leaf weights & density precomputation: 279.53 ms
[TIMING] Transfer structures to backend: 0.01 ms
[TIMING] Total fit: 435.43 ms
[TIMING] Test leaf ID extraction: 33.73 ms
[TIMING] Proximity matrix accumulation: 203.44 ms
[TIMING] Neighbor sorting & quantiles: 4.69 ms
[TIMING] Total compute_uq: 242.05 ms
[DEBUG DENSITY] mean walked density = 62.6294, min = 57.8977, max = 67.6783
    [TIMING] UQ Calculation (Proximity_Method_B_C): 0.6787 s
    [TIMING] Metrics Calculation: 0.0841 s
    [TIMING] Total Single Evaluation: 3.5305 s

  >>> Starting: Function=cos_trend, Seed=2
    [TIMING] Data Generation: 0.0003 s
    [TIMING] Random Forest Fitting: 0.4030 s
    [TIMING] RF Predicting: 0.0433 s
    [TIMING] Base Aleatoric: 0.0378 s
[TIMING] Random Forest fit/check: 0.00 ms
[TIMING] OOB/In-bag index reconstruction: 154.08 ms
[TIMING] Leaf weights & density precomputation: 48.89 ms
[TIMING] Transfer structures to backend: 0.01 ms
[TIMING] Total fit: 202.98 ms
[TIMING] Test leaf ID extraction: 33.68 ms
[TIMING] Proximity matrix accumulation: 36.06 ms
[TIMING] Neighbor sorting & quantiles: 4.19 ms
[TIMING] Total compute_uq: 74.13 ms
    [TIMING] UQ Calculation (Proximity_Baseline): 0.2772 s
[TIMING] Random Forest fit/check: 0.00 ms
[TIMING] OOB/In-bag index reconstruction: 155.87 ms
[TIMING] Leaf weights & density precomputation: 281.65 ms
[TIMING] Transfer structures to backend: 0.01 ms
[TIMING] Total fit: 437.54 ms
[TIMING] Test leaf ID extraction: 33.65 ms
[TIMING] Proximity matrix accumulation: 147.18 ms
[TIMING] Neighbor sorting & quantiles: 4.10 ms
[TIMING] Total compute_uq: 185.11 ms
    [TIMING] UQ Calculation (Proximity_Method_A): 0.6229 s
[TIMING] Random Forest fit/check: 0.00 ms
[TIMING] OOB/In-bag index reconstruction: 154.08 ms
[TIMING] Leaf weights & density precomputation: 284.86 ms
[TIMING] Transfer structures to backend: 0.01 ms
[TIMING] Total fit: 438.95 ms
[TIMING] Test leaf ID extraction: 33.62 ms
[TIMING] Proximity matrix accumulation: 152.08 ms
[TIMING] Neighbor sorting & quantiles: 5.04 ms
[TIMING] Total compute_uq: 190.94 ms
    [TIMING] UQ Calculation (Proximity_Method_B): 0.6308 s
[TIMING] Random Forest fit/check: 0.00 ms
[TIMING] OOB/In-bag index reconstruction: 156.68 ms
[TIMING] Leaf weights & density precomputation: 281.83 ms
[TIMING] Transfer structures to backend: 0.01 ms
[TIMING] Total fit: 438.52 ms
[TIMING] Test leaf ID extraction: 33.34 ms
[TIMING] Proximity matrix accumulation: 206.10 ms
[TIMING] Neighbor sorting & quantiles: 4.09 ms
[TIMING] Total compute_uq: 243.74 ms
[DEBUG DENSITY] mean walked density = 61.8292, min = 55.0574, max = 67.5054
    [TIMING] UQ Calculation (Proximity_Method_C): 0.6836 s
[TIMING] Random Forest fit/check: 0.00 ms
[TIMING] OOB/In-bag index reconstruction: 154.85 ms
[TIMING] Leaf weights & density precomputation: 282.79 ms
[TIMING] Transfer structures to backend: 0.01 ms
[TIMING] Total fit: 437.65 ms
[TIMING] Test leaf ID extraction: 33.63 ms
[TIMING] Proximity matrix accumulation: 205.05 ms
[TIMING] Neighbor sorting & quantiles: 4.72 ms
[TIMING] Total compute_uq: 243.59 ms
[DEBUG DENSITY] mean walked density = 61.8292, min = 55.0574, max = 67.5054
    [TIMING] UQ Calculation (Proximity_Method_B_C): 0.6825 s
    [TIMING] Metrics Calculation: 0.0714 s
    [TIMING] Total Single Evaluation: 3.4531 s

  >>> Starting: Function=poly, Seed=2
    [TIMING] Data Generation: 0.0003 s
    [TIMING] Random Forest Fitting: 0.4064 s
    [TIMING] RF Predicting: 0.0326 s
    [TIMING] Base Aleatoric: 0.0383 s
[TIMING] Random Forest fit/check: 0.00 ms
[TIMING] OOB/In-bag index reconstruction: 154.71 ms
[TIMING] Leaf weights & density precomputation: 48.18 ms
[TIMING] Transfer structures to backend: 0.01 ms
[TIMING] Total fit: 202.90 ms
[TIMING] Test leaf ID extraction: 34.09 ms
[TIMING] Proximity matrix accumulation: 36.84 ms
[TIMING] Neighbor sorting & quantiles: 4.24 ms
[TIMING] Total compute_uq: 75.38 ms
    [TIMING] UQ Calculation (Proximity_Baseline): 0.2784 s
[TIMING] Random Forest fit/check: 0.00 ms
[TIMING] OOB/In-bag index reconstruction: 156.36 ms
[TIMING] Leaf weights & density precomputation: 282.22 ms
[TIMING] Transfer structures to backend: 0.02 ms
[TIMING] Total fit: 438.61 ms
[TIMING] Test leaf ID extraction: 33.80 ms
[TIMING] Proximity matrix accumulation: 151.06 ms
[TIMING] Neighbor sorting & quantiles: 4.28 ms
[TIMING] Total compute_uq: 189.33 ms
    [TIMING] UQ Calculation (Proximity_Method_A): 0.6282 s
[TIMING] Random Forest fit/check: 0.00 ms
[TIMING] OOB/In-bag index reconstruction: 155.44 ms
[TIMING] Leaf weights & density precomputation: 285.60 ms
[TIMING] Transfer structures to backend: 0.01 ms
[TIMING] Total fit: 441.05 ms
[TIMING] Test leaf ID extraction: 33.57 ms
[TIMING] Proximity matrix accumulation: 148.67 ms
[TIMING] Neighbor sorting & quantiles: 4.73 ms
[TIMING] Total compute_uq: 187.16 ms
    [TIMING] UQ Calculation (Proximity_Method_B): 0.6292 s
[TIMING] Random Forest fit/check: 0.00 ms
[TIMING] OOB/In-bag index reconstruction: 154.49 ms
[TIMING] Leaf weights & density precomputation: 284.54 ms
[TIMING] Transfer structures to backend: 0.01 ms
[TIMING] Total fit: 439.05 ms
[TIMING] Test leaf ID extraction: 33.59 ms
[TIMING] Proximity matrix accumulation: 203.95 ms
[TIMING] Neighbor sorting & quantiles: 4.12 ms
[TIMING] Total compute_uq: 241.85 ms
[DEBUG DENSITY] mean walked density = 62.9643, min = 57.8511, max = 68.7715
    [TIMING] UQ Calculation (Proximity_Method_C): 0.6820 s
[TIMING] Random Forest fit/check: 0.00 ms
[TIMING] OOB/In-bag index reconstruction: 153.85 ms
[TIMING] Leaf weights & density precomputation: 282.51 ms
[TIMING] Transfer structures to backend: 0.01 ms
[TIMING] Total fit: 436.37 ms
[TIMING] Test leaf ID extraction: 44.17 ms
[TIMING] Proximity matrix accumulation: 202.65 ms
[TIMING] Neighbor sorting & quantiles: 4.69 ms
[TIMING] Total compute_uq: 251.72 ms
[DEBUG DENSITY] mean walked density = 62.9643, min = 57.8511, max = 68.7715
    [TIMING] UQ Calculation (Proximity_Method_B_C): 0.6894 s
    [TIMING] Metrics Calculation: 0.0761 s
    [TIMING] Total Single Evaluation: 3.4613 s

  >>> Starting: Function=damped_osc, Seed=2
    [TIMING] Data Generation: 0.0004 s
    [TIMING] Random Forest Fitting: 0.3450 s
    [TIMING] RF Predicting: 0.0325 s
    [TIMING] Base Aleatoric: 0.0378 s
[TIMING] Random Forest fit/check: 0.00 ms
[TIMING] OOB/In-bag index reconstruction: 155.69 ms
[TIMING] Leaf weights & density precomputation: 48.93 ms
[TIMING] Transfer structures to backend: 0.01 ms
[TIMING] Total fit: 204.63 ms
[TIMING] Test leaf ID extraction: 33.16 ms
[TIMING] Proximity matrix accumulation: 36.45 ms
[TIMING] Neighbor sorting & quantiles: 4.19 ms
[TIMING] Total compute_uq: 73.99 ms
    [TIMING] UQ Calculation (Proximity_Baseline): 0.2788 s
[TIMING] Random Forest fit/check: 0.00 ms
[TIMING] OOB/In-bag index reconstruction: 156.12 ms
[TIMING] Leaf weights & density precomputation: 276.62 ms
[TIMING] Transfer structures to backend: 0.01 ms
[TIMING] Total fit: 432.75 ms
[TIMING] Test leaf ID extraction: 33.55 ms
[TIMING] Proximity matrix accumulation: 152.93 ms
[TIMING] Neighbor sorting & quantiles: 4.09 ms
[TIMING] Total compute_uq: 190.75 ms
    [TIMING] UQ Calculation (Proximity_Method_A): 0.6238 s
[TIMING] Random Forest fit/check: 0.00 ms
[TIMING] OOB/In-bag index reconstruction: 155.79 ms
[TIMING] Leaf weights & density precomputation: 278.39 ms
[TIMING] Transfer structures to backend: 0.01 ms
[TIMING] Total fit: 434.19 ms
[TIMING] Test leaf ID extraction: 34.15 ms
[TIMING] Proximity matrix accumulation: 152.48 ms
[TIMING] Neighbor sorting & quantiles: 4.82 ms
[TIMING] Total compute_uq: 191.63 ms
    [TIMING] UQ Calculation (Proximity_Method_B): 0.6268 s
[TIMING] Random Forest fit/check: 0.00 ms
[TIMING] OOB/In-bag index reconstruction: 155.02 ms
[TIMING] Leaf weights & density precomputation: 279.37 ms
[TIMING] Transfer structures to backend: 0.01 ms
[TIMING] Total fit: 434.41 ms
[TIMING] Test leaf ID extraction: 33.51 ms
[TIMING] Proximity matrix accumulation: 205.17 ms
[TIMING] Neighbor sorting & quantiles: 4.09 ms
[TIMING] Total compute_uq: 242.94 ms
[DEBUG DENSITY] mean walked density = 64.1814, min = 59.2481, max = 72.5148
    [TIMING] UQ Calculation (Proximity_Method_C): 0.6787 s
[TIMING] Random Forest fit/check: 0.00 ms
[TIMING] OOB/In-bag index reconstruction: 154.67 ms
[TIMING] Leaf weights & density precomputation: 278.24 ms
[TIMING] Transfer structures to backend: 0.01 ms
[TIMING] Total fit: 432.92 ms
[TIMING] Test leaf ID extraction: 33.54 ms
[TIMING] Proximity matrix accumulation: 205.96 ms
[TIMING] Neighbor sorting & quantiles: 5.01 ms
[TIMING] Total compute_uq: 244.69 ms
[DEBUG DENSITY] mean walked density = 64.1814, min = 59.2481, max = 72.5148
    [TIMING] UQ Calculation (Proximity_Method_B_C): 0.6788 s
    [TIMING] Metrics Calculation: 0.0818 s
    [TIMING] Total Single Evaluation: 3.3845 s

  >>> Starting: Function=log_mod, Seed=2
    [TIMING] Data Generation: 0.0003 s
    [TIMING] Random Forest Fitting: 0.4088 s
    [TIMING] RF Predicting: 0.0427 s
    [TIMING] Base Aleatoric: 0.0377 s
[TIMING] Random Forest fit/check: 0.00 ms
[TIMING] OOB/In-bag index reconstruction: 156.90 ms
[TIMING] Leaf weights & density precomputation: 48.67 ms
[TIMING] Transfer structures to backend: 0.01 ms
[TIMING] Total fit: 205.58 ms
[TIMING] Test leaf ID extraction: 33.24 ms
[TIMING] Proximity matrix accumulation: 36.20 ms
[TIMING] Neighbor sorting & quantiles: 4.21 ms
[TIMING] Total compute_uq: 73.84 ms
    [TIMING] UQ Calculation (Proximity_Baseline): 0.2795 s
[TIMING] Random Forest fit/check: 0.00 ms
[TIMING] OOB/In-bag index reconstruction: 156.19 ms
[TIMING] Leaf weights & density precomputation: 280.46 ms
[TIMING] Transfer structures to backend: 0.01 ms
[TIMING] Total fit: 436.66 ms
[TIMING] Test leaf ID extraction: 33.69 ms
[TIMING] Proximity matrix accumulation: 149.61 ms
[TIMING] Neighbor sorting & quantiles: 4.22 ms
[TIMING] Total compute_uq: 187.72 ms
    [TIMING] UQ Calculation (Proximity_Method_A): 0.6247 s
[TIMING] Random Forest fit/check: 0.00 ms
[TIMING] OOB/In-bag index reconstruction: 154.79 ms
[TIMING] Leaf weights & density precomputation: 282.98 ms
[TIMING] Transfer structures to backend: 0.01 ms
[TIMING] Total fit: 437.78 ms
[TIMING] Test leaf ID extraction: 33.60 ms
[TIMING] Proximity matrix accumulation: 151.15 ms
[TIMING] Neighbor sorting & quantiles: 4.95 ms
[TIMING] Total compute_uq: 190.13 ms
    [TIMING] UQ Calculation (Proximity_Method_B): 0.6289 s
[TIMING] Random Forest fit/check: 0.00 ms
[TIMING] OOB/In-bag index reconstruction: 155.54 ms
[TIMING] Leaf weights & density precomputation: 280.02 ms
[TIMING] Transfer structures to backend: 0.01 ms
[TIMING] Total fit: 435.58 ms
[TIMING] Test leaf ID extraction: 33.77 ms
[TIMING] Proximity matrix accumulation: 203.49 ms
[TIMING] Neighbor sorting & quantiles: 4.09 ms
[TIMING] Total compute_uq: 241.56 ms
[DEBUG DENSITY] mean walked density = 62.0432, min = 57.3711, max = 66.7286
    [TIMING] UQ Calculation (Proximity_Method_C): 0.6784 s
[TIMING] Random Forest fit/check: 0.00 ms
[TIMING] OOB/In-bag index reconstruction: 156.63 ms
[TIMING] Leaf weights & density precomputation: 285.12 ms
[TIMING] Transfer structures to backend: 0.01 ms
[TIMING] Total fit: 441.76 ms
[TIMING] Test leaf ID extraction: 33.78 ms
[TIMING] Proximity matrix accumulation: 206.74 ms
[TIMING] Neighbor sorting & quantiles: 4.78 ms
[TIMING] Total compute_uq: 245.50 ms
[DEBUG DENSITY] mean walked density = 62.0432, min = 57.3711, max = 66.7286
    [TIMING] UQ Calculation (Proximity_Method_B_C): 0.6886 s
    [TIMING] Metrics Calculation: 0.0731 s
    [TIMING] Total Single Evaluation: 3.4630 s

  >>> Starting: Function=sin_cos, Seed=2
    [TIMING] Data Generation: 0.0012 s
    [TIMING] Random Forest Fitting: 0.4202 s
    [TIMING] RF Predicting: 0.0430 s
    [TIMING] Base Aleatoric: 0.0410 s
[TIMING] Random Forest fit/check: 0.00 ms
[TIMING] OOB/In-bag index reconstruction: 176.42 ms
[TIMING] Leaf weights & density precomputation: 58.21 ms
[TIMING] Transfer structures to backend: 0.02 ms
[TIMING] Total fit: 234.65 ms
[TIMING] Test leaf ID extraction: 33.93 ms
[TIMING] Proximity matrix accumulation: 149.14 ms
[TIMING] Neighbor sorting & quantiles: 16.45 ms
[TIMING] Total compute_uq: 199.78 ms
    [TIMING] UQ Calculation (Proximity_Baseline): 0.4346 s
[TIMING] Random Forest fit/check: 0.00 ms
[TIMING] OOB/In-bag index reconstruction: 174.44 ms
[TIMING] Leaf weights & density precomputation: 322.37 ms
[TIMING] Transfer structures to backend: 0.01 ms
[TIMING] Total fit: 496.82 ms
[TIMING] Test leaf ID extraction: 55.07 ms
[TIMING] Proximity matrix accumulation: 433.04 ms
[TIMING] Neighbor sorting & quantiles: 16.04 ms
[TIMING] Total compute_uq: 504.39 ms
    [TIMING] UQ Calculation (Proximity_Method_A): 1.0015 s
[TIMING] Random Forest fit/check: 0.00 ms
[TIMING] OOB/In-bag index reconstruction: 175.94 ms
[TIMING] Leaf weights & density precomputation: 321.36 ms
[TIMING] Transfer structures to backend: 0.02 ms
[TIMING] Total fit: 497.32 ms
[TIMING] Test leaf ID extraction: 34.42 ms
[TIMING] Proximity matrix accumulation: 436.92 ms
[TIMING] Neighbor sorting & quantiles: 8.39 ms
[TIMING] Total compute_uq: 480.00 ms
    [TIMING] UQ Calculation (Proximity_Method_B): 0.9785 s
[TIMING] Random Forest fit/check: 0.00 ms
[TIMING] OOB/In-bag index reconstruction: 175.88 ms
[TIMING] Leaf weights & density precomputation: 322.77 ms
[TIMING] Transfer structures to backend: 0.02 ms
[TIMING] Total fit: 498.66 ms
[TIMING] Test leaf ID extraction: 35.54 ms
[TIMING] Proximity matrix accumulation: 540.46 ms
[TIMING] Neighbor sorting & quantiles: 15.92 ms
[TIMING] Total compute_uq: 592.15 ms
[DEBUG DENSITY] mean walked density = 64.7374, min = 47.8520, max = 76.6462
    [TIMING] UQ Calculation (Proximity_Method_C): 1.0921 s
[TIMING] Random Forest fit/check: 0.00 ms
[TIMING] OOB/In-bag index reconstruction: 174.95 ms
[TIMING] Leaf weights & density precomputation: 319.77 ms
[TIMING] Transfer structures to backend: 0.01 ms
[TIMING] Total fit: 494.73 ms
[TIMING] Test leaf ID extraction: 34.21 ms
[TIMING] Proximity matrix accumulation: 546.05 ms
[TIMING] Neighbor sorting & quantiles: 8.07 ms
[TIMING] Total compute_uq: 588.57 ms
[DEBUG DENSITY] mean walked density = 64.7374, min = 47.8520, max = 76.6462
    [TIMING] UQ Calculation (Proximity_Method_B_C): 1.0846 s
    [TIMING] Metrics Calculation: 0.0714 s
    [TIMING] Total Single Evaluation: 5.1685 s

  >>> Starting: Function=quadratic, Seed=2
    [TIMING] Data Generation: 0.0011 s
    [TIMING] Random Forest Fitting: 0.3872 s
    [TIMING] RF Predicting: 0.0435 s
    [TIMING] Base Aleatoric: 0.0406 s
[TIMING] Random Forest fit/check: 0.00 ms
[TIMING] OOB/In-bag index reconstruction: 175.30 ms
[TIMING] Leaf weights & density precomputation: 56.81 ms
[TIMING] Transfer structures to backend: 0.02 ms
[TIMING] Total fit: 232.13 ms
[TIMING] Test leaf ID extraction: 34.87 ms
[TIMING] Proximity matrix accumulation: 148.79 ms
[TIMING] Neighbor sorting & quantiles: 16.40 ms
[TIMING] Total compute_uq: 200.31 ms
    [TIMING] UQ Calculation (Proximity_Baseline): 0.4326 s
[TIMING] Random Forest fit/check: 0.00 ms
[TIMING] OOB/In-bag index reconstruction: 175.92 ms
[TIMING] Leaf weights & density precomputation: 321.26 ms
[TIMING] Transfer structures to backend: 0.01 ms
[TIMING] Total fit: 497.19 ms
[TIMING] Test leaf ID extraction: 34.50 ms
[TIMING] Proximity matrix accumulation: 433.34 ms
[TIMING] Neighbor sorting & quantiles: 15.97 ms
[TIMING] Total compute_uq: 484.05 ms
    [TIMING] UQ Calculation (Proximity_Method_A): 0.9815 s
[TIMING] Random Forest fit/check: 0.00 ms
[TIMING] OOB/In-bag index reconstruction: 173.18 ms
[TIMING] Leaf weights & density precomputation: 322.39 ms
[TIMING] Transfer structures to backend: 0.01 ms
[TIMING] Total fit: 495.59 ms
[TIMING] Test leaf ID extraction: 34.00 ms
[TIMING] Proximity matrix accumulation: 435.79 ms
[TIMING] Neighbor sorting & quantiles: 8.27 ms
[TIMING] Total compute_uq: 478.28 ms
    [TIMING] UQ Calculation (Proximity_Method_B): 0.9748 s
[TIMING] Random Forest fit/check: 0.00 ms
[TIMING] OOB/In-bag index reconstruction: 174.84 ms
[TIMING] Leaf weights & density precomputation: 320.84 ms
[TIMING] Transfer structures to backend: 0.01 ms
[TIMING] Total fit: 495.70 ms
[TIMING] Test leaf ID extraction: 34.06 ms
[TIMING] Proximity matrix accumulation: 542.07 ms
[TIMING] Neighbor sorting & quantiles: 15.93 ms
[TIMING] Total compute_uq: 592.29 ms
[DEBUG DENSITY] mean walked density = 64.5148, min = 56.5020, max = 71.4026
    [TIMING] UQ Calculation (Proximity_Method_C): 1.0892 s
[TIMING] Random Forest fit/check: 0.00 ms
[TIMING] OOB/In-bag index reconstruction: 173.97 ms
[TIMING] Leaf weights & density precomputation: 354.04 ms
[TIMING] Transfer structures to backend: 0.02 ms
[TIMING] Total fit: 528.03 ms
[TIMING] Test leaf ID extraction: 34.21 ms
[TIMING] Proximity matrix accumulation: 545.61 ms
[TIMING] Neighbor sorting & quantiles: 8.26 ms
[TIMING] Total compute_uq: 588.29 ms
[DEBUG DENSITY] mean walked density = 64.5148, min = 56.5020, max = 71.4026
    [TIMING] UQ Calculation (Proximity_Method_B_C): 1.1176 s
    [TIMING] Metrics Calculation: 0.0783 s
    [TIMING] Total Single Evaluation: 5.1467 s

  >>> Starting: Function=sin_sum_mod, Seed=2
    [TIMING] Data Generation: 0.0011 s
    [TIMING] Random Forest Fitting: 0.4503 s
    [TIMING] RF Predicting: 0.0433 s
    [TIMING] Base Aleatoric: 0.0403 s
[TIMING] Random Forest fit/check: 0.00 ms
[TIMING] OOB/In-bag index reconstruction: 173.93 ms
[TIMING] Leaf weights & density precomputation: 57.11 ms
[TIMING] Transfer structures to backend: 0.02 ms
[TIMING] Total fit: 231.06 ms
[TIMING] Test leaf ID extraction: 34.36 ms
[TIMING] Proximity matrix accumulation: 148.95 ms
[TIMING] Neighbor sorting & quantiles: 16.43 ms
[TIMING] Total compute_uq: 199.95 ms
    [TIMING] UQ Calculation (Proximity_Baseline): 0.4311 s
[TIMING] Random Forest fit/check: 0.00 ms
[TIMING] OOB/In-bag index reconstruction: 173.67 ms
[TIMING] Leaf weights & density precomputation: 335.87 ms
[TIMING] Transfer structures to backend: 0.02 ms
[TIMING] Total fit: 509.55 ms
[TIMING] Test leaf ID extraction: 34.75 ms
[TIMING] Proximity matrix accumulation: 432.98 ms
[TIMING] Neighbor sorting & quantiles: 16.04 ms
[TIMING] Total compute_uq: 484.02 ms
    [TIMING] UQ Calculation (Proximity_Method_A): 0.9940 s
[TIMING] Random Forest fit/check: 0.00 ms
[TIMING] OOB/In-bag index reconstruction: 186.47 ms
[TIMING] Leaf weights & density precomputation: 331.92 ms
[TIMING] Transfer structures to backend: 0.02 ms
[TIMING] Total fit: 518.41 ms
[TIMING] Test leaf ID extraction: 44.89 ms
[TIMING] Proximity matrix accumulation: 436.69 ms
[TIMING] Neighbor sorting & quantiles: 8.27 ms
[TIMING] Total compute_uq: 490.09 ms
    [TIMING] UQ Calculation (Proximity_Method_B): 1.0094 s
[TIMING] Random Forest fit/check: 0.00 ms
[TIMING] OOB/In-bag index reconstruction: 174.25 ms
[TIMING] Leaf weights & density precomputation: 336.31 ms
[TIMING] Transfer structures to backend: 0.01 ms
[TIMING] Total fit: 510.57 ms
[TIMING] Test leaf ID extraction: 34.88 ms
[TIMING] Proximity matrix accumulation: 541.99 ms
[TIMING] Neighbor sorting & quantiles: 16.03 ms
[TIMING] Total compute_uq: 593.13 ms
[DEBUG DENSITY] mean walked density = 64.7491, min = 50.6735, max = 74.1550
    [TIMING] UQ Calculation (Proximity_Method_C): 1.1050 s
[TIMING] Random Forest fit/check: 0.00 ms
[TIMING] OOB/In-bag index reconstruction: 174.43 ms
[TIMING] Leaf weights & density precomputation: 349.76 ms
[TIMING] Transfer structures to backend: 0.02 ms
[TIMING] Total fit: 524.21 ms
[TIMING] Test leaf ID extraction: 34.77 ms
[TIMING] Proximity matrix accumulation: 544.69 ms
[TIMING] Neighbor sorting & quantiles: 8.29 ms
[TIMING] Total compute_uq: 588.00 ms
[DEBUG DENSITY] mean walked density = 64.7491, min = 50.6735, max = 74.1550
    [TIMING] UQ Calculation (Proximity_Method_B_C): 1.1135 s
    [TIMING] Metrics Calculation: 0.0739 s
    [TIMING] Total Single Evaluation: 5.2622 s

  >>> Starting: Function=gaussian, Seed=2
    [TIMING] Data Generation: 0.0011 s
    [TIMING] Random Forest Fitting: 0.4121 s
    [TIMING] RF Predicting: 0.0430 s
    [TIMING] Base Aleatoric: 0.0400 s
[TIMING] Random Forest fit/check: 0.00 ms
[TIMING] OOB/In-bag index reconstruction: 174.25 ms
[TIMING] Leaf weights & density precomputation: 56.38 ms
[TIMING] Transfer structures to backend: 0.01 ms
[TIMING] Total fit: 230.64 ms
[TIMING] Test leaf ID extraction: 33.95 ms
[TIMING] Proximity matrix accumulation: 148.92 ms
[TIMING] Neighbor sorting & quantiles: 16.38 ms
[TIMING] Total compute_uq: 199.48 ms
    [TIMING] UQ Calculation (Proximity_Baseline): 0.4303 s
[TIMING] Random Forest fit/check: 0.00 ms
[TIMING] OOB/In-bag index reconstruction: 174.85 ms
[TIMING] Leaf weights & density precomputation: 320.02 ms
[TIMING] Transfer structures to backend: 0.01 ms
[TIMING] Total fit: 494.88 ms
[TIMING] Test leaf ID extraction: 34.17 ms
[TIMING] Proximity matrix accumulation: 434.22 ms
[TIMING] Neighbor sorting & quantiles: 15.94 ms
[TIMING] Total compute_uq: 484.74 ms
    [TIMING] UQ Calculation (Proximity_Method_A): 0.9800 s
[TIMING] Random Forest fit/check: 0.00 ms
[TIMING] OOB/In-bag index reconstruction: 173.61 ms
[TIMING] Leaf weights & density precomputation: 316.56 ms
[TIMING] Transfer structures to backend: 0.01 ms
[TIMING] Total fit: 490.19 ms
[TIMING] Test leaf ID extraction: 34.79 ms
[TIMING] Proximity matrix accumulation: 436.09 ms
[TIMING] Neighbor sorting & quantiles: 8.10 ms
[TIMING] Total compute_uq: 479.21 ms
    [TIMING] UQ Calculation (Proximity_Method_B): 0.9703 s
[TIMING] Random Forest fit/check: 0.00 ms
[TIMING] OOB/In-bag index reconstruction: 174.25 ms
[TIMING] Leaf weights & density precomputation: 322.40 ms
[TIMING] Transfer structures to backend: 0.02 ms
[TIMING] Total fit: 496.67 ms
[TIMING] Test leaf ID extraction: 45.32 ms
[TIMING] Proximity matrix accumulation: 543.75 ms
[TIMING] Neighbor sorting & quantiles: 15.97 ms
[TIMING] Total compute_uq: 605.45 ms
[DEBUG DENSITY] mean walked density = 64.4325, min = 57.6947, max = 72.2453
    [TIMING] UQ Calculation (Proximity_Method_C): 1.1034 s
[TIMING] Random Forest fit/check: 0.00 ms
[TIMING] OOB/In-bag index reconstruction: 185.31 ms
[TIMING] Leaf weights & density precomputation: 318.36 ms
[TIMING] Transfer structures to backend: 0.02 ms
[TIMING] Total fit: 503.68 ms
[TIMING] Test leaf ID extraction: 45.50 ms
[TIMING] Proximity matrix accumulation: 546.74 ms
[TIMING] Neighbor sorting & quantiles: 8.24 ms
[TIMING] Total compute_uq: 600.71 ms
[DEBUG DENSITY] mean walked density = 64.4325, min = 57.6947, max = 72.2453
    [TIMING] UQ Calculation (Proximity_Method_B_C): 1.1057 s
    [TIMING] Metrics Calculation: 0.0771 s
    [TIMING] Total Single Evaluation: 5.1633 s

  >>> Starting: Function=abs_sin, Seed=2
    [TIMING] Data Generation: 0.0011 s
    [TIMING] Random Forest Fitting: 0.4077 s
    [TIMING] RF Predicting: 0.0540 s
    [TIMING] Base Aleatoric: 0.0522 s
[TIMING] Random Forest fit/check: 0.00 ms
[TIMING] OOB/In-bag index reconstruction: 186.41 ms
[TIMING] Leaf weights & density precomputation: 56.53 ms
[TIMING] Transfer structures to backend: 0.01 ms
[TIMING] Total fit: 242.95 ms
[TIMING] Test leaf ID extraction: 46.59 ms
[TIMING] Proximity matrix accumulation: 148.28 ms
[TIMING] Neighbor sorting & quantiles: 16.54 ms
[TIMING] Total compute_uq: 211.64 ms
    [TIMING] UQ Calculation (Proximity_Baseline): 0.4547 s
[TIMING] Random Forest fit/check: 0.00 ms
[TIMING] OOB/In-bag index reconstruction: 173.24 ms
[TIMING] Leaf weights & density precomputation: 318.13 ms
[TIMING] Transfer structures to backend: 0.02 ms
[TIMING] Total fit: 491.38 ms
[TIMING] Test leaf ID extraction: 45.90 ms
[TIMING] Proximity matrix accumulation: 433.10 ms
[TIMING] Neighbor sorting & quantiles: 15.97 ms
[TIMING] Total compute_uq: 495.38 ms
    [TIMING] UQ Calculation (Proximity_Method_A): 0.9871 s
[TIMING] Random Forest fit/check: 0.00 ms
[TIMING] OOB/In-bag index reconstruction: 185.92 ms
[TIMING] Leaf weights & density precomputation: 326.43 ms
[TIMING] Transfer structures to backend: 0.01 ms
[TIMING] Total fit: 512.36 ms
[TIMING] Test leaf ID extraction: 34.05 ms
[TIMING] Proximity matrix accumulation: 438.03 ms
[TIMING] Neighbor sorting & quantiles: 8.54 ms
[TIMING] Total compute_uq: 480.84 ms
    [TIMING] UQ Calculation (Proximity_Method_B): 0.9943 s
[TIMING] Random Forest fit/check: 0.00 ms
[TIMING] OOB/In-bag index reconstruction: 175.32 ms
[TIMING] Leaf weights & density precomputation: 332.63 ms
[TIMING] Transfer structures to backend: 0.01 ms
[TIMING] Total fit: 507.96 ms
[TIMING] Test leaf ID extraction: 46.68 ms
[TIMING] Proximity matrix accumulation: 540.44 ms
[TIMING] Neighbor sorting & quantiles: 16.01 ms
[TIMING] Total compute_uq: 603.40 ms
[DEBUG DENSITY] mean walked density = 63.1255, min = 46.7947, max = 78.5654
    [TIMING] UQ Calculation (Proximity_Method_C): 1.1129 s
[TIMING] Random Forest fit/check: 0.00 ms
[TIMING] OOB/In-bag index reconstruction: 196.99 ms
[TIMING] Leaf weights & density precomputation: 322.06 ms
[TIMING] Transfer structures to backend: 0.01 ms
[TIMING] Total fit: 519.06 ms
[TIMING] Test leaf ID extraction: 34.78 ms
[TIMING] Proximity matrix accumulation: 549.79 ms
[TIMING] Neighbor sorting & quantiles: 9.65 ms
[TIMING] Total compute_uq: 594.48 ms
[DEBUG DENSITY] mean walked density = 63.1255, min = 46.7947, max = 78.5654
    [TIMING] UQ Calculation (Proximity_Method_B_C): 1.1148 s
    [TIMING] Metrics Calculation: 0.0692 s
    [TIMING] Total Single Evaluation: 5.2483 s

  >>> Starting: Function=sin_cos_sin, Seed=2
    [TIMING] Data Generation: 0.0026 s
    [TIMING] Random Forest Fitting: 0.5530 s
    [TIMING] RF Predicting: 0.0429 s
    [TIMING] Base Aleatoric: 0.0485 s
[TIMING] Random Forest fit/check: 0.00 ms
[TIMING] OOB/In-bag index reconstruction: 198.89 ms
[TIMING] Leaf weights & density precomputation: 63.45 ms
[TIMING] Transfer structures to backend: 0.02 ms
[TIMING] Total fit: 262.36 ms
[TIMING] Test leaf ID extraction: 36.36 ms
[TIMING] Proximity matrix accumulation: 233.83 ms
[TIMING] Neighbor sorting & quantiles: 23.13 ms
[TIMING] Total compute_uq: 293.59 ms
    [TIMING] UQ Calculation (Proximity_Baseline): 0.5561 s
[TIMING] Random Forest fit/check: 0.00 ms
[TIMING] OOB/In-bag index reconstruction: 179.73 ms
[TIMING] Leaf weights & density precomputation: 348.34 ms
[TIMING] Transfer structures to backend: 0.01 ms
[TIMING] Total fit: 528.08 ms
[TIMING] Test leaf ID extraction: 34.50 ms
[TIMING] Proximity matrix accumulation: 707.05 ms
[TIMING] Neighbor sorting & quantiles: 22.44 ms
[TIMING] Total compute_uq: 764.24 ms
    [TIMING] UQ Calculation (Proximity_Method_A): 1.2927 s
[TIMING] Random Forest fit/check: 0.00 ms
[TIMING] OOB/In-bag index reconstruction: 176.69 ms
[TIMING] Leaf weights & density precomputation: 346.78 ms
[TIMING] Transfer structures to backend: 0.02 ms
[TIMING] Total fit: 523.49 ms
[TIMING] Test leaf ID extraction: 35.20 ms
[TIMING] Proximity matrix accumulation: 708.96 ms
[TIMING] Neighbor sorting & quantiles: 10.14 ms
[TIMING] Total compute_uq: 754.55 ms
    [TIMING] UQ Calculation (Proximity_Method_B): 1.2790 s
[TIMING] Random Forest fit/check: 0.00 ms
[TIMING] OOB/In-bag index reconstruction: 178.06 ms
[TIMING] Leaf weights & density precomputation: 344.35 ms
[TIMING] Transfer structures to backend: 0.01 ms
[TIMING] Total fit: 522.43 ms
[TIMING] Test leaf ID extraction: 45.45 ms
[TIMING] Proximity matrix accumulation: 877.41 ms
[TIMING] Neighbor sorting & quantiles: 22.47 ms
[TIMING] Total compute_uq: 945.80 ms
[DEBUG DENSITY] mean walked density = 62.1788, min = 49.3074, max = 72.2056
    [TIMING] UQ Calculation (Proximity_Method_C): 1.4695 s
[TIMING] Random Forest fit/check: 0.00 ms
[TIMING] OOB/In-bag index reconstruction: 177.22 ms
[TIMING] Leaf weights & density precomputation: 350.24 ms
[TIMING] Transfer structures to backend: 0.02 ms
[TIMING] Total fit: 527.49 ms
[TIMING] Test leaf ID extraction: 35.08 ms
[TIMING] Proximity matrix accumulation: 877.90 ms
[TIMING] Neighbor sorting & quantiles: 10.09 ms
[TIMING] Total compute_uq: 923.37 ms
[DEBUG DENSITY] mean walked density = 62.1788, min = 49.3074, max = 72.2056
    [TIMING] UQ Calculation (Proximity_Method_B_C): 1.4521 s
    [TIMING] Metrics Calculation: 0.0908 s
    [TIMING] Total Single Evaluation: 6.7876 s

  >>> Starting: Function=quadratic_3d, Seed=2
    [TIMING] Data Generation: 0.0018 s
    [TIMING] Random Forest Fitting: 0.4968 s
    [TIMING] RF Predicting: 0.0439 s
    [TIMING] Base Aleatoric: 0.0420 s
[TIMING] Random Forest fit/check: 0.00 ms
[TIMING] OOB/In-bag index reconstruction: 176.74 ms
[TIMING] Leaf weights & density precomputation: 80.15 ms
[TIMING] Transfer structures to backend: 0.02 ms
[TIMING] Total fit: 256.92 ms
[TIMING] Test leaf ID extraction: 34.32 ms
[TIMING] Proximity matrix accumulation: 234.01 ms
[TIMING] Neighbor sorting & quantiles: 22.94 ms
[TIMING] Total compute_uq: 291.45 ms
    [TIMING] UQ Calculation (Proximity_Baseline): 0.5485 s
[TIMING] Random Forest fit/check: 0.00 ms
[TIMING] OOB/In-bag index reconstruction: 178.45 ms
[TIMING] Leaf weights & density precomputation: 389.58 ms
[TIMING] Transfer structures to backend: 0.02 ms
[TIMING] Total fit: 568.06 ms
[TIMING] Test leaf ID extraction: 35.66 ms
[TIMING] Proximity matrix accumulation: 707.70 ms
[TIMING] Neighbor sorting & quantiles: 22.62 ms
[TIMING] Total compute_uq: 766.25 ms
    [TIMING] UQ Calculation (Proximity_Method_A): 1.3347 s
[TIMING] Random Forest fit/check: 0.00 ms
[TIMING] OOB/In-bag index reconstruction: 188.09 ms
[TIMING] Leaf weights & density precomputation: 344.67 ms
[TIMING] Transfer structures to backend: 0.02 ms
[TIMING] Total fit: 532.78 ms
[TIMING] Test leaf ID extraction: 34.77 ms
[TIMING] Proximity matrix accumulation: 708.54 ms
[TIMING] Neighbor sorting & quantiles: 10.14 ms
[TIMING] Total compute_uq: 753.71 ms
    [TIMING] UQ Calculation (Proximity_Method_B): 1.2877 s
[TIMING] Random Forest fit/check: 0.00 ms
[TIMING] OOB/In-bag index reconstruction: 176.76 ms
[TIMING] Leaf weights & density precomputation: 333.20 ms
[TIMING] Transfer structures to backend: 0.01 ms
[TIMING] Total fit: 509.97 ms
[TIMING] Test leaf ID extraction: 34.52 ms
[TIMING] Proximity matrix accumulation: 877.17 ms
[TIMING] Neighbor sorting & quantiles: 22.48 ms
[TIMING] Total compute_uq: 934.43 ms
[DEBUG DENSITY] mean walked density = 64.5478, min = 57.5644, max = 71.2552
    [TIMING] UQ Calculation (Proximity_Method_C): 1.4457 s
[TIMING] Random Forest fit/check: 0.00 ms
[TIMING] OOB/In-bag index reconstruction: 176.51 ms
[TIMING] Leaf weights & density precomputation: 338.36 ms
[TIMING] Transfer structures to backend: 0.01 ms
[TIMING] Total fit: 514.88 ms
[TIMING] Test leaf ID extraction: 34.53 ms
[TIMING] Proximity matrix accumulation: 878.44 ms
[TIMING] Neighbor sorting & quantiles: 9.66 ms
[TIMING] Total compute_uq: 922.87 ms
[DEBUG DENSITY] mean walked density = 64.5478, min = 57.5644, max = 71.2552
    [TIMING] UQ Calculation (Proximity_Method_B_C): 1.4390 s
    [TIMING] Metrics Calculation: 0.0968 s
    [TIMING] Total Single Evaluation: 6.7373 s

  >>> Starting: Function=sin_sum_3d, Seed=2
    [TIMING] Data Generation: 0.0020 s
    [TIMING] Random Forest Fitting: 0.4962 s
    [TIMING] RF Predicting: 0.0538 s
    [TIMING] Base Aleatoric: 0.0418 s
[TIMING] Random Forest fit/check: 0.00 ms
[TIMING] OOB/In-bag index reconstruction: 175.17 ms
[TIMING] Leaf weights & density precomputation: 59.38 ms
[TIMING] Transfer structures to backend: 0.02 ms
[TIMING] Total fit: 234.57 ms
[TIMING] Test leaf ID extraction: 46.03 ms
[TIMING] Proximity matrix accumulation: 233.83 ms
[TIMING] Neighbor sorting & quantiles: 23.02 ms
[TIMING] Total compute_uq: 303.13 ms
    [TIMING] UQ Calculation (Proximity_Baseline): 0.5378 s
[TIMING] Random Forest fit/check: 0.00 ms
[TIMING] OOB/In-bag index reconstruction: 176.56 ms
[TIMING] Leaf weights & density precomputation: 336.83 ms
[TIMING] Transfer structures to backend: 0.02 ms
[TIMING] Total fit: 513.41 ms
[TIMING] Test leaf ID extraction: 45.81 ms
[TIMING] Proximity matrix accumulation: 708.87 ms
[TIMING] Neighbor sorting & quantiles: 22.35 ms
[TIMING] Total compute_uq: 777.26 ms
    [TIMING] UQ Calculation (Proximity_Method_A): 1.2910 s
[TIMING] Random Forest fit/check: 0.00 ms
[TIMING] OOB/In-bag index reconstruction: 176.21 ms
[TIMING] Leaf weights & density precomputation: 334.36 ms
[TIMING] Transfer structures to backend: 0.01 ms
[TIMING] Total fit: 510.58 ms
[TIMING] Test leaf ID extraction: 35.28 ms
[TIMING] Proximity matrix accumulation: 707.94 ms
[TIMING] Neighbor sorting & quantiles: 10.30 ms
[TIMING] Total compute_uq: 753.83 ms
    [TIMING] UQ Calculation (Proximity_Method_B): 1.2653 s
[TIMING] Random Forest fit/check: 0.00 ms
[TIMING] OOB/In-bag index reconstruction: 188.66 ms
[TIMING] Leaf weights & density precomputation: 336.87 ms
[TIMING] Transfer structures to backend: 0.01 ms
[TIMING] Total fit: 525.55 ms
[TIMING] Test leaf ID extraction: 34.87 ms
[TIMING] Proximity matrix accumulation: 878.86 ms
[TIMING] Neighbor sorting & quantiles: 22.36 ms
[TIMING] Total compute_uq: 936.31 ms
[DEBUG DENSITY] mean walked density = 65.1880, min = 52.3226, max = 74.3227
    [TIMING] UQ Calculation (Proximity_Method_C): 1.4632 s
[TIMING] Random Forest fit/check: 0.00 ms
[TIMING] OOB/In-bag index reconstruction: 187.11 ms
[TIMING] Leaf weights & density precomputation: 332.79 ms
[TIMING] Transfer structures to backend: 0.01 ms
[TIMING] Total fit: 519.92 ms
[TIMING] Test leaf ID extraction: 34.75 ms
[TIMING] Proximity matrix accumulation: 878.32 ms
[TIMING] Neighbor sorting & quantiles: 10.16 ms
[TIMING] Total compute_uq: 923.49 ms
[DEBUG DENSITY] mean walked density = 65.1880, min = 52.3226, max = 74.3227
    [TIMING] UQ Calculation (Proximity_Method_B_C): 1.4447 s
    [TIMING] Metrics Calculation: 0.0863 s
    [TIMING] Total Single Evaluation: 6.6825 s

  >>> Starting: Function=gaussian_3d, Seed=2
    [TIMING] Data Generation: 0.0029 s
    [TIMING] Random Forest Fitting: 0.5385 s
    [TIMING] RF Predicting: 0.0432 s
    [TIMING] Base Aleatoric: 0.0430 s
[TIMING] Random Forest fit/check: 0.00 ms
[TIMING] OOB/In-bag index reconstruction: 178.03 ms
[TIMING] Leaf weights & density precomputation: 61.28 ms
[TIMING] Transfer structures to backend: 0.01 ms
[TIMING] Total fit: 239.32 ms
[TIMING] Test leaf ID extraction: 35.01 ms
[TIMING] Proximity matrix accumulation: 233.48 ms
[TIMING] Neighbor sorting & quantiles: 23.17 ms
[TIMING] Total compute_uq: 291.93 ms
    [TIMING] UQ Calculation (Proximity_Baseline): 0.5314 s
[TIMING] Random Forest fit/check: 0.00 ms
[TIMING] OOB/In-bag index reconstruction: 177.04 ms
[TIMING] Leaf weights & density precomputation: 341.55 ms
[TIMING] Transfer structures to backend: 0.02 ms
[TIMING] Total fit: 518.62 ms
[TIMING] Test leaf ID extraction: 34.69 ms
[TIMING] Proximity matrix accumulation: 706.13 ms
[TIMING] Neighbor sorting & quantiles: 22.36 ms
[TIMING] Total compute_uq: 763.43 ms
    [TIMING] UQ Calculation (Proximity_Method_A): 1.2824 s
[TIMING] Random Forest fit/check: 0.00 ms
[TIMING] OOB/In-bag index reconstruction: 187.98 ms
[TIMING] Leaf weights & density precomputation: 346.38 ms
[TIMING] Transfer structures to backend: 0.02 ms
[TIMING] Total fit: 534.38 ms
[TIMING] Test leaf ID extraction: 34.54 ms
[TIMING] Proximity matrix accumulation: 708.04 ms
[TIMING] Neighbor sorting & quantiles: 10.16 ms
[TIMING] Total compute_uq: 753.17 ms
    [TIMING] UQ Calculation (Proximity_Method_B): 1.2886 s
[TIMING] Random Forest fit/check: 0.00 ms
[TIMING] OOB/In-bag index reconstruction: 176.74 ms
[TIMING] Leaf weights & density precomputation: 342.24 ms
[TIMING] Transfer structures to backend: 0.02 ms
[TIMING] Total fit: 519.00 ms
[TIMING] Test leaf ID extraction: 45.50 ms
[TIMING] Proximity matrix accumulation: 877.80 ms
[TIMING] Neighbor sorting & quantiles: 22.39 ms
[TIMING] Total compute_uq: 945.97 ms
[DEBUG DENSITY] mean walked density = 63.9612, min = 57.0217, max = 69.8113
    [TIMING] UQ Calculation (Proximity_Method_C): 1.4663 s
[TIMING] Random Forest fit/check: 0.00 ms
[TIMING] OOB/In-bag index reconstruction: 176.75 ms
[TIMING] Leaf weights & density precomputation: 342.19 ms
[TIMING] Transfer structures to backend: 0.02 ms
[TIMING] Total fit: 518.96 ms
[TIMING] Test leaf ID extraction: 34.67 ms
[TIMING] Proximity matrix accumulation: 877.82 ms
[TIMING] Neighbor sorting & quantiles: 10.81 ms
[TIMING] Total compute_uq: 923.57 ms
[DEBUG DENSITY] mean walked density = 63.9612, min = 57.0217, max = 69.8113
    [TIMING] UQ Calculation (Proximity_Method_B_C): 1.4440 s
    [TIMING] Metrics Calculation: 0.1032 s
    [TIMING] Total Single Evaluation: 6.7436 s

  >>> Starting: Function=sin_exp_cos, Seed=2
    [TIMING] Data Generation: 0.0024 s
    [TIMING] Random Forest Fitting: 0.5223 s
    [TIMING] RF Predicting: 0.0432 s
    [TIMING] Base Aleatoric: 0.0416 s
[TIMING] Random Forest fit/check: 0.00 ms
[TIMING] OOB/In-bag index reconstruction: 176.87 ms
[TIMING] Leaf weights & density precomputation: 60.84 ms
[TIMING] Transfer structures to backend: 0.02 ms
[TIMING] Total fit: 237.73 ms
[TIMING] Test leaf ID extraction: 34.82 ms
[TIMING] Proximity matrix accumulation: 233.69 ms
[TIMING] Neighbor sorting & quantiles: 22.99 ms
[TIMING] Total compute_uq: 291.75 ms
    [TIMING] UQ Calculation (Proximity_Baseline): 0.5296 s
[TIMING] Random Forest fit/check: 0.00 ms
[TIMING] OOB/In-bag index reconstruction: 177.20 ms
[TIMING] Leaf weights & density precomputation: 337.65 ms
[TIMING] Transfer structures to backend: 0.02 ms
[TIMING] Total fit: 514.87 ms
[TIMING] Test leaf ID extraction: 34.64 ms
[TIMING] Proximity matrix accumulation: 707.61 ms
[TIMING] Neighbor sorting & quantiles: 22.46 ms
[TIMING] Total compute_uq: 764.96 ms
    [TIMING] UQ Calculation (Proximity_Method_A): 1.2802 s
[TIMING] Random Forest fit/check: 0.00 ms
[TIMING] OOB/In-bag index reconstruction: 183.48 ms
[TIMING] Leaf weights & density precomputation: 351.72 ms
[TIMING] Transfer structures to backend: 0.02 ms
[TIMING] Total fit: 535.22 ms
[TIMING] Test leaf ID extraction: 34.96 ms
[TIMING] Proximity matrix accumulation: 708.55 ms
[TIMING] Neighbor sorting & quantiles: 9.91 ms
[TIMING] Total compute_uq: 753.65 ms
    [TIMING] UQ Calculation (Proximity_Method_B): 1.2899 s
[TIMING] Random Forest fit/check: 0.00 ms
[TIMING] OOB/In-bag index reconstruction: 187.68 ms
[TIMING] Leaf weights & density precomputation: 338.57 ms
[TIMING] Transfer structures to backend: 0.02 ms
[TIMING] Total fit: 526.26 ms
[TIMING] Test leaf ID extraction: 45.96 ms
[TIMING] Proximity matrix accumulation: 878.04 ms
[TIMING] Neighbor sorting & quantiles: 22.65 ms
[TIMING] Total compute_uq: 946.93 ms
[DEBUG DENSITY] mean walked density = 63.8067, min = 54.0939, max = 70.6217
    [TIMING] UQ Calculation (Proximity_Method_C): 1.4746 s
[TIMING] Random Forest fit/check: 0.00 ms
[TIMING] OOB/In-bag index reconstruction: 189.56 ms
[TIMING] Leaf weights & density precomputation: 340.41 ms
[TIMING] Transfer structures to backend: 0.02 ms
[TIMING] Total fit: 529.99 ms
[TIMING] Test leaf ID extraction: 46.00 ms
[TIMING] Proximity matrix accumulation: 878.78 ms
[TIMING] Neighbor sorting & quantiles: 10.01 ms
[TIMING] Total compute_uq: 935.06 ms
[DEBUG DENSITY] mean walked density = 63.8067, min = 54.0939, max = 70.6217
    [TIMING] UQ Calculation (Proximity_Method_B_C): 1.4665 s
    [TIMING] Metrics Calculation: 0.0830 s
    [TIMING] Total Single Evaluation: 6.7338 s

  >>> Starting: Function=sin_cos_4d, Seed=2
    [TIMING] Data Generation: 0.0040 s
    [TIMING] Random Forest Fitting: 0.8569 s
    [TIMING] RF Predicting: 0.0436 s
    [TIMING] Base Aleatoric: 0.0556 s
[TIMING] Random Forest fit/check: 0.00 ms
[TIMING] OOB/In-bag index reconstruction: 190.80 ms
[TIMING] Leaf weights & density precomputation: 66.91 ms
[TIMING] Transfer structures to backend: 0.02 ms
[TIMING] Total fit: 257.73 ms
[TIMING] Test leaf ID extraction: 46.58 ms
[TIMING] Proximity matrix accumulation: 461.56 ms
[TIMING] Neighbor sorting & quantiles: 39.54 ms
[TIMING] Total compute_uq: 547.95 ms
    [TIMING] UQ Calculation (Proximity_Baseline): 0.8058 s
[TIMING] Random Forest fit/check: 0.00 ms
[TIMING] OOB/In-bag index reconstruction: 202.00 ms
[TIMING] Leaf weights & density precomputation: 406.86 ms
[TIMING] Transfer structures to backend: 0.01 ms
[TIMING] Total fit: 608.88 ms
[TIMING] Test leaf ID extraction: 45.89 ms
[TIMING] Proximity matrix accumulation: 1268.46 ms
[TIMING] Neighbor sorting & quantiles: 38.63 ms
[TIMING] Total compute_uq: 1353.26 ms
    [TIMING] UQ Calculation (Proximity_Method_A): 1.9625 s
[TIMING] Random Forest fit/check: 0.00 ms
[TIMING] OOB/In-bag index reconstruction: 190.38 ms
[TIMING] Leaf weights & density precomputation: 420.76 ms
[TIMING] Transfer structures to backend: 0.02 ms
[TIMING] Total fit: 611.15 ms
[TIMING] Test leaf ID extraction: 47.08 ms
[TIMING] Proximity matrix accumulation: 1269.72 ms
[TIMING] Neighbor sorting & quantiles: 13.29 ms
[TIMING] Total compute_uq: 1330.34 ms
    [TIMING] UQ Calculation (Proximity_Method_B): 1.9426 s
[TIMING] Random Forest fit/check: 0.00 ms
[TIMING] OOB/In-bag index reconstruction: 190.41 ms
[TIMING] Leaf weights & density precomputation: 406.85 ms
[TIMING] Transfer structures to backend: 0.02 ms
[TIMING] Total fit: 597.28 ms
[TIMING] Test leaf ID extraction: 46.63 ms
[TIMING] Proximity matrix accumulation: 1580.55 ms
[TIMING] Neighbor sorting & quantiles: 38.69 ms
[TIMING] Total compute_uq: 1666.14 ms
[DEBUG DENSITY] mean walked density = 64.4412, min = 52.2039, max = 71.8577
    [TIMING] UQ Calculation (Proximity_Method_C): 2.2648 s
[TIMING] Random Forest fit/check: 0.00 ms
[TIMING] OOB/In-bag index reconstruction: 189.90 ms
[TIMING] Leaf weights & density precomputation: 408.39 ms
[TIMING] Transfer structures to backend: 0.02 ms
[TIMING] Total fit: 598.30 ms
[TIMING] Test leaf ID extraction: 46.82 ms
[TIMING] Proximity matrix accumulation: 1580.73 ms
[TIMING] Neighbor sorting & quantiles: 13.47 ms
[TIMING] Total compute_uq: 1641.28 ms
[DEBUG DENSITY] mean walked density = 64.4412, min = 52.2039, max = 71.8577
    [TIMING] UQ Calculation (Proximity_Method_B_C): 2.2410 s
    [TIMING] Metrics Calculation: 0.0931 s
    [TIMING] Total Single Evaluation: 10.2702 s

  >>> Starting: Function=quadratic_4d, Seed=2
    [TIMING] Data Generation: 0.0032 s
    [TIMING] Random Forest Fitting: 0.7735 s
    [TIMING] RF Predicting: 0.0436 s
    [TIMING] Base Aleatoric: 0.0560 s
[TIMING] Random Forest fit/check: 0.00 ms
[TIMING] OOB/In-bag index reconstruction: 189.50 ms
[TIMING] Leaf weights & density precomputation: 67.64 ms
[TIMING] Transfer structures to backend: 0.02 ms
[TIMING] Total fit: 257.16 ms
[TIMING] Test leaf ID extraction: 46.56 ms
[TIMING] Proximity matrix accumulation: 461.75 ms
[TIMING] Neighbor sorting & quantiles: 39.75 ms
[TIMING] Total compute_uq: 548.32 ms
    [TIMING] UQ Calculation (Proximity_Baseline): 0.8056 s
[TIMING] Random Forest fit/check: 0.00 ms
[TIMING] OOB/In-bag index reconstruction: 190.07 ms
[TIMING] Leaf weights & density precomputation: 381.18 ms
[TIMING] Transfer structures to backend: 0.02 ms
[TIMING] Total fit: 571.27 ms
[TIMING] Test leaf ID extraction: 35.90 ms
[TIMING] Proximity matrix accumulation: 1268.68 ms
[TIMING] Neighbor sorting & quantiles: 38.64 ms
[TIMING] Total compute_uq: 1343.53 ms
    [TIMING] UQ Calculation (Proximity_Method_A): 1.9152 s
[TIMING] Random Forest fit/check: 0.00 ms
[TIMING] OOB/In-bag index reconstruction: 189.11 ms
[TIMING] Leaf weights & density precomputation: 380.68 ms
[TIMING] Transfer structures to backend: 0.02 ms
[TIMING] Total fit: 569.81 ms
[TIMING] Test leaf ID extraction: 46.91 ms
[TIMING] Proximity matrix accumulation: 1269.49 ms
[TIMING] Neighbor sorting & quantiles: 13.41 ms
[TIMING] Total compute_uq: 1330.06 ms
    [TIMING] UQ Calculation (Proximity_Method_B): 1.9010 s
[TIMING] Random Forest fit/check: 0.00 ms
[TIMING] OOB/In-bag index reconstruction: 216.90 ms
[TIMING] Leaf weights & density precomputation: 385.21 ms
[TIMING] Transfer structures to backend: 0.02 ms
[TIMING] Total fit: 602.13 ms
[TIMING] Test leaf ID extraction: 46.02 ms
[TIMING] Proximity matrix accumulation: 1580.12 ms
[TIMING] Neighbor sorting & quantiles: 38.64 ms
[TIMING] Total compute_uq: 1665.08 ms
[DEBUG DENSITY] mean walked density = 63.6300, min = 53.4975, max = 70.2653
    [TIMING] UQ Calculation (Proximity_Method_C): 2.2686 s
[TIMING] Random Forest fit/check: 0.00 ms
[TIMING] OOB/In-bag index reconstruction: 191.45 ms
[TIMING] Leaf weights & density precomputation: 384.72 ms
[TIMING] Transfer structures to backend: 0.02 ms
[TIMING] Total fit: 576.19 ms
[TIMING] Test leaf ID extraction: 46.82 ms
[TIMING] Proximity matrix accumulation: 1579.48 ms
[TIMING] Neighbor sorting & quantiles: 14.56 ms
[TIMING] Total compute_uq: 1641.12 ms
[DEBUG DENSITY] mean walked density = 63.6300, min = 53.4975, max = 70.2653
    [TIMING] UQ Calculation (Proximity_Method_B_C): 2.2187 s
    [TIMING] Metrics Calculation: 1.2179 s
    [TIMING] Total Single Evaluation: 11.2035 s

  >>> Starting: Function=sin_sum_4d, Seed=2
    [TIMING] Data Generation: 0.0046 s
    [TIMING] Random Forest Fitting: 2.4791 s
    [TIMING] RF Predicting: 0.2224 s
    [TIMING] Base Aleatoric: 0.2034 s
[TIMING] Random Forest fit/check: 0.00 ms
[TIMING] OOB/In-bag index reconstruction: 617.50 ms
[TIMING] Leaf weights & density precomputation: 153.93 ms
[TIMING] Transfer structures to backend: 0.02 ms
[TIMING] Total fit: 771.46 ms
[TIMING] Test leaf ID extraction: 168.27 ms
[TIMING] Proximity matrix accumulation: 572.18 ms
[TIMING] Neighbor sorting & quantiles: 69.61 ms
[TIMING] Total compute_uq: 810.43 ms
    [TIMING] UQ Calculation (Proximity_Baseline): 1.5822 s
[TIMING] Random Forest fit/check: 0.00 ms
[TIMING] OOB/In-bag index reconstruction: 765.84 ms
[TIMING] Leaf weights & density precomputation: 509.52 ms
[TIMING] Transfer structures to backend: 0.02 ms
[TIMING] Total fit: 1275.38 ms
[TIMING] Test leaf ID extraction: 156.41 ms
[TIMING] Proximity matrix accumulation: 1468.02 ms
[TIMING] Neighbor sorting & quantiles: 50.14 ms
[TIMING] Total compute_uq: 1674.86 ms
    [TIMING] UQ Calculation (Proximity_Method_A): 2.9508 s
[TIMING] Random Forest fit/check: 0.00 ms
[TIMING] OOB/In-bag index reconstruction: 646.14 ms
[TIMING] Leaf weights & density precomputation: 431.83 ms
[TIMING] Transfer structures to backend: 0.02 ms
[TIMING] Total fit: 1077.99 ms
[TIMING] Test leaf ID extraction: 47.96 ms
[TIMING] Proximity matrix accumulation: 1266.05 ms
[TIMING] Neighbor sorting & quantiles: 15.09 ms
[TIMING] Total compute_uq: 1329.40 ms
    [TIMING] UQ Calculation (Proximity_Method_B): 2.4092 s
[TIMING] Random Forest fit/check: 0.00 ms
[TIMING] OOB/In-bag index reconstruction: 204.14 ms
[TIMING] Leaf weights & density precomputation: 397.55 ms
[TIMING] Transfer structures to backend: 0.02 ms
[TIMING] Total fit: 601.71 ms
[TIMING] Test leaf ID extraction: 46.33 ms
[TIMING] Proximity matrix accumulation: 1577.79 ms
[TIMING] Neighbor sorting & quantiles: 38.78 ms
[TIMING] Total compute_uq: 1663.28 ms
[DEBUG DENSITY] mean walked density = 64.3713, min = 52.6672, max = 70.1387
    [TIMING] UQ Calculation (Proximity_Method_C): 2.2664 s
[TIMING] Random Forest fit/check: 0.00 ms
[TIMING] OOB/In-bag index reconstruction: 201.98 ms
[TIMING] Leaf weights & density precomputation: 397.09 ms
[TIMING] Transfer structures to backend: 0.01 ms
[TIMING] Total fit: 599.09 ms
[TIMING] Test leaf ID extraction: 56.10 ms
[TIMING] Proximity matrix accumulation: 1577.64 ms
[TIMING] Neighbor sorting & quantiles: 13.49 ms
[TIMING] Total compute_uq: 1647.46 ms
[DEBUG DENSITY] mean walked density = 64.3713, min = 52.6672, max = 70.1387
    [TIMING] UQ Calculation (Proximity_Method_B_C): 2.2478 s
    [TIMING] Metrics Calculation: 0.1389 s
    [TIMING] Total Single Evaluation: 14.5052 s

  >>> Starting: Function=sin_cos_5d, Seed=2
    [TIMING] Data Generation: 0.0070 s
    [TIMING] Random Forest Fitting: 1.4520 s
    [TIMING] RF Predicting: 0.0634 s
    [TIMING] Base Aleatoric: 0.0666 s
[TIMING] Random Forest fit/check: 0.00 ms
[TIMING] OOB/In-bag index reconstruction: 252.70 ms
[TIMING] Leaf weights & density precomputation: 73.73 ms
[TIMING] Transfer structures to backend: 0.02 ms
[TIMING] Total fit: 326.45 ms
[TIMING] Test leaf ID extraction: 57.30 ms
[TIMING] Proximity matrix accumulation: 746.97 ms
[TIMING] Neighbor sorting & quantiles: 63.23 ms
[TIMING] Total compute_uq: 867.78 ms
    [TIMING] UQ Calculation (Proximity_Baseline): 1.1944 s
[TIMING] Random Forest fit/check: 0.00 ms
[TIMING] OOB/In-bag index reconstruction: 237.96 ms
[TIMING] Leaf weights & density precomputation: 480.74 ms
[TIMING] Transfer structures to backend: 0.02 ms
[TIMING] Total fit: 718.71 ms
[TIMING] Test leaf ID extraction: 57.66 ms
[TIMING] Proximity matrix accumulation: 1966.68 ms
[TIMING] Neighbor sorting & quantiles: 62.23 ms
[TIMING] Total compute_uq: 2086.82 ms
    [TIMING] UQ Calculation (Proximity_Method_A): 2.8059 s
[TIMING] Random Forest fit/check: 0.00 ms
[TIMING] OOB/In-bag index reconstruction: 216.92 ms
[TIMING] Leaf weights & density precomputation: 479.41 ms
[TIMING] Transfer structures to backend: 0.02 ms
[TIMING] Total fit: 696.34 ms
[TIMING] Test leaf ID extraction: 35.80 ms
[TIMING] Proximity matrix accumulation: 1965.63 ms
[TIMING] Neighbor sorting & quantiles: 18.95 ms
[TIMING] Total compute_uq: 2020.68 ms
    [TIMING] UQ Calculation (Proximity_Method_B): 2.7180 s
[TIMING] Random Forest fit/check: 0.00 ms
[TIMING] OOB/In-bag index reconstruction: 217.47 ms
[TIMING] Leaf weights & density precomputation: 488.51 ms
[TIMING] Transfer structures to backend: 0.02 ms
[TIMING] Total fit: 705.99 ms
[TIMING] Test leaf ID extraction: 46.39 ms
[TIMING] Proximity matrix accumulation: 2464.48 ms
[TIMING] Neighbor sorting & quantiles: 62.29 ms
[TIMING] Total compute_uq: 2573.44 ms
[DEBUG DENSITY] mean walked density = 64.3262, min = 60.3349, max = 68.0646
    [TIMING] UQ Calculation (Proximity_Method_C): 3.2809 s
[TIMING] Random Forest fit/check: 0.00 ms
[TIMING] OOB/In-bag index reconstruction: 228.68 ms
[TIMING] Leaf weights & density precomputation: 476.93 ms
[TIMING] Transfer structures to backend: 0.01 ms
[TIMING] Total fit: 705.63 ms
[TIMING] Test leaf ID extraction: 47.01 ms
[TIMING] Proximity matrix accumulation: 2467.98 ms
[TIMING] Neighbor sorting & quantiles: 19.58 ms
[TIMING] Total compute_uq: 2534.89 ms
[DEBUG DENSITY] mean walked density = 64.3262, min = 60.3349, max = 68.0646
    [TIMING] UQ Calculation (Proximity_Method_B_C): 3.2419 s
    [TIMING] Metrics Calculation: 0.0964 s
    [TIMING] Total Single Evaluation: 14.9270 s

  >>> Starting: Function=quadratic_5d, Seed=2
    [TIMING] Data Generation: 0.0044 s
    [TIMING] Random Forest Fitting: 1.1208 s
    [TIMING] RF Predicting: 0.0536 s
    [TIMING] Base Aleatoric: 0.0681 s
[TIMING] Random Forest fit/check: 0.00 ms
[TIMING] OOB/In-bag index reconstruction: 237.01 ms
[TIMING] Leaf weights & density precomputation: 73.28 ms
[TIMING] Transfer structures to backend: 0.02 ms
[TIMING] Total fit: 310.31 ms
[TIMING] Test leaf ID extraction: 57.65 ms
[TIMING] Proximity matrix accumulation: 748.34 ms
[TIMING] Neighbor sorting & quantiles: 63.76 ms
[TIMING] Total compute_uq: 870.06 ms
    [TIMING] UQ Calculation (Proximity_Baseline): 1.1806 s
[TIMING] Random Forest fit/check: 0.00 ms
[TIMING] OOB/In-bag index reconstruction: 227.50 ms
[TIMING] Leaf weights & density precomputation: 447.10 ms
[TIMING] Transfer structures to backend: 0.02 ms
[TIMING] Total fit: 674.62 ms
[TIMING] Test leaf ID extraction: 47.09 ms
[TIMING] Proximity matrix accumulation: 1969.93 ms
[TIMING] Neighbor sorting & quantiles: 62.35 ms
[TIMING] Total compute_uq: 2079.65 ms
    [TIMING] UQ Calculation (Proximity_Method_A): 2.7547 s
[TIMING] Random Forest fit/check: 0.00 ms
[TIMING] OOB/In-bag index reconstruction: 227.34 ms
[TIMING] Leaf weights & density precomputation: 446.03 ms
[TIMING] Transfer structures to backend: 0.02 ms
[TIMING] Total fit: 673.39 ms
[TIMING] Test leaf ID extraction: 46.51 ms
[TIMING] Proximity matrix accumulation: 1969.13 ms
[TIMING] Neighbor sorting & quantiles: 19.03 ms
[TIMING] Total compute_uq: 2034.95 ms
    [TIMING] UQ Calculation (Proximity_Method_B): 2.7094 s
[TIMING] Random Forest fit/check: 0.00 ms
[TIMING] OOB/In-bag index reconstruction: 454.31 ms
[TIMING] Leaf weights & density precomputation: 856.27 ms
[TIMING] Transfer structures to backend: 0.02 ms
[TIMING] Total fit: 1310.60 ms
[TIMING] Test leaf ID extraction: 217.66 ms
[TIMING] Proximity matrix accumulation: 2502.34 ms
[TIMING] Neighbor sorting & quantiles: 72.54 ms
[TIMING] Total compute_uq: 2792.90 ms
[DEBUG DENSITY] mean walked density = 63.8976, min = 55.9138, max = 71.1118
    [TIMING] UQ Calculation (Proximity_Method_C): 4.1054 s
[TIMING] Random Forest fit/check: 0.00 ms
[TIMING] OOB/In-bag index reconstruction: 228.10 ms
[TIMING] Leaf weights & density precomputation: 443.23 ms
[TIMING] Transfer structures to backend: 0.02 ms
[TIMING] Total fit: 671.35 ms
[TIMING] Test leaf ID extraction: 46.71 ms
[TIMING] Proximity matrix accumulation: 2464.32 ms
[TIMING] Neighbor sorting & quantiles: 18.77 ms
[TIMING] Total compute_uq: 2530.09 ms
[DEBUG DENSITY] mean walked density = 63.8976, min = 55.9138, max = 71.1118
    [TIMING] UQ Calculation (Proximity_Method_B_C): 3.2029 s
    [TIMING] Metrics Calculation: 0.1317 s
    [TIMING] Total Single Evaluation: 15.3319 s

  >>> Starting: Function=gaussian_5d, Seed=2
    [TIMING] Data Generation: 0.0060 s
    [TIMING] Random Forest Fitting: 1.0977 s
    [TIMING] RF Predicting: 0.0532 s
    [TIMING] Base Aleatoric: 0.0573 s
[TIMING] Random Forest fit/check: 0.00 ms
[TIMING] OOB/In-bag index reconstruction: 240.11 ms
[TIMING] Leaf weights & density precomputation: 90.58 ms
[TIMING] Transfer structures to backend: 0.02 ms
[TIMING] Total fit: 330.71 ms
[TIMING] Test leaf ID extraction: 58.59 ms
[TIMING] Proximity matrix accumulation: 758.87 ms
[TIMING] Neighbor sorting & quantiles: 75.76 ms
[TIMING] Total compute_uq: 893.64 ms
    [TIMING] UQ Calculation (Proximity_Baseline): 1.2245 s
[TIMING] Random Forest fit/check: 0.01 ms
[TIMING] OOB/In-bag index reconstruction: 410.33 ms
[TIMING] Leaf weights & density precomputation: 980.50 ms
[TIMING] Transfer structures to backend: 0.02 ms
[TIMING] Total fit: 1390.86 ms
[TIMING] Test leaf ID extraction: 179.02 ms
[TIMING] Proximity matrix accumulation: 2034.56 ms
[TIMING] Neighbor sorting & quantiles: 62.81 ms
[TIMING] Total compute_uq: 2276.81 ms
    [TIMING] UQ Calculation (Proximity_Method_A): 3.6682 s
[TIMING] Random Forest fit/check: 0.00 ms
[TIMING] OOB/In-bag index reconstruction: 442.36 ms
[TIMING] Leaf weights & density precomputation: 899.73 ms
[TIMING] Transfer structures to backend: 0.02 ms
[TIMING] Total fit: 1342.11 ms
[TIMING] Test leaf ID extraction: 150.26 ms
[TIMING] Proximity matrix accumulation: 1991.29 ms
[TIMING] Neighbor sorting & quantiles: 43.16 ms
[TIMING] Total compute_uq: 2185.07 ms
    [TIMING] UQ Calculation (Proximity_Method_B): 3.5287 s
[TIMING] Random Forest fit/check: 0.03 ms
[TIMING] OOB/In-bag index reconstruction: 596.60 ms
[TIMING] Leaf weights & density precomputation: 603.48 ms
[TIMING] Transfer structures to backend: 0.02 ms
[TIMING] Total fit: 1200.13 ms
[TIMING] Test leaf ID extraction: 88.01 ms
[TIMING] Proximity matrix accumulation: 2468.95 ms
[TIMING] Neighbor sorting & quantiles: 62.67 ms
[TIMING] Total compute_uq: 2619.99 ms
[DEBUG DENSITY] mean walked density = 63.7621, min = 56.3777, max = 70.4684
    [TIMING] UQ Calculation (Proximity_Method_C): 3.8219 s
[TIMING] Random Forest fit/check: 0.00 ms
[TIMING] OOB/In-bag index reconstruction: 238.94 ms
[TIMING] Leaf weights & density precomputation: 449.87 ms
[TIMING] Transfer structures to backend: 0.02 ms
[TIMING] Total fit: 688.82 ms
[TIMING] Test leaf ID extraction: 57.02 ms
[TIMING] Proximity matrix accumulation: 2467.00 ms
[TIMING] Neighbor sorting & quantiles: 18.56 ms
[TIMING] Total compute_uq: 2542.90 ms
[DEBUG DENSITY] mean walked density = 63.7621, min = 56.3777, max = 70.4684
    [TIMING] UQ Calculation (Proximity_Method_B_C): 3.2330 s
    [TIMING] Metrics Calculation: 0.1149 s
    [TIMING] Total Single Evaluation: 16.8060 s

  >>> Starting: Function=sin_cos_6d, Seed=2
    [TIMING] Data Generation: 0.0085 s
    [TIMING] Random Forest Fitting: 2.3640 s
    [TIMING] RF Predicting: 0.0530 s
    [TIMING] Base Aleatoric: 0.0773 s
[TIMING] Random Forest fit/check: 0.00 ms
[TIMING] OOB/In-bag index reconstruction: 259.32 ms
[TIMING] Leaf weights & density precomputation: 81.19 ms
[TIMING] Transfer structures to backend: 0.02 ms
[TIMING] Total fit: 340.52 ms
[TIMING] Test leaf ID extraction: 56.30 ms
[TIMING] Proximity matrix accumulation: 1098.36 ms
[TIMING] Neighbor sorting & quantiles: 90.46 ms
[TIMING] Total compute_uq: 1245.42 ms
    [TIMING] UQ Calculation (Proximity_Baseline): 1.5861 s
[TIMING] Random Forest fit/check: 0.00 ms
[TIMING] OOB/In-bag index reconstruction: 247.24 ms
[TIMING] Leaf weights & density precomputation: 593.92 ms
[TIMING] Transfer structures to backend: 0.02 ms
[TIMING] Total fit: 841.18 ms
[TIMING] Test leaf ID extraction: 47.60 ms
[TIMING] Proximity matrix accumulation: 2822.01 ms
[TIMING] Neighbor sorting & quantiles: 89.04 ms
[TIMING] Total compute_uq: 2959.04 ms
    [TIMING] UQ Calculation (Proximity_Method_A): 3.8006 s
[TIMING] Random Forest fit/check: 0.00 ms
[TIMING] OOB/In-bag index reconstruction: 247.23 ms
[TIMING] Leaf weights & density precomputation: 588.22 ms
[TIMING] Transfer structures to backend: 0.02 ms
[TIMING] Total fit: 835.48 ms
[TIMING] Test leaf ID extraction: 56.22 ms
[TIMING] Proximity matrix accumulation: 2820.16 ms
[TIMING] Neighbor sorting & quantiles: 26.50 ms
[TIMING] Total compute_uq: 2903.22 ms
    [TIMING] UQ Calculation (Proximity_Method_B): 3.7398 s
[TIMING] Random Forest fit/check: 0.00 ms
[TIMING] OOB/In-bag index reconstruction: 228.05 ms
[TIMING] Leaf weights & density precomputation: 580.00 ms
[TIMING] Transfer structures to backend: 0.02 ms
[TIMING] Total fit: 808.07 ms
[TIMING] Test leaf ID extraction: 46.42 ms
[TIMING] Proximity matrix accumulation: 3526.29 ms
[TIMING] Neighbor sorting & quantiles: 89.11 ms
[TIMING] Total compute_uq: 3662.18 ms
[DEBUG DENSITY] mean walked density = 64.0913, min = 59.5645, max = 68.1350
    [TIMING] UQ Calculation (Proximity_Method_C): 4.4717 s
[TIMING] Random Forest fit/check: 0.00 ms
[TIMING] OOB/In-bag index reconstruction: 239.73 ms
[TIMING] Leaf weights & density precomputation: 581.82 ms
[TIMING] Transfer structures to backend: 0.02 ms
[TIMING] Total fit: 821.57 ms
[TIMING] Test leaf ID extraction: 46.73 ms
[TIMING] Proximity matrix accumulation: 3526.22 ms
[TIMING] Neighbor sorting & quantiles: 25.56 ms
[TIMING] Total compute_uq: 3598.82 ms
[DEBUG DENSITY] mean walked density = 64.0913, min = 59.5645, max = 68.1350
    [TIMING] UQ Calculation (Proximity_Method_B_C): 4.4218 s
    [TIMING] Metrics Calculation: 0.1158 s
    [TIMING] Total Single Evaluation: 20.6392 s

  >>> Starting: Function=quadratic_6d, Seed=2
    [TIMING] Data Generation: 0.0070 s
    [TIMING] Random Forest Fitting: 1.6211 s
    [TIMING] RF Predicting: 0.0525 s
    [TIMING] Base Aleatoric: 0.0677 s
[TIMING] Random Forest fit/check: 0.00 ms
[TIMING] OOB/In-bag index reconstruction: 240.85 ms
[TIMING] Leaf weights & density precomputation: 88.02 ms
[TIMING] Transfer structures to backend: 0.02 ms
[TIMING] Total fit: 328.89 ms
[TIMING] Test leaf ID extraction: 46.50 ms
[TIMING] Proximity matrix accumulation: 1099.07 ms
[TIMING] Neighbor sorting & quantiles: 91.25 ms
[TIMING] Total compute_uq: 1237.19 ms
    [TIMING] UQ Calculation (Proximity_Baseline): 1.5662 s
[TIMING] Random Forest fit/check: 0.00 ms
[TIMING] OOB/In-bag index reconstruction: 227.62 ms
[TIMING] Leaf weights & density precomputation: 520.35 ms
[TIMING] Transfer structures to backend: 0.02 ms
[TIMING] Total fit: 747.98 ms
[TIMING] Test leaf ID extraction: 46.59 ms
[TIMING] Proximity matrix accumulation: 2823.96 ms
[TIMING] Neighbor sorting & quantiles: 88.94 ms
[TIMING] Total compute_uq: 2959.84 ms
    [TIMING] UQ Calculation (Proximity_Method_A): 3.7083 s
[TIMING] Random Forest fit/check: 0.02 ms
[TIMING] OOB/In-bag index reconstruction: 240.01 ms
[TIMING] Leaf weights & density precomputation: 527.27 ms
[TIMING] Transfer structures to backend: 0.02 ms
[TIMING] Total fit: 767.32 ms
[TIMING] Test leaf ID extraction: 46.20 ms
[TIMING] Proximity matrix accumulation: 2820.78 ms
[TIMING] Neighbor sorting & quantiles: 25.53 ms
[TIMING] Total compute_uq: 2892.84 ms
    [TIMING] UQ Calculation (Proximity_Method_B): 3.6613 s
[TIMING] Random Forest fit/check: 0.00 ms
[TIMING] OOB/In-bag index reconstruction: 227.22 ms
[TIMING] Leaf weights & density precomputation: 522.74 ms
[TIMING] Transfer structures to backend: 0.02 ms
[TIMING] Total fit: 749.98 ms
[TIMING] Test leaf ID extraction: 46.71 ms
[TIMING] Proximity matrix accumulation: 3522.45 ms
[TIMING] Neighbor sorting & quantiles: 89.09 ms
[TIMING] Total compute_uq: 3658.61 ms
[DEBUG DENSITY] mean walked density = 64.3746, min = 56.8444, max = 73.0903
    [TIMING] UQ Calculation (Proximity_Method_C): 4.4100 s
[TIMING] Random Forest fit/check: 0.00 ms
[TIMING] OOB/In-bag index reconstruction: 228.64 ms
[TIMING] Leaf weights & density precomputation: 530.14 ms
[TIMING] Transfer structures to backend: 0.02 ms
[TIMING] Total fit: 758.80 ms
[TIMING] Test leaf ID extraction: 47.49 ms
[TIMING] Proximity matrix accumulation: 3524.28 ms
[TIMING] Neighbor sorting & quantiles: 25.56 ms
[TIMING] Total compute_uq: 3600.49 ms
[DEBUG DENSITY] mean walked density = 64.3746, min = 56.8444, max = 73.0903
    [TIMING] UQ Calculation (Proximity_Method_B_C): 4.3609 s
    [TIMING] Metrics Calculation: 0.1121 s
    [TIMING] Total Single Evaluation: 19.5676 s

  >>> Starting: Function=friedman_6d, Seed=2
    [TIMING] Data Generation: 0.0073 s
    [TIMING] Random Forest Fitting: 1.4193 s
    [TIMING] RF Predicting: 0.0525 s
    [TIMING] Base Aleatoric: 0.0681 s
[TIMING] Random Forest fit/check: 0.00 ms
[TIMING] OOB/In-bag index reconstruction: 228.76 ms
[TIMING] Leaf weights & density precomputation: 78.04 ms
[TIMING] Transfer structures to backend: 0.02 ms
[TIMING] Total fit: 306.82 ms
[TIMING] Test leaf ID extraction: 46.92 ms
[TIMING] Proximity matrix accumulation: 1098.38 ms
[TIMING] Neighbor sorting & quantiles: 91.19 ms
[TIMING] Total compute_uq: 1236.84 ms
    [TIMING] UQ Calculation (Proximity_Baseline): 1.5438 s
[TIMING] Random Forest fit/check: 0.00 ms
[TIMING] OOB/In-bag index reconstruction: 229.03 ms
[TIMING] Leaf weights & density precomputation: 499.27 ms
[TIMING] Transfer structures to backend: 0.03 ms
[TIMING] Total fit: 728.32 ms
[TIMING] Test leaf ID extraction: 47.90 ms
[TIMING] Proximity matrix accumulation: 2825.60 ms
[TIMING] Neighbor sorting & quantiles: 89.08 ms
[TIMING] Total compute_uq: 2962.97 ms
    [TIMING] UQ Calculation (Proximity_Method_A): 3.6918 s
[TIMING] Random Forest fit/check: 0.00 ms
[TIMING] OOB/In-bag index reconstruction: 228.87 ms
[TIMING] Leaf weights & density precomputation: 504.85 ms
[TIMING] Transfer structures to backend: 0.02 ms
[TIMING] Total fit: 733.74 ms
[TIMING] Test leaf ID extraction: 46.58 ms
[TIMING] Proximity matrix accumulation: 2821.78 ms
[TIMING] Neighbor sorting & quantiles: 25.52 ms
[TIMING] Total compute_uq: 2894.23 ms
    [TIMING] UQ Calculation (Proximity_Method_B): 3.6290 s
[TIMING] Random Forest fit/check: 0.02 ms
[TIMING] OOB/In-bag index reconstruction: 240.41 ms
[TIMING] Leaf weights & density precomputation: 499.18 ms
[TIMING] Transfer structures to backend: 0.02 ms
[TIMING] Total fit: 739.63 ms
[TIMING] Test leaf ID extraction: 56.32 ms
[TIMING] Proximity matrix accumulation: 3527.54 ms
[TIMING] Neighbor sorting & quantiles: 88.98 ms
[TIMING] Total compute_uq: 3673.18 ms
[DEBUG DENSITY] mean walked density = 64.5279, min = 57.4246, max = 70.4021
    [TIMING] UQ Calculation (Proximity_Method_C): 4.4143 s
[TIMING] Random Forest fit/check: 0.00 ms
[TIMING] OOB/In-bag index reconstruction: 238.32 ms
[TIMING] Leaf weights & density precomputation: 495.12 ms
[TIMING] Transfer structures to backend: 0.02 ms
[TIMING] Total fit: 733.45 ms
[TIMING] Test leaf ID extraction: 45.77 ms
[TIMING] Proximity matrix accumulation: 3526.05 ms
[TIMING] Neighbor sorting & quantiles: 25.69 ms
[TIMING] Total compute_uq: 3597.82 ms
[DEBUG DENSITY] mean walked density = 64.5279, min = 57.4246, max = 70.4021
    [TIMING] UQ Calculation (Proximity_Method_B_C): 4.3326 s
    [TIMING] Metrics Calculation: 0.1712 s
    [TIMING] Total Single Evaluation: 19.3304 s

  >>> Starting: Function=sin_cos_7d, Seed=2
    [TIMING] Data Generation: 0.0148 s
    [TIMING] Random Forest Fitting: 2.7405 s
    [TIMING] RF Predicting: 0.0524 s
    [TIMING] Base Aleatoric: 0.0712 s
[TIMING] Random Forest fit/check: 0.00 ms
[TIMING] OOB/In-bag index reconstruction: 239.96 ms
[TIMING] Leaf weights & density precomputation: 82.35 ms
[TIMING] Transfer structures to backend: 0.02 ms
[TIMING] Total fit: 322.32 ms
[TIMING] Test leaf ID extraction: 57.36 ms
[TIMING] Proximity matrix accumulation: 1517.88 ms
[TIMING] Neighbor sorting & quantiles: 121.64 ms
[TIMING] Total compute_uq: 1697.23 ms
    [TIMING] UQ Calculation (Proximity_Baseline): 2.0197 s
[TIMING] Random Forest fit/check: 0.00 ms
[TIMING] OOB/In-bag index reconstruction: 240.09 ms
[TIMING] Leaf weights & density precomputation: 622.09 ms
[TIMING] Transfer structures to backend: 0.02 ms
[TIMING] Total fit: 862.19 ms
[TIMING] Test leaf ID extraction: 56.54 ms
[TIMING] Proximity matrix accumulation: 3824.07 ms
[TIMING] Neighbor sorting & quantiles: 120.25 ms
[TIMING] Total compute_uq: 4001.22 ms
    [TIMING] UQ Calculation (Proximity_Method_A): 4.8638 s
[TIMING] Random Forest fit/check: 0.00 ms
[TIMING] OOB/In-bag index reconstruction: 239.74 ms
[TIMING] Leaf weights & density precomputation: 680.28 ms
[TIMING] Transfer structures to backend: 0.02 ms
[TIMING] Total fit: 920.04 ms
[TIMING] Test leaf ID extraction: 56.57 ms
[TIMING] Proximity matrix accumulation: 3828.52 ms
[TIMING] Neighbor sorting & quantiles: 33.91 ms
[TIMING] Total compute_uq: 3919.34 ms
    [TIMING] UQ Calculation (Proximity_Method_B): 4.8404 s
[TIMING] Random Forest fit/check: 0.00 ms
[TIMING] OOB/In-bag index reconstruction: 257.86 ms
[TIMING] Leaf weights & density precomputation: 622.12 ms
[TIMING] Transfer structures to backend: 0.02 ms
[TIMING] Total fit: 880.00 ms
[TIMING] Test leaf ID extraction: 57.24 ms
[TIMING] Proximity matrix accumulation: 4776.07 ms
[TIMING] Neighbor sorting & quantiles: 119.95 ms
[TIMING] Total compute_uq: 4953.67 ms
[DEBUG DENSITY] mean walked density = 64.1956, min = 60.3981, max = 67.9753
    [TIMING] UQ Calculation (Proximity_Method_C): 5.8352 s
[TIMING] Random Forest fit/check: 0.00 ms
[TIMING] OOB/In-bag index reconstruction: 239.40 ms
[TIMING] Leaf weights & density precomputation: 627.12 ms
[TIMING] Transfer structures to backend: 0.02 ms
[TIMING] Total fit: 866.54 ms
[TIMING] Test leaf ID extraction: 57.23 ms
[TIMING] Proximity matrix accumulation: 4779.12 ms
[TIMING] Neighbor sorting & quantiles: 33.50 ms
[TIMING] Total compute_uq: 4870.20 ms
[DEBUG DENSITY] mean walked density = 64.1956, min = 60.3981, max = 67.9753
    [TIMING] UQ Calculation (Proximity_Method_B_C): 5.7382 s
    [TIMING] Metrics Calculation: 0.1134 s
    [TIMING] Total Single Evaluation: 26.2901 s

  >>> Starting: Function=quadratic_7d, Seed=2
    [TIMING] Data Generation: 0.0089 s
    [TIMING] Random Forest Fitting: 2.1558 s
    [TIMING] RF Predicting: 0.0532 s
    [TIMING] Base Aleatoric: 0.0726 s
[TIMING] Random Forest fit/check: 0.00 ms
[TIMING] OOB/In-bag index reconstruction: 325.20 ms
[TIMING] Leaf weights & density precomputation: 200.42 ms
[TIMING] Transfer structures to backend: 0.03 ms
[TIMING] Total fit: 525.65 ms
[TIMING] Test leaf ID extraction: 209.86 ms
[TIMING] Proximity matrix accumulation: 1525.67 ms
[TIMING] Neighbor sorting & quantiles: 165.62 ms
[TIMING] Total compute_uq: 1901.59 ms
    [TIMING] UQ Calculation (Proximity_Baseline): 2.4274 s
[TIMING] Random Forest fit/check: 0.00 ms
[TIMING] OOB/In-bag index reconstruction: 537.37 ms
[TIMING] Leaf weights & density precomputation: 954.64 ms
[TIMING] Transfer structures to backend: 0.02 ms
[TIMING] Total fit: 1492.03 ms
[TIMING] Test leaf ID extraction: 215.80 ms
[TIMING] Proximity matrix accumulation: 3913.45 ms
[TIMING] Neighbor sorting & quantiles: 186.07 ms
[TIMING] Total compute_uq: 4315.82 ms
    [TIMING] UQ Calculation (Proximity_Method_A): 5.8083 s
[TIMING] Random Forest fit/check: 0.00 ms
[TIMING] OOB/In-bag index reconstruction: 241.44 ms
[TIMING] Leaf weights & density precomputation: 583.49 ms
[TIMING] Transfer structures to backend: 0.01 ms
[TIMING] Total fit: 824.95 ms
[TIMING] Test leaf ID extraction: 58.19 ms
[TIMING] Proximity matrix accumulation: 3828.47 ms
[TIMING] Neighbor sorting & quantiles: 33.72 ms
[TIMING] Total compute_uq: 3920.72 ms
    [TIMING] UQ Calculation (Proximity_Method_B): 4.7468 s
[TIMING] Random Forest fit/check: 0.00 ms
[TIMING] OOB/In-bag index reconstruction: 253.03 ms
[TIMING] Leaf weights & density precomputation: 584.62 ms
[TIMING] Transfer structures to backend: 0.02 ms
[TIMING] Total fit: 837.68 ms
[TIMING] Test leaf ID extraction: 57.79 ms
[TIMING] Proximity matrix accumulation: 4769.97 ms
[TIMING] Neighbor sorting & quantiles: 120.15 ms
[TIMING] Total compute_uq: 4948.31 ms
[DEBUG DENSITY] mean walked density = 63.9668, min = 57.5080, max = 68.7589
    [TIMING] UQ Calculation (Proximity_Method_C): 5.7875 s
[TIMING] Random Forest fit/check: 0.00 ms
[TIMING] OOB/In-bag index reconstruction: 241.73 ms
[TIMING] Leaf weights & density precomputation: 584.27 ms
[TIMING] Transfer structures to backend: 0.02 ms
[TIMING] Total fit: 826.02 ms
[TIMING] Test leaf ID extraction: 47.93 ms
[TIMING] Proximity matrix accumulation: 4778.79 ms
[TIMING] Neighbor sorting & quantiles: 33.82 ms
[TIMING] Total compute_uq: 4860.93 ms
[DEBUG DENSITY] mean walked density = 63.9668, min = 57.5080, max = 68.7589
    [TIMING] UQ Calculation (Proximity_Method_B_C): 5.6884 s
    [TIMING] Metrics Calculation: 0.1200 s
    [TIMING] Total Single Evaluation: 26.8696 s

  >>> Starting: Function=interaction_7d, Seed=2
    [TIMING] Data Generation: 0.0089 s
    [TIMING] Random Forest Fitting: 2.0369 s
    [TIMING] RF Predicting: 0.0534 s
    [TIMING] Base Aleatoric: 0.0731 s
[TIMING] Random Forest fit/check: 0.00 ms
[TIMING] OOB/In-bag index reconstruction: 243.04 ms
[TIMING] Leaf weights & density precomputation: 83.75 ms
[TIMING] Transfer structures to backend: 0.02 ms
[TIMING] Total fit: 326.81 ms
[TIMING] Test leaf ID extraction: 57.72 ms
[TIMING] Proximity matrix accumulation: 1518.48 ms
[TIMING] Neighbor sorting & quantiles: 122.70 ms
[TIMING] Total compute_uq: 1699.21 ms
    [TIMING] UQ Calculation (Proximity_Baseline): 2.0262 s
[TIMING] Random Forest fit/check: 0.00 ms
[TIMING] OOB/In-bag index reconstruction: 248.15 ms
[TIMING] Leaf weights & density precomputation: 575.13 ms
[TIMING] Transfer structures to backend: 0.02 ms
[TIMING] Total fit: 823.30 ms
[TIMING] Test leaf ID extraction: 47.53 ms
[TIMING] Proximity matrix accumulation: 3822.36 ms
[TIMING] Neighbor sorting & quantiles: 120.23 ms
[TIMING] Total compute_uq: 3990.50 ms
    [TIMING] UQ Calculation (Proximity_Method_A): 4.8142 s
[TIMING] Random Forest fit/check: 0.02 ms
[TIMING] OOB/In-bag index reconstruction: 258.83 ms
[TIMING] Leaf weights & density precomputation: 577.45 ms
[TIMING] Transfer structures to backend: 0.01 ms
[TIMING] Total fit: 836.32 ms
[TIMING] Test leaf ID extraction: 58.36 ms
[TIMING] Proximity matrix accumulation: 3827.37 ms
[TIMING] Neighbor sorting & quantiles: 33.46 ms
[TIMING] Total compute_uq: 3919.49 ms
    [TIMING] UQ Calculation (Proximity_Method_B): 4.7570 s
[TIMING] Random Forest fit/check: 0.00 ms
[TIMING] OOB/In-bag index reconstruction: 246.52 ms
[TIMING] Leaf weights & density precomputation: 633.44 ms
[TIMING] Transfer structures to backend: 0.02 ms
[TIMING] Total fit: 879.98 ms
[TIMING] Test leaf ID extraction: 189.73 ms
[TIMING] Proximity matrix accumulation: 4820.17 ms
[TIMING] Neighbor sorting & quantiles: 143.15 ms
[TIMING] Total compute_uq: 5153.59 ms
[DEBUG DENSITY] mean walked density = 63.6443, min = 56.5347, max = 69.4486
    [TIMING] UQ Calculation (Proximity_Method_C): 6.0354 s
[TIMING] Random Forest fit/check: 0.00 ms
[TIMING] OOB/In-bag index reconstruction: 711.73 ms
[TIMING] Leaf weights & density precomputation: 1104.52 ms
[TIMING] Transfer structures to backend: 0.02 ms
[TIMING] Total fit: 1816.27 ms
[TIMING] Test leaf ID extraction: 217.12 ms
[TIMING] Proximity matrix accumulation: 4775.25 ms
[TIMING] Neighbor sorting & quantiles: 34.17 ms
[TIMING] Total compute_uq: 5026.91 ms
[DEBUG DENSITY] mean walked density = 63.6443, min = 56.5347, max = 69.4486
    [TIMING] UQ Calculation (Proximity_Method_B_C): 6.8450 s
    [TIMING] Metrics Calculation: 0.1086 s
    [TIMING] Total Single Evaluation: 26.7593 s

  >>> Starting: Function=sin_cos_8d, Seed=2
    [TIMING] Data Generation: 0.0133 s
    [TIMING] Random Forest Fitting: 3.5337 s
    [TIMING] RF Predicting: 0.0533 s
    [TIMING] Base Aleatoric: 0.0858 s
[TIMING] Random Forest fit/check: 0.00 ms
[TIMING] OOB/In-bag index reconstruction: 245.52 ms
[TIMING] Leaf weights & density precomputation: 89.78 ms
[TIMING] Transfer structures to backend: 0.02 ms
[TIMING] Total fit: 335.32 ms
[TIMING] Test leaf ID extraction: 59.88 ms
[TIMING] Proximity matrix accumulation: 1996.31 ms
[TIMING] Neighbor sorting & quantiles: 157.98 ms
[TIMING] Total compute_uq: 2214.58 ms
    [TIMING] UQ Calculation (Proximity_Baseline): 2.5501 s
[TIMING] Random Forest fit/check: 0.00 ms
[TIMING] OOB/In-bag index reconstruction: 245.48 ms
[TIMING] Leaf weights & density precomputation: 700.51 ms
[TIMING] Transfer structures to backend: 0.01 ms
[TIMING] Total fit: 946.01 ms
[TIMING] Test leaf ID extraction: 60.32 ms
[TIMING] Proximity matrix accumulation: 4976.57 ms
[TIMING] Neighbor sorting & quantiles: 155.89 ms
[TIMING] Total compute_uq: 5193.19 ms
    [TIMING] UQ Calculation (Proximity_Method_A): 6.1396 s
[TIMING] Random Forest fit/check: 0.03 ms
[TIMING] OOB/In-bag index reconstruction: 255.95 ms
[TIMING] Leaf weights & density precomputation: 704.84 ms
[TIMING] Transfer structures to backend: 0.02 ms
[TIMING] Total fit: 960.84 ms
[TIMING] Test leaf ID extraction: 70.67 ms
[TIMING] Proximity matrix accumulation: 4975.55 ms
[TIMING] Neighbor sorting & quantiles: 42.00 ms
[TIMING] Total compute_uq: 5088.51 ms
    [TIMING] UQ Calculation (Proximity_Method_B): 6.0506 s
[TIMING] Random Forest fit/check: 0.00 ms
[TIMING] OOB/In-bag index reconstruction: 254.53 ms
[TIMING] Leaf weights & density precomputation: 700.73 ms
[TIMING] Transfer structures to backend: 0.02 ms
[TIMING] Total fit: 955.28 ms
[TIMING] Test leaf ID extraction: 60.90 ms
[TIMING] Proximity matrix accumulation: 6214.18 ms
[TIMING] Neighbor sorting & quantiles: 156.03 ms
[TIMING] Total compute_uq: 6431.53 ms
[DEBUG DENSITY] mean walked density = 64.2540, min = 61.0081, max = 67.2850
    [TIMING] UQ Calculation (Proximity_Method_C): 7.3883 s
[TIMING] Random Forest fit/check: 0.00 ms
[TIMING] OOB/In-bag index reconstruction: 244.58 ms
[TIMING] Leaf weights & density precomputation: 704.97 ms
[TIMING] Transfer structures to backend: 0.02 ms
[TIMING] Total fit: 949.57 ms
[TIMING] Test leaf ID extraction: 59.25 ms
[TIMING] Proximity matrix accumulation: 6209.32 ms
[TIMING] Neighbor sorting & quantiles: 42.35 ms
[TIMING] Total compute_uq: 6311.30 ms
[DEBUG DENSITY] mean walked density = 64.2540, min = 61.0081, max = 67.2850
    [TIMING] UQ Calculation (Proximity_Method_B_C): 7.2624 s
    [TIMING] Metrics Calculation: 0.1460 s
    [TIMING] Total Single Evaluation: 33.2240 s

  >>> Starting: Function=quadratic_8d, Seed=2
    [TIMING] Data Generation: 0.0106 s
    [TIMING] Random Forest Fitting: 2.7644 s
    [TIMING] RF Predicting: 0.0426 s
    [TIMING] Base Aleatoric: 0.0740 s
[TIMING] Random Forest fit/check: 0.00 ms
[TIMING] OOB/In-bag index reconstruction: 242.54 ms
[TIMING] Leaf weights & density precomputation: 89.81 ms
[TIMING] Transfer structures to backend: 0.02 ms
[TIMING] Total fit: 332.37 ms
[TIMING] Test leaf ID extraction: 59.06 ms
[TIMING] Proximity matrix accumulation: 1996.84 ms
[TIMING] Neighbor sorting & quantiles: 159.60 ms
[TIMING] Total compute_uq: 2215.86 ms
    [TIMING] UQ Calculation (Proximity_Baseline): 2.5485 s
[TIMING] Random Forest fit/check: 0.00 ms
[TIMING] OOB/In-bag index reconstruction: 243.76 ms
[TIMING] Leaf weights & density precomputation: 648.19 ms
[TIMING] Transfer structures to backend: 0.02 ms
[TIMING] Total fit: 891.97 ms
[TIMING] Test leaf ID extraction: 59.47 ms
[TIMING] Proximity matrix accumulation: 4976.74 ms
[TIMING] Neighbor sorting & quantiles: 155.87 ms
[TIMING] Total compute_uq: 5192.44 ms
    [TIMING] UQ Calculation (Proximity_Method_A): 6.0848 s
[TIMING] Random Forest fit/check: 0.00 ms
[TIMING] OOB/In-bag index reconstruction: 260.42 ms
[TIMING] Leaf weights & density precomputation: 652.80 ms
[TIMING] Transfer structures to backend: 0.02 ms
[TIMING] Total fit: 913.23 ms
[TIMING] Test leaf ID extraction: 58.96 ms
[TIMING] Proximity matrix accumulation: 4971.33 ms
[TIMING] Neighbor sorting & quantiles: 42.58 ms
[TIMING] Total compute_uq: 5073.23 ms
    [TIMING] UQ Calculation (Proximity_Method_B): 5.9876 s
[TIMING] Random Forest fit/check: 0.00 ms
[TIMING] OOB/In-bag index reconstruction: 242.96 ms
[TIMING] Leaf weights & density precomputation: 648.16 ms
[TIMING] Transfer structures to backend: 0.02 ms
[TIMING] Total fit: 891.14 ms
[TIMING] Test leaf ID extraction: 59.68 ms
[TIMING] Proximity matrix accumulation: 6214.23 ms
[TIMING] Neighbor sorting & quantiles: 156.00 ms
[TIMING] Total compute_uq: 6430.36 ms
[DEBUG DENSITY] mean walked density = 63.8569, min = 56.2707, max = 69.0023
    [TIMING] UQ Calculation (Proximity_Method_C): 7.3231 s
[TIMING] Random Forest fit/check: 0.00 ms
[TIMING] OOB/In-bag index reconstruction: 255.15 ms
[TIMING] Leaf weights & density precomputation: 648.23 ms
[TIMING] Transfer structures to backend: 0.02 ms
[TIMING] Total fit: 903.40 ms
[TIMING] Test leaf ID extraction: 59.11 ms
[TIMING] Proximity matrix accumulation: 6204.71 ms
[TIMING] Neighbor sorting & quantiles: 42.12 ms
[TIMING] Total compute_uq: 6306.31 ms
[DEBUG DENSITY] mean walked density = 63.8569, min = 56.2707, max = 69.0023
    [TIMING] UQ Calculation (Proximity_Method_B_C): 7.2113 s
    [TIMING] Metrics Calculation: 0.1415 s
    [TIMING] Total Single Evaluation: 32.1894 s

  >>> Starting: Function=exp_sum_8d, Seed=2
    [TIMING] Data Generation: 0.0111 s
    [TIMING] Random Forest Fitting: 3.7829 s
    [TIMING] RF Predicting: 0.2234 s
    [TIMING] Base Aleatoric: 0.2420 s
[TIMING] Random Forest fit/check: 0.00 ms
[TIMING] OOB/In-bag index reconstruction: 578.15 ms
[TIMING] Leaf weights & density precomputation: 247.47 ms
[TIMING] Transfer structures to backend: 0.02 ms
[TIMING] Total fit: 825.64 ms
[TIMING] Test leaf ID extraction: 209.25 ms
[TIMING] Proximity matrix accumulation: 2022.80 ms
[TIMING] Neighbor sorting & quantiles: 185.40 ms
[TIMING] Total compute_uq: 2417.99 ms
    [TIMING] UQ Calculation (Proximity_Baseline): 3.2439 s
[TIMING] Random Forest fit/check: 0.00 ms
[TIMING] OOB/In-bag index reconstruction: 625.15 ms
[TIMING] Leaf weights & density precomputation: 880.81 ms
[TIMING] Transfer structures to backend: 0.02 ms
[TIMING] Total fit: 1505.98 ms
[TIMING] Test leaf ID extraction: 254.01 ms
[TIMING] Proximity matrix accumulation: 4992.84 ms
[TIMING] Neighbor sorting & quantiles: 156.16 ms
[TIMING] Total compute_uq: 5403.51 ms
    [TIMING] UQ Calculation (Proximity_Method_A): 6.9100 s
[TIMING] Random Forest fit/check: 0.00 ms
[TIMING] OOB/In-bag index reconstruction: 255.94 ms
[TIMING] Leaf weights & density precomputation: 723.65 ms
[TIMING] Transfer structures to backend: 0.01 ms
[TIMING] Total fit: 979.61 ms
[TIMING] Test leaf ID extraction: 70.69 ms
[TIMING] Proximity matrix accumulation: 4979.40 ms
[TIMING] Neighbor sorting & quantiles: 42.41 ms
[TIMING] Total compute_uq: 5092.88 ms
    [TIMING] UQ Calculation (Proximity_Method_B): 6.0737 s
[TIMING] Random Forest fit/check: 0.00 ms
[TIMING] OOB/In-bag index reconstruction: 248.96 ms
[TIMING] Leaf weights & density precomputation: 672.26 ms
[TIMING] Transfer structures to backend: 0.01 ms
[TIMING] Total fit: 921.23 ms
[TIMING] Test leaf ID extraction: 59.98 ms
[TIMING] Proximity matrix accumulation: 6223.20 ms
[TIMING] Neighbor sorting & quantiles: 156.21 ms
[TIMING] Total compute_uq: 6439.79 ms
[DEBUG DENSITY] mean walked density = 64.0072, min = 59.9845, max = 69.5624
    [TIMING] UQ Calculation (Proximity_Method_C): 7.3626 s
[TIMING] Random Forest fit/check: 0.00 ms
[TIMING] OOB/In-bag index reconstruction: 244.20 ms
[TIMING] Leaf weights & density precomputation: 663.47 ms
[TIMING] Transfer structures to backend: 0.02 ms
[TIMING] Total fit: 907.69 ms
[TIMING] Test leaf ID extraction: 59.95 ms
[TIMING] Proximity matrix accumulation: 6213.38 ms
[TIMING] Neighbor sorting & quantiles: 42.63 ms
[TIMING] Total compute_uq: 6316.33 ms
[DEBUG DENSITY] mean walked density = 64.0072, min = 59.9845, max = 69.5624
    [TIMING] UQ Calculation (Proximity_Method_B_C): 7.2256 s
    [TIMING] Metrics Calculation: 0.1201 s
    [TIMING] Total Single Evaluation: 35.1960 s

  >>> Starting: Function=sin_cos_9d, Seed=2
    [TIMING] Data Generation: 0.0189 s
    [TIMING] Random Forest Fitting: 5.2725 s
    [TIMING] RF Predicting: 0.0634 s
    [TIMING] Base Aleatoric: 0.0996 s
[TIMING] Random Forest fit/check: 0.00 ms
[TIMING] OOB/In-bag index reconstruction: 331.49 ms
[TIMING] Leaf weights & density precomputation: 95.33 ms
[TIMING] Transfer structures to backend: 0.02 ms
[TIMING] Total fit: 426.84 ms
[TIMING] Test leaf ID extraction: 69.26 ms
[TIMING] Proximity matrix accumulation: 2526.00 ms
[TIMING] Neighbor sorting & quantiles: 209.73 ms
[TIMING] Total compute_uq: 2805.37 ms
    [TIMING] UQ Calculation (Proximity_Baseline): 3.2325 s
[TIMING] Random Forest fit/check: 0.00 ms
[TIMING] OOB/In-bag index reconstruction: 327.07 ms
[TIMING] Leaf weights & density precomputation: 784.62 ms
[TIMING] Transfer structures to backend: 0.02 ms
[TIMING] Total fit: 1111.70 ms
[TIMING] Test leaf ID extraction: 69.13 ms
[TIMING] Proximity matrix accumulation: 6312.55 ms
[TIMING] Neighbor sorting & quantiles: 206.73 ms
[TIMING] Total compute_uq: 6588.78 ms
    [TIMING] UQ Calculation (Proximity_Method_A): 7.7009 s
[TIMING] Random Forest fit/check: 0.00 ms
[TIMING] OOB/In-bag index reconstruction: 325.86 ms
[TIMING] Leaf weights & density precomputation: 788.33 ms
[TIMING] Transfer structures to backend: 0.02 ms
[TIMING] Total fit: 1114.21 ms
[TIMING] Test leaf ID extraction: 67.59 ms
[TIMING] Proximity matrix accumulation: 6417.28 ms
[TIMING] Neighbor sorting & quantiles: 54.54 ms
[TIMING] Total compute_uq: 6539.82 ms
    [TIMING] UQ Calculation (Proximity_Method_B): 7.6550 s
[TIMING] Random Forest fit/check: 0.00 ms
[TIMING] OOB/In-bag index reconstruction: 1147.54 ms
[TIMING] Leaf weights & density precomputation: 1172.24 ms
[TIMING] Transfer structures to backend: 0.02 ms
[TIMING] Total fit: 2319.80 ms
[TIMING] Test leaf ID extraction: 282.78 ms
[TIMING] Proximity matrix accumulation: 7871.76 ms
[TIMING] Neighbor sorting & quantiles: 207.75 ms
[TIMING] Total compute_uq: 8362.86 ms
[DEBUG DENSITY] mean walked density = 64.4280, min = 61.3683, max = 67.9983
    [TIMING] UQ Calculation (Proximity_Method_C): 10.6847 s
[TIMING] Random Forest fit/check: 0.00 ms
[TIMING] OOB/In-bag index reconstruction: 369.72 ms
[TIMING] Leaf weights & density precomputation: 809.64 ms
[TIMING] Transfer structures to backend: 0.02 ms
[TIMING] Total fit: 1179.39 ms
[TIMING] Test leaf ID extraction: 78.41 ms
[TIMING] Proximity matrix accumulation: 7870.56 ms
[TIMING] Neighbor sorting & quantiles: 80.73 ms
[TIMING] Total compute_uq: 8030.16 ms
[DEBUG DENSITY] mean walked density = 64.4280, min = 61.3683, max = 67.9983
    [TIMING] UQ Calculation (Proximity_Method_B_C): 9.2115 s
    [TIMING] Metrics Calculation: 3.9798 s
    [TIMING] Total Single Evaluation: 47.9194 s

  >>> Starting: Function=quadratic_9d, Seed=2
    [TIMING] Data Generation: 0.0195 s
    [TIMING] Random Forest Fitting: 3.7930 s
    [TIMING] RF Predicting: 0.0537 s
    [TIMING] Base Aleatoric: 0.1011 s
[TIMING] Random Forest fit/check: 0.00 ms
[TIMING] OOB/In-bag index reconstruction: 442.01 ms
[TIMING] Leaf weights & density precomputation: 108.38 ms
[TIMING] Transfer structures to backend: 0.02 ms
[TIMING] Total fit: 550.41 ms
[TIMING] Test leaf ID extraction: 58.62 ms
[TIMING] Proximity matrix accumulation: 2526.12 ms
[TIMING] Neighbor sorting & quantiles: 212.60 ms
[TIMING] Total compute_uq: 2797.81 ms
    [TIMING] UQ Calculation (Proximity_Baseline): 3.3486 s
[TIMING] Random Forest fit/check: 0.00 ms
[TIMING] OOB/In-bag index reconstruction: 328.94 ms
[TIMING] Leaf weights & density precomputation: 718.17 ms
[TIMING] Transfer structures to backend: 0.02 ms
[TIMING] Total fit: 1047.13 ms
[TIMING] Test leaf ID extraction: 57.80 ms
[TIMING] Proximity matrix accumulation: 6310.45 ms
[TIMING] Neighbor sorting & quantiles: 207.65 ms
[TIMING] Total compute_uq: 6576.43 ms
    [TIMING] UQ Calculation (Proximity_Method_A): 7.6241 s
[TIMING] Random Forest fit/check: 0.00 ms
[TIMING] OOB/In-bag index reconstruction: 328.49 ms
[TIMING] Leaf weights & density precomputation: 717.47 ms
[TIMING] Transfer structures to backend: 0.02 ms
[TIMING] Total fit: 1045.99 ms
[TIMING] Test leaf ID extraction: 69.56 ms
[TIMING] Proximity matrix accumulation: 6302.27 ms
[TIMING] Neighbor sorting & quantiles: 52.21 ms
[TIMING] Total compute_uq: 6424.45 ms
    [TIMING] UQ Calculation (Proximity_Method_B): 7.4717 s
[TIMING] Random Forest fit/check: 0.00 ms
[TIMING] OOB/In-bag index reconstruction: 330.01 ms
[TIMING] Leaf weights & density precomputation: 720.11 ms
[TIMING] Transfer structures to backend: 0.02 ms
[TIMING] Total fit: 1050.13 ms
[TIMING] Test leaf ID extraction: 58.79 ms
[TIMING] Proximity matrix accumulation: 7854.84 ms
[TIMING] Neighbor sorting & quantiles: 207.45 ms
[TIMING] Total compute_uq: 8121.54 ms
[DEBUG DENSITY] mean walked density = 63.8621, min = 56.7070, max = 67.9086
    [TIMING] UQ Calculation (Proximity_Method_C): 9.1732 s
[TIMING] Random Forest fit/check: 0.00 ms
[TIMING] OOB/In-bag index reconstruction: 338.46 ms
[TIMING] Leaf weights & density precomputation: 720.39 ms
[TIMING] Transfer structures to backend: 0.02 ms
[TIMING] Total fit: 1058.87 ms
[TIMING] Test leaf ID extraction: 59.33 ms
[TIMING] Proximity matrix accumulation: 7860.33 ms
[TIMING] Neighbor sorting & quantiles: 52.44 ms
[TIMING] Total compute_uq: 7972.50 ms
[DEBUG DENSITY] mean walked density = 63.8621, min = 56.7070, max = 67.9086
    [TIMING] UQ Calculation (Proximity_Method_B_C): 9.0331 s
    [TIMING] Metrics Calculation: 0.1540 s
    [TIMING] Total Single Evaluation: 40.7725 s

  >>> Starting: Function=multi_modal_9d, Seed=2
    [TIMING] Data Generation: 0.0174 s
    [TIMING] Random Forest Fitting: 4.3276 s
    [TIMING] RF Predicting: 0.0633 s
    [TIMING] Base Aleatoric: 0.0882 s
[TIMING] Random Forest fit/check: 0.00 ms
[TIMING] OOB/In-bag index reconstruction: 329.87 ms
[TIMING] Leaf weights & density precomputation: 96.06 ms
[TIMING] Transfer structures to backend: 0.02 ms
[TIMING] Total fit: 425.96 ms
[TIMING] Test leaf ID extraction: 68.60 ms
[TIMING] Proximity matrix accumulation: 2524.76 ms
[TIMING] Neighbor sorting & quantiles: 211.57 ms
[TIMING] Total compute_uq: 2805.34 ms
    [TIMING] UQ Calculation (Proximity_Baseline): 3.2315 s
[TIMING] Random Forest fit/check: 0.00 ms
[TIMING] OOB/In-bag index reconstruction: 326.27 ms
[TIMING] Leaf weights & density precomputation: 753.30 ms
[TIMING] Transfer structures to backend: 0.02 ms
[TIMING] Total fit: 1079.59 ms
[TIMING] Test leaf ID extraction: 69.57 ms
[TIMING] Proximity matrix accumulation: 6319.87 ms
[TIMING] Neighbor sorting & quantiles: 207.06 ms
[TIMING] Total compute_uq: 6596.96 ms
    [TIMING] UQ Calculation (Proximity_Method_A): 7.6770 s
[TIMING] Random Forest fit/check: 0.00 ms
[TIMING] OOB/In-bag index reconstruction: 328.66 ms
[TIMING] Leaf weights & density precomputation: 750.85 ms
[TIMING] Transfer structures to backend: 0.02 ms
[TIMING] Total fit: 1079.53 ms
[TIMING] Test leaf ID extraction: 68.89 ms
[TIMING] Proximity matrix accumulation: 6312.73 ms
[TIMING] Neighbor sorting & quantiles: 52.33 ms
[TIMING] Total compute_uq: 6434.35 ms
    [TIMING] UQ Calculation (Proximity_Method_B): 7.5151 s
[TIMING] Random Forest fit/check: 0.00 ms
[TIMING] OOB/In-bag index reconstruction: 327.13 ms
[TIMING] Leaf weights & density precomputation: 747.17 ms
[TIMING] Transfer structures to backend: 0.02 ms
[TIMING] Total fit: 1074.32 ms
[TIMING] Test leaf ID extraction: 69.75 ms
[TIMING] Proximity matrix accumulation: 7865.90 ms
[TIMING] Neighbor sorting & quantiles: 206.73 ms
[TIMING] Total compute_uq: 8142.78 ms
[DEBUG DENSITY] mean walked density = 64.5630, min = 59.8612, max = 68.9772
    [TIMING] UQ Calculation (Proximity_Method_C): 9.2186 s
[TIMING] Random Forest fit/check: 0.00 ms
[TIMING] OOB/In-bag index reconstruction: 325.80 ms
[TIMING] Leaf weights & density precomputation: 748.89 ms
[TIMING] Transfer structures to backend: 0.02 ms
[TIMING] Total fit: 1074.71 ms
[TIMING] Test leaf ID extraction: 69.32 ms
[TIMING] Proximity matrix accumulation: 7865.23 ms
[TIMING] Neighbor sorting & quantiles: 52.34 ms
[TIMING] Total compute_uq: 7987.31 ms
[DEBUG DENSITY] mean walked density = 64.5630, min = 59.8612, max = 68.9772
    [TIMING] UQ Calculation (Proximity_Method_B_C): 9.0635 s
    [TIMING] Metrics Calculation: 0.1711 s
    [TIMING] Total Single Evaluation: 41.3740 s

  >>> Starting: Function=sin_cos_10d, Seed=2
    [TIMING] Data Generation: 0.0199 s
    [TIMING] Random Forest Fitting: 6.3429 s
    [TIMING] RF Predicting: 0.0740 s
    [TIMING] Base Aleatoric: 0.1015 s
[TIMING] Random Forest fit/check: 0.00 ms
[TIMING] OOB/In-bag index reconstruction: 338.73 ms
[TIMING] Leaf weights & density precomputation: 102.87 ms
[TIMING] Transfer structures to backend: 0.02 ms
[TIMING] Total fit: 441.62 ms
[TIMING] Test leaf ID extraction: 79.37 ms
[TIMING] Proximity matrix accumulation: 3140.51 ms
[TIMING] Neighbor sorting & quantiles: 258.28 ms
[TIMING] Total compute_uq: 3478.61 ms
    [TIMING] UQ Calculation (Proximity_Baseline): 3.9206 s
[TIMING] Random Forest fit/check: 0.00 ms
[TIMING] OOB/In-bag index reconstruction: 340.93 ms
[TIMING] Leaf weights & density precomputation: 863.41 ms
[TIMING] Transfer structures to backend: 0.02 ms
[TIMING] Total fit: 1204.36 ms
[TIMING] Test leaf ID extraction: 79.59 ms
[TIMING] Proximity matrix accumulation: 7784.28 ms
[TIMING] Neighbor sorting & quantiles: 254.77 ms
[TIMING] Total compute_uq: 8119.08 ms
    [TIMING] UQ Calculation (Proximity_Method_A): 9.3240 s
[TIMING] Random Forest fit/check: 0.00 ms
[TIMING] OOB/In-bag index reconstruction: 340.50 ms
[TIMING] Leaf weights & density precomputation: 872.02 ms
[TIMING] Transfer structures to backend: 0.02 ms
[TIMING] Total fit: 1212.54 ms
[TIMING] Test leaf ID extraction: 78.84 ms
[TIMING] Proximity matrix accumulation: 7790.72 ms
[TIMING] Neighbor sorting & quantiles: 62.45 ms
[TIMING] Total compute_uq: 7932.42 ms
    [TIMING] UQ Calculation (Proximity_Method_B): 9.1462 s
[TIMING] Random Forest fit/check: 0.00 ms
[TIMING] OOB/In-bag index reconstruction: 336.30 ms
[TIMING] Leaf weights & density precomputation: 861.08 ms
[TIMING] Transfer structures to backend: 0.04 ms
[TIMING] Total fit: 1197.41 ms
[TIMING] Test leaf ID extraction: 81.17 ms
[TIMING] Proximity matrix accumulation: 9683.45 ms
[TIMING] Neighbor sorting & quantiles: 254.45 ms
[TIMING] Total compute_uq: 10019.54 ms
[DEBUG DENSITY] mean walked density = 64.4673, min = 61.2016, max = 68.2216
    [TIMING] UQ Calculation (Proximity_Method_C): 11.2187 s
[TIMING] Random Forest fit/check: 0.00 ms
[TIMING] OOB/In-bag index reconstruction: 341.54 ms
[TIMING] Leaf weights & density precomputation: 866.35 ms
[TIMING] Transfer structures to backend: 0.02 ms
[TIMING] Total fit: 1207.91 ms
[TIMING] Test leaf ID extraction: 80.01 ms
[TIMING] Proximity matrix accumulation: 9687.63 ms
[TIMING] Neighbor sorting & quantiles: 64.47 ms
[TIMING] Total compute_uq: 9832.59 ms
[DEBUG DENSITY] mean walked density = 64.4673, min = 61.2016, max = 68.2216
    [TIMING] UQ Calculation (Proximity_Method_B_C): 11.0422 s
    [TIMING] Metrics Calculation: 0.2614 s
    [TIMING] Total Single Evaluation: 51.4522 s

  >>> Starting: Function=quadratic_10d, Seed=2
    [TIMING] Data Generation: 0.0225 s
    [TIMING] Random Forest Fitting: 4.4883 s
    [TIMING] RF Predicting: 0.0628 s
    [TIMING] Base Aleatoric: 0.1005 s
[TIMING] Random Forest fit/check: 0.00 ms
[TIMING] OOB/In-bag index reconstruction: 342.87 ms
[TIMING] Leaf weights & density precomputation: 103.84 ms
[TIMING] Transfer structures to backend: 0.02 ms
[TIMING] Total fit: 446.73 ms
[TIMING] Test leaf ID extraction: 68.96 ms
[TIMING] Proximity matrix accumulation: 3140.12 ms
[TIMING] Neighbor sorting & quantiles: 262.04 ms
[TIMING] Total compute_uq: 3471.67 ms
    [TIMING] UQ Calculation (Proximity_Baseline): 3.9186 s
[TIMING] Random Forest fit/check: 0.00 ms
[TIMING] OOB/In-bag index reconstruction: 329.83 ms
[TIMING] Leaf weights & density precomputation: 781.24 ms
[TIMING] Transfer structures to backend: 0.02 ms
[TIMING] Total fit: 1111.10 ms
[TIMING] Test leaf ID extraction: 69.16 ms
[TIMING] Proximity matrix accumulation: 7775.72 ms
[TIMING] Neighbor sorting & quantiles: 255.34 ms
[TIMING] Total compute_uq: 8100.69 ms
    [TIMING] UQ Calculation (Proximity_Method_A): 9.2123 s
[TIMING] Random Forest fit/check: 0.00 ms
[TIMING] OOB/In-bag index reconstruction: 332.42 ms
[TIMING] Leaf weights & density precomputation: 799.68 ms
[TIMING] Transfer structures to backend: 0.02 ms
[TIMING] Total fit: 1132.12 ms
[TIMING] Test leaf ID extraction: 70.51 ms
[TIMING] Proximity matrix accumulation: 7784.36 ms
[TIMING] Neighbor sorting & quantiles: 63.57 ms
[TIMING] Total compute_uq: 7918.93 ms
    [TIMING] UQ Calculation (Proximity_Method_B): 9.0523 s
[TIMING] Random Forest fit/check: 0.00 ms
[TIMING] OOB/In-bag index reconstruction: 341.61 ms
[TIMING] Leaf weights & density precomputation: 771.51 ms
[TIMING] Transfer structures to backend: 0.02 ms
[TIMING] Total fit: 1113.14 ms
[TIMING] Test leaf ID extraction: 69.24 ms
[TIMING] Proximity matrix accumulation: 9669.77 ms
[TIMING] Neighbor sorting & quantiles: 254.67 ms
[TIMING] Total compute_uq: 9994.13 ms
[DEBUG DENSITY] mean walked density = 64.0348, min = 58.0679, max = 68.7839
    [TIMING] UQ Calculation (Proximity_Method_C): 11.1090 s
[TIMING] Random Forest fit/check: 0.00 ms
[TIMING] OOB/In-bag index reconstruction: 330.37 ms
[TIMING] Leaf weights & density precomputation: 780.31 ms
[TIMING] Transfer structures to backend: 0.01 ms
[TIMING] Total fit: 1110.69 ms
[TIMING] Test leaf ID extraction: 69.28 ms
[TIMING] Proximity matrix accumulation: 9683.60 ms
[TIMING] Neighbor sorting & quantiles: 63.11 ms
[TIMING] Total compute_uq: 9816.44 ms
[DEBUG DENSITY] mean walked density = 64.0348, min = 58.0679, max = 68.7839
    [TIMING] UQ Calculation (Proximity_Method_B_C): 10.9289 s
    [TIMING] Metrics Calculation: 0.1564 s
    [TIMING] Total Single Evaluation: 49.0523 s

  >>> Starting: Function=friedman_10d, Seed=2
    [TIMING] Data Generation: 0.0165 s
    [TIMING] Random Forest Fitting: 3.8305 s
    [TIMING] RF Predicting: 0.0632 s
    [TIMING] Base Aleatoric: 0.1014 s
[TIMING] Random Forest fit/check: 0.00 ms
[TIMING] OOB/In-bag index reconstruction: 339.88 ms
[TIMING] Leaf weights & density precomputation: 103.44 ms
[TIMING] Transfer structures to backend: 0.02 ms
[TIMING] Total fit: 443.34 ms
[TIMING] Test leaf ID extraction: 80.19 ms
[TIMING] Proximity matrix accumulation: 3138.74 ms
[TIMING] Neighbor sorting & quantiles: 261.12 ms
[TIMING] Total compute_uq: 3480.44 ms
    [TIMING] UQ Calculation (Proximity_Baseline): 3.9240 s
[TIMING] Random Forest fit/check: 0.00 ms
[TIMING] OOB/In-bag index reconstruction: 329.94 ms
[TIMING] Leaf weights & density precomputation: 740.81 ms
[TIMING] Transfer structures to backend: 0.02 ms
[TIMING] Total fit: 1070.76 ms
[TIMING] Test leaf ID extraction: 79.72 ms
[TIMING] Proximity matrix accumulation: 7790.11 ms
[TIMING] Neighbor sorting & quantiles: 254.40 ms
[TIMING] Total compute_uq: 8124.62 ms
    [TIMING] UQ Calculation (Proximity_Method_A): 9.1957 s
[TIMING] Random Forest fit/check: 0.00 ms
[TIMING] OOB/In-bag index reconstruction: 338.69 ms
[TIMING] Leaf weights & density precomputation: 734.76 ms
[TIMING] Transfer structures to backend: 0.02 ms
[TIMING] Total fit: 1073.46 ms
[TIMING] Test leaf ID extraction: 68.66 ms
[TIMING] Proximity matrix accumulation: 7799.71 ms
[TIMING] Neighbor sorting & quantiles: 62.32 ms
[TIMING] Total compute_uq: 7931.14 ms
    [TIMING] UQ Calculation (Proximity_Method_B): 9.0057 s
[TIMING] Random Forest fit/check: 0.00 ms
[TIMING] OOB/In-bag index reconstruction: 339.58 ms
[TIMING] Leaf weights & density precomputation: 735.39 ms
[TIMING] Transfer structures to backend: 0.02 ms
[TIMING] Total fit: 1074.99 ms
[TIMING] Test leaf ID extraction: 78.89 ms
[TIMING] Proximity matrix accumulation: 9685.47 ms
[TIMING] Neighbor sorting & quantiles: 254.46 ms
[TIMING] Total compute_uq: 10019.32 ms
[DEBUG DENSITY] mean walked density = 64.4727, min = 56.9641, max = 69.0023
    [TIMING] UQ Calculation (Proximity_Method_C): 11.0959 s
[TIMING] Random Forest fit/check: 0.00 ms
[TIMING] OOB/In-bag index reconstruction: 340.27 ms
[TIMING] Leaf weights & density precomputation: 734.37 ms
[TIMING] Transfer structures to backend: 0.02 ms
[TIMING] Total fit: 1074.66 ms
[TIMING] Test leaf ID extraction: 79.25 ms
[TIMING] Proximity matrix accumulation: 9700.47 ms
[TIMING] Neighbor sorting & quantiles: 62.50 ms
[TIMING] Total compute_uq: 9842.66 ms
[DEBUG DENSITY] mean walked density = 64.4727, min = 56.9641, max = 69.0023
    [TIMING] UQ Calculation (Proximity_Method_B_C): 10.9189 s
    [TIMING] Metrics Calculation: 0.1718 s
    [TIMING] Total Single Evaluation: 48.3243 s

  >>> Starting: Function=sin_cos_11d, Seed=2
    [TIMING] Data Generation: 0.0237 s
    [TIMING] Random Forest Fitting: 8.3373 s
    [TIMING] RF Predicting: 0.0733 s
    [TIMING] Base Aleatoric: 0.1131 s
[TIMING] Random Forest fit/check: 0.00 ms
[TIMING] OOB/In-bag index reconstruction: 348.24 ms
[TIMING] Leaf weights & density precomputation: 105.33 ms
[TIMING] Transfer structures to backend: 0.02 ms
[TIMING] Total fit: 453.59 ms
[TIMING] Test leaf ID extraction: 89.30 ms
[TIMING] Proximity matrix accumulation: 3808.70 ms
[TIMING] Neighbor sorting & quantiles: 311.68 ms
[TIMING] Total compute_uq: 4210.16 ms
    [TIMING] UQ Calculation (Proximity_Baseline): 4.6641 s
[TIMING] Random Forest fit/check: 0.00 ms
[TIMING] OOB/In-bag index reconstruction: 351.24 ms
[TIMING] Leaf weights & density precomputation: 960.81 ms
[TIMING] Transfer structures to backend: 0.02 ms
[TIMING] Total fit: 1312.07 ms
[TIMING] Test leaf ID extraction: 90.01 ms
[TIMING] Proximity matrix accumulation: 9431.15 ms
[TIMING] Neighbor sorting & quantiles: 306.77 ms
[TIMING] Total compute_uq: 9828.39 ms
    [TIMING] UQ Calculation (Proximity_Method_A): 11.1410 s
[TIMING] Random Forest fit/check: 0.00 ms
[TIMING] OOB/In-bag index reconstruction: 349.99 ms
[TIMING] Leaf weights & density precomputation: 964.86 ms
[TIMING] Transfer structures to backend: 0.01 ms
[TIMING] Total fit: 1314.87 ms
[TIMING] Test leaf ID extraction: 88.77 ms
[TIMING] Proximity matrix accumulation: 9415.49 ms
[TIMING] Neighbor sorting & quantiles: 74.52 ms
[TIMING] Total compute_uq: 9579.23 ms
    [TIMING] UQ Calculation (Proximity_Method_B): 10.8952 s
[TIMING] Random Forest fit/check: 0.00 ms
[TIMING] OOB/In-bag index reconstruction: 350.54 ms
[TIMING] Leaf weights & density precomputation: 968.99 ms
[TIMING] Transfer structures to backend: 0.02 ms
[TIMING] Total fit: 1319.55 ms
[TIMING] Test leaf ID extraction: 91.28 ms
[TIMING] Proximity matrix accumulation: 11707.23 ms
[TIMING] Neighbor sorting & quantiles: 306.86 ms
[TIMING] Total compute_uq: 12106.04 ms
[DEBUG DENSITY] mean walked density = 64.3353, min = 58.7973, max = 70.2746
    [TIMING] UQ Calculation (Proximity_Method_C): 13.4272 s
[TIMING] Random Forest fit/check: 0.00 ms
[TIMING] OOB/In-bag index reconstruction: 352.29 ms
[TIMING] Leaf weights & density precomputation: 972.80 ms
[TIMING] Transfer structures to backend: 0.02 ms
[TIMING] Total fit: 1325.11 ms
[TIMING] Test leaf ID extraction: 90.27 ms
[TIMING] Proximity matrix accumulation: 11743.25 ms
[TIMING] Neighbor sorting & quantiles: 88.03 ms
[TIMING] Total compute_uq: 11921.99 ms
[DEBUG DENSITY] mean walked density = 64.3353, min = 58.7973, max = 70.2746
    [TIMING] UQ Calculation (Proximity_Method_B_C): 13.2487 s
    [TIMING] Metrics Calculation: 3.9475 s
    [TIMING] Total Single Evaluation: 65.8718 s

  >>> Starting: Function=sin_cos_12d, Seed=2
    [TIMING] Data Generation: 0.1256 s
    [TIMING] Random Forest Fitting: 13.0624 s
    [TIMING] RF Predicting: 0.0843 s
    [TIMING] Base Aleatoric: 0.1181 s
[TIMING] Random Forest fit/check: 0.00 ms
[TIMING] OOB/In-bag index reconstruction: 369.23 ms
[TIMING] Leaf weights & density precomputation: 123.93 ms
[TIMING] Transfer structures to backend: 0.03 ms
[TIMING] Total fit: 493.20 ms
[TIMING] Test leaf ID extraction: 91.70 ms
[TIMING] Proximity matrix accumulation: 4547.87 ms
[TIMING] Neighbor sorting & quantiles: 370.55 ms
[TIMING] Total compute_uq: 5010.61 ms
    [TIMING] UQ Calculation (Proximity_Baseline): 5.5041 s
[TIMING] Random Forest fit/check: 0.00 ms
[TIMING] OOB/In-bag index reconstruction: 350.98 ms
[TIMING] Leaf weights & density precomputation: 1048.18 ms
[TIMING] Transfer structures to backend: 0.02 ms
[TIMING] Total fit: 1399.18 ms
[TIMING] Test leaf ID extraction: 91.43 ms
[TIMING] Proximity matrix accumulation: 11195.10 ms
[TIMING] Neighbor sorting & quantiles: 364.44 ms
[TIMING] Total compute_uq: 11651.51 ms
    [TIMING] UQ Calculation (Proximity_Method_A): 13.0511 s
[TIMING] Random Forest fit/check: 0.00 ms
[TIMING] OOB/In-bag index reconstruction: 367.98 ms
[TIMING] Leaf weights & density precomputation: 1057.93 ms
[TIMING] Transfer structures to backend: 0.02 ms
[TIMING] Total fit: 1425.92 ms
[TIMING] Test leaf ID extraction: 91.71 ms
[TIMING] Proximity matrix accumulation: 11196.91 ms
[TIMING] Neighbor sorting & quantiles: 87.35 ms
[TIMING] Total compute_uq: 11376.47 ms
    [TIMING] UQ Calculation (Proximity_Method_B): 12.8037 s
[TIMING] Random Forest fit/check: 0.00 ms
[TIMING] OOB/In-bag index reconstruction: 366.25 ms
[TIMING] Leaf weights & density precomputation: 1066.85 ms
[TIMING] Transfer structures to backend: 0.02 ms
[TIMING] Total fit: 1433.12 ms
[TIMING] Test leaf ID extraction: 90.78 ms
[TIMING] Proximity matrix accumulation: 13900.66 ms
[TIMING] Neighbor sorting & quantiles: 364.80 ms
[TIMING] Total compute_uq: 14356.82 ms
[DEBUG DENSITY] mean walked density = 64.4882, min = 61.0278, max = 68.0083
    [TIMING] UQ Calculation (Proximity_Method_C): 15.7916 s
[TIMING] Random Forest fit/check: 0.03 ms
[TIMING] OOB/In-bag index reconstruction: 363.61 ms
[TIMING] Leaf weights & density precomputation: 1115.35 ms
[TIMING] Transfer structures to backend: 0.02 ms
[TIMING] Total fit: 1479.01 ms
[TIMING] Test leaf ID extraction: 90.27 ms
[TIMING] Proximity matrix accumulation: 13907.69 ms
[TIMING] Neighbor sorting & quantiles: 87.11 ms
[TIMING] Total compute_uq: 14085.54 ms
[DEBUG DENSITY] mean walked density = 64.4882, min = 61.0278, max = 68.0083
    [TIMING] UQ Calculation (Proximity_Method_B_C): 15.5661 s
    [TIMING] Metrics Calculation: 0.2477 s
    [TIMING] Total Single Evaluation: 76.3556 s

  >>> Starting: Function=sin_cos_13d, Seed=2
    [TIMING] Data Generation: 0.0451 s
    [TIMING] Random Forest Fitting: 10.8442 s
    [TIMING] RF Predicting: 0.0831 s
    [TIMING] Base Aleatoric: 0.1173 s
[TIMING] Random Forest fit/check: 0.00 ms
[TIMING] OOB/In-bag index reconstruction: 363.65 ms
[TIMING] Leaf weights & density precomputation: 115.58 ms
[TIMING] Transfer structures to backend: 0.02 ms
[TIMING] Total fit: 479.25 ms
[TIMING] Test leaf ID extraction: 89.51 ms
[TIMING] Proximity matrix accumulation: 5397.63 ms
[TIMING] Neighbor sorting & quantiles: 433.79 ms
[TIMING] Total compute_uq: 5921.40 ms
    [TIMING] UQ Calculation (Proximity_Baseline): 6.4009 s
[TIMING] Random Forest fit/check: 0.00 ms
[TIMING] OOB/In-bag index reconstruction: 360.28 ms
[TIMING] Leaf weights & density precomputation: 1089.35 ms
[TIMING] Transfer structures to backend: 0.02 ms
[TIMING] Total fit: 1449.65 ms
[TIMING] Test leaf ID extraction: 91.11 ms
[TIMING] Proximity matrix accumulation: 13105.57 ms
[TIMING] Neighbor sorting & quantiles: 426.81 ms
[TIMING] Total compute_uq: 13624.01 ms
    [TIMING] UQ Calculation (Proximity_Method_A): 15.0741 s
[TIMING] Random Forest fit/check: 0.00 ms
[TIMING] OOB/In-bag index reconstruction: 366.58 ms
[TIMING] Leaf weights & density precomputation: 1090.58 ms
[TIMING] Transfer structures to backend: 0.02 ms
[TIMING] Total fit: 1457.17 ms
[TIMING] Test leaf ID extraction: 90.01 ms
[TIMING] Proximity matrix accumulation: 13134.68 ms
[TIMING] Neighbor sorting & quantiles: 101.22 ms
[TIMING] Total compute_uq: 13326.38 ms
    [TIMING] UQ Calculation (Proximity_Method_B): 14.7850 s
[TIMING] Random Forest fit/check: 0.00 ms
[TIMING] OOB/In-bag index reconstruction: 363.31 ms
[TIMING] Leaf weights & density precomputation: 1088.83 ms
[TIMING] Transfer structures to backend: 0.02 ms
[TIMING] Total fit: 1452.16 ms
[TIMING] Test leaf ID extraction: 101.33 ms
[TIMING] Proximity matrix accumulation: 16270.63 ms
[TIMING] Neighbor sorting & quantiles: 426.98 ms
[TIMING] Total compute_uq: 16799.45 ms
[DEBUG DENSITY] mean walked density = 64.5275, min = 61.3115, max = 68.1183
    [TIMING] UQ Calculation (Proximity_Method_C): 18.2532 s
[TIMING] Random Forest fit/check: 0.00 ms
[TIMING] OOB/In-bag index reconstruction: 364.47 ms
[TIMING] Leaf weights & density precomputation: 1092.38 ms
[TIMING] Transfer structures to backend: 0.02 ms
[TIMING] Total fit: 1456.87 ms
[TIMING] Test leaf ID extraction: 101.32 ms
[TIMING] Proximity matrix accumulation: 16317.30 ms
[TIMING] Neighbor sorting & quantiles: 101.06 ms
[TIMING] Total compute_uq: 16520.19 ms
[DEBUG DENSITY] mean walked density = 64.5275, min = 61.3115, max = 68.1183
    [TIMING] UQ Calculation (Proximity_Method_B_C): 17.9787 s
    [TIMING] Metrics Calculation: 6.3716 s
    [TIMING] Total Single Evaluation: 89.9539 s

  >>> Starting: Function=sin_cos_14d, Seed=2
    [TIMING] Data Generation: 0.0497 s
    [TIMING] Random Forest Fitting: 12.9264 s
    [TIMING] RF Predicting: 0.0935 s
    [TIMING] Base Aleatoric: 0.1269 s
[TIMING] Random Forest fit/check: 0.00 ms
[TIMING] OOB/In-bag index reconstruction: 366.16 ms
[TIMING] Leaf weights & density precomputation: 119.81 ms
[TIMING] Transfer structures to backend: 0.02 ms
[TIMING] Total fit: 485.99 ms
[TIMING] Test leaf ID extraction: 102.25 ms
[TIMING] Proximity matrix accumulation: 6279.01 ms
[TIMING] Neighbor sorting & quantiles: 501.99 ms
[TIMING] Total compute_uq: 6883.84 ms
    [TIMING] UQ Calculation (Proximity_Baseline): 7.3707 s
[TIMING] Random Forest fit/check: 0.00 ms
[TIMING] OOB/In-bag index reconstruction: 363.98 ms
[TIMING] Leaf weights & density precomputation: 1214.34 ms
[TIMING] Transfer structures to backend: 0.02 ms
[TIMING] Total fit: 1578.33 ms
[TIMING] Test leaf ID extraction: 102.76 ms
[TIMING] Proximity matrix accumulation: 15192.19 ms
[TIMING] Neighbor sorting & quantiles: 494.44 ms
[TIMING] Total compute_uq: 15789.93 ms
    [TIMING] UQ Calculation (Proximity_Method_A): 17.3690 s
[TIMING] Random Forest fit/check: 0.00 ms
[TIMING] OOB/In-bag index reconstruction: 375.68 ms
[TIMING] Leaf weights & density precomputation: 1179.38 ms
[TIMING] Transfer structures to backend: 0.02 ms
[TIMING] Total fit: 1555.08 ms
[TIMING] Test leaf ID extraction: 101.99 ms
[TIMING] Proximity matrix accumulation: 15205.41 ms
[TIMING] Neighbor sorting & quantiles: 115.77 ms
[TIMING] Total compute_uq: 15423.71 ms
    [TIMING] UQ Calculation (Proximity_Method_B): 16.9804 s
[TIMING] Random Forest fit/check: 0.00 ms
[TIMING] OOB/In-bag index reconstruction: 376.51 ms
[TIMING] Leaf weights & density precomputation: 1179.49 ms
[TIMING] Transfer structures to backend: 0.02 ms
[TIMING] Total fit: 1556.01 ms
[TIMING] Test leaf ID extraction: 102.19 ms
[TIMING] Proximity matrix accumulation: 18858.74 ms
[TIMING] Neighbor sorting & quantiles: 494.61 ms
[TIMING] Total compute_uq: 19456.17 ms
[DEBUG DENSITY] mean walked density = 64.5232, min = 61.2884, max = 67.9218
    [TIMING] UQ Calculation (Proximity_Method_C): 21.0141 s
[TIMING] Random Forest fit/check: 0.00 ms
[TIMING] OOB/In-bag index reconstruction: 374.59 ms
[TIMING] Leaf weights & density precomputation: 1181.62 ms
[TIMING] Transfer structures to backend: 0.02 ms
[TIMING] Total fit: 1556.23 ms
[TIMING] Test leaf ID extraction: 102.14 ms
[TIMING] Proximity matrix accumulation: 18874.11 ms
[TIMING] Neighbor sorting & quantiles: 115.29 ms
[TIMING] Total compute_uq: 19092.07 ms
[DEBUG DENSITY] mean walked density = 64.5232, min = 61.2884, max = 67.9218
    [TIMING] UQ Calculation (Proximity_Method_B_C): 20.6505 s
    [TIMING] Metrics Calculation: 6.5261 s
    [TIMING] Total Single Evaluation: 103.1082 s

  >>> Starting: Function=sin_cos_15d, Seed=2
    [TIMING] Data Generation: 0.0589 s
    [TIMING] Random Forest Fitting: 14.9209 s
    [TIMING] RF Predicting: 0.0937 s
    [TIMING] Base Aleatoric: 0.1408 s
[TIMING] Random Forest fit/check: 0.00 ms
[TIMING] OOB/In-bag index reconstruction: 390.41 ms
[TIMING] Leaf weights & density precomputation: 127.45 ms
[TIMING] Transfer structures to backend: 0.02 ms
[TIMING] Total fit: 517.88 ms
[TIMING] Test leaf ID extraction: 113.96 ms
[TIMING] Proximity matrix accumulation: 7211.21 ms
[TIMING] Neighbor sorting & quantiles: 576.17 ms
[TIMING] Total compute_uq: 7901.94 ms
    [TIMING] UQ Calculation (Proximity_Baseline): 8.4205 s
[TIMING] Random Forest fit/check: 0.00 ms
[TIMING] OOB/In-bag index reconstruction: 380.53 ms
[TIMING] Leaf weights & density precomputation: 1241.11 ms
[TIMING] Transfer structures to backend: 0.02 ms
[TIMING] Total fit: 1621.66 ms
[TIMING] Test leaf ID extraction: 113.77 ms
[TIMING] Proximity matrix accumulation: 17455.57 ms
[TIMING] Neighbor sorting & quantiles: 567.63 ms
[TIMING] Total compute_uq: 18137.60 ms
    [TIMING] UQ Calculation (Proximity_Method_A): 19.7602 s
[TIMING] Random Forest fit/check: 0.00 ms
[TIMING] OOB/In-bag index reconstruction: 378.23 ms
[TIMING] Leaf weights & density precomputation: 1244.66 ms
[TIMING] Transfer structures to backend: 0.02 ms
[TIMING] Total fit: 1622.91 ms
[TIMING] Test leaf ID extraction: 113.80 ms
[TIMING] Proximity matrix accumulation: 17447.59 ms
[TIMING] Neighbor sorting & quantiles: 132.54 ms
[TIMING] Total compute_uq: 17694.50 ms
    [TIMING] UQ Calculation (Proximity_Method_B): 19.3189 s
[TIMING] Random Forest fit/check: 0.00 ms
[TIMING] OOB/In-bag index reconstruction: 381.93 ms
[TIMING] Leaf weights & density precomputation: 1243.86 ms
[TIMING] Transfer structures to backend: 0.02 ms
[TIMING] Total fit: 1625.80 ms
[TIMING] Test leaf ID extraction: 114.22 ms
[TIMING] Proximity matrix accumulation: 21659.11 ms
[TIMING] Neighbor sorting & quantiles: 567.90 ms
[TIMING] Total compute_uq: 22341.86 ms
[DEBUG DENSITY] mean walked density = 64.5945, min = 61.3017, max = 67.8483
    [TIMING] UQ Calculation (Proximity_Method_C): 23.9697 s
[TIMING] Random Forest fit/check: 0.00 ms
[TIMING] OOB/In-bag index reconstruction: 378.68 ms
[TIMING] Leaf weights & density precomputation: 1236.31 ms
[TIMING] Transfer structures to backend: 0.02 ms
[TIMING] Total fit: 1615.02 ms
[TIMING] Test leaf ID extraction: 114.14 ms
[TIMING] Proximity matrix accumulation: 21649.89 ms
[TIMING] Neighbor sorting & quantiles: 132.35 ms
[TIMING] Total compute_uq: 21896.96 ms
[DEBUG DENSITY] mean walked density = 64.5945, min = 61.3017, max = 67.8483
    [TIMING] UQ Calculation (Proximity_Method_B_C): 23.5142 s
    [TIMING] Metrics Calculation: 7.9704 s
    [TIMING] Total Single Evaluation: 118.1691 s
 [OK] (1132.5s, ETA: 75m remaining)
[RUN 4/7] 
  >>> Starting: Function=sin, Seed=3
    [TIMING] Data Generation: 0.0004 s
    [TIMING] Random Forest Fitting: 0.4188 s
    [TIMING] RF Predicting: 0.0433 s
    [TIMING] Base Aleatoric: 0.0511 s
[TIMING] Random Forest fit/check: 0.00 ms
[TIMING] OOB/In-bag index reconstruction: 167.54 ms
[TIMING] Leaf weights & density precomputation: 50.56 ms
[TIMING] Transfer structures to backend: 0.01 ms
[TIMING] Total fit: 218.11 ms
[TIMING] Test leaf ID extraction: 44.62 ms
[TIMING] Proximity matrix accumulation: 36.45 ms
[TIMING] Neighbor sorting & quantiles: 4.21 ms
[TIMING] Total compute_uq: 85.48 ms
    [TIMING] UQ Calculation (Proximity_Baseline): 0.3038 s
[TIMING] Random Forest fit/check: 0.00 ms
[TIMING] OOB/In-bag index reconstruction: 176.81 ms
[TIMING] Leaf weights & density precomputation: 287.06 ms
[TIMING] Transfer structures to backend: 0.01 ms
[TIMING] Total fit: 463.88 ms
[TIMING] Test leaf ID extraction: 44.91 ms
[TIMING] Proximity matrix accumulation: 191.22 ms
[TIMING] Neighbor sorting & quantiles: 4.16 ms
[TIMING] Total compute_uq: 240.53 ms
    [TIMING] UQ Calculation (Proximity_Method_A): 0.7049 s
[TIMING] Random Forest fit/check: 0.00 ms
[TIMING] OOB/In-bag index reconstruction: 169.46 ms
[TIMING] Leaf weights & density precomputation: 286.27 ms
[TIMING] Transfer structures to backend: 0.01 ms
[TIMING] Total fit: 455.75 ms
[TIMING] Test leaf ID extraction: 44.20 ms
[TIMING] Proximity matrix accumulation: 150.50 ms
[TIMING] Neighbor sorting & quantiles: 4.84 ms
[TIMING] Total compute_uq: 199.68 ms
    [TIMING] UQ Calculation (Proximity_Method_B): 0.6564 s
[TIMING] Random Forest fit/check: 0.00 ms
[TIMING] OOB/In-bag index reconstruction: 156.51 ms
[TIMING] Leaf weights & density precomputation: 282.30 ms
[TIMING] Transfer structures to backend: 0.01 ms
[TIMING] Total fit: 438.82 ms
[TIMING] Test leaf ID extraction: 33.73 ms
[TIMING] Proximity matrix accumulation: 207.51 ms
[TIMING] Neighbor sorting & quantiles: 4.09 ms
[TIMING] Total compute_uq: 245.53 ms
[DEBUG DENSITY] mean walked density = 63.0620, min = 59.2878, max = 68.9818
    [TIMING] UQ Calculation (Proximity_Method_C): 0.6859 s
[TIMING] Random Forest fit/check: 0.00 ms
[TIMING] OOB/In-bag index reconstruction: 166.49 ms
[TIMING] Leaf weights & density precomputation: 281.86 ms
[TIMING] Transfer structures to backend: 0.01 ms
[TIMING] Total fit: 448.36 ms
[TIMING] Test leaf ID extraction: 45.21 ms
[TIMING] Proximity matrix accumulation: 206.62 ms
[TIMING] Neighbor sorting & quantiles: 4.74 ms
[TIMING] Total compute_uq: 256.79 ms
[DEBUG DENSITY] mean walked density = 63.0620, min = 59.2878, max = 68.9818
    [TIMING] UQ Calculation (Proximity_Method_B_C): 0.7065 s
    [TIMING] Metrics Calculation: 0.0655 s
    [TIMING] Total Single Evaluation: 3.6367 s

  >>> Starting: Function=cos_trend, Seed=3
    [TIMING] Data Generation: 0.0003 s
    [TIMING] Random Forest Fitting: 0.3587 s
    [TIMING] RF Predicting: 0.0544 s
    [TIMING] Base Aleatoric: 0.0519 s
[TIMING] Random Forest fit/check: 0.00 ms
[TIMING] OOB/In-bag index reconstruction: 182.56 ms
[TIMING] Leaf weights & density precomputation: 47.71 ms
[TIMING] Transfer structures to backend: 0.01 ms
[TIMING] Total fit: 230.28 ms
[TIMING] Test leaf ID extraction: 44.48 ms
[TIMING] Proximity matrix accumulation: 36.69 ms
[TIMING] Neighbor sorting & quantiles: 4.18 ms
[TIMING] Total compute_uq: 85.54 ms
    [TIMING] UQ Calculation (Proximity_Baseline): 0.3159 s
[TIMING] Random Forest fit/check: 0.00 ms
[TIMING] OOB/In-bag index reconstruction: 167.53 ms
[TIMING] Leaf weights & density precomputation: 279.45 ms
[TIMING] Transfer structures to backend: 0.01 ms
[TIMING] Total fit: 446.99 ms
[TIMING] Test leaf ID extraction: 44.33 ms
[TIMING] Proximity matrix accumulation: 151.01 ms
[TIMING] Neighbor sorting & quantiles: 4.07 ms
[TIMING] Total compute_uq: 199.61 ms
    [TIMING] UQ Calculation (Proximity_Method_A): 0.6469 s
[TIMING] Random Forest fit/check: 0.00 ms
[TIMING] OOB/In-bag index reconstruction: 165.98 ms
[TIMING] Leaf weights & density precomputation: 279.55 ms
[TIMING] Transfer structures to backend: 0.01 ms
[TIMING] Total fit: 445.55 ms
[TIMING] Test leaf ID extraction: 34.50 ms
[TIMING] Proximity matrix accumulation: 150.04 ms
[TIMING] Neighbor sorting & quantiles: 4.73 ms
[TIMING] Total compute_uq: 189.41 ms
    [TIMING] UQ Calculation (Proximity_Method_B): 0.6359 s
[TIMING] Random Forest fit/check: 0.00 ms
[TIMING] OOB/In-bag index reconstruction: 155.32 ms
[TIMING] Leaf weights & density precomputation: 279.54 ms
[TIMING] Transfer structures to backend: 0.01 ms
[TIMING] Total fit: 434.88 ms
[TIMING] Test leaf ID extraction: 33.83 ms
[TIMING] Proximity matrix accumulation: 206.76 ms
[TIMING] Neighbor sorting & quantiles: 4.08 ms
[TIMING] Total compute_uq: 244.82 ms
[DEBUG DENSITY] mean walked density = 62.5588, min = 56.1580, max = 68.7088
    [TIMING] UQ Calculation (Proximity_Method_C): 0.6809 s
[TIMING] Random Forest fit/check: 0.00 ms
[TIMING] OOB/In-bag index reconstruction: 166.90 ms
[TIMING] Leaf weights & density precomputation: 280.74 ms
[TIMING] Transfer structures to backend: 0.01 ms
[TIMING] Total fit: 447.66 ms
[TIMING] Test leaf ID extraction: 45.37 ms
[TIMING] Proximity matrix accumulation: 206.09 ms
[TIMING] Neighbor sorting & quantiles: 4.74 ms
[TIMING] Total compute_uq: 256.38 ms
[DEBUG DENSITY] mean walked density = 62.5588, min = 56.1580, max = 68.7088
    [TIMING] UQ Calculation (Proximity_Method_B_C): 0.7054 s
    [TIMING] Metrics Calculation: 0.0658 s
    [TIMING] Total Single Evaluation: 3.5163 s

  >>> Starting: Function=poly, Seed=3
    [TIMING] Data Generation: 0.0003 s
    [TIMING] Random Forest Fitting: 0.3639 s
    [TIMING] RF Predicting: 0.0434 s
    [TIMING] Base Aleatoric: 0.0495 s
[TIMING] Random Forest fit/check: 0.00 ms
[TIMING] OOB/In-bag index reconstruction: 165.80 ms
[TIMING] Leaf weights & density precomputation: 48.94 ms
[TIMING] Transfer structures to backend: 0.01 ms
[TIMING] Total fit: 214.74 ms
[TIMING] Test leaf ID extraction: 44.55 ms
[TIMING] Proximity matrix accumulation: 36.46 ms
[TIMING] Neighbor sorting & quantiles: 4.19 ms
[TIMING] Total compute_uq: 85.36 ms
    [TIMING] UQ Calculation (Proximity_Baseline): 0.3002 s
[TIMING] Random Forest fit/check: 0.00 ms
[TIMING] OOB/In-bag index reconstruction: 166.68 ms
[TIMING] Leaf weights & density precomputation: 282.73 ms
[TIMING] Transfer structures to backend: 0.01 ms
[TIMING] Total fit: 449.43 ms
[TIMING] Test leaf ID extraction: 44.82 ms
[TIMING] Proximity matrix accumulation: 151.54 ms
[TIMING] Neighbor sorting & quantiles: 4.08 ms
[TIMING] Total compute_uq: 200.59 ms
    [TIMING] UQ Calculation (Proximity_Method_A): 0.6503 s
[TIMING] Random Forest fit/check: 0.00 ms
[TIMING] OOB/In-bag index reconstruction: 167.20 ms
[TIMING] Leaf weights & density precomputation: 282.41 ms
[TIMING] Transfer structures to backend: 0.01 ms
[TIMING] Total fit: 449.63 ms
[TIMING] Test leaf ID extraction: 44.43 ms
[TIMING] Proximity matrix accumulation: 149.70 ms
[TIMING] Neighbor sorting & quantiles: 4.86 ms
[TIMING] Total compute_uq: 199.12 ms
    [TIMING] UQ Calculation (Proximity_Method_B): 0.6498 s
[TIMING] Random Forest fit/check: 0.00 ms
[TIMING] OOB/In-bag index reconstruction: 167.54 ms
[TIMING] Leaf weights & density precomputation: 281.43 ms
[TIMING] Transfer structures to backend: 0.01 ms
[TIMING] Total fit: 448.99 ms
[TIMING] Test leaf ID extraction: 45.11 ms
[TIMING] Proximity matrix accumulation: 202.96 ms
[TIMING] Neighbor sorting & quantiles: 4.08 ms
[TIMING] Total compute_uq: 252.32 ms
[DEBUG DENSITY] mean walked density = 63.0678, min = 59.4012, max = 68.7882
    [TIMING] UQ Calculation (Proximity_Method_C): 0.7026 s
[TIMING] Random Forest fit/check: 0.00 ms
[TIMING] OOB/In-bag index reconstruction: 165.59 ms
[TIMING] Leaf weights & density precomputation: 283.00 ms
[TIMING] Transfer structures to backend: 0.01 ms
[TIMING] Total fit: 448.61 ms
[TIMING] Test leaf ID extraction: 46.26 ms
[TIMING] Proximity matrix accumulation: 203.12 ms
[TIMING] Neighbor sorting & quantiles: 4.73 ms
[TIMING] Total compute_uq: 254.34 ms
[DEBUG DENSITY] mean walked density = 63.0678, min = 59.4012, max = 68.7882
    [TIMING] UQ Calculation (Proximity_Method_B_C): 0.7041 s
    [TIMING] Metrics Calculation: 0.0650 s
    [TIMING] Total Single Evaluation: 3.5295 s

  >>> Starting: Function=damped_osc, Seed=3
    [TIMING] Data Generation: 0.0004 s
    [TIMING] Random Forest Fitting: 0.3582 s
    [TIMING] RF Predicting: 0.0432 s
    [TIMING] Base Aleatoric: 0.0504 s
[TIMING] Random Forest fit/check: 0.00 ms
[TIMING] OOB/In-bag index reconstruction: 157.86 ms
[TIMING] Leaf weights & density precomputation: 49.12 ms
[TIMING] Transfer structures to backend: 0.02 ms
[TIMING] Total fit: 206.99 ms
[TIMING] Test leaf ID extraction: 35.02 ms
[TIMING] Proximity matrix accumulation: 35.99 ms
[TIMING] Neighbor sorting & quantiles: 4.19 ms
[TIMING] Total compute_uq: 75.39 ms
    [TIMING] UQ Calculation (Proximity_Baseline): 0.2825 s
[TIMING] Random Forest fit/check: 0.00 ms
[TIMING] OOB/In-bag index reconstruction: 168.32 ms
[TIMING] Leaf weights & density precomputation: 284.41 ms
[TIMING] Transfer structures to backend: 0.01 ms
[TIMING] Total fit: 452.74 ms
[TIMING] Test leaf ID extraction: 32.99 ms
[TIMING] Proximity matrix accumulation: 151.92 ms
[TIMING] Neighbor sorting & quantiles: 4.07 ms
[TIMING] Total compute_uq: 189.15 ms
    [TIMING] UQ Calculation (Proximity_Method_A): 0.6422 s
[TIMING] Random Forest fit/check: 0.00 ms
[TIMING] OOB/In-bag index reconstruction: 168.47 ms
[TIMING] Leaf weights & density precomputation: 307.90 ms
[TIMING] Transfer structures to backend: 0.01 ms
[TIMING] Total fit: 476.38 ms
[TIMING] Test leaf ID extraction: 34.47 ms
[TIMING] Proximity matrix accumulation: 148.20 ms
[TIMING] Neighbor sorting & quantiles: 4.69 ms
[TIMING] Total compute_uq: 187.49 ms
    [TIMING] UQ Calculation (Proximity_Method_B): 0.6650 s
[TIMING] Random Forest fit/check: 0.00 ms
[TIMING] OOB/In-bag index reconstruction: 155.77 ms
[TIMING] Leaf weights & density precomputation: 276.62 ms
[TIMING] Transfer structures to backend: 0.01 ms
[TIMING] Total fit: 432.41 ms
[TIMING] Test leaf ID extraction: 34.65 ms
[TIMING] Proximity matrix accumulation: 203.34 ms
[TIMING] Neighbor sorting & quantiles: 4.08 ms
[TIMING] Total compute_uq: 242.25 ms
[DEBUG DENSITY] mean walked density = 64.0505, min = 60.7578, max = 70.7314
    [TIMING] UQ Calculation (Proximity_Method_C): 0.6759 s
[TIMING] Random Forest fit/check: 0.00 ms
[TIMING] OOB/In-bag index reconstruction: 155.14 ms
[TIMING] Leaf weights & density precomputation: 277.28 ms
[TIMING] Transfer structures to backend: 0.02 ms
[TIMING] Total fit: 432.44 ms
[TIMING] Test leaf ID extraction: 35.37 ms
[TIMING] Proximity matrix accumulation: 205.66 ms
[TIMING] Neighbor sorting & quantiles: 4.88 ms
[TIMING] Total compute_uq: 246.12 ms
[DEBUG DENSITY] mean walked density = 64.0505, min = 60.7578, max = 70.7314
    [TIMING] UQ Calculation (Proximity_Method_B_C): 0.6800 s
    [TIMING] Metrics Calculation: 0.0612 s
    [TIMING] Total Single Evaluation: 3.4593 s

  >>> Starting: Function=log_mod, Seed=3
    [TIMING] Data Generation: 0.0003 s
    [TIMING] Random Forest Fitting: 0.3489 s
    [TIMING] RF Predicting: 0.0427 s
    [TIMING] Base Aleatoric: 0.0492 s
[TIMING] Random Forest fit/check: 0.00 ms
[TIMING] OOB/In-bag index reconstruction: 155.70 ms
[TIMING] Leaf weights & density precomputation: 48.64 ms
[TIMING] Transfer structures to backend: 0.01 ms
[TIMING] Total fit: 204.36 ms
[TIMING] Test leaf ID extraction: 34.38 ms
[TIMING] Proximity matrix accumulation: 35.65 ms
[TIMING] Neighbor sorting & quantiles: 4.20 ms
[TIMING] Total compute_uq: 74.39 ms
    [TIMING] UQ Calculation (Proximity_Baseline): 0.2789 s
[TIMING] Random Forest fit/check: 0.00 ms
[TIMING] OOB/In-bag index reconstruction: 155.74 ms
[TIMING] Leaf weights & density precomputation: 282.22 ms
[TIMING] Transfer structures to backend: 0.01 ms
[TIMING] Total fit: 437.97 ms
[TIMING] Test leaf ID extraction: 34.57 ms
[TIMING] Proximity matrix accumulation: 149.99 ms
[TIMING] Neighbor sorting & quantiles: 4.07 ms
[TIMING] Total compute_uq: 188.82 ms
    [TIMING] UQ Calculation (Proximity_Method_A): 0.6271 s
[TIMING] Random Forest fit/check: 0.00 ms
[TIMING] OOB/In-bag index reconstruction: 155.31 ms
[TIMING] Leaf weights & density precomputation: 281.79 ms
[TIMING] Transfer structures to backend: 0.01 ms
[TIMING] Total fit: 437.11 ms
[TIMING] Test leaf ID extraction: 34.04 ms
[TIMING] Proximity matrix accumulation: 148.25 ms
[TIMING] Neighbor sorting & quantiles: 4.69 ms
[TIMING] Total compute_uq: 187.10 ms
    [TIMING] UQ Calculation (Proximity_Method_B): 0.6251 s
[TIMING] Random Forest fit/check: 0.00 ms
[TIMING] OOB/In-bag index reconstruction: 155.04 ms
[TIMING] Leaf weights & density precomputation: 280.25 ms
[TIMING] Transfer structures to backend: 0.01 ms
[TIMING] Total fit: 435.31 ms
[TIMING] Test leaf ID extraction: 34.73 ms
[TIMING] Proximity matrix accumulation: 203.51 ms
[TIMING] Neighbor sorting & quantiles: 4.07 ms
[TIMING] Total compute_uq: 242.49 ms
[DEBUG DENSITY] mean walked density = 63.0372, min = 58.3811, max = 69.2885
    [TIMING] UQ Calculation (Proximity_Method_C): 0.6790 s
[TIMING] Random Forest fit/check: 0.00 ms
[TIMING] OOB/In-bag index reconstruction: 165.53 ms
[TIMING] Leaf weights & density precomputation: 287.26 ms
[TIMING] Transfer structures to backend: 0.02 ms
[TIMING] Total fit: 452.81 ms
[TIMING] Test leaf ID extraction: 44.60 ms
[TIMING] Proximity matrix accumulation: 203.92 ms
[TIMING] Neighbor sorting & quantiles: 4.64 ms
[TIMING] Total compute_uq: 253.38 ms
[DEBUG DENSITY] mean walked density = 63.0372, min = 58.3811, max = 69.2885
    [TIMING] UQ Calculation (Proximity_Method_B_C): 0.7075 s
    [TIMING] Metrics Calculation: 0.0645 s
    [TIMING] Total Single Evaluation: 3.4233 s

  >>> Starting: Function=sin_cos, Seed=3
    [TIMING] Data Generation: 0.0013 s
    [TIMING] Random Forest Fitting: 0.4296 s
    [TIMING] RF Predicting: 0.0541 s
    [TIMING] Base Aleatoric: 0.0526 s
[TIMING] Random Forest fit/check: 0.00 ms
[TIMING] OOB/In-bag index reconstruction: 186.66 ms
[TIMING] Leaf weights & density precomputation: 57.37 ms
[TIMING] Transfer structures to backend: 0.01 ms
[TIMING] Total fit: 244.05 ms
[TIMING] Test leaf ID extraction: 35.21 ms
[TIMING] Proximity matrix accumulation: 149.07 ms
[TIMING] Neighbor sorting & quantiles: 16.41 ms
[TIMING] Total compute_uq: 200.92 ms
    [TIMING] UQ Calculation (Proximity_Baseline): 0.4451 s
[TIMING] Random Forest fit/check: 0.00 ms
[TIMING] OOB/In-bag index reconstruction: 184.90 ms
[TIMING] Leaf weights & density precomputation: 318.52 ms
[TIMING] Transfer structures to backend: 0.02 ms
[TIMING] Total fit: 503.44 ms
[TIMING] Test leaf ID extraction: 34.96 ms
[TIMING] Proximity matrix accumulation: 433.12 ms
[TIMING] Neighbor sorting & quantiles: 15.97 ms
[TIMING] Total compute_uq: 484.22 ms
    [TIMING] UQ Calculation (Proximity_Method_A): 0.9880 s
[TIMING] Random Forest fit/check: 0.00 ms
[TIMING] OOB/In-bag index reconstruction: 184.75 ms
[TIMING] Leaf weights & density precomputation: 321.38 ms
[TIMING] Transfer structures to backend: 0.02 ms
[TIMING] Total fit: 506.15 ms
[TIMING] Test leaf ID extraction: 45.74 ms
[TIMING] Proximity matrix accumulation: 436.80 ms
[TIMING] Neighbor sorting & quantiles: 8.09 ms
[TIMING] Total compute_uq: 490.84 ms
    [TIMING] UQ Calculation (Proximity_Method_B): 0.9980 s
[TIMING] Random Forest fit/check: 0.00 ms
[TIMING] OOB/In-bag index reconstruction: 185.07 ms
[TIMING] Leaf weights & density precomputation: 320.05 ms
[TIMING] Transfer structures to backend: 0.02 ms
[TIMING] Total fit: 505.14 ms
[TIMING] Test leaf ID extraction: 35.38 ms
[TIMING] Proximity matrix accumulation: 541.57 ms
[TIMING] Neighbor sorting & quantiles: 15.94 ms
[TIMING] Total compute_uq: 593.13 ms
[DEBUG DENSITY] mean walked density = 64.9222, min = 47.7847, max = 75.5025
    [TIMING] UQ Calculation (Proximity_Method_C): 1.0996 s
[TIMING] Random Forest fit/check: 0.00 ms
[TIMING] OOB/In-bag index reconstruction: 187.47 ms
[TIMING] Leaf weights & density precomputation: 320.96 ms
[TIMING] Transfer structures to backend: 0.01 ms
[TIMING] Total fit: 508.45 ms
[TIMING] Test leaf ID extraction: 35.39 ms
[TIMING] Proximity matrix accumulation: 546.00 ms
[TIMING] Neighbor sorting & quantiles: 8.07 ms
[TIMING] Total compute_uq: 589.88 ms
[DEBUG DENSITY] mean walked density = 64.9222, min = 47.7847, max = 75.5025
    [TIMING] UQ Calculation (Proximity_Method_B_C): 1.0995 s
    [TIMING] Metrics Calculation: 0.0780 s
    [TIMING] Total Single Evaluation: 5.2462 s

  >>> Starting: Function=quadratic, Seed=3
    [TIMING] Data Generation: 0.0010 s
    [TIMING] Random Forest Fitting: 0.3953 s
    [TIMING] RF Predicting: 0.0429 s
    [TIMING] Base Aleatoric: 0.0517 s
[TIMING] Random Forest fit/check: 0.00 ms
[TIMING] OOB/In-bag index reconstruction: 186.87 ms
[TIMING] Leaf weights & density precomputation: 57.54 ms
[TIMING] Transfer structures to backend: 0.01 ms
[TIMING] Total fit: 244.42 ms
[TIMING] Test leaf ID extraction: 34.66 ms
[TIMING] Proximity matrix accumulation: 149.17 ms
[TIMING] Neighbor sorting & quantiles: 16.40 ms
[TIMING] Total compute_uq: 200.45 ms
    [TIMING] UQ Calculation (Proximity_Baseline): 0.4450 s
[TIMING] Random Forest fit/check: 0.00 ms
[TIMING] OOB/In-bag index reconstruction: 185.40 ms
[TIMING] Leaf weights & density precomputation: 323.09 ms
[TIMING] Transfer structures to backend: 0.01 ms
[TIMING] Total fit: 508.51 ms
[TIMING] Test leaf ID extraction: 35.53 ms
[TIMING] Proximity matrix accumulation: 433.21 ms
[TIMING] Neighbor sorting & quantiles: 15.94 ms
[TIMING] Total compute_uq: 486.04 ms
    [TIMING] UQ Calculation (Proximity_Method_A): 0.9949 s
[TIMING] Random Forest fit/check: 0.00 ms
[TIMING] OOB/In-bag index reconstruction: 174.82 ms
[TIMING] Leaf weights & density precomputation: 321.93 ms
[TIMING] Transfer structures to backend: 0.02 ms
[TIMING] Total fit: 496.78 ms
[TIMING] Test leaf ID extraction: 36.37 ms
[TIMING] Proximity matrix accumulation: 436.30 ms
[TIMING] Neighbor sorting & quantiles: 8.10 ms
[TIMING] Total compute_uq: 481.00 ms
    [TIMING] UQ Calculation (Proximity_Method_B): 0.9786 s
[TIMING] Random Forest fit/check: 0.00 ms
[TIMING] OOB/In-bag index reconstruction: 186.12 ms
[TIMING] Leaf weights & density precomputation: 325.35 ms
[TIMING] Transfer structures to backend: 0.02 ms
[TIMING] Total fit: 511.49 ms
[TIMING] Test leaf ID extraction: 45.89 ms
[TIMING] Proximity matrix accumulation: 541.55 ms
[TIMING] Neighbor sorting & quantiles: 15.98 ms
[TIMING] Total compute_uq: 603.62 ms
[DEBUG DENSITY] mean walked density = 64.6423, min = 58.3655, max = 72.4886
    [TIMING] UQ Calculation (Proximity_Method_C): 1.1166 s
[TIMING] Random Forest fit/check: 0.00 ms
[TIMING] OOB/In-bag index reconstruction: 175.97 ms
[TIMING] Leaf weights & density precomputation: 319.84 ms
[TIMING] Transfer structures to backend: 0.01 ms
[TIMING] Total fit: 495.82 ms
[TIMING] Test leaf ID extraction: 46.31 ms
[TIMING] Proximity matrix accumulation: 546.25 ms
[TIMING] Neighbor sorting & quantiles: 8.30 ms
[TIMING] Total compute_uq: 601.10 ms
[DEBUG DENSITY] mean walked density = 64.6423, min = 58.3655, max = 72.4886
    [TIMING] UQ Calculation (Proximity_Method_B_C): 1.0982 s
    [TIMING] Metrics Calculation: 0.0745 s
    [TIMING] Total Single Evaluation: 5.1990 s

  >>> Starting: Function=sin_sum_mod, Seed=3
    [TIMING] Data Generation: 0.0011 s
    [TIMING] Random Forest Fitting: 0.4701 s
    [TIMING] RF Predicting: 0.0428 s
    [TIMING] Base Aleatoric: 0.0404 s
[TIMING] Random Forest fit/check: 0.00 ms
[TIMING] OOB/In-bag index reconstruction: 175.35 ms
[TIMING] Leaf weights & density precomputation: 56.49 ms
[TIMING] Transfer structures to backend: 0.01 ms
[TIMING] Total fit: 231.86 ms
[TIMING] Test leaf ID extraction: 34.31 ms
[TIMING] Proximity matrix accumulation: 148.98 ms
[TIMING] Neighbor sorting & quantiles: 16.40 ms
[TIMING] Total compute_uq: 199.91 ms
    [TIMING] UQ Calculation (Proximity_Baseline): 0.4319 s
[TIMING] Random Forest fit/check: 0.00 ms
[TIMING] OOB/In-bag index reconstruction: 174.34 ms
[TIMING] Leaf weights & density precomputation: 335.92 ms
[TIMING] Transfer structures to backend: 0.01 ms
[TIMING] Total fit: 510.28 ms
[TIMING] Test leaf ID extraction: 34.46 ms
[TIMING] Proximity matrix accumulation: 432.94 ms
[TIMING] Neighbor sorting & quantiles: 15.98 ms
[TIMING] Total compute_uq: 483.82 ms
    [TIMING] UQ Calculation (Proximity_Method_A): 0.9945 s
[TIMING] Random Forest fit/check: 0.00 ms
[TIMING] OOB/In-bag index reconstruction: 176.19 ms
[TIMING] Leaf weights & density precomputation: 335.53 ms
[TIMING] Transfer structures to backend: 0.02 ms
[TIMING] Total fit: 511.74 ms
[TIMING] Test leaf ID extraction: 34.07 ms
[TIMING] Proximity matrix accumulation: 437.58 ms
[TIMING] Neighbor sorting & quantiles: 8.13 ms
[TIMING] Total compute_uq: 480.01 ms
    [TIMING] UQ Calculation (Proximity_Method_B): 0.9927 s
[TIMING] Random Forest fit/check: 0.00 ms
[TIMING] OOB/In-bag index reconstruction: 174.44 ms
[TIMING] Leaf weights & density precomputation: 333.38 ms
[TIMING] Transfer structures to backend: 0.01 ms
[TIMING] Total fit: 507.83 ms
[TIMING] Test leaf ID extraction: 34.96 ms
[TIMING] Proximity matrix accumulation: 542.01 ms
[TIMING] Neighbor sorting & quantiles: 15.99 ms
[TIMING] Total compute_uq: 593.19 ms
[DEBUG DENSITY] mean walked density = 64.4601, min = 49.8336, max = 74.4372
    [TIMING] UQ Calculation (Proximity_Method_C): 1.1022 s
[TIMING] Random Forest fit/check: 0.00 ms
[TIMING] OOB/In-bag index reconstruction: 175.27 ms
[TIMING] Leaf weights & density precomputation: 334.30 ms
[TIMING] Transfer structures to backend: 0.02 ms
[TIMING] Total fit: 509.58 ms
[TIMING] Test leaf ID extraction: 34.80 ms
[TIMING] Proximity matrix accumulation: 547.03 ms
[TIMING] Neighbor sorting & quantiles: 8.24 ms
[TIMING] Total compute_uq: 590.32 ms
[DEBUG DENSITY] mean walked density = 64.4601, min = 49.8336, max = 74.4372
    [TIMING] UQ Calculation (Proximity_Method_B_C): 1.1012 s
    [TIMING] Metrics Calculation: 0.0726 s
    [TIMING] Total Single Evaluation: 5.2497 s

  >>> Starting: Function=gaussian, Seed=3
    [TIMING] Data Generation: 0.0009 s
    [TIMING] Random Forest Fitting: 0.3844 s
    [TIMING] RF Predicting: 0.0425 s
    [TIMING] Base Aleatoric: 0.0406 s
[TIMING] Random Forest fit/check: 0.00 ms
[TIMING] OOB/In-bag index reconstruction: 186.47 ms
[TIMING] Leaf weights & density precomputation: 57.45 ms
[TIMING] Transfer structures to backend: 0.02 ms
[TIMING] Total fit: 243.94 ms
[TIMING] Test leaf ID extraction: 34.71 ms
[TIMING] Proximity matrix accumulation: 148.89 ms
[TIMING] Neighbor sorting & quantiles: 16.46 ms
[TIMING] Total compute_uq: 200.29 ms
    [TIMING] UQ Calculation (Proximity_Baseline): 0.4444 s
[TIMING] Random Forest fit/check: 0.00 ms
[TIMING] OOB/In-bag index reconstruction: 173.93 ms
[TIMING] Leaf weights & density precomputation: 323.52 ms
[TIMING] Transfer structures to backend: 0.01 ms
[TIMING] Total fit: 497.46 ms
[TIMING] Test leaf ID extraction: 34.44 ms
[TIMING] Proximity matrix accumulation: 433.08 ms
[TIMING] Neighbor sorting & quantiles: 15.97 ms
[TIMING] Total compute_uq: 483.71 ms
    [TIMING] UQ Calculation (Proximity_Method_A): 0.9815 s
[TIMING] Random Forest fit/check: 0.00 ms
[TIMING] OOB/In-bag index reconstruction: 185.98 ms
[TIMING] Leaf weights & density precomputation: 324.23 ms
[TIMING] Transfer structures to backend: 0.01 ms
[TIMING] Total fit: 510.23 ms
[TIMING] Test leaf ID extraction: 46.30 ms
[TIMING] Proximity matrix accumulation: 437.93 ms
[TIMING] Neighbor sorting & quantiles: 8.40 ms
[TIMING] Total compute_uq: 492.84 ms
    [TIMING] UQ Calculation (Proximity_Method_B): 1.0040 s
[TIMING] Random Forest fit/check: 0.00 ms
[TIMING] OOB/In-bag index reconstruction: 186.65 ms
[TIMING] Leaf weights & density precomputation: 321.58 ms
[TIMING] Transfer structures to backend: 0.02 ms
[TIMING] Total fit: 508.26 ms
[TIMING] Test leaf ID extraction: 45.59 ms
[TIMING] Proximity matrix accumulation: 541.75 ms
[TIMING] Neighbor sorting & quantiles: 15.97 ms
[TIMING] Total compute_uq: 603.74 ms
[DEBUG DENSITY] mean walked density = 65.6439, min = 58.5890, max = 72.3056
    [TIMING] UQ Calculation (Proximity_Method_C): 1.1133 s
[TIMING] Random Forest fit/check: 0.00 ms
[TIMING] OOB/In-bag index reconstruction: 188.28 ms
[TIMING] Leaf weights & density precomputation: 321.47 ms
[TIMING] Transfer structures to backend: 0.01 ms
[TIMING] Total fit: 509.77 ms
[TIMING] Test leaf ID extraction: 45.38 ms
[TIMING] Proximity matrix accumulation: 546.31 ms
[TIMING] Neighbor sorting & quantiles: 8.49 ms
[TIMING] Total compute_uq: 600.42 ms
[DEBUG DENSITY] mean walked density = 65.6439, min = 58.5890, max = 72.3056
    [TIMING] UQ Calculation (Proximity_Method_B_C): 1.1115 s
    [TIMING] Metrics Calculation: 0.0757 s
    [TIMING] Total Single Evaluation: 5.1993 s

  >>> Starting: Function=abs_sin, Seed=3
    [TIMING] Data Generation: 0.0012 s
    [TIMING] Random Forest Fitting: 0.4068 s
    [TIMING] RF Predicting: 0.0427 s
    [TIMING] Base Aleatoric: 0.0525 s
[TIMING] Random Forest fit/check: 0.00 ms
[TIMING] OOB/In-bag index reconstruction: 188.03 ms
[TIMING] Leaf weights & density precomputation: 57.12 ms
[TIMING] Transfer structures to backend: 0.01 ms
[TIMING] Total fit: 245.16 ms
[TIMING] Test leaf ID extraction: 45.31 ms
[TIMING] Proximity matrix accumulation: 148.79 ms
[TIMING] Neighbor sorting & quantiles: 16.51 ms
[TIMING] Total compute_uq: 210.81 ms
    [TIMING] UQ Calculation (Proximity_Baseline): 0.4561 s
[TIMING] Random Forest fit/check: 0.00 ms
[TIMING] OOB/In-bag index reconstruction: 196.67 ms
[TIMING] Leaf weights & density precomputation: 323.78 ms
[TIMING] Transfer structures to backend: 0.02 ms
[TIMING] Total fit: 520.47 ms
[TIMING] Test leaf ID extraction: 45.88 ms
[TIMING] Proximity matrix accumulation: 433.90 ms
[TIMING] Neighbor sorting & quantiles: 15.97 ms
[TIMING] Total compute_uq: 496.10 ms
    [TIMING] UQ Calculation (Proximity_Method_A): 1.0169 s
[TIMING] Random Forest fit/check: 0.00 ms
[TIMING] OOB/In-bag index reconstruction: 185.95 ms
[TIMING] Leaf weights & density precomputation: 325.67 ms
[TIMING] Transfer structures to backend: 0.01 ms
[TIMING] Total fit: 511.64 ms
[TIMING] Test leaf ID extraction: 46.31 ms
[TIMING] Proximity matrix accumulation: 437.02 ms
[TIMING] Neighbor sorting & quantiles: 8.16 ms
[TIMING] Total compute_uq: 491.71 ms
    [TIMING] UQ Calculation (Proximity_Method_B): 1.0045 s
[TIMING] Random Forest fit/check: 0.00 ms
[TIMING] OOB/In-bag index reconstruction: 186.27 ms
[TIMING] Leaf weights & density precomputation: 321.80 ms
[TIMING] Transfer structures to backend: 0.01 ms
[TIMING] Total fit: 508.09 ms
[TIMING] Test leaf ID extraction: 34.50 ms
[TIMING] Proximity matrix accumulation: 542.15 ms
[TIMING] Neighbor sorting & quantiles: 15.94 ms
[TIMING] Total compute_uq: 592.78 ms
[DEBUG DENSITY] mean walked density = 61.8678, min = 46.9334, max = 80.4601
    [TIMING] UQ Calculation (Proximity_Method_C): 1.1023 s
[TIMING] Random Forest fit/check: 0.00 ms
[TIMING] OOB/In-bag index reconstruction: 173.95 ms
[TIMING] Leaf weights & density precomputation: 327.29 ms
[TIMING] Transfer structures to backend: 0.02 ms
[TIMING] Total fit: 501.26 ms
[TIMING] Test leaf ID extraction: 34.35 ms
[TIMING] Proximity matrix accumulation: 546.27 ms
[TIMING] Neighbor sorting & quantiles: 8.06 ms
[TIMING] Total compute_uq: 588.87 ms
[DEBUG DENSITY] mean walked density = 61.8678, min = 46.9334, max = 80.4601
    [TIMING] UQ Calculation (Proximity_Method_B_C): 1.0914 s
    [TIMING] Metrics Calculation: 0.0822 s
    [TIMING] Total Single Evaluation: 5.2571 s

  >>> Starting: Function=sin_cos_sin, Seed=3
    [TIMING] Data Generation: 0.0023 s
    [TIMING] Random Forest Fitting: 0.4606 s
    [TIMING] RF Predicting: 0.0426 s
    [TIMING] Base Aleatoric: 0.0421 s
[TIMING] Random Forest fit/check: 0.00 ms
[TIMING] OOB/In-bag index reconstruction: 176.63 ms
[TIMING] Leaf weights & density precomputation: 61.13 ms
[TIMING] Transfer structures to backend: 0.03 ms
[TIMING] Total fit: 237.79 ms
[TIMING] Test leaf ID extraction: 34.67 ms
[TIMING] Proximity matrix accumulation: 233.88 ms
[TIMING] Neighbor sorting & quantiles: 23.11 ms
[TIMING] Total compute_uq: 291.91 ms
    [TIMING] UQ Calculation (Proximity_Baseline): 0.5298 s
[TIMING] Random Forest fit/check: 0.00 ms
[TIMING] OOB/In-bag index reconstruction: 177.32 ms
[TIMING] Leaf weights & density precomputation: 347.64 ms
[TIMING] Transfer structures to backend: 0.02 ms
[TIMING] Total fit: 524.98 ms
[TIMING] Test leaf ID extraction: 34.76 ms
[TIMING] Proximity matrix accumulation: 708.06 ms
[TIMING] Neighbor sorting & quantiles: 22.36 ms
[TIMING] Total compute_uq: 765.43 ms
    [TIMING] UQ Calculation (Proximity_Method_A): 1.2907 s
[TIMING] Random Forest fit/check: 0.00 ms
[TIMING] OOB/In-bag index reconstruction: 177.05 ms
[TIMING] Leaf weights & density precomputation: 347.50 ms
[TIMING] Transfer structures to backend: 0.02 ms
[TIMING] Total fit: 524.57 ms
[TIMING] Test leaf ID extraction: 34.57 ms
[TIMING] Proximity matrix accumulation: 708.82 ms
[TIMING] Neighbor sorting & quantiles: 9.85 ms
[TIMING] Total compute_uq: 753.49 ms
    [TIMING] UQ Calculation (Proximity_Method_B): 1.2791 s
[TIMING] Random Forest fit/check: 0.00 ms
[TIMING] OOB/In-bag index reconstruction: 175.85 ms
[TIMING] Leaf weights & density precomputation: 347.55 ms
[TIMING] Transfer structures to backend: 0.01 ms
[TIMING] Total fit: 523.41 ms
[TIMING] Test leaf ID extraction: 34.77 ms
[TIMING] Proximity matrix accumulation: 876.61 ms
[TIMING] Neighbor sorting & quantiles: 22.40 ms
[TIMING] Total compute_uq: 934.01 ms
[DEBUG DENSITY] mean walked density = 62.3403, min = 51.0682, max = 74.1948
    [TIMING] UQ Calculation (Proximity_Method_C): 1.4587 s
[TIMING] Random Forest fit/check: 0.00 ms
[TIMING] OOB/In-bag index reconstruction: 179.41 ms
[TIMING] Leaf weights & density precomputation: 344.12 ms
[TIMING] Transfer structures to backend: 0.03 ms
[TIMING] Total fit: 523.55 ms
[TIMING] Test leaf ID extraction: 44.92 ms
[TIMING] Proximity matrix accumulation: 878.86 ms
[TIMING] Neighbor sorting & quantiles: 10.07 ms
[TIMING] Total compute_uq: 934.28 ms
[DEBUG DENSITY] mean walked density = 62.3403, min = 51.0682, max = 74.1948
    [TIMING] UQ Calculation (Proximity_Method_B_C): 1.4592 s
    [TIMING] Metrics Calculation: 0.0750 s
    [TIMING] Total Single Evaluation: 6.6406 s

  >>> Starting: Function=quadratic_3d, Seed=3
    [TIMING] Data Generation: 0.0020 s
    [TIMING] Random Forest Fitting: 0.4437 s
    [TIMING] RF Predicting: 0.0426 s
    [TIMING] Base Aleatoric: 0.0416 s
[TIMING] Random Forest fit/check: 0.00 ms
[TIMING] OOB/In-bag index reconstruction: 175.79 ms
[TIMING] Leaf weights & density precomputation: 60.00 ms
[TIMING] Transfer structures to backend: 0.02 ms
[TIMING] Total fit: 235.80 ms
[TIMING] Test leaf ID extraction: 34.80 ms
[TIMING] Proximity matrix accumulation: 233.89 ms
[TIMING] Neighbor sorting & quantiles: 22.96 ms
[TIMING] Total compute_uq: 291.87 ms
    [TIMING] UQ Calculation (Proximity_Baseline): 0.5278 s
[TIMING] Random Forest fit/check: 0.00 ms
[TIMING] OOB/In-bag index reconstruction: 198.51 ms
[TIMING] Leaf weights & density precomputation: 334.11 ms
[TIMING] Transfer structures to backend: 0.01 ms
[TIMING] Total fit: 532.63 ms
[TIMING] Test leaf ID extraction: 34.76 ms
[TIMING] Proximity matrix accumulation: 707.86 ms
[TIMING] Neighbor sorting & quantiles: 22.40 ms
[TIMING] Total compute_uq: 765.29 ms
    [TIMING] UQ Calculation (Proximity_Method_A): 1.2982 s
[TIMING] Random Forest fit/check: 0.00 ms
[TIMING] OOB/In-bag index reconstruction: 176.04 ms
[TIMING] Leaf weights & density precomputation: 329.66 ms
[TIMING] Transfer structures to backend: 0.02 ms
[TIMING] Total fit: 505.72 ms
[TIMING] Test leaf ID extraction: 35.01 ms
[TIMING] Proximity matrix accumulation: 708.62 ms
[TIMING] Neighbor sorting & quantiles: 9.86 ms
[TIMING] Total compute_uq: 753.78 ms
    [TIMING] UQ Calculation (Proximity_Method_B): 1.2605 s
[TIMING] Random Forest fit/check: 0.00 ms
[TIMING] OOB/In-bag index reconstruction: 176.28 ms
[TIMING] Leaf weights & density precomputation: 335.42 ms
[TIMING] Transfer structures to backend: 0.01 ms
[TIMING] Total fit: 511.71 ms
[TIMING] Test leaf ID extraction: 34.50 ms
[TIMING] Proximity matrix accumulation: 877.56 ms
[TIMING] Neighbor sorting & quantiles: 22.39 ms
[TIMING] Total compute_uq: 934.71 ms
[DEBUG DENSITY] mean walked density = 64.7255, min = 58.2856, max = 71.0252
    [TIMING] UQ Calculation (Proximity_Method_C): 1.4477 s
[TIMING] Random Forest fit/check: 0.00 ms
[TIMING] OOB/In-bag index reconstruction: 186.44 ms
[TIMING] Leaf weights & density precomputation: 333.77 ms
[TIMING] Transfer structures to backend: 0.01 ms
[TIMING] Total fit: 520.23 ms
[TIMING] Test leaf ID extraction: 35.44 ms
[TIMING] Proximity matrix accumulation: 878.28 ms
[TIMING] Neighbor sorting & quantiles: 9.77 ms
[TIMING] Total compute_uq: 923.93 ms
[DEBUG DENSITY] mean walked density = 64.7255, min = 58.2856, max = 71.0252
    [TIMING] UQ Calculation (Proximity_Method_B_C): 1.4455 s
    [TIMING] Metrics Calculation: 0.0937 s
    [TIMING] Total Single Evaluation: 6.6037 s

  >>> Starting: Function=sin_sum_3d, Seed=3
    [TIMING] Data Generation: 0.0020 s
    [TIMING] Random Forest Fitting: 0.4434 s
    [TIMING] RF Predicting: 0.0426 s
    [TIMING] Base Aleatoric: 0.0412 s
[TIMING] Random Forest fit/check: 0.00 ms
[TIMING] OOB/In-bag index reconstruction: 174.94 ms
[TIMING] Leaf weights & density precomputation: 59.45 ms
[TIMING] Transfer structures to backend: 0.02 ms
[TIMING] Total fit: 234.41 ms
[TIMING] Test leaf ID extraction: 34.83 ms
[TIMING] Proximity matrix accumulation: 233.91 ms
[TIMING] Neighbor sorting & quantiles: 23.01 ms
[TIMING] Total compute_uq: 292.02 ms
    [TIMING] UQ Calculation (Proximity_Baseline): 0.5266 s
[TIMING] Random Forest fit/check: 0.00 ms
[TIMING] OOB/In-bag index reconstruction: 173.28 ms
[TIMING] Leaf weights & density precomputation: 332.63 ms
[TIMING] Transfer structures to backend: 0.02 ms
[TIMING] Total fit: 505.93 ms
[TIMING] Test leaf ID extraction: 35.09 ms
[TIMING] Proximity matrix accumulation: 708.22 ms
[TIMING] Neighbor sorting & quantiles: 22.37 ms
[TIMING] Total compute_uq: 765.89 ms
    [TIMING] UQ Calculation (Proximity_Method_A): 1.2721 s
[TIMING] Random Forest fit/check: 0.00 ms
[TIMING] OOB/In-bag index reconstruction: 173.19 ms
[TIMING] Leaf weights & density precomputation: 389.26 ms
[TIMING] Transfer structures to backend: 0.02 ms
[TIMING] Total fit: 562.47 ms
[TIMING] Test leaf ID extraction: 34.46 ms
[TIMING] Proximity matrix accumulation: 708.06 ms
[TIMING] Neighbor sorting & quantiles: 9.85 ms
[TIMING] Total compute_uq: 752.62 ms
    [TIMING] UQ Calculation (Proximity_Method_B): 1.3160 s
[TIMING] Random Forest fit/check: 0.00 ms
[TIMING] OOB/In-bag index reconstruction: 177.78 ms
[TIMING] Leaf weights & density precomputation: 343.50 ms
[TIMING] Transfer structures to backend: 0.02 ms
[TIMING] Total fit: 521.29 ms
[TIMING] Test leaf ID extraction: 44.91 ms
[TIMING] Proximity matrix accumulation: 877.25 ms
[TIMING] Neighbor sorting & quantiles: 22.36 ms
[TIMING] Total compute_uq: 944.78 ms
[DEBUG DENSITY] mean walked density = 64.2632, min = 53.1545, max = 71.8924
    [TIMING] UQ Calculation (Proximity_Method_C): 1.4675 s
[TIMING] Random Forest fit/check: 0.00 ms
[TIMING] OOB/In-bag index reconstruction: 175.76 ms
[TIMING] Leaf weights & density precomputation: 333.94 ms
[TIMING] Transfer structures to backend: 0.02 ms
[TIMING] Total fit: 509.72 ms
[TIMING] Test leaf ID extraction: 34.56 ms
[TIMING] Proximity matrix accumulation: 877.35 ms
[TIMING] Neighbor sorting & quantiles: 9.88 ms
[TIMING] Total compute_uq: 922.03 ms
[DEBUG DENSITY] mean walked density = 64.2632, min = 53.1545, max = 71.8924
    [TIMING] UQ Calculation (Proximity_Method_B_C): 1.4330 s
    [TIMING] Metrics Calculation: 0.0734 s
    [TIMING] Total Single Evaluation: 6.6183 s

  >>> Starting: Function=gaussian_3d, Seed=3
    [TIMING] Data Generation: 0.0021 s
    [TIMING] Random Forest Fitting: 0.4725 s
    [TIMING] RF Predicting: 0.0425 s
    [TIMING] Base Aleatoric: 0.0416 s
[TIMING] Random Forest fit/check: 0.00 ms
[TIMING] OOB/In-bag index reconstruction: 174.74 ms
[TIMING] Leaf weights & density precomputation: 60.31 ms
[TIMING] Transfer structures to backend: 0.02 ms
[TIMING] Total fit: 235.07 ms
[TIMING] Test leaf ID extraction: 34.57 ms
[TIMING] Proximity matrix accumulation: 234.08 ms
[TIMING] Neighbor sorting & quantiles: 23.02 ms
[TIMING] Total compute_uq: 291.91 ms
    [TIMING] UQ Calculation (Proximity_Baseline): 0.5271 s
[TIMING] Random Forest fit/check: 0.00 ms
[TIMING] OOB/In-bag index reconstruction: 174.44 ms
[TIMING] Leaf weights & density precomputation: 343.62 ms
[TIMING] Transfer structures to backend: 0.01 ms
[TIMING] Total fit: 518.08 ms
[TIMING] Test leaf ID extraction: 34.50 ms
[TIMING] Proximity matrix accumulation: 707.98 ms
[TIMING] Neighbor sorting & quantiles: 22.36 ms
[TIMING] Total compute_uq: 765.07 ms
    [TIMING] UQ Calculation (Proximity_Method_A): 1.2835 s
[TIMING] Random Forest fit/check: 0.00 ms
[TIMING] OOB/In-bag index reconstruction: 176.14 ms
[TIMING] Leaf weights & density precomputation: 389.37 ms
[TIMING] Transfer structures to backend: 0.02 ms
[TIMING] Total fit: 565.53 ms
[TIMING] Test leaf ID extraction: 149.09 ms
[TIMING] Proximity matrix accumulation: 780.50 ms
[TIMING] Neighbor sorting & quantiles: 26.64 ms
[TIMING] Total compute_uq: 956.53 ms
    [TIMING] UQ Calculation (Proximity_Method_B): 1.5234 s
[TIMING] Random Forest fit/check: 0.00 ms
[TIMING] OOB/In-bag index reconstruction: 444.17 ms
[TIMING] Leaf weights & density precomputation: 691.42 ms
[TIMING] Transfer structures to backend: 0.02 ms
[TIMING] Total fit: 1135.60 ms
[TIMING] Test leaf ID extraction: 195.61 ms
[TIMING] Proximity matrix accumulation: 1269.13 ms
[TIMING] Neighbor sorting & quantiles: 22.55 ms
[TIMING] Total compute_uq: 1487.59 ms
[DEBUG DENSITY] mean walked density = 63.9404, min = 55.6342, max = 71.7547
    [TIMING] UQ Calculation (Proximity_Method_C): 2.6250 s
[TIMING] Random Forest fit/check: 0.00 ms
[TIMING] OOB/In-bag index reconstruction: 566.07 ms
[TIMING] Leaf weights & density precomputation: 629.92 ms
[TIMING] Transfer structures to backend: 0.02 ms
[TIMING] Total fit: 1196.01 ms
[TIMING] Test leaf ID extraction: 145.21 ms
[TIMING] Proximity matrix accumulation: 896.14 ms
[TIMING] Neighbor sorting & quantiles: 13.28 ms
[TIMING] Total compute_uq: 1054.93 ms
[DEBUG DENSITY] mean walked density = 63.9404, min = 55.6342, max = 71.7547
    [TIMING] UQ Calculation (Proximity_Method_B_C): 2.2527 s
    [TIMING] Metrics Calculation: 1.4223 s
    [TIMING] Total Single Evaluation: 10.1930 s

  >>> Starting: Function=sin_exp_cos, Seed=3
    [TIMING] Data Generation: 0.0213 s
    [TIMING] Random Forest Fitting: 1.4401 s
    [TIMING] RF Predicting: 0.1456 s
    [TIMING] Base Aleatoric: 0.1616 s
[TIMING] Random Forest fit/check: 0.00 ms
[TIMING] OOB/In-bag index reconstruction: 659.27 ms
[TIMING] Leaf weights & density precomputation: 141.23 ms
[TIMING] Transfer structures to backend: 0.02 ms
[TIMING] Total fit: 800.53 ms
[TIMING] Test leaf ID extraction: 46.88 ms
[TIMING] Proximity matrix accumulation: 233.79 ms
[TIMING] Neighbor sorting & quantiles: 23.14 ms
[TIMING] Total compute_uq: 304.12 ms
    [TIMING] UQ Calculation (Proximity_Baseline): 1.1049 s
[TIMING] Random Forest fit/check: 0.00 ms
[TIMING] OOB/In-bag index reconstruction: 263.91 ms
[TIMING] Leaf weights & density precomputation: 434.92 ms
[TIMING] Transfer structures to backend: 0.01 ms
[TIMING] Total fit: 698.85 ms
[TIMING] Test leaf ID extraction: 56.14 ms
[TIMING] Proximity matrix accumulation: 706.99 ms
[TIMING] Neighbor sorting & quantiles: 22.55 ms
[TIMING] Total compute_uq: 785.96 ms
    [TIMING] UQ Calculation (Proximity_Method_A): 1.4852 s
[TIMING] Random Forest fit/check: 0.00 ms
[TIMING] OOB/In-bag index reconstruction: 225.92 ms
[TIMING] Leaf weights & density precomputation: 362.92 ms
[TIMING] Transfer structures to backend: 0.01 ms
[TIMING] Total fit: 588.86 ms
[TIMING] Test leaf ID extraction: 45.27 ms
[TIMING] Proximity matrix accumulation: 709.32 ms
[TIMING] Neighbor sorting & quantiles: 10.45 ms
[TIMING] Total compute_uq: 765.26 ms
    [TIMING] UQ Calculation (Proximity_Method_B): 1.3551 s
[TIMING] Random Forest fit/check: 0.00 ms
[TIMING] OOB/In-bag index reconstruction: 189.88 ms
[TIMING] Leaf weights & density precomputation: 472.16 ms
[TIMING] Transfer structures to backend: 0.02 ms
[TIMING] Total fit: 662.06 ms
[TIMING] Test leaf ID extraction: 45.75 ms
[TIMING] Proximity matrix accumulation: 877.66 ms
[TIMING] Neighbor sorting & quantiles: 22.37 ms
[TIMING] Total compute_uq: 946.05 ms
[DEBUG DENSITY] mean walked density = 64.3386, min = 54.3113, max = 70.6391
    [TIMING] UQ Calculation (Proximity_Method_C): 1.6096 s
[TIMING] Random Forest fit/check: 0.00 ms
[TIMING] OOB/In-bag index reconstruction: 199.19 ms
[TIMING] Leaf weights & density precomputation: 338.80 ms
[TIMING] Transfer structures to backend: 0.01 ms
[TIMING] Total fit: 538.01 ms
[TIMING] Test leaf ID extraction: 45.10 ms
[TIMING] Proximity matrix accumulation: 879.12 ms
[TIMING] Neighbor sorting & quantiles: 10.00 ms
[TIMING] Total compute_uq: 934.67 ms
[DEBUG DENSITY] mean walked density = 64.3386, min = 54.3113, max = 70.6391
    [TIMING] UQ Calculation (Proximity_Method_B_C): 1.4738 s
    [TIMING] Metrics Calculation: 0.1134 s
    [TIMING] Total Single Evaluation: 8.9112 s

  >>> Starting: Function=sin_cos_4d, Seed=3
    [TIMING] Data Generation: 0.0055 s
    [TIMING] Random Forest Fitting: 0.9173 s
    [TIMING] RF Predicting: 0.0533 s
    [TIMING] Base Aleatoric: 0.0744 s
[TIMING] Random Forest fit/check: 0.00 ms
[TIMING] OOB/In-bag index reconstruction: 215.52 ms
[TIMING] Leaf weights & density precomputation: 70.61 ms
[TIMING] Transfer structures to backend: 0.02 ms
[TIMING] Total fit: 286.16 ms
[TIMING] Test leaf ID extraction: 56.58 ms
[TIMING] Proximity matrix accumulation: 461.92 ms
[TIMING] Neighbor sorting & quantiles: 39.63 ms
[TIMING] Total compute_uq: 558.42 ms
    [TIMING] UQ Calculation (Proximity_Baseline): 0.8448 s
[TIMING] Random Forest fit/check: 0.00 ms
[TIMING] OOB/In-bag index reconstruction: 191.92 ms
[TIMING] Leaf weights & density precomputation: 415.46 ms
[TIMING] Transfer structures to backend: 0.02 ms
[TIMING] Total fit: 607.39 ms
[TIMING] Test leaf ID extraction: 46.26 ms
[TIMING] Proximity matrix accumulation: 1269.13 ms
[TIMING] Neighbor sorting & quantiles: 38.69 ms
[TIMING] Total compute_uq: 1354.37 ms
    [TIMING] UQ Calculation (Proximity_Method_A): 1.9621 s
[TIMING] Random Forest fit/check: 0.00 ms
[TIMING] OOB/In-bag index reconstruction: 192.07 ms
[TIMING] Leaf weights & density precomputation: 412.82 ms
[TIMING] Transfer structures to backend: 0.03 ms
[TIMING] Total fit: 604.93 ms
[TIMING] Test leaf ID extraction: 47.02 ms
[TIMING] Proximity matrix accumulation: 1269.26 ms
[TIMING] Neighbor sorting & quantiles: 15.17 ms
[TIMING] Total compute_uq: 1331.77 ms
    [TIMING] UQ Calculation (Proximity_Method_B): 1.9380 s
[TIMING] Random Forest fit/check: 0.01 ms
[TIMING] OOB/In-bag index reconstruction: 254.78 ms
[TIMING] Leaf weights & density precomputation: 413.95 ms
[TIMING] Transfer structures to backend: 0.02 ms
[TIMING] Total fit: 668.75 ms
[TIMING] Test leaf ID extraction: 46.48 ms
[TIMING] Proximity matrix accumulation: 1575.79 ms
[TIMING] Neighbor sorting & quantiles: 39.05 ms
[TIMING] Total compute_uq: 1661.69 ms
[DEBUG DENSITY] mean walked density = 64.3914, min = 53.0339, max = 71.5510
    [TIMING] UQ Calculation (Proximity_Method_C): 2.3321 s
[TIMING] Random Forest fit/check: 0.00 ms
[TIMING] OOB/In-bag index reconstruction: 191.06 ms
[TIMING] Leaf weights & density precomputation: 412.81 ms
[TIMING] Transfer structures to backend: 0.02 ms
[TIMING] Total fit: 603.90 ms
[TIMING] Test leaf ID extraction: 46.35 ms
[TIMING] Proximity matrix accumulation: 1577.17 ms
[TIMING] Neighbor sorting & quantiles: 14.61 ms
[TIMING] Total compute_uq: 1638.40 ms
[DEBUG DENSITY] mean walked density = 64.3914, min = 53.0339, max = 71.5510
    [TIMING] UQ Calculation (Proximity_Method_B_C): 2.2439 s
    [TIMING] Metrics Calculation: 0.1294 s
    [TIMING] Total Single Evaluation: 10.5012 s

  >>> Starting: Function=quadratic_4d, Seed=3
    [TIMING] Data Generation: 0.0044 s
    [TIMING] Random Forest Fitting: 0.7582 s
    [TIMING] RF Predicting: 0.0529 s
    [TIMING] Base Aleatoric: 0.0551 s
[TIMING] Random Forest fit/check: 0.00 ms
[TIMING] OOB/In-bag index reconstruction: 202.78 ms
[TIMING] Leaf weights & density precomputation: 78.24 ms
[TIMING] Transfer structures to backend: 0.02 ms
[TIMING] Total fit: 281.04 ms
[TIMING] Test leaf ID extraction: 45.62 ms
[TIMING] Proximity matrix accumulation: 460.30 ms
[TIMING] Neighbor sorting & quantiles: 39.65 ms
[TIMING] Total compute_uq: 545.84 ms
    [TIMING] UQ Calculation (Proximity_Baseline): 0.8271 s
[TIMING] Random Forest fit/check: 0.00 ms
[TIMING] OOB/In-bag index reconstruction: 191.76 ms
[TIMING] Leaf weights & density precomputation: 404.85 ms
[TIMING] Transfer structures to backend: 0.02 ms
[TIMING] Total fit: 596.63 ms
[TIMING] Test leaf ID extraction: 46.61 ms
[TIMING] Proximity matrix accumulation: 1265.97 ms
[TIMING] Neighbor sorting & quantiles: 38.87 ms
[TIMING] Total compute_uq: 1351.76 ms
    [TIMING] UQ Calculation (Proximity_Method_A): 1.9488 s
[TIMING] Random Forest fit/check: 0.00 ms
[TIMING] OOB/In-bag index reconstruction: 217.33 ms
[TIMING] Leaf weights & density precomputation: 397.62 ms
[TIMING] Transfer structures to backend: 0.02 ms
[TIMING] Total fit: 614.97 ms
[TIMING] Test leaf ID extraction: 45.93 ms
[TIMING] Proximity matrix accumulation: 1266.19 ms
[TIMING] Neighbor sorting & quantiles: 15.02 ms
[TIMING] Total compute_uq: 1327.42 ms
    [TIMING] UQ Calculation (Proximity_Method_B): 1.9435 s
[TIMING] Random Forest fit/check: 0.00 ms
[TIMING] OOB/In-bag index reconstruction: 204.89 ms
[TIMING] Leaf weights & density precomputation: 401.73 ms
[TIMING] Transfer structures to backend: 0.03 ms
[TIMING] Total fit: 606.66 ms
[TIMING] Test leaf ID extraction: 46.83 ms
[TIMING] Proximity matrix accumulation: 1578.98 ms
[TIMING] Neighbor sorting & quantiles: 39.03 ms
[TIMING] Total compute_uq: 1665.15 ms
[DEBUG DENSITY] mean walked density = 64.4319, min = 55.3379, max = 69.2257
    [TIMING] UQ Calculation (Proximity_Method_C): 2.2735 s
[TIMING] Random Forest fit/check: 0.00 ms
[TIMING] OOB/In-bag index reconstruction: 191.32 ms
[TIMING] Leaf weights & density precomputation: 412.99 ms
[TIMING] Transfer structures to backend: 0.02 ms
[TIMING] Total fit: 604.33 ms
[TIMING] Test leaf ID extraction: 56.85 ms
[TIMING] Proximity matrix accumulation: 1583.36 ms
[TIMING] Neighbor sorting & quantiles: 13.93 ms
[TIMING] Total compute_uq: 1654.45 ms
[DEBUG DENSITY] mean walked density = 64.4319, min = 55.3379, max = 69.2257
    [TIMING] UQ Calculation (Proximity_Method_B_C): 2.2605 s
    [TIMING] Metrics Calculation: 0.0913 s
    [TIMING] Total Single Evaluation: 10.2156 s

  >>> Starting: Function=sin_sum_4d, Seed=3
    [TIMING] Data Generation: 0.0032 s
    [TIMING] Random Forest Fitting: 0.7179 s
    [TIMING] RF Predicting: 0.0429 s
    [TIMING] Base Aleatoric: 0.0550 s
[TIMING] Random Forest fit/check: 0.00 ms
[TIMING] OOB/In-bag index reconstruction: 190.83 ms
[TIMING] Leaf weights & density precomputation: 68.92 ms
[TIMING] Transfer structures to backend: 0.02 ms
[TIMING] Total fit: 259.77 ms
[TIMING] Test leaf ID extraction: 46.25 ms
[TIMING] Proximity matrix accumulation: 462.04 ms
[TIMING] Neighbor sorting & quantiles: 39.80 ms
[TIMING] Total compute_uq: 548.42 ms
    [TIMING] UQ Calculation (Proximity_Baseline): 0.8084 s
[TIMING] Random Forest fit/check: 0.00 ms
[TIMING] OOB/In-bag index reconstruction: 191.08 ms
[TIMING] Leaf weights & density precomputation: 392.58 ms
[TIMING] Transfer structures to backend: 0.02 ms
[TIMING] Total fit: 583.68 ms
[TIMING] Test leaf ID extraction: 57.44 ms
[TIMING] Proximity matrix accumulation: 1269.12 ms
[TIMING] Neighbor sorting & quantiles: 38.75 ms
[TIMING] Total compute_uq: 1365.64 ms
    [TIMING] UQ Calculation (Proximity_Method_A): 1.9497 s
[TIMING] Random Forest fit/check: 0.00 ms
[TIMING] OOB/In-bag index reconstruction: 191.31 ms
[TIMING] Leaf weights & density precomputation: 391.98 ms
[TIMING] Transfer structures to backend: 0.02 ms
[TIMING] Total fit: 583.32 ms
[TIMING] Test leaf ID extraction: 46.76 ms
[TIMING] Proximity matrix accumulation: 1270.32 ms
[TIMING] Neighbor sorting & quantiles: 15.25 ms
[TIMING] Total compute_uq: 1332.62 ms
    [TIMING] UQ Calculation (Proximity_Method_B): 1.9171 s
[TIMING] Random Forest fit/check: 0.00 ms
[TIMING] OOB/In-bag index reconstruction: 190.89 ms
[TIMING] Leaf weights & density precomputation: 390.39 ms
[TIMING] Transfer structures to backend: 0.02 ms
[TIMING] Total fit: 581.30 ms
[TIMING] Test leaf ID extraction: 46.51 ms
[TIMING] Proximity matrix accumulation: 1580.80 ms
[TIMING] Neighbor sorting & quantiles: 38.73 ms
[TIMING] Total compute_uq: 1666.35 ms
[DEBUG DENSITY] mean walked density = 63.6252, min = 52.3476, max = 69.7389
    [TIMING] UQ Calculation (Proximity_Method_C): 2.2491 s
[TIMING] Random Forest fit/check: 0.00 ms
[TIMING] OOB/In-bag index reconstruction: 191.17 ms
[TIMING] Leaf weights & density precomputation: 390.82 ms
[TIMING] Transfer structures to backend: 0.02 ms
[TIMING] Total fit: 582.01 ms
[TIMING] Test leaf ID extraction: 46.13 ms
[TIMING] Proximity matrix accumulation: 1582.30 ms
[TIMING] Neighbor sorting & quantiles: 14.42 ms
[TIMING] Total compute_uq: 1643.13 ms
[DEBUG DENSITY] mean walked density = 63.6252, min = 52.3476, max = 69.7389
    [TIMING] UQ Calculation (Proximity_Method_B_C): 2.2266 s
    [TIMING] Metrics Calculation: 0.1513 s
    [TIMING] Total Single Evaluation: 10.1216 s

  >>> Starting: Function=sin_cos_5d, Seed=3
    [TIMING] Data Generation: 0.0076 s
    [TIMING] Random Forest Fitting: 1.3716 s
    [TIMING] RF Predicting: 0.0532 s
    [TIMING] Base Aleatoric: 0.0576 s
[TIMING] Random Forest fit/check: 0.00 ms
[TIMING] OOB/In-bag index reconstruction: 229.65 ms
[TIMING] Leaf weights & density precomputation: 73.45 ms
[TIMING] Transfer structures to backend: 0.02 ms
[TIMING] Total fit: 303.12 ms
[TIMING] Test leaf ID extraction: 46.16 ms
[TIMING] Proximity matrix accumulation: 748.86 ms
[TIMING] Neighbor sorting & quantiles: 63.51 ms
[TIMING] Total compute_uq: 858.84 ms
    [TIMING] UQ Calculation (Proximity_Baseline): 1.1622 s
[TIMING] Random Forest fit/check: 0.00 ms
[TIMING] OOB/In-bag index reconstruction: 227.70 ms
[TIMING] Leaf weights & density precomputation: 486.29 ms
[TIMING] Transfer structures to backend: 0.02 ms
[TIMING] Total fit: 714.01 ms
[TIMING] Test leaf ID extraction: 46.63 ms
[TIMING] Proximity matrix accumulation: 1972.27 ms
[TIMING] Neighbor sorting & quantiles: 62.55 ms
[TIMING] Total compute_uq: 2081.78 ms
    [TIMING] UQ Calculation (Proximity_Method_A): 2.7962 s
[TIMING] Random Forest fit/check: 0.00 ms
[TIMING] OOB/In-bag index reconstruction: 228.53 ms
[TIMING] Leaf weights & density precomputation: 488.62 ms
[TIMING] Transfer structures to backend: 0.02 ms
[TIMING] Total fit: 717.18 ms
[TIMING] Test leaf ID extraction: 56.17 ms
[TIMING] Proximity matrix accumulation: 1970.83 ms
[TIMING] Neighbor sorting & quantiles: 19.69 ms
[TIMING] Total compute_uq: 2046.98 ms
    [TIMING] UQ Calculation (Proximity_Method_B): 2.7655 s
[TIMING] Random Forest fit/check: 0.00 ms
[TIMING] OOB/In-bag index reconstruction: 242.27 ms
[TIMING] Leaf weights & density precomputation: 487.01 ms
[TIMING] Transfer structures to backend: 0.03 ms
[TIMING] Total fit: 729.31 ms
[TIMING] Test leaf ID extraction: 45.79 ms
[TIMING] Proximity matrix accumulation: 2468.63 ms
[TIMING] Neighbor sorting & quantiles: 62.49 ms
[TIMING] Total compute_uq: 2577.28 ms
[DEBUG DENSITY] mean walked density = 64.1644, min = 60.0913, max = 68.5588
    [TIMING] UQ Calculation (Proximity_Method_C): 3.3083 s
[TIMING] Random Forest fit/check: 0.00 ms
[TIMING] OOB/In-bag index reconstruction: 240.08 ms
[TIMING] Leaf weights & density precomputation: 484.87 ms
[TIMING] Transfer structures to backend: 0.02 ms
[TIMING] Total fit: 724.97 ms
[TIMING] Test leaf ID extraction: 46.42 ms
[TIMING] Proximity matrix accumulation: 2467.20 ms
[TIMING] Neighbor sorting & quantiles: 19.81 ms
[TIMING] Total compute_uq: 2533.75 ms
[DEBUG DENSITY] mean walked density = 64.1644, min = 60.0913, max = 68.5588
    [TIMING] UQ Calculation (Proximity_Method_B_C): 3.2602 s
    [TIMING] Metrics Calculation: 0.0973 s
    [TIMING] Total Single Evaluation: 14.8800 s

  >>> Starting: Function=quadratic_5d, Seed=3
    [TIMING] Data Generation: 0.0044 s
    [TIMING] Random Forest Fitting: 1.0261 s
    [TIMING] RF Predicting: 0.0430 s
    [TIMING] Base Aleatoric: 0.0661 s
[TIMING] Random Forest fit/check: 0.00 ms
[TIMING] OOB/In-bag index reconstruction: 231.02 ms
[TIMING] Leaf weights & density precomputation: 73.87 ms
[TIMING] Transfer structures to backend: 0.02 ms
[TIMING] Total fit: 304.91 ms
[TIMING] Test leaf ID extraction: 36.84 ms
[TIMING] Proximity matrix accumulation: 748.76 ms
[TIMING] Neighbor sorting & quantiles: 63.83 ms
[TIMING] Total compute_uq: 849.76 ms
    [TIMING] UQ Calculation (Proximity_Baseline): 1.1549 s
[TIMING] Random Forest fit/check: 0.00 ms
[TIMING] OOB/In-bag index reconstruction: 230.02 ms
[TIMING] Leaf weights & density precomputation: 445.84 ms
[TIMING] Transfer structures to backend: 0.02 ms
[TIMING] Total fit: 675.88 ms
[TIMING] Test leaf ID extraction: 46.84 ms
[TIMING] Proximity matrix accumulation: 1971.83 ms
[TIMING] Neighbor sorting & quantiles: 62.63 ms
[TIMING] Total compute_uq: 2081.65 ms
    [TIMING] UQ Calculation (Proximity_Method_A): 2.7580 s
[TIMING] Random Forest fit/check: 0.00 ms
[TIMING] OOB/In-bag index reconstruction: 229.44 ms
[TIMING] Leaf weights & density precomputation: 448.41 ms
[TIMING] Transfer structures to backend: 0.02 ms
[TIMING] Total fit: 677.88 ms
[TIMING] Test leaf ID extraction: 46.10 ms
[TIMING] Proximity matrix accumulation: 1970.91 ms
[TIMING] Neighbor sorting & quantiles: 20.00 ms
[TIMING] Total compute_uq: 2037.33 ms
    [TIMING] UQ Calculation (Proximity_Method_B): 2.7163 s
[TIMING] Random Forest fit/check: 0.00 ms
[TIMING] OOB/In-bag index reconstruction: 223.21 ms
[TIMING] Leaf weights & density precomputation: 444.55 ms
[TIMING] Transfer structures to backend: 0.02 ms
[TIMING] Total fit: 667.78 ms
[TIMING] Test leaf ID extraction: 46.16 ms
[TIMING] Proximity matrix accumulation: 2465.27 ms
[TIMING] Neighbor sorting & quantiles: 62.63 ms
[TIMING] Total compute_uq: 2574.38 ms
[DEBUG DENSITY] mean walked density = 63.9287, min = 57.9044, max = 68.2555
    [TIMING] UQ Calculation (Proximity_Method_C): 3.2437 s
[TIMING] Random Forest fit/check: 0.00 ms
[TIMING] OOB/In-bag index reconstruction: 228.45 ms
[TIMING] Leaf weights & density precomputation: 450.07 ms
[TIMING] Transfer structures to backend: 0.02 ms
[TIMING] Total fit: 678.54 ms
[TIMING] Test leaf ID extraction: 46.91 ms
[TIMING] Proximity matrix accumulation: 2467.48 ms
[TIMING] Neighbor sorting & quantiles: 19.52 ms
[TIMING] Total compute_uq: 2534.25 ms
[DEBUG DENSITY] mean walked density = 63.9287, min = 57.9044, max = 68.2555
    [TIMING] UQ Calculation (Proximity_Method_B_C): 3.2143 s
    [TIMING] Metrics Calculation: 0.1368 s
    [TIMING] Total Single Evaluation: 14.3641 s

  >>> Starting: Function=gaussian_5d, Seed=3
    [TIMING] Data Generation: 0.0061 s
    [TIMING] Random Forest Fitting: 1.0855 s
    [TIMING] RF Predicting: 0.0432 s
    [TIMING] Base Aleatoric: 0.0573 s
[TIMING] Random Forest fit/check: 0.00 ms
[TIMING] OOB/In-bag index reconstruction: 228.71 ms
[TIMING] Leaf weights & density precomputation: 71.90 ms
[TIMING] Transfer structures to backend: 0.03 ms
[TIMING] Total fit: 300.63 ms
[TIMING] Test leaf ID extraction: 47.00 ms
[TIMING] Proximity matrix accumulation: 749.13 ms
[TIMING] Neighbor sorting & quantiles: 63.78 ms
[TIMING] Total compute_uq: 860.46 ms
    [TIMING] UQ Calculation (Proximity_Baseline): 1.1613 s
[TIMING] Random Forest fit/check: 0.00 ms
[TIMING] OOB/In-bag index reconstruction: 239.51 ms
[TIMING] Leaf weights & density precomputation: 452.82 ms
[TIMING] Transfer structures to backend: 0.02 ms
[TIMING] Total fit: 692.35 ms
[TIMING] Test leaf ID extraction: 46.03 ms
[TIMING] Proximity matrix accumulation: 1971.83 ms
[TIMING] Neighbor sorting & quantiles: 62.29 ms
[TIMING] Total compute_uq: 2080.42 ms
    [TIMING] UQ Calculation (Proximity_Method_A): 2.7733 s
[TIMING] Random Forest fit/check: 0.00 ms
[TIMING] OOB/In-bag index reconstruction: 236.74 ms
[TIMING] Leaf weights & density precomputation: 448.84 ms
[TIMING] Transfer structures to backend: 0.02 ms
[TIMING] Total fit: 685.60 ms
[TIMING] Test leaf ID extraction: 47.15 ms
[TIMING] Proximity matrix accumulation: 1971.24 ms
[TIMING] Neighbor sorting & quantiles: 19.13 ms
[TIMING] Total compute_uq: 2037.83 ms
    [TIMING] UQ Calculation (Proximity_Method_B): 2.7246 s
[TIMING] Random Forest fit/check: 0.00 ms
[TIMING] OOB/In-bag index reconstruction: 227.46 ms
[TIMING] Leaf weights & density precomputation: 445.98 ms
[TIMING] Transfer structures to backend: 0.02 ms
[TIMING] Total fit: 673.46 ms
[TIMING] Test leaf ID extraction: 47.34 ms
[TIMING] Proximity matrix accumulation: 2468.40 ms
[TIMING] Neighbor sorting & quantiles: 62.32 ms
[TIMING] Total compute_uq: 2578.32 ms
[DEBUG DENSITY] mean walked density = 63.8356, min = 57.1186, max = 69.8456
    [TIMING] UQ Calculation (Proximity_Method_C): 3.2533 s
[TIMING] Random Forest fit/check: 0.00 ms
[TIMING] OOB/In-bag index reconstruction: 226.40 ms
[TIMING] Leaf weights & density precomputation: 449.61 ms
[TIMING] Transfer structures to backend: 0.02 ms
[TIMING] Total fit: 676.03 ms
[TIMING] Test leaf ID extraction: 46.27 ms
[TIMING] Proximity matrix accumulation: 2468.19 ms
[TIMING] Neighbor sorting & quantiles: 18.61 ms
[TIMING] Total compute_uq: 2533.35 ms
[DEBUG DENSITY] mean walked density = 63.8356, min = 57.1186, max = 69.8456
    [TIMING] UQ Calculation (Proximity_Method_B_C): 3.2107 s
    [TIMING] Metrics Calculation: 0.1013 s
    [TIMING] Total Single Evaluation: 14.4171 s

  >>> Starting: Function=sin_cos_6d, Seed=3
    [TIMING] Data Generation: 0.0080 s
    [TIMING] Random Forest Fitting: 1.9725 s
    [TIMING] RF Predicting: 0.0430 s
    [TIMING] Base Aleatoric: 0.0592 s
[TIMING] Random Forest fit/check: 0.00 ms
[TIMING] OOB/In-bag index reconstruction: 230.00 ms
[TIMING] Leaf weights & density precomputation: 77.30 ms
[TIMING] Transfer structures to backend: 0.02 ms
[TIMING] Total fit: 307.32 ms
[TIMING] Test leaf ID extraction: 47.18 ms
[TIMING] Proximity matrix accumulation: 1098.25 ms
[TIMING] Neighbor sorting & quantiles: 90.46 ms
[TIMING] Total compute_uq: 1236.19 ms
    [TIMING] UQ Calculation (Proximity_Baseline): 1.5437 s
[TIMING] Random Forest fit/check: 0.00 ms
[TIMING] OOB/In-bag index reconstruction: 230.40 ms
[TIMING] Leaf weights & density precomputation: 562.78 ms
[TIMING] Transfer structures to backend: 0.02 ms
[TIMING] Total fit: 793.20 ms
[TIMING] Test leaf ID extraction: 57.41 ms
[TIMING] Proximity matrix accumulation: 2824.22 ms
[TIMING] Neighbor sorting & quantiles: 89.01 ms
[TIMING] Total compute_uq: 2971.00 ms
    [TIMING] UQ Calculation (Proximity_Method_A): 3.7646 s
[TIMING] Random Forest fit/check: 0.00 ms
[TIMING] OOB/In-bag index reconstruction: 229.38 ms
[TIMING] Leaf weights & density precomputation: 576.68 ms
[TIMING] Transfer structures to backend: 0.02 ms
[TIMING] Total fit: 806.07 ms
[TIMING] Test leaf ID extraction: 47.54 ms
[TIMING] Proximity matrix accumulation: 2821.01 ms
[TIMING] Neighbor sorting & quantiles: 25.78 ms
[TIMING] Total compute_uq: 2894.66 ms
    [TIMING] UQ Calculation (Proximity_Method_B): 3.7019 s
[TIMING] Random Forest fit/check: 0.00 ms
[TIMING] OOB/In-bag index reconstruction: 240.23 ms
[TIMING] Leaf weights & density precomputation: 566.04 ms
[TIMING] Transfer structures to backend: 0.02 ms
[TIMING] Total fit: 806.28 ms
[TIMING] Test leaf ID extraction: 58.06 ms
[TIMING] Proximity matrix accumulation: 3530.24 ms
[TIMING] Neighbor sorting & quantiles: 89.04 ms
[TIMING] Total compute_uq: 3677.71 ms
[DEBUG DENSITY] mean walked density = 63.7818, min = 60.0212, max = 68.6819
    [TIMING] UQ Calculation (Proximity_Method_C): 4.4856 s
[TIMING] Random Forest fit/check: 0.00 ms
[TIMING] OOB/In-bag index reconstruction: 230.86 ms
[TIMING] Leaf weights & density precomputation: 560.48 ms
[TIMING] Transfer structures to backend: 0.02 ms
[TIMING] Total fit: 791.36 ms
[TIMING] Test leaf ID extraction: 57.69 ms
[TIMING] Proximity matrix accumulation: 3526.58 ms
[TIMING] Neighbor sorting & quantiles: 26.33 ms
[TIMING] Total compute_uq: 3610.97 ms
[DEBUG DENSITY] mean walked density = 63.7818, min = 60.0212, max = 68.6819
    [TIMING] UQ Calculation (Proximity_Method_B_C): 4.4037 s
    [TIMING] Metrics Calculation: 0.1567 s
    [TIMING] Total Single Evaluation: 20.1396 s

  >>> Starting: Function=quadratic_6d, Seed=3
    [TIMING] Data Generation: 0.0083 s
    [TIMING] Random Forest Fitting: 1.5152 s
    [TIMING] RF Predicting: 0.0534 s
    [TIMING] Base Aleatoric: 0.0601 s
[TIMING] Random Forest fit/check: 0.00 ms
[TIMING] OOB/In-bag index reconstruction: 231.17 ms
[TIMING] Leaf weights & density precomputation: 98.29 ms
[TIMING] Transfer structures to backend: 0.02 ms
[TIMING] Total fit: 329.47 ms
[TIMING] Test leaf ID extraction: 47.86 ms
[TIMING] Proximity matrix accumulation: 1098.48 ms
[TIMING] Neighbor sorting & quantiles: 91.29 ms
[TIMING] Total compute_uq: 1237.92 ms
    [TIMING] UQ Calculation (Proximity_Baseline): 1.5676 s
[TIMING] Random Forest fit/check: 0.00 ms
[TIMING] OOB/In-bag index reconstruction: 240.71 ms
[TIMING] Leaf weights & density precomputation: 539.29 ms
[TIMING] Transfer structures to backend: 0.01 ms
[TIMING] Total fit: 780.01 ms
[TIMING] Test leaf ID extraction: 46.71 ms
[TIMING] Proximity matrix accumulation: 2822.43 ms
[TIMING] Neighbor sorting & quantiles: 88.89 ms
[TIMING] Total compute_uq: 2958.36 ms
    [TIMING] UQ Calculation (Proximity_Method_A): 3.7387 s
[TIMING] Random Forest fit/check: 0.00 ms
[TIMING] OOB/In-bag index reconstruction: 240.29 ms
[TIMING] Leaf weights & density precomputation: 538.48 ms
[TIMING] Transfer structures to backend: 0.02 ms
[TIMING] Total fit: 778.78 ms
[TIMING] Test leaf ID extraction: 56.84 ms
[TIMING] Proximity matrix accumulation: 2815.46 ms
[TIMING] Neighbor sorting & quantiles: 25.58 ms
[TIMING] Total compute_uq: 2898.17 ms
    [TIMING] UQ Calculation (Proximity_Method_B): 3.6781 s
[TIMING] Random Forest fit/check: 0.00 ms
[TIMING] OOB/In-bag index reconstruction: 229.73 ms
[TIMING] Leaf weights & density precomputation: 522.58 ms
[TIMING] Transfer structures to backend: 0.02 ms
[TIMING] Total fit: 752.33 ms
[TIMING] Test leaf ID extraction: 47.02 ms
[TIMING] Proximity matrix accumulation: 3524.88 ms
[TIMING] Neighbor sorting & quantiles: 89.21 ms
[TIMING] Total compute_uq: 3661.48 ms
[DEBUG DENSITY] mean walked density = 63.6475, min = 53.5171, max = 69.5856
    [TIMING] UQ Calculation (Proximity_Method_C): 4.4154 s
[TIMING] Random Forest fit/check: 0.00 ms
[TIMING] OOB/In-bag index reconstruction: 238.70 ms
[TIMING] Leaf weights & density precomputation: 527.59 ms
[TIMING] Transfer structures to backend: 0.02 ms
[TIMING] Total fit: 766.30 ms
[TIMING] Test leaf ID extraction: 47.46 ms
[TIMING] Proximity matrix accumulation: 3524.18 ms
[TIMING] Neighbor sorting & quantiles: 25.77 ms
[TIMING] Total compute_uq: 3597.74 ms
[DEBUG DENSITY] mean walked density = 63.6475, min = 53.5171, max = 69.5856
    [TIMING] UQ Calculation (Proximity_Method_B_C): 4.3656 s
    [TIMING] Metrics Calculation: 0.1472 s
    [TIMING] Total Single Evaluation: 19.5501 s

  >>> Starting: Function=friedman_6d, Seed=3
    [TIMING] Data Generation: 0.0089 s
    [TIMING] Random Forest Fitting: 1.3575 s
    [TIMING] RF Predicting: 0.0430 s
    [TIMING] Base Aleatoric: 0.0592 s
[TIMING] Random Forest fit/check: 0.00 ms
[TIMING] OOB/In-bag index reconstruction: 229.11 ms
[TIMING] Leaf weights & density precomputation: 78.82 ms
[TIMING] Transfer structures to backend: 0.02 ms
[TIMING] Total fit: 307.94 ms
[TIMING] Test leaf ID extraction: 47.69 ms
[TIMING] Proximity matrix accumulation: 1098.46 ms
[TIMING] Neighbor sorting & quantiles: 91.08 ms
[TIMING] Total compute_uq: 1237.54 ms
    [TIMING] UQ Calculation (Proximity_Baseline): 1.5456 s
[TIMING] Random Forest fit/check: 0.00 ms
[TIMING] OOB/In-bag index reconstruction: 229.50 ms
[TIMING] Leaf weights & density precomputation: 498.99 ms
[TIMING] Transfer structures to backend: 0.02 ms
[TIMING] Total fit: 728.51 ms
[TIMING] Test leaf ID extraction: 47.13 ms
[TIMING] Proximity matrix accumulation: 2825.08 ms
[TIMING] Neighbor sorting & quantiles: 88.91 ms
[TIMING] Total compute_uq: 2961.46 ms
    [TIMING] UQ Calculation (Proximity_Method_A): 3.6903 s
[TIMING] Random Forest fit/check: 0.00 ms
[TIMING] OOB/In-bag index reconstruction: 229.06 ms
[TIMING] Leaf weights & density precomputation: 512.74 ms
[TIMING] Transfer structures to backend: 0.02 ms
[TIMING] Total fit: 741.83 ms
[TIMING] Test leaf ID extraction: 46.97 ms
[TIMING] Proximity matrix accumulation: 2822.49 ms
[TIMING] Neighbor sorting & quantiles: 25.60 ms
[TIMING] Total compute_uq: 2895.39 ms
    [TIMING] UQ Calculation (Proximity_Method_B): 3.6384 s
[TIMING] Random Forest fit/check: 0.00 ms
[TIMING] OOB/In-bag index reconstruction: 229.00 ms
[TIMING] Leaf weights & density precomputation: 516.44 ms
[TIMING] Transfer structures to backend: 0.01 ms
[TIMING] Total fit: 745.45 ms
[TIMING] Test leaf ID extraction: 47.30 ms
[TIMING] Proximity matrix accumulation: 3527.50 ms
[TIMING] Neighbor sorting & quantiles: 88.95 ms
[TIMING] Total compute_uq: 3664.11 ms
[DEBUG DENSITY] mean walked density = 64.3091, min = 55.2814, max = 69.3023
    [TIMING] UQ Calculation (Proximity_Method_C): 4.4111 s
[TIMING] Random Forest fit/check: 0.00 ms
[TIMING] OOB/In-bag index reconstruction: 241.22 ms
[TIMING] Leaf weights & density precomputation: 498.05 ms
[TIMING] Transfer structures to backend: 0.02 ms
[TIMING] Total fit: 739.28 ms
[TIMING] Test leaf ID extraction: 58.27 ms
[TIMING] Proximity matrix accumulation: 3524.98 ms
[TIMING] Neighbor sorting & quantiles: 25.39 ms
[TIMING] Total compute_uq: 3609.02 ms
[DEBUG DENSITY] mean walked density = 64.3091, min = 55.2814, max = 69.3023
    [TIMING] UQ Calculation (Proximity_Method_B_C): 4.3498 s
    [TIMING] Metrics Calculation: 0.1798 s
    [TIMING] Total Single Evaluation: 19.2842 s

  >>> Starting: Function=sin_cos_7d, Seed=3
    [TIMING] Data Generation: 0.0144 s
    [TIMING] Random Forest Fitting: 3.5426 s
    [TIMING] RF Predicting: 0.3274 s
    [TIMING] Base Aleatoric: 0.2559 s
[TIMING] Random Forest fit/check: 0.00 ms
[TIMING] OOB/In-bag index reconstruction: 697.78 ms
[TIMING] Leaf weights & density precomputation: 197.75 ms
[TIMING] Transfer structures to backend: 0.02 ms
[TIMING] Total fit: 895.54 ms
[TIMING] Test leaf ID extraction: 255.44 ms
[TIMING] Proximity matrix accumulation: 1565.85 ms
[TIMING] Neighbor sorting & quantiles: 163.46 ms
[TIMING] Total compute_uq: 1985.22 ms
    [TIMING] UQ Calculation (Proximity_Baseline): 2.8810 s
[TIMING] Random Forest fit/check: 0.00 ms
[TIMING] OOB/In-bag index reconstruction: 797.65 ms
[TIMING] Leaf weights & density precomputation: 947.22 ms
[TIMING] Transfer structures to backend: 0.02 ms
[TIMING] Total fit: 1744.90 ms
[TIMING] Test leaf ID extraction: 292.57 ms
[TIMING] Proximity matrix accumulation: 3826.51 ms
[TIMING] Neighbor sorting & quantiles: 120.07 ms
[TIMING] Total compute_uq: 4239.64 ms
    [TIMING] UQ Calculation (Proximity_Method_A): 5.9851 s
[TIMING] Random Forest fit/check: 0.00 ms
[TIMING] OOB/In-bag index reconstruction: 341.12 ms
[TIMING] Leaf weights & density precomputation: 922.94 ms
[TIMING] Transfer structures to backend: 0.02 ms
[TIMING] Total fit: 1264.09 ms
[TIMING] Test leaf ID extraction: 58.60 ms
[TIMING] Proximity matrix accumulation: 3822.69 ms
[TIMING] Neighbor sorting & quantiles: 35.13 ms
[TIMING] Total compute_uq: 3916.88 ms
    [TIMING] UQ Calculation (Proximity_Method_B): 5.1824 s
[TIMING] Random Forest fit/check: 0.00 ms
[TIMING] OOB/In-bag index reconstruction: 340.62 ms
[TIMING] Leaf weights & density precomputation: 919.62 ms
[TIMING] Transfer structures to backend: 0.02 ms
[TIMING] Total fit: 1260.26 ms
[TIMING] Test leaf ID extraction: 58.46 ms
[TIMING] Proximity matrix accumulation: 4772.97 ms
[TIMING] Neighbor sorting & quantiles: 120.11 ms
[TIMING] Total compute_uq: 4951.99 ms
[DEBUG DENSITY] mean walked density = 64.4438, min = 60.3781, max = 67.7583
    [TIMING] UQ Calculation (Proximity_Method_C): 6.2142 s
[TIMING] Random Forest fit/check: 0.00 ms
[TIMING] OOB/In-bag index reconstruction: 252.10 ms
[TIMING] Leaf weights & density precomputation: 641.37 ms
[TIMING] Transfer structures to backend: 0.02 ms
[TIMING] Total fit: 893.49 ms
[TIMING] Test leaf ID extraction: 58.09 ms
[TIMING] Proximity matrix accumulation: 4777.31 ms
[TIMING] Neighbor sorting & quantiles: 33.58 ms
[TIMING] Total compute_uq: 4869.33 ms
[DEBUG DENSITY] mean walked density = 64.4438, min = 60.3781, max = 67.7583
    [TIMING] UQ Calculation (Proximity_Method_B_C): 5.7643 s
    [TIMING] Metrics Calculation: 0.1587 s
    [TIMING] Total Single Evaluation: 30.3268 s

  >>> Starting: Function=quadratic_7d, Seed=3
    [TIMING] Data Generation: 0.0122 s
    [TIMING] Random Forest Fitting: 2.1382 s
    [TIMING] RF Predicting: 0.0530 s
    [TIMING] Base Aleatoric: 0.0619 s
[TIMING] Random Forest fit/check: 0.00 ms
[TIMING] OOB/In-bag index reconstruction: 240.74 ms
[TIMING] Leaf weights & density precomputation: 84.21 ms
[TIMING] Transfer structures to backend: 0.02 ms
[TIMING] Total fit: 324.96 ms
[TIMING] Test leaf ID extraction: 47.31 ms
[TIMING] Proximity matrix accumulation: 1518.61 ms
[TIMING] Neighbor sorting & quantiles: 122.80 ms
[TIMING] Total compute_uq: 1689.09 ms
    [TIMING] UQ Calculation (Proximity_Baseline): 2.0142 s
[TIMING] Random Forest fit/check: 0.00 ms
[TIMING] OOB/In-bag index reconstruction: 240.91 ms
[TIMING] Leaf weights & density precomputation: 588.07 ms
[TIMING] Transfer structures to backend: 0.01 ms
[TIMING] Total fit: 828.99 ms
[TIMING] Test leaf ID extraction: 58.33 ms
[TIMING] Proximity matrix accumulation: 3821.14 ms
[TIMING] Neighbor sorting & quantiles: 120.18 ms
[TIMING] Total compute_uq: 4000.08 ms
    [TIMING] UQ Calculation (Proximity_Method_A): 4.8295 s
[TIMING] Random Forest fit/check: 0.00 ms
[TIMING] OOB/In-bag index reconstruction: 231.48 ms
[TIMING] Leaf weights & density precomputation: 637.22 ms
[TIMING] Transfer structures to backend: 0.02 ms
[TIMING] Total fit: 868.72 ms
[TIMING] Test leaf ID extraction: 70.07 ms
[TIMING] Proximity matrix accumulation: 3827.52 ms
[TIMING] Neighbor sorting & quantiles: 34.96 ms
[TIMING] Total compute_uq: 3932.93 ms
    [TIMING] UQ Calculation (Proximity_Method_B): 4.8033 s
[TIMING] Random Forest fit/check: 0.00 ms
[TIMING] OOB/In-bag index reconstruction: 254.14 ms
[TIMING] Leaf weights & density precomputation: 604.63 ms
[TIMING] Transfer structures to backend: 0.02 ms
[TIMING] Total fit: 858.79 ms
[TIMING] Test leaf ID extraction: 56.92 ms
[TIMING] Proximity matrix accumulation: 4766.53 ms
[TIMING] Neighbor sorting & quantiles: 119.92 ms
[TIMING] Total compute_uq: 4943.75 ms
[DEBUG DENSITY] mean walked density = 63.9708, min = 55.7307, max = 69.7043
    [TIMING] UQ Calculation (Proximity_Method_C): 5.8040 s
[TIMING] Random Forest fit/check: 0.00 ms
[TIMING] OOB/In-bag index reconstruction: 239.94 ms
[TIMING] Leaf weights & density precomputation: 581.70 ms
[TIMING] Transfer structures to backend: 0.02 ms
[TIMING] Total fit: 821.66 ms
[TIMING] Test leaf ID extraction: 48.18 ms
[TIMING] Proximity matrix accumulation: 4777.10 ms
[TIMING] Neighbor sorting & quantiles: 33.54 ms
[TIMING] Total compute_uq: 4859.18 ms
[DEBUG DENSITY] mean walked density = 63.9708, min = 55.7307, max = 69.7043
    [TIMING] UQ Calculation (Proximity_Method_B_C): 5.6825 s
    [TIMING] Metrics Calculation: 0.1703 s
    [TIMING] Total Single Evaluation: 25.5698 s

  >>> Starting: Function=interaction_7d, Seed=3
    [TIMING] Data Generation: 0.0118 s
    [TIMING] Random Forest Fitting: 1.9464 s
    [TIMING] RF Predicting: 0.0533 s
    [TIMING] Base Aleatoric: 0.0845 s
[TIMING] Random Forest fit/check: 0.00 ms
[TIMING] OOB/In-bag index reconstruction: 252.74 ms
[TIMING] Leaf weights & density precomputation: 83.24 ms
[TIMING] Transfer structures to backend: 0.02 ms
[TIMING] Total fit: 336.00 ms
[TIMING] Test leaf ID extraction: 47.36 ms
[TIMING] Proximity matrix accumulation: 1518.03 ms
[TIMING] Neighbor sorting & quantiles: 122.71 ms
[TIMING] Total compute_uq: 1688.42 ms
    [TIMING] UQ Calculation (Proximity_Baseline): 2.0246 s
[TIMING] Random Forest fit/check: 0.00 ms
[TIMING] OOB/In-bag index reconstruction: 241.08 ms
[TIMING] Leaf weights & density precomputation: 571.80 ms
[TIMING] Transfer structures to backend: 0.01 ms
[TIMING] Total fit: 812.89 ms
[TIMING] Test leaf ID extraction: 46.12 ms
[TIMING] Proximity matrix accumulation: 3821.44 ms
[TIMING] Neighbor sorting & quantiles: 119.94 ms
[TIMING] Total compute_uq: 3987.83 ms
    [TIMING] UQ Calculation (Proximity_Method_A): 4.8011 s
[TIMING] Random Forest fit/check: 0.00 ms
[TIMING] OOB/In-bag index reconstruction: 269.47 ms
[TIMING] Leaf weights & density precomputation: 612.36 ms
[TIMING] Transfer structures to backend: 0.02 ms
[TIMING] Total fit: 881.85 ms
[TIMING] Test leaf ID extraction: 58.60 ms
[TIMING] Proximity matrix accumulation: 3827.92 ms
[TIMING] Neighbor sorting & quantiles: 33.80 ms
[TIMING] Total compute_uq: 3920.72 ms
    [TIMING] UQ Calculation (Proximity_Method_B): 4.8036 s
[TIMING] Random Forest fit/check: 0.00 ms
[TIMING] OOB/In-bag index reconstruction: 240.74 ms
[TIMING] Leaf weights & density precomputation: 571.41 ms
[TIMING] Transfer structures to backend: 0.02 ms
[TIMING] Total fit: 812.17 ms
[TIMING] Test leaf ID extraction: 58.48 ms
[TIMING] Proximity matrix accumulation: 4772.15 ms
[TIMING] Neighbor sorting & quantiles: 119.95 ms
[TIMING] Total compute_uq: 4950.97 ms
[DEBUG DENSITY] mean walked density = 63.8484, min = 57.5477, max = 71.0680
    [TIMING] UQ Calculation (Proximity_Method_C): 5.7649 s
[TIMING] Random Forest fit/check: 0.00 ms
[TIMING] OOB/In-bag index reconstruction: 239.30 ms
[TIMING] Leaf weights & density precomputation: 626.27 ms
[TIMING] Transfer structures to backend: 0.02 ms
[TIMING] Total fit: 865.60 ms
[TIMING] Test leaf ID extraction: 47.80 ms
[TIMING] Proximity matrix accumulation: 4776.81 ms
[TIMING] Neighbor sorting & quantiles: 34.02 ms
[TIMING] Total compute_uq: 4858.93 ms
[DEBUG DENSITY] mean walked density = 63.8484, min = 57.5477, max = 71.0680
    [TIMING] UQ Calculation (Proximity_Method_B_C): 5.7259 s
    [TIMING] Metrics Calculation: 0.1398 s
    [TIMING] Total Single Evaluation: 25.3565 s

  >>> Starting: Function=sin_cos_8d, Seed=3
    [TIMING] Data Generation: 0.0186 s
    [TIMING] Random Forest Fitting: 3.5934 s
    [TIMING] RF Predicting: 0.0522 s
    [TIMING] Base Aleatoric: 0.0744 s
[TIMING] Random Forest fit/check: 0.00 ms
[TIMING] OOB/In-bag index reconstruction: 243.45 ms
[TIMING] Leaf weights & density precomputation: 92.19 ms
[TIMING] Transfer structures to backend: 0.02 ms
[TIMING] Total fit: 335.66 ms
[TIMING] Test leaf ID extraction: 59.51 ms
[TIMING] Proximity matrix accumulation: 1995.91 ms
[TIMING] Neighbor sorting & quantiles: 158.11 ms
[TIMING] Total compute_uq: 2213.92 ms
    [TIMING] UQ Calculation (Proximity_Baseline): 2.5498 s
[TIMING] Random Forest fit/check: 0.00 ms
[TIMING] OOB/In-bag index reconstruction: 243.91 ms
[TIMING] Leaf weights & density precomputation: 709.21 ms
[TIMING] Transfer structures to backend: 0.02 ms
[TIMING] Total fit: 953.15 ms
[TIMING] Test leaf ID extraction: 59.93 ms
[TIMING] Proximity matrix accumulation: 4978.95 ms
[TIMING] Neighbor sorting & quantiles: 155.89 ms
[TIMING] Total compute_uq: 5195.17 ms
    [TIMING] UQ Calculation (Proximity_Method_A): 6.1488 s
[TIMING] Random Forest fit/check: 0.00 ms
[TIMING] OOB/In-bag index reconstruction: 256.50 ms
[TIMING] Leaf weights & density precomputation: 712.01 ms
[TIMING] Transfer structures to backend: 0.02 ms
[TIMING] Total fit: 968.52 ms
[TIMING] Test leaf ID extraction: 59.65 ms
[TIMING] Proximity matrix accumulation: 4978.13 ms
[TIMING] Neighbor sorting & quantiles: 41.93 ms
[TIMING] Total compute_uq: 5080.12 ms
    [TIMING] UQ Calculation (Proximity_Method_B): 6.0499 s
[TIMING] Random Forest fit/check: 0.00 ms
[TIMING] OOB/In-bag index reconstruction: 243.13 ms
[TIMING] Leaf weights & density precomputation: 708.70 ms
[TIMING] Transfer structures to backend: 0.02 ms
[TIMING] Total fit: 951.84 ms
[TIMING] Test leaf ID extraction: 71.62 ms
[TIMING] Proximity matrix accumulation: 6219.00 ms
[TIMING] Neighbor sorting & quantiles: 155.87 ms
[TIMING] Total compute_uq: 6446.91 ms
[DEBUG DENSITY] mean walked density = 63.8963, min = 59.8447, max = 67.8150
    [TIMING] UQ Calculation (Proximity_Method_C): 7.4003 s
[TIMING] Random Forest fit/check: 0.00 ms
[TIMING] OOB/In-bag index reconstruction: 243.76 ms
[TIMING] Leaf weights & density precomputation: 704.61 ms
[TIMING] Transfer structures to backend: 0.02 ms
[TIMING] Total fit: 948.38 ms
[TIMING] Test leaf ID extraction: 59.63 ms
[TIMING] Proximity matrix accumulation: 6209.58 ms
[TIMING] Neighbor sorting & quantiles: 42.31 ms
[TIMING] Total compute_uq: 6312.01 ms
[DEBUG DENSITY] mean walked density = 63.8963, min = 59.8447, max = 67.8150
    [TIMING] UQ Calculation (Proximity_Method_B_C): 7.2619 s
    [TIMING] Metrics Calculation: 0.1514 s
    [TIMING] Total Single Evaluation: 33.3012 s

  >>> Starting: Function=quadratic_8d, Seed=3
    [TIMING] Data Generation: 0.0107 s
    [TIMING] Random Forest Fitting: 2.6281 s
    [TIMING] RF Predicting: 0.0528 s
    [TIMING] Base Aleatoric: 0.0852 s
[TIMING] Random Forest fit/check: 0.00 ms
[TIMING] OOB/In-bag index reconstruction: 253.88 ms
[TIMING] Leaf weights & density precomputation: 89.50 ms
[TIMING] Transfer structures to backend: 0.02 ms
[TIMING] Total fit: 343.40 ms
[TIMING] Test leaf ID extraction: 59.65 ms
[TIMING] Proximity matrix accumulation: 1995.60 ms
[TIMING] Neighbor sorting & quantiles: 159.52 ms
[TIMING] Total compute_uq: 2215.18 ms
    [TIMING] UQ Calculation (Proximity_Baseline): 2.5588 s
[TIMING] Random Forest fit/check: 0.00 ms
[TIMING] OOB/In-bag index reconstruction: 241.97 ms
[TIMING] Leaf weights & density precomputation: 648.56 ms
[TIMING] Transfer structures to backend: 0.01 ms
[TIMING] Total fit: 890.55 ms
[TIMING] Test leaf ID extraction: 59.78 ms
[TIMING] Proximity matrix accumulation: 4976.43 ms
[TIMING] Neighbor sorting & quantiles: 155.68 ms
[TIMING] Total compute_uq: 5192.27 ms
    [TIMING] UQ Calculation (Proximity_Method_A): 6.0832 s
[TIMING] Random Forest fit/check: 0.00 ms
[TIMING] OOB/In-bag index reconstruction: 243.80 ms
[TIMING] Leaf weights & density precomputation: 645.29 ms
[TIMING] Transfer structures to backend: 0.02 ms
[TIMING] Total fit: 889.10 ms
[TIMING] Test leaf ID extraction: 60.05 ms
[TIMING] Proximity matrix accumulation: 4975.50 ms
[TIMING] Neighbor sorting & quantiles: 41.96 ms
[TIMING] Total compute_uq: 5077.88 ms
    [TIMING] UQ Calculation (Proximity_Method_B): 5.9681 s
[TIMING] Random Forest fit/check: 0.00 ms
[TIMING] OOB/In-bag index reconstruction: 243.23 ms
[TIMING] Leaf weights & density precomputation: 645.09 ms
[TIMING] Transfer structures to backend: 0.02 ms
[TIMING] Total fit: 888.33 ms
[TIMING] Test leaf ID extraction: 59.40 ms
[TIMING] Proximity matrix accumulation: 6216.89 ms
[TIMING] Neighbor sorting & quantiles: 155.89 ms
[TIMING] Total compute_uq: 6432.60 ms
[DEBUG DENSITY] mean walked density = 63.8608, min = 56.7677, max = 68.5456
    [TIMING] UQ Calculation (Proximity_Method_C): 7.3224 s
[TIMING] Random Forest fit/check: 0.00 ms
[TIMING] OOB/In-bag index reconstruction: 254.58 ms
[TIMING] Leaf weights & density precomputation: 647.11 ms
[TIMING] Transfer structures to backend: 0.02 ms
[TIMING] Total fit: 901.72 ms
[TIMING] Test leaf ID extraction: 59.58 ms
[TIMING] Proximity matrix accumulation: 6197.43 ms
[TIMING] Neighbor sorting & quantiles: 42.47 ms
[TIMING] Total compute_uq: 6299.89 ms
[DEBUG DENSITY] mean walked density = 63.8608, min = 56.7677, max = 68.5456
    [TIMING] UQ Calculation (Proximity_Method_B_C): 7.2032 s
    [TIMING] Metrics Calculation: 0.1766 s
    [TIMING] Total Single Evaluation: 32.0897 s

  >>> Starting: Function=exp_sum_8d, Seed=3
    [TIMING] Data Generation: 0.0156 s
    [TIMING] Random Forest Fitting: 3.0260 s
    [TIMING] RF Predicting: 0.0525 s
    [TIMING] Base Aleatoric: 0.0745 s
[TIMING] Random Forest fit/check: 0.00 ms
[TIMING] OOB/In-bag index reconstruction: 243.26 ms
[TIMING] Leaf weights & density precomputation: 88.65 ms
[TIMING] Transfer structures to backend: 0.02 ms
[TIMING] Total fit: 331.93 ms
[TIMING] Test leaf ID extraction: 59.34 ms
[TIMING] Proximity matrix accumulation: 1996.69 ms
[TIMING] Neighbor sorting & quantiles: 158.82 ms
[TIMING] Total compute_uq: 2215.25 ms
    [TIMING] UQ Calculation (Proximity_Baseline): 2.5473 s
[TIMING] Random Forest fit/check: 0.00 ms
[TIMING] OOB/In-bag index reconstruction: 242.14 ms
[TIMING] Leaf weights & density precomputation: 651.05 ms
[TIMING] Transfer structures to backend: 0.02 ms
[TIMING] Total fit: 893.21 ms
[TIMING] Test leaf ID extraction: 59.39 ms
[TIMING] Proximity matrix accumulation: 4998.84 ms
[TIMING] Neighbor sorting & quantiles: 188.72 ms
[TIMING] Total compute_uq: 5247.38 ms
    [TIMING] UQ Calculation (Proximity_Method_A): 6.1409 s
[TIMING] Random Forest fit/check: 0.00 ms
[TIMING] OOB/In-bag index reconstruction: 630.03 ms
[TIMING] Leaf weights & density precomputation: 1799.50 ms
[TIMING] Transfer structures to backend: 0.05 ms
[TIMING] Total fit: 2429.58 ms
[TIMING] Test leaf ID extraction: 260.74 ms
[TIMING] Proximity matrix accumulation: 5036.88 ms
[TIMING] Neighbor sorting & quantiles: 65.39 ms
[TIMING] Total compute_uq: 5363.44 ms
    [TIMING] UQ Calculation (Proximity_Method_B): 7.8078 s
[TIMING] Random Forest fit/check: 0.00 ms
[TIMING] OOB/In-bag index reconstruction: 363.23 ms
[TIMING] Leaf weights & density precomputation: 679.42 ms
[TIMING] Transfer structures to backend: 0.02 ms
[TIMING] Total fit: 1042.67 ms
[TIMING] Test leaf ID extraction: 60.56 ms
[TIMING] Proximity matrix accumulation: 6211.32 ms
[TIMING] Neighbor sorting & quantiles: 155.98 ms
[TIMING] Total compute_uq: 6428.32 ms
[DEBUG DENSITY] mean walked density = 64.1760, min = 60.1514, max = 69.8388
    [TIMING] UQ Calculation (Proximity_Method_C): 7.4730 s
[TIMING] Random Forest fit/check: 0.00 ms
[TIMING] OOB/In-bag index reconstruction: 258.97 ms
[TIMING] Leaf weights & density precomputation: 658.91 ms
[TIMING] Transfer structures to backend: 0.02 ms
[TIMING] Total fit: 917.90 ms
[TIMING] Test leaf ID extraction: 58.97 ms
[TIMING] Proximity matrix accumulation: 6206.61 ms
[TIMING] Neighbor sorting & quantiles: 42.33 ms
[TIMING] Total compute_uq: 6308.29 ms
[DEBUG DENSITY] mean walked density = 64.1760, min = 60.1514, max = 69.8388
    [TIMING] UQ Calculation (Proximity_Method_B_C): 7.2276 s
    [TIMING] Metrics Calculation: 0.1377 s
    [TIMING] Total Single Evaluation: 34.5036 s

  >>> Starting: Function=sin_cos_9d, Seed=3
    [TIMING] Data Generation: 0.0159 s
    [TIMING] Random Forest Fitting: 4.7092 s
    [TIMING] RF Predicting: 0.0636 s
    [TIMING] Base Aleatoric: 0.1747 s
[TIMING] Random Forest fit/check: 0.00 ms
[TIMING] OOB/In-bag index reconstruction: 619.65 ms
[TIMING] Leaf weights & density precomputation: 224.55 ms
[TIMING] Transfer structures to backend: 0.03 ms
[TIMING] Total fit: 844.23 ms
[TIMING] Test leaf ID extraction: 242.04 ms
[TIMING] Proximity matrix accumulation: 2677.82 ms
[TIMING] Neighbor sorting & quantiles: 381.88 ms
[TIMING] Total compute_uq: 3302.37 ms
    [TIMING] UQ Calculation (Proximity_Baseline): 4.1470 s
[TIMING] Random Forest fit/check: 0.00 ms
[TIMING] OOB/In-bag index reconstruction: 1200.20 ms
[TIMING] Leaf weights & density precomputation: 1352.33 ms
[TIMING] Transfer structures to backend: 0.02 ms
[TIMING] Total fit: 2552.55 ms
[TIMING] Test leaf ID extraction: 308.84 ms
[TIMING] Proximity matrix accumulation: 6351.48 ms
[TIMING] Neighbor sorting & quantiles: 269.39 ms
[TIMING] Total compute_uq: 6930.23 ms
    [TIMING] UQ Calculation (Proximity_Method_A): 9.4833 s
[TIMING] Random Forest fit/check: 0.00 ms
[TIMING] OOB/In-bag index reconstruction: 327.09 ms
[TIMING] Leaf weights & density precomputation: 786.79 ms
[TIMING] Transfer structures to backend: 0.02 ms
[TIMING] Total fit: 1113.89 ms
[TIMING] Test leaf ID extraction: 68.81 ms
[TIMING] Proximity matrix accumulation: 6316.11 ms
[TIMING] Neighbor sorting & quantiles: 52.07 ms
[TIMING] Total compute_uq: 6437.46 ms
    [TIMING] UQ Calculation (Proximity_Method_B): 7.5524 s
[TIMING] Random Forest fit/check: 0.00 ms
[TIMING] OOB/In-bag index reconstruction: 337.33 ms
[TIMING] Leaf weights & density precomputation: 784.18 ms
[TIMING] Transfer structures to backend: 0.02 ms
[TIMING] Total fit: 1121.53 ms
[TIMING] Test leaf ID extraction: 79.52 ms
[TIMING] Proximity matrix accumulation: 7867.61 ms
[TIMING] Neighbor sorting & quantiles: 207.63 ms
[TIMING] Total compute_uq: 8155.34 ms
[DEBUG DENSITY] mean walked density = 64.5406, min = 61.4014, max = 67.9882
    [TIMING] UQ Calculation (Proximity_Method_C): 9.2786 s
[TIMING] Random Forest fit/check: 0.00 ms
[TIMING] OOB/In-bag index reconstruction: 328.48 ms
[TIMING] Leaf weights & density precomputation: 787.70 ms
[TIMING] Transfer structures to backend: 0.02 ms
[TIMING] Total fit: 1116.20 ms
[TIMING] Test leaf ID extraction: 67.99 ms
[TIMING] Proximity matrix accumulation: 7871.39 ms
[TIMING] Neighbor sorting & quantiles: 53.24 ms
[TIMING] Total compute_uq: 7993.05 ms
[DEBUG DENSITY] mean walked density = 64.5406, min = 61.4014, max = 67.9882
    [TIMING] UQ Calculation (Proximity_Method_B_C): 9.1108 s
    [TIMING] Metrics Calculation: 0.1996 s
    [TIMING] Total Single Evaluation: 44.7357 s

  >>> Starting: Function=quadratic_9d, Seed=3
    [TIMING] Data Generation: 0.0179 s
    [TIMING] Random Forest Fitting: 3.4770 s
    [TIMING] RF Predicting: 0.0533 s
    [TIMING] Base Aleatoric: 0.0784 s
[TIMING] Random Forest fit/check: 0.00 ms
[TIMING] OOB/In-bag index reconstruction: 328.95 ms
[TIMING] Leaf weights & density precomputation: 96.32 ms
[TIMING] Transfer structures to backend: 0.02 ms
[TIMING] Total fit: 425.29 ms
[TIMING] Test leaf ID extraction: 59.45 ms
[TIMING] Proximity matrix accumulation: 2526.71 ms
[TIMING] Neighbor sorting & quantiles: 211.99 ms
[TIMING] Total compute_uq: 2798.59 ms
    [TIMING] UQ Calculation (Proximity_Baseline): 3.2241 s
[TIMING] Random Forest fit/check: 0.00 ms
[TIMING] OOB/In-bag index reconstruction: 327.82 ms
[TIMING] Leaf weights & density precomputation: 717.65 ms
[TIMING] Transfer structures to backend: 0.02 ms
[TIMING] Total fit: 1045.49 ms
[TIMING] Test leaf ID extraction: 58.08 ms
[TIMING] Proximity matrix accumulation: 6304.86 ms
[TIMING] Neighbor sorting & quantiles: 207.78 ms
[TIMING] Total compute_uq: 6571.20 ms
    [TIMING] UQ Calculation (Proximity_Method_A): 7.6173 s
[TIMING] Random Forest fit/check: 0.00 ms
[TIMING] OOB/In-bag index reconstruction: 330.01 ms
[TIMING] Leaf weights & density precomputation: 723.38 ms
[TIMING] Transfer structures to backend: 0.02 ms
[TIMING] Total fit: 1053.41 ms
[TIMING] Test leaf ID extraction: 58.08 ms
[TIMING] Proximity matrix accumulation: 6303.84 ms
[TIMING] Neighbor sorting & quantiles: 53.54 ms
[TIMING] Total compute_uq: 6415.89 ms
    [TIMING] UQ Calculation (Proximity_Method_B): 7.4705 s
[TIMING] Random Forest fit/check: 0.00 ms
[TIMING] OOB/In-bag index reconstruction: 340.78 ms
[TIMING] Leaf weights & density precomputation: 719.34 ms
[TIMING] Transfer structures to backend: 0.02 ms
[TIMING] Total fit: 1060.15 ms
[TIMING] Test leaf ID extraction: 68.61 ms
[TIMING] Proximity matrix accumulation: 7856.80 ms
[TIMING] Neighbor sorting & quantiles: 207.44 ms
[TIMING] Total compute_uq: 8133.32 ms
[DEBUG DENSITY] mean walked density = 63.8414, min = 58.0043, max = 68.8021
    [TIMING] UQ Calculation (Proximity_Method_C): 9.1951 s
[TIMING] Random Forest fit/check: 0.00 ms
[TIMING] OOB/In-bag index reconstruction: 328.44 ms
[TIMING] Leaf weights & density precomputation: 715.42 ms
[TIMING] Transfer structures to backend: 0.02 ms
[TIMING] Total fit: 1043.88 ms
[TIMING] Test leaf ID extraction: 59.64 ms
[TIMING] Proximity matrix accumulation: 7861.45 ms
[TIMING] Neighbor sorting & quantiles: 51.96 ms
[TIMING] Total compute_uq: 7973.45 ms
[DEBUG DENSITY] mean walked density = 63.8414, min = 58.0043, max = 68.8021
    [TIMING] UQ Calculation (Proximity_Method_B_C): 9.0188 s
    [TIMING] Metrics Calculation: 0.1952 s
    [TIMING] Total Single Evaluation: 40.3484 s

  >>> Starting: Function=multi_modal_9d, Seed=3
    [TIMING] Data Generation: 0.0221 s
    [TIMING] Random Forest Fitting: 4.1737 s
    [TIMING] RF Predicting: 0.0545 s
    [TIMING] Base Aleatoric: 0.1002 s
[TIMING] Random Forest fit/check: 0.00 ms
[TIMING] OOB/In-bag index reconstruction: 452.54 ms
[TIMING] Leaf weights & density precomputation: 115.51 ms
[TIMING] Transfer structures to backend: 0.02 ms
[TIMING] Total fit: 568.08 ms
[TIMING] Test leaf ID extraction: 69.17 ms
[TIMING] Proximity matrix accumulation: 2525.62 ms
[TIMING] Neighbor sorting & quantiles: 211.30 ms
[TIMING] Total compute_uq: 2806.63 ms
    [TIMING] UQ Calculation (Proximity_Baseline): 3.3751 s
[TIMING] Random Forest fit/check: 0.03 ms
[TIMING] OOB/In-bag index reconstruction: 337.60 ms
[TIMING] Leaf weights & density precomputation: 729.08 ms
[TIMING] Transfer structures to backend: 0.02 ms
[TIMING] Total fit: 1066.74 ms
[TIMING] Test leaf ID extraction: 69.09 ms
[TIMING] Proximity matrix accumulation: 6319.68 ms
[TIMING] Neighbor sorting & quantiles: 206.62 ms
[TIMING] Total compute_uq: 6595.79 ms
    [TIMING] UQ Calculation (Proximity_Method_A): 7.6630 s
[TIMING] Random Forest fit/check: 0.00 ms
[TIMING] OOB/In-bag index reconstruction: 325.65 ms
[TIMING] Leaf weights & density precomputation: 745.24 ms
[TIMING] Transfer structures to backend: 0.01 ms
[TIMING] Total fit: 1070.91 ms
[TIMING] Test leaf ID extraction: 70.15 ms
[TIMING] Proximity matrix accumulation: 6313.84 ms
[TIMING] Neighbor sorting & quantiles: 51.95 ms
[TIMING] Total compute_uq: 6436.38 ms
    [TIMING] UQ Calculation (Proximity_Method_B): 7.5085 s
[TIMING] Random Forest fit/check: 0.00 ms
[TIMING] OOB/In-bag index reconstruction: 327.50 ms
[TIMING] Leaf weights & density precomputation: 744.08 ms
[TIMING] Transfer structures to backend: 0.02 ms
[TIMING] Total fit: 1071.60 ms
[TIMING] Test leaf ID extraction: 68.58 ms
[TIMING] Proximity matrix accumulation: 7866.58 ms
[TIMING] Neighbor sorting & quantiles: 206.78 ms
[TIMING] Total compute_uq: 8142.36 ms
[DEBUG DENSITY] mean walked density = 64.5031, min = 60.2849, max = 68.3886
    [TIMING] UQ Calculation (Proximity_Method_C): 9.2156 s
[TIMING] Random Forest fit/check: 0.00 ms
[TIMING] OOB/In-bag index reconstruction: 329.95 ms
[TIMING] Leaf weights & density precomputation: 750.02 ms
[TIMING] Transfer structures to backend: 0.02 ms
[TIMING] Total fit: 1079.98 ms
[TIMING] Test leaf ID extraction: 68.92 ms
[TIMING] Proximity matrix accumulation: 7871.05 ms
[TIMING] Neighbor sorting & quantiles: 52.25 ms
[TIMING] Total compute_uq: 7992.59 ms
[DEBUG DENSITY] mean walked density = 64.5031, min = 60.2849, max = 68.3886
    [TIMING] UQ Calculation (Proximity_Method_B_C): 9.0740 s
    [TIMING] Metrics Calculation: 0.1716 s
    [TIMING] Total Single Evaluation: 41.3590 s

  >>> Starting: Function=sin_cos_10d, Seed=3
    [TIMING] Data Generation: 0.0213 s
    [TIMING] Random Forest Fitting: 6.2944 s
    [TIMING] RF Predicting: 0.0631 s
    [TIMING] Base Aleatoric: 0.0909 s
[TIMING] Random Forest fit/check: 0.00 ms
[TIMING] OOB/In-bag index reconstruction: 338.39 ms
[TIMING] Leaf weights & density precomputation: 102.14 ms
[TIMING] Transfer structures to backend: 0.02 ms
[TIMING] Total fit: 440.54 ms
[TIMING] Test leaf ID extraction: 69.85 ms
[TIMING] Proximity matrix accumulation: 3140.51 ms
[TIMING] Neighbor sorting & quantiles: 258.49 ms
[TIMING] Total compute_uq: 3469.27 ms
    [TIMING] UQ Calculation (Proximity_Baseline): 3.9100 s
[TIMING] Random Forest fit/check: 0.00 ms
[TIMING] OOB/In-bag index reconstruction: 336.96 ms
[TIMING] Leaf weights & density precomputation: 873.57 ms
[TIMING] Transfer structures to backend: 0.01 ms
[TIMING] Total fit: 1210.55 ms
[TIMING] Test leaf ID extraction: 69.24 ms
[TIMING] Proximity matrix accumulation: 7780.87 ms
[TIMING] Neighbor sorting & quantiles: 254.42 ms
[TIMING] Total compute_uq: 8104.99 ms
    [TIMING] UQ Calculation (Proximity_Method_A): 9.3160 s
[TIMING] Random Forest fit/check: 0.00 ms
[TIMING] OOB/In-bag index reconstruction: 340.44 ms
[TIMING] Leaf weights & density precomputation: 875.95 ms
[TIMING] Transfer structures to backend: 0.02 ms
[TIMING] Total fit: 1216.41 ms
[TIMING] Test leaf ID extraction: 69.70 ms
[TIMING] Proximity matrix accumulation: 7785.55 ms
[TIMING] Neighbor sorting & quantiles: 62.32 ms
[TIMING] Total compute_uq: 7917.98 ms
    [TIMING] UQ Calculation (Proximity_Method_B): 9.1356 s
[TIMING] Random Forest fit/check: 0.00 ms
[TIMING] OOB/In-bag index reconstruction: 339.21 ms
[TIMING] Leaf weights & density precomputation: 875.80 ms
[TIMING] Transfer structures to backend: 0.02 ms
[TIMING] Total fit: 1215.02 ms
[TIMING] Test leaf ID extraction: 80.07 ms
[TIMING] Proximity matrix accumulation: 9678.74 ms
[TIMING] Neighbor sorting & quantiles: 287.01 ms
[TIMING] Total compute_uq: 10046.41 ms
[DEBUG DENSITY] mean walked density = 64.7456, min = 60.9284, max = 68.6950
    [TIMING] UQ Calculation (Proximity_Method_C): 11.2632 s
[TIMING] Random Forest fit/check: 0.00 ms
[TIMING] OOB/In-bag index reconstruction: 1052.85 ms
[TIMING] Leaf weights & density precomputation: 2200.84 ms
[TIMING] Transfer structures to backend: 0.02 ms
[TIMING] Total fit: 3253.72 ms
[TIMING] Test leaf ID extraction: 80.16 ms
[TIMING] Proximity matrix accumulation: 9678.66 ms
[TIMING] Neighbor sorting & quantiles: 65.44 ms
[TIMING] Total compute_uq: 9824.80 ms
[DEBUG DENSITY] mean walked density = 64.7456, min = 60.9284, max = 68.6950
    [TIMING] UQ Calculation (Proximity_Method_B_C): 13.0808 s
    [TIMING] Metrics Calculation: 0.2428 s
    [TIMING] Total Single Evaluation: 53.4188 s

  >>> Starting: Function=quadratic_10d, Seed=3
    [TIMING] Data Generation: 0.0234 s
    [TIMING] Random Forest Fitting: 4.4465 s
    [TIMING] RF Predicting: 0.0645 s
    [TIMING] Base Aleatoric: 0.1065 s
[TIMING] Random Forest fit/check: 0.00 ms
[TIMING] OOB/In-bag index reconstruction: 454.78 ms
[TIMING] Leaf weights & density precomputation: 127.38 ms
[TIMING] Transfer structures to backend: 0.02 ms
[TIMING] Total fit: 582.18 ms
[TIMING] Test leaf ID extraction: 71.20 ms
[TIMING] Proximity matrix accumulation: 3137.84 ms
[TIMING] Neighbor sorting & quantiles: 261.10 ms
[TIMING] Total compute_uq: 3470.67 ms
    [TIMING] UQ Calculation (Proximity_Baseline): 4.0533 s
[TIMING] Random Forest fit/check: 0.00 ms
[TIMING] OOB/In-bag index reconstruction: 339.44 ms
[TIMING] Leaf weights & density precomputation: 779.76 ms
[TIMING] Transfer structures to backend: 0.02 ms
[TIMING] Total fit: 1119.22 ms
[TIMING] Test leaf ID extraction: 69.24 ms
[TIMING] Proximity matrix accumulation: 7773.63 ms
[TIMING] Neighbor sorting & quantiles: 254.75 ms
[TIMING] Total compute_uq: 8098.04 ms
    [TIMING] UQ Calculation (Proximity_Method_A): 9.2178 s
[TIMING] Random Forest fit/check: 0.00 ms
[TIMING] OOB/In-bag index reconstruction: 327.56 ms
[TIMING] Leaf weights & density precomputation: 776.82 ms
[TIMING] Transfer structures to backend: 0.02 ms
[TIMING] Total fit: 1104.40 ms
[TIMING] Test leaf ID extraction: 69.29 ms
[TIMING] Proximity matrix accumulation: 7782.51 ms
[TIMING] Neighbor sorting & quantiles: 62.62 ms
[TIMING] Total compute_uq: 7914.85 ms
    [TIMING] UQ Calculation (Proximity_Method_B): 9.0204 s
[TIMING] Random Forest fit/check: 0.00 ms
[TIMING] OOB/In-bag index reconstruction: 339.16 ms
[TIMING] Leaf weights & density precomputation: 778.89 ms
[TIMING] Transfer structures to backend: 0.02 ms
[TIMING] Total fit: 1118.07 ms
[TIMING] Test leaf ID extraction: 69.59 ms
[TIMING] Proximity matrix accumulation: 9669.53 ms
[TIMING] Neighbor sorting & quantiles: 254.55 ms
[TIMING] Total compute_uq: 9994.16 ms
[DEBUG DENSITY] mean walked density = 64.2311, min = 58.0176, max = 68.0686
    [TIMING] UQ Calculation (Proximity_Method_C): 11.1140 s
[TIMING] Random Forest fit/check: 0.01 ms
[TIMING] OOB/In-bag index reconstruction: 631.57 ms
[TIMING] Leaf weights & density precomputation: 1025.39 ms
[TIMING] Transfer structures to backend: 0.02 ms
[TIMING] Total fit: 1656.99 ms
[TIMING] Test leaf ID extraction: 303.99 ms
[TIMING] Proximity matrix accumulation: 9715.64 ms
[TIMING] Neighbor sorting & quantiles: 89.05 ms
[TIMING] Total compute_uq: 10109.24 ms
[DEBUG DENSITY] mean walked density = 64.2311, min = 58.0176, max = 68.0686
    [TIMING] UQ Calculation (Proximity_Method_B_C): 11.7680 s
    [TIMING] Metrics Calculation: 3.0237 s
    [TIMING] Total Single Evaluation: 52.8389 s

  >>> Starting: Function=friedman_10d, Seed=3
    [TIMING] Data Generation: 0.0228 s
    [TIMING] Random Forest Fitting: 4.1704 s
    [TIMING] RF Predicting: 0.0636 s
    [TIMING] Base Aleatoric: 0.1012 s
[TIMING] Random Forest fit/check: 0.00 ms
[TIMING] OOB/In-bag index reconstruction: 346.60 ms
[TIMING] Leaf weights & density precomputation: 103.21 ms
[TIMING] Transfer structures to backend: 0.03 ms
[TIMING] Total fit: 449.83 ms
[TIMING] Test leaf ID extraction: 80.21 ms
[TIMING] Proximity matrix accumulation: 3140.35 ms
[TIMING] Neighbor sorting & quantiles: 261.33 ms
[TIMING] Total compute_uq: 3482.38 ms
    [TIMING] UQ Calculation (Proximity_Baseline): 3.9325 s
[TIMING] Random Forest fit/check: 0.00 ms
[TIMING] OOB/In-bag index reconstruction: 341.52 ms
[TIMING] Leaf weights & density precomputation: 737.70 ms
[TIMING] Transfer structures to backend: 0.03 ms
[TIMING] Total fit: 1079.25 ms
[TIMING] Test leaf ID extraction: 80.00 ms
[TIMING] Proximity matrix accumulation: 7792.69 ms
[TIMING] Neighbor sorting & quantiles: 254.45 ms
[TIMING] Total compute_uq: 8127.56 ms
    [TIMING] UQ Calculation (Proximity_Method_A): 9.2072 s
[TIMING] Random Forest fit/check: 0.00 ms
[TIMING] OOB/In-bag index reconstruction: 340.63 ms
[TIMING] Leaf weights & density precomputation: 732.96 ms
[TIMING] Transfer structures to backend: 0.02 ms
[TIMING] Total fit: 1073.61 ms
[TIMING] Test leaf ID extraction: 78.60 ms
[TIMING] Proximity matrix accumulation: 7796.27 ms
[TIMING] Neighbor sorting & quantiles: 62.49 ms
[TIMING] Total compute_uq: 7937.77 ms
    [TIMING] UQ Calculation (Proximity_Method_B): 9.0126 s
[TIMING] Random Forest fit/check: 0.00 ms
[TIMING] OOB/In-bag index reconstruction: 339.61 ms
[TIMING] Leaf weights & density precomputation: 734.70 ms
[TIMING] Transfer structures to backend: 0.01 ms
[TIMING] Total fit: 1074.33 ms
[TIMING] Test leaf ID extraction: 78.60 ms
[TIMING] Proximity matrix accumulation: 9687.63 ms
[TIMING] Neighbor sorting & quantiles: 254.57 ms
[TIMING] Total compute_uq: 10021.25 ms
[DEBUG DENSITY] mean walked density = 64.4096, min = 56.2609, max = 69.9880
    [TIMING] UQ Calculation (Proximity_Method_C): 11.0971 s
[TIMING] Random Forest fit/check: 0.00 ms
[TIMING] OOB/In-bag index reconstruction: 339.91 ms
[TIMING] Leaf weights & density precomputation: 731.21 ms
[TIMING] Transfer structures to backend: 0.02 ms
[TIMING] Total fit: 1071.15 ms
[TIMING] Test leaf ID extraction: 79.86 ms
[TIMING] Proximity matrix accumulation: 9700.84 ms
[TIMING] Neighbor sorting & quantiles: 62.29 ms
[TIMING] Total compute_uq: 9843.42 ms
[DEBUG DENSITY] mean walked density = 64.4096, min = 56.2609, max = 69.9880
    [TIMING] UQ Calculation (Proximity_Method_B_C): 10.9160 s
    [TIMING] Metrics Calculation: 0.1719 s
    [TIMING] Total Single Evaluation: 48.6959 s

  >>> Starting: Function=sin_cos_11d, Seed=3
    [TIMING] Data Generation: 0.0231 s
    [TIMING] Random Forest Fitting: 7.4158 s
    [TIMING] RF Predicting: 0.0728 s
    [TIMING] Base Aleatoric: 0.1013 s
[TIMING] Random Forest fit/check: 0.00 ms
[TIMING] OOB/In-bag index reconstruction: 338.88 ms
[TIMING] Leaf weights & density precomputation: 104.79 ms
[TIMING] Transfer structures to backend: 0.02 ms
[TIMING] Total fit: 443.69 ms
[TIMING] Test leaf ID extraction: 79.05 ms
[TIMING] Proximity matrix accumulation: 3809.89 ms
[TIMING] Neighbor sorting & quantiles: 311.58 ms
[TIMING] Total compute_uq: 4200.97 ms
    [TIMING] UQ Calculation (Proximity_Baseline): 4.6449 s
[TIMING] Random Forest fit/check: 0.00 ms
[TIMING] OOB/In-bag index reconstruction: 338.15 ms
[TIMING] Leaf weights & density precomputation: 932.07 ms
[TIMING] Transfer structures to backend: 0.02 ms
[TIMING] Total fit: 1270.23 ms
[TIMING] Test leaf ID extraction: 79.54 ms
[TIMING] Proximity matrix accumulation: 9434.82 ms
[TIMING] Neighbor sorting & quantiles: 306.90 ms
[TIMING] Total compute_uq: 9821.74 ms
    [TIMING] UQ Calculation (Proximity_Method_A): 11.0925 s
[TIMING] Random Forest fit/check: 0.00 ms
[TIMING] OOB/In-bag index reconstruction: 351.66 ms
[TIMING] Leaf weights & density precomputation: 940.79 ms
[TIMING] Transfer structures to backend: 0.02 ms
[TIMING] Total fit: 1292.47 ms
[TIMING] Test leaf ID extraction: 92.12 ms
[TIMING] Proximity matrix accumulation: 9422.70 ms
[TIMING] Neighbor sorting & quantiles: 75.10 ms
[TIMING] Total compute_uq: 9590.38 ms
    [TIMING] UQ Calculation (Proximity_Method_B): 10.8842 s
[TIMING] Random Forest fit/check: 0.00 ms
[TIMING] OOB/In-bag index reconstruction: 352.00 ms
[TIMING] Leaf weights & density precomputation: 937.46 ms
[TIMING] Transfer structures to backend: 0.02 ms
[TIMING] Total fit: 1289.47 ms
[TIMING] Test leaf ID extraction: 90.16 ms
[TIMING] Proximity matrix accumulation: 11712.94 ms
[TIMING] Neighbor sorting & quantiles: 306.53 ms
[TIMING] Total compute_uq: 12110.32 ms
[DEBUG DENSITY] mean walked density = 64.4974, min = 61.0848, max = 67.8120
    [TIMING] UQ Calculation (Proximity_Method_C): 13.4015 s
[TIMING] Random Forest fit/check: 0.00 ms
[TIMING] OOB/In-bag index reconstruction: 351.61 ms
[TIMING] Leaf weights & density precomputation: 951.07 ms
[TIMING] Transfer structures to backend: 0.02 ms
[TIMING] Total fit: 1302.71 ms
[TIMING] Test leaf ID extraction: 79.54 ms
[TIMING] Proximity matrix accumulation: 11709.78 ms
[TIMING] Neighbor sorting & quantiles: 74.60 ms
[TIMING] Total compute_uq: 11864.36 ms
[DEBUG DENSITY] mean walked density = 64.4974, min = 61.0848, max = 67.8120
    [TIMING] UQ Calculation (Proximity_Method_B_C): 13.1686 s
    [TIMING] Metrics Calculation: 0.1770 s
    [TIMING] Total Single Evaluation: 60.9822 s

  >>> Starting: Function=sin_cos_12d, Seed=3
    [TIMING] Data Generation: 0.0279 s
    [TIMING] Random Forest Fitting: 11.6212 s
    [TIMING] RF Predicting: 0.3537 s
    [TIMING] Base Aleatoric: 0.4159 s
[TIMING] Random Forest fit/check: 0.00 ms
[TIMING] OOB/In-bag index reconstruction: 1117.74 ms
[TIMING] Leaf weights & density precomputation: 121.12 ms
[TIMING] Transfer structures to backend: 0.02 ms
[TIMING] Total fit: 1238.89 ms
[TIMING] Test leaf ID extraction: 92.20 ms
[TIMING] Proximity matrix accumulation: 4569.28 ms
[TIMING] Neighbor sorting & quantiles: 404.96 ms
[TIMING] Total compute_uq: 5067.04 ms
    [TIMING] UQ Calculation (Proximity_Baseline): 6.3063 s
[TIMING] Random Forest fit/check: 0.00 ms
[TIMING] OOB/In-bag index reconstruction: 1709.60 ms
[TIMING] Leaf weights & density precomputation: 1575.17 ms
[TIMING] Transfer structures to backend: 0.02 ms
[TIMING] Total fit: 3284.79 ms
[TIMING] Test leaf ID extraction: 276.44 ms
[TIMING] Proximity matrix accumulation: 11202.96 ms
[TIMING] Neighbor sorting & quantiles: 388.32 ms
[TIMING] Total compute_uq: 11868.37 ms
    [TIMING] UQ Calculation (Proximity_Method_A): 15.1537 s
[TIMING] Random Forest fit/check: 0.00 ms
[TIMING] OOB/In-bag index reconstruction: 358.47 ms
[TIMING] Leaf weights & density precomputation: 1004.89 ms
[TIMING] Transfer structures to backend: 0.02 ms
[TIMING] Total fit: 1363.38 ms
[TIMING] Test leaf ID extraction: 91.77 ms
[TIMING] Proximity matrix accumulation: 11188.46 ms
[TIMING] Neighbor sorting & quantiles: 87.68 ms
[TIMING] Total compute_uq: 11368.38 ms
    [TIMING] UQ Calculation (Proximity_Method_B): 12.7330 s
[TIMING] Random Forest fit/check: 0.00 ms
[TIMING] OOB/In-bag index reconstruction: 351.51 ms
[TIMING] Leaf weights & density precomputation: 1000.04 ms
[TIMING] Transfer structures to backend: 0.02 ms
[TIMING] Total fit: 1351.57 ms
[TIMING] Test leaf ID extraction: 101.15 ms
[TIMING] Proximity matrix accumulation: 13895.40 ms
[TIMING] Neighbor sorting & quantiles: 364.45 ms
[TIMING] Total compute_uq: 14361.62 ms
[DEBUG DENSITY] mean walked density = 64.2785, min = 60.0916, max = 68.3683
    [TIMING] UQ Calculation (Proximity_Method_C): 15.7152 s
[TIMING] Random Forest fit/check: 0.03 ms
[TIMING] OOB/In-bag index reconstruction: 370.78 ms
[TIMING] Leaf weights & density precomputation: 1121.92 ms
[TIMING] Transfer structures to backend: 0.02 ms
[TIMING] Total fit: 1492.76 ms
[TIMING] Test leaf ID extraction: 91.13 ms
[TIMING] Proximity matrix accumulation: 13900.41 ms
[TIMING] Neighbor sorting & quantiles: 89.88 ms
[TIMING] Total compute_uq: 14082.00 ms
[DEBUG DENSITY] mean walked density = 64.2785, min = 60.0916, max = 68.3683
    [TIMING] UQ Calculation (Proximity_Method_B_C): 15.5765 s
    [TIMING] Metrics Calculation: 0.2560 s
    [TIMING] Total Single Evaluation: 78.1603 s

  >>> Starting: Function=sin_cos_13d, Seed=3
    [TIMING] Data Generation: 0.0427 s
    [TIMING] Random Forest Fitting: 11.8752 s
    [TIMING] RF Predicting: 0.0832 s
    [TIMING] Base Aleatoric: 0.1301 s
[TIMING] Random Forest fit/check: 0.00 ms
[TIMING] OOB/In-bag index reconstruction: 365.22 ms
[TIMING] Leaf weights & density precomputation: 115.82 ms
[TIMING] Transfer structures to backend: 0.02 ms
[TIMING] Total fit: 481.07 ms
[TIMING] Test leaf ID extraction: 91.06 ms
[TIMING] Proximity matrix accumulation: 5397.14 ms
[TIMING] Neighbor sorting & quantiles: 433.89 ms
[TIMING] Total compute_uq: 5922.60 ms
    [TIMING] UQ Calculation (Proximity_Baseline): 6.4040 s
[TIMING] Random Forest fit/check: 0.00 ms
[TIMING] OOB/In-bag index reconstruction: 355.53 ms
[TIMING] Leaf weights & density precomputation: 1087.36 ms
[TIMING] Transfer structures to backend: 0.02 ms
[TIMING] Total fit: 1442.91 ms
[TIMING] Test leaf ID extraction: 101.40 ms
[TIMING] Proximity matrix accumulation: 13112.87 ms
[TIMING] Neighbor sorting & quantiles: 427.26 ms
[TIMING] Total compute_uq: 13642.17 ms
    [TIMING] UQ Calculation (Proximity_Method_A): 15.0856 s
[TIMING] Random Forest fit/check: 0.03 ms
[TIMING] OOB/In-bag index reconstruction: 377.99 ms
[TIMING] Leaf weights & density precomputation: 1090.79 ms
[TIMING] Transfer structures to backend: 0.02 ms
[TIMING] Total fit: 1468.83 ms
[TIMING] Test leaf ID extraction: 100.98 ms
[TIMING] Proximity matrix accumulation: 13132.37 ms
[TIMING] Neighbor sorting & quantiles: 101.24 ms
[TIMING] Total compute_uq: 13335.12 ms
    [TIMING] UQ Calculation (Proximity_Method_B): 14.8052 s
[TIMING] Random Forest fit/check: 0.00 ms
[TIMING] OOB/In-bag index reconstruction: 363.95 ms
[TIMING] Leaf weights & density precomputation: 1092.73 ms
[TIMING] Transfer structures to backend: 0.02 ms
[TIMING] Total fit: 1456.70 ms
[TIMING] Test leaf ID extraction: 101.26 ms
[TIMING] Proximity matrix accumulation: 16271.79 ms
[TIMING] Neighbor sorting & quantiles: 426.97 ms
[TIMING] Total compute_uq: 16800.57 ms
[DEBUG DENSITY] mean walked density = 64.5303, min = 61.5050, max = 67.8418
    [TIMING] UQ Calculation (Proximity_Method_C): 18.2590 s
[TIMING] Random Forest fit/check: 0.00 ms
[TIMING] OOB/In-bag index reconstruction: 364.51 ms
[TIMING] Leaf weights & density precomputation: 1099.08 ms
[TIMING] Transfer structures to backend: 0.02 ms
[TIMING] Total fit: 1463.62 ms
[TIMING] Test leaf ID extraction: 100.55 ms
[TIMING] Proximity matrix accumulation: 16359.50 ms
[TIMING] Neighbor sorting & quantiles: 151.32 ms
[TIMING] Total compute_uq: 16611.95 ms
[DEBUG DENSITY] mean walked density = 64.5303, min = 61.5050, max = 67.8418
    [TIMING] UQ Calculation (Proximity_Method_B_C): 18.0773 s
    [TIMING] Metrics Calculation: 10.1733 s
    [TIMING] Total Single Evaluation: 94.9364 s

  >>> Starting: Function=sin_cos_14d, Seed=3
    [TIMING] Data Generation: 0.0492 s
    [TIMING] Random Forest Fitting: 15.0395 s
    [TIMING] RF Predicting: 0.1038 s
    [TIMING] Base Aleatoric: 0.1389 s
[TIMING] Random Forest fit/check: 0.00 ms
[TIMING] OOB/In-bag index reconstruction: 377.60 ms
[TIMING] Leaf weights & density precomputation: 123.25 ms
[TIMING] Transfer structures to backend: 0.02 ms
[TIMING] Total fit: 500.87 ms
[TIMING] Test leaf ID extraction: 112.23 ms
[TIMING] Proximity matrix accumulation: 6279.17 ms
[TIMING] Neighbor sorting & quantiles: 502.58 ms
[TIMING] Total compute_uq: 6894.68 ms
    [TIMING] UQ Calculation (Proximity_Baseline): 7.3962 s
[TIMING] Random Forest fit/check: 0.00 ms
[TIMING] OOB/In-bag index reconstruction: 376.40 ms
[TIMING] Leaf weights & density precomputation: 1220.29 ms
[TIMING] Transfer structures to backend: 0.03 ms
[TIMING] Total fit: 1596.72 ms
[TIMING] Test leaf ID extraction: 115.10 ms
[TIMING] Proximity matrix accumulation: 15196.27 ms
[TIMING] Neighbor sorting & quantiles: 494.45 ms
[TIMING] Total compute_uq: 15806.45 ms
    [TIMING] UQ Calculation (Proximity_Method_A): 17.4040 s
[TIMING] Random Forest fit/check: 0.00 ms
[TIMING] OOB/In-bag index reconstruction: 367.68 ms
[TIMING] Leaf weights & density precomputation: 1223.54 ms
[TIMING] Transfer structures to backend: 0.02 ms
[TIMING] Total fit: 1591.24 ms
[TIMING] Test leaf ID extraction: 112.30 ms
[TIMING] Proximity matrix accumulation: 15208.23 ms
[TIMING] Neighbor sorting & quantiles: 116.37 ms
[TIMING] Total compute_uq: 15437.47 ms
    [TIMING] UQ Calculation (Proximity_Method_B): 17.0302 s
[TIMING] Random Forest fit/check: 0.00 ms
[TIMING] OOB/In-bag index reconstruction: 376.35 ms
[TIMING] Leaf weights & density precomputation: 1503.13 ms
[TIMING] Transfer structures to backend: 0.02 ms
[TIMING] Total fit: 1879.50 ms
[TIMING] Test leaf ID extraction: 115.62 ms
[TIMING] Proximity matrix accumulation: 18856.92 ms
[TIMING] Neighbor sorting & quantiles: 494.79 ms
[TIMING] Total compute_uq: 19467.99 ms
[DEBUG DENSITY] mean walked density = 64.4943, min = 59.9680, max = 68.2850
    [TIMING] UQ Calculation (Proximity_Method_C): 21.3502 s
[TIMING] Random Forest fit/check: 0.00 ms
[TIMING] OOB/In-bag index reconstruction: 376.68 ms
[TIMING] Leaf weights & density precomputation: 1303.08 ms
[TIMING] Transfer structures to backend: 0.02 ms
[TIMING] Total fit: 1679.79 ms
[TIMING] Test leaf ID extraction: 111.76 ms
[TIMING] Proximity matrix accumulation: 18981.44 ms
[TIMING] Neighbor sorting & quantiles: 118.98 ms
[TIMING] Total compute_uq: 19212.82 ms
[DEBUG DENSITY] mean walked density = 64.4943, min = 59.9680, max = 68.2850
    [TIMING] UQ Calculation (Proximity_Method_B_C): 20.8947 s
    [TIMING] Metrics Calculation: 12.6487 s
    [TIMING] Total Single Evaluation: 112.0562 s

  >>> Starting: Function=sin_cos_15d, Seed=3
    [TIMING] Data Generation: 0.0587 s
    [TIMING] Random Forest Fitting: 15.2672 s
    [TIMING] RF Predicting: 0.1043 s
    [TIMING] Base Aleatoric: 0.1399 s
[TIMING] Random Forest fit/check: 0.00 ms
[TIMING] OOB/In-bag index reconstruction: 390.15 ms
[TIMING] Leaf weights & density precomputation: 136.44 ms
[TIMING] Transfer structures to backend: 0.02 ms
[TIMING] Total fit: 526.61 ms
[TIMING] Test leaf ID extraction: 115.80 ms
[TIMING] Proximity matrix accumulation: 7211.11 ms
[TIMING] Neighbor sorting & quantiles: 576.37 ms
[TIMING] Total compute_uq: 7903.94 ms
    [TIMING] UQ Calculation (Proximity_Baseline): 8.4311 s
[TIMING] Random Forest fit/check: 0.00 ms
[TIMING] OOB/In-bag index reconstruction: 391.10 ms
[TIMING] Leaf weights & density precomputation: 1315.71 ms
[TIMING] Transfer structures to backend: 0.02 ms
[TIMING] Total fit: 1706.82 ms
[TIMING] Test leaf ID extraction: 113.10 ms
[TIMING] Proximity matrix accumulation: 17452.70 ms
[TIMING] Neighbor sorting & quantiles: 567.60 ms
[TIMING] Total compute_uq: 18134.06 ms
    [TIMING] UQ Calculation (Proximity_Method_A): 19.8416 s
[TIMING] Random Forest fit/check: 0.00 ms
[TIMING] OOB/In-bag index reconstruction: 387.24 ms
[TIMING] Leaf weights & density precomputation: 1242.92 ms
[TIMING] Transfer structures to backend: 0.02 ms
[TIMING] Total fit: 1630.18 ms
[TIMING] Test leaf ID extraction: 115.39 ms
[TIMING] Proximity matrix accumulation: 17473.25 ms
[TIMING] Neighbor sorting & quantiles: 132.18 ms
[TIMING] Total compute_uq: 17721.40 ms
    [TIMING] UQ Calculation (Proximity_Method_B): 19.3532 s
[TIMING] Random Forest fit/check: 0.00 ms
[TIMING] OOB/In-bag index reconstruction: 388.26 ms
[TIMING] Leaf weights & density precomputation: 1242.64 ms
[TIMING] Transfer structures to backend: 0.02 ms
[TIMING] Total fit: 1630.93 ms
[TIMING] Test leaf ID extraction: 117.02 ms
[TIMING] Proximity matrix accumulation: 22846.36 ms
[TIMING] Neighbor sorting & quantiles: 637.27 ms
[TIMING] Total compute_uq: 23981.34 ms
[DEBUG DENSITY] mean walked density = 64.5159, min = 60.1981, max = 67.9319
    [TIMING] UQ Calculation (Proximity_Method_C): 25.6144 s
[TIMING] Random Forest fit/check: 0.00 ms
[TIMING] OOB/In-bag index reconstruction: 444.74 ms
[TIMING] Leaf weights & density precomputation: 1471.16 ms
[TIMING] Transfer structures to backend: 0.02 ms
[TIMING] Total fit: 1915.92 ms
[TIMING] Test leaf ID extraction: 116.76 ms
[TIMING] Proximity matrix accumulation: 21670.17 ms
[TIMING] Neighbor sorting & quantiles: 132.92 ms
[TIMING] Total compute_uq: 21920.47 ms
[DEBUG DENSITY] mean walked density = 64.5159, min = 60.1981, max = 67.9319
    [TIMING] UQ Calculation (Proximity_Method_B_C): 23.8383 s
    [TIMING] Metrics Calculation: 8.0289 s
    [TIMING] Total Single Evaluation: 120.6783 s
 [OK] (1145.6s, ETA: 57m remaining)
[RUN 5/7] 
  >>> Starting: Function=sin, Seed=4
    [TIMING] Data Generation: 0.0004 s
    [TIMING] Random Forest Fitting: 0.4118 s
    [TIMING] RF Predicting: 0.0433 s
    [TIMING] Base Aleatoric: 0.0498 s
[TIMING] Random Forest fit/check: 0.00 ms
[TIMING] OOB/In-bag index reconstruction: 167.45 ms
[TIMING] Leaf weights & density precomputation: 48.38 ms
[TIMING] Transfer structures to backend: 0.01 ms
[TIMING] Total fit: 215.85 ms
[TIMING] Test leaf ID extraction: 44.96 ms
[TIMING] Proximity matrix accumulation: 42.27 ms
[TIMING] Neighbor sorting & quantiles: 4.25 ms
[TIMING] Total compute_uq: 91.73 ms
    [TIMING] UQ Calculation (Proximity_Baseline): 0.3078 s
[TIMING] Random Forest fit/check: 0.00 ms
[TIMING] OOB/In-bag index reconstruction: 167.05 ms
[TIMING] Leaf weights & density precomputation: 285.49 ms
[TIMING] Transfer structures to backend: 0.01 ms
[TIMING] Total fit: 452.55 ms
[TIMING] Test leaf ID extraction: 34.20 ms
[TIMING] Proximity matrix accumulation: 151.38 ms
[TIMING] Neighbor sorting & quantiles: 4.10 ms
[TIMING] Total compute_uq: 189.87 ms
    [TIMING] UQ Calculation (Proximity_Method_A): 0.6427 s
[TIMING] Random Forest fit/check: 0.00 ms
[TIMING] OOB/In-bag index reconstruction: 179.83 ms
[TIMING] Leaf weights & density precomputation: 285.63 ms
[TIMING] Transfer structures to backend: 0.01 ms
[TIMING] Total fit: 465.47 ms
[TIMING] Test leaf ID extraction: 45.10 ms
[TIMING] Proximity matrix accumulation: 148.66 ms
[TIMING] Neighbor sorting & quantiles: 5.06 ms
[TIMING] Total compute_uq: 199.00 ms
    [TIMING] UQ Calculation (Proximity_Method_B): 0.6654 s
[TIMING] Random Forest fit/check: 0.00 ms
[TIMING] OOB/In-bag index reconstruction: 167.89 ms
[TIMING] Leaf weights & density precomputation: 283.72 ms
[TIMING] Transfer structures to backend: 0.01 ms
[TIMING] Total fit: 451.63 ms
[TIMING] Test leaf ID extraction: 44.72 ms
[TIMING] Proximity matrix accumulation: 204.63 ms
[TIMING] Neighbor sorting & quantiles: 4.09 ms
[TIMING] Total compute_uq: 253.63 ms
[DEBUG DENSITY] mean walked density = 61.0036, min = 54.7645, max = 73.3512
    [TIMING] UQ Calculation (Proximity_Method_C): 0.7066 s
[TIMING] Random Forest fit/check: 0.00 ms
[TIMING] OOB/In-bag index reconstruction: 168.85 ms
[TIMING] Leaf weights & density precomputation: 285.23 ms
[TIMING] Transfer structures to backend: 0.01 ms
[TIMING] Total fit: 454.09 ms
[TIMING] Test leaf ID extraction: 44.61 ms
[TIMING] Proximity matrix accumulation: 203.37 ms
[TIMING] Neighbor sorting & quantiles: 4.67 ms
[TIMING] Total compute_uq: 252.85 ms
[DEBUG DENSITY] mean walked density = 61.0036, min = 54.7645, max = 73.3512
    [TIMING] UQ Calculation (Proximity_Method_B_C): 0.7083 s
    [TIMING] Metrics Calculation: 0.0827 s
    [TIMING] Total Single Evaluation: 3.6190 s

  >>> Starting: Function=cos_trend, Seed=4
    [TIMING] Data Generation: 0.0003 s
    [TIMING] Random Forest Fitting: 0.4325 s
    [TIMING] RF Predicting: 0.0544 s
    [TIMING] Base Aleatoric: 0.0482 s
[TIMING] Random Forest fit/check: 0.00 ms
[TIMING] OOB/In-bag index reconstruction: 168.35 ms
[TIMING] Leaf weights & density precomputation: 48.47 ms
[TIMING] Transfer structures to backend: 0.01 ms
[TIMING] Total fit: 216.84 ms
[TIMING] Test leaf ID extraction: 44.57 ms
[TIMING] Proximity matrix accumulation: 36.33 ms
[TIMING] Neighbor sorting & quantiles: 4.20 ms
[TIMING] Total compute_uq: 85.30 ms
    [TIMING] UQ Calculation (Proximity_Baseline): 0.3023 s
[TIMING] Random Forest fit/check: 0.00 ms
[TIMING] OOB/In-bag index reconstruction: 168.66 ms
[TIMING] Leaf weights & density precomputation: 280.06 ms
[TIMING] Transfer structures to backend: 0.01 ms
[TIMING] Total fit: 448.74 ms
[TIMING] Test leaf ID extraction: 34.36 ms
[TIMING] Proximity matrix accumulation: 167.17 ms
[TIMING] Neighbor sorting & quantiles: 4.08 ms
[TIMING] Total compute_uq: 205.83 ms
    [TIMING] UQ Calculation (Proximity_Method_A): 0.6549 s
[TIMING] Random Forest fit/check: 0.00 ms
[TIMING] OOB/In-bag index reconstruction: 157.24 ms
[TIMING] Leaf weights & density precomputation: 281.77 ms
[TIMING] Transfer structures to backend: 0.01 ms
[TIMING] Total fit: 439.03 ms
[TIMING] Test leaf ID extraction: 35.64 ms
[TIMING] Proximity matrix accumulation: 149.22 ms
[TIMING] Neighbor sorting & quantiles: 4.68 ms
[TIMING] Total compute_uq: 189.72 ms
    [TIMING] UQ Calculation (Proximity_Method_B): 0.6297 s
[TIMING] Random Forest fit/check: 0.00 ms
[TIMING] OOB/In-bag index reconstruction: 168.59 ms
[TIMING] Leaf weights & density precomputation: 281.85 ms
[TIMING] Transfer structures to backend: 0.01 ms
[TIMING] Total fit: 450.46 ms
[TIMING] Test leaf ID extraction: 33.33 ms
[TIMING] Proximity matrix accumulation: 211.21 ms
[TIMING] Neighbor sorting & quantiles: 4.21 ms
[TIMING] Total compute_uq: 248.98 ms
[DEBUG DENSITY] mean walked density = 60.6764, min = 52.8401, max = 72.4114
    [TIMING] UQ Calculation (Proximity_Method_C): 0.7008 s
[TIMING] Random Forest fit/check: 0.00 ms
[TIMING] OOB/In-bag index reconstruction: 169.39 ms
[TIMING] Leaf weights & density precomputation: 282.22 ms
[TIMING] Transfer structures to backend: 0.01 ms
[TIMING] Total fit: 451.62 ms
[TIMING] Test leaf ID extraction: 44.39 ms
[TIMING] Proximity matrix accumulation: 206.29 ms
[TIMING] Neighbor sorting & quantiles: 4.80 ms
[TIMING] Total compute_uq: 255.70 ms
[DEBUG DENSITY] mean walked density = 60.6764, min = 52.8401, max = 72.4114
    [TIMING] UQ Calculation (Proximity_Method_B_C): 0.7087 s
    [TIMING] Metrics Calculation: 0.0717 s
    [TIMING] Total Single Evaluation: 3.6037 s

  >>> Starting: Function=poly, Seed=4
    [TIMING] Data Generation: 0.0003 s
    [TIMING] Random Forest Fitting: 0.3585 s
    [TIMING] RF Predicting: 0.0430 s
    [TIMING] Base Aleatoric: 0.0491 s
[TIMING] Random Forest fit/check: 0.00 ms
[TIMING] OOB/In-bag index reconstruction: 192.40 ms
[TIMING] Leaf weights & density precomputation: 57.68 ms
[TIMING] Transfer structures to backend: 0.01 ms
[TIMING] Total fit: 250.09 ms
[TIMING] Test leaf ID extraction: 55.03 ms
[TIMING] Proximity matrix accumulation: 36.20 ms
[TIMING] Neighbor sorting & quantiles: 4.20 ms
[TIMING] Total compute_uq: 95.64 ms
    [TIMING] UQ Calculation (Proximity_Baseline): 0.3459 s
[TIMING] Random Forest fit/check: 0.00 ms
[TIMING] OOB/In-bag index reconstruction: 168.51 ms
[TIMING] Leaf weights & density precomputation: 286.04 ms
[TIMING] Transfer structures to backend: 0.02 ms
[TIMING] Total fit: 454.58 ms
[TIMING] Test leaf ID extraction: 34.71 ms
[TIMING] Proximity matrix accumulation: 150.83 ms
[TIMING] Neighbor sorting & quantiles: 4.08 ms
[TIMING] Total compute_uq: 189.80 ms
    [TIMING] UQ Calculation (Proximity_Method_A): 0.6447 s
[TIMING] Random Forest fit/check: 0.00 ms
[TIMING] OOB/In-bag index reconstruction: 170.52 ms
[TIMING] Leaf weights & density precomputation: 307.17 ms
[TIMING] Transfer structures to backend: 0.02 ms
[TIMING] Total fit: 477.71 ms
[TIMING] Test leaf ID extraction: 44.75 ms
[TIMING] Proximity matrix accumulation: 152.01 ms
[TIMING] Neighbor sorting & quantiles: 5.11 ms
[TIMING] Total compute_uq: 202.07 ms
    [TIMING] UQ Calculation (Proximity_Method_B): 0.6808 s
[TIMING] Random Forest fit/check: 0.00 ms
[TIMING] OOB/In-bag index reconstruction: 168.82 ms
[TIMING] Leaf weights & density precomputation: 288.60 ms
[TIMING] Transfer structures to backend: 0.01 ms
[TIMING] Total fit: 457.44 ms
[TIMING] Test leaf ID extraction: 34.45 ms
[TIMING] Proximity matrix accumulation: 206.50 ms
[TIMING] Neighbor sorting & quantiles: 4.08 ms
[TIMING] Total compute_uq: 245.23 ms
[DEBUG DENSITY] mean walked density = 61.0029, min = 54.6812, max = 72.9512
    [TIMING] UQ Calculation (Proximity_Method_C): 0.7039 s
[TIMING] Random Forest fit/check: 0.00 ms
[TIMING] OOB/In-bag index reconstruction: 157.99 ms
[TIMING] Leaf weights & density precomputation: 286.66 ms
[TIMING] Transfer structures to backend: 0.02 ms
[TIMING] Total fit: 444.67 ms
[TIMING] Test leaf ID extraction: 34.52 ms
[TIMING] Proximity matrix accumulation: 203.42 ms
[TIMING] Neighbor sorting & quantiles: 4.67 ms
[TIMING] Total compute_uq: 242.81 ms
[DEBUG DENSITY] mean walked density = 61.0029, min = 54.6812, max = 72.9512
    [TIMING] UQ Calculation (Proximity_Method_B_C): 0.6887 s
    [TIMING] Metrics Calculation: 0.0683 s
    [TIMING] Total Single Evaluation: 3.5835 s

  >>> Starting: Function=damped_osc, Seed=4
    [TIMING] Data Generation: 0.0003 s
    [TIMING] Random Forest Fitting: 0.3585 s
    [TIMING] RF Predicting: 0.0441 s
    [TIMING] Base Aleatoric: 0.0382 s
[TIMING] Random Forest fit/check: 0.00 ms
[TIMING] OOB/In-bag index reconstruction: 170.16 ms
[TIMING] Leaf weights & density precomputation: 47.83 ms
[TIMING] Transfer structures to backend: 0.01 ms
[TIMING] Total fit: 218.01 ms
[TIMING] Test leaf ID extraction: 44.45 ms
[TIMING] Proximity matrix accumulation: 36.35 ms
[TIMING] Neighbor sorting & quantiles: 4.18 ms
[TIMING] Total compute_uq: 85.14 ms
    [TIMING] UQ Calculation (Proximity_Baseline): 0.3033 s
[TIMING] Random Forest fit/check: 0.00 ms
[TIMING] OOB/In-bag index reconstruction: 166.98 ms
[TIMING] Leaf weights & density precomputation: 282.03 ms
[TIMING] Transfer structures to backend: 0.01 ms
[TIMING] Total fit: 449.02 ms
[TIMING] Test leaf ID extraction: 44.44 ms
[TIMING] Proximity matrix accumulation: 154.41 ms
[TIMING] Neighbor sorting & quantiles: 4.28 ms
[TIMING] Total compute_uq: 203.35 ms
    [TIMING] UQ Calculation (Proximity_Method_A): 0.6527 s
[TIMING] Random Forest fit/check: 0.00 ms
[TIMING] OOB/In-bag index reconstruction: 159.10 ms
[TIMING] Leaf weights & density precomputation: 282.06 ms
[TIMING] Transfer structures to backend: 0.01 ms
[TIMING] Total fit: 441.17 ms
[TIMING] Test leaf ID extraction: 45.35 ms
[TIMING] Proximity matrix accumulation: 152.14 ms
[TIMING] Neighbor sorting & quantiles: 4.74 ms
[TIMING] Total compute_uq: 202.42 ms
    [TIMING] UQ Calculation (Proximity_Method_B): 0.6447 s
[TIMING] Random Forest fit/check: 0.00 ms
[TIMING] OOB/In-bag index reconstruction: 169.19 ms
[TIMING] Leaf weights & density precomputation: 284.36 ms
[TIMING] Transfer structures to backend: 0.01 ms
[TIMING] Total fit: 453.56 ms
[TIMING] Test leaf ID extraction: 34.13 ms
[TIMING] Proximity matrix accumulation: 205.27 ms
[TIMING] Neighbor sorting & quantiles: 4.09 ms
[TIMING] Total compute_uq: 243.70 ms
[DEBUG DENSITY] mean walked density = 62.6845, min = 57.2148, max = 73.3521
    [TIMING] UQ Calculation (Proximity_Method_C): 0.6986 s
[TIMING] Random Forest fit/check: 0.00 ms
[TIMING] OOB/In-bag index reconstruction: 158.01 ms
[TIMING] Leaf weights & density precomputation: 283.82 ms
[TIMING] Transfer structures to backend: 0.01 ms
[TIMING] Total fit: 441.84 ms
[TIMING] Test leaf ID extraction: 34.15 ms
[TIMING] Proximity matrix accumulation: 209.12 ms
[TIMING] Neighbor sorting & quantiles: 4.82 ms
[TIMING] Total compute_uq: 248.28 ms
[DEBUG DENSITY] mean walked density = 62.6845, min = 57.2148, max = 73.3521
    [TIMING] UQ Calculation (Proximity_Method_B_C): 0.6914 s
    [TIMING] Metrics Calculation: 0.0815 s
    [TIMING] Total Single Evaluation: 3.5135 s

  >>> Starting: Function=log_mod, Seed=4
    [TIMING] Data Generation: 0.0003 s
    [TIMING] Random Forest Fitting: 0.3571 s
    [TIMING] RF Predicting: 0.0426 s
    [TIMING] Base Aleatoric: 0.0390 s
[TIMING] Random Forest fit/check: 0.00 ms
[TIMING] OOB/In-bag index reconstruction: 168.55 ms
[TIMING] Leaf weights & density precomputation: 47.85 ms
[TIMING] Transfer structures to backend: 0.02 ms
[TIMING] Total fit: 216.42 ms
[TIMING] Test leaf ID extraction: 33.74 ms
[TIMING] Proximity matrix accumulation: 36.21 ms
[TIMING] Neighbor sorting & quantiles: 4.18 ms
[TIMING] Total compute_uq: 74.31 ms
    [TIMING] UQ Calculation (Proximity_Baseline): 0.2909 s
[TIMING] Random Forest fit/check: 0.00 ms
[TIMING] OOB/In-bag index reconstruction: 168.08 ms
[TIMING] Leaf weights & density precomputation: 283.03 ms
[TIMING] Transfer structures to backend: 0.01 ms
[TIMING] Total fit: 451.12 ms
[TIMING] Test leaf ID extraction: 34.71 ms
[TIMING] Proximity matrix accumulation: 151.90 ms
[TIMING] Neighbor sorting & quantiles: 4.08 ms
[TIMING] Total compute_uq: 190.89 ms
    [TIMING] UQ Calculation (Proximity_Method_A): 0.6423 s
[TIMING] Random Forest fit/check: 0.00 ms
[TIMING] OOB/In-bag index reconstruction: 159.00 ms
[TIMING] Leaf weights & density precomputation: 283.19 ms
[TIMING] Transfer structures to backend: 0.01 ms
[TIMING] Total fit: 442.21 ms
[TIMING] Test leaf ID extraction: 44.33 ms
[TIMING] Proximity matrix accumulation: 146.87 ms
[TIMING] Neighbor sorting & quantiles: 4.60 ms
[TIMING] Total compute_uq: 195.99 ms
    [TIMING] UQ Calculation (Proximity_Method_B): 0.6391 s
[TIMING] Random Forest fit/check: 0.00 ms
[TIMING] OOB/In-bag index reconstruction: 166.68 ms
[TIMING] Leaf weights & density precomputation: 283.52 ms
[TIMING] Transfer structures to backend: 0.01 ms
[TIMING] Total fit: 450.21 ms
[TIMING] Test leaf ID extraction: 34.58 ms
[TIMING] Proximity matrix accumulation: 203.66 ms
[TIMING] Neighbor sorting & quantiles: 4.08 ms
[TIMING] Total compute_uq: 242.49 ms
[DEBUG DENSITY] mean walked density = 61.0535, min = 54.3476, max = 73.5278
    [TIMING] UQ Calculation (Proximity_Method_C): 0.6939 s
[TIMING] Random Forest fit/check: 0.00 ms
[TIMING] OOB/In-bag index reconstruction: 157.38 ms
[TIMING] Leaf weights & density precomputation: 286.16 ms
[TIMING] Transfer structures to backend: 0.02 ms
[TIMING] Total fit: 443.55 ms
[TIMING] Test leaf ID extraction: 34.87 ms
[TIMING] Proximity matrix accumulation: 205.39 ms
[TIMING] Neighbor sorting & quantiles: 4.69 ms
[TIMING] Total compute_uq: 245.18 ms
[DEBUG DENSITY] mean walked density = 61.0535, min = 54.3476, max = 73.5278
    [TIMING] UQ Calculation (Proximity_Method_B_C): 0.6902 s
    [TIMING] Metrics Calculation: 0.0693 s
    [TIMING] Total Single Evaluation: 3.4650 s

  >>> Starting: Function=sin_cos, Seed=4
    [TIMING] Data Generation: 0.0012 s
    [TIMING] Random Forest Fitting: 0.4057 s
    [TIMING] RF Predicting: 0.0433 s
    [TIMING] Base Aleatoric: 0.0528 s
[TIMING] Random Forest fit/check: 0.00 ms
[TIMING] OOB/In-bag index reconstruction: 187.82 ms
[TIMING] Leaf weights & density precomputation: 57.06 ms
[TIMING] Transfer structures to backend: 0.01 ms
[TIMING] Total fit: 244.89 ms
[TIMING] Test leaf ID extraction: 45.88 ms
[TIMING] Proximity matrix accumulation: 148.43 ms
[TIMING] Neighbor sorting & quantiles: 16.54 ms
[TIMING] Total compute_uq: 211.09 ms
    [TIMING] UQ Calculation (Proximity_Baseline): 0.4561 s
[TIMING] Random Forest fit/check: 0.00 ms
[TIMING] OOB/In-bag index reconstruction: 180.65 ms
[TIMING] Leaf weights & density precomputation: 327.28 ms
[TIMING] Transfer structures to backend: 0.02 ms
[TIMING] Total fit: 507.95 ms
[TIMING] Test leaf ID extraction: 46.01 ms
[TIMING] Proximity matrix accumulation: 433.20 ms
[TIMING] Neighbor sorting & quantiles: 15.95 ms
[TIMING] Total compute_uq: 495.37 ms
    [TIMING] UQ Calculation (Proximity_Method_A): 1.0038 s
[TIMING] Random Forest fit/check: 0.00 ms
[TIMING] OOB/In-bag index reconstruction: 186.98 ms
[TIMING] Leaf weights & density precomputation: 343.67 ms
[TIMING] Transfer structures to backend: 0.02 ms
[TIMING] Total fit: 530.68 ms
[TIMING] Test leaf ID extraction: 45.88 ms
[TIMING] Proximity matrix accumulation: 436.33 ms
[TIMING] Neighbor sorting & quantiles: 8.20 ms
[TIMING] Total compute_uq: 490.63 ms
    [TIMING] UQ Calculation (Proximity_Method_B): 1.0223 s
[TIMING] Random Forest fit/check: 0.00 ms
[TIMING] OOB/In-bag index reconstruction: 188.70 ms
[TIMING] Leaf weights & density precomputation: 320.57 ms
[TIMING] Transfer structures to backend: 0.01 ms
[TIMING] Total fit: 509.29 ms
[TIMING] Test leaf ID extraction: 45.35 ms
[TIMING] Proximity matrix accumulation: 541.79 ms
[TIMING] Neighbor sorting & quantiles: 15.97 ms
[TIMING] Total compute_uq: 603.36 ms
[DEBUG DENSITY] mean walked density = 64.0628, min = 50.0716, max = 72.8107
    [TIMING] UQ Calculation (Proximity_Method_C): 1.1140 s
[TIMING] Random Forest fit/check: 0.00 ms
[TIMING] OOB/In-bag index reconstruction: 188.34 ms
[TIMING] Leaf weights & density precomputation: 321.96 ms
[TIMING] Transfer structures to backend: 0.02 ms
[TIMING] Total fit: 510.32 ms
[TIMING] Test leaf ID extraction: 34.58 ms
[TIMING] Proximity matrix accumulation: 546.14 ms
[TIMING] Neighbor sorting & quantiles: 8.21 ms
[TIMING] Total compute_uq: 589.17 ms
[DEBUG DENSITY] mean walked density = 64.0628, min = 50.0716, max = 72.8107
    [TIMING] UQ Calculation (Proximity_Method_B_C): 1.1008 s
    [TIMING] Metrics Calculation: 0.0756 s
    [TIMING] Total Single Evaluation: 5.2761 s

  >>> Starting: Function=quadratic, Seed=4
    [TIMING] Data Generation: 0.0010 s
    [TIMING] Random Forest Fitting: 0.4320 s
    [TIMING] RF Predicting: 0.0429 s
    [TIMING] Base Aleatoric: 0.0591 s
[TIMING] Random Forest fit/check: 0.00 ms
[TIMING] OOB/In-bag index reconstruction: 200.73 ms
[TIMING] Leaf weights & density precomputation: 56.81 ms
[TIMING] Transfer structures to backend: 0.02 ms
[TIMING] Total fit: 257.55 ms
[TIMING] Test leaf ID extraction: 45.82 ms
[TIMING] Proximity matrix accumulation: 148.70 ms
[TIMING] Neighbor sorting & quantiles: 16.48 ms
[TIMING] Total compute_uq: 211.25 ms
    [TIMING] UQ Calculation (Proximity_Baseline): 0.4689 s
[TIMING] Random Forest fit/check: 0.00 ms
[TIMING] OOB/In-bag index reconstruction: 188.49 ms
[TIMING] Leaf weights & density precomputation: 326.96 ms
[TIMING] Transfer structures to backend: 0.02 ms
[TIMING] Total fit: 515.46 ms
[TIMING] Test leaf ID extraction: 46.10 ms
[TIMING] Proximity matrix accumulation: 435.60 ms
[TIMING] Neighbor sorting & quantiles: 16.00 ms
[TIMING] Total compute_uq: 497.92 ms
    [TIMING] UQ Calculation (Proximity_Method_A): 1.0138 s
[TIMING] Random Forest fit/check: 0.00 ms
[TIMING] OOB/In-bag index reconstruction: 198.28 ms
[TIMING] Leaf weights & density precomputation: 324.26 ms
[TIMING] Transfer structures to backend: 0.01 ms
[TIMING] Total fit: 522.56 ms
[TIMING] Test leaf ID extraction: 45.82 ms
[TIMING] Proximity matrix accumulation: 435.96 ms
[TIMING] Neighbor sorting & quantiles: 8.32 ms
[TIMING] Total compute_uq: 490.29 ms
    [TIMING] UQ Calculation (Proximity_Method_B): 1.0138 s
[TIMING] Random Forest fit/check: 0.00 ms
[TIMING] OOB/In-bag index reconstruction: 188.49 ms
[TIMING] Leaf weights & density precomputation: 337.18 ms
[TIMING] Transfer structures to backend: 0.02 ms
[TIMING] Total fit: 525.69 ms
[TIMING] Test leaf ID extraction: 46.52 ms
[TIMING] Proximity matrix accumulation: 540.34 ms
[TIMING] Neighbor sorting & quantiles: 15.96 ms
[TIMING] Total compute_uq: 603.05 ms
[DEBUG DENSITY] mean walked density = 64.5694, min = 54.6182, max = 71.4855
    [TIMING] UQ Calculation (Proximity_Method_C): 1.1301 s
[TIMING] Random Forest fit/check: 0.00 ms
[TIMING] OOB/In-bag index reconstruction: 187.01 ms
[TIMING] Leaf weights & density precomputation: 323.66 ms
[TIMING] Transfer structures to backend: 0.01 ms
[TIMING] Total fit: 510.68 ms
[TIMING] Test leaf ID extraction: 56.03 ms
[TIMING] Proximity matrix accumulation: 546.44 ms
[TIMING] Neighbor sorting & quantiles: 9.00 ms
[TIMING] Total compute_uq: 611.71 ms
[DEBUG DENSITY] mean walked density = 64.5694, min = 54.6182, max = 71.4855
    [TIMING] UQ Calculation (Proximity_Method_B_C): 1.1237 s
    [TIMING] Metrics Calculation: 0.0760 s
    [TIMING] Total Single Evaluation: 5.3617 s

  >>> Starting: Function=sin_sum_mod, Seed=4
    [TIMING] Data Generation: 0.0015 s
    [TIMING] Random Forest Fitting: 0.4390 s
    [TIMING] RF Predicting: 0.0427 s
    [TIMING] Base Aleatoric: 0.0509 s
[TIMING] Random Forest fit/check: 0.00 ms
[TIMING] OOB/In-bag index reconstruction: 187.44 ms
[TIMING] Leaf weights & density precomputation: 56.86 ms
[TIMING] Transfer structures to backend: 0.02 ms
[TIMING] Total fit: 244.31 ms
[TIMING] Test leaf ID extraction: 45.06 ms
[TIMING] Proximity matrix accumulation: 149.06 ms
[TIMING] Neighbor sorting & quantiles: 16.40 ms
[TIMING] Total compute_uq: 210.77 ms
    [TIMING] UQ Calculation (Proximity_Baseline): 0.4552 s
[TIMING] Random Forest fit/check: 0.00 ms
[TIMING] OOB/In-bag index reconstruction: 196.82 ms
[TIMING] Leaf weights & density precomputation: 336.13 ms
[TIMING] Transfer structures to backend: 0.02 ms
[TIMING] Total fit: 532.97 ms
[TIMING] Test leaf ID extraction: 45.21 ms
[TIMING] Proximity matrix accumulation: 435.26 ms
[TIMING] Neighbor sorting & quantiles: 16.09 ms
[TIMING] Total compute_uq: 496.79 ms
    [TIMING] UQ Calculation (Proximity_Method_A): 1.0301 s
[TIMING] Random Forest fit/check: 0.00 ms
[TIMING] OOB/In-bag index reconstruction: 187.08 ms
[TIMING] Leaf weights & density precomputation: 340.05 ms
[TIMING] Transfer structures to backend: 0.05 ms
[TIMING] Total fit: 527.18 ms
[TIMING] Test leaf ID extraction: 45.88 ms
[TIMING] Proximity matrix accumulation: 437.49 ms
[TIMING] Neighbor sorting & quantiles: 8.21 ms
[TIMING] Total compute_uq: 491.83 ms
    [TIMING] UQ Calculation (Proximity_Method_B): 1.0202 s
[TIMING] Random Forest fit/check: 0.00 ms
[TIMING] OOB/In-bag index reconstruction: 187.13 ms
[TIMING] Leaf weights & density precomputation: 360.40 ms
[TIMING] Transfer structures to backend: 0.02 ms
[TIMING] Total fit: 547.55 ms
[TIMING] Test leaf ID extraction: 44.95 ms
[TIMING] Proximity matrix accumulation: 541.85 ms
[TIMING] Neighbor sorting & quantiles: 16.09 ms
[TIMING] Total compute_uq: 603.12 ms
[DEBUG DENSITY] mean walked density = 65.2545, min = 48.2134, max = 77.3476
    [TIMING] UQ Calculation (Proximity_Method_C): 1.1520 s
[TIMING] Random Forest fit/check: 0.00 ms
[TIMING] OOB/In-bag index reconstruction: 187.14 ms
[TIMING] Leaf weights & density precomputation: 341.63 ms
[TIMING] Transfer structures to backend: 0.02 ms
[TIMING] Total fit: 528.79 ms
[TIMING] Test leaf ID extraction: 44.58 ms
[TIMING] Proximity matrix accumulation: 546.04 ms
[TIMING] Neighbor sorting & quantiles: 8.23 ms
[TIMING] Total compute_uq: 599.10 ms
[DEBUG DENSITY] mean walked density = 65.2545, min = 48.2134, max = 77.3476
    [TIMING] UQ Calculation (Proximity_Method_B_C): 1.1291 s
    [TIMING] Metrics Calculation: 0.0709 s
    [TIMING] Total Single Evaluation: 5.3917 s

  >>> Starting: Function=gaussian, Seed=4
    [TIMING] Data Generation: 0.0011 s
    [TIMING] Random Forest Fitting: 0.4210 s
    [TIMING] RF Predicting: 0.0435 s
    [TIMING] Base Aleatoric: 0.0616 s
[TIMING] Random Forest fit/check: 0.00 ms
[TIMING] OOB/In-bag index reconstruction: 188.55 ms
[TIMING] Leaf weights & density precomputation: 63.88 ms
[TIMING] Transfer structures to backend: 0.02 ms
[TIMING] Total fit: 252.45 ms
[TIMING] Test leaf ID extraction: 45.32 ms
[TIMING] Proximity matrix accumulation: 148.63 ms
[TIMING] Neighbor sorting & quantiles: 16.50 ms
[TIMING] Total compute_uq: 210.72 ms
    [TIMING] UQ Calculation (Proximity_Baseline): 0.4633 s
[TIMING] Random Forest fit/check: 0.00 ms
[TIMING] OOB/In-bag index reconstruction: 187.90 ms
[TIMING] Leaf weights & density precomputation: 337.25 ms
[TIMING] Transfer structures to backend: 0.01 ms
[TIMING] Total fit: 525.16 ms
[TIMING] Test leaf ID extraction: 44.71 ms
[TIMING] Proximity matrix accumulation: 433.50 ms
[TIMING] Neighbor sorting & quantiles: 16.01 ms
[TIMING] Total compute_uq: 494.42 ms
    [TIMING] UQ Calculation (Proximity_Method_A): 1.0199 s
[TIMING] Random Forest fit/check: 0.00 ms
[TIMING] OOB/In-bag index reconstruction: 186.88 ms
[TIMING] Leaf weights & density precomputation: 322.54 ms
[TIMING] Transfer structures to backend: 0.02 ms
[TIMING] Total fit: 509.44 ms
[TIMING] Test leaf ID extraction: 45.17 ms
[TIMING] Proximity matrix accumulation: 436.07 ms
[TIMING] Neighbor sorting & quantiles: 8.83 ms
[TIMING] Total compute_uq: 490.32 ms
    [TIMING] UQ Calculation (Proximity_Method_B): 1.0008 s
[TIMING] Random Forest fit/check: 0.00 ms
[TIMING] OOB/In-bag index reconstruction: 188.14 ms
[TIMING] Leaf weights & density precomputation: 318.33 ms
[TIMING] Transfer structures to backend: 0.01 ms
[TIMING] Total fit: 506.49 ms
[TIMING] Test leaf ID extraction: 45.31 ms
[TIMING] Proximity matrix accumulation: 546.02 ms
[TIMING] Neighbor sorting & quantiles: 15.95 ms
[TIMING] Total compute_uq: 607.55 ms
[DEBUG DENSITY] mean walked density = 65.8559, min = 56.3128, max = 75.6570
    [TIMING] UQ Calculation (Proximity_Method_C): 1.1155 s
[TIMING] Random Forest fit/check: 0.00 ms
[TIMING] OOB/In-bag index reconstruction: 202.55 ms
[TIMING] Leaf weights & density precomputation: 318.66 ms
[TIMING] Transfer structures to backend: 0.02 ms
[TIMING] Total fit: 521.22 ms
[TIMING] Test leaf ID extraction: 45.00 ms
[TIMING] Proximity matrix accumulation: 547.45 ms
[TIMING] Neighbor sorting & quantiles: 8.07 ms
[TIMING] Total compute_uq: 600.76 ms
[DEBUG DENSITY] mean walked density = 65.8559, min = 56.3128, max = 75.6570
    [TIMING] UQ Calculation (Proximity_Method_B_C): 1.1232 s
    [TIMING] Metrics Calculation: 0.0991 s
    [TIMING] Total Single Evaluation: 5.3493 s

  >>> Starting: Function=abs_sin, Seed=4
    [TIMING] Data Generation: 0.0013 s
    [TIMING] Random Forest Fitting: 0.4419 s
    [TIMING] RF Predicting: 0.0532 s
    [TIMING] Base Aleatoric: 0.0522 s
[TIMING] Random Forest fit/check: 0.00 ms
[TIMING] OOB/In-bag index reconstruction: 187.33 ms
[TIMING] Leaf weights & density precomputation: 68.51 ms
[TIMING] Transfer structures to backend: 0.01 ms
[TIMING] Total fit: 255.86 ms
[TIMING] Test leaf ID extraction: 45.73 ms
[TIMING] Proximity matrix accumulation: 149.05 ms
[TIMING] Neighbor sorting & quantiles: 16.43 ms
[TIMING] Total compute_uq: 211.45 ms
    [TIMING] UQ Calculation (Proximity_Baseline): 0.4674 s
[TIMING] Random Forest fit/check: 0.00 ms
[TIMING] OOB/In-bag index reconstruction: 187.31 ms
[TIMING] Leaf weights & density precomputation: 322.89 ms
[TIMING] Transfer structures to backend: 0.02 ms
[TIMING] Total fit: 510.22 ms
[TIMING] Test leaf ID extraction: 45.87 ms
[TIMING] Proximity matrix accumulation: 433.40 ms
[TIMING] Neighbor sorting & quantiles: 15.96 ms
[TIMING] Total compute_uq: 495.47 ms
    [TIMING] UQ Calculation (Proximity_Method_A): 1.0060 s
[TIMING] Random Forest fit/check: 0.00 ms
[TIMING] OOB/In-bag index reconstruction: 186.63 ms
[TIMING] Leaf weights & density precomputation: 326.20 ms
[TIMING] Transfer structures to backend: 0.01 ms
[TIMING] Total fit: 512.85 ms
[TIMING] Test leaf ID extraction: 44.67 ms
[TIMING] Proximity matrix accumulation: 436.30 ms
[TIMING] Neighbor sorting & quantiles: 8.19 ms
[TIMING] Total compute_uq: 489.40 ms
    [TIMING] UQ Calculation (Proximity_Method_B): 1.0032 s
[TIMING] Random Forest fit/check: 0.00 ms
[TIMING] OOB/In-bag index reconstruction: 217.96 ms
[TIMING] Leaf weights & density precomputation: 368.23 ms
[TIMING] Transfer structures to backend: 0.02 ms
[TIMING] Total fit: 586.22 ms
[TIMING] Test leaf ID extraction: 45.29 ms
[TIMING] Proximity matrix accumulation: 542.34 ms
[TIMING] Neighbor sorting & quantiles: 15.94 ms
[TIMING] Total compute_uq: 603.80 ms
[DEBUG DENSITY] mean walked density = 63.7286, min = 47.0799, max = 78.1671
    [TIMING] UQ Calculation (Proximity_Method_C): 1.1915 s
[TIMING] Random Forest fit/check: 0.00 ms
[TIMING] OOB/In-bag index reconstruction: 187.57 ms
[TIMING] Leaf weights & density precomputation: 341.84 ms
[TIMING] Transfer structures to backend: 0.02 ms
[TIMING] Total fit: 529.43 ms
[TIMING] Test leaf ID extraction: 45.63 ms
[TIMING] Proximity matrix accumulation: 543.91 ms
[TIMING] Neighbor sorting & quantiles: 8.30 ms
[TIMING] Total compute_uq: 598.10 ms
[DEBUG DENSITY] mean walked density = 63.7286, min = 47.0799, max = 78.1671
    [TIMING] UQ Calculation (Proximity_Method_B_C): 1.1288 s
    [TIMING] Metrics Calculation: 0.0692 s
    [TIMING] Total Single Evaluation: 5.4151 s

  >>> Starting: Function=sin_cos_sin, Seed=4
    [TIMING] Data Generation: 0.0024 s
    [TIMING] Random Forest Fitting: 0.5487 s
    [TIMING] RF Predicting: 0.0433 s
    [TIMING] Base Aleatoric: 0.0428 s
[TIMING] Random Forest fit/check: 0.00 ms
[TIMING] OOB/In-bag index reconstruction: 178.18 ms
[TIMING] Leaf weights & density precomputation: 60.04 ms
[TIMING] Transfer structures to backend: 0.02 ms
[TIMING] Total fit: 238.24 ms
[TIMING] Test leaf ID extraction: 35.14 ms
[TIMING] Proximity matrix accumulation: 233.89 ms
[TIMING] Neighbor sorting & quantiles: 22.98 ms
[TIMING] Total compute_uq: 292.21 ms
    [TIMING] UQ Calculation (Proximity_Baseline): 0.5306 s
[TIMING] Random Forest fit/check: 0.00 ms
[TIMING] OOB/In-bag index reconstruction: 187.58 ms
[TIMING] Leaf weights & density precomputation: 343.91 ms
[TIMING] Transfer structures to backend: 0.02 ms
[TIMING] Total fit: 531.51 ms
[TIMING] Test leaf ID extraction: 45.14 ms
[TIMING] Proximity matrix accumulation: 708.53 ms
[TIMING] Neighbor sorting & quantiles: 22.36 ms
[TIMING] Total compute_uq: 776.30 ms
    [TIMING] UQ Calculation (Proximity_Method_A): 1.3082 s
[TIMING] Random Forest fit/check: 0.00 ms
[TIMING] OOB/In-bag index reconstruction: 187.57 ms
[TIMING] Leaf weights & density precomputation: 339.90 ms
[TIMING] Transfer structures to backend: 0.02 ms
[TIMING] Total fit: 527.48 ms
[TIMING] Test leaf ID extraction: 35.61 ms
[TIMING] Proximity matrix accumulation: 706.35 ms
[TIMING] Neighbor sorting & quantiles: 10.36 ms
[TIMING] Total compute_uq: 752.56 ms
    [TIMING] UQ Calculation (Proximity_Method_B): 1.2810 s
[TIMING] Random Forest fit/check: 0.00 ms
[TIMING] OOB/In-bag index reconstruction: 188.82 ms
[TIMING] Leaf weights & density precomputation: 356.61 ms
[TIMING] Transfer structures to backend: 0.01 ms
[TIMING] Total fit: 545.44 ms
[TIMING] Test leaf ID extraction: 45.53 ms
[TIMING] Proximity matrix accumulation: 877.28 ms
[TIMING] Neighbor sorting & quantiles: 22.36 ms
[TIMING] Total compute_uq: 945.42 ms
[DEBUG DENSITY] mean walked density = 62.4645, min = 49.1834, max = 73.3680
    [TIMING] UQ Calculation (Proximity_Method_C): 1.4922 s
[TIMING] Random Forest fit/check: 0.00 ms
[TIMING] OOB/In-bag index reconstruction: 188.21 ms
[TIMING] Leaf weights & density precomputation: 340.73 ms
[TIMING] Transfer structures to backend: 0.01 ms
[TIMING] Total fit: 528.95 ms
[TIMING] Test leaf ID extraction: 45.53 ms
[TIMING] Proximity matrix accumulation: 878.58 ms
[TIMING] Neighbor sorting & quantiles: 9.77 ms
[TIMING] Total compute_uq: 934.13 ms
[DEBUG DENSITY] mean walked density = 62.4645, min = 49.1834, max = 73.3680
    [TIMING] UQ Calculation (Proximity_Method_B_C): 1.4643 s
    [TIMING] Metrics Calculation: 0.0925 s
    [TIMING] Total Single Evaluation: 6.8062 s

  >>> Starting: Function=quadratic_3d, Seed=4
    [TIMING] Data Generation: 0.0020 s
    [TIMING] Random Forest Fitting: 0.4896 s
    [TIMING] RF Predicting: 0.0432 s
    [TIMING] Base Aleatoric: 0.0532 s
[TIMING] Random Forest fit/check: 0.00 ms
[TIMING] OOB/In-bag index reconstruction: 190.76 ms
[TIMING] Leaf weights & density precomputation: 60.88 ms
[TIMING] Transfer structures to backend: 0.01 ms
[TIMING] Total fit: 251.66 ms
[TIMING] Test leaf ID extraction: 46.57 ms
[TIMING] Proximity matrix accumulation: 233.55 ms
[TIMING] Neighbor sorting & quantiles: 23.00 ms
[TIMING] Total compute_uq: 303.37 ms
    [TIMING] UQ Calculation (Proximity_Baseline): 0.5552 s
[TIMING] Random Forest fit/check: 0.00 ms
[TIMING] OOB/In-bag index reconstruction: 189.52 ms
[TIMING] Leaf weights & density precomputation: 336.34 ms
[TIMING] Transfer structures to backend: 0.02 ms
[TIMING] Total fit: 525.87 ms
[TIMING] Test leaf ID extraction: 46.42 ms
[TIMING] Proximity matrix accumulation: 707.97 ms
[TIMING] Neighbor sorting & quantiles: 22.36 ms
[TIMING] Total compute_uq: 776.96 ms
    [TIMING] UQ Calculation (Proximity_Method_A): 1.3031 s
[TIMING] Random Forest fit/check: 0.00 ms
[TIMING] OOB/In-bag index reconstruction: 188.32 ms
[TIMING] Leaf weights & density precomputation: 339.66 ms
[TIMING] Transfer structures to backend: 0.04 ms
[TIMING] Total fit: 528.01 ms
[TIMING] Test leaf ID extraction: 46.73 ms
[TIMING] Proximity matrix accumulation: 707.95 ms
[TIMING] Neighbor sorting & quantiles: 9.98 ms
[TIMING] Total compute_uq: 764.92 ms
    [TIMING] UQ Calculation (Proximity_Method_B): 1.2941 s
[TIMING] Random Forest fit/check: 0.00 ms
[TIMING] OOB/In-bag index reconstruction: 189.26 ms
[TIMING] Leaf weights & density precomputation: 341.30 ms
[TIMING] Transfer structures to backend: 0.02 ms
[TIMING] Total fit: 530.58 ms
[TIMING] Test leaf ID extraction: 45.08 ms
[TIMING] Proximity matrix accumulation: 877.06 ms
[TIMING] Neighbor sorting & quantiles: 22.59 ms
[TIMING] Total compute_uq: 945.03 ms
[DEBUG DENSITY] mean walked density = 64.1611, min = 51.4746, max = 69.7784
    [TIMING] UQ Calculation (Proximity_Method_C): 1.4772 s
[TIMING] Random Forest fit/check: 0.00 ms
[TIMING] OOB/In-bag index reconstruction: 267.72 ms
[TIMING] Leaf weights & density precomputation: 338.38 ms
[TIMING] Transfer structures to backend: 0.02 ms
[TIMING] Total fit: 606.13 ms
[TIMING] Test leaf ID extraction: 45.59 ms
[TIMING] Proximity matrix accumulation: 878.33 ms
[TIMING] Neighbor sorting & quantiles: 10.08 ms
[TIMING] Total compute_uq: 934.27 ms
[DEBUG DENSITY] mean walked density = 64.1611, min = 51.4746, max = 69.7784
    [TIMING] UQ Calculation (Proximity_Method_B_C): 1.5416 s
    [TIMING] Metrics Calculation: 0.1055 s
    [TIMING] Total Single Evaluation: 6.8649 s

  >>> Starting: Function=sin_sum_3d, Seed=4
    [TIMING] Data Generation: 0.0029 s
    [TIMING] Random Forest Fitting: 0.5185 s
    [TIMING] RF Predicting: 0.0434 s
    [TIMING] Base Aleatoric: 0.0524 s
[TIMING] Random Forest fit/check: 0.00 ms
[TIMING] OOB/In-bag index reconstruction: 217.08 ms
[TIMING] Leaf weights & density precomputation: 59.47 ms
[TIMING] Transfer structures to backend: 0.02 ms
[TIMING] Total fit: 276.57 ms
[TIMING] Test leaf ID extraction: 45.48 ms
[TIMING] Proximity matrix accumulation: 233.85 ms
[TIMING] Neighbor sorting & quantiles: 23.01 ms
[TIMING] Total compute_uq: 302.62 ms
    [TIMING] UQ Calculation (Proximity_Baseline): 0.5793 s
[TIMING] Random Forest fit/check: 0.00 ms
[TIMING] OOB/In-bag index reconstruction: 216.91 ms
[TIMING] Leaf weights & density precomputation: 348.11 ms
[TIMING] Transfer structures to backend: 0.02 ms
[TIMING] Total fit: 565.03 ms
[TIMING] Test leaf ID extraction: 46.19 ms
[TIMING] Proximity matrix accumulation: 706.82 ms
[TIMING] Neighbor sorting & quantiles: 22.51 ms
[TIMING] Total compute_uq: 775.81 ms
    [TIMING] UQ Calculation (Proximity_Method_A): 1.3412 s
[TIMING] Random Forest fit/check: 0.00 ms
[TIMING] OOB/In-bag index reconstruction: 191.72 ms
[TIMING] Leaf weights & density precomputation: 424.36 ms
[TIMING] Transfer structures to backend: 0.02 ms
[TIMING] Total fit: 616.10 ms
[TIMING] Test leaf ID extraction: 45.26 ms
[TIMING] Proximity matrix accumulation: 707.75 ms
[TIMING] Neighbor sorting & quantiles: 10.71 ms
[TIMING] Total compute_uq: 764.03 ms
    [TIMING] UQ Calculation (Proximity_Method_B): 1.3812 s
[TIMING] Random Forest fit/check: 0.00 ms
[TIMING] OOB/In-bag index reconstruction: 183.39 ms
[TIMING] Leaf weights & density precomputation: 345.38 ms
[TIMING] Transfer structures to backend: 0.02 ms
[TIMING] Total fit: 528.79 ms
[TIMING] Test leaf ID extraction: 45.33 ms
[TIMING] Proximity matrix accumulation: 877.49 ms
[TIMING] Neighbor sorting & quantiles: 22.53 ms
[TIMING] Total compute_uq: 945.63 ms
[DEBUG DENSITY] mean walked density = 65.0285, min = 55.5681, max = 73.6326
    [TIMING] UQ Calculation (Proximity_Method_C): 1.4759 s
[TIMING] Random Forest fit/check: 0.00 ms
[TIMING] OOB/In-bag index reconstruction: 190.88 ms
[TIMING] Leaf weights & density precomputation: 341.90 ms
[TIMING] Transfer structures to backend: 0.02 ms
[TIMING] Total fit: 532.80 ms
[TIMING] Test leaf ID extraction: 45.56 ms
[TIMING] Proximity matrix accumulation: 878.42 ms
[TIMING] Neighbor sorting & quantiles: 10.96 ms
[TIMING] Total compute_uq: 935.22 ms
[DEBUG DENSITY] mean walked density = 65.0285, min = 55.5681, max = 73.6326
    [TIMING] UQ Calculation (Proximity_Method_B_C): 1.4695 s
    [TIMING] Metrics Calculation: 0.0750 s
    [TIMING] Total Single Evaluation: 6.9398 s

  >>> Starting: Function=gaussian_3d, Seed=4
    [TIMING] Data Generation: 0.0022 s
    [TIMING] Random Forest Fitting: 0.5206 s
    [TIMING] RF Predicting: 0.0429 s
    [TIMING] Base Aleatoric: 0.0579 s
[TIMING] Random Forest fit/check: 0.00 ms
[TIMING] OOB/In-bag index reconstruction: 204.01 ms
[TIMING] Leaf weights & density precomputation: 63.31 ms
[TIMING] Transfer structures to backend: 0.02 ms
[TIMING] Total fit: 267.34 ms
[TIMING] Test leaf ID extraction: 44.65 ms
[TIMING] Proximity matrix accumulation: 233.57 ms
[TIMING] Neighbor sorting & quantiles: 23.07 ms
[TIMING] Total compute_uq: 301.57 ms
    [TIMING] UQ Calculation (Proximity_Baseline): 0.5691 s
[TIMING] Random Forest fit/check: 0.00 ms
[TIMING] OOB/In-bag index reconstruction: 190.08 ms
[TIMING] Leaf weights & density precomputation: 345.40 ms
[TIMING] Transfer structures to backend: 0.02 ms
[TIMING] Total fit: 535.50 ms
[TIMING] Test leaf ID extraction: 45.19 ms
[TIMING] Proximity matrix accumulation: 707.93 ms
[TIMING] Neighbor sorting & quantiles: 22.48 ms
[TIMING] Total compute_uq: 775.89 ms
    [TIMING] UQ Calculation (Proximity_Method_A): 1.3118 s
[TIMING] Random Forest fit/check: 0.00 ms
[TIMING] OOB/In-bag index reconstruction: 190.92 ms
[TIMING] Leaf weights & density precomputation: 347.95 ms
[TIMING] Transfer structures to backend: 0.02 ms
[TIMING] Total fit: 538.88 ms
[TIMING] Test leaf ID extraction: 45.65 ms
[TIMING] Proximity matrix accumulation: 710.07 ms
[TIMING] Neighbor sorting & quantiles: 11.08 ms
[TIMING] Total compute_uq: 767.08 ms
    [TIMING] UQ Calculation (Proximity_Method_B): 1.3070 s
[TIMING] Random Forest fit/check: 0.00 ms
[TIMING] OOB/In-bag index reconstruction: 200.09 ms
[TIMING] Leaf weights & density precomputation: 344.77 ms
[TIMING] Transfer structures to backend: 0.02 ms
[TIMING] Total fit: 544.88 ms
[TIMING] Test leaf ID extraction: 46.00 ms
[TIMING] Proximity matrix accumulation: 876.90 ms
[TIMING] Neighbor sorting & quantiles: 22.57 ms
[TIMING] Total compute_uq: 945.75 ms
[DEBUG DENSITY] mean walked density = 63.7085, min = 54.4574, max = 69.4415
    [TIMING] UQ Calculation (Proximity_Method_C): 1.4922 s
[TIMING] Random Forest fit/check: 0.00 ms
[TIMING] OOB/In-bag index reconstruction: 189.57 ms
[TIMING] Leaf weights & density precomputation: 349.66 ms
[TIMING] Transfer structures to backend: 0.02 ms
[TIMING] Total fit: 539.25 ms
[TIMING] Test leaf ID extraction: 45.61 ms
[TIMING] Proximity matrix accumulation: 878.14 ms
[TIMING] Neighbor sorting & quantiles: 11.20 ms
[TIMING] Total compute_uq: 935.22 ms
[DEBUG DENSITY] mean walked density = 63.7085, min = 54.4574, max = 69.4415
    [TIMING] UQ Calculation (Proximity_Method_B_C): 1.4759 s
    [TIMING] Metrics Calculation: 0.0927 s
    [TIMING] Total Single Evaluation: 6.8726 s

  >>> Starting: Function=sin_exp_cos, Seed=4
    [TIMING] Data Generation: 0.0023 s
    [TIMING] Random Forest Fitting: 0.5059 s
    [TIMING] RF Predicting: 0.0538 s
    [TIMING] Base Aleatoric: 0.0466 s
[TIMING] Random Forest fit/check: 0.00 ms
[TIMING] OOB/In-bag index reconstruction: 183.35 ms
[TIMING] Leaf weights & density precomputation: 62.73 ms
[TIMING] Transfer structures to backend: 0.02 ms
[TIMING] Total fit: 246.10 ms
[TIMING] Test leaf ID extraction: 35.41 ms
[TIMING] Proximity matrix accumulation: 233.72 ms
[TIMING] Neighbor sorting & quantiles: 23.08 ms
[TIMING] Total compute_uq: 292.48 ms
    [TIMING] UQ Calculation (Proximity_Baseline): 0.5388 s
[TIMING] Random Forest fit/check: 0.00 ms
[TIMING] OOB/In-bag index reconstruction: 179.13 ms
[TIMING] Leaf weights & density precomputation: 344.72 ms
[TIMING] Transfer structures to backend: 0.02 ms
[TIMING] Total fit: 523.86 ms
[TIMING] Test leaf ID extraction: 35.38 ms
[TIMING] Proximity matrix accumulation: 710.12 ms
[TIMING] Neighbor sorting & quantiles: 22.56 ms
[TIMING] Total compute_uq: 768.33 ms
    [TIMING] UQ Calculation (Proximity_Method_A): 1.2926 s
[TIMING] Random Forest fit/check: 0.00 ms
[TIMING] OOB/In-bag index reconstruction: 182.21 ms
[TIMING] Leaf weights & density precomputation: 348.69 ms
[TIMING] Transfer structures to backend: 0.02 ms
[TIMING] Total fit: 530.92 ms
[TIMING] Test leaf ID extraction: 35.92 ms
[TIMING] Proximity matrix accumulation: 708.65 ms
[TIMING] Neighbor sorting & quantiles: 11.08 ms
[TIMING] Total compute_uq: 756.08 ms
    [TIMING] UQ Calculation (Proximity_Method_B): 1.2881 s
[TIMING] Random Forest fit/check: 0.00 ms
[TIMING] OOB/In-bag index reconstruction: 180.77 ms
[TIMING] Leaf weights & density precomputation: 339.35 ms
[TIMING] Transfer structures to backend: 0.02 ms
[TIMING] Total fit: 520.14 ms
[TIMING] Test leaf ID extraction: 34.67 ms
[TIMING] Proximity matrix accumulation: 877.27 ms
[TIMING] Neighbor sorting & quantiles: 22.42 ms
[TIMING] Total compute_uq: 934.67 ms
[DEBUG DENSITY] mean walked density = 64.2712, min = 55.0549, max = 72.6718
    [TIMING] UQ Calculation (Proximity_Method_C): 1.4563 s
[TIMING] Random Forest fit/check: 0.00 ms
[TIMING] OOB/In-bag index reconstruction: 188.36 ms
[TIMING] Leaf weights & density precomputation: 338.32 ms
[TIMING] Transfer structures to backend: 0.02 ms
[TIMING] Total fit: 526.70 ms
[TIMING] Test leaf ID extraction: 35.10 ms
[TIMING] Proximity matrix accumulation: 878.16 ms
[TIMING] Neighbor sorting & quantiles: 10.01 ms
[TIMING] Total compute_uq: 923.49 ms
[DEBUG DENSITY] mean walked density = 64.2712, min = 55.0549, max = 72.6718
    [TIMING] UQ Calculation (Proximity_Method_B_C): 1.4515 s
    [TIMING] Metrics Calculation: 0.0819 s
    [TIMING] Total Single Evaluation: 6.7183 s

  >>> Starting: Function=sin_cos_4d, Seed=4
    [TIMING] Data Generation: 0.0037 s
    [TIMING] Random Forest Fitting: 0.9789 s
    [TIMING] RF Predicting: 0.0436 s
    [TIMING] Base Aleatoric: 0.0553 s
[TIMING] Random Forest fit/check: 0.00 ms
[TIMING] OOB/In-bag index reconstruction: 190.52 ms
[TIMING] Leaf weights & density precomputation: 66.91 ms
[TIMING] Transfer structures to backend: 0.02 ms
[TIMING] Total fit: 257.44 ms
[TIMING] Test leaf ID extraction: 46.18 ms
[TIMING] Proximity matrix accumulation: 460.70 ms
[TIMING] Neighbor sorting & quantiles: 39.63 ms
[TIMING] Total compute_uq: 546.79 ms
    [TIMING] UQ Calculation (Proximity_Baseline): 0.8044 s
[TIMING] Random Forest fit/check: 0.00 ms
[TIMING] OOB/In-bag index reconstruction: 192.67 ms
[TIMING] Leaf weights & density precomputation: 425.29 ms
[TIMING] Transfer structures to backend: 0.02 ms
[TIMING] Total fit: 617.98 ms
[TIMING] Test leaf ID extraction: 36.16 ms
[TIMING] Proximity matrix accumulation: 1265.84 ms
[TIMING] Neighbor sorting & quantiles: 38.68 ms
[TIMING] Total compute_uq: 1340.98 ms
    [TIMING] UQ Calculation (Proximity_Method_A): 1.9593 s
[TIMING] Random Forest fit/check: 0.00 ms
[TIMING] OOB/In-bag index reconstruction: 193.46 ms
[TIMING] Leaf weights & density precomputation: 418.64 ms
[TIMING] Transfer structures to backend: 0.02 ms
[TIMING] Total fit: 612.11 ms
[TIMING] Test leaf ID extraction: 46.74 ms
[TIMING] Proximity matrix accumulation: 1268.93 ms
[TIMING] Neighbor sorting & quantiles: 13.32 ms
[TIMING] Total compute_uq: 1329.20 ms
    [TIMING] UQ Calculation (Proximity_Method_B): 1.9424 s
[TIMING] Random Forest fit/check: 0.00 ms
[TIMING] OOB/In-bag index reconstruction: 190.71 ms
[TIMING] Leaf weights & density precomputation: 419.09 ms
[TIMING] Transfer structures to backend: 0.02 ms
[TIMING] Total fit: 609.82 ms
[TIMING] Test leaf ID extraction: 57.01 ms
[TIMING] Proximity matrix accumulation: 1580.76 ms
[TIMING] Neighbor sorting & quantiles: 38.63 ms
[TIMING] Total compute_uq: 1676.69 ms
[DEBUG DENSITY] mean walked density = 62.6844, min = 55.0075, max = 68.0951
    [TIMING] UQ Calculation (Proximity_Method_C): 2.2880 s
[TIMING] Random Forest fit/check: 0.00 ms
[TIMING] OOB/In-bag index reconstruction: 193.06 ms
[TIMING] Leaf weights & density precomputation: 417.50 ms
[TIMING] Transfer structures to backend: 0.01 ms
[TIMING] Total fit: 610.58 ms
[TIMING] Test leaf ID extraction: 46.90 ms
[TIMING] Proximity matrix accumulation: 1579.98 ms
[TIMING] Neighbor sorting & quantiles: 13.56 ms
[TIMING] Total compute_uq: 1640.70 ms
[DEBUG DENSITY] mean walked density = 62.6844, min = 55.0075, max = 68.0951
    [TIMING] UQ Calculation (Proximity_Method_B_C): 2.2526 s
    [TIMING] Metrics Calculation: 0.0895 s
    [TIMING] Total Single Evaluation: 10.4182 s

  >>> Starting: Function=quadratic_4d, Seed=4
    [TIMING] Data Generation: 0.0031 s
    [TIMING] Random Forest Fitting: 0.7489 s
    [TIMING] RF Predicting: 0.0535 s
    [TIMING] Base Aleatoric: 0.0569 s
[TIMING] Random Forest fit/check: 0.00 ms
[TIMING] OOB/In-bag index reconstruction: 193.42 ms
[TIMING] Leaf weights & density precomputation: 66.50 ms
[TIMING] Transfer structures to backend: 0.02 ms
[TIMING] Total fit: 259.94 ms
[TIMING] Test leaf ID extraction: 46.63 ms
[TIMING] Proximity matrix accumulation: 462.00 ms
[TIMING] Neighbor sorting & quantiles: 39.72 ms
[TIMING] Total compute_uq: 548.59 ms
    [TIMING] UQ Calculation (Proximity_Baseline): 0.8087 s
[TIMING] Random Forest fit/check: 0.00 ms
[TIMING] OOB/In-bag index reconstruction: 192.01 ms
[TIMING] Leaf weights & density precomputation: 393.32 ms
[TIMING] Transfer structures to backend: 0.02 ms
[TIMING] Total fit: 585.35 ms
[TIMING] Test leaf ID extraction: 46.66 ms
[TIMING] Proximity matrix accumulation: 1269.47 ms
[TIMING] Neighbor sorting & quantiles: 38.64 ms
[TIMING] Total compute_uq: 1355.00 ms
    [TIMING] UQ Calculation (Proximity_Method_A): 1.9407 s
[TIMING] Random Forest fit/check: 0.00 ms
[TIMING] OOB/In-bag index reconstruction: 193.47 ms
[TIMING] Leaf weights & density precomputation: 399.67 ms
[TIMING] Transfer structures to backend: 0.02 ms
[TIMING] Total fit: 593.15 ms
[TIMING] Test leaf ID extraction: 35.46 ms
[TIMING] Proximity matrix accumulation: 1270.14 ms
[TIMING] Neighbor sorting & quantiles: 13.51 ms
[TIMING] Total compute_uq: 1319.35 ms
    [TIMING] UQ Calculation (Proximity_Method_B): 1.9136 s
[TIMING] Random Forest fit/check: 0.00 ms
[TIMING] OOB/In-bag index reconstruction: 180.62 ms
[TIMING] Leaf weights & density precomputation: 391.63 ms
[TIMING] Transfer structures to backend: 0.02 ms
[TIMING] Total fit: 572.26 ms
[TIMING] Test leaf ID extraction: 35.30 ms
[TIMING] Proximity matrix accumulation: 1577.26 ms
[TIMING] Neighbor sorting & quantiles: 38.67 ms
[TIMING] Total compute_uq: 1651.51 ms
[DEBUG DENSITY] mean walked density = 63.9682, min = 54.7543, max = 70.4921
    [TIMING] UQ Calculation (Proximity_Method_C): 2.2251 s
[TIMING] Random Forest fit/check: 0.00 ms
[TIMING] OOB/In-bag index reconstruction: 192.31 ms
[TIMING] Leaf weights & density precomputation: 386.67 ms
[TIMING] Transfer structures to backend: 0.01 ms
[TIMING] Total fit: 579.00 ms
[TIMING] Test leaf ID extraction: 46.88 ms
[TIMING] Proximity matrix accumulation: 1580.39 ms
[TIMING] Neighbor sorting & quantiles: 13.65 ms
[TIMING] Total compute_uq: 1641.18 ms
[DEBUG DENSITY] mean walked density = 63.9682, min = 54.7543, max = 70.4921
    [TIMING] UQ Calculation (Proximity_Method_B_C): 2.2215 s
    [TIMING] Metrics Calculation: 0.1180 s
    [TIMING] Total Single Evaluation: 10.0904 s

  >>> Starting: Function=sin_sum_4d, Seed=4
    [TIMING] Data Generation: 0.0044 s
    [TIMING] Random Forest Fitting: 0.8005 s
    [TIMING] RF Predicting: 0.0428 s
    [TIMING] Base Aleatoric: 0.0562 s
[TIMING] Random Forest fit/check: 0.00 ms
[TIMING] OOB/In-bag index reconstruction: 194.77 ms
[TIMING] Leaf weights & density precomputation: 71.96 ms
[TIMING] Transfer structures to backend: 0.02 ms
[TIMING] Total fit: 266.75 ms
[TIMING] Test leaf ID extraction: 67.82 ms
[TIMING] Proximity matrix accumulation: 461.62 ms
[TIMING] Neighbor sorting & quantiles: 39.79 ms
[TIMING] Total compute_uq: 569.52 ms
    [TIMING] UQ Calculation (Proximity_Baseline): 0.8366 s
[TIMING] Random Forest fit/check: 0.00 ms
[TIMING] OOB/In-bag index reconstruction: 181.40 ms
[TIMING] Leaf weights & density precomputation: 388.66 ms
[TIMING] Transfer structures to backend: 0.02 ms
[TIMING] Total fit: 570.09 ms
[TIMING] Test leaf ID extraction: 35.56 ms
[TIMING] Proximity matrix accumulation: 1268.19 ms
[TIMING] Neighbor sorting & quantiles: 38.61 ms
[TIMING] Total compute_uq: 1342.65 ms
    [TIMING] UQ Calculation (Proximity_Method_A): 1.9131 s
[TIMING] Random Forest fit/check: 0.00 ms
[TIMING] OOB/In-bag index reconstruction: 193.99 ms
[TIMING] Leaf weights & density precomputation: 395.05 ms
[TIMING] Transfer structures to backend: 0.01 ms
[TIMING] Total fit: 589.06 ms
[TIMING] Test leaf ID extraction: 46.36 ms
[TIMING] Proximity matrix accumulation: 1270.09 ms
[TIMING] Neighbor sorting & quantiles: 13.96 ms
[TIMING] Total compute_uq: 1330.64 ms
    [TIMING] UQ Calculation (Proximity_Method_B): 1.9207 s
[TIMING] Random Forest fit/check: 0.00 ms
[TIMING] OOB/In-bag index reconstruction: 192.60 ms
[TIMING] Leaf weights & density precomputation: 386.21 ms
[TIMING] Transfer structures to backend: 0.02 ms
[TIMING] Total fit: 578.83 ms
[TIMING] Test leaf ID extraction: 46.93 ms
[TIMING] Proximity matrix accumulation: 1580.37 ms
[TIMING] Neighbor sorting & quantiles: 38.76 ms
[TIMING] Total compute_uq: 1666.34 ms
[DEBUG DENSITY] mean walked density = 64.2119, min = 53.1972, max = 71.4958
    [TIMING] UQ Calculation (Proximity_Method_C): 2.2466 s
[TIMING] Random Forest fit/check: 0.00 ms
[TIMING] OOB/In-bag index reconstruction: 190.99 ms
[TIMING] Leaf weights & density precomputation: 383.76 ms
[TIMING] Transfer structures to backend: 0.02 ms
[TIMING] Total fit: 574.77 ms
[TIMING] Test leaf ID extraction: 46.09 ms
[TIMING] Proximity matrix accumulation: 1581.51 ms
[TIMING] Neighbor sorting & quantiles: 13.22 ms
[TIMING] Total compute_uq: 1641.09 ms
[DEBUG DENSITY] mean walked density = 64.2119, min = 53.1972, max = 71.4958
    [TIMING] UQ Calculation (Proximity_Method_B_C): 2.2172 s
    [TIMING] Metrics Calculation: 0.1442 s
    [TIMING] Total Single Evaluation: 10.1827 s

  >>> Starting: Function=sin_cos_5d, Seed=4
    [TIMING] Data Generation: 0.0076 s
    [TIMING] Random Forest Fitting: 1.5085 s
    [TIMING] RF Predicting: 0.0430 s
    [TIMING] Base Aleatoric: 0.0570 s
[TIMING] Random Forest fit/check: 0.00 ms
[TIMING] OOB/In-bag index reconstruction: 230.61 ms
[TIMING] Leaf weights & density precomputation: 72.96 ms
[TIMING] Transfer structures to backend: 0.02 ms
[TIMING] Total fit: 303.59 ms
[TIMING] Test leaf ID extraction: 47.87 ms
[TIMING] Proximity matrix accumulation: 748.85 ms
[TIMING] Neighbor sorting & quantiles: 63.63 ms
[TIMING] Total compute_uq: 860.70 ms
    [TIMING] UQ Calculation (Proximity_Baseline): 1.1645 s
[TIMING] Random Forest fit/check: 0.00 ms
[TIMING] OOB/In-bag index reconstruction: 227.21 ms
[TIMING] Leaf weights & density precomputation: 496.42 ms
[TIMING] Transfer structures to backend: 0.02 ms
[TIMING] Total fit: 723.65 ms
[TIMING] Test leaf ID extraction: 46.17 ms
[TIMING] Proximity matrix accumulation: 1972.01 ms
[TIMING] Neighbor sorting & quantiles: 62.33 ms
[TIMING] Total compute_uq: 2080.80 ms
    [TIMING] UQ Calculation (Proximity_Method_A): 2.8048 s
[TIMING] Random Forest fit/check: 0.00 ms
[TIMING] OOB/In-bag index reconstruction: 240.50 ms
[TIMING] Leaf weights & density precomputation: 500.42 ms
[TIMING] Transfer structures to backend: 0.02 ms
[TIMING] Total fit: 740.94 ms
[TIMING] Test leaf ID extraction: 47.08 ms
[TIMING] Proximity matrix accumulation: 1970.23 ms
[TIMING] Neighbor sorting & quantiles: 19.02 ms
[TIMING] Total compute_uq: 2036.66 ms
    [TIMING] UQ Calculation (Proximity_Method_B): 2.7786 s
[TIMING] Random Forest fit/check: 0.00 ms
[TIMING] OOB/In-bag index reconstruction: 228.14 ms
[TIMING] Leaf weights & density precomputation: 509.84 ms
[TIMING] Transfer structures to backend: 0.03 ms
[TIMING] Total fit: 738.01 ms
[TIMING] Test leaf ID extraction: 47.78 ms
[TIMING] Proximity matrix accumulation: 2464.91 ms
[TIMING] Neighbor sorting & quantiles: 62.38 ms
[TIMING] Total compute_uq: 2575.40 ms
[DEBUG DENSITY] mean walked density = 64.0340, min = 60.1055, max = 67.7549
    [TIMING] UQ Calculation (Proximity_Method_C): 3.3152 s
[TIMING] Random Forest fit/check: 0.00 ms
[TIMING] OOB/In-bag index reconstruction: 239.61 ms
[TIMING] Leaf weights & density precomputation: 520.16 ms
[TIMING] Transfer structures to backend: 0.01 ms
[TIMING] Total fit: 759.79 ms
[TIMING] Test leaf ID extraction: 46.64 ms
[TIMING] Proximity matrix accumulation: 2465.78 ms
[TIMING] Neighbor sorting & quantiles: 18.69 ms
[TIMING] Total compute_uq: 2531.36 ms
[DEBUG DENSITY] mean walked density = 64.0340, min = 60.1055, max = 67.7549
    [TIMING] UQ Calculation (Proximity_Method_B_C): 3.2926 s
    [TIMING] Metrics Calculation: 0.1093 s
    [TIMING] Total Single Evaluation: 15.0815 s

  >>> Starting: Function=quadratic_5d, Seed=4
    [TIMING] Data Generation: 0.0062 s
    [TIMING] Random Forest Fitting: 1.0875 s
    [TIMING] RF Predicting: 0.0431 s
    [TIMING] Base Aleatoric: 0.0675 s
[TIMING] Random Forest fit/check: 0.00 ms
[TIMING] OOB/In-bag index reconstruction: 229.07 ms
[TIMING] Leaf weights & density precomputation: 71.63 ms
[TIMING] Transfer structures to backend: 0.02 ms
[TIMING] Total fit: 300.71 ms
[TIMING] Test leaf ID extraction: 47.11 ms
[TIMING] Proximity matrix accumulation: 748.30 ms
[TIMING] Neighbor sorting & quantiles: 63.73 ms
[TIMING] Total compute_uq: 859.45 ms
    [TIMING] UQ Calculation (Proximity_Baseline): 1.1604 s
[TIMING] Random Forest fit/check: 0.00 ms
[TIMING] OOB/In-bag index reconstruction: 228.16 ms
[TIMING] Leaf weights & density precomputation: 446.80 ms
[TIMING] Transfer structures to backend: 0.02 ms
[TIMING] Total fit: 674.98 ms
[TIMING] Test leaf ID extraction: 47.13 ms
[TIMING] Proximity matrix accumulation: 1971.29 ms
[TIMING] Neighbor sorting & quantiles: 62.32 ms
[TIMING] Total compute_uq: 2081.03 ms
    [TIMING] UQ Calculation (Proximity_Method_A): 2.7564 s
[TIMING] Random Forest fit/check: 0.00 ms
[TIMING] OOB/In-bag index reconstruction: 228.22 ms
[TIMING] Leaf weights & density precomputation: 448.45 ms
[TIMING] Transfer structures to backend: 0.02 ms
[TIMING] Total fit: 676.68 ms
[TIMING] Test leaf ID extraction: 46.09 ms
[TIMING] Proximity matrix accumulation: 1967.51 ms
[TIMING] Neighbor sorting & quantiles: 19.82 ms
[TIMING] Total compute_uq: 2033.73 ms
    [TIMING] UQ Calculation (Proximity_Method_B): 2.7114 s
[TIMING] Random Forest fit/check: 0.00 ms
[TIMING] OOB/In-bag index reconstruction: 228.70 ms
[TIMING] Leaf weights & density precomputation: 445.46 ms
[TIMING] Transfer structures to backend: 0.02 ms
[TIMING] Total fit: 674.18 ms
[TIMING] Test leaf ID extraction: 46.94 ms
[TIMING] Proximity matrix accumulation: 2465.84 ms
[TIMING] Neighbor sorting & quantiles: 62.39 ms
[TIMING] Total compute_uq: 2575.49 ms
[DEBUG DENSITY] mean walked density = 63.7663, min = 54.2873, max = 69.3018
    [TIMING] UQ Calculation (Proximity_Method_C): 3.2510 s
[TIMING] Random Forest fit/check: 0.00 ms
[TIMING] OOB/In-bag index reconstruction: 229.04 ms
[TIMING] Leaf weights & density precomputation: 448.40 ms
[TIMING] Transfer structures to backend: 0.02 ms
[TIMING] Total fit: 677.46 ms
[TIMING] Test leaf ID extraction: 46.10 ms
[TIMING] Proximity matrix accumulation: 2466.68 ms
[TIMING] Neighbor sorting & quantiles: 18.77 ms
[TIMING] Total compute_uq: 2531.84 ms
[DEBUG DENSITY] mean walked density = 63.7663, min = 54.2873, max = 69.3018
    [TIMING] UQ Calculation (Proximity_Method_B_C): 3.2106 s
    [TIMING] Metrics Calculation: 0.1016 s
    [TIMING] Total Single Evaluation: 14.3960 s

  >>> Starting: Function=gaussian_5d, Seed=4
    [TIMING] Data Generation: 0.0045 s
    [TIMING] Random Forest Fitting: 1.0640 s
    [TIMING] RF Predicting: 0.0428 s
    [TIMING] Base Aleatoric: 0.0563 s
[TIMING] Random Forest fit/check: 0.00 ms
[TIMING] OOB/In-bag index reconstruction: 229.80 ms
[TIMING] Leaf weights & density precomputation: 86.39 ms
[TIMING] Transfer structures to backend: 0.01 ms
[TIMING] Total fit: 316.21 ms
[TIMING] Test leaf ID extraction: 46.10 ms
[TIMING] Proximity matrix accumulation: 748.45 ms
[TIMING] Neighbor sorting & quantiles: 63.83 ms
[TIMING] Total compute_uq: 858.69 ms
    [TIMING] UQ Calculation (Proximity_Baseline): 1.1751 s
[TIMING] Random Forest fit/check: 0.00 ms
[TIMING] OOB/In-bag index reconstruction: 229.70 ms
[TIMING] Leaf weights & density precomputation: 447.74 ms
[TIMING] Transfer structures to backend: 0.01 ms
[TIMING] Total fit: 677.46 ms
[TIMING] Test leaf ID extraction: 46.11 ms
[TIMING] Proximity matrix accumulation: 1972.50 ms
[TIMING] Neighbor sorting & quantiles: 62.37 ms
[TIMING] Total compute_uq: 2081.29 ms
    [TIMING] UQ Calculation (Proximity_Method_A): 2.7591 s
[TIMING] Random Forest fit/check: 0.00 ms
[TIMING] OOB/In-bag index reconstruction: 228.38 ms
[TIMING] Leaf weights & density precomputation: 445.38 ms
[TIMING] Transfer structures to backend: 0.02 ms
[TIMING] Total fit: 673.77 ms
[TIMING] Test leaf ID extraction: 47.19 ms
[TIMING] Proximity matrix accumulation: 1970.86 ms
[TIMING] Neighbor sorting & quantiles: 18.99 ms
[TIMING] Total compute_uq: 2037.34 ms
    [TIMING] UQ Calculation (Proximity_Method_B): 2.7122 s
[TIMING] Random Forest fit/check: 0.00 ms
[TIMING] OOB/In-bag index reconstruction: 230.09 ms
[TIMING] Leaf weights & density precomputation: 450.10 ms
[TIMING] Transfer structures to backend: 0.02 ms
[TIMING] Total fit: 680.21 ms
[TIMING] Test leaf ID extraction: 57.46 ms
[TIMING] Proximity matrix accumulation: 2467.32 ms
[TIMING] Neighbor sorting & quantiles: 62.36 ms
[TIMING] Total compute_uq: 2587.54 ms
[DEBUG DENSITY] mean walked density = 63.6320, min = 57.6309, max = 69.2585
    [TIMING] UQ Calculation (Proximity_Method_C): 3.2694 s
[TIMING] Random Forest fit/check: 0.00 ms
[TIMING] OOB/In-bag index reconstruction: 228.74 ms
[TIMING] Leaf weights & density precomputation: 448.77 ms
[TIMING] Transfer structures to backend: 0.02 ms
[TIMING] Total fit: 677.53 ms
[TIMING] Test leaf ID extraction: 46.66 ms
[TIMING] Proximity matrix accumulation: 2466.22 ms
[TIMING] Neighbor sorting & quantiles: 18.76 ms
[TIMING] Total compute_uq: 2531.92 ms
[DEBUG DENSITY] mean walked density = 63.6320, min = 57.6309, max = 69.2585
    [TIMING] UQ Calculation (Proximity_Method_B_C): 3.2107 s
    [TIMING] Metrics Calculation: 0.1023 s
    [TIMING] Total Single Evaluation: 14.3968 s

  >>> Starting: Function=sin_cos_6d, Seed=4
    [TIMING] Data Generation: 0.0080 s
    [TIMING] Random Forest Fitting: 2.1687 s
    [TIMING] RF Predicting: 0.0525 s
    [TIMING] Base Aleatoric: 0.0617 s
[TIMING] Random Forest fit/check: 0.00 ms
[TIMING] OOB/In-bag index reconstruction: 229.98 ms
[TIMING] Leaf weights & density precomputation: 79.52 ms
[TIMING] Transfer structures to backend: 0.02 ms
[TIMING] Total fit: 309.52 ms
[TIMING] Test leaf ID extraction: 46.24 ms
[TIMING] Proximity matrix accumulation: 1098.41 ms
[TIMING] Neighbor sorting & quantiles: 90.32 ms
[TIMING] Total compute_uq: 1235.31 ms
    [TIMING] UQ Calculation (Proximity_Baseline): 1.5450 s
[TIMING] Random Forest fit/check: 0.00 ms
[TIMING] OOB/In-bag index reconstruction: 230.34 ms
[TIMING] Leaf weights & density precomputation: 575.44 ms
[TIMING] Transfer structures to backend: 0.02 ms
[TIMING] Total fit: 805.81 ms
[TIMING] Test leaf ID extraction: 47.86 ms
[TIMING] Proximity matrix accumulation: 2822.88 ms
[TIMING] Neighbor sorting & quantiles: 88.90 ms
[TIMING] Total compute_uq: 2959.97 ms
    [TIMING] UQ Calculation (Proximity_Method_A): 3.7663 s
[TIMING] Random Forest fit/check: 0.00 ms
[TIMING] OOB/In-bag index reconstruction: 231.08 ms
[TIMING] Leaf weights & density precomputation: 571.33 ms
[TIMING] Transfer structures to backend: 0.03 ms
[TIMING] Total fit: 802.44 ms
[TIMING] Test leaf ID extraction: 46.71 ms
[TIMING] Proximity matrix accumulation: 2820.00 ms
[TIMING] Neighbor sorting & quantiles: 25.39 ms
[TIMING] Total compute_uq: 2892.40 ms
    [TIMING] UQ Calculation (Proximity_Method_B): 3.6960 s
[TIMING] Random Forest fit/check: 0.00 ms
[TIMING] OOB/In-bag index reconstruction: 229.89 ms
[TIMING] Leaf weights & density precomputation: 575.75 ms
[TIMING] Transfer structures to backend: 0.02 ms
[TIMING] Total fit: 805.66 ms
[TIMING] Test leaf ID extraction: 46.74 ms
[TIMING] Proximity matrix accumulation: 3529.69 ms
[TIMING] Neighbor sorting & quantiles: 89.16 ms
[TIMING] Total compute_uq: 3665.93 ms
[DEBUG DENSITY] mean walked density = 64.1453, min = 59.7812, max = 68.1848
    [TIMING] UQ Calculation (Proximity_Method_C): 4.4731 s
[TIMING] Random Forest fit/check: 0.00 ms
[TIMING] OOB/In-bag index reconstruction: 242.32 ms
[TIMING] Leaf weights & density precomputation: 574.66 ms
[TIMING] Transfer structures to backend: 0.02 ms
[TIMING] Total fit: 817.00 ms
[TIMING] Test leaf ID extraction: 57.45 ms
[TIMING] Proximity matrix accumulation: 3523.20 ms
[TIMING] Neighbor sorting & quantiles: 25.57 ms
[TIMING] Total compute_uq: 3606.56 ms
[DEBUG DENSITY] mean walked density = 64.1453, min = 59.7812, max = 68.1848
    [TIMING] UQ Calculation (Proximity_Method_B_C): 4.4251 s
    [TIMING] Metrics Calculation: 0.1568 s
    [TIMING] Total Single Evaluation: 20.3536 s

  >>> Starting: Function=quadratic_6d, Seed=4
    [TIMING] Data Generation: 0.0087 s
    [TIMING] Random Forest Fitting: 1.7601 s
    [TIMING] RF Predicting: 0.0532 s
    [TIMING] Base Aleatoric: 0.0770 s
[TIMING] Random Forest fit/check: 0.00 ms
[TIMING] OOB/In-bag index reconstruction: 252.21 ms
[TIMING] Leaf weights & density precomputation: 90.00 ms
[TIMING] Transfer structures to backend: 0.02 ms
[TIMING] Total fit: 342.23 ms
[TIMING] Test leaf ID extraction: 57.29 ms
[TIMING] Proximity matrix accumulation: 1098.06 ms
[TIMING] Neighbor sorting & quantiles: 91.63 ms
[TIMING] Total compute_uq: 1247.39 ms
    [TIMING] UQ Calculation (Proximity_Baseline): 1.5898 s
[TIMING] Random Forest fit/check: 0.00 ms
[TIMING] OOB/In-bag index reconstruction: 241.21 ms
[TIMING] Leaf weights & density precomputation: 524.64 ms
[TIMING] Transfer structures to backend: 0.02 ms
[TIMING] Total fit: 765.87 ms
[TIMING] Test leaf ID extraction: 58.12 ms
[TIMING] Proximity matrix accumulation: 2822.19 ms
[TIMING] Neighbor sorting & quantiles: 89.21 ms
[TIMING] Total compute_uq: 2969.81 ms
    [TIMING] UQ Calculation (Proximity_Method_A): 3.7361 s
[TIMING] Random Forest fit/check: 0.00 ms
[TIMING] OOB/In-bag index reconstruction: 242.77 ms
[TIMING] Leaf weights & density precomputation: 523.70 ms
[TIMING] Transfer structures to backend: 0.02 ms
[TIMING] Total fit: 766.48 ms
[TIMING] Test leaf ID extraction: 57.86 ms
[TIMING] Proximity matrix accumulation: 2820.01 ms
[TIMING] Neighbor sorting & quantiles: 25.56 ms
[TIMING] Total compute_uq: 2903.77 ms
    [TIMING] UQ Calculation (Proximity_Method_B): 3.6713 s
[TIMING] Random Forest fit/check: 0.00 ms
[TIMING] OOB/In-bag index reconstruction: 230.05 ms
[TIMING] Leaf weights & density precomputation: 536.71 ms
[TIMING] Transfer structures to backend: 0.02 ms
[TIMING] Total fit: 766.77 ms
[TIMING] Test leaf ID extraction: 47.06 ms
[TIMING] Proximity matrix accumulation: 3525.55 ms
[TIMING] Neighbor sorting & quantiles: 89.15 ms
[TIMING] Total compute_uq: 3662.09 ms
[DEBUG DENSITY] mean walked density = 63.7915, min = 55.0103, max = 68.5222
    [TIMING] UQ Calculation (Proximity_Method_C): 4.4302 s
[TIMING] Random Forest fit/check: 0.00 ms
[TIMING] OOB/In-bag index reconstruction: 229.55 ms
[TIMING] Leaf weights & density precomputation: 516.65 ms
[TIMING] Transfer structures to backend: 0.02 ms
[TIMING] Total fit: 746.23 ms
[TIMING] Test leaf ID extraction: 46.74 ms
[TIMING] Proximity matrix accumulation: 3524.31 ms
[TIMING] Neighbor sorting & quantiles: 25.68 ms
[TIMING] Total compute_uq: 3597.06 ms
[DEBUG DENSITY] mean walked density = 63.7915, min = 55.0103, max = 68.5222
    [TIMING] UQ Calculation (Proximity_Method_B_C): 4.3447 s
    [TIMING] Metrics Calculation: 0.1520 s
    [TIMING] Total Single Evaluation: 19.8236 s

  >>> Starting: Function=friedman_6d, Seed=4
    [TIMING] Data Generation: 0.0092 s
    [TIMING] Random Forest Fitting: 1.3370 s
    [TIMING] RF Predicting: 0.0428 s
    [TIMING] Base Aleatoric: 0.0695 s
[TIMING] Random Forest fit/check: 0.00 ms
[TIMING] OOB/In-bag index reconstruction: 240.39 ms
[TIMING] Leaf weights & density precomputation: 80.27 ms
[TIMING] Transfer structures to backend: 0.02 ms
[TIMING] Total fit: 320.68 ms
[TIMING] Test leaf ID extraction: 46.70 ms
[TIMING] Proximity matrix accumulation: 1097.69 ms
[TIMING] Neighbor sorting & quantiles: 91.33 ms
[TIMING] Total compute_uq: 1236.08 ms
    [TIMING] UQ Calculation (Proximity_Baseline): 1.5570 s
[TIMING] Random Forest fit/check: 0.00 ms
[TIMING] OOB/In-bag index reconstruction: 235.94 ms
[TIMING] Leaf weights & density precomputation: 506.20 ms
[TIMING] Transfer structures to backend: 0.03 ms
[TIMING] Total fit: 742.18 ms
[TIMING] Test leaf ID extraction: 46.76 ms
[TIMING] Proximity matrix accumulation: 2825.36 ms
[TIMING] Neighbor sorting & quantiles: 89.20 ms
[TIMING] Total compute_uq: 2961.70 ms
    [TIMING] UQ Calculation (Proximity_Method_A): 3.7043 s
[TIMING] Random Forest fit/check: 0.00 ms
[TIMING] OOB/In-bag index reconstruction: 232.82 ms
[TIMING] Leaf weights & density precomputation: 503.60 ms
[TIMING] Transfer structures to backend: 0.02 ms
[TIMING] Total fit: 736.44 ms
[TIMING] Test leaf ID extraction: 47.06 ms
[TIMING] Proximity matrix accumulation: 2818.73 ms
[TIMING] Neighbor sorting & quantiles: 26.20 ms
[TIMING] Total compute_uq: 2892.36 ms
    [TIMING] UQ Calculation (Proximity_Method_B): 3.6300 s
[TIMING] Random Forest fit/check: 0.00 ms
[TIMING] OOB/In-bag index reconstruction: 231.16 ms
[TIMING] Leaf weights & density precomputation: 496.63 ms
[TIMING] Transfer structures to backend: 0.02 ms
[TIMING] Total fit: 727.81 ms
[TIMING] Test leaf ID extraction: 47.16 ms
[TIMING] Proximity matrix accumulation: 3529.72 ms
[TIMING] Neighbor sorting & quantiles: 89.56 ms
[TIMING] Total compute_uq: 3666.82 ms
[DEBUG DENSITY] mean walked density = 64.2070, min = 57.3714, max = 69.6122
    [TIMING] UQ Calculation (Proximity_Method_C): 4.3962 s
[TIMING] Random Forest fit/check: 0.00 ms
[TIMING] OOB/In-bag index reconstruction: 231.86 ms
[TIMING] Leaf weights & density precomputation: 504.41 ms
[TIMING] Transfer structures to backend: 0.02 ms
[TIMING] Total fit: 736.30 ms
[TIMING] Test leaf ID extraction: 46.71 ms
[TIMING] Proximity matrix accumulation: 3525.98 ms
[TIMING] Neighbor sorting & quantiles: 27.10 ms
[TIMING] Total compute_uq: 3600.17 ms
[DEBUG DENSITY] mean walked density = 64.2070, min = 57.3714, max = 69.6122
    [TIMING] UQ Calculation (Proximity_Method_B_C): 4.3381 s
    [TIMING] Metrics Calculation: 0.1296 s
    [TIMING] Total Single Evaluation: 19.2141 s

  >>> Starting: Function=sin_cos_7d, Seed=4
    [TIMING] Data Generation: 0.0106 s
    [TIMING] Random Forest Fitting: 2.6171 s
    [TIMING] RF Predicting: 0.0525 s
    [TIMING] Base Aleatoric: 0.0716 s
[TIMING] Random Forest fit/check: 0.00 ms
[TIMING] OOB/In-bag index reconstruction: 243.54 ms
[TIMING] Leaf weights & density precomputation: 84.98 ms
[TIMING] Transfer structures to backend: 0.02 ms
[TIMING] Total fit: 328.53 ms
[TIMING] Test leaf ID extraction: 57.38 ms
[TIMING] Proximity matrix accumulation: 1518.28 ms
[TIMING] Neighbor sorting & quantiles: 121.88 ms
[TIMING] Total compute_uq: 1697.94 ms
    [TIMING] UQ Calculation (Proximity_Baseline): 2.0267 s
[TIMING] Random Forest fit/check: 0.00 ms
[TIMING] OOB/In-bag index reconstruction: 246.92 ms
[TIMING] Leaf weights & density precomputation: 636.33 ms
[TIMING] Transfer structures to backend: 0.02 ms
[TIMING] Total fit: 883.27 ms
[TIMING] Test leaf ID extraction: 56.71 ms
[TIMING] Proximity matrix accumulation: 3825.03 ms
[TIMING] Neighbor sorting & quantiles: 120.81 ms
[TIMING] Total compute_uq: 4002.94 ms
    [TIMING] UQ Calculation (Proximity_Method_A): 4.8866 s
[TIMING] Random Forest fit/check: 0.00 ms
[TIMING] OOB/In-bag index reconstruction: 243.63 ms
[TIMING] Leaf weights & density precomputation: 633.73 ms
[TIMING] Transfer structures to backend: 0.02 ms
[TIMING] Total fit: 877.38 ms
[TIMING] Test leaf ID extraction: 57.38 ms
[TIMING] Proximity matrix accumulation: 3827.28 ms
[TIMING] Neighbor sorting & quantiles: 34.64 ms
[TIMING] Total compute_uq: 3919.65 ms
    [TIMING] UQ Calculation (Proximity_Method_B): 4.7982 s
[TIMING] Random Forest fit/check: 0.00 ms
[TIMING] OOB/In-bag index reconstruction: 243.93 ms
[TIMING] Leaf weights & density precomputation: 637.73 ms
[TIMING] Transfer structures to backend: 0.02 ms
[TIMING] Total fit: 881.69 ms
[TIMING] Test leaf ID extraction: 57.18 ms
[TIMING] Proximity matrix accumulation: 4770.28 ms
[TIMING] Neighbor sorting & quantiles: 120.36 ms
[TIMING] Total compute_uq: 4948.22 ms
[DEBUG DENSITY] mean walked density = 64.0921, min = 60.8381, max = 67.7485
    [TIMING] UQ Calculation (Proximity_Method_C): 5.8315 s
[TIMING] Random Forest fit/check: 0.00 ms
[TIMING] OOB/In-bag index reconstruction: 241.71 ms
[TIMING] Leaf weights & density precomputation: 667.64 ms
[TIMING] Transfer structures to backend: 0.02 ms
[TIMING] Total fit: 909.37 ms
[TIMING] Test leaf ID extraction: 57.35 ms
[TIMING] Proximity matrix accumulation: 4777.79 ms
[TIMING] Neighbor sorting & quantiles: 34.93 ms
[TIMING] Total compute_uq: 4870.46 ms
[DEBUG DENSITY] mean walked density = 64.0921, min = 60.8381, max = 67.7485
    [TIMING] UQ Calculation (Proximity_Method_B_C): 5.7814 s
    [TIMING] Metrics Calculation: 0.1227 s
    [TIMING] Total Single Evaluation: 26.1995 s

  >>> Starting: Function=quadratic_7d, Seed=4
    [TIMING] Data Generation: 0.0090 s
    [TIMING] Random Forest Fitting: 2.0077 s
    [TIMING] RF Predicting: 0.0530 s
    [TIMING] Base Aleatoric: 0.0720 s
[TIMING] Random Forest fit/check: 0.00 ms
[TIMING] OOB/In-bag index reconstruction: 242.63 ms
[TIMING] Leaf weights & density precomputation: 84.91 ms
[TIMING] Transfer structures to backend: 0.02 ms
[TIMING] Total fit: 327.56 ms
[TIMING] Test leaf ID extraction: 46.59 ms
[TIMING] Proximity matrix accumulation: 1518.18 ms
[TIMING] Neighbor sorting & quantiles: 123.09 ms
[TIMING] Total compute_uq: 1688.25 ms
    [TIMING] UQ Calculation (Proximity_Baseline): 2.0160 s
[TIMING] Random Forest fit/check: 0.00 ms
[TIMING] OOB/In-bag index reconstruction: 243.57 ms
[TIMING] Leaf weights & density precomputation: 634.37 ms
[TIMING] Transfer structures to backend: 0.02 ms
[TIMING] Total fit: 877.96 ms
[TIMING] Test leaf ID extraction: 47.30 ms
[TIMING] Proximity matrix accumulation: 3822.31 ms
[TIMING] Neighbor sorting & quantiles: 120.52 ms
[TIMING] Total compute_uq: 3990.50 ms
    [TIMING] UQ Calculation (Proximity_Method_A): 4.8689 s
[TIMING] Random Forest fit/check: 0.00 ms
[TIMING] OOB/In-bag index reconstruction: 239.25 ms
[TIMING] Leaf weights & density precomputation: 588.35 ms
[TIMING] Transfer structures to backend: 0.02 ms
[TIMING] Total fit: 827.62 ms
[TIMING] Test leaf ID extraction: 47.01 ms
[TIMING] Proximity matrix accumulation: 3827.03 ms
[TIMING] Neighbor sorting & quantiles: 34.47 ms
[TIMING] Total compute_uq: 3908.87 ms
    [TIMING] UQ Calculation (Proximity_Method_B): 4.7377 s
[TIMING] Random Forest fit/check: 0.00 ms
[TIMING] OOB/In-bag index reconstruction: 233.00 ms
[TIMING] Leaf weights & density precomputation: 584.97 ms
[TIMING] Transfer structures to backend: 0.02 ms
[TIMING] Total fit: 817.99 ms
[TIMING] Test leaf ID extraction: 47.68 ms
[TIMING] Proximity matrix accumulation: 4771.70 ms
[TIMING] Neighbor sorting & quantiles: 120.80 ms
[TIMING] Total compute_uq: 4940.62 ms
[DEBUG DENSITY] mean walked density = 63.9434, min = 56.2075, max = 68.8850
    [TIMING] UQ Calculation (Proximity_Method_C): 5.7604 s
[TIMING] Random Forest fit/check: 0.00 ms
[TIMING] OOB/In-bag index reconstruction: 247.27 ms
[TIMING] Leaf weights & density precomputation: 584.03 ms
[TIMING] Transfer structures to backend: 0.02 ms
[TIMING] Total fit: 831.32 ms
[TIMING] Test leaf ID extraction: 57.13 ms
[TIMING] Proximity matrix accumulation: 4777.05 ms
[TIMING] Neighbor sorting & quantiles: 35.28 ms
[TIMING] Total compute_uq: 4869.87 ms
[DEBUG DENSITY] mean walked density = 63.9434, min = 56.2075, max = 68.8850
    [TIMING] UQ Calculation (Proximity_Method_B_C): 5.7029 s
    [TIMING] Metrics Calculation: 4.8094 s
    [TIMING] Total Single Evaluation: 30.0377 s

  >>> Starting: Function=interaction_7d, Seed=4
    [TIMING] Data Generation: 0.0301 s
    [TIMING] Random Forest Fitting: 3.7264 s
    [TIMING] RF Predicting: 0.3088 s
    [TIMING] Base Aleatoric: 0.2532 s
[TIMING] Random Forest fit/check: 0.00 ms
[TIMING] OOB/In-bag index reconstruction: 844.07 ms
[TIMING] Leaf weights & density precomputation: 196.79 ms
[TIMING] Transfer structures to backend: 0.02 ms
[TIMING] Total fit: 1040.88 ms
[TIMING] Test leaf ID extraction: 256.88 ms
[TIMING] Proximity matrix accumulation: 1530.90 ms
[TIMING] Neighbor sorting & quantiles: 141.02 ms
[TIMING] Total compute_uq: 1929.25 ms
    [TIMING] UQ Calculation (Proximity_Baseline): 2.9704 s
[TIMING] Random Forest fit/check: 0.00 ms
[TIMING] OOB/In-bag index reconstruction: 281.63 ms
[TIMING] Leaf weights & density precomputation: 593.97 ms
[TIMING] Transfer structures to backend: 0.01 ms
[TIMING] Total fit: 875.62 ms
[TIMING] Test leaf ID extraction: 57.86 ms
[TIMING] Proximity matrix accumulation: 3815.21 ms
[TIMING] Neighbor sorting & quantiles: 120.09 ms
[TIMING] Total compute_uq: 3993.54 ms
    [TIMING] UQ Calculation (Proximity_Method_A): 4.8696 s
[TIMING] Random Forest fit/check: 0.00 ms
[TIMING] OOB/In-bag index reconstruction: 272.59 ms
[TIMING] Leaf weights & density precomputation: 594.53 ms
[TIMING] Transfer structures to backend: 0.02 ms
[TIMING] Total fit: 867.15 ms
[TIMING] Test leaf ID extraction: 57.45 ms
[TIMING] Proximity matrix accumulation: 3828.88 ms
[TIMING] Neighbor sorting & quantiles: 34.03 ms
[TIMING] Total compute_uq: 3920.69 ms
    [TIMING] UQ Calculation (Proximity_Method_B): 4.7890 s
[TIMING] Random Forest fit/check: 0.00 ms
[TIMING] OOB/In-bag index reconstruction: 244.11 ms
[TIMING] Leaf weights & density precomputation: 582.46 ms
[TIMING] Transfer structures to backend: 0.02 ms
[TIMING] Total fit: 826.59 ms
[TIMING] Test leaf ID extraction: 59.01 ms
[TIMING] Proximity matrix accumulation: 4771.86 ms
[TIMING] Neighbor sorting & quantiles: 120.08 ms
[TIMING] Total compute_uq: 4951.37 ms
[DEBUG DENSITY] mean walked density = 63.4066, min = 56.7646, max = 69.9019
    [TIMING] UQ Calculation (Proximity_Method_C): 5.7794 s
[TIMING] Random Forest fit/check: 0.00 ms
[TIMING] OOB/In-bag index reconstruction: 231.50 ms
[TIMING] Leaf weights & density precomputation: 631.09 ms
[TIMING] Transfer structures to backend: 0.02 ms
[TIMING] Total fit: 862.61 ms
[TIMING] Test leaf ID extraction: 57.69 ms
[TIMING] Proximity matrix accumulation: 4777.99 ms
[TIMING] Neighbor sorting & quantiles: 34.16 ms
[TIMING] Total compute_uq: 4870.22 ms
[DEBUG DENSITY] mean walked density = 63.4066, min = 56.7646, max = 69.9019
    [TIMING] UQ Calculation (Proximity_Method_B_C): 5.7343 s
    [TIMING] Metrics Calculation: 0.1260 s
    [TIMING] Total Single Evaluation: 28.5880 s

  >>> Starting: Function=sin_cos_8d, Seed=4
    [TIMING] Data Generation: 0.0134 s
    [TIMING] Random Forest Fitting: 3.8583 s
    [TIMING] RF Predicting: 0.0637 s
    [TIMING] Base Aleatoric: 0.0852 s
[TIMING] Random Forest fit/check: 0.00 ms
[TIMING] OOB/In-bag index reconstruction: 258.21 ms
[TIMING] Leaf weights & density precomputation: 91.32 ms
[TIMING] Transfer structures to backend: 0.02 ms
[TIMING] Total fit: 349.55 ms
[TIMING] Test leaf ID extraction: 59.79 ms
[TIMING] Proximity matrix accumulation: 1997.03 ms
[TIMING] Neighbor sorting & quantiles: 158.17 ms
[TIMING] Total compute_uq: 2215.39 ms
    [TIMING] UQ Calculation (Proximity_Baseline): 2.5652 s
[TIMING] Random Forest fit/check: 0.00 ms
[TIMING] OOB/In-bag index reconstruction: 248.98 ms
[TIMING] Leaf weights & density precomputation: 729.45 ms
[TIMING] Transfer structures to backend: 0.02 ms
[TIMING] Total fit: 978.45 ms
[TIMING] Test leaf ID extraction: 59.03 ms
[TIMING] Proximity matrix accumulation: 4977.45 ms
[TIMING] Neighbor sorting & quantiles: 156.15 ms
[TIMING] Total compute_uq: 5193.02 ms
    [TIMING] UQ Calculation (Proximity_Method_A): 6.1719 s
[TIMING] Random Forest fit/check: 0.00 ms
[TIMING] OOB/In-bag index reconstruction: 246.56 ms
[TIMING] Leaf weights & density precomputation: 734.45 ms
[TIMING] Transfer structures to backend: 0.02 ms
[TIMING] Total fit: 981.04 ms
[TIMING] Test leaf ID extraction: 59.09 ms
[TIMING] Proximity matrix accumulation: 4977.21 ms
[TIMING] Neighbor sorting & quantiles: 42.81 ms
[TIMING] Total compute_uq: 5079.52 ms
    [TIMING] UQ Calculation (Proximity_Method_B): 6.0618 s
[TIMING] Random Forest fit/check: 0.00 ms
[TIMING] OOB/In-bag index reconstruction: 245.88 ms
[TIMING] Leaf weights & density precomputation: 730.22 ms
[TIMING] Transfer structures to backend: 0.02 ms
[TIMING] Total fit: 976.12 ms
[TIMING] Test leaf ID extraction: 60.04 ms
[TIMING] Proximity matrix accumulation: 6219.34 ms
[TIMING] Neighbor sorting & quantiles: 156.45 ms
[TIMING] Total compute_uq: 6436.33 ms
[DEBUG DENSITY] mean walked density = 63.8928, min = 60.1848, max = 67.5417
    [TIMING] UQ Calculation (Proximity_Method_C): 7.4142 s
[TIMING] Random Forest fit/check: 0.00 ms
[TIMING] OOB/In-bag index reconstruction: 259.39 ms
[TIMING] Leaf weights & density precomputation: 734.26 ms
[TIMING] Transfer structures to backend: 0.02 ms
[TIMING] Total fit: 993.67 ms
[TIMING] Test leaf ID extraction: 69.35 ms
[TIMING] Proximity matrix accumulation: 6260.64 ms
[TIMING] Neighbor sorting & quantiles: 59.00 ms
[TIMING] Total compute_uq: 6389.39 ms
[DEBUG DENSITY] mean walked density = 63.8928, min = 60.1848, max = 67.5417
    [TIMING] UQ Calculation (Proximity_Method_B_C): 7.3847 s
    [TIMING] Metrics Calculation: 5.4166 s
    [TIMING] Total Single Evaluation: 39.0357 s

  >>> Starting: Function=quadratic_8d, Seed=4
    [TIMING] Data Generation: 0.0286 s
    [TIMING] Random Forest Fitting: 3.0742 s
    [TIMING] RF Predicting: 0.0527 s
    [TIMING] Base Aleatoric: 0.0845 s
[TIMING] Random Forest fit/check: 0.00 ms
[TIMING] OOB/In-bag index reconstruction: 246.39 ms
[TIMING] Leaf weights & density precomputation: 88.83 ms
[TIMING] Transfer structures to backend: 0.02 ms
[TIMING] Total fit: 335.24 ms
[TIMING] Test leaf ID extraction: 60.03 ms
[TIMING] Proximity matrix accumulation: 1997.50 ms
[TIMING] Neighbor sorting & quantiles: 159.75 ms
[TIMING] Total compute_uq: 2217.72 ms
    [TIMING] UQ Calculation (Proximity_Baseline): 2.5532 s
[TIMING] Random Forest fit/check: 0.00 ms
[TIMING] OOB/In-bag index reconstruction: 244.91 ms
[TIMING] Leaf weights & density precomputation: 661.50 ms
[TIMING] Transfer structures to backend: 0.02 ms
[TIMING] Total fit: 906.43 ms
[TIMING] Test leaf ID extraction: 60.87 ms
[TIMING] Proximity matrix accumulation: 4971.13 ms
[TIMING] Neighbor sorting & quantiles: 155.85 ms
[TIMING] Total compute_uq: 5188.27 ms
    [TIMING] UQ Calculation (Proximity_Method_A): 6.0951 s
[TIMING] Random Forest fit/check: 0.00 ms
[TIMING] OOB/In-bag index reconstruction: 246.18 ms
[TIMING] Leaf weights & density precomputation: 669.72 ms
[TIMING] Transfer structures to backend: 0.04 ms
[TIMING] Total fit: 915.95 ms
[TIMING] Test leaf ID extraction: 71.58 ms
[TIMING] Proximity matrix accumulation: 4976.66 ms
[TIMING] Neighbor sorting & quantiles: 42.01 ms
[TIMING] Total compute_uq: 5090.59 ms
    [TIMING] UQ Calculation (Proximity_Method_B): 6.0078 s
[TIMING] Random Forest fit/check: 0.00 ms
[TIMING] OOB/In-bag index reconstruction: 256.24 ms
[TIMING] Leaf weights & density precomputation: 648.73 ms
[TIMING] Transfer structures to backend: 0.02 ms
[TIMING] Total fit: 904.99 ms
[TIMING] Test leaf ID extraction: 58.86 ms
[TIMING] Proximity matrix accumulation: 6213.18 ms
[TIMING] Neighbor sorting & quantiles: 156.24 ms
[TIMING] Total compute_uq: 6428.69 ms
[DEBUG DENSITY] mean walked density = 64.2397, min = 56.8672, max = 68.5943
    [TIMING] UQ Calculation (Proximity_Method_C): 7.3353 s
[TIMING] Random Forest fit/check: 0.00 ms
[TIMING] OOB/In-bag index reconstruction: 247.23 ms
[TIMING] Leaf weights & density precomputation: 677.65 ms
[TIMING] Transfer structures to backend: 0.02 ms
[TIMING] Total fit: 924.91 ms
[TIMING] Test leaf ID extraction: 60.12 ms
[TIMING] Proximity matrix accumulation: 6203.50 ms
[TIMING] Neighbor sorting & quantiles: 42.02 ms
[TIMING] Total compute_uq: 6306.04 ms
[DEBUG DENSITY] mean walked density = 64.2397, min = 56.8672, max = 68.5943
    [TIMING] UQ Calculation (Proximity_Method_B_C): 7.2329 s
    [TIMING] Metrics Calculation: 0.1852 s
    [TIMING] Total Single Evaluation: 32.6502 s

  >>> Starting: Function=exp_sum_8d, Seed=4
    [TIMING] Data Generation: 0.0157 s
    [TIMING] Random Forest Fitting: 4.5182 s
    [TIMING] RF Predicting: 0.0533 s
    [TIMING] Base Aleatoric: 0.0955 s
[TIMING] Random Forest fit/check: 0.00 ms
[TIMING] OOB/In-bag index reconstruction: 246.81 ms
[TIMING] Leaf weights & density precomputation: 91.58 ms
[TIMING] Transfer structures to backend: 0.02 ms
[TIMING] Total fit: 338.40 ms
[TIMING] Test leaf ID extraction: 60.02 ms
[TIMING] Proximity matrix accumulation: 1995.81 ms
[TIMING] Neighbor sorting & quantiles: 158.92 ms
[TIMING] Total compute_uq: 2215.19 ms
    [TIMING] UQ Calculation (Proximity_Baseline): 2.5539 s
[TIMING] Random Forest fit/check: 0.00 ms
[TIMING] OOB/In-bag index reconstruction: 248.43 ms
[TIMING] Leaf weights & density precomputation: 660.62 ms
[TIMING] Transfer structures to backend: 0.02 ms
[TIMING] Total fit: 909.06 ms
[TIMING] Test leaf ID extraction: 59.21 ms
[TIMING] Proximity matrix accumulation: 4980.64 ms
[TIMING] Neighbor sorting & quantiles: 155.80 ms
[TIMING] Total compute_uq: 5196.01 ms
    [TIMING] UQ Calculation (Proximity_Method_A): 6.1054 s
[TIMING] Random Forest fit/check: 0.00 ms
[TIMING] OOB/In-bag index reconstruction: 245.23 ms
[TIMING] Leaf weights & density precomputation: 663.37 ms
[TIMING] Transfer structures to backend: 0.02 ms
[TIMING] Total fit: 908.62 ms
[TIMING] Test leaf ID extraction: 59.73 ms
[TIMING] Proximity matrix accumulation: 4977.78 ms
[TIMING] Neighbor sorting & quantiles: 42.63 ms
[TIMING] Total compute_uq: 5080.51 ms
    [TIMING] UQ Calculation (Proximity_Method_B): 5.9903 s
[TIMING] Random Forest fit/check: 0.00 ms
[TIMING] OOB/In-bag index reconstruction: 260.10 ms
[TIMING] Leaf weights & density precomputation: 773.16 ms
[TIMING] Transfer structures to backend: 0.03 ms
[TIMING] Total fit: 1033.29 ms
[TIMING] Test leaf ID extraction: 71.24 ms
[TIMING] Proximity matrix accumulation: 6218.38 ms
[TIMING] Neighbor sorting & quantiles: 155.80 ms
[TIMING] Total compute_uq: 6445.90 ms
[DEBUG DENSITY] mean walked density = 64.0055, min = 59.7678, max = 68.9056
    [TIMING] UQ Calculation (Proximity_Method_C): 7.4811 s
[TIMING] Random Forest fit/check: 0.00 ms
[TIMING] OOB/In-bag index reconstruction: 246.96 ms
[TIMING] Leaf weights & density precomputation: 661.68 ms
[TIMING] Transfer structures to backend: 0.02 ms
[TIMING] Total fit: 908.66 ms
[TIMING] Test leaf ID extraction: 70.43 ms
[TIMING] Proximity matrix accumulation: 6209.80 ms
[TIMING] Neighbor sorting & quantiles: 42.34 ms
[TIMING] Total compute_uq: 6323.00 ms
[DEBUG DENSITY] mean walked density = 64.0055, min = 59.7678, max = 68.9056
    [TIMING] UQ Calculation (Proximity_Method_B_C): 7.2335 s
    [TIMING] Metrics Calculation: 0.1565 s
    [TIMING] Total Single Evaluation: 34.2041 s

  >>> Starting: Function=sin_cos_9d, Seed=4
    [TIMING] Data Generation: 0.0217 s
    [TIMING] Random Forest Fitting: 4.5351 s
    [TIMING] RF Predicting: 0.0636 s
    [TIMING] Base Aleatoric: 0.0890 s
[TIMING] Random Forest fit/check: 0.00 ms
[TIMING] OOB/In-bag index reconstruction: 331.19 ms
[TIMING] Leaf weights & density precomputation: 109.88 ms
[TIMING] Transfer structures to backend: 0.03 ms
[TIMING] Total fit: 441.11 ms
[TIMING] Test leaf ID extraction: 70.70 ms
[TIMING] Proximity matrix accumulation: 2525.00 ms
[TIMING] Neighbor sorting & quantiles: 209.88 ms
[TIMING] Total compute_uq: 2806.04 ms
    [TIMING] UQ Calculation (Proximity_Baseline): 3.2475 s
[TIMING] Random Forest fit/check: 0.00 ms
[TIMING] OOB/In-bag index reconstruction: 328.39 ms
[TIMING] Leaf weights & density precomputation: 772.25 ms
[TIMING] Transfer structures to backend: 0.02 ms
[TIMING] Total fit: 1100.66 ms
[TIMING] Test leaf ID extraction: 68.19 ms
[TIMING] Proximity matrix accumulation: 6315.86 ms
[TIMING] Neighbor sorting & quantiles: 206.58 ms
[TIMING] Total compute_uq: 6591.03 ms
    [TIMING] UQ Calculation (Proximity_Method_A): 7.6921 s
[TIMING] Random Forest fit/check: 0.00 ms
[TIMING] OOB/In-bag index reconstruction: 329.98 ms
[TIMING] Leaf weights & density precomputation: 786.78 ms
[TIMING] Transfer structures to backend: 0.02 ms
[TIMING] Total fit: 1116.77 ms
[TIMING] Test leaf ID extraction: 68.10 ms
[TIMING] Proximity matrix accumulation: 6308.78 ms
[TIMING] Neighbor sorting & quantiles: 52.18 ms
[TIMING] Total compute_uq: 6429.45 ms
    [TIMING] UQ Calculation (Proximity_Method_B): 7.5473 s
[TIMING] Random Forest fit/check: 0.00 ms
[TIMING] OOB/In-bag index reconstruction: 328.16 ms
[TIMING] Leaf weights & density precomputation: 777.29 ms
[TIMING] Transfer structures to backend: 0.03 ms
[TIMING] Total fit: 1105.47 ms
[TIMING] Test leaf ID extraction: 68.30 ms
[TIMING] Proximity matrix accumulation: 7860.26 ms
[TIMING] Neighbor sorting & quantiles: 207.93 ms
[TIMING] Total compute_uq: 8137.07 ms
[DEBUG DENSITY] mean walked density = 64.5129, min = 60.4783, max = 68.0616
    [TIMING] UQ Calculation (Proximity_Method_C): 9.2444 s
[TIMING] Random Forest fit/check: 0.00 ms
[TIMING] OOB/In-bag index reconstruction: 446.97 ms
[TIMING] Leaf weights & density precomputation: 1124.34 ms
[TIMING] Transfer structures to backend: 0.02 ms
[TIMING] Total fit: 1571.33 ms
[TIMING] Test leaf ID extraction: 70.50 ms
[TIMING] Proximity matrix accumulation: 7865.22 ms
[TIMING] Neighbor sorting & quantiles: 53.52 ms
[TIMING] Total compute_uq: 7989.74 ms
[DEBUG DENSITY] mean walked density = 64.5129, min = 60.4783, max = 68.0616
    [TIMING] UQ Calculation (Proximity_Method_B_C): 9.5631 s
    [TIMING] Metrics Calculation: 0.1532 s
    [TIMING] Total Single Evaluation: 42.1576 s

  >>> Starting: Function=quadratic_9d, Seed=4
    [TIMING] Data Generation: 0.0135 s
    [TIMING] Random Forest Fitting: 3.4720 s
    [TIMING] RF Predicting: 0.0742 s
    [TIMING] Base Aleatoric: 0.0993 s
[TIMING] Random Forest fit/check: 0.00 ms
[TIMING] OOB/In-bag index reconstruction: 338.47 ms
[TIMING] Leaf weights & density precomputation: 94.52 ms
[TIMING] Transfer structures to backend: 0.02 ms
[TIMING] Total fit: 433.00 ms
[TIMING] Test leaf ID extraction: 57.87 ms
[TIMING] Proximity matrix accumulation: 2524.41 ms
[TIMING] Neighbor sorting & quantiles: 211.71 ms
[TIMING] Total compute_uq: 2794.37 ms
    [TIMING] UQ Calculation (Proximity_Baseline): 3.2275 s
[TIMING] Random Forest fit/check: 0.00 ms
[TIMING] OOB/In-bag index reconstruction: 326.35 ms
[TIMING] Leaf weights & density precomputation: 715.85 ms
[TIMING] Transfer structures to backend: 0.04 ms
[TIMING] Total fit: 1042.24 ms
[TIMING] Test leaf ID extraction: 70.34 ms
[TIMING] Proximity matrix accumulation: 6307.21 ms
[TIMING] Neighbor sorting & quantiles: 206.59 ms
[TIMING] Total compute_uq: 6584.56 ms
    [TIMING] UQ Calculation (Proximity_Method_A): 7.6274 s
[TIMING] Random Forest fit/check: 0.00 ms
[TIMING] OOB/In-bag index reconstruction: 335.61 ms
[TIMING] Leaf weights & density precomputation: 714.95 ms
[TIMING] Transfer structures to backend: 0.02 ms
[TIMING] Total fit: 1050.58 ms
[TIMING] Test leaf ID extraction: 58.00 ms
[TIMING] Proximity matrix accumulation: 6302.47 ms
[TIMING] Neighbor sorting & quantiles: 52.17 ms
[TIMING] Total compute_uq: 6413.01 ms
    [TIMING] UQ Calculation (Proximity_Method_B): 7.4647 s
[TIMING] Random Forest fit/check: 0.00 ms
[TIMING] OOB/In-bag index reconstruction: 317.76 ms
[TIMING] Leaf weights & density precomputation: 716.27 ms
[TIMING] Transfer structures to backend: 0.02 ms
[TIMING] Total fit: 1034.04 ms
[TIMING] Test leaf ID extraction: 57.83 ms
[TIMING] Proximity matrix accumulation: 7854.58 ms
[TIMING] Neighbor sorting & quantiles: 206.77 ms
[TIMING] Total compute_uq: 8119.60 ms
[DEBUG DENSITY] mean walked density = 63.6670, min = 56.8241, max = 68.9755
    [TIMING] UQ Calculation (Proximity_Method_C): 9.1552 s
[TIMING] Random Forest fit/check: 0.00 ms
[TIMING] OOB/In-bag index reconstruction: 341.22 ms
[TIMING] Leaf weights & density precomputation: 727.11 ms
[TIMING] Transfer structures to backend: 0.02 ms
[TIMING] Total fit: 1068.35 ms
[TIMING] Test leaf ID extraction: 58.32 ms
[TIMING] Proximity matrix accumulation: 7854.86 ms
[TIMING] Neighbor sorting & quantiles: 52.93 ms
[TIMING] Total compute_uq: 7966.53 ms
[DEBUG DENSITY] mean walked density = 63.6670, min = 56.8241, max = 68.9755
    [TIMING] UQ Calculation (Proximity_Method_B_C): 9.0365 s
    [TIMING] Metrics Calculation: 0.1609 s
    [TIMING] Total Single Evaluation: 40.3318 s

  >>> Starting: Function=multi_modal_9d, Seed=4
    [TIMING] Data Generation: 0.0174 s
    [TIMING] Random Forest Fitting: 4.0157 s
    [TIMING] RF Predicting: 0.0630 s
    [TIMING] Base Aleatoric: 0.0874 s
[TIMING] Random Forest fit/check: 0.00 ms
[TIMING] OOB/In-bag index reconstruction: 330.04 ms
[TIMING] Leaf weights & density precomputation: 96.51 ms
[TIMING] Transfer structures to backend: 0.02 ms
[TIMING] Total fit: 426.58 ms
[TIMING] Test leaf ID extraction: 69.51 ms
[TIMING] Proximity matrix accumulation: 2523.57 ms
[TIMING] Neighbor sorting & quantiles: 211.72 ms
[TIMING] Total compute_uq: 2805.20 ms
    [TIMING] UQ Calculation (Proximity_Baseline): 3.2320 s
[TIMING] Random Forest fit/check: 0.00 ms
[TIMING] OOB/In-bag index reconstruction: 330.49 ms
[TIMING] Leaf weights & density precomputation: 749.67 ms
[TIMING] Transfer structures to backend: 0.02 ms
[TIMING] Total fit: 1080.17 ms
[TIMING] Test leaf ID extraction: 68.05 ms
[TIMING] Proximity matrix accumulation: 6317.44 ms
[TIMING] Neighbor sorting & quantiles: 206.64 ms
[TIMING] Total compute_uq: 6592.64 ms
    [TIMING] UQ Calculation (Proximity_Method_A): 7.6733 s
[TIMING] Random Forest fit/check: 0.00 ms
[TIMING] OOB/In-bag index reconstruction: 340.59 ms
[TIMING] Leaf weights & density precomputation: 745.32 ms
[TIMING] Transfer structures to backend: 0.02 ms
[TIMING] Total fit: 1085.92 ms
[TIMING] Test leaf ID extraction: 69.22 ms
[TIMING] Proximity matrix accumulation: 6311.50 ms
[TIMING] Neighbor sorting & quantiles: 52.23 ms
[TIMING] Total compute_uq: 6433.35 ms
    [TIMING] UQ Calculation (Proximity_Method_B): 7.5206 s
[TIMING] Random Forest fit/check: 0.00 ms
[TIMING] OOB/In-bag index reconstruction: 328.81 ms
[TIMING] Leaf weights & density precomputation: 742.41 ms
[TIMING] Transfer structures to backend: 0.02 ms
[TIMING] Total fit: 1071.23 ms
[TIMING] Test leaf ID extraction: 68.87 ms
[TIMING] Proximity matrix accumulation: 7862.75 ms
[TIMING] Neighbor sorting & quantiles: 206.63 ms
[TIMING] Total compute_uq: 8138.66 ms
[DEBUG DENSITY] mean walked density = 64.4815, min = 58.6951, max = 68.7156
    [TIMING] UQ Calculation (Proximity_Method_C): 9.2115 s
[TIMING] Random Forest fit/check: 0.00 ms
[TIMING] OOB/In-bag index reconstruction: 328.62 ms
[TIMING] Leaf weights & density precomputation: 740.11 ms
[TIMING] Transfer structures to backend: 0.04 ms
[TIMING] Total fit: 1068.78 ms
[TIMING] Test leaf ID extraction: 79.57 ms
[TIMING] Proximity matrix accumulation: 7867.01 ms
[TIMING] Neighbor sorting & quantiles: 51.99 ms
[TIMING] Total compute_uq: 7998.97 ms
[DEBUG DENSITY] mean walked density = 64.4815, min = 58.6951, max = 68.7156
    [TIMING] UQ Calculation (Proximity_Method_B_C): 9.0694 s
    [TIMING] Metrics Calculation: 0.1715 s
    [TIMING] Total Single Evaluation: 41.0625 s

  >>> Starting: Function=sin_cos_10d, Seed=4
    [TIMING] Data Generation: 0.0196 s
    [TIMING] Random Forest Fitting: 5.5638 s
    [TIMING] RF Predicting: 0.0634 s
    [TIMING] Base Aleatoric: 0.1022 s
[TIMING] Random Forest fit/check: 0.00 ms
[TIMING] OOB/In-bag index reconstruction: 341.95 ms
[TIMING] Leaf weights & density precomputation: 102.54 ms
[TIMING] Transfer structures to backend: 0.02 ms
[TIMING] Total fit: 444.51 ms
[TIMING] Test leaf ID extraction: 69.74 ms
[TIMING] Proximity matrix accumulation: 3138.62 ms
[TIMING] Neighbor sorting & quantiles: 258.38 ms
[TIMING] Total compute_uq: 3467.19 ms
    [TIMING] UQ Calculation (Proximity_Baseline): 3.9120 s
[TIMING] Random Forest fit/check: 0.00 ms
[TIMING] OOB/In-bag index reconstruction: 342.51 ms
[TIMING] Leaf weights & density precomputation: 845.26 ms
[TIMING] Transfer structures to backend: 0.02 ms
[TIMING] Total fit: 1187.79 ms
[TIMING] Test leaf ID extraction: 100.97 ms
[TIMING] Proximity matrix accumulation: 7779.03 ms
[TIMING] Neighbor sorting & quantiles: 254.86 ms
[TIMING] Total compute_uq: 8135.33 ms
    [TIMING] UQ Calculation (Proximity_Method_A): 9.3237 s
[TIMING] Random Forest fit/check: 0.00 ms
[TIMING] OOB/In-bag index reconstruction: 342.56 ms
[TIMING] Leaf weights & density precomputation: 842.16 ms
[TIMING] Transfer structures to backend: 0.02 ms
[TIMING] Total fit: 1184.73 ms
[TIMING] Test leaf ID extraction: 68.43 ms
[TIMING] Proximity matrix accumulation: 7785.67 ms
[TIMING] Neighbor sorting & quantiles: 62.60 ms
[TIMING] Total compute_uq: 7917.11 ms
    [TIMING] UQ Calculation (Proximity_Method_B): 9.1032 s
[TIMING] Random Forest fit/check: 0.00 ms
[TIMING] OOB/In-bag index reconstruction: 339.86 ms
[TIMING] Leaf weights & density precomputation: 839.70 ms
[TIMING] Transfer structures to backend: 0.02 ms
[TIMING] Total fit: 1179.58 ms
[TIMING] Test leaf ID extraction: 79.58 ms
[TIMING] Proximity matrix accumulation: 9672.35 ms
[TIMING] Neighbor sorting & quantiles: 254.38 ms
[TIMING] Total compute_uq: 10006.79 ms
[DEBUG DENSITY] mean walked density = 64.3203, min = 60.1713, max = 68.1482
    [TIMING] UQ Calculation (Proximity_Method_C): 11.1880 s
[TIMING] Random Forest fit/check: 0.00 ms
[TIMING] OOB/In-bag index reconstruction: 342.34 ms
[TIMING] Leaf weights & density precomputation: 844.49 ms
[TIMING] Transfer structures to backend: 0.02 ms
[TIMING] Total fit: 1186.85 ms
[TIMING] Test leaf ID extraction: 68.50 ms
[TIMING] Proximity matrix accumulation: 9687.73 ms
[TIMING] Neighbor sorting & quantiles: 62.77 ms
[TIMING] Total compute_uq: 9819.41 ms
[DEBUG DENSITY] mean walked density = 64.3203, min = 60.1713, max = 68.1482
    [TIMING] UQ Calculation (Proximity_Method_B_C): 11.0078 s
    [TIMING] Metrics Calculation: 0.1723 s
    [TIMING] Total Single Evaluation: 50.4566 s

  >>> Starting: Function=quadratic_10d, Seed=4
    [TIMING] Data Generation: 0.0167 s
    [TIMING] Random Forest Fitting: 4.3485 s
    [TIMING] RF Predicting: 0.0527 s
    [TIMING] Base Aleatoric: 0.0896 s
[TIMING] Random Forest fit/check: 0.00 ms
[TIMING] OOB/In-bag index reconstruction: 330.33 ms
[TIMING] Leaf weights & density precomputation: 102.21 ms
[TIMING] Transfer structures to backend: 0.02 ms
[TIMING] Total fit: 432.56 ms
[TIMING] Test leaf ID extraction: 68.76 ms
[TIMING] Proximity matrix accumulation: 3136.21 ms
[TIMING] Neighbor sorting & quantiles: 260.83 ms
[TIMING] Total compute_uq: 3466.24 ms
    [TIMING] UQ Calculation (Proximity_Baseline): 3.8990 s
[TIMING] Random Forest fit/check: 0.00 ms
[TIMING] OOB/In-bag index reconstruction: 344.31 ms
[TIMING] Leaf weights & density precomputation: 783.79 ms
[TIMING] Transfer structures to backend: 0.02 ms
[TIMING] Total fit: 1128.12 ms
[TIMING] Test leaf ID extraction: 69.14 ms
[TIMING] Proximity matrix accumulation: 7772.60 ms
[TIMING] Neighbor sorting & quantiles: 254.50 ms
[TIMING] Total compute_uq: 8096.73 ms
    [TIMING] UQ Calculation (Proximity_Method_A): 9.2253 s
[TIMING] Random Forest fit/check: 0.00 ms
[TIMING] OOB/In-bag index reconstruction: 341.53 ms
[TIMING] Leaf weights & density precomputation: 779.20 ms
[TIMING] Transfer structures to backend: 0.02 ms
[TIMING] Total fit: 1120.75 ms
[TIMING] Test leaf ID extraction: 69.95 ms
[TIMING] Proximity matrix accumulation: 7779.01 ms
[TIMING] Neighbor sorting & quantiles: 62.30 ms
[TIMING] Total compute_uq: 7911.67 ms
    [TIMING] UQ Calculation (Proximity_Method_B): 9.0337 s
[TIMING] Random Forest fit/check: 0.00 ms
[TIMING] OOB/In-bag index reconstruction: 330.13 ms
[TIMING] Leaf weights & density precomputation: 778.27 ms
[TIMING] Transfer structures to backend: 0.02 ms
[TIMING] Total fit: 1108.42 ms
[TIMING] Test leaf ID extraction: 70.08 ms
[TIMING] Proximity matrix accumulation: 9670.11 ms
[TIMING] Neighbor sorting & quantiles: 254.91 ms
[TIMING] Total compute_uq: 9995.56 ms
[DEBUG DENSITY] mean walked density = 64.5167, min = 58.2875, max = 68.5551
    [TIMING] UQ Calculation (Proximity_Method_C): 11.1057 s
[TIMING] Random Forest fit/check: 0.03 ms
[TIMING] OOB/In-bag index reconstruction: 331.12 ms
[TIMING] Leaf weights & density precomputation: 779.41 ms
[TIMING] Transfer structures to backend: 0.02 ms
[TIMING] Total fit: 1110.58 ms
[TIMING] Test leaf ID extraction: 69.28 ms
[TIMING] Proximity matrix accumulation: 9684.47 ms
[TIMING] Neighbor sorting & quantiles: 62.36 ms
[TIMING] Total compute_uq: 9816.53 ms
[DEBUG DENSITY] mean walked density = 64.5167, min = 58.2875, max = 68.5551
    [TIMING] UQ Calculation (Proximity_Method_B_C): 10.9286 s
    [TIMING] Metrics Calculation: 0.1516 s
    [TIMING] Total Single Evaluation: 48.8520 s

  >>> Starting: Function=friedman_10d, Seed=4
    [TIMING] Data Generation: 0.0172 s
    [TIMING] Random Forest Fitting: 3.6081 s
    [TIMING] RF Predicting: 0.0627 s
    [TIMING] Base Aleatoric: 0.0994 s
[TIMING] Random Forest fit/check: 0.00 ms
[TIMING] OOB/In-bag index reconstruction: 340.46 ms
[TIMING] Leaf weights & density precomputation: 102.48 ms
[TIMING] Transfer structures to backend: 0.02 ms
[TIMING] Total fit: 442.96 ms
[TIMING] Test leaf ID extraction: 67.97 ms
[TIMING] Proximity matrix accumulation: 3138.32 ms
[TIMING] Neighbor sorting & quantiles: 260.96 ms
[TIMING] Total compute_uq: 3467.66 ms
    [TIMING] UQ Calculation (Proximity_Baseline): 3.9108 s
[TIMING] Random Forest fit/check: 0.00 ms
[TIMING] OOB/In-bag index reconstruction: 344.59 ms
[TIMING] Leaf weights & density precomputation: 736.41 ms
[TIMING] Transfer structures to backend: 0.03 ms
[TIMING] Total fit: 1081.04 ms
[TIMING] Test leaf ID extraction: 80.02 ms
[TIMING] Proximity matrix accumulation: 7788.64 ms
[TIMING] Neighbor sorting & quantiles: 254.47 ms
[TIMING] Total compute_uq: 8123.60 ms
    [TIMING] UQ Calculation (Proximity_Method_A): 9.2050 s
[TIMING] Random Forest fit/check: 0.00 ms
[TIMING] OOB/In-bag index reconstruction: 340.52 ms
[TIMING] Leaf weights & density precomputation: 752.56 ms
[TIMING] Transfer structures to backend: 0.02 ms
[TIMING] Total fit: 1093.10 ms
[TIMING] Test leaf ID extraction: 78.98 ms
[TIMING] Proximity matrix accumulation: 7794.31 ms
[TIMING] Neighbor sorting & quantiles: 62.71 ms
[TIMING] Total compute_uq: 7936.38 ms
    [TIMING] UQ Calculation (Proximity_Method_B): 9.0308 s
[TIMING] Random Forest fit/check: 0.00 ms
[TIMING] OOB/In-bag index reconstruction: 340.37 ms
[TIMING] Leaf weights & density precomputation: 736.15 ms
[TIMING] Transfer structures to backend: 0.02 ms
[TIMING] Total fit: 1076.54 ms
[TIMING] Test leaf ID extraction: 79.73 ms
[TIMING] Proximity matrix accumulation: 9688.45 ms
[TIMING] Neighbor sorting & quantiles: 254.75 ms
[TIMING] Total compute_uq: 10023.40 ms
[DEBUG DENSITY] mean walked density = 64.3066, min = 52.3772, max = 69.4689
    [TIMING] UQ Calculation (Proximity_Method_C): 11.1016 s
[TIMING] Random Forest fit/check: 0.00 ms
[TIMING] OOB/In-bag index reconstruction: 353.96 ms
[TIMING] Leaf weights & density precomputation: 743.03 ms
[TIMING] Transfer structures to backend: 0.02 ms
[TIMING] Total fit: 1097.01 ms
[TIMING] Test leaf ID extraction: 78.77 ms
[TIMING] Proximity matrix accumulation: 9699.90 ms
[TIMING] Neighbor sorting & quantiles: 63.02 ms
[TIMING] Total compute_uq: 9842.12 ms
[DEBUG DENSITY] mean walked density = 64.3066, min = 52.3772, max = 69.4689
    [TIMING] UQ Calculation (Proximity_Method_B_C): 10.9408 s
    [TIMING] Metrics Calculation: 0.2271 s
    [TIMING] Total Single Evaluation: 48.2041 s

  >>> Starting: Function=sin_cos_11d, Seed=4
    [TIMING] Data Generation: 0.0324 s
    [TIMING] Random Forest Fitting: 7.3880 s
    [TIMING] RF Predicting: 0.0743 s
    [TIMING] Base Aleatoric: 0.1037 s
[TIMING] Random Forest fit/check: 0.00 ms
[TIMING] OOB/In-bag index reconstruction: 352.42 ms
[TIMING] Leaf weights & density precomputation: 107.74 ms
[TIMING] Transfer structures to backend: 0.02 ms
[TIMING] Total fit: 460.18 ms
[TIMING] Test leaf ID extraction: 79.03 ms
[TIMING] Proximity matrix accumulation: 3808.34 ms
[TIMING] Neighbor sorting & quantiles: 311.37 ms
[TIMING] Total compute_uq: 4199.21 ms
    [TIMING] UQ Calculation (Proximity_Baseline): 4.6597 s
[TIMING] Random Forest fit/check: 0.00 ms
[TIMING] OOB/In-bag index reconstruction: 351.76 ms
[TIMING] Leaf weights & density precomputation: 934.40 ms
[TIMING] Transfer structures to backend: 0.02 ms
[TIMING] Total fit: 1286.17 ms
[TIMING] Test leaf ID extraction: 78.93 ms
[TIMING] Proximity matrix accumulation: 9426.26 ms
[TIMING] Neighbor sorting & quantiles: 306.79 ms
[TIMING] Total compute_uq: 9812.46 ms
    [TIMING] UQ Calculation (Proximity_Method_A): 11.0990 s
[TIMING] Random Forest fit/check: 0.00 ms
[TIMING] OOB/In-bag index reconstruction: 353.45 ms
[TIMING] Leaf weights & density precomputation: 933.01 ms
[TIMING] Transfer structures to backend: 0.02 ms
[TIMING] Total fit: 1286.49 ms
[TIMING] Test leaf ID extraction: 79.36 ms
[TIMING] Proximity matrix accumulation: 9417.78 ms
[TIMING] Neighbor sorting & quantiles: 75.00 ms
[TIMING] Total compute_uq: 9572.60 ms
    [TIMING] UQ Calculation (Proximity_Method_B): 10.8602 s
[TIMING] Random Forest fit/check: 0.00 ms
[TIMING] OOB/In-bag index reconstruction: 354.64 ms
[TIMING] Leaf weights & density precomputation: 931.90 ms
[TIMING] Transfer structures to backend: 0.02 ms
[TIMING] Total fit: 1286.56 ms
[TIMING] Test leaf ID extraction: 90.06 ms
[TIMING] Proximity matrix accumulation: 11702.96 ms
[TIMING] Neighbor sorting & quantiles: 306.78 ms
[TIMING] Total compute_uq: 12100.29 ms
[DEBUG DENSITY] mean walked density = 64.3721, min = 61.0985, max = 67.7184
    [TIMING] UQ Calculation (Proximity_Method_C): 13.3886 s
[TIMING] Random Forest fit/check: 0.00 ms
[TIMING] OOB/In-bag index reconstruction: 344.48 ms
[TIMING] Leaf weights & density precomputation: 937.34 ms
[TIMING] Transfer structures to backend: 0.04 ms
[TIMING] Total fit: 1281.86 ms
[TIMING] Test leaf ID extraction: 92.07 ms
[TIMING] Proximity matrix accumulation: 11702.97 ms
[TIMING] Neighbor sorting & quantiles: 75.14 ms
[TIMING] Total compute_uq: 11870.69 ms
[DEBUG DENSITY] mean walked density = 64.3721, min = 61.0985, max = 67.7184
    [TIMING] UQ Calculation (Proximity_Method_B_C): 13.1544 s
    [TIMING] Metrics Calculation: 0.2343 s
    [TIMING] Total Single Evaluation: 60.9954 s

  >>> Starting: Function=sin_cos_12d, Seed=4
    [TIMING] Data Generation: 0.0379 s
    [TIMING] Random Forest Fitting: 7.9983 s
    [TIMING] RF Predicting: 0.0732 s
    [TIMING] Base Aleatoric: 0.1261 s
[TIMING] Random Forest fit/check: 0.00 ms
[TIMING] OOB/In-bag index reconstruction: 354.92 ms
[TIMING] Leaf weights & density precomputation: 113.82 ms
[TIMING] Transfer structures to backend: 0.02 ms
[TIMING] Total fit: 468.76 ms
[TIMING] Test leaf ID extraction: 90.57 ms
[TIMING] Proximity matrix accumulation: 4543.72 ms
[TIMING] Neighbor sorting & quantiles: 370.23 ms
[TIMING] Total compute_uq: 5005.01 ms
    [TIMING] UQ Calculation (Proximity_Baseline): 5.4740 s
[TIMING] Random Forest fit/check: 0.00 ms
[TIMING] OOB/In-bag index reconstruction: 354.77 ms
[TIMING] Leaf weights & density precomputation: 971.84 ms
[TIMING] Transfer structures to backend: 0.02 ms
[TIMING] Total fit: 1326.63 ms
[TIMING] Test leaf ID extraction: 91.57 ms
[TIMING] Proximity matrix accumulation: 11195.68 ms
[TIMING] Neighbor sorting & quantiles: 364.61 ms
[TIMING] Total compute_uq: 11652.37 ms
    [TIMING] UQ Calculation (Proximity_Method_A): 12.9795 s
[TIMING] Random Forest fit/check: 0.00 ms
[TIMING] OOB/In-bag index reconstruction: 368.40 ms
[TIMING] Leaf weights & density precomputation: 973.26 ms
[TIMING] Transfer structures to backend: 0.02 ms
[TIMING] Total fit: 1341.68 ms
[TIMING] Test leaf ID extraction: 90.97 ms
[TIMING] Proximity matrix accumulation: 11205.19 ms
[TIMING] Neighbor sorting & quantiles: 87.32 ms
[TIMING] Total compute_uq: 11384.01 ms
    [TIMING] UQ Calculation (Proximity_Method_B): 12.7270 s
[TIMING] Random Forest fit/check: 0.00 ms
[TIMING] OOB/In-bag index reconstruction: 356.25 ms
[TIMING] Leaf weights & density precomputation: 975.19 ms
[TIMING] Transfer structures to backend: 0.02 ms
[TIMING] Total fit: 1331.46 ms
[TIMING] Test leaf ID extraction: 91.99 ms
[TIMING] Proximity matrix accumulation: 13894.37 ms
[TIMING] Neighbor sorting & quantiles: 364.12 ms
[TIMING] Total compute_uq: 14350.99 ms
[DEBUG DENSITY] mean walked density = 64.5421, min = 61.5082, max = 67.6385
    [TIMING] UQ Calculation (Proximity_Method_C): 15.6840 s
[TIMING] Random Forest fit/check: 0.00 ms
[TIMING] OOB/In-bag index reconstruction: 355.84 ms
[TIMING] Leaf weights & density precomputation: 972.54 ms
[TIMING] Transfer structures to backend: 0.01 ms
[TIMING] Total fit: 1328.39 ms
[TIMING] Test leaf ID extraction: 91.41 ms
[TIMING] Proximity matrix accumulation: 13907.27 ms
[TIMING] Neighbor sorting & quantiles: 87.16 ms
[TIMING] Total compute_uq: 14086.35 ms
[DEBUG DENSITY] mean walked density = 64.5421, min = 61.5082, max = 67.6385
    [TIMING] UQ Calculation (Proximity_Method_B_C): 15.4163 s
    [TIMING] Metrics Calculation: 0.2672 s
    [TIMING] Total Single Evaluation: 70.7842 s

  >>> Starting: Function=sin_cos_13d, Seed=4
    [TIMING] Data Generation: 0.0341 s
    [TIMING] Random Forest Fitting: 11.3994 s
    [TIMING] RF Predicting: 0.0941 s
    [TIMING] Base Aleatoric: 0.1286 s
[TIMING] Random Forest fit/check: 0.00 ms
[TIMING] OOB/In-bag index reconstruction: 367.86 ms
[TIMING] Leaf weights & density precomputation: 114.47 ms
[TIMING] Transfer structures to backend: 0.02 ms
[TIMING] Total fit: 482.35 ms
[TIMING] Test leaf ID extraction: 101.00 ms
[TIMING] Proximity matrix accumulation: 5396.01 ms
[TIMING] Neighbor sorting & quantiles: 433.79 ms
[TIMING] Total compute_uq: 5931.35 ms
    [TIMING] UQ Calculation (Proximity_Baseline): 6.4141 s
[TIMING] Random Forest fit/check: 0.00 ms
[TIMING] OOB/In-bag index reconstruction: 363.43 ms
[TIMING] Leaf weights & density precomputation: 1080.88 ms
[TIMING] Transfer structures to backend: 0.02 ms
[TIMING] Total fit: 1444.33 ms
[TIMING] Test leaf ID extraction: 99.82 ms
[TIMING] Proximity matrix accumulation: 13104.14 ms
[TIMING] Neighbor sorting & quantiles: 426.77 ms
[TIMING] Total compute_uq: 13631.24 ms
    [TIMING] UQ Calculation (Proximity_Method_A): 15.0761 s
[TIMING] Random Forest fit/check: 0.00 ms
[TIMING] OOB/In-bag index reconstruction: 364.59 ms
[TIMING] Leaf weights & density precomputation: 1082.75 ms
[TIMING] Transfer structures to backend: 0.02 ms
[TIMING] Total fit: 1447.36 ms
[TIMING] Test leaf ID extraction: 101.50 ms
[TIMING] Proximity matrix accumulation: 13125.99 ms
[TIMING] Neighbor sorting & quantiles: 101.22 ms
[TIMING] Total compute_uq: 13329.22 ms
    [TIMING] UQ Calculation (Proximity_Method_B): 14.7778 s
[TIMING] Random Forest fit/check: 0.00 ms
[TIMING] OOB/In-bag index reconstruction: 364.63 ms
[TIMING] Leaf weights & density precomputation: 1083.58 ms
[TIMING] Transfer structures to backend: 0.02 ms
[TIMING] Total fit: 1448.23 ms
[TIMING] Test leaf ID extraction: 102.61 ms
[TIMING] Proximity matrix accumulation: 16263.69 ms
[TIMING] Neighbor sorting & quantiles: 427.18 ms
[TIMING] Total compute_uq: 16794.11 ms
[DEBUG DENSITY] mean walked density = 64.5951, min = 61.2314, max = 67.9417
    [TIMING] UQ Calculation (Proximity_Method_C): 18.2443 s
[TIMING] Random Forest fit/check: 0.00 ms
[TIMING] OOB/In-bag index reconstruction: 466.02 ms
[TIMING] Leaf weights & density precomputation: 1145.09 ms
[TIMING] Transfer structures to backend: 0.02 ms
[TIMING] Total fit: 1611.13 ms
[TIMING] Test leaf ID extraction: 101.47 ms
[TIMING] Proximity matrix accumulation: 16304.99 ms
[TIMING] Neighbor sorting & quantiles: 102.00 ms
[TIMING] Total compute_uq: 16509.03 ms
[DEBUG DENSITY] mean walked density = 64.5951, min = 61.2314, max = 67.9417
    [TIMING] UQ Calculation (Proximity_Method_B_C): 18.1218 s
    [TIMING] Metrics Calculation: 9.5902 s
    [TIMING] Total Single Evaluation: 93.8812 s

  >>> Starting: Function=sin_cos_14d, Seed=4
    [TIMING] Data Generation: 0.1045 s
    [TIMING] Random Forest Fitting: 12.7629 s
    [TIMING] RF Predicting: 0.0943 s
    [TIMING] Base Aleatoric: 0.1286 s
[TIMING] Random Forest fit/check: 0.00 ms
[TIMING] OOB/In-bag index reconstruction: 375.52 ms
[TIMING] Leaf weights & density precomputation: 122.39 ms
[TIMING] Transfer structures to backend: 0.02 ms
[TIMING] Total fit: 497.93 ms
[TIMING] Test leaf ID extraction: 113.42 ms
[TIMING] Proximity matrix accumulation: 6276.73 ms
[TIMING] Neighbor sorting & quantiles: 501.77 ms
[TIMING] Total compute_uq: 6892.43 ms
    [TIMING] UQ Calculation (Proximity_Baseline): 7.3910 s
[TIMING] Random Forest fit/check: 0.00 ms
[TIMING] OOB/In-bag index reconstruction: 367.62 ms
[TIMING] Leaf weights & density precomputation: 1154.38 ms
[TIMING] Transfer structures to backend: 0.01 ms
[TIMING] Total fit: 1522.01 ms
[TIMING] Test leaf ID extraction: 113.84 ms
[TIMING] Proximity matrix accumulation: 15192.40 ms
[TIMING] Neighbor sorting & quantiles: 493.98 ms
[TIMING] Total compute_uq: 15800.76 ms
    [TIMING] UQ Calculation (Proximity_Method_A): 17.3236 s
[TIMING] Random Forest fit/check: 0.00 ms
[TIMING] OOB/In-bag index reconstruction: 376.33 ms
[TIMING] Leaf weights & density precomputation: 1135.15 ms
[TIMING] Transfer structures to backend: 0.02 ms
[TIMING] Total fit: 1511.50 ms
[TIMING] Test leaf ID extraction: 104.20 ms
[TIMING] Proximity matrix accumulation: 15198.79 ms
[TIMING] Neighbor sorting & quantiles: 116.21 ms
[TIMING] Total compute_uq: 15419.74 ms
    [TIMING] UQ Calculation (Proximity_Method_B): 16.9328 s
[TIMING] Random Forest fit/check: 0.03 ms
[TIMING] OOB/In-bag index reconstruction: 378.50 ms
[TIMING] Leaf weights & density precomputation: 1192.64 ms
[TIMING] Transfer structures to backend: 0.02 ms
[TIMING] Total fit: 1571.18 ms
[TIMING] Test leaf ID extraction: 102.54 ms
[TIMING] Proximity matrix accumulation: 18864.33 ms
[TIMING] Neighbor sorting & quantiles: 494.07 ms
[TIMING] Total compute_uq: 19461.52 ms
[DEBUG DENSITY] mean walked density = 64.5506, min = 61.2452, max = 68.2684
    [TIMING] UQ Calculation (Proximity_Method_C): 21.0347 s
[TIMING] Random Forest fit/check: 0.00 ms
[TIMING] OOB/In-bag index reconstruction: 371.30 ms
[TIMING] Leaf weights & density precomputation: 1127.78 ms
[TIMING] Transfer structures to backend: 0.02 ms
[TIMING] Total fit: 1499.10 ms
[TIMING] Test leaf ID extraction: 114.31 ms
[TIMING] Proximity matrix accumulation: 18862.58 ms
[TIMING] Neighbor sorting & quantiles: 115.91 ms
[TIMING] Total compute_uq: 19093.36 ms
[DEBUG DENSITY] mean walked density = 64.5506, min = 61.2452, max = 68.2684
    [TIMING] UQ Calculation (Proximity_Method_B_C): 20.5943 s
    [TIMING] Metrics Calculation: 12.7110 s
    [TIMING] Total Single Evaluation: 109.0784 s

  >>> Starting: Function=sin_cos_15d, Seed=4
    [TIMING] Data Generation: 0.1238 s
    [TIMING] Random Forest Fitting: 17.0587 s
    [TIMING] RF Predicting: 0.1046 s
    [TIMING] Base Aleatoric: 0.1404 s
[TIMING] Random Forest fit/check: 0.00 ms
[TIMING] OOB/In-bag index reconstruction: 391.60 ms
[TIMING] Leaf weights & density precomputation: 128.75 ms
[TIMING] Transfer structures to backend: 0.02 ms
[TIMING] Total fit: 520.37 ms
[TIMING] Test leaf ID extraction: 114.68 ms
[TIMING] Proximity matrix accumulation: 7206.53 ms
[TIMING] Neighbor sorting & quantiles: 576.45 ms
[TIMING] Total compute_uq: 7898.29 ms
    [TIMING] UQ Calculation (Proximity_Baseline): 8.4193 s
[TIMING] Random Forest fit/check: 0.00 ms
[TIMING] OOB/In-bag index reconstruction: 399.40 ms
[TIMING] Leaf weights & density precomputation: 1296.07 ms
[TIMING] Transfer structures to backend: 0.02 ms
[TIMING] Total fit: 1695.49 ms
[TIMING] Test leaf ID extraction: 115.77 ms
[TIMING] Proximity matrix accumulation: 17444.96 ms
[TIMING] Neighbor sorting & quantiles: 567.52 ms
[TIMING] Total compute_uq: 18128.87 ms
    [TIMING] UQ Calculation (Proximity_Method_A): 19.8253 s
[TIMING] Random Forest fit/check: 0.00 ms
[TIMING] OOB/In-bag index reconstruction: 370.22 ms
[TIMING] Leaf weights & density precomputation: 1232.75 ms
[TIMING] Transfer structures to backend: 0.02 ms
[TIMING] Total fit: 1602.98 ms
[TIMING] Test leaf ID extraction: 114.37 ms
[TIMING] Proximity matrix accumulation: 17446.40 ms
[TIMING] Neighbor sorting & quantiles: 131.64 ms
[TIMING] Total compute_uq: 17692.97 ms
    [TIMING] UQ Calculation (Proximity_Method_B): 19.2978 s
[TIMING] Random Forest fit/check: 0.00 ms
[TIMING] OOB/In-bag index reconstruction: 374.41 ms
[TIMING] Leaf weights & density precomputation: 1226.21 ms
[TIMING] Transfer structures to backend: 0.02 ms
[TIMING] Total fit: 1600.64 ms
[TIMING] Test leaf ID extraction: 114.90 ms
[TIMING] Proximity matrix accumulation: 21650.28 ms
[TIMING] Neighbor sorting & quantiles: 567.73 ms
[TIMING] Total compute_uq: 22333.57 ms
[DEBUG DENSITY] mean walked density = 64.5854, min = 61.2084, max = 67.7117
    [TIMING] UQ Calculation (Proximity_Method_C): 23.9365 s
[TIMING] Random Forest fit/check: 0.00 ms
[TIMING] OOB/In-bag index reconstruction: 377.08 ms
[TIMING] Leaf weights & density precomputation: 1210.03 ms
[TIMING] Transfer structures to backend: 0.04 ms
[TIMING] Total fit: 1587.15 ms
[TIMING] Test leaf ID extraction: 115.27 ms
[TIMING] Proximity matrix accumulation: 21649.58 ms
[TIMING] Neighbor sorting & quantiles: 132.44 ms
[TIMING] Total compute_uq: 21897.89 ms
[DEBUG DENSITY] mean walked density = 64.5854, min = 61.2084, max = 67.7117
    [TIMING] UQ Calculation (Proximity_Method_B_C): 23.4872 s
    [TIMING] Metrics Calculation: 7.1392 s
    [TIMING] Total Single Evaluation: 119.5337 s
 [OK] (1128.9s, ETA: 37m remaining)
[RUN 6/7] 
  >>> Starting: Function=sin, Seed=5
    [TIMING] Data Generation: 0.0004 s
    [TIMING] Random Forest Fitting: 0.4505 s
    [TIMING] RF Predicting: 0.0330 s
    [TIMING] Base Aleatoric: 0.0398 s
[TIMING] Random Forest fit/check: 0.00 ms
[TIMING] OOB/In-bag index reconstruction: 155.73 ms
[TIMING] Leaf weights & density precomputation: 48.98 ms
[TIMING] Transfer structures to backend: 0.01 ms
[TIMING] Total fit: 204.73 ms
[TIMING] Test leaf ID extraction: 34.45 ms
[TIMING] Proximity matrix accumulation: 36.20 ms
[TIMING] Neighbor sorting & quantiles: 4.19 ms
[TIMING] Total compute_uq: 75.05 ms
    [TIMING] UQ Calculation (Proximity_Baseline): 0.2800 s
[TIMING] Random Forest fit/check: 0.00 ms
[TIMING] OOB/In-bag index reconstruction: 156.28 ms
[TIMING] Leaf weights & density precomputation: 286.51 ms
[TIMING] Transfer structures to backend: 0.01 ms
[TIMING] Total fit: 442.80 ms
[TIMING] Test leaf ID extraction: 33.68 ms
[TIMING] Proximity matrix accumulation: 151.07 ms
[TIMING] Neighbor sorting & quantiles: 4.11 ms
[TIMING] Total compute_uq: 189.07 ms
    [TIMING] UQ Calculation (Proximity_Method_A): 0.6322 s
[TIMING] Random Forest fit/check: 0.00 ms
[TIMING] OOB/In-bag index reconstruction: 158.32 ms
[TIMING] Leaf weights & density precomputation: 272.83 ms
[TIMING] Transfer structures to backend: 0.01 ms
[TIMING] Total fit: 431.16 ms
[TIMING] Test leaf ID extraction: 34.74 ms
[TIMING] Proximity matrix accumulation: 148.73 ms
[TIMING] Neighbor sorting & quantiles: 4.76 ms
[TIMING] Total compute_uq: 188.41 ms
    [TIMING] UQ Calculation (Proximity_Method_B): 0.6205 s
[TIMING] Random Forest fit/check: 0.00 ms
[TIMING] OOB/In-bag index reconstruction: 157.90 ms
[TIMING] Leaf weights & density precomputation: 282.84 ms
[TIMING] Transfer structures to backend: 0.01 ms
[TIMING] Total fit: 440.76 ms
[TIMING] Test leaf ID extraction: 34.31 ms
[TIMING] Proximity matrix accumulation: 209.66 ms
[TIMING] Neighbor sorting & quantiles: 4.12 ms
[TIMING] Total compute_uq: 248.29 ms
[DEBUG DENSITY] mean walked density = 62.0908, min = 54.7840, max = 67.3681
    [TIMING] UQ Calculation (Proximity_Method_C): 0.6904 s
[TIMING] Random Forest fit/check: 0.00 ms
[TIMING] OOB/In-bag index reconstruction: 157.06 ms
[TIMING] Leaf weights & density precomputation: 282.51 ms
[TIMING] Transfer structures to backend: 0.01 ms
[TIMING] Total fit: 439.58 ms
[TIMING] Test leaf ID extraction: 33.58 ms
[TIMING] Proximity matrix accumulation: 199.77 ms
[TIMING] Neighbor sorting & quantiles: 4.53 ms
[TIMING] Total compute_uq: 238.09 ms
[DEBUG DENSITY] mean walked density = 62.0908, min = 54.7840, max = 67.3681
    [TIMING] UQ Calculation (Proximity_Method_B_C): 0.6790 s
    [TIMING] Metrics Calculation: 0.0674 s
    [TIMING] Total Single Evaluation: 3.4934 s

  >>> Starting: Function=cos_trend, Seed=5
    [TIMING] Data Generation: 0.0003 s
    [TIMING] Random Forest Fitting: 0.4283 s
    [TIMING] RF Predicting: 0.0323 s
    [TIMING] Base Aleatoric: 0.0381 s
[TIMING] Random Forest fit/check: 0.00 ms
[TIMING] OOB/In-bag index reconstruction: 155.72 ms
[TIMING] Leaf weights & density precomputation: 49.08 ms
[TIMING] Transfer structures to backend: 0.01 ms
[TIMING] Total fit: 204.80 ms
[TIMING] Test leaf ID extraction: 33.26 ms
[TIMING] Proximity matrix accumulation: 36.12 ms
[TIMING] Neighbor sorting & quantiles: 4.22 ms
[TIMING] Total compute_uq: 73.79 ms
    [TIMING] UQ Calculation (Proximity_Baseline): 0.2787 s
[TIMING] Random Forest fit/check: 0.00 ms
[TIMING] OOB/In-bag index reconstruction: 156.91 ms
[TIMING] Leaf weights & density precomputation: 280.12 ms
[TIMING] Transfer structures to backend: 0.01 ms
[TIMING] Total fit: 437.04 ms
[TIMING] Test leaf ID extraction: 34.10 ms
[TIMING] Proximity matrix accumulation: 144.91 ms
[TIMING] Neighbor sorting & quantiles: 4.08 ms
[TIMING] Total compute_uq: 183.29 ms
    [TIMING] UQ Calculation (Proximity_Method_A): 0.6206 s
[TIMING] Random Forest fit/check: 0.00 ms
[TIMING] OOB/In-bag index reconstruction: 154.73 ms
[TIMING] Leaf weights & density precomputation: 278.10 ms
[TIMING] Transfer structures to backend: 0.01 ms
[TIMING] Total fit: 432.84 ms
[TIMING] Test leaf ID extraction: 34.00 ms
[TIMING] Proximity matrix accumulation: 151.77 ms
[TIMING] Neighbor sorting & quantiles: 4.78 ms
[TIMING] Total compute_uq: 190.73 ms
    [TIMING] UQ Calculation (Proximity_Method_B): 0.6246 s
[TIMING] Random Forest fit/check: 0.00 ms
[TIMING] OOB/In-bag index reconstruction: 155.12 ms
[TIMING] Leaf weights & density precomputation: 277.93 ms
[TIMING] Transfer structures to backend: 0.01 ms
[TIMING] Total fit: 433.06 ms
[TIMING] Test leaf ID extraction: 34.04 ms
[TIMING] Proximity matrix accumulation: 207.51 ms
[TIMING] Neighbor sorting & quantiles: 4.11 ms
[TIMING] Total compute_uq: 245.87 ms
[DEBUG DENSITY] mean walked density = 61.5556, min = 56.0279, max = 67.5183
    [TIMING] UQ Calculation (Proximity_Method_C): 0.6800 s
[TIMING] Random Forest fit/check: 0.00 ms
[TIMING] OOB/In-bag index reconstruction: 154.75 ms
[TIMING] Leaf weights & density precomputation: 281.54 ms
[TIMING] Transfer structures to backend: 0.01 ms
[TIMING] Total fit: 436.30 ms
[TIMING] Test leaf ID extraction: 33.67 ms
[TIMING] Proximity matrix accumulation: 205.20 ms
[TIMING] Neighbor sorting & quantiles: 4.78 ms
[TIMING] Total compute_uq: 243.87 ms
[DEBUG DENSITY] mean walked density = 61.5556, min = 56.0279, max = 67.5183
    [TIMING] UQ Calculation (Proximity_Method_B_C): 0.6815 s
    [TIMING] Metrics Calculation: 0.0674 s
    [TIMING] Total Single Evaluation: 3.4521 s

  >>> Starting: Function=poly, Seed=5
    [TIMING] Data Generation: 0.0003 s
    [TIMING] Random Forest Fitting: 0.4278 s
    [TIMING] RF Predicting: 0.0433 s
    [TIMING] Base Aleatoric: 0.0503 s
[TIMING] Random Forest fit/check: 0.00 ms
[TIMING] OOB/In-bag index reconstruction: 158.82 ms
[TIMING] Leaf weights & density precomputation: 49.82 ms
[TIMING] Transfer structures to backend: 0.02 ms
[TIMING] Total fit: 208.66 ms
[TIMING] Test leaf ID extraction: 34.63 ms
[TIMING] Proximity matrix accumulation: 36.50 ms
[TIMING] Neighbor sorting & quantiles: 4.20 ms
[TIMING] Total compute_uq: 75.54 ms
    [TIMING] UQ Calculation (Proximity_Baseline): 0.2844 s
[TIMING] Random Forest fit/check: 0.00 ms
[TIMING] OOB/In-bag index reconstruction: 153.85 ms
[TIMING] Leaf weights & density precomputation: 280.59 ms
[TIMING] Transfer structures to backend: 0.02 ms
[TIMING] Total fit: 434.45 ms
[TIMING] Test leaf ID extraction: 43.92 ms
[TIMING] Proximity matrix accumulation: 150.35 ms
[TIMING] Neighbor sorting & quantiles: 4.11 ms
[TIMING] Total compute_uq: 198.58 ms
    [TIMING] UQ Calculation (Proximity_Method_A): 0.6334 s
[TIMING] Random Forest fit/check: 0.00 ms
[TIMING] OOB/In-bag index reconstruction: 164.90 ms
[TIMING] Leaf weights & density precomputation: 285.66 ms
[TIMING] Transfer structures to backend: 0.02 ms
[TIMING] Total fit: 450.59 ms
[TIMING] Test leaf ID extraction: 43.80 ms
[TIMING] Proximity matrix accumulation: 147.77 ms
[TIMING] Neighbor sorting & quantiles: 4.95 ms
[TIMING] Total compute_uq: 196.73 ms
    [TIMING] UQ Calculation (Proximity_Method_B): 0.6484 s
[TIMING] Random Forest fit/check: 0.00 ms
[TIMING] OOB/In-bag index reconstruction: 166.65 ms
[TIMING] Leaf weights & density precomputation: 323.08 ms
[TIMING] Transfer structures to backend: 0.02 ms
[TIMING] Total fit: 489.75 ms
[TIMING] Test leaf ID extraction: 45.67 ms
[TIMING] Proximity matrix accumulation: 279.95 ms
[TIMING] Neighbor sorting & quantiles: 4.19 ms
[TIMING] Total compute_uq: 330.08 ms
[DEBUG DENSITY] mean walked density = 62.1632, min = 54.8607, max = 68.5147
    [TIMING] UQ Calculation (Proximity_Method_C): 0.8217 s
[TIMING] Random Forest fit/check: 0.00 ms
[TIMING] OOB/In-bag index reconstruction: 175.30 ms
[TIMING] Leaf weights & density precomputation: 288.10 ms
[TIMING] Transfer structures to backend: 0.02 ms
[TIMING] Total fit: 463.42 ms
[TIMING] Test leaf ID extraction: 34.29 ms
[TIMING] Proximity matrix accumulation: 207.52 ms
[TIMING] Neighbor sorting & quantiles: 4.83 ms
[TIMING] Total compute_uq: 246.86 ms
[DEBUG DENSITY] mean walked density = 62.1632, min = 54.8607, max = 68.5147
    [TIMING] UQ Calculation (Proximity_Method_B_C): 0.7116 s
    [TIMING] Metrics Calculation: 0.0683 s
    [TIMING] Total Single Evaluation: 3.6899 s

  >>> Starting: Function=damped_osc, Seed=5
    [TIMING] Data Generation: 0.0004 s
    [TIMING] Random Forest Fitting: 0.3814 s
    [TIMING] RF Predicting: 0.0537 s
    [TIMING] Base Aleatoric: 0.0541 s
[TIMING] Random Forest fit/check: 0.00 ms
[TIMING] OOB/In-bag index reconstruction: 195.23 ms
[TIMING] Leaf weights & density precomputation: 49.09 ms
[TIMING] Transfer structures to backend: 0.02 ms
[TIMING] Total fit: 244.34 ms
[TIMING] Test leaf ID extraction: 55.95 ms
[TIMING] Proximity matrix accumulation: 36.19 ms
[TIMING] Neighbor sorting & quantiles: 4.19 ms
[TIMING] Total compute_uq: 96.54 ms
    [TIMING] UQ Calculation (Proximity_Baseline): 0.3410 s
[TIMING] Random Forest fit/check: 0.00 ms
[TIMING] OOB/In-bag index reconstruction: 167.32 ms
[TIMING] Leaf weights & density precomputation: 285.19 ms
[TIMING] Transfer structures to backend: 0.02 ms
[TIMING] Total fit: 452.53 ms
[TIMING] Test leaf ID extraction: 45.06 ms
[TIMING] Proximity matrix accumulation: 151.99 ms
[TIMING] Neighbor sorting & quantiles: 4.10 ms
[TIMING] Total compute_uq: 201.37 ms
    [TIMING] UQ Calculation (Proximity_Method_A): 0.6543 s
[TIMING] Random Forest fit/check: 0.00 ms
[TIMING] OOB/In-bag index reconstruction: 168.33 ms
[TIMING] Leaf weights & density precomputation: 317.59 ms
[TIMING] Transfer structures to backend: 0.02 ms
[TIMING] Total fit: 485.93 ms
[TIMING] Test leaf ID extraction: 44.68 ms
[TIMING] Proximity matrix accumulation: 147.44 ms
[TIMING] Neighbor sorting & quantiles: 4.93 ms
[TIMING] Total compute_uq: 197.19 ms
    [TIMING] UQ Calculation (Proximity_Method_B): 0.6843 s
[TIMING] Random Forest fit/check: 0.00 ms
[TIMING] OOB/In-bag index reconstruction: 164.76 ms
[TIMING] Leaf weights & density precomputation: 276.78 ms
[TIMING] Transfer structures to backend: 0.02 ms
[TIMING] Total fit: 441.56 ms
[TIMING] Test leaf ID extraction: 44.97 ms
[TIMING] Proximity matrix accumulation: 206.69 ms
[TIMING] Neighbor sorting & quantiles: 4.14 ms
[TIMING] Total compute_uq: 256.02 ms
[DEBUG DENSITY] mean walked density = 62.2357, min = 55.3305, max = 67.4649
    [TIMING] UQ Calculation (Proximity_Method_C): 0.6990 s
[TIMING] Random Forest fit/check: 0.00 ms
[TIMING] OOB/In-bag index reconstruction: 168.99 ms
[TIMING] Leaf weights & density precomputation: 298.82 ms
[TIMING] Transfer structures to backend: 0.01 ms
[TIMING] Total fit: 467.83 ms
[TIMING] Test leaf ID extraction: 43.87 ms
[TIMING] Proximity matrix accumulation: 200.74 ms
[TIMING] Neighbor sorting & quantiles: 4.47 ms
[TIMING] Total compute_uq: 249.31 ms
[DEBUG DENSITY] mean walked density = 62.2357, min = 55.3305, max = 67.4649
    [TIMING] UQ Calculation (Proximity_Method_B_C): 0.7187 s
    [TIMING] Metrics Calculation: 0.0823 s
    [TIMING] Total Single Evaluation: 3.6695 s

  >>> Starting: Function=log_mod, Seed=5
    [TIMING] Data Generation: 0.0003 s
    [TIMING] Random Forest Fitting: 0.3699 s
    [TIMING] RF Predicting: 0.0426 s
    [TIMING] Base Aleatoric: 0.0535 s
[TIMING] Random Forest fit/check: 0.00 ms
[TIMING] OOB/In-bag index reconstruction: 184.63 ms
[TIMING] Leaf weights & density precomputation: 49.96 ms
[TIMING] Transfer structures to backend: 0.01 ms
[TIMING] Total fit: 234.60 ms
[TIMING] Test leaf ID extraction: 42.95 ms
[TIMING] Proximity matrix accumulation: 36.21 ms
[TIMING] Neighbor sorting & quantiles: 4.21 ms
[TIMING] Total compute_uq: 83.58 ms
    [TIMING] UQ Calculation (Proximity_Baseline): 0.3183 s
[TIMING] Random Forest fit/check: 0.00 ms
[TIMING] OOB/In-bag index reconstruction: 164.31 ms
[TIMING] Leaf weights & density precomputation: 280.39 ms
[TIMING] Transfer structures to backend: 0.03 ms
[TIMING] Total fit: 444.72 ms
[TIMING] Test leaf ID extraction: 44.62 ms
[TIMING] Proximity matrix accumulation: 151.89 ms
[TIMING] Neighbor sorting & quantiles: 4.11 ms
[TIMING] Total compute_uq: 200.83 ms
    [TIMING] UQ Calculation (Proximity_Method_A): 0.6460 s
[TIMING] Random Forest fit/check: 0.00 ms
[TIMING] OOB/In-bag index reconstruction: 165.26 ms
[TIMING] Leaf weights & density precomputation: 278.22 ms
[TIMING] Transfer structures to backend: 0.01 ms
[TIMING] Total fit: 443.50 ms
[TIMING] Test leaf ID extraction: 44.04 ms
[TIMING] Proximity matrix accumulation: 149.22 ms
[TIMING] Neighbor sorting & quantiles: 4.77 ms
[TIMING] Total compute_uq: 198.22 ms
    [TIMING] UQ Calculation (Proximity_Method_B): 0.6428 s
[TIMING] Random Forest fit/check: 0.00 ms
[TIMING] OOB/In-bag index reconstruction: 165.09 ms
[TIMING] Leaf weights & density precomputation: 282.33 ms
[TIMING] Transfer structures to backend: 0.02 ms
[TIMING] Total fit: 447.43 ms
[TIMING] Test leaf ID extraction: 43.47 ms
[TIMING] Proximity matrix accumulation: 203.35 ms
[TIMING] Neighbor sorting & quantiles: 4.10 ms
[TIMING] Total compute_uq: 251.13 ms
[DEBUG DENSITY] mean walked density = 61.9073, min = 54.6806, max = 67.1549
    [TIMING] UQ Calculation (Proximity_Method_C): 0.6999 s
[TIMING] Random Forest fit/check: 0.00 ms
[TIMING] OOB/In-bag index reconstruction: 162.15 ms
[TIMING] Leaf weights & density precomputation: 285.64 ms
[TIMING] Transfer structures to backend: 0.01 ms
[TIMING] Total fit: 447.81 ms
[TIMING] Test leaf ID extraction: 43.72 ms
[TIMING] Proximity matrix accumulation: 208.38 ms
[TIMING] Neighbor sorting & quantiles: 4.74 ms
[TIMING] Total compute_uq: 257.08 ms
[DEBUG DENSITY] mean walked density = 61.9073, min = 54.6806, max = 67.1549
    [TIMING] UQ Calculation (Proximity_Method_B_C): 0.7061 s
    [TIMING] Metrics Calculation: 0.0691 s
    [TIMING] Total Single Evaluation: 3.5487 s

  >>> Starting: Function=sin_cos, Seed=5
    [TIMING] Data Generation: 0.0013 s
    [TIMING] Random Forest Fitting: 0.4258 s
    [TIMING] RF Predicting: 0.0437 s
    [TIMING] Base Aleatoric: 0.0532 s
[TIMING] Random Forest fit/check: 0.00 ms
[TIMING] OOB/In-bag index reconstruction: 188.04 ms
[TIMING] Leaf weights & density precomputation: 57.79 ms
[TIMING] Transfer structures to backend: 0.02 ms
[TIMING] Total fit: 245.85 ms
[TIMING] Test leaf ID extraction: 45.96 ms
[TIMING] Proximity matrix accumulation: 148.51 ms
[TIMING] Neighbor sorting & quantiles: 16.48 ms
[TIMING] Total compute_uq: 211.18 ms
    [TIMING] UQ Calculation (Proximity_Baseline): 0.4572 s
[TIMING] Random Forest fit/check: 0.00 ms
[TIMING] OOB/In-bag index reconstruction: 183.06 ms
[TIMING] Leaf weights & density precomputation: 319.74 ms
[TIMING] Transfer structures to backend: 0.02 ms
[TIMING] Total fit: 502.82 ms
[TIMING] Test leaf ID extraction: 45.83 ms
[TIMING] Proximity matrix accumulation: 434.91 ms
[TIMING] Neighbor sorting & quantiles: 15.99 ms
[TIMING] Total compute_uq: 496.98 ms
    [TIMING] UQ Calculation (Proximity_Method_A): 1.0002 s
[TIMING] Random Forest fit/check: 0.00 ms
[TIMING] OOB/In-bag index reconstruction: 181.80 ms
[TIMING] Leaf weights & density precomputation: 315.98 ms
[TIMING] Transfer structures to backend: 0.01 ms
[TIMING] Total fit: 497.79 ms
[TIMING] Test leaf ID extraction: 45.19 ms
[TIMING] Proximity matrix accumulation: 437.02 ms
[TIMING] Neighbor sorting & quantiles: 9.02 ms
[TIMING] Total compute_uq: 491.47 ms
    [TIMING] UQ Calculation (Proximity_Method_B): 0.9904 s
[TIMING] Random Forest fit/check: 0.00 ms
[TIMING] OOB/In-bag index reconstruction: 352.66 ms
[TIMING] Leaf weights & density precomputation: 504.00 ms
[TIMING] Transfer structures to backend: 0.02 ms
[TIMING] Total fit: 856.68 ms
[TIMING] Test leaf ID extraction: 120.50 ms
[TIMING] Proximity matrix accumulation: 550.85 ms
[TIMING] Neighbor sorting & quantiles: 15.96 ms
[TIMING] Total compute_uq: 687.59 ms
[DEBUG DENSITY] mean walked density = 64.7885, min = 47.7450, max = 76.3819
    [TIMING] UQ Calculation (Proximity_Method_C): 1.5460 s
[TIMING] Random Forest fit/check: 0.00 ms
[TIMING] OOB/In-bag index reconstruction: 338.39 ms
[TIMING] Leaf weights & density precomputation: 431.78 ms
[TIMING] Transfer structures to backend: 0.02 ms
[TIMING] Total fit: 770.19 ms
[TIMING] Test leaf ID extraction: 65.85 ms
[TIMING] Proximity matrix accumulation: 600.69 ms
[TIMING] Neighbor sorting & quantiles: 9.94 ms
[TIMING] Total compute_uq: 676.75 ms
[DEBUG DENSITY] mean walked density = 64.7885, min = 47.7450, max = 76.3819
    [TIMING] UQ Calculation (Proximity_Method_B_C): 1.4486 s
    [TIMING] Metrics Calculation: 4.5326 s
    [TIMING] Total Single Evaluation: 10.4992 s

  >>> Starting: Function=quadratic, Seed=5
    [TIMING] Data Generation: 0.0015 s
    [TIMING] Random Forest Fitting: 1.5392 s
    [TIMING] RF Predicting: 0.1696 s
    [TIMING] Base Aleatoric: 0.1797 s
[TIMING] Random Forest fit/check: 0.00 ms
[TIMING] OOB/In-bag index reconstruction: 500.45 ms
[TIMING] Leaf weights & density precomputation: 58.78 ms
[TIMING] Transfer structures to backend: 0.02 ms
[TIMING] Total fit: 559.24 ms
[TIMING] Test leaf ID extraction: 56.28 ms
[TIMING] Proximity matrix accumulation: 148.15 ms
[TIMING] Neighbor sorting & quantiles: 16.38 ms
[TIMING] Total compute_uq: 221.09 ms
    [TIMING] UQ Calculation (Proximity_Baseline): 0.7805 s
[TIMING] Random Forest fit/check: 0.00 ms
[TIMING] OOB/In-bag index reconstruction: 199.94 ms
[TIMING] Leaf weights & density precomputation: 443.21 ms
[TIMING] Transfer structures to backend: 0.02 ms
[TIMING] Total fit: 643.17 ms
[TIMING] Test leaf ID extraction: 46.94 ms
[TIMING] Proximity matrix accumulation: 430.85 ms
[TIMING] Neighbor sorting & quantiles: 16.01 ms
[TIMING] Total compute_uq: 494.09 ms
    [TIMING] UQ Calculation (Proximity_Method_A): 1.1378 s
[TIMING] Random Forest fit/check: 0.00 ms
[TIMING] OOB/In-bag index reconstruction: 284.15 ms
[TIMING] Leaf weights & density precomputation: 444.01 ms
[TIMING] Transfer structures to backend: 0.02 ms
[TIMING] Total fit: 728.18 ms
[TIMING] Test leaf ID extraction: 57.49 ms
[TIMING] Proximity matrix accumulation: 435.68 ms
[TIMING] Neighbor sorting & quantiles: 10.78 ms
[TIMING] Total compute_uq: 504.26 ms
    [TIMING] UQ Calculation (Proximity_Method_B): 1.2339 s
[TIMING] Random Forest fit/check: 0.00 ms
[TIMING] OOB/In-bag index reconstruction: 280.94 ms
[TIMING] Leaf weights & density precomputation: 443.35 ms
[TIMING] Transfer structures to backend: 0.02 ms
[TIMING] Total fit: 724.32 ms
[TIMING] Test leaf ID extraction: 45.88 ms
[TIMING] Proximity matrix accumulation: 542.34 ms
[TIMING] Neighbor sorting & quantiles: 16.18 ms
[TIMING] Total compute_uq: 604.69 ms
[DEBUG DENSITY] mean walked density = 66.3070, min = 59.6955, max = 73.3079
    [TIMING] UQ Calculation (Proximity_Method_C): 1.3309 s
[TIMING] Random Forest fit/check: 0.00 ms
[TIMING] OOB/In-bag index reconstruction: 190.69 ms
[TIMING] Leaf weights & density precomputation: 338.15 ms
[TIMING] Transfer structures to backend: 0.02 ms
[TIMING] Total fit: 528.86 ms
[TIMING] Test leaf ID extraction: 55.89 ms
[TIMING] Proximity matrix accumulation: 545.12 ms
[TIMING] Neighbor sorting & quantiles: 8.38 ms
[TIMING] Total compute_uq: 609.65 ms
[DEBUG DENSITY] mean walked density = 66.3070, min = 59.6955, max = 73.3079
    [TIMING] UQ Calculation (Proximity_Method_B_C): 1.1400 s
    [TIMING] Metrics Calculation: 0.0994 s
    [TIMING] Total Single Evaluation: 7.6259 s

  >>> Starting: Function=sin_sum_mod, Seed=5
    [TIMING] Data Generation: 0.0015 s
    [TIMING] Random Forest Fitting: 0.4846 s
    [TIMING] RF Predicting: 0.0554 s
    [TIMING] Base Aleatoric: 0.1000 s
[TIMING] Random Forest fit/check: 0.00 ms
[TIMING] OOB/In-bag index reconstruction: 282.96 ms
[TIMING] Leaf weights & density precomputation: 71.38 ms
[TIMING] Transfer structures to backend: 0.02 ms
[TIMING] Total fit: 354.36 ms
[TIMING] Test leaf ID extraction: 57.08 ms
[TIMING] Proximity matrix accumulation: 148.62 ms
[TIMING] Neighbor sorting & quantiles: 16.42 ms
[TIMING] Total compute_uq: 222.39 ms
    [TIMING] UQ Calculation (Proximity_Baseline): 0.5769 s
[TIMING] Random Forest fit/check: 0.00 ms
[TIMING] OOB/In-bag index reconstruction: 283.23 ms
[TIMING] Leaf weights & density precomputation: 466.03 ms
[TIMING] Transfer structures to backend: 0.02 ms
[TIMING] Total fit: 749.28 ms
[TIMING] Test leaf ID extraction: 45.67 ms
[TIMING] Proximity matrix accumulation: 431.78 ms
[TIMING] Neighbor sorting & quantiles: 16.13 ms
[TIMING] Total compute_uq: 493.90 ms
    [TIMING] UQ Calculation (Proximity_Method_A): 1.2436 s
[TIMING] Random Forest fit/check: 0.00 ms
[TIMING] OOB/In-bag index reconstruction: 179.16 ms
[TIMING] Leaf weights & density precomputation: 342.26 ms
[TIMING] Transfer structures to backend: 0.02 ms
[TIMING] Total fit: 521.43 ms
[TIMING] Test leaf ID extraction: 45.50 ms
[TIMING] Proximity matrix accumulation: 434.50 ms
[TIMING] Neighbor sorting & quantiles: 8.63 ms
[TIMING] Total compute_uq: 489.07 ms
    [TIMING] UQ Calculation (Proximity_Method_B): 1.0116 s
[TIMING] Random Forest fit/check: 0.00 ms
[TIMING] OOB/In-bag index reconstruction: 188.75 ms
[TIMING] Leaf weights & density precomputation: 356.60 ms
[TIMING] Transfer structures to backend: 0.02 ms
[TIMING] Total fit: 545.37 ms
[TIMING] Test leaf ID extraction: 45.58 ms
[TIMING] Proximity matrix accumulation: 539.55 ms
[TIMING] Neighbor sorting & quantiles: 16.02 ms
[TIMING] Total compute_uq: 601.40 ms
[DEBUG DENSITY] mean walked density = 64.1662, min = 51.2111, max = 78.5603
    [TIMING] UQ Calculation (Proximity_Method_C): 1.1480 s
[TIMING] Random Forest fit/check: 0.00 ms
[TIMING] OOB/In-bag index reconstruction: 188.59 ms
[TIMING] Leaf weights & density precomputation: 340.50 ms
[TIMING] Transfer structures to backend: 0.02 ms
[TIMING] Total fit: 529.10 ms
[TIMING] Test leaf ID extraction: 44.83 ms
[TIMING] Proximity matrix accumulation: 545.65 ms
[TIMING] Neighbor sorting & quantiles: 9.07 ms
[TIMING] Total compute_uq: 599.80 ms
[DEBUG DENSITY] mean walked density = 64.1662, min = 51.2111, max = 78.5603
    [TIMING] UQ Calculation (Proximity_Method_B_C): 1.1302 s
    [TIMING] Metrics Calculation: 0.0718 s
    [TIMING] Total Single Evaluation: 5.8241 s

  >>> Starting: Function=gaussian, Seed=5
    [TIMING] Data Generation: 0.0010 s
    [TIMING] Random Forest Fitting: 0.4116 s
    [TIMING] RF Predicting: 0.0432 s
    [TIMING] Base Aleatoric: 0.0518 s
[TIMING] Random Forest fit/check: 0.00 ms
[TIMING] OOB/In-bag index reconstruction: 273.27 ms
[TIMING] Leaf weights & density precomputation: 76.79 ms
[TIMING] Transfer structures to backend: 0.02 ms
[TIMING] Total fit: 350.08 ms
[TIMING] Test leaf ID extraction: 46.72 ms
[TIMING] Proximity matrix accumulation: 148.90 ms
[TIMING] Neighbor sorting & quantiles: 16.53 ms
[TIMING] Total compute_uq: 212.45 ms
    [TIMING] UQ Calculation (Proximity_Baseline): 0.5627 s
[TIMING] Random Forest fit/check: 0.00 ms
[TIMING] OOB/In-bag index reconstruction: 279.27 ms
[TIMING] Leaf weights & density precomputation: 475.23 ms
[TIMING] Transfer structures to backend: 0.02 ms
[TIMING] Total fit: 754.51 ms
[TIMING] Test leaf ID extraction: 35.80 ms
[TIMING] Proximity matrix accumulation: 436.49 ms
[TIMING] Neighbor sorting & quantiles: 16.22 ms
[TIMING] Total compute_uq: 488.82 ms
    [TIMING] UQ Calculation (Proximity_Method_A): 1.2439 s
[TIMING] Random Forest fit/check: 0.00 ms
[TIMING] OOB/In-bag index reconstruction: 264.54 ms
[TIMING] Leaf weights & density precomputation: 343.67 ms
[TIMING] Transfer structures to backend: 0.02 ms
[TIMING] Total fit: 608.22 ms
[TIMING] Test leaf ID extraction: 46.17 ms
[TIMING] Proximity matrix accumulation: 437.43 ms
[TIMING] Neighbor sorting & quantiles: 7.93 ms
[TIMING] Total compute_uq: 491.74 ms
    [TIMING] UQ Calculation (Proximity_Method_B): 1.1011 s
[TIMING] Random Forest fit/check: 0.00 ms
[TIMING] OOB/In-bag index reconstruction: 172.37 ms
[TIMING] Leaf weights & density precomputation: 320.04 ms
[TIMING] Transfer structures to backend: 0.01 ms
[TIMING] Total fit: 492.43 ms
[TIMING] Test leaf ID extraction: 45.71 ms
[TIMING] Proximity matrix accumulation: 544.04 ms
[TIMING] Neighbor sorting & quantiles: 16.01 ms
[TIMING] Total compute_uq: 605.97 ms
[DEBUG DENSITY] mean walked density = 65.1493, min = 55.7557, max = 74.2556
    [TIMING] UQ Calculation (Proximity_Method_C): 1.0998 s
[TIMING] Random Forest fit/check: 0.00 ms
[TIMING] OOB/In-bag index reconstruction: 186.45 ms
[TIMING] Leaf weights & density precomputation: 317.31 ms
[TIMING] Transfer structures to backend: 0.01 ms
[TIMING] Total fit: 503.77 ms
[TIMING] Test leaf ID extraction: 45.43 ms
[TIMING] Proximity matrix accumulation: 547.50 ms
[TIMING] Neighbor sorting & quantiles: 7.94 ms
[TIMING] Total compute_uq: 601.08 ms
[DEBUG DENSITY] mean walked density = 65.1493, min = 55.7557, max = 74.2556
    [TIMING] UQ Calculation (Proximity_Method_B_C): 1.1059 s
    [TIMING] Metrics Calculation: 0.0768 s
    [TIMING] Total Single Evaluation: 5.6981 s

  >>> Starting: Function=abs_sin, Seed=5
    [TIMING] Data Generation: 0.0011 s
    [TIMING] Random Forest Fitting: 0.3952 s
    [TIMING] RF Predicting: 0.0539 s
    [TIMING] Base Aleatoric: 0.0518 s
[TIMING] Random Forest fit/check: 0.00 ms
[TIMING] OOB/In-bag index reconstruction: 187.82 ms
[TIMING] Leaf weights & density precomputation: 56.31 ms
[TIMING] Transfer structures to backend: 0.01 ms
[TIMING] Total fit: 244.15 ms
[TIMING] Test leaf ID extraction: 46.30 ms
[TIMING] Proximity matrix accumulation: 148.69 ms
[TIMING] Neighbor sorting & quantiles: 16.58 ms
[TIMING] Total compute_uq: 211.80 ms
    [TIMING] UQ Calculation (Proximity_Baseline): 0.4561 s
[TIMING] Random Forest fit/check: 0.00 ms
[TIMING] OOB/In-bag index reconstruction: 183.21 ms
[TIMING] Leaf weights & density precomputation: 318.35 ms
[TIMING] Transfer structures to backend: 0.01 ms
[TIMING] Total fit: 501.58 ms
[TIMING] Test leaf ID extraction: 44.89 ms
[TIMING] Proximity matrix accumulation: 435.04 ms
[TIMING] Neighbor sorting & quantiles: 15.92 ms
[TIMING] Total compute_uq: 496.03 ms
    [TIMING] UQ Calculation (Proximity_Method_A): 0.9979 s
[TIMING] Random Forest fit/check: 0.00 ms
[TIMING] OOB/In-bag index reconstruction: 184.08 ms
[TIMING] Leaf weights & density precomputation: 309.75 ms
[TIMING] Transfer structures to backend: 0.02 ms
[TIMING] Total fit: 493.85 ms
[TIMING] Test leaf ID extraction: 46.00 ms
[TIMING] Proximity matrix accumulation: 436.10 ms
[TIMING] Neighbor sorting & quantiles: 8.00 ms
[TIMING] Total compute_uq: 490.32 ms
    [TIMING] UQ Calculation (Proximity_Method_B): 0.9852 s
[TIMING] Random Forest fit/check: 0.00 ms
[TIMING] OOB/In-bag index reconstruction: 184.64 ms
[TIMING] Leaf weights & density precomputation: 316.80 ms
[TIMING] Transfer structures to backend: 0.01 ms
[TIMING] Total fit: 501.45 ms
[TIMING] Test leaf ID extraction: 45.84 ms
[TIMING] Proximity matrix accumulation: 541.47 ms
[TIMING] Neighbor sorting & quantiles: 15.96 ms
[TIMING] Total compute_uq: 603.66 ms
[DEBUG DENSITY] mean walked density = 61.3248, min = 47.0734, max = 79.0801
    [TIMING] UQ Calculation (Proximity_Method_C): 1.1064 s
[TIMING] Random Forest fit/check: 0.00 ms
[TIMING] OOB/In-bag index reconstruction: 184.99 ms
[TIMING] Leaf weights & density precomputation: 321.07 ms
[TIMING] Transfer structures to backend: 0.02 ms
[TIMING] Total fit: 506.08 ms
[TIMING] Test leaf ID extraction: 45.92 ms
[TIMING] Proximity matrix accumulation: 545.72 ms
[TIMING] Neighbor sorting & quantiles: 7.77 ms
[TIMING] Total compute_uq: 599.61 ms
[DEBUG DENSITY] mean walked density = 61.3248, min = 47.0734, max = 79.0801
    [TIMING] UQ Calculation (Proximity_Method_B_C): 1.1070 s
    [TIMING] Metrics Calculation: 0.0685 s
    [TIMING] Total Single Evaluation: 5.2235 s

  >>> Starting: Function=sin_cos_sin, Seed=5
    [TIMING] Data Generation: 0.0024 s
    [TIMING] Random Forest Fitting: 0.4751 s
    [TIMING] RF Predicting: 0.0435 s
    [TIMING] Base Aleatoric: 0.0529 s
[TIMING] Random Forest fit/check: 0.00 ms
[TIMING] OOB/In-bag index reconstruction: 188.58 ms
[TIMING] Leaf weights & density precomputation: 60.33 ms
[TIMING] Transfer structures to backend: 0.02 ms
[TIMING] Total fit: 248.92 ms
[TIMING] Test leaf ID extraction: 45.27 ms
[TIMING] Proximity matrix accumulation: 233.58 ms
[TIMING] Neighbor sorting & quantiles: 22.99 ms
[TIMING] Total compute_uq: 302.08 ms
    [TIMING] UQ Calculation (Proximity_Baseline): 0.5511 s
[TIMING] Random Forest fit/check: 0.00 ms
[TIMING] OOB/In-bag index reconstruction: 186.27 ms
[TIMING] Leaf weights & density precomputation: 341.60 ms
[TIMING] Transfer structures to backend: 0.01 ms
[TIMING] Total fit: 527.88 ms
[TIMING] Test leaf ID extraction: 46.46 ms
[TIMING] Proximity matrix accumulation: 707.52 ms
[TIMING] Neighbor sorting & quantiles: 22.43 ms
[TIMING] Total compute_uq: 776.62 ms
    [TIMING] UQ Calculation (Proximity_Method_A): 1.3048 s
[TIMING] Random Forest fit/check: 0.00 ms
[TIMING] OOB/In-bag index reconstruction: 182.27 ms
[TIMING] Leaf weights & density precomputation: 339.36 ms
[TIMING] Transfer structures to backend: 0.01 ms
[TIMING] Total fit: 521.64 ms
[TIMING] Test leaf ID extraction: 46.66 ms
[TIMING] Proximity matrix accumulation: 708.54 ms
[TIMING] Neighbor sorting & quantiles: 10.00 ms
[TIMING] Total compute_uq: 765.41 ms
    [TIMING] UQ Calculation (Proximity_Method_B): 1.2882 s
[TIMING] Random Forest fit/check: 0.00 ms
[TIMING] OOB/In-bag index reconstruction: 185.16 ms
[TIMING] Leaf weights & density precomputation: 339.85 ms
[TIMING] Transfer structures to backend: 0.02 ms
[TIMING] Total fit: 525.03 ms
[TIMING] Test leaf ID extraction: 45.04 ms
[TIMING] Proximity matrix accumulation: 877.24 ms
[TIMING] Neighbor sorting & quantiles: 22.41 ms
[TIMING] Total compute_uq: 944.98 ms
[DEBUG DENSITY] mean walked density = 62.4726, min = 49.2037, max = 72.9155
    [TIMING] UQ Calculation (Proximity_Method_C): 1.4717 s
[TIMING] Random Forest fit/check: 0.00 ms
[TIMING] OOB/In-bag index reconstruction: 183.68 ms
[TIMING] Leaf weights & density precomputation: 342.02 ms
[TIMING] Transfer structures to backend: 0.02 ms
[TIMING] Total fit: 525.72 ms
[TIMING] Test leaf ID extraction: 45.10 ms
[TIMING] Proximity matrix accumulation: 877.99 ms
[TIMING] Neighbor sorting & quantiles: 9.73 ms
[TIMING] Total compute_uq: 933.08 ms
[DEBUG DENSITY] mean walked density = 62.4726, min = 49.2037, max = 72.9155
    [TIMING] UQ Calculation (Proximity_Method_B_C): 1.4601 s
    [TIMING] Metrics Calculation: 0.0709 s
    [TIMING] Total Single Evaluation: 6.7210 s

  >>> Starting: Function=quadratic_3d, Seed=5
    [TIMING] Data Generation: 0.0020 s
    [TIMING] Random Forest Fitting: 0.4563 s
    [TIMING] RF Predicting: 0.0427 s
    [TIMING] Base Aleatoric: 0.0525 s
[TIMING] Random Forest fit/check: 0.00 ms
[TIMING] OOB/In-bag index reconstruction: 188.78 ms
[TIMING] Leaf weights & density precomputation: 61.13 ms
[TIMING] Transfer structures to backend: 0.02 ms
[TIMING] Total fit: 249.92 ms
[TIMING] Test leaf ID extraction: 45.29 ms
[TIMING] Proximity matrix accumulation: 233.45 ms
[TIMING] Neighbor sorting & quantiles: 23.01 ms
[TIMING] Total compute_uq: 301.99 ms
    [TIMING] UQ Calculation (Proximity_Baseline): 0.5521 s
[TIMING] Random Forest fit/check: 0.00 ms
[TIMING] OOB/In-bag index reconstruction: 185.76 ms
[TIMING] Leaf weights & density precomputation: 340.03 ms
[TIMING] Transfer structures to backend: 0.01 ms
[TIMING] Total fit: 525.80 ms
[TIMING] Test leaf ID extraction: 55.78 ms
[TIMING] Proximity matrix accumulation: 707.35 ms
[TIMING] Neighbor sorting & quantiles: 22.37 ms
[TIMING] Total compute_uq: 785.75 ms
    [TIMING] UQ Calculation (Proximity_Method_A): 1.3119 s
[TIMING] Random Forest fit/check: 0.00 ms
[TIMING] OOB/In-bag index reconstruction: 182.37 ms
[TIMING] Leaf weights & density precomputation: 333.27 ms
[TIMING] Transfer structures to backend: 0.03 ms
[TIMING] Total fit: 515.67 ms
[TIMING] Test leaf ID extraction: 45.17 ms
[TIMING] Proximity matrix accumulation: 707.88 ms
[TIMING] Neighbor sorting & quantiles: 9.41 ms
[TIMING] Total compute_uq: 762.89 ms
    [TIMING] UQ Calculation (Proximity_Method_B): 1.2796 s
[TIMING] Random Forest fit/check: 0.00 ms
[TIMING] OOB/In-bag index reconstruction: 181.50 ms
[TIMING] Leaf weights & density precomputation: 333.76 ms
[TIMING] Transfer structures to backend: 0.01 ms
[TIMING] Total fit: 515.28 ms
[TIMING] Test leaf ID extraction: 45.39 ms
[TIMING] Proximity matrix accumulation: 875.96 ms
[TIMING] Neighbor sorting & quantiles: 22.76 ms
[TIMING] Total compute_uq: 944.37 ms
[DEBUG DENSITY] mean walked density = 64.4610, min = 57.3884, max = 70.3941
    [TIMING] UQ Calculation (Proximity_Method_C): 1.4609 s
[TIMING] Random Forest fit/check: 0.00 ms
[TIMING] OOB/In-bag index reconstruction: 187.60 ms
[TIMING] Leaf weights & density precomputation: 334.27 ms
[TIMING] Transfer structures to backend: 0.02 ms
[TIMING] Total fit: 521.89 ms
[TIMING] Test leaf ID extraction: 45.45 ms
[TIMING] Proximity matrix accumulation: 876.86 ms
[TIMING] Neighbor sorting & quantiles: 10.45 ms
[TIMING] Total compute_uq: 933.20 ms
[DEBUG DENSITY] mean walked density = 64.4610, min = 57.3884, max = 70.3941
    [TIMING] UQ Calculation (Proximity_Method_B_C): 1.4564 s
    [TIMING] Metrics Calculation: 0.1845 s
    [TIMING] Total Single Evaluation: 6.7993 s

  >>> Starting: Function=sin_sum_3d, Seed=5
    [TIMING] Data Generation: 0.0030 s
    [TIMING] Random Forest Fitting: 0.5197 s
    [TIMING] RF Predicting: 0.0441 s
    [TIMING] Base Aleatoric: 0.0487 s
[TIMING] Random Forest fit/check: 0.00 ms
[TIMING] OOB/In-bag index reconstruction: 227.46 ms
[TIMING] Leaf weights & density precomputation: 61.04 ms
[TIMING] Transfer structures to backend: 0.03 ms
[TIMING] Total fit: 288.53 ms
[TIMING] Test leaf ID extraction: 46.09 ms
[TIMING] Proximity matrix accumulation: 233.52 ms
[TIMING] Neighbor sorting & quantiles: 23.03 ms
[TIMING] Total compute_uq: 302.92 ms
    [TIMING] UQ Calculation (Proximity_Baseline): 0.5916 s
[TIMING] Random Forest fit/check: 0.00 ms
[TIMING] OOB/In-bag index reconstruction: 190.10 ms
[TIMING] Leaf weights & density precomputation: 345.94 ms
[TIMING] Transfer structures to backend: 0.02 ms
[TIMING] Total fit: 536.06 ms
[TIMING] Test leaf ID extraction: 44.94 ms
[TIMING] Proximity matrix accumulation: 716.47 ms
[TIMING] Neighbor sorting & quantiles: 22.44 ms
[TIMING] Total compute_uq: 784.13 ms
    [TIMING] UQ Calculation (Proximity_Method_A): 1.3206 s
[TIMING] Random Forest fit/check: 0.01 ms
[TIMING] OOB/In-bag index reconstruction: 425.85 ms
[TIMING] Leaf weights & density precomputation: 651.87 ms
[TIMING] Transfer structures to backend: 0.02 ms
[TIMING] Total fit: 1077.75 ms
[TIMING] Test leaf ID extraction: 148.45 ms
[TIMING] Proximity matrix accumulation: 901.83 ms
[TIMING] Neighbor sorting & quantiles: 14.13 ms
[TIMING] Total compute_uq: 1064.72 ms
    [TIMING] UQ Calculation (Proximity_Method_B): 2.1438 s
[TIMING] Random Forest fit/check: 0.00 ms
[TIMING] OOB/In-bag index reconstruction: 585.05 ms
[TIMING] Leaf weights & density precomputation: 583.40 ms
[TIMING] Transfer structures to backend: 0.02 ms
[TIMING] Total fit: 1168.48 ms
[TIMING] Test leaf ID extraction: 138.17 ms
[TIMING] Proximity matrix accumulation: 1049.45 ms
[TIMING] Neighbor sorting & quantiles: 35.24 ms
[TIMING] Total compute_uq: 1223.18 ms
[DEBUG DENSITY] mean walked density = 64.1568, min = 54.9915, max = 71.1552
    [TIMING] UQ Calculation (Proximity_Method_C): 2.3934 s
[TIMING] Random Forest fit/check: 0.00 ms
[TIMING] OOB/In-bag index reconstruction: 421.47 ms
[TIMING] Leaf weights & density precomputation: 641.03 ms
[TIMING] Transfer structures to backend: 0.02 ms
[TIMING] Total fit: 1062.53 ms
[TIMING] Test leaf ID extraction: 156.97 ms
[TIMING] Proximity matrix accumulation: 1046.95 ms
[TIMING] Neighbor sorting & quantiles: 24.87 ms
[TIMING] Total compute_uq: 1229.09 ms
[DEBUG DENSITY] mean walked density = 64.1568, min = 54.9915, max = 71.1552
    [TIMING] UQ Calculation (Proximity_Method_B_C): 2.2933 s
    [TIMING] Metrics Calculation: 1.9309 s
    [TIMING] Total Single Evaluation: 11.2897 s

  >>> Starting: Function=gaussian_3d, Seed=5
    [TIMING] Data Generation: 0.0029 s
    [TIMING] Random Forest Fitting: 0.6268 s
    [TIMING] RF Predicting: 0.0548 s
    [TIMING] Base Aleatoric: 0.0589 s
[TIMING] Random Forest fit/check: 0.00 ms
[TIMING] OOB/In-bag index reconstruction: 272.78 ms
[TIMING] Leaf weights & density precomputation: 75.47 ms
[TIMING] Transfer structures to backend: 0.03 ms
[TIMING] Total fit: 348.29 ms
[TIMING] Test leaf ID extraction: 47.36 ms
[TIMING] Proximity matrix accumulation: 233.78 ms
[TIMING] Neighbor sorting & quantiles: 23.08 ms
[TIMING] Total compute_uq: 304.54 ms
    [TIMING] UQ Calculation (Proximity_Baseline): 0.6530 s
[TIMING] Random Forest fit/check: 0.00 ms
[TIMING] OOB/In-bag index reconstruction: 283.63 ms
[TIMING] Leaf weights & density precomputation: 484.18 ms
[TIMING] Transfer structures to backend: 0.02 ms
[TIMING] Total fit: 767.83 ms
[TIMING] Test leaf ID extraction: 57.61 ms
[TIMING] Proximity matrix accumulation: 707.61 ms
[TIMING] Neighbor sorting & quantiles: 22.52 ms
[TIMING] Total compute_uq: 788.02 ms
    [TIMING] UQ Calculation (Proximity_Method_A): 1.5563 s
[TIMING] Random Forest fit/check: 0.00 ms
[TIMING] OOB/In-bag index reconstruction: 284.33 ms
[TIMING] Leaf weights & density precomputation: 466.38 ms
[TIMING] Transfer structures to backend: 0.02 ms
[TIMING] Total fit: 750.73 ms
[TIMING] Test leaf ID extraction: 45.35 ms
[TIMING] Proximity matrix accumulation: 708.88 ms
[TIMING] Neighbor sorting & quantiles: 11.95 ms
[TIMING] Total compute_uq: 766.46 ms
    [TIMING] UQ Calculation (Proximity_Method_B): 1.5183 s
[TIMING] Random Forest fit/check: 0.00 ms
[TIMING] OOB/In-bag index reconstruction: 189.81 ms
[TIMING] Leaf weights & density precomputation: 345.38 ms
[TIMING] Transfer structures to backend: 0.02 ms
[TIMING] Total fit: 535.21 ms
[TIMING] Test leaf ID extraction: 44.88 ms
[TIMING] Proximity matrix accumulation: 876.87 ms
[TIMING] Neighbor sorting & quantiles: 22.50 ms
[TIMING] Total compute_uq: 944.53 ms
[DEBUG DENSITY] mean walked density = 64.1663, min = 55.4572, max = 70.9819
    [TIMING] UQ Calculation (Proximity_Method_C): 1.4810 s
[TIMING] Random Forest fit/check: 0.00 ms
[TIMING] OOB/In-bag index reconstruction: 191.21 ms
[TIMING] Leaf weights & density precomputation: 355.56 ms
[TIMING] Transfer structures to backend: 0.02 ms
[TIMING] Total fit: 546.79 ms
[TIMING] Test leaf ID extraction: 45.68 ms
[TIMING] Proximity matrix accumulation: 878.64 ms
[TIMING] Neighbor sorting & quantiles: 9.82 ms
[TIMING] Total compute_uq: 934.41 ms
[DEBUG DENSITY] mean walked density = 64.1663, min = 55.4572, max = 70.9819
    [TIMING] UQ Calculation (Proximity_Method_B_C): 1.4824 s
    [TIMING] Metrics Calculation: 0.1423 s
    [TIMING] Total Single Evaluation: 7.5771 s

  >>> Starting: Function=sin_exp_cos, Seed=5
    [TIMING] Data Generation: 0.0032 s
    [TIMING] Random Forest Fitting: 0.5493 s
    [TIMING] RF Predicting: 0.0537 s
    [TIMING] Base Aleatoric: 0.0576 s
[TIMING] Random Forest fit/check: 0.00 ms
[TIMING] OOB/In-bag index reconstruction: 201.64 ms
[TIMING] Leaf weights & density precomputation: 70.58 ms
[TIMING] Transfer structures to backend: 0.01 ms
[TIMING] Total fit: 272.23 ms
[TIMING] Test leaf ID extraction: 45.15 ms
[TIMING] Proximity matrix accumulation: 233.80 ms
[TIMING] Neighbor sorting & quantiles: 23.03 ms
[TIMING] Total compute_uq: 302.27 ms
    [TIMING] UQ Calculation (Proximity_Baseline): 0.5747 s
[TIMING] Random Forest fit/check: 0.00 ms
[TIMING] OOB/In-bag index reconstruction: 201.05 ms
[TIMING] Leaf weights & density precomputation: 343.33 ms
[TIMING] Transfer structures to backend: 0.02 ms
[TIMING] Total fit: 544.39 ms
[TIMING] Test leaf ID extraction: 45.68 ms
[TIMING] Proximity matrix accumulation: 707.40 ms
[TIMING] Neighbor sorting & quantiles: 22.33 ms
[TIMING] Total compute_uq: 775.69 ms
    [TIMING] UQ Calculation (Proximity_Method_A): 1.3204 s
[TIMING] Random Forest fit/check: 0.00 ms
[TIMING] OOB/In-bag index reconstruction: 186.47 ms
[TIMING] Leaf weights & density precomputation: 357.91 ms
[TIMING] Transfer structures to backend: 0.01 ms
[TIMING] Total fit: 544.40 ms
[TIMING] Test leaf ID extraction: 45.66 ms
[TIMING] Proximity matrix accumulation: 708.07 ms
[TIMING] Neighbor sorting & quantiles: 9.88 ms
[TIMING] Total compute_uq: 763.86 ms
    [TIMING] UQ Calculation (Proximity_Method_B): 1.3092 s
[TIMING] Random Forest fit/check: 0.00 ms
[TIMING] OOB/In-bag index reconstruction: 188.61 ms
[TIMING] Leaf weights & density precomputation: 357.99 ms
[TIMING] Transfer structures to backend: 0.02 ms
[TIMING] Total fit: 546.61 ms
[TIMING] Test leaf ID extraction: 45.06 ms
[TIMING] Proximity matrix accumulation: 877.05 ms
[TIMING] Neighbor sorting & quantiles: 22.40 ms
[TIMING] Total compute_uq: 944.76 ms
[DEBUG DENSITY] mean walked density = 64.3467, min = 52.0371, max = 73.7015
    [TIMING] UQ Calculation (Proximity_Method_C): 1.4927 s
[TIMING] Random Forest fit/check: 0.00 ms
[TIMING] OOB/In-bag index reconstruction: 187.91 ms
[TIMING] Leaf weights & density precomputation: 344.61 ms
[TIMING] Transfer structures to backend: 0.02 ms
[TIMING] Total fit: 532.54 ms
[TIMING] Test leaf ID extraction: 45.50 ms
[TIMING] Proximity matrix accumulation: 878.91 ms
[TIMING] Neighbor sorting & quantiles: 9.77 ms
[TIMING] Total compute_uq: 934.48 ms
[DEBUG DENSITY] mean walked density = 64.3467, min = 52.0371, max = 73.7015
    [TIMING] UQ Calculation (Proximity_Method_B_C): 1.4682 s
    [TIMING] Metrics Calculation: 0.0898 s
    [TIMING] Total Single Evaluation: 6.9192 s

  >>> Starting: Function=sin_cos_4d, Seed=5
    [TIMING] Data Generation: 0.0049 s
    [TIMING] Random Forest Fitting: 1.0697 s
    [TIMING] RF Predicting: 0.0434 s
    [TIMING] Base Aleatoric: 0.0445 s
[TIMING] Random Forest fit/check: 0.00 ms
[TIMING] OOB/In-bag index reconstruction: 192.29 ms
[TIMING] Leaf weights & density precomputation: 65.67 ms
[TIMING] Transfer structures to backend: 0.02 ms
[TIMING] Total fit: 257.97 ms
[TIMING] Test leaf ID extraction: 36.61 ms
[TIMING] Proximity matrix accumulation: 461.46 ms
[TIMING] Neighbor sorting & quantiles: 39.59 ms
[TIMING] Total compute_uq: 537.91 ms
    [TIMING] UQ Calculation (Proximity_Baseline): 0.7960 s
[TIMING] Random Forest fit/check: 0.00 ms
[TIMING] OOB/In-bag index reconstruction: 177.99 ms
[TIMING] Leaf weights & density precomputation: 414.15 ms
[TIMING] Transfer structures to backend: 0.04 ms
[TIMING] Total fit: 592.18 ms
[TIMING] Test leaf ID extraction: 47.44 ms
[TIMING] Proximity matrix accumulation: 1267.09 ms
[TIMING] Neighbor sorting & quantiles: 38.60 ms
[TIMING] Total compute_uq: 1353.37 ms
    [TIMING] UQ Calculation (Proximity_Method_A): 1.9461 s
[TIMING] Random Forest fit/check: 0.00 ms
[TIMING] OOB/In-bag index reconstruction: 199.11 ms
[TIMING] Leaf weights & density precomputation: 412.64 ms
[TIMING] Transfer structures to backend: 0.02 ms
[TIMING] Total fit: 611.76 ms
[TIMING] Test leaf ID extraction: 45.85 ms
[TIMING] Proximity matrix accumulation: 1269.08 ms
[TIMING] Neighbor sorting & quantiles: 13.87 ms
[TIMING] Total compute_uq: 1329.06 ms
    [TIMING] UQ Calculation (Proximity_Method_B): 1.9419 s
[TIMING] Random Forest fit/check: 0.00 ms
[TIMING] OOB/In-bag index reconstruction: 188.10 ms
[TIMING] Leaf weights & density precomputation: 416.31 ms
[TIMING] Transfer structures to backend: 0.02 ms
[TIMING] Total fit: 604.43 ms
[TIMING] Test leaf ID extraction: 45.57 ms
[TIMING] Proximity matrix accumulation: 1580.45 ms
[TIMING] Neighbor sorting & quantiles: 38.63 ms
[TIMING] Total compute_uq: 1664.92 ms
[DEBUG DENSITY] mean walked density = 62.4249, min = 53.7039, max = 67.4318
    [TIMING] UQ Calculation (Proximity_Method_C): 2.2707 s
[TIMING] Random Forest fit/check: 0.00 ms
[TIMING] OOB/In-bag index reconstruction: 232.81 ms
[TIMING] Leaf weights & density precomputation: 412.59 ms
[TIMING] Transfer structures to backend: 0.02 ms
[TIMING] Total fit: 645.42 ms
[TIMING] Test leaf ID extraction: 45.90 ms
[TIMING] Proximity matrix accumulation: 1581.69 ms
[TIMING] Neighbor sorting & quantiles: 13.52 ms
[TIMING] Total compute_uq: 1641.41 ms
[DEBUG DENSITY] mean walked density = 62.4249, min = 53.7039, max = 67.4318
    [TIMING] UQ Calculation (Proximity_Method_B_C): 2.2881 s
    [TIMING] Metrics Calculation: 0.1219 s
    [TIMING] Total Single Evaluation: 10.5278 s

  >>> Starting: Function=quadratic_4d, Seed=5
    [TIMING] Data Generation: 0.0040 s
    [TIMING] Random Forest Fitting: 0.8032 s
    [TIMING] RF Predicting: 0.0530 s
    [TIMING] Base Aleatoric: 0.0659 s
[TIMING] Random Forest fit/check: 0.00 ms
[TIMING] OOB/In-bag index reconstruction: 194.59 ms
[TIMING] Leaf weights & density precomputation: 67.80 ms
[TIMING] Transfer structures to backend: 0.02 ms
[TIMING] Total fit: 262.40 ms
[TIMING] Test leaf ID extraction: 47.25 ms
[TIMING] Proximity matrix accumulation: 461.39 ms
[TIMING] Neighbor sorting & quantiles: 39.69 ms
[TIMING] Total compute_uq: 548.59 ms
    [TIMING] UQ Calculation (Proximity_Baseline): 0.8112 s
[TIMING] Random Forest fit/check: 0.00 ms
[TIMING] OOB/In-bag index reconstruction: 193.43 ms
[TIMING] Leaf weights & density precomputation: 386.04 ms
[TIMING] Transfer structures to backend: 0.02 ms
[TIMING] Total fit: 579.48 ms
[TIMING] Test leaf ID extraction: 45.61 ms
[TIMING] Proximity matrix accumulation: 1268.27 ms
[TIMING] Neighbor sorting & quantiles: 38.68 ms
[TIMING] Total compute_uq: 1352.83 ms
    [TIMING] UQ Calculation (Proximity_Method_A): 1.9328 s
[TIMING] Random Forest fit/check: 0.00 ms
[TIMING] OOB/In-bag index reconstruction: 194.39 ms
[TIMING] Leaf weights & density precomputation: 385.16 ms
[TIMING] Transfer structures to backend: 0.02 ms
[TIMING] Total fit: 579.57 ms
[TIMING] Test leaf ID extraction: 46.37 ms
[TIMING] Proximity matrix accumulation: 1268.79 ms
[TIMING] Neighbor sorting & quantiles: 13.58 ms
[TIMING] Total compute_uq: 1328.96 ms
    [TIMING] UQ Calculation (Proximity_Method_B): 1.9097 s
[TIMING] Random Forest fit/check: 0.00 ms
[TIMING] OOB/In-bag index reconstruction: 184.34 ms
[TIMING] Leaf weights & density precomputation: 394.25 ms
[TIMING] Transfer structures to backend: 0.02 ms
[TIMING] Total fit: 578.60 ms
[TIMING] Test leaf ID extraction: 46.06 ms
[TIMING] Proximity matrix accumulation: 1580.58 ms
[TIMING] Neighbor sorting & quantiles: 38.63 ms
[TIMING] Total compute_uq: 1665.78 ms
[DEBUG DENSITY] mean walked density = 63.5722, min = 51.9606, max = 70.4121
    [TIMING] UQ Calculation (Proximity_Method_C): 2.2458 s
[TIMING] Random Forest fit/check: 0.00 ms
[TIMING] OOB/In-bag index reconstruction: 187.81 ms
[TIMING] Leaf weights & density precomputation: 380.52 ms
[TIMING] Transfer structures to backend: 0.02 ms
[TIMING] Total fit: 568.35 ms
[TIMING] Test leaf ID extraction: 46.08 ms
[TIMING] Proximity matrix accumulation: 1580.33 ms
[TIMING] Neighbor sorting & quantiles: 13.55 ms
[TIMING] Total compute_uq: 1640.24 ms
[DEBUG DENSITY] mean walked density = 63.5722, min = 51.9606, max = 70.4121
    [TIMING] UQ Calculation (Proximity_Method_B_C): 2.2101 s
    [TIMING] Metrics Calculation: 0.0864 s
    [TIMING] Total Single Evaluation: 10.1223 s

  >>> Starting: Function=sin_sum_4d, Seed=5
    [TIMING] Data Generation: 0.0032 s
    [TIMING] Random Forest Fitting: 0.7385 s
    [TIMING] RF Predicting: 0.0428 s
    [TIMING] Base Aleatoric: 0.0542 s
[TIMING] Random Forest fit/check: 0.00 ms
[TIMING] OOB/In-bag index reconstruction: 192.74 ms
[TIMING] Leaf weights & density precomputation: 66.85 ms
[TIMING] Transfer structures to backend: 0.02 ms
[TIMING] Total fit: 259.60 ms
[TIMING] Test leaf ID extraction: 45.60 ms
[TIMING] Proximity matrix accumulation: 461.56 ms
[TIMING] Neighbor sorting & quantiles: 39.69 ms
[TIMING] Total compute_uq: 547.32 ms
    [TIMING] UQ Calculation (Proximity_Baseline): 0.8071 s
[TIMING] Random Forest fit/check: 0.00 ms
[TIMING] OOB/In-bag index reconstruction: 188.06 ms
[TIMING] Leaf weights & density precomputation: 382.72 ms
[TIMING] Transfer structures to backend: 0.02 ms
[TIMING] Total fit: 570.79 ms
[TIMING] Test leaf ID extraction: 45.70 ms
[TIMING] Proximity matrix accumulation: 1267.16 ms
[TIMING] Neighbor sorting & quantiles: 38.63 ms
[TIMING] Total compute_uq: 1351.76 ms
    [TIMING] UQ Calculation (Proximity_Method_A): 1.9229 s
[TIMING] Random Forest fit/check: 0.00 ms
[TIMING] OOB/In-bag index reconstruction: 185.71 ms
[TIMING] Leaf weights & density precomputation: 408.49 ms
[TIMING] Transfer structures to backend: 0.04 ms
[TIMING] Total fit: 594.25 ms
[TIMING] Test leaf ID extraction: 46.67 ms
[TIMING] Proximity matrix accumulation: 1268.57 ms
[TIMING] Neighbor sorting & quantiles: 13.77 ms
[TIMING] Total compute_uq: 1329.31 ms
    [TIMING] UQ Calculation (Proximity_Method_B): 1.9249 s
[TIMING] Random Forest fit/check: 0.00 ms
[TIMING] OOB/In-bag index reconstruction: 186.66 ms
[TIMING] Leaf weights & density precomputation: 385.46 ms
[TIMING] Transfer structures to backend: 0.02 ms
[TIMING] Total fit: 572.13 ms
[TIMING] Test leaf ID extraction: 45.47 ms
[TIMING] Proximity matrix accumulation: 1580.88 ms
[TIMING] Neighbor sorting & quantiles: 38.68 ms
[TIMING] Total compute_uq: 1665.31 ms
[DEBUG DENSITY] mean walked density = 63.7145, min = 50.2502, max = 72.9806
    [TIMING] UQ Calculation (Proximity_Method_C): 2.2390 s
[TIMING] Random Forest fit/check: 0.00 ms
[TIMING] OOB/In-bag index reconstruction: 182.01 ms
[TIMING] Leaf weights & density precomputation: 401.30 ms
[TIMING] Transfer structures to backend: 0.02 ms
[TIMING] Total fit: 583.33 ms
[TIMING] Test leaf ID extraction: 45.94 ms
[TIMING] Proximity matrix accumulation: 1581.02 ms
[TIMING] Neighbor sorting & quantiles: 13.48 ms
[TIMING] Total compute_uq: 1640.73 ms
[DEBUG DENSITY] mean walked density = 63.7145, min = 50.2502, max = 72.9806
    [TIMING] UQ Calculation (Proximity_Method_B_C): 2.2254 s
    [TIMING] Metrics Calculation: 0.1166 s
    [TIMING] Total Single Evaluation: 10.0751 s

  >>> Starting: Function=sin_cos_5d, Seed=5
    [TIMING] Data Generation: 0.0055 s
    [TIMING] Random Forest Fitting: 1.5095 s
    [TIMING] RF Predicting: 0.0428 s
    [TIMING] Base Aleatoric: 0.0559 s
[TIMING] Random Forest fit/check: 0.00 ms
[TIMING] OOB/In-bag index reconstruction: 228.17 ms
[TIMING] Leaf weights & density precomputation: 72.80 ms
[TIMING] Transfer structures to backend: 0.02 ms
[TIMING] Total fit: 300.99 ms
[TIMING] Test leaf ID extraction: 46.02 ms
[TIMING] Proximity matrix accumulation: 748.09 ms
[TIMING] Neighbor sorting & quantiles: 63.33 ms
[TIMING] Total compute_uq: 857.72 ms
    [TIMING] UQ Calculation (Proximity_Baseline): 1.1589 s
[TIMING] Random Forest fit/check: 0.00 ms
[TIMING] OOB/In-bag index reconstruction: 227.29 ms
[TIMING] Leaf weights & density precomputation: 495.95 ms
[TIMING] Transfer structures to backend: 0.02 ms
[TIMING] Total fit: 723.26 ms
[TIMING] Test leaf ID extraction: 46.62 ms
[TIMING] Proximity matrix accumulation: 1970.61 ms
[TIMING] Neighbor sorting & quantiles: 62.30 ms
[TIMING] Total compute_uq: 2079.86 ms
    [TIMING] UQ Calculation (Proximity_Method_A): 2.8035 s
[TIMING] Random Forest fit/check: 0.00 ms
[TIMING] OOB/In-bag index reconstruction: 221.07 ms
[TIMING] Leaf weights & density precomputation: 498.10 ms
[TIMING] Transfer structures to backend: 0.02 ms
[TIMING] Total fit: 719.20 ms
[TIMING] Test leaf ID extraction: 46.97 ms
[TIMING] Proximity matrix accumulation: 1969.96 ms
[TIMING] Neighbor sorting & quantiles: 18.82 ms
[TIMING] Total compute_uq: 2036.04 ms
    [TIMING] UQ Calculation (Proximity_Method_B): 2.7562 s
[TIMING] Random Forest fit/check: 0.00 ms
[TIMING] OOB/In-bag index reconstruction: 228.10 ms
[TIMING] Leaf weights & density precomputation: 493.36 ms
[TIMING] Transfer structures to backend: 0.02 ms
[TIMING] Total fit: 721.49 ms
[TIMING] Test leaf ID extraction: 45.70 ms
[TIMING] Proximity matrix accumulation: 2466.85 ms
[TIMING] Neighbor sorting & quantiles: 62.59 ms
[TIMING] Total compute_uq: 2575.47 ms
[DEBUG DENSITY] mean walked density = 64.1969, min = 59.0311, max = 71.3910
    [TIMING] UQ Calculation (Proximity_Method_C): 3.2985 s
[TIMING] Random Forest fit/check: 0.00 ms
[TIMING] OOB/In-bag index reconstruction: 223.96 ms
[TIMING] Leaf weights & density precomputation: 495.84 ms
[TIMING] Transfer structures to backend: 0.02 ms
[TIMING] Total fit: 719.82 ms
[TIMING] Test leaf ID extraction: 45.94 ms
[TIMING] Proximity matrix accumulation: 2464.41 ms
[TIMING] Neighbor sorting & quantiles: 18.68 ms
[TIMING] Total compute_uq: 2529.35 ms
[DEBUG DENSITY] mean walked density = 64.1969, min = 59.0311, max = 71.3910
    [TIMING] UQ Calculation (Proximity_Method_B_C): 3.2506 s
    [TIMING] Metrics Calculation: 0.0896 s
    [TIMING] Total Single Evaluation: 14.9714 s

  >>> Starting: Function=quadratic_5d, Seed=5
    [TIMING] Data Generation: 0.0044 s
    [TIMING] Random Forest Fitting: 1.0447 s
    [TIMING] RF Predicting: 0.0424 s
    [TIMING] Base Aleatoric: 0.0564 s
[TIMING] Random Forest fit/check: 0.00 ms
[TIMING] OOB/In-bag index reconstruction: 230.03 ms
[TIMING] Leaf weights & density precomputation: 77.42 ms
[TIMING] Transfer structures to backend: 0.02 ms
[TIMING] Total fit: 307.47 ms
[TIMING] Test leaf ID extraction: 46.09 ms
[TIMING] Proximity matrix accumulation: 748.36 ms
[TIMING] Neighbor sorting & quantiles: 64.01 ms
[TIMING] Total compute_uq: 858.79 ms
    [TIMING] UQ Calculation (Proximity_Baseline): 1.1665 s
[TIMING] Random Forest fit/check: 0.00 ms
[TIMING] OOB/In-bag index reconstruction: 220.36 ms
[TIMING] Leaf weights & density precomputation: 444.32 ms
[TIMING] Transfer structures to backend: 0.02 ms
[TIMING] Total fit: 664.69 ms
[TIMING] Test leaf ID extraction: 45.82 ms
[TIMING] Proximity matrix accumulation: 1968.50 ms
[TIMING] Neighbor sorting & quantiles: 62.33 ms
[TIMING] Total compute_uq: 2076.99 ms
    [TIMING] UQ Calculation (Proximity_Method_A): 2.7421 s
[TIMING] Random Forest fit/check: 0.00 ms
[TIMING] OOB/In-bag index reconstruction: 217.46 ms
[TIMING] Leaf weights & density precomputation: 450.34 ms
[TIMING] Transfer structures to backend: 0.02 ms
[TIMING] Total fit: 667.82 ms
[TIMING] Test leaf ID extraction: 35.60 ms
[TIMING] Proximity matrix accumulation: 1965.32 ms
[TIMING] Neighbor sorting & quantiles: 19.33 ms
[TIMING] Total compute_uq: 2020.55 ms
    [TIMING] UQ Calculation (Proximity_Method_B): 2.6896 s
[TIMING] Random Forest fit/check: 0.00 ms
[TIMING] OOB/In-bag index reconstruction: 229.58 ms
[TIMING] Leaf weights & density precomputation: 447.91 ms
[TIMING] Transfer structures to backend: 0.02 ms
[TIMING] Total fit: 677.51 ms
[TIMING] Test leaf ID extraction: 57.43 ms
[TIMING] Proximity matrix accumulation: 2459.43 ms
[TIMING] Neighbor sorting & quantiles: 62.41 ms
[TIMING] Total compute_uq: 2579.58 ms
[DEBUG DENSITY] mean walked density = 64.4675, min = 53.4305, max = 69.4057
    [TIMING] UQ Calculation (Proximity_Method_C): 3.2584 s
[TIMING] Random Forest fit/check: 0.00 ms
[TIMING] OOB/In-bag index reconstruction: 239.15 ms
[TIMING] Leaf weights & density precomputation: 447.90 ms
[TIMING] Transfer structures to backend: 0.02 ms
[TIMING] Total fit: 687.08 ms
[TIMING] Test leaf ID extraction: 57.60 ms
[TIMING] Proximity matrix accumulation: 2459.34 ms
[TIMING] Neighbor sorting & quantiles: 18.59 ms
[TIMING] Total compute_uq: 2535.88 ms
[DEBUG DENSITY] mean walked density = 64.4675, min = 53.4305, max = 69.4057
    [TIMING] UQ Calculation (Proximity_Method_B_C): 3.2244 s
    [TIMING] Metrics Calculation: 0.1064 s
    [TIMING] Total Single Evaluation: 14.3358 s

  >>> Starting: Function=gaussian_5d, Seed=5
    [TIMING] Data Generation: 0.0047 s
    [TIMING] Random Forest Fitting: 1.1496 s
    [TIMING] RF Predicting: 0.0534 s
    [TIMING] Base Aleatoric: 0.0578 s
[TIMING] Random Forest fit/check: 0.00 ms
[TIMING] OOB/In-bag index reconstruction: 230.94 ms
[TIMING] Leaf weights & density precomputation: 73.39 ms
[TIMING] Transfer structures to backend: 0.02 ms
[TIMING] Total fit: 304.35 ms
[TIMING] Test leaf ID extraction: 47.30 ms
[TIMING] Proximity matrix accumulation: 748.06 ms
[TIMING] Neighbor sorting & quantiles: 63.65 ms
[TIMING] Total compute_uq: 859.29 ms
    [TIMING] UQ Calculation (Proximity_Baseline): 1.1638 s
[TIMING] Random Forest fit/check: 0.00 ms
[TIMING] OOB/In-bag index reconstruction: 230.40 ms
[TIMING] Leaf weights & density precomputation: 450.54 ms
[TIMING] Transfer structures to backend: 0.02 ms
[TIMING] Total fit: 680.95 ms
[TIMING] Test leaf ID extraction: 46.70 ms
[TIMING] Proximity matrix accumulation: 1971.16 ms
[TIMING] Neighbor sorting & quantiles: 62.42 ms
[TIMING] Total compute_uq: 2080.59 ms
    [TIMING] UQ Calculation (Proximity_Method_A): 2.7619 s
[TIMING] Random Forest fit/check: 0.00 ms
[TIMING] OOB/In-bag index reconstruction: 218.01 ms
[TIMING] Leaf weights & density precomputation: 445.57 ms
[TIMING] Transfer structures to backend: 0.02 ms
[TIMING] Total fit: 663.60 ms
[TIMING] Test leaf ID extraction: 35.48 ms
[TIMING] Proximity matrix accumulation: 1969.44 ms
[TIMING] Neighbor sorting & quantiles: 18.69 ms
[TIMING] Total compute_uq: 2023.90 ms
    [TIMING] UQ Calculation (Proximity_Method_B): 2.6886 s
[TIMING] Random Forest fit/check: 0.00 ms
[TIMING] OOB/In-bag index reconstruction: 213.98 ms
[TIMING] Leaf weights & density precomputation: 441.79 ms
[TIMING] Transfer structures to backend: 0.02 ms
[TIMING] Total fit: 655.80 ms
[TIMING] Test leaf ID extraction: 46.04 ms
[TIMING] Proximity matrix accumulation: 2465.69 ms
[TIMING] Neighbor sorting & quantiles: 62.34 ms
[TIMING] Total compute_uq: 2574.39 ms
[DEBUG DENSITY] mean walked density = 63.7327, min = 56.3319, max = 69.9556
    [TIMING] UQ Calculation (Proximity_Method_C): 3.2316 s
[TIMING] Random Forest fit/check: 0.00 ms
[TIMING] OOB/In-bag index reconstruction: 221.46 ms
[TIMING] Leaf weights & density precomputation: 456.74 ms
[TIMING] Transfer structures to backend: 0.02 ms
[TIMING] Total fit: 678.22 ms
[TIMING] Test leaf ID extraction: 46.22 ms
[TIMING] Proximity matrix accumulation: 2464.31 ms
[TIMING] Neighbor sorting & quantiles: 18.77 ms
[TIMING] Total compute_uq: 2529.61 ms
[DEBUG DENSITY] mean walked density = 63.7327, min = 56.3319, max = 69.9556
    [TIMING] UQ Calculation (Proximity_Method_B_C): 3.2094 s
    [TIMING] Metrics Calculation: 0.1005 s
    [TIMING] Total Single Evaluation: 14.4217 s

  >>> Starting: Function=sin_cos_6d, Seed=5
    [TIMING] Data Generation: 0.0079 s
    [TIMING] Random Forest Fitting: 2.1555 s
    [TIMING] RF Predicting: 0.0526 s
    [TIMING] Base Aleatoric: 0.0590 s
[TIMING] Random Forest fit/check: 0.00 ms
[TIMING] OOB/In-bag index reconstruction: 231.34 ms
[TIMING] Leaf weights & density precomputation: 80.30 ms
[TIMING] Transfer structures to backend: 0.02 ms
[TIMING] Total fit: 311.66 ms
[TIMING] Test leaf ID extraction: 46.98 ms
[TIMING] Proximity matrix accumulation: 1098.03 ms
[TIMING] Neighbor sorting & quantiles: 90.52 ms
[TIMING] Total compute_uq: 1235.90 ms
    [TIMING] UQ Calculation (Proximity_Baseline): 1.5477 s
[TIMING] Random Forest fit/check: 0.00 ms
[TIMING] OOB/In-bag index reconstruction: 229.43 ms
[TIMING] Leaf weights & density precomputation: 557.81 ms
[TIMING] Transfer structures to backend: 0.02 ms
[TIMING] Total fit: 787.26 ms
[TIMING] Test leaf ID extraction: 46.69 ms
[TIMING] Proximity matrix accumulation: 2822.31 ms
[TIMING] Neighbor sorting & quantiles: 88.89 ms
[TIMING] Total compute_uq: 2958.22 ms
    [TIMING] UQ Calculation (Proximity_Method_A): 3.7459 s
[TIMING] Random Forest fit/check: 0.00 ms
[TIMING] OOB/In-bag index reconstruction: 224.38 ms
[TIMING] Leaf weights & density precomputation: 554.45 ms
[TIMING] Transfer structures to backend: 0.02 ms
[TIMING] Total fit: 778.86 ms
[TIMING] Test leaf ID extraction: 47.48 ms
[TIMING] Proximity matrix accumulation: 2819.50 ms
[TIMING] Neighbor sorting & quantiles: 25.43 ms
[TIMING] Total compute_uq: 2892.71 ms
    [TIMING] UQ Calculation (Proximity_Method_B): 3.6727 s
[TIMING] Random Forest fit/check: 0.00 ms
[TIMING] OOB/In-bag index reconstruction: 223.23 ms
[TIMING] Leaf weights & density precomputation: 554.49 ms
[TIMING] Transfer structures to backend: 0.02 ms
[TIMING] Total fit: 777.74 ms
[TIMING] Test leaf ID extraction: 47.55 ms
[TIMING] Proximity matrix accumulation: 3526.71 ms
[TIMING] Neighbor sorting & quantiles: 88.83 ms
[TIMING] Total compute_uq: 3663.42 ms
[DEBUG DENSITY] mean walked density = 63.8825, min = 60.0517, max = 67.0515
    [TIMING] UQ Calculation (Proximity_Method_C): 4.4426 s
[TIMING] Random Forest fit/check: 0.00 ms
[TIMING] OOB/In-bag index reconstruction: 224.67 ms
[TIMING] Leaf weights & density precomputation: 558.42 ms
[TIMING] Transfer structures to backend: 0.02 ms
[TIMING] Total fit: 783.11 ms
[TIMING] Test leaf ID extraction: 47.65 ms
[TIMING] Proximity matrix accumulation: 3523.09 ms
[TIMING] Neighbor sorting & quantiles: 25.26 ms
[TIMING] Total compute_uq: 3596.34 ms
[DEBUG DENSITY] mean walked density = 63.8825, min = 60.0517, max = 67.0515
    [TIMING] UQ Calculation (Proximity_Method_B_C): 4.3809 s
    [TIMING] Metrics Calculation: 0.1159 s
    [TIMING] Total Single Evaluation: 20.1813 s

  >>> Starting: Function=quadratic_6d, Seed=5
    [TIMING] Data Generation: 0.0063 s
    [TIMING] Random Forest Fitting: 1.4959 s
    [TIMING] RF Predicting: 0.0427 s
    [TIMING] Base Aleatoric: 0.0685 s
[TIMING] Random Forest fit/check: 0.00 ms
[TIMING] OOB/In-bag index reconstruction: 239.52 ms
[TIMING] Leaf weights & density precomputation: 77.61 ms
[TIMING] Transfer structures to backend: 0.02 ms
[TIMING] Total fit: 317.14 ms
[TIMING] Test leaf ID extraction: 47.42 ms
[TIMING] Proximity matrix accumulation: 1097.32 ms
[TIMING] Neighbor sorting & quantiles: 91.07 ms
[TIMING] Total compute_uq: 1236.14 ms
    [TIMING] UQ Calculation (Proximity_Baseline): 1.5535 s
[TIMING] Random Forest fit/check: 0.00 ms
[TIMING] OOB/In-bag index reconstruction: 223.34 ms
[TIMING] Leaf weights & density precomputation: 511.69 ms
[TIMING] Transfer structures to backend: 0.02 ms
[TIMING] Total fit: 735.05 ms
[TIMING] Test leaf ID extraction: 47.55 ms
[TIMING] Proximity matrix accumulation: 2821.41 ms
[TIMING] Neighbor sorting & quantiles: 88.87 ms
[TIMING] Total compute_uq: 2958.15 ms
    [TIMING] UQ Calculation (Proximity_Method_A): 3.6936 s
[TIMING] Random Forest fit/check: 0.00 ms
[TIMING] OOB/In-bag index reconstruction: 224.76 ms
[TIMING] Leaf weights & density precomputation: 512.22 ms
[TIMING] Transfer structures to backend: 0.02 ms
[TIMING] Total fit: 737.00 ms
[TIMING] Test leaf ID extraction: 47.67 ms
[TIMING] Proximity matrix accumulation: 2818.57 ms
[TIMING] Neighbor sorting & quantiles: 25.49 ms
[TIMING] Total compute_uq: 2892.04 ms
    [TIMING] UQ Calculation (Proximity_Method_B): 3.6301 s
[TIMING] Random Forest fit/check: 0.00 ms
[TIMING] OOB/In-bag index reconstruction: 228.33 ms
[TIMING] Leaf weights & density precomputation: 514.51 ms
[TIMING] Transfer structures to backend: 0.02 ms
[TIMING] Total fit: 742.85 ms
[TIMING] Test leaf ID extraction: 47.32 ms
[TIMING] Proximity matrix accumulation: 3527.01 ms
[TIMING] Neighbor sorting & quantiles: 88.94 ms
[TIMING] Total compute_uq: 3663.60 ms
[DEBUG DENSITY] mean walked density = 64.2355, min = 54.1573, max = 69.1715
    [TIMING] UQ Calculation (Proximity_Method_C): 4.4079 s
[TIMING] Random Forest fit/check: 0.00 ms
[TIMING] OOB/In-bag index reconstruction: 225.61 ms
[TIMING] Leaf weights & density precomputation: 512.36 ms
[TIMING] Transfer structures to backend: 0.02 ms
[TIMING] Total fit: 737.99 ms
[TIMING] Test leaf ID extraction: 47.45 ms
[TIMING] Proximity matrix accumulation: 3533.65 ms
[TIMING] Neighbor sorting & quantiles: 25.92 ms
[TIMING] Total compute_uq: 3607.35 ms
[DEBUG DENSITY] mean walked density = 64.2355, min = 54.1573, max = 69.1715
    [TIMING] UQ Calculation (Proximity_Method_B_C): 4.3468 s
    [TIMING] Metrics Calculation: 2.6219 s
    [TIMING] Total Single Evaluation: 21.8677 s

  >>> Starting: Function=friedman_6d, Seed=5
    [TIMING] Data Generation: 0.0183 s
    [TIMING] Random Forest Fitting: 3.2391 s
    [TIMING] RF Predicting: 0.2606 s
    [TIMING] Base Aleatoric: 0.2004 s
[TIMING] Random Forest fit/check: 0.00 ms
[TIMING] OOB/In-bag index reconstruction: 783.36 ms
[TIMING] Leaf weights & density precomputation: 186.19 ms
[TIMING] Transfer structures to backend: 0.02 ms
[TIMING] Total fit: 969.58 ms
[TIMING] Test leaf ID extraction: 192.68 ms
[TIMING] Proximity matrix accumulation: 1135.79 ms
[TIMING] Neighbor sorting & quantiles: 110.71 ms
[TIMING] Total compute_uq: 1439.67 ms
    [TIMING] UQ Calculation (Proximity_Baseline): 2.4096 s
[TIMING] Random Forest fit/check: 0.00 ms
[TIMING] OOB/In-bag index reconstruction: 241.72 ms
[TIMING] Leaf weights & density precomputation: 498.87 ms
[TIMING] Transfer structures to backend: 0.02 ms
[TIMING] Total fit: 740.61 ms
[TIMING] Test leaf ID extraction: 57.77 ms
[TIMING] Proximity matrix accumulation: 2817.48 ms
[TIMING] Neighbor sorting & quantiles: 88.81 ms
[TIMING] Total compute_uq: 2964.40 ms
    [TIMING] UQ Calculation (Proximity_Method_A): 3.7054 s
[TIMING] Random Forest fit/check: 0.00 ms
[TIMING] OOB/In-bag index reconstruction: 231.03 ms
[TIMING] Leaf weights & density precomputation: 506.31 ms
[TIMING] Transfer structures to backend: 0.02 ms
[TIMING] Total fit: 737.36 ms
[TIMING] Test leaf ID extraction: 46.67 ms
[TIMING] Proximity matrix accumulation: 2815.06 ms
[TIMING] Neighbor sorting & quantiles: 25.63 ms
[TIMING] Total compute_uq: 2887.69 ms
    [TIMING] UQ Calculation (Proximity_Method_B): 3.6261 s
[TIMING] Random Forest fit/check: 0.00 ms
[TIMING] OOB/In-bag index reconstruction: 230.31 ms
[TIMING] Leaf weights & density precomputation: 503.02 ms
[TIMING] Transfer structures to backend: 0.02 ms
[TIMING] Total fit: 733.35 ms
[TIMING] Test leaf ID extraction: 57.79 ms
[TIMING] Proximity matrix accumulation: 3519.62 ms
[TIMING] Neighbor sorting & quantiles: 89.00 ms
[TIMING] Total compute_uq: 3666.71 ms
[DEBUG DENSITY] mean walked density = 64.2607, min = 57.4514, max = 69.0155
    [TIMING] UQ Calculation (Proximity_Method_C): 4.4016 s
[TIMING] Random Forest fit/check: 0.00 ms
[TIMING] OOB/In-bag index reconstruction: 231.12 ms
[TIMING] Leaf weights & density precomputation: 499.60 ms
[TIMING] Transfer structures to backend: 0.02 ms
[TIMING] Total fit: 730.73 ms
[TIMING] Test leaf ID extraction: 46.39 ms
[TIMING] Proximity matrix accumulation: 3521.25 ms
[TIMING] Neighbor sorting & quantiles: 25.74 ms
[TIMING] Total compute_uq: 3593.72 ms
[DEBUG DENSITY] mean walked density = 64.2607, min = 57.4514, max = 69.0155
    [TIMING] UQ Calculation (Proximity_Method_B_C): 4.3258 s
    [TIMING] Metrics Calculation: 0.1285 s
    [TIMING] Total Single Evaluation: 22.3159 s

  >>> Starting: Function=sin_cos_7d, Seed=5
    [TIMING] Data Generation: 0.0104 s
    [TIMING] Random Forest Fitting: 2.4967 s
    [TIMING] RF Predicting: 0.0631 s
    [TIMING] Base Aleatoric: 0.0729 s
[TIMING] Random Forest fit/check: 0.00 ms
[TIMING] OOB/In-bag index reconstruction: 243.09 ms
[TIMING] Leaf weights & density precomputation: 83.62 ms
[TIMING] Transfer structures to backend: 0.02 ms
[TIMING] Total fit: 326.73 ms
[TIMING] Test leaf ID extraction: 58.11 ms
[TIMING] Proximity matrix accumulation: 1517.74 ms
[TIMING] Neighbor sorting & quantiles: 121.71 ms
[TIMING] Total compute_uq: 1697.91 ms
    [TIMING] UQ Calculation (Proximity_Baseline): 2.0248 s
[TIMING] Random Forest fit/check: 0.00 ms
[TIMING] OOB/In-bag index reconstruction: 238.50 ms
[TIMING] Leaf weights & density precomputation: 612.92 ms
[TIMING] Transfer structures to backend: 0.03 ms
[TIMING] Total fit: 851.46 ms
[TIMING] Test leaf ID extraction: 69.60 ms
[TIMING] Proximity matrix accumulation: 3822.41 ms
[TIMING] Neighbor sorting & quantiles: 119.95 ms
[TIMING] Total compute_uq: 4012.32 ms
    [TIMING] UQ Calculation (Proximity_Method_A): 4.8642 s
[TIMING] Random Forest fit/check: 0.00 ms
[TIMING] OOB/In-bag index reconstruction: 244.51 ms
[TIMING] Leaf weights & density precomputation: 612.87 ms
[TIMING] Transfer structures to backend: 0.02 ms
[TIMING] Total fit: 857.39 ms
[TIMING] Test leaf ID extraction: 57.86 ms
[TIMING] Proximity matrix accumulation: 3828.03 ms
[TIMING] Neighbor sorting & quantiles: 33.36 ms
[TIMING] Total compute_uq: 3919.59 ms
    [TIMING] UQ Calculation (Proximity_Method_B): 4.7780 s
[TIMING] Random Forest fit/check: 0.00 ms
[TIMING] OOB/In-bag index reconstruction: 239.28 ms
[TIMING] Leaf weights & density precomputation: 608.63 ms
[TIMING] Transfer structures to backend: 0.02 ms
[TIMING] Total fit: 847.93 ms
[TIMING] Test leaf ID extraction: 57.87 ms
[TIMING] Proximity matrix accumulation: 4771.67 ms
[TIMING] Neighbor sorting & quantiles: 120.10 ms
[TIMING] Total compute_uq: 4950.01 ms
[DEBUG DENSITY] mean walked density = 64.3394, min = 60.9547, max = 67.9918
    [TIMING] UQ Calculation (Proximity_Method_C): 5.7994 s
[TIMING] Random Forest fit/check: 0.00 ms
[TIMING] OOB/In-bag index reconstruction: 245.62 ms
[TIMING] Leaf weights & density precomputation: 616.39 ms
[TIMING] Transfer structures to backend: 0.02 ms
[TIMING] Total fit: 862.03 ms
[TIMING] Test leaf ID extraction: 58.06 ms
[TIMING] Proximity matrix accumulation: 4776.16 ms
[TIMING] Neighbor sorting & quantiles: 33.77 ms
[TIMING] Total compute_uq: 4868.36 ms
[DEBUG DENSITY] mean walked density = 64.3394, min = 60.9547, max = 67.9918
    [TIMING] UQ Calculation (Proximity_Method_B_C): 5.7320 s
    [TIMING] Metrics Calculation: 0.1210 s
    [TIMING] Total Single Evaluation: 25.9634 s

  >>> Starting: Function=quadratic_7d, Seed=5
    [TIMING] Data Generation: 0.0087 s
    [TIMING] Random Forest Fitting: 2.1004 s
    [TIMING] RF Predicting: 0.0534 s
    [TIMING] Base Aleatoric: 0.0724 s
[TIMING] Random Forest fit/check: 0.00 ms
[TIMING] OOB/In-bag index reconstruction: 243.22 ms
[TIMING] Leaf weights & density precomputation: 84.33 ms
[TIMING] Transfer structures to backend: 0.02 ms
[TIMING] Total fit: 327.57 ms
[TIMING] Test leaf ID extraction: 47.22 ms
[TIMING] Proximity matrix accumulation: 1516.99 ms
[TIMING] Neighbor sorting & quantiles: 122.63 ms
[TIMING] Total compute_uq: 1687.21 ms
    [TIMING] UQ Calculation (Proximity_Baseline): 2.0150 s
[TIMING] Random Forest fit/check: 0.00 ms
[TIMING] OOB/In-bag index reconstruction: 234.49 ms
[TIMING] Leaf weights & density precomputation: 588.64 ms
[TIMING] Transfer structures to backend: 0.02 ms
[TIMING] Total fit: 823.15 ms
[TIMING] Test leaf ID extraction: 47.82 ms
[TIMING] Proximity matrix accumulation: 3816.65 ms
[TIMING] Neighbor sorting & quantiles: 119.96 ms
[TIMING] Total compute_uq: 3984.77 ms
    [TIMING] UQ Calculation (Proximity_Method_A): 4.8083 s
[TIMING] Random Forest fit/check: 0.00 ms
[TIMING] OOB/In-bag index reconstruction: 232.65 ms
[TIMING] Leaf weights & density precomputation: 589.81 ms
[TIMING] Transfer structures to backend: 0.02 ms
[TIMING] Total fit: 822.48 ms
[TIMING] Test leaf ID extraction: 47.22 ms
[TIMING] Proximity matrix accumulation: 3823.98 ms
[TIMING] Neighbor sorting & quantiles: 33.43 ms
[TIMING] Total compute_uq: 3904.97 ms
    [TIMING] UQ Calculation (Proximity_Method_B): 4.7285 s
[TIMING] Random Forest fit/check: 0.00 ms
[TIMING] OOB/In-bag index reconstruction: 232.90 ms
[TIMING] Leaf weights & density precomputation: 589.03 ms
[TIMING] Transfer structures to backend: 0.02 ms
[TIMING] Total fit: 821.96 ms
[TIMING] Test leaf ID extraction: 48.07 ms
[TIMING] Proximity matrix accumulation: 4767.15 ms
[TIMING] Neighbor sorting & quantiles: 120.12 ms
[TIMING] Total compute_uq: 4935.73 ms
[DEBUG DENSITY] mean walked density = 63.6619, min = 53.8105, max = 68.6190
    [TIMING] UQ Calculation (Proximity_Method_C): 5.7592 s
[TIMING] Random Forest fit/check: 0.00 ms
[TIMING] OOB/In-bag index reconstruction: 546.21 ms
[TIMING] Leaf weights & density precomputation: 1579.07 ms
[TIMING] Transfer structures to backend: 0.02 ms
[TIMING] Total fit: 2125.30 ms
[TIMING] Test leaf ID extraction: 230.63 ms
[TIMING] Proximity matrix accumulation: 4797.65 ms
[TIMING] Neighbor sorting & quantiles: 47.09 ms
[TIMING] Total compute_uq: 5075.88 ms
[DEBUG DENSITY] mean walked density = 63.6619, min = 53.8105, max = 68.6190
    [TIMING] UQ Calculation (Proximity_Method_B_C): 7.2160 s
    [TIMING] Metrics Calculation: 0.1661 s
    [TIMING] Total Single Evaluation: 26.9286 s

  >>> Starting: Function=interaction_7d, Seed=5
    [TIMING] Data Generation: 0.0121 s
    [TIMING] Random Forest Fitting: 2.0514 s
    [TIMING] RF Predicting: 0.0426 s
    [TIMING] Base Aleatoric: 0.0725 s
[TIMING] Random Forest fit/check: 0.00 ms
[TIMING] OOB/In-bag index reconstruction: 242.15 ms
[TIMING] Leaf weights & density precomputation: 83.78 ms
[TIMING] Transfer structures to backend: 0.02 ms
[TIMING] Total fit: 325.95 ms
[TIMING] Test leaf ID extraction: 58.28 ms
[TIMING] Proximity matrix accumulation: 1517.32 ms
[TIMING] Neighbor sorting & quantiles: 122.64 ms
[TIMING] Total compute_uq: 1698.59 ms
    [TIMING] UQ Calculation (Proximity_Baseline): 2.0248 s
[TIMING] Random Forest fit/check: 0.00 ms
[TIMING] OOB/In-bag index reconstruction: 242.45 ms
[TIMING] Leaf weights & density precomputation: 609.54 ms
[TIMING] Transfer structures to backend: 0.01 ms
[TIMING] Total fit: 852.01 ms
[TIMING] Test leaf ID extraction: 46.35 ms
[TIMING] Proximity matrix accumulation: 3820.72 ms
[TIMING] Neighbor sorting & quantiles: 120.11 ms
[TIMING] Total compute_uq: 3987.53 ms
    [TIMING] UQ Calculation (Proximity_Method_A): 4.8399 s
[TIMING] Random Forest fit/check: 0.00 ms
[TIMING] OOB/In-bag index reconstruction: 231.06 ms
[TIMING] Leaf weights & density precomputation: 580.44 ms
[TIMING] Transfer structures to backend: 0.01 ms
[TIMING] Total fit: 811.52 ms
[TIMING] Test leaf ID extraction: 48.16 ms
[TIMING] Proximity matrix accumulation: 3824.81 ms
[TIMING] Neighbor sorting & quantiles: 33.57 ms
[TIMING] Total compute_uq: 3906.86 ms
    [TIMING] UQ Calculation (Proximity_Method_B): 4.7197 s
[TIMING] Random Forest fit/check: 0.00 ms
[TIMING] OOB/In-bag index reconstruction: 227.23 ms
[TIMING] Leaf weights & density precomputation: 575.68 ms
[TIMING] Transfer structures to backend: 0.02 ms
[TIMING] Total fit: 802.93 ms
[TIMING] Test leaf ID extraction: 48.03 ms
[TIMING] Proximity matrix accumulation: 4769.84 ms
[TIMING] Neighbor sorting & quantiles: 120.00 ms
[TIMING] Total compute_uq: 4938.24 ms
[DEBUG DENSITY] mean walked density = 63.8191, min = 56.1642, max = 68.8788
    [TIMING] UQ Calculation (Proximity_Method_C): 5.7426 s
[TIMING] Random Forest fit/check: 0.00 ms
[TIMING] OOB/In-bag index reconstruction: 238.67 ms
[TIMING] Leaf weights & density precomputation: 572.67 ms
[TIMING] Transfer structures to backend: 0.04 ms
[TIMING] Total fit: 811.38 ms
[TIMING] Test leaf ID extraction: 59.02 ms
[TIMING] Proximity matrix accumulation: 4778.01 ms
[TIMING] Neighbor sorting & quantiles: 33.88 ms
[TIMING] Total compute_uq: 4871.28 ms
[DEBUG DENSITY] mean walked density = 63.8191, min = 56.1642, max = 68.8788
    [TIMING] UQ Calculation (Proximity_Method_B_C): 5.6843 s
    [TIMING] Metrics Calculation: 0.1066 s
    [TIMING] Total Single Evaluation: 25.2970 s

  >>> Starting: Function=sin_cos_8d, Seed=5
    [TIMING] Data Generation: 0.0134 s
    [TIMING] Random Forest Fitting: 3.4564 s
    [TIMING] RF Predicting: 0.0531 s
    [TIMING] Base Aleatoric: 0.0860 s
[TIMING] Random Forest fit/check: 0.00 ms
[TIMING] OOB/In-bag index reconstruction: 256.40 ms
[TIMING] Leaf weights & density precomputation: 89.40 ms
[TIMING] Transfer structures to backend: 0.02 ms
[TIMING] Total fit: 345.81 ms
[TIMING] Test leaf ID extraction: 59.17 ms
[TIMING] Proximity matrix accumulation: 1995.12 ms
[TIMING] Neighbor sorting & quantiles: 158.15 ms
[TIMING] Total compute_uq: 2212.83 ms
    [TIMING] UQ Calculation (Proximity_Baseline): 2.5588 s
[TIMING] Random Forest fit/check: 0.00 ms
[TIMING] OOB/In-bag index reconstruction: 250.32 ms
[TIMING] Leaf weights & density precomputation: 691.21 ms
[TIMING] Transfer structures to backend: 0.02 ms
[TIMING] Total fit: 941.55 ms
[TIMING] Test leaf ID extraction: 59.61 ms
[TIMING] Proximity matrix accumulation: 4974.03 ms
[TIMING] Neighbor sorting & quantiles: 155.87 ms
[TIMING] Total compute_uq: 5189.91 ms
    [TIMING] UQ Calculation (Proximity_Method_A): 6.1319 s
[TIMING] Random Forest fit/check: 0.00 ms
[TIMING] OOB/In-bag index reconstruction: 255.14 ms
[TIMING] Leaf weights & density precomputation: 694.68 ms
[TIMING] Transfer structures to backend: 0.02 ms
[TIMING] Total fit: 949.84 ms
[TIMING] Test leaf ID extraction: 60.49 ms
[TIMING] Proximity matrix accumulation: 4975.56 ms
[TIMING] Neighbor sorting & quantiles: 42.13 ms
[TIMING] Total compute_uq: 5078.51 ms
    [TIMING] UQ Calculation (Proximity_Method_B): 6.0295 s
[TIMING] Random Forest fit/check: 0.00 ms
[TIMING] OOB/In-bag index reconstruction: 242.03 ms
[TIMING] Leaf weights & density precomputation: 690.68 ms
[TIMING] Transfer structures to backend: 0.04 ms
[TIMING] Total fit: 932.74 ms
[TIMING] Test leaf ID extraction: 71.31 ms
[TIMING] Proximity matrix accumulation: 6248.22 ms
[TIMING] Neighbor sorting & quantiles: 155.97 ms
[TIMING] Total compute_uq: 6493.96 ms
[DEBUG DENSITY] mean walked density = 64.4126, min = 61.6016, max = 67.8350
    [TIMING] UQ Calculation (Proximity_Method_C): 7.4285 s
[TIMING] Random Forest fit/check: 0.00 ms
[TIMING] OOB/In-bag index reconstruction: 996.47 ms
[TIMING] Leaf weights & density precomputation: 1243.01 ms
[TIMING] Transfer structures to backend: 0.02 ms
[TIMING] Total fit: 2239.50 ms
[TIMING] Test leaf ID extraction: 61.13 ms
[TIMING] Proximity matrix accumulation: 6205.69 ms
[TIMING] Neighbor sorting & quantiles: 43.20 ms
[TIMING] Total compute_uq: 6310.47 ms
[DEBUG DENSITY] mean walked density = 64.4126, min = 61.6016, max = 67.8350
    [TIMING] UQ Calculation (Proximity_Method_B_C): 8.5521 s
    [TIMING] Metrics Calculation: 0.2249 s
    [TIMING] Total Single Evaluation: 34.5354 s

  >>> Starting: Function=quadratic_8d, Seed=5
    [TIMING] Data Generation: 0.0148 s
    [TIMING] Random Forest Fitting: 2.7931 s
    [TIMING] RF Predicting: 0.0529 s
    [TIMING] Base Aleatoric: 0.0757 s
[TIMING] Random Forest fit/check: 0.00 ms
[TIMING] OOB/In-bag index reconstruction: 245.97 ms
[TIMING] Leaf weights & density precomputation: 131.98 ms
[TIMING] Transfer structures to backend: 0.02 ms
[TIMING] Total fit: 377.97 ms
[TIMING] Test leaf ID extraction: 61.88 ms
[TIMING] Proximity matrix accumulation: 1995.88 ms
[TIMING] Neighbor sorting & quantiles: 160.55 ms
[TIMING] Total compute_uq: 2218.91 ms
    [TIMING] UQ Calculation (Proximity_Baseline): 2.5971 s
[TIMING] Random Forest fit/check: 0.00 ms
[TIMING] OOB/In-bag index reconstruction: 391.87 ms
[TIMING] Leaf weights & density precomputation: 775.92 ms
[TIMING] Transfer structures to backend: 0.02 ms
[TIMING] Total fit: 1167.81 ms
[TIMING] Test leaf ID extraction: 60.36 ms
[TIMING] Proximity matrix accumulation: 4973.19 ms
[TIMING] Neighbor sorting & quantiles: 156.32 ms
[TIMING] Total compute_uq: 5190.31 ms
    [TIMING] UQ Calculation (Proximity_Method_A): 6.3586 s
[TIMING] Random Forest fit/check: 0.00 ms
[TIMING] OOB/In-bag index reconstruction: 248.32 ms
[TIMING] Leaf weights & density precomputation: 651.89 ms
[TIMING] Transfer structures to backend: 0.01 ms
[TIMING] Total fit: 900.22 ms
[TIMING] Test leaf ID extraction: 70.04 ms
[TIMING] Proximity matrix accumulation: 4972.61 ms
[TIMING] Neighbor sorting & quantiles: 43.02 ms
[TIMING] Total compute_uq: 5086.04 ms
    [TIMING] UQ Calculation (Proximity_Method_B): 5.9875 s
[TIMING] Random Forest fit/check: 0.00 ms
[TIMING] OOB/In-bag index reconstruction: 238.71 ms
[TIMING] Leaf weights & density precomputation: 644.30 ms
[TIMING] Transfer structures to backend: 0.02 ms
[TIMING] Total fit: 883.03 ms
[TIMING] Test leaf ID extraction: 59.34 ms
[TIMING] Proximity matrix accumulation: 6211.79 ms
[TIMING] Neighbor sorting & quantiles: 156.12 ms
[TIMING] Total compute_uq: 6427.66 ms
[DEBUG DENSITY] mean walked density = 63.7946, min = 56.0040, max = 67.9785
    [TIMING] UQ Calculation (Proximity_Method_C): 7.3121 s
[TIMING] Random Forest fit/check: 0.00 ms
[TIMING] OOB/In-bag index reconstruction: 244.15 ms
[TIMING] Leaf weights & density precomputation: 639.40 ms
[TIMING] Transfer structures to backend: 0.02 ms
[TIMING] Total fit: 883.57 ms
[TIMING] Test leaf ID extraction: 59.36 ms
[TIMING] Proximity matrix accumulation: 6203.91 ms
[TIMING] Neighbor sorting & quantiles: 42.26 ms
[TIMING] Total compute_uq: 6305.93 ms
[DEBUG DENSITY] mean walked density = 63.7946, min = 56.0040, max = 67.9785
    [TIMING] UQ Calculation (Proximity_Method_B_C): 7.1911 s
    [TIMING] Metrics Calculation: 0.1887 s
    [TIMING] Total Single Evaluation: 32.5723 s

  >>> Starting: Function=exp_sum_8d, Seed=5
    [TIMING] Data Generation: 0.0156 s
    [TIMING] Random Forest Fitting: 2.8978 s
    [TIMING] RF Predicting: 0.0530 s
    [TIMING] Base Aleatoric: 0.0835 s
[TIMING] Random Forest fit/check: 0.00 ms
[TIMING] OOB/In-bag index reconstruction: 296.42 ms
[TIMING] Leaf weights & density precomputation: 97.71 ms
[TIMING] Transfer structures to backend: 0.02 ms
[TIMING] Total fit: 394.15 ms
[TIMING] Test leaf ID extraction: 59.05 ms
[TIMING] Proximity matrix accumulation: 1995.61 ms
[TIMING] Neighbor sorting & quantiles: 158.79 ms
[TIMING] Total compute_uq: 2213.82 ms
    [TIMING] UQ Calculation (Proximity_Baseline): 2.6082 s
[TIMING] Random Forest fit/check: 0.00 ms
[TIMING] OOB/In-bag index reconstruction: 244.43 ms
[TIMING] Leaf weights & density precomputation: 645.05 ms
[TIMING] Transfer structures to backend: 0.02 ms
[TIMING] Total fit: 889.51 ms
[TIMING] Test leaf ID extraction: 59.78 ms
[TIMING] Proximity matrix accumulation: 4980.34 ms
[TIMING] Neighbor sorting & quantiles: 155.74 ms
[TIMING] Total compute_uq: 5196.25 ms
    [TIMING] UQ Calculation (Proximity_Method_A): 6.0862 s
[TIMING] Random Forest fit/check: 0.00 ms
[TIMING] OOB/In-bag index reconstruction: 263.81 ms
[TIMING] Leaf weights & density precomputation: 685.71 ms
[TIMING] Transfer structures to backend: 0.02 ms
[TIMING] Total fit: 949.53 ms
[TIMING] Test leaf ID extraction: 60.46 ms
[TIMING] Proximity matrix accumulation: 4980.96 ms
[TIMING] Neighbor sorting & quantiles: 42.56 ms
[TIMING] Total compute_uq: 5084.34 ms
    [TIMING] UQ Calculation (Proximity_Method_B): 6.0349 s
[TIMING] Random Forest fit/check: 0.00 ms
[TIMING] OOB/In-bag index reconstruction: 245.45 ms
[TIMING] Leaf weights & density precomputation: 651.16 ms
[TIMING] Transfer structures to backend: 0.02 ms
[TIMING] Total fit: 896.63 ms
[TIMING] Test leaf ID extraction: 59.05 ms
[TIMING] Proximity matrix accumulation: 6217.72 ms
[TIMING] Neighbor sorting & quantiles: 155.78 ms
[TIMING] Total compute_uq: 6432.94 ms
[DEBUG DENSITY] mean walked density = 63.9879, min = 59.8814, max = 69.8191
    [TIMING] UQ Calculation (Proximity_Method_C): 7.3311 s
[TIMING] Random Forest fit/check: 0.00 ms
[TIMING] OOB/In-bag index reconstruction: 254.36 ms
[TIMING] Leaf weights & density precomputation: 658.99 ms
[TIMING] Transfer structures to backend: 0.02 ms
[TIMING] Total fit: 913.37 ms
[TIMING] Test leaf ID extraction: 69.82 ms
[TIMING] Proximity matrix accumulation: 6211.18 ms
[TIMING] Neighbor sorting & quantiles: 42.30 ms
[TIMING] Total compute_uq: 6323.70 ms
[DEBUG DENSITY] mean walked density = 63.9879, min = 59.8814, max = 69.8191
    [TIMING] UQ Calculation (Proximity_Method_B_C): 7.2386 s
    [TIMING] Metrics Calculation: 0.1541 s
    [TIMING] Total Single Evaluation: 32.5036 s

  >>> Starting: Function=sin_cos_9d, Seed=5
    [TIMING] Data Generation: 0.0224 s
    [TIMING] Random Forest Fitting: 5.1375 s
    [TIMING] RF Predicting: 0.0639 s
    [TIMING] Base Aleatoric: 0.0881 s
[TIMING] Random Forest fit/check: 0.00 ms
[TIMING] OOB/In-bag index reconstruction: 328.35 ms
[TIMING] Leaf weights & density precomputation: 96.35 ms
[TIMING] Transfer structures to backend: 0.02 ms
[TIMING] Total fit: 424.72 ms
[TIMING] Test leaf ID extraction: 69.43 ms
[TIMING] Proximity matrix accumulation: 2575.53 ms
[TIMING] Neighbor sorting & quantiles: 258.44 ms
[TIMING] Total compute_uq: 2903.83 ms
    [TIMING] UQ Calculation (Proximity_Baseline): 3.3287 s
[TIMING] Random Forest fit/check: 0.00 ms
[TIMING] OOB/In-bag index reconstruction: 1007.63 ms
[TIMING] Leaf weights & density precomputation: 1667.19 ms
[TIMING] Transfer structures to backend: 0.02 ms
[TIMING] Total fit: 2674.84 ms
[TIMING] Test leaf ID extraction: 296.07 ms
[TIMING] Proximity matrix accumulation: 6397.61 ms
[TIMING] Neighbor sorting & quantiles: 266.95 ms
[TIMING] Total compute_uq: 6961.14 ms
    [TIMING] UQ Calculation (Proximity_Method_A): 9.6365 s
[TIMING] Random Forest fit/check: 0.00 ms
[TIMING] OOB/In-bag index reconstruction: 596.24 ms
[TIMING] Leaf weights & density precomputation: 1267.37 ms
[TIMING] Transfer structures to backend: 0.03 ms
[TIMING] Total fit: 1863.64 ms
[TIMING] Test leaf ID extraction: 259.83 ms
[TIMING] Proximity matrix accumulation: 6322.23 ms
[TIMING] Neighbor sorting & quantiles: 53.09 ms
[TIMING] Total compute_uq: 6635.59 ms
    [TIMING] UQ Calculation (Proximity_Method_B): 8.5009 s
[TIMING] Random Forest fit/check: 0.00 ms
[TIMING] OOB/In-bag index reconstruction: 337.53 ms
[TIMING] Leaf weights & density precomputation: 805.43 ms
[TIMING] Transfer structures to backend: 0.02 ms
[TIMING] Total fit: 1142.98 ms
[TIMING] Test leaf ID extraction: 68.77 ms
[TIMING] Proximity matrix accumulation: 7844.49 ms
[TIMING] Neighbor sorting & quantiles: 206.89 ms
[TIMING] Total compute_uq: 8120.64 ms
[DEBUG DENSITY] mean walked density = 64.4190, min = 60.1780, max = 67.9049
    [TIMING] UQ Calculation (Proximity_Method_C): 9.2653 s
[TIMING] Random Forest fit/check: 0.00 ms
[TIMING] OOB/In-bag index reconstruction: 334.45 ms
[TIMING] Leaf weights & density precomputation: 910.83 ms
[TIMING] Transfer structures to backend: 0.02 ms
[TIMING] Total fit: 1245.30 ms
[TIMING] Test leaf ID extraction: 68.42 ms
[TIMING] Proximity matrix accumulation: 7863.89 ms
[TIMING] Neighbor sorting & quantiles: 52.75 ms
[TIMING] Total compute_uq: 7985.53 ms
[DEBUG DENSITY] mean walked density = 64.4190, min = 60.1780, max = 67.9049
    [TIMING] UQ Calculation (Proximity_Method_B_C): 9.2324 s
    [TIMING] Metrics Calculation: 0.1962 s
    [TIMING] Total Single Evaluation: 45.4726 s

  >>> Starting: Function=quadratic_9d, Seed=5
    [TIMING] Data Generation: 0.0182 s
    [TIMING] Random Forest Fitting: 3.4923 s
    [TIMING] RF Predicting: 0.0532 s
    [TIMING] Base Aleatoric: 0.0884 s
[TIMING] Random Forest fit/check: 0.00 ms
[TIMING] OOB/In-bag index reconstruction: 329.93 ms
[TIMING] Leaf weights & density precomputation: 96.54 ms
[TIMING] Transfer structures to backend: 0.02 ms
[TIMING] Total fit: 426.49 ms
[TIMING] Test leaf ID extraction: 69.06 ms
[TIMING] Proximity matrix accumulation: 2524.70 ms
[TIMING] Neighbor sorting & quantiles: 211.73 ms
[TIMING] Total compute_uq: 2805.86 ms
    [TIMING] UQ Calculation (Proximity_Baseline): 3.2326 s
[TIMING] Random Forest fit/check: 0.00 ms
[TIMING] OOB/In-bag index reconstruction: 327.38 ms
[TIMING] Leaf weights & density precomputation: 710.88 ms
[TIMING] Transfer structures to backend: 0.02 ms
[TIMING] Total fit: 1038.28 ms
[TIMING] Test leaf ID extraction: 69.73 ms
[TIMING] Proximity matrix accumulation: 6306.58 ms
[TIMING] Neighbor sorting & quantiles: 206.58 ms
[TIMING] Total compute_uq: 6583.27 ms
    [TIMING] UQ Calculation (Proximity_Method_A): 7.6220 s
[TIMING] Random Forest fit/check: 0.00 ms
[TIMING] OOB/In-bag index reconstruction: 324.32 ms
[TIMING] Leaf weights & density precomputation: 723.91 ms
[TIMING] Transfer structures to backend: 0.02 ms
[TIMING] Total fit: 1048.25 ms
[TIMING] Test leaf ID extraction: 59.71 ms
[TIMING] Proximity matrix accumulation: 6301.18 ms
[TIMING] Neighbor sorting & quantiles: 52.50 ms
[TIMING] Total compute_uq: 6413.83 ms
    [TIMING] UQ Calculation (Proximity_Method_B): 7.4631 s
[TIMING] Random Forest fit/check: 0.00 ms
[TIMING] OOB/In-bag index reconstruction: 321.64 ms
[TIMING] Leaf weights & density precomputation: 704.09 ms
[TIMING] Transfer structures to backend: 0.02 ms
[TIMING] Total fit: 1025.75 ms
[TIMING] Test leaf ID extraction: 58.48 ms
[TIMING] Proximity matrix accumulation: 7852.69 ms
[TIMING] Neighbor sorting & quantiles: 207.01 ms
[TIMING] Total compute_uq: 8118.69 ms
[DEBUG DENSITY] mean walked density = 63.8749, min = 57.9040, max = 68.0521
    [TIMING] UQ Calculation (Proximity_Method_C): 9.1460 s
[TIMING] Random Forest fit/check: 0.00 ms
[TIMING] OOB/In-bag index reconstruction: 329.31 ms
[TIMING] Leaf weights & density precomputation: 719.71 ms
[TIMING] Transfer structures to backend: 0.02 ms
[TIMING] Total fit: 1049.04 ms
[TIMING] Test leaf ID extraction: 60.90 ms
[TIMING] Proximity matrix accumulation: 7858.59 ms
[TIMING] Neighbor sorting & quantiles: 53.17 ms
[TIMING] Total compute_uq: 7973.16 ms
[DEBUG DENSITY] mean walked density = 63.8749, min = 57.9040, max = 68.0521
    [TIMING] UQ Calculation (Proximity_Method_B_C): 9.0242 s
    [TIMING] Metrics Calculation: 0.1917 s
    [TIMING] Total Single Evaluation: 40.3323 s

  >>> Starting: Function=multi_modal_9d, Seed=5
    [TIMING] Data Generation: 0.0223 s
    [TIMING] Random Forest Fitting: 4.3936 s
    [TIMING] RF Predicting: 0.0631 s
    [TIMING] Base Aleatoric: 0.0881 s
[TIMING] Random Forest fit/check: 0.00 ms
[TIMING] OOB/In-bag index reconstruction: 325.13 ms
[TIMING] Leaf weights & density precomputation: 95.27 ms
[TIMING] Transfer structures to backend: 0.02 ms
[TIMING] Total fit: 420.42 ms
[TIMING] Test leaf ID extraction: 68.85 ms
[TIMING] Proximity matrix accumulation: 2525.18 ms
[TIMING] Neighbor sorting & quantiles: 211.48 ms
[TIMING] Total compute_uq: 2805.90 ms
    [TIMING] UQ Calculation (Proximity_Baseline): 3.2265 s
[TIMING] Random Forest fit/check: 0.00 ms
[TIMING] OOB/In-bag index reconstruction: 321.77 ms
[TIMING] Leaf weights & density precomputation: 740.07 ms
[TIMING] Transfer structures to backend: 0.02 ms
[TIMING] Total fit: 1061.86 ms
[TIMING] Test leaf ID extraction: 69.18 ms
[TIMING] Proximity matrix accumulation: 6316.14 ms
[TIMING] Neighbor sorting & quantiles: 206.90 ms
[TIMING] Total compute_uq: 6592.65 ms
    [TIMING] UQ Calculation (Proximity_Method_A): 7.6549 s
[TIMING] Random Forest fit/check: 0.00 ms
[TIMING] OOB/In-bag index reconstruction: 329.02 ms
[TIMING] Leaf weights & density precomputation: 740.40 ms
[TIMING] Transfer structures to backend: 0.02 ms
[TIMING] Total fit: 1069.44 ms
[TIMING] Test leaf ID extraction: 68.44 ms
[TIMING] Proximity matrix accumulation: 6310.32 ms
[TIMING] Neighbor sorting & quantiles: 52.94 ms
[TIMING] Total compute_uq: 6432.10 ms
    [TIMING] UQ Calculation (Proximity_Method_B): 7.5026 s
[TIMING] Random Forest fit/check: 0.00 ms
[TIMING] OOB/In-bag index reconstruction: 377.66 ms
[TIMING] Leaf weights & density precomputation: 784.17 ms
[TIMING] Transfer structures to backend: 0.04 ms
[TIMING] Total fit: 1161.88 ms
[TIMING] Test leaf ID extraction: 69.15 ms
[TIMING] Proximity matrix accumulation: 7864.81 ms
[TIMING] Neighbor sorting & quantiles: 207.09 ms
[TIMING] Total compute_uq: 8141.58 ms
[DEBUG DENSITY] mean walked density = 64.6719, min = 59.8311, max = 69.4153
    [TIMING] UQ Calculation (Proximity_Method_C): 9.3052 s
[TIMING] Random Forest fit/check: 0.00 ms
[TIMING] OOB/In-bag index reconstruction: 326.13 ms
[TIMING] Leaf weights & density precomputation: 727.01 ms
[TIMING] Transfer structures to backend: 0.02 ms
[TIMING] Total fit: 1053.17 ms
[TIMING] Test leaf ID extraction: 69.97 ms
[TIMING] Proximity matrix accumulation: 7869.13 ms
[TIMING] Neighbor sorting & quantiles: 52.00 ms
[TIMING] Total compute_uq: 7991.54 ms
[DEBUG DENSITY] mean walked density = 64.6719, min = 59.8311, max = 69.4153
    [TIMING] UQ Calculation (Proximity_Method_B_C): 9.0463 s
    [TIMING] Metrics Calculation: 0.2317 s
    [TIMING] Total Single Evaluation: 41.5350 s

  >>> Starting: Function=sin_cos_10d, Seed=5
    [TIMING] Data Generation: 0.0271 s
    [TIMING] Random Forest Fitting: 6.7422 s
    [TIMING] RF Predicting: 0.3329 s
    [TIMING] Base Aleatoric: 0.2726 s
[TIMING] Random Forest fit/check: 0.00 ms
[TIMING] OOB/In-bag index reconstruction: 593.58 ms
[TIMING] Leaf weights & density precomputation: 116.14 ms
[TIMING] Transfer structures to backend: 0.02 ms
[TIMING] Total fit: 709.74 ms
[TIMING] Test leaf ID extraction: 79.86 ms
[TIMING] Proximity matrix accumulation: 3138.93 ms
[TIMING] Neighbor sorting & quantiles: 258.40 ms
[TIMING] Total compute_uq: 3478.37 ms
    [TIMING] UQ Calculation (Proximity_Baseline): 4.1885 s
[TIMING] Random Forest fit/check: 0.00 ms
[TIMING] OOB/In-bag index reconstruction: 344.15 ms
[TIMING] Leaf weights & density precomputation: 1229.35 ms
[TIMING] Transfer structures to backend: 0.02 ms
[TIMING] Total fit: 1573.53 ms
[TIMING] Test leaf ID extraction: 79.44 ms
[TIMING] Proximity matrix accumulation: 7782.24 ms
[TIMING] Neighbor sorting & quantiles: 254.94 ms
[TIMING] Total compute_uq: 8117.13 ms
    [TIMING] UQ Calculation (Proximity_Method_A): 9.6912 s
[TIMING] Random Forest fit/check: 0.00 ms
[TIMING] OOB/In-bag index reconstruction: 344.47 ms
[TIMING] Leaf weights & density precomputation: 858.40 ms
[TIMING] Transfer structures to backend: 0.02 ms
[TIMING] Total fit: 1202.89 ms
[TIMING] Test leaf ID extraction: 79.62 ms
[TIMING] Proximity matrix accumulation: 7788.95 ms
[TIMING] Neighbor sorting & quantiles: 62.66 ms
[TIMING] Total compute_uq: 7931.72 ms
    [TIMING] UQ Calculation (Proximity_Method_B): 9.1360 s
[TIMING] Random Forest fit/check: 0.00 ms
[TIMING] OOB/In-bag index reconstruction: 328.13 ms
[TIMING] Leaf weights & density precomputation: 824.92 ms
[TIMING] Transfer structures to backend: 0.02 ms
[TIMING] Total fit: 1153.07 ms
[TIMING] Test leaf ID extraction: 79.64 ms
[TIMING] Proximity matrix accumulation: 9668.96 ms
[TIMING] Neighbor sorting & quantiles: 296.65 ms
[TIMING] Total compute_uq: 10045.77 ms
[DEBUG DENSITY] mean walked density = 64.0449, min = 58.8410, max = 67.9119
    [TIMING] UQ Calculation (Proximity_Method_C): 11.2004 s
[TIMING] Random Forest fit/check: 0.00 ms
[TIMING] OOB/In-bag index reconstruction: 339.44 ms
[TIMING] Leaf weights & density precomputation: 861.85 ms
[TIMING] Transfer structures to backend: 0.04 ms
[TIMING] Total fit: 1201.33 ms
[TIMING] Test leaf ID extraction: 80.02 ms
[TIMING] Proximity matrix accumulation: 9677.84 ms
[TIMING] Neighbor sorting & quantiles: 63.64 ms
[TIMING] Total compute_uq: 9821.99 ms
[DEBUG DENSITY] mean walked density = 64.0449, min = 58.8410, max = 67.9119
    [TIMING] UQ Calculation (Proximity_Method_B_C): 11.0250 s
    [TIMING] Metrics Calculation: 0.2345 s
    [TIMING] Total Single Evaluation: 52.8512 s

  >>> Starting: Function=quadratic_10d, Seed=5
    [TIMING] Data Generation: 0.0227 s
    [TIMING] Random Forest Fitting: 4.8791 s
    [TIMING] RF Predicting: 0.0525 s
    [TIMING] Base Aleatoric: 0.0896 s
[TIMING] Random Forest fit/check: 0.00 ms
[TIMING] OOB/In-bag index reconstruction: 328.71 ms
[TIMING] Leaf weights & density precomputation: 99.74 ms
[TIMING] Transfer structures to backend: 0.02 ms
[TIMING] Total fit: 428.47 ms
[TIMING] Test leaf ID extraction: 68.25 ms
[TIMING] Proximity matrix accumulation: 3138.52 ms
[TIMING] Neighbor sorting & quantiles: 260.55 ms
[TIMING] Total compute_uq: 3467.72 ms
    [TIMING] UQ Calculation (Proximity_Baseline): 3.8964 s
[TIMING] Random Forest fit/check: 0.00 ms
[TIMING] OOB/In-bag index reconstruction: 322.86 ms
[TIMING] Leaf weights & density precomputation: 772.29 ms
[TIMING] Transfer structures to backend: 0.02 ms
[TIMING] Total fit: 1095.17 ms
[TIMING] Test leaf ID extraction: 70.79 ms
[TIMING] Proximity matrix accumulation: 7769.91 ms
[TIMING] Neighbor sorting & quantiles: 254.51 ms
[TIMING] Total compute_uq: 8095.68 ms
    [TIMING] UQ Calculation (Proximity_Method_A): 9.1913 s
[TIMING] Random Forest fit/check: 0.00 ms
[TIMING] OOB/In-bag index reconstruction: 335.60 ms
[TIMING] Leaf weights & density precomputation: 786.42 ms
[TIMING] Transfer structures to backend: 0.02 ms
[TIMING] Total fit: 1122.05 ms
[TIMING] Test leaf ID extraction: 69.53 ms
[TIMING] Proximity matrix accumulation: 7777.07 ms
[TIMING] Neighbor sorting & quantiles: 62.26 ms
[TIMING] Total compute_uq: 7909.25 ms
    [TIMING] UQ Calculation (Proximity_Method_B): 9.0325 s
[TIMING] Random Forest fit/check: 0.00 ms
[TIMING] OOB/In-bag index reconstruction: 331.05 ms
[TIMING] Leaf weights & density precomputation: 760.42 ms
[TIMING] Transfer structures to backend: 0.01 ms
[TIMING] Total fit: 1091.49 ms
[TIMING] Test leaf ID extraction: 68.99 ms
[TIMING] Proximity matrix accumulation: 9666.50 ms
[TIMING] Neighbor sorting & quantiles: 254.41 ms
[TIMING] Total compute_uq: 9990.33 ms
[DEBUG DENSITY] mean walked density = 63.8841, min = 59.2809, max = 70.4724
    [TIMING] UQ Calculation (Proximity_Method_C): 11.0834 s
[TIMING] Random Forest fit/check: 0.03 ms
[TIMING] OOB/In-bag index reconstruction: 339.27 ms
[TIMING] Leaf weights & density precomputation: 763.81 ms
[TIMING] Transfer structures to backend: 0.02 ms
[TIMING] Total fit: 1103.12 ms
[TIMING] Test leaf ID extraction: 69.33 ms
[TIMING] Proximity matrix accumulation: 9679.56 ms
[TIMING] Neighbor sorting & quantiles: 62.13 ms
[TIMING] Total compute_uq: 9811.44 ms
[DEBUG DENSITY] mean walked density = 63.8841, min = 59.2809, max = 70.4724
    [TIMING] UQ Calculation (Proximity_Method_B_C): 10.9161 s
    [TIMING] Metrics Calculation: 0.1638 s
    [TIMING] Total Single Evaluation: 49.3281 s

  >>> Starting: Function=friedman_10d, Seed=5
    [TIMING] Data Generation: 0.0168 s
    [TIMING] Random Forest Fitting: 3.6573 s
    [TIMING] RF Predicting: 0.0637 s
    [TIMING] Base Aleatoric: 0.1181 s
[TIMING] Random Forest fit/check: 0.00 ms
[TIMING] OOB/In-bag index reconstruction: 407.40 ms
[TIMING] Leaf weights & density precomputation: 100.64 ms
[TIMING] Transfer structures to backend: 0.02 ms
[TIMING] Total fit: 508.07 ms
[TIMING] Test leaf ID extraction: 80.57 ms
[TIMING] Proximity matrix accumulation: 3138.89 ms
[TIMING] Neighbor sorting & quantiles: 260.91 ms
[TIMING] Total compute_uq: 3480.80 ms
    [TIMING] UQ Calculation (Proximity_Baseline): 3.9891 s
[TIMING] Random Forest fit/check: 0.00 ms
[TIMING] OOB/In-bag index reconstruction: 328.61 ms
[TIMING] Leaf weights & density precomputation: 720.61 ms
[TIMING] Transfer structures to backend: 0.02 ms
[TIMING] Total fit: 1049.23 ms
[TIMING] Test leaf ID extraction: 79.79 ms
[TIMING] Proximity matrix accumulation: 7787.52 ms
[TIMING] Neighbor sorting & quantiles: 254.59 ms
[TIMING] Total compute_uq: 8122.34 ms
    [TIMING] UQ Calculation (Proximity_Method_A): 9.1720 s
[TIMING] Random Forest fit/check: 0.03 ms
[TIMING] OOB/In-bag index reconstruction: 345.81 ms
[TIMING] Leaf weights & density precomputation: 745.23 ms
[TIMING] Transfer structures to backend: 0.02 ms
[TIMING] Total fit: 1091.08 ms
[TIMING] Test leaf ID extraction: 78.67 ms
[TIMING] Proximity matrix accumulation: 7794.56 ms
[TIMING] Neighbor sorting & quantiles: 62.41 ms
[TIMING] Total compute_uq: 7936.04 ms
    [TIMING] UQ Calculation (Proximity_Method_B): 9.0282 s
[TIMING] Random Forest fit/check: 0.00 ms
[TIMING] OOB/In-bag index reconstruction: 331.01 ms
[TIMING] Leaf weights & density precomputation: 961.01 ms
[TIMING] Transfer structures to backend: 0.02 ms
[TIMING] Total fit: 1292.03 ms
[TIMING] Test leaf ID extraction: 235.25 ms
[TIMING] Proximity matrix accumulation: 9685.03 ms
[TIMING] Neighbor sorting & quantiles: 255.58 ms
[TIMING] Total compute_uq: 10176.43 ms
[DEBUG DENSITY] mean walked density = 64.2897, min = 56.7974, max = 70.4390
    [TIMING] UQ Calculation (Proximity_Method_C): 11.4704 s
[TIMING] Random Forest fit/check: 0.00 ms
[TIMING] OOB/In-bag index reconstruction: 346.03 ms
[TIMING] Leaf weights & density precomputation: 1111.77 ms
[TIMING] Transfer structures to backend: 0.02 ms
[TIMING] Total fit: 1457.82 ms
[TIMING] Test leaf ID extraction: 81.71 ms
[TIMING] Proximity matrix accumulation: 9698.31 ms
[TIMING] Neighbor sorting & quantiles: 63.29 ms
[TIMING] Total compute_uq: 9843.78 ms
[DEBUG DENSITY] mean walked density = 64.2897, min = 56.7974, max = 70.4390
    [TIMING] UQ Calculation (Proximity_Method_B_C): 11.3037 s
    [TIMING] Metrics Calculation: 0.2340 s
    [TIMING] Total Single Evaluation: 49.0539 s

  >>> Starting: Function=sin_cos_11d, Seed=5
    [TIMING] Data Generation: 0.0321 s
    [TIMING] Random Forest Fitting: 8.0022 s
    [TIMING] RF Predicting: 0.0733 s
    [TIMING] Base Aleatoric: 0.1029 s
[TIMING] Random Forest fit/check: 0.00 ms
[TIMING] OOB/In-bag index reconstruction: 339.83 ms
[TIMING] Leaf weights & density precomputation: 106.54 ms
[TIMING] Transfer structures to backend: 0.02 ms
[TIMING] Total fit: 446.39 ms
[TIMING] Test leaf ID extraction: 80.62 ms
[TIMING] Proximity matrix accumulation: 3807.12 ms
[TIMING] Neighbor sorting & quantiles: 311.61 ms
[TIMING] Total compute_uq: 4199.78 ms
    [TIMING] UQ Calculation (Proximity_Baseline): 4.6465 s
[TIMING] Random Forest fit/check: 0.00 ms
[TIMING] OOB/In-bag index reconstruction: 340.36 ms
[TIMING] Leaf weights & density precomputation: 945.21 ms
[TIMING] Transfer structures to backend: 0.02 ms
[TIMING] Total fit: 1285.58 ms
[TIMING] Test leaf ID extraction: 89.24 ms
[TIMING] Proximity matrix accumulation: 9428.46 ms
[TIMING] Neighbor sorting & quantiles: 306.52 ms
[TIMING] Total compute_uq: 9824.66 ms
    [TIMING] UQ Calculation (Proximity_Method_A): 11.1106 s
[TIMING] Random Forest fit/check: 0.00 ms
[TIMING] OOB/In-bag index reconstruction: 350.92 ms
[TIMING] Leaf weights & density precomputation: 958.91 ms
[TIMING] Transfer structures to backend: 0.02 ms
[TIMING] Total fit: 1309.84 ms
[TIMING] Test leaf ID extraction: 80.47 ms
[TIMING] Proximity matrix accumulation: 9417.24 ms
[TIMING] Neighbor sorting & quantiles: 74.51 ms
[TIMING] Total compute_uq: 9572.65 ms
    [TIMING] UQ Calculation (Proximity_Method_B): 10.8836 s
[TIMING] Random Forest fit/check: 0.00 ms
[TIMING] OOB/In-bag index reconstruction: 346.65 ms
[TIMING] Leaf weights & density precomputation: 962.49 ms
[TIMING] Transfer structures to backend: 0.02 ms
[TIMING] Total fit: 1309.15 ms
[TIMING] Test leaf ID extraction: 90.24 ms
[TIMING] Proximity matrix accumulation: 11705.23 ms
[TIMING] Neighbor sorting & quantiles: 307.08 ms
[TIMING] Total compute_uq: 12103.04 ms
[DEBUG DENSITY] mean walked density = 64.5695, min = 60.6515, max = 67.8050
    [TIMING] UQ Calculation (Proximity_Method_C): 13.4138 s
[TIMING] Random Forest fit/check: 0.00 ms
[TIMING] OOB/In-bag index reconstruction: 343.84 ms
[TIMING] Leaf weights & density precomputation: 960.03 ms
[TIMING] Transfer structures to backend: 0.02 ms
[TIMING] Total fit: 1303.88 ms
[TIMING] Test leaf ID extraction: 89.71 ms
[TIMING] Proximity matrix accumulation: 11709.26 ms
[TIMING] Neighbor sorting & quantiles: 75.08 ms
[TIMING] Total compute_uq: 11874.53 ms
[DEBUG DENSITY] mean walked density = 64.5695, min = 60.6515, max = 67.8050
    [TIMING] UQ Calculation (Proximity_Method_B_C): 13.1801 s
    [TIMING] Metrics Calculation: 0.2435 s
    [TIMING] Total Single Evaluation: 61.6894 s

  >>> Starting: Function=sin_cos_12d, Seed=5
    [TIMING] Data Generation: 0.0283 s
    [TIMING] Random Forest Fitting: 9.5039 s
    [TIMING] RF Predicting: 0.3924 s
    [TIMING] Base Aleatoric: 0.4435 s
[TIMING] Random Forest fit/check: 0.00 ms
[TIMING] OOB/In-bag index reconstruction: 750.61 ms
[TIMING] Leaf weights & density precomputation: 343.08 ms
[TIMING] Transfer structures to backend: 0.02 ms
[TIMING] Total fit: 1093.72 ms
[TIMING] Test leaf ID extraction: 301.13 ms
[TIMING] Proximity matrix accumulation: 4632.97 ms
[TIMING] Neighbor sorting & quantiles: 496.46 ms
[TIMING] Total compute_uq: 5431.27 ms
    [TIMING] UQ Calculation (Proximity_Baseline): 6.5253 s
[TIMING] Random Forest fit/check: 0.00 ms
[TIMING] OOB/In-bag index reconstruction: 636.52 ms
[TIMING] Leaf weights & density precomputation: 1742.05 ms
[TIMING] Transfer structures to backend: 0.02 ms
[TIMING] Total fit: 2378.59 ms
[TIMING] Test leaf ID extraction: 312.38 ms
[TIMING] Proximity matrix accumulation: 12397.72 ms
[TIMING] Neighbor sorting & quantiles: 501.21 ms
[TIMING] Total compute_uq: 13212.07 ms
    [TIMING] UQ Calculation (Proximity_Method_A): 15.5915 s
[TIMING] Random Forest fit/check: 0.00 ms
[TIMING] OOB/In-bag index reconstruction: 365.61 ms
[TIMING] Leaf weights & density precomputation: 1113.52 ms
[TIMING] Transfer structures to backend: 0.02 ms
[TIMING] Total fit: 1479.15 ms
[TIMING] Test leaf ID extraction: 91.44 ms
[TIMING] Proximity matrix accumulation: 14087.26 ms
[TIMING] Neighbor sorting & quantiles: 113.13 ms
[TIMING] Total compute_uq: 14292.35 ms
    [TIMING] UQ Calculation (Proximity_Method_B): 15.7728 s
[TIMING] Random Forest fit/check: 0.00 ms
[TIMING] OOB/In-bag index reconstruction: 395.62 ms
[TIMING] Leaf weights & density precomputation: 1064.11 ms
[TIMING] Transfer structures to backend: 0.02 ms
[TIMING] Total fit: 1459.75 ms
[TIMING] Test leaf ID extraction: 91.18 ms
[TIMING] Proximity matrix accumulation: 18752.36 ms
[TIMING] Neighbor sorting & quantiles: 522.94 ms
[TIMING] Total compute_uq: 19367.44 ms
[DEBUG DENSITY] mean walked density = 64.4518, min = 61.0049, max = 67.9717
    [TIMING] UQ Calculation (Proximity_Method_C): 20.8298 s
[TIMING] Random Forest fit/check: 0.03 ms
[TIMING] OOB/In-bag index reconstruction: 349.95 ms
[TIMING] Leaf weights & density precomputation: 1037.48 ms
[TIMING] Transfer structures to backend: 0.02 ms
[TIMING] Total fit: 1387.47 ms
[TIMING] Test leaf ID extraction: 90.72 ms
[TIMING] Proximity matrix accumulation: 20884.64 ms
[TIMING] Neighbor sorting & quantiles: 165.41 ms
[TIMING] Total compute_uq: 21141.25 ms
[DEBUG DENSITY] mean walked density = 64.4518, min = 61.0049, max = 67.9717
    [TIMING] UQ Calculation (Proximity_Method_B_C): 22.5397 s
    [TIMING] Metrics Calculation: 0.3615 s
    [TIMING] Total Single Evaluation: 91.9901 s

  >>> Starting: Function=sin_cos_13d, Seed=5
    [TIMING] Data Generation: 0.0453 s
    [TIMING] Random Forest Fitting: 10.9541 s
    [TIMING] RF Predicting: 0.0841 s
    [TIMING] Base Aleatoric: 0.1291 s
[TIMING] Random Forest fit/check: 0.00 ms
[TIMING] OOB/In-bag index reconstruction: 367.18 ms
[TIMING] Leaf weights & density precomputation: 156.09 ms
[TIMING] Transfer structures to backend: 0.02 ms
[TIMING] Total fit: 523.29 ms
[TIMING] Test leaf ID extraction: 102.14 ms
[TIMING] Proximity matrix accumulation: 8852.85 ms
[TIMING] Neighbor sorting & quantiles: 717.23 ms
[TIMING] Total compute_uq: 9672.74 ms
    [TIMING] UQ Calculation (Proximity_Baseline): 10.1987 s
[TIMING] Random Forest fit/check: 0.00 ms
[TIMING] OOB/In-bag index reconstruction: 365.65 ms
[TIMING] Leaf weights & density precomputation: 1187.14 ms
[TIMING] Transfer structures to backend: 0.01 ms
[TIMING] Total fit: 1552.81 ms
[TIMING] Test leaf ID extraction: 101.55 ms
[TIMING] Proximity matrix accumulation: 20869.60 ms
[TIMING] Neighbor sorting & quantiles: 663.86 ms
[TIMING] Total compute_uq: 21635.57 ms
    [TIMING] UQ Calculation (Proximity_Method_A): 23.1890 s
[TIMING] Random Forest fit/check: 0.00 ms
[TIMING] OOB/In-bag index reconstruction: 1161.54 ms
[TIMING] Leaf weights & density precomputation: 2259.05 ms
[TIMING] Transfer structures to backend: 0.02 ms
[TIMING] Total fit: 3420.61 ms
[TIMING] Test leaf ID extraction: 103.52 ms
[TIMING] Proximity matrix accumulation: 20812.18 ms
[TIMING] Neighbor sorting & quantiles: 169.53 ms
[TIMING] Total compute_uq: 21086.09 ms
    [TIMING] UQ Calculation (Proximity_Method_B): 24.5088 s
[TIMING] Random Forest fit/check: 0.00 ms
[TIMING] OOB/In-bag index reconstruction: 377.13 ms
[TIMING] Leaf weights & density precomputation: 1114.03 ms
[TIMING] Transfer structures to backend: 0.02 ms
[TIMING] Total fit: 1491.18 ms
[TIMING] Test leaf ID extraction: 102.39 ms
[TIMING] Proximity matrix accumulation: 27454.92 ms
[TIMING] Neighbor sorting & quantiles: 753.48 ms
[TIMING] Total compute_uq: 28311.71 ms
[DEBUG DENSITY] mean walked density = 64.6268, min = 61.2314, max = 68.4050
    [TIMING] UQ Calculation (Proximity_Method_C): 29.8056 s
[TIMING] Random Forest fit/check: 0.03 ms
[TIMING] OOB/In-bag index reconstruction: 355.62 ms
[TIMING] Leaf weights & density precomputation: 1517.53 ms
[TIMING] Transfer structures to backend: 0.04 ms
[TIMING] Total fit: 1873.22 ms
[TIMING] Test leaf ID extraction: 101.79 ms
[TIMING] Proximity matrix accumulation: 28664.35 ms
[TIMING] Neighbor sorting & quantiles: 206.69 ms
[TIMING] Total compute_uq: 28975.21 ms
[DEBUG DENSITY] mean walked density = 64.6268, min = 61.2314, max = 68.4050
    [TIMING] UQ Calculation (Proximity_Method_B_C): 30.8597 s
    [TIMING] Metrics Calculation: 8.6952 s
    [TIMING] Total Single Evaluation: 138.4704 s

  >>> Starting: Function=sin_cos_14d, Seed=5
    [TIMING] Data Generation: 0.0493 s
    [TIMING] Random Forest Fitting: 12.9506 s
    [TIMING] RF Predicting: 0.0946 s
    [TIMING] Base Aleatoric: 0.1389 s
[TIMING] Random Forest fit/check: 0.00 ms
[TIMING] OOB/In-bag index reconstruction: 374.17 ms
[TIMING] Leaf weights & density precomputation: 814.47 ms
[TIMING] Transfer structures to backend: 0.02 ms
[TIMING] Total fit: 1188.66 ms
[TIMING] Test leaf ID extraction: 104.11 ms
[TIMING] Proximity matrix accumulation: 10643.66 ms
[TIMING] Neighbor sorting & quantiles: 850.04 ms
[TIMING] Total compute_uq: 11598.99 ms
    [TIMING] UQ Calculation (Proximity_Baseline): 12.7910 s
[TIMING] Random Forest fit/check: 0.00 ms
[TIMING] OOB/In-bag index reconstruction: 361.45 ms
[TIMING] Leaf weights & density precomputation: 1460.14 ms
[TIMING] Transfer structures to backend: 0.02 ms
[TIMING] Total fit: 1821.61 ms
[TIMING] Test leaf ID extraction: 103.91 ms
[TIMING] Proximity matrix accumulation: 27557.11 ms
[TIMING] Neighbor sorting & quantiles: 901.21 ms
[TIMING] Total compute_uq: 28563.63 ms
    [TIMING] UQ Calculation (Proximity_Method_A): 30.3888 s
[TIMING] Random Forest fit/check: 0.00 ms
[TIMING] OOB/In-bag index reconstruction: 366.31 ms
[TIMING] Leaf weights & density precomputation: 1489.83 ms
[TIMING] Transfer structures to backend: 0.02 ms
[TIMING] Total fit: 1856.16 ms
[TIMING] Test leaf ID extraction: 104.18 ms
[TIMING] Proximity matrix accumulation: 27283.64 ms
[TIMING] Neighbor sorting & quantiles: 235.63 ms
[TIMING] Total compute_uq: 27625.62 ms
    [TIMING] UQ Calculation (Proximity_Method_B): 29.4863 s
[TIMING] Random Forest fit/check: 0.00 ms
[TIMING] OOB/In-bag index reconstruction: 382.08 ms
[TIMING] Leaf weights & density precomputation: 1197.14 ms
[TIMING] Transfer structures to backend: 0.03 ms
[TIMING] Total fit: 1579.25 ms
[TIMING] Test leaf ID extraction: 115.68 ms
[TIMING] Proximity matrix accumulation: 36195.56 ms
[TIMING] Neighbor sorting & quantiles: 921.91 ms
[TIMING] Total compute_uq: 37234.27 ms
[DEBUG DENSITY] mean walked density = 64.4057, min = 61.2014, max = 68.4748
    [TIMING] UQ Calculation (Proximity_Method_C): 38.8250 s
[TIMING] Random Forest fit/check: 0.03 ms
[TIMING] OOB/In-bag index reconstruction: 381.50 ms
[TIMING] Leaf weights & density precomputation: 1229.96 ms
[TIMING] Transfer structures to backend: 0.02 ms
[TIMING] Total fit: 1611.51 ms
[TIMING] Test leaf ID extraction: 104.15 ms
[TIMING] Proximity matrix accumulation: 34541.60 ms
[TIMING] Neighbor sorting & quantiles: 335.70 ms
[TIMING] Total compute_uq: 34983.09 ms
[DEBUG DENSITY] mean walked density = 64.4057, min = 61.2014, max = 68.4748
    [TIMING] UQ Calculation (Proximity_Method_B_C): 36.6180 s
    [TIMING] Metrics Calculation: 13.7985 s
    [TIMING] Total Single Evaluation: 175.1419 s

  >>> Starting: Function=sin_cos_15d, Seed=5
    [TIMING] Data Generation: 0.1037 s
    [TIMING] Random Forest Fitting: 14.5843 s
    [TIMING] RF Predicting: 0.1045 s
    [TIMING] Base Aleatoric: 0.1405 s
[TIMING] Random Forest fit/check: 0.00 ms
[TIMING] OOB/In-bag index reconstruction: 379.64 ms
[TIMING] Leaf weights & density precomputation: 124.81 ms
[TIMING] Transfer structures to backend: 0.02 ms
[TIMING] Total fit: 504.47 ms
[TIMING] Test leaf ID extraction: 113.15 ms
[TIMING] Proximity matrix accumulation: 14933.82 ms
[TIMING] Neighbor sorting & quantiles: 1246.79 ms
[TIMING] Total compute_uq: 16294.38 ms
    [TIMING] UQ Calculation (Proximity_Baseline): 16.8016 s
[TIMING] Random Forest fit/check: 0.00 ms
[TIMING] OOB/In-bag index reconstruction: 365.61 ms
[TIMING] Leaf weights & density precomputation: 1563.49 ms
[TIMING] Transfer structures to backend: 0.02 ms
[TIMING] Total fit: 1929.11 ms
[TIMING] Test leaf ID extraction: 114.00 ms
[TIMING] Proximity matrix accumulation: 32469.14 ms
[TIMING] Neighbor sorting & quantiles: 1065.32 ms
[TIMING] Total compute_uq: 33650.28 ms
    [TIMING] UQ Calculation (Proximity_Method_A): 35.5823 s
[TIMING] Random Forest fit/check: 0.00 ms
[TIMING] OOB/In-bag index reconstruction: 355.46 ms
[TIMING] Leaf weights & density precomputation: 1557.73 ms
[TIMING] Transfer structures to backend: 0.02 ms
[TIMING] Total fit: 1913.20 ms
[TIMING] Test leaf ID extraction: 122.80 ms
[TIMING] Proximity matrix accumulation: 33314.49 ms
[TIMING] Neighbor sorting & quantiles: 297.29 ms
[TIMING] Total compute_uq: 33735.84 ms
    [TIMING] UQ Calculation (Proximity_Method_B): 35.6528 s
[TIMING] Random Forest fit/check: 0.00 ms
[TIMING] OOB/In-bag index reconstruction: 394.34 ms
[TIMING] Leaf weights & density precomputation: 1911.51 ms
[TIMING] Transfer structures to backend: 0.02 ms
[TIMING] Total fit: 2305.88 ms
[TIMING] Test leaf ID extraction: 113.76 ms
[TIMING] Proximity matrix accumulation: 44161.33 ms
[TIMING] Neighbor sorting & quantiles: 1170.10 ms
[TIMING] Total compute_uq: 45446.16 ms
[DEBUG DENSITY] mean walked density = 64.6801, min = 61.3514, max = 68.2484
    [TIMING] UQ Calculation (Proximity_Method_C): 47.7541 s
[TIMING] Random Forest fit/check: 0.00 ms
[TIMING] OOB/In-bag index reconstruction: 439.43 ms
[TIMING] Leaf weights & density precomputation: 1291.55 ms
[TIMING] Transfer structures to backend: 0.04 ms
[TIMING] Total fit: 1731.02 ms
[TIMING] Test leaf ID extraction: 113.96 ms
[TIMING] Proximity matrix accumulation: 43264.11 ms
[TIMING] Neighbor sorting & quantiles: 355.67 ms
[TIMING] Total compute_uq: 43734.38 ms
[DEBUG DENSITY] mean walked density = 64.6801, min = 61.3514, max = 68.2484
    [TIMING] UQ Calculation (Proximity_Method_B_C): 45.4766 s
    [TIMING] Metrics Calculation: 8.2738 s
    [TIMING] Total Single Evaluation: 204.4750 s
 [OK] (1359.1s, ETA: 22m remaining)
[RUN 7/7] 
  >>> Starting: Function=sin, Seed=6
    [TIMING] Data Generation: 0.0004 s
    [TIMING] Random Forest Fitting: 0.4029 s
    [TIMING] RF Predicting: 0.0433 s
    [TIMING] Base Aleatoric: 0.0501 s
[TIMING] Random Forest fit/check: 0.00 ms
[TIMING] OOB/In-bag index reconstruction: 156.98 ms
[TIMING] Leaf weights & density precomputation: 759.08 ms
[TIMING] Transfer structures to backend: 0.03 ms
[TIMING] Total fit: 916.08 ms
[TIMING] Test leaf ID extraction: 34.96 ms
[TIMING] Proximity matrix accumulation: 65.74 ms
[TIMING] Neighbor sorting & quantiles: 11.50 ms
[TIMING] Total compute_uq: 113.33 ms
    [TIMING] UQ Calculation (Proximity_Baseline): 1.0320 s
[TIMING] Random Forest fit/check: 0.00 ms
[TIMING] OOB/In-bag index reconstruction: 169.46 ms
[TIMING] Leaf weights & density precomputation: 815.92 ms
[TIMING] Transfer structures to backend: 0.01 ms
[TIMING] Total fit: 985.39 ms
[TIMING] Test leaf ID extraction: 35.65 ms
[TIMING] Proximity matrix accumulation: 233.51 ms
[TIMING] Neighbor sorting & quantiles: 11.36 ms
[TIMING] Total compute_uq: 282.77 ms
    [TIMING] UQ Calculation (Proximity_Method_A): 1.2709 s
[TIMING] Random Forest fit/check: 0.00 ms
[TIMING] OOB/In-bag index reconstruction: 157.30 ms
[TIMING] Leaf weights & density precomputation: 821.46 ms
[TIMING] Transfer structures to backend: 0.02 ms
[TIMING] Total fit: 978.79 ms
[TIMING] Test leaf ID extraction: 35.18 ms
[TIMING] Proximity matrix accumulation: 234.20 ms
[TIMING] Neighbor sorting & quantiles: 24.08 ms
[TIMING] Total compute_uq: 295.28 ms
    [TIMING] UQ Calculation (Proximity_Method_B): 1.2777 s
[TIMING] Random Forest fit/check: 0.00 ms
[TIMING] OOB/In-bag index reconstruction: 167.20 ms
[TIMING] Leaf weights & density precomputation: 295.68 ms
[TIMING] Transfer structures to backend: 0.01 ms
[TIMING] Total fit: 462.90 ms
[TIMING] Test leaf ID extraction: 44.75 ms
[TIMING] Proximity matrix accumulation: 211.64 ms
[TIMING] Neighbor sorting & quantiles: 4.08 ms
[TIMING] Total compute_uq: 260.66 ms
[DEBUG DENSITY] mean walked density = 62.9701, min = 58.7648, max = 68.9220
    [TIMING] UQ Calculation (Proximity_Method_C): 0.7249 s
[TIMING] Random Forest fit/check: 0.00 ms
[TIMING] OOB/In-bag index reconstruction: 168.58 ms
[TIMING] Leaf weights & density precomputation: 291.02 ms
[TIMING] Transfer structures to backend: 0.01 ms
[TIMING] Total fit: 459.61 ms
[TIMING] Test leaf ID extraction: 45.06 ms
[TIMING] Proximity matrix accumulation: 209.34 ms
[TIMING] Neighbor sorting & quantiles: 4.83 ms
[TIMING] Total compute_uq: 259.45 ms
[DEBUG DENSITY] mean walked density = 62.9701, min = 58.7648, max = 68.9220
    [TIMING] UQ Calculation (Proximity_Method_B_C): 0.7205 s
    [TIMING] Metrics Calculation: 0.0841 s
    [TIMING] Total Single Evaluation: 5.6072 s

  >>> Starting: Function=cos_trend, Seed=6
    [TIMING] Data Generation: 0.0004 s
    [TIMING] Random Forest Fitting: 0.4387 s
    [TIMING] RF Predicting: 0.0535 s
    [TIMING] Base Aleatoric: 0.0501 s
[TIMING] Random Forest fit/check: 0.00 ms
[TIMING] OOB/In-bag index reconstruction: 167.63 ms
[TIMING] Leaf weights & density precomputation: 49.58 ms
[TIMING] Transfer structures to backend: 0.01 ms
[TIMING] Total fit: 217.22 ms
[TIMING] Test leaf ID extraction: 45.06 ms
[TIMING] Proximity matrix accumulation: 36.40 ms
[TIMING] Neighbor sorting & quantiles: 4.18 ms
[TIMING] Total compute_uq: 85.84 ms
    [TIMING] UQ Calculation (Proximity_Baseline): 0.3032 s
[TIMING] Random Forest fit/check: 0.00 ms
[TIMING] OOB/In-bag index reconstruction: 179.28 ms
[TIMING] Leaf weights & density precomputation: 286.26 ms
[TIMING] Transfer structures to backend: 0.02 ms
[TIMING] Total fit: 465.56 ms
[TIMING] Test leaf ID extraction: 34.35 ms
[TIMING] Proximity matrix accumulation: 151.85 ms
[TIMING] Neighbor sorting & quantiles: 4.09 ms
[TIMING] Total compute_uq: 190.43 ms
    [TIMING] UQ Calculation (Proximity_Method_A): 0.6564 s
[TIMING] Random Forest fit/check: 0.00 ms
[TIMING] OOB/In-bag index reconstruction: 157.38 ms
[TIMING] Leaf weights & density precomputation: 287.65 ms
[TIMING] Transfer structures to backend: 0.02 ms
[TIMING] Total fit: 445.05 ms
[TIMING] Test leaf ID extraction: 34.20 ms
[TIMING] Proximity matrix accumulation: 152.85 ms
[TIMING] Neighbor sorting & quantiles: 6.67 ms
[TIMING] Total compute_uq: 193.94 ms
    [TIMING] UQ Calculation (Proximity_Method_B): 0.6405 s
[TIMING] Random Forest fit/check: 0.00 ms
[TIMING] OOB/In-bag index reconstruction: 159.15 ms
[TIMING] Leaf weights & density precomputation: 817.52 ms
[TIMING] Transfer structures to backend: 0.02 ms
[TIMING] Total fit: 976.69 ms
[TIMING] Test leaf ID extraction: 45.59 ms
[TIMING] Proximity matrix accumulation: 295.06 ms
[TIMING] Neighbor sorting & quantiles: 11.34 ms
[TIMING] Total compute_uq: 353.97 ms
[DEBUG DENSITY] mean walked density = 62.0568, min = 54.6975, max = 70.2154
    [TIMING] UQ Calculation (Proximity_Method_C): 1.3409 s
[TIMING] Random Forest fit/check: 0.00 ms
[TIMING] OOB/In-bag index reconstruction: 159.09 ms
[TIMING] Leaf weights & density precomputation: 820.23 ms
[TIMING] Transfer structures to backend: 0.01 ms
[TIMING] Total fit: 979.33 ms
[TIMING] Test leaf ID extraction: 34.99 ms
[TIMING] Proximity matrix accumulation: 295.33 ms
[TIMING] Neighbor sorting & quantiles: 23.87 ms
[TIMING] Total compute_uq: 355.13 ms
[DEBUG DENSITY] mean walked density = 62.0568, min = 54.6975, max = 70.2154
    [TIMING] UQ Calculation (Proximity_Method_B_C): 1.3455 s
    [TIMING] Metrics Calculation: 0.0778 s
    [TIMING] Total Single Evaluation: 4.9072 s

  >>> Starting: Function=poly, Seed=6
    [TIMING] Data Generation: 0.0004 s
    [TIMING] Random Forest Fitting: 0.3567 s
    [TIMING] RF Predicting: 0.0448 s
    [TIMING] Base Aleatoric: 0.0486 s
[TIMING] Random Forest fit/check: 0.00 ms
[TIMING] OOB/In-bag index reconstruction: 168.20 ms
[TIMING] Leaf weights & density precomputation: 48.03 ms
[TIMING] Transfer structures to backend: 0.01 ms
[TIMING] Total fit: 216.24 ms
[TIMING] Test leaf ID extraction: 44.29 ms
[TIMING] Proximity matrix accumulation: 40.11 ms
[TIMING] Neighbor sorting & quantiles: 5.28 ms
[TIMING] Total compute_uq: 89.88 ms
    [TIMING] UQ Calculation (Proximity_Baseline): 0.3066 s
[TIMING] Random Forest fit/check: 0.00 ms
[TIMING] OOB/In-bag index reconstruction: 167.99 ms
[TIMING] Leaf weights & density precomputation: 510.28 ms
[TIMING] Transfer structures to backend: 0.01 ms
[TIMING] Total fit: 678.29 ms
[TIMING] Test leaf ID extraction: 45.11 ms
[TIMING] Proximity matrix accumulation: 231.91 ms
[TIMING] Neighbor sorting & quantiles: 11.38 ms
[TIMING] Total compute_uq: 289.58 ms
    [TIMING] UQ Calculation (Proximity_Method_A): 0.9706 s
[TIMING] Random Forest fit/check: 0.00 ms
[TIMING] OOB/In-bag index reconstruction: 167.64 ms
[TIMING] Leaf weights & density precomputation: 822.36 ms
[TIMING] Transfer structures to backend: 0.01 ms
[TIMING] Total fit: 990.02 ms
[TIMING] Test leaf ID extraction: 34.97 ms
[TIMING] Proximity matrix accumulation: 232.84 ms
[TIMING] Neighbor sorting & quantiles: 24.06 ms
[TIMING] Total compute_uq: 294.07 ms
    [TIMING] UQ Calculation (Proximity_Method_B): 1.2876 s
[TIMING] Random Forest fit/check: 0.00 ms
[TIMING] OOB/In-bag index reconstruction: 166.91 ms
[TIMING] Leaf weights & density precomputation: 822.71 ms
[TIMING] Transfer structures to backend: 0.01 ms
[TIMING] Total fit: 989.63 ms
[TIMING] Test leaf ID extraction: 44.98 ms
[TIMING] Proximity matrix accumulation: 291.39 ms
[TIMING] Neighbor sorting & quantiles: 11.38 ms
[TIMING] Total compute_uq: 348.39 ms
[DEBUG DENSITY] mean walked density = 63.2782, min = 60.1579, max = 68.8086
    [TIMING] UQ Calculation (Proximity_Method_C): 1.3488 s
[TIMING] Random Forest fit/check: 0.00 ms
[TIMING] OOB/In-bag index reconstruction: 167.49 ms
[TIMING] Leaf weights & density precomputation: 822.45 ms
[TIMING] Transfer structures to backend: 0.01 ms
[TIMING] Total fit: 989.95 ms
[TIMING] Test leaf ID extraction: 45.10 ms
[TIMING] Proximity matrix accumulation: 293.23 ms
[TIMING] Neighbor sorting & quantiles: 24.11 ms
[TIMING] Total compute_uq: 363.99 ms
[DEBUG DENSITY] mean walked density = 63.2782, min = 60.1579, max = 68.8086
    [TIMING] UQ Calculation (Proximity_Method_B_C): 1.3648 s
    [TIMING] Metrics Calculation: 0.0802 s
    [TIMING] Total Single Evaluation: 5.8095 s

  >>> Starting: Function=damped_osc, Seed=6
    [TIMING] Data Generation: 0.0004 s
    [TIMING] Random Forest Fitting: 0.3965 s
    [TIMING] RF Predicting: 0.0324 s
    [TIMING] Base Aleatoric: 0.0381 s
[TIMING] Random Forest fit/check: 0.00 ms
[TIMING] OOB/In-bag index reconstruction: 156.75 ms
[TIMING] Leaf weights & density precomputation: 760.59 ms
[TIMING] Transfer structures to backend: 0.02 ms
[TIMING] Total fit: 917.36 ms
[TIMING] Test leaf ID extraction: 35.50 ms
[TIMING] Proximity matrix accumulation: 65.95 ms
[TIMING] Neighbor sorting & quantiles: 11.48 ms
[TIMING] Total compute_uq: 113.39 ms
    [TIMING] UQ Calculation (Proximity_Baseline): 1.0333 s
[TIMING] Random Forest fit/check: 0.00 ms
[TIMING] OOB/In-bag index reconstruction: 156.00 ms
[TIMING] Leaf weights & density precomputation: 320.27 ms
[TIMING] Transfer structures to backend: 0.01 ms
[TIMING] Total fit: 476.28 ms
[TIMING] Test leaf ID extraction: 33.44 ms
[TIMING] Proximity matrix accumulation: 150.01 ms
[TIMING] Neighbor sorting & quantiles: 4.72 ms
[TIMING] Total compute_uq: 188.35 ms
    [TIMING] UQ Calculation (Proximity_Method_A): 0.6652 s
[TIMING] Random Forest fit/check: 0.00 ms
[TIMING] OOB/In-bag index reconstruction: 157.41 ms
[TIMING] Leaf weights & density precomputation: 286.33 ms
[TIMING] Transfer structures to backend: 0.01 ms
[TIMING] Total fit: 443.76 ms
[TIMING] Test leaf ID extraction: 33.62 ms
[TIMING] Proximity matrix accumulation: 232.73 ms
[TIMING] Neighbor sorting & quantiles: 14.92 ms
[TIMING] Total compute_uq: 282.75 ms
    [TIMING] UQ Calculation (Proximity_Method_B): 0.7275 s
[TIMING] Random Forest fit/check: 0.00 ms
[TIMING] OOB/In-bag index reconstruction: 158.76 ms
[TIMING] Leaf weights & density precomputation: 814.51 ms
[TIMING] Transfer structures to backend: 0.01 ms
[TIMING] Total fit: 973.28 ms
[TIMING] Test leaf ID extraction: 33.74 ms
[TIMING] Proximity matrix accumulation: 297.65 ms
[TIMING] Neighbor sorting & quantiles: 11.35 ms
[TIMING] Total compute_uq: 344.14 ms
[DEBUG DENSITY] mean walked density = 63.4157, min = 58.8886, max = 68.3985
    [TIMING] UQ Calculation (Proximity_Method_C): 1.3283 s
[TIMING] Random Forest fit/check: 0.00 ms
[TIMING] OOB/In-bag index reconstruction: 167.75 ms
[TIMING] Leaf weights & density precomputation: 814.76 ms
[TIMING] Transfer structures to backend: 0.01 ms
[TIMING] Total fit: 982.53 ms
[TIMING] Test leaf ID extraction: 33.77 ms
[TIMING] Proximity matrix accumulation: 284.58 ms
[TIMING] Neighbor sorting & quantiles: 24.09 ms
[TIMING] Total compute_uq: 343.86 ms
[DEBUG DENSITY] mean walked density = 63.4157, min = 58.8886, max = 68.3985
    [TIMING] UQ Calculation (Proximity_Method_B_C): 1.3372 s
    [TIMING] Metrics Calculation: 0.0838 s
    [TIMING] Total Single Evaluation: 5.6430 s

  >>> Starting: Function=log_mod, Seed=6
    [TIMING] Data Generation: 0.0004 s
    [TIMING] Random Forest Fitting: 0.3957 s
    [TIMING] RF Predicting: 0.0325 s
    [TIMING] Base Aleatoric: 0.0374 s
[TIMING] Random Forest fit/check: 0.00 ms
[TIMING] OOB/In-bag index reconstruction: 157.16 ms
[TIMING] Leaf weights & density precomputation: 753.20 ms
[TIMING] Transfer structures to backend: 0.02 ms
[TIMING] Total fit: 910.38 ms
[TIMING] Test leaf ID extraction: 34.17 ms
[TIMING] Proximity matrix accumulation: 65.76 ms
[TIMING] Neighbor sorting & quantiles: 11.47 ms
[TIMING] Total compute_uq: 113.24 ms
    [TIMING] UQ Calculation (Proximity_Baseline): 1.0262 s
[TIMING] Random Forest fit/check: 0.00 ms
[TIMING] OOB/In-bag index reconstruction: 156.03 ms
[TIMING] Leaf weights & density precomputation: 815.81 ms
[TIMING] Transfer structures to backend: 0.01 ms
[TIMING] Total fit: 971.86 ms
[TIMING] Test leaf ID extraction: 35.40 ms
[TIMING] Proximity matrix accumulation: 234.08 ms
[TIMING] Neighbor sorting & quantiles: 11.37 ms
[TIMING] Total compute_uq: 281.29 ms
    [TIMING] UQ Calculation (Proximity_Method_A): 1.2559 s
[TIMING] Random Forest fit/check: 0.00 ms
[TIMING] OOB/In-bag index reconstruction: 156.46 ms
[TIMING] Leaf weights & density precomputation: 668.11 ms
[TIMING] Transfer structures to backend: 0.01 ms
[TIMING] Total fit: 824.58 ms
[TIMING] Test leaf ID extraction: 33.86 ms
[TIMING] Proximity matrix accumulation: 149.81 ms
[TIMING] Neighbor sorting & quantiles: 4.71 ms
[TIMING] Total compute_uq: 188.55 ms
    [TIMING] UQ Calculation (Proximity_Method_B): 1.0141 s
[TIMING] Random Forest fit/check: 0.00 ms
[TIMING] OOB/In-bag index reconstruction: 157.17 ms
[TIMING] Leaf weights & density precomputation: 280.83 ms
[TIMING] Transfer structures to backend: 0.01 ms
[TIMING] Total fit: 438.01 ms
[TIMING] Test leaf ID extraction: 34.06 ms
[TIMING] Proximity matrix accumulation: 279.86 ms
[TIMING] Neighbor sorting & quantiles: 11.38 ms
[TIMING] Total compute_uq: 325.51 ms
[DEBUG DENSITY] mean walked density = 62.6718, min = 56.8377, max = 68.8685
    [TIMING] UQ Calculation (Proximity_Method_C): 0.7744 s
[TIMING] Random Forest fit/check: 0.00 ms
[TIMING] OOB/In-bag index reconstruction: 156.77 ms
[TIMING] Leaf weights & density precomputation: 821.47 ms
[TIMING] Transfer structures to backend: 0.02 ms
[TIMING] Total fit: 978.26 ms
[TIMING] Test leaf ID extraction: 34.69 ms
[TIMING] Proximity matrix accumulation: 294.87 ms
[TIMING] Neighbor sorting & quantiles: 23.70 ms
[TIMING] Total compute_uq: 353.58 ms
[DEBUG DENSITY] mean walked density = 62.6718, min = 56.8377, max = 68.8685
    [TIMING] UQ Calculation (Proximity_Method_B_C): 1.3428 s
    [TIMING] Metrics Calculation: 0.0661 s
    [TIMING] Total Single Evaluation: 5.9458 s

  >>> Starting: Function=sin_cos, Seed=6
    [TIMING] Data Generation: 0.0013 s
    [TIMING] Random Forest Fitting: 0.4288 s
    [TIMING] RF Predicting: 0.0432 s
    [TIMING] Base Aleatoric: 0.0411 s
[TIMING] Random Forest fit/check: 0.00 ms
[TIMING] OOB/In-bag index reconstruction: 175.87 ms
[TIMING] Leaf weights & density precomputation: 766.97 ms
[TIMING] Transfer structures to backend: 0.02 ms
[TIMING] Total fit: 942.85 ms
[TIMING] Test leaf ID extraction: 34.93 ms
[TIMING] Proximity matrix accumulation: 336.17 ms
[TIMING] Neighbor sorting & quantiles: 41.33 ms
[TIMING] Total compute_uq: 413.54 ms
    [TIMING] UQ Calculation (Proximity_Baseline): 1.3589 s
[TIMING] Random Forest fit/check: 0.00 ms
[TIMING] OOB/In-bag index reconstruction: 176.65 ms
[TIMING] Leaf weights & density precomputation: 870.20 ms
[TIMING] Transfer structures to backend: 0.02 ms
[TIMING] Total fit: 1046.87 ms
[TIMING] Test leaf ID extraction: 34.83 ms
[TIMING] Proximity matrix accumulation: 973.74 ms
[TIMING] Neighbor sorting & quantiles: 40.74 ms
[TIMING] Total compute_uq: 1050.34 ms
    [TIMING] UQ Calculation (Proximity_Method_A): 2.1000 s
[TIMING] Random Forest fit/check: 0.00 ms
[TIMING] OOB/In-bag index reconstruction: 178.08 ms
[TIMING] Leaf weights & density precomputation: 877.73 ms
[TIMING] Transfer structures to backend: 0.02 ms
[TIMING] Total fit: 1055.83 ms
[TIMING] Test leaf ID extraction: 35.23 ms
[TIMING] Proximity matrix accumulation: 976.59 ms
[TIMING] Neighbor sorting & quantiles: 42.10 ms
[TIMING] Total compute_uq: 1055.78 ms
    [TIMING] UQ Calculation (Proximity_Method_B): 2.1152 s
[TIMING] Random Forest fit/check: 0.00 ms
[TIMING] OOB/In-bag index reconstruction: 177.36 ms
[TIMING] Leaf weights & density precomputation: 876.67 ms
[TIMING] Transfer structures to backend: 0.02 ms
[TIMING] Total fit: 1054.05 ms
[TIMING] Test leaf ID extraction: 35.68 ms
[TIMING] Proximity matrix accumulation: 834.44 ms
[TIMING] Neighbor sorting & quantiles: 26.71 ms
[TIMING] Total compute_uq: 898.15 ms
[DEBUG DENSITY] mean walked density = 64.7484, min = 47.5248, max = 75.0229
    [TIMING] UQ Calculation (Proximity_Method_C): 1.9548 s
[TIMING] Random Forest fit/check: 0.00 ms
[TIMING] OOB/In-bag index reconstruction: 176.91 ms
[TIMING] Leaf weights & density precomputation: 419.41 ms
[TIMING] Transfer structures to backend: 0.01 ms
[TIMING] Total fit: 596.33 ms
[TIMING] Test leaf ID extraction: 34.63 ms
[TIMING] Proximity matrix accumulation: 1146.45 ms
[TIMING] Neighbor sorting & quantiles: 39.26 ms
[TIMING] Total compute_uq: 1220.87 ms
[DEBUG DENSITY] mean walked density = 64.7484, min = 47.5248, max = 75.0229
    [TIMING] UQ Calculation (Proximity_Method_B_C): 1.8280 s
    [TIMING] Metrics Calculation: 0.0759 s
    [TIMING] Total Single Evaluation: 9.9476 s

  >>> Starting: Function=quadratic, Seed=6
    [TIMING] Data Generation: 0.0011 s
    [TIMING] Random Forest Fitting: 0.4402 s
    [TIMING] RF Predicting: 0.0426 s
    [TIMING] Base Aleatoric: 0.0410 s
[TIMING] Random Forest fit/check: 0.00 ms
[TIMING] OOB/In-bag index reconstruction: 176.57 ms
[TIMING] Leaf weights & density precomputation: 764.02 ms
[TIMING] Transfer structures to backend: 0.02 ms
[TIMING] Total fit: 940.61 ms
[TIMING] Test leaf ID extraction: 35.26 ms
[TIMING] Proximity matrix accumulation: 328.67 ms
[TIMING] Neighbor sorting & quantiles: 41.35 ms
[TIMING] Total compute_uq: 406.04 ms
    [TIMING] UQ Calculation (Proximity_Baseline): 1.3492 s
[TIMING] Random Forest fit/check: 0.00 ms
[TIMING] OOB/In-bag index reconstruction: 177.49 ms
[TIMING] Leaf weights & density precomputation: 870.65 ms
[TIMING] Transfer structures to backend: 0.02 ms
[TIMING] Total fit: 1048.16 ms
[TIMING] Test leaf ID extraction: 35.19 ms
[TIMING] Proximity matrix accumulation: 967.74 ms
[TIMING] Neighbor sorting & quantiles: 40.83 ms
[TIMING] Total compute_uq: 1044.39 ms
    [TIMING] UQ Calculation (Proximity_Method_A): 2.0953 s
[TIMING] Random Forest fit/check: 0.00 ms
[TIMING] OOB/In-bag index reconstruction: 179.24 ms
[TIMING] Leaf weights & density precomputation: 872.38 ms
[TIMING] Transfer structures to backend: 0.04 ms
[TIMING] Total fit: 1051.67 ms
[TIMING] Test leaf ID extraction: 35.83 ms
[TIMING] Proximity matrix accumulation: 979.77 ms
[TIMING] Neighbor sorting & quantiles: 42.11 ms
[TIMING] Total compute_uq: 1058.84 ms
    [TIMING] UQ Calculation (Proximity_Method_B): 2.1143 s
[TIMING] Random Forest fit/check: 0.00 ms
[TIMING] OOB/In-bag index reconstruction: 190.00 ms
[TIMING] Leaf weights & density precomputation: 871.05 ms
[TIMING] Transfer structures to backend: 0.02 ms
[TIMING] Total fit: 1061.06 ms
[TIMING] Test leaf ID extraction: 34.93 ms
[TIMING] Proximity matrix accumulation: 1177.58 ms
[TIMING] Neighbor sorting & quantiles: 35.87 ms
[TIMING] Total compute_uq: 1250.65 ms
[DEBUG DENSITY] mean walked density = 64.5802, min = 56.8993, max = 70.2754
    [TIMING] UQ Calculation (Proximity_Method_C): 2.3132 s
[TIMING] Random Forest fit/check: 0.00 ms
[TIMING] OOB/In-bag index reconstruction: 198.82 ms
[TIMING] Leaf weights & density precomputation: 338.28 ms
[TIMING] Transfer structures to backend: 0.02 ms
[TIMING] Total fit: 537.12 ms
[TIMING] Test leaf ID extraction: 45.92 ms
[TIMING] Proximity matrix accumulation: 545.15 ms
[TIMING] Neighbor sorting & quantiles: 8.14 ms
[TIMING] Total compute_uq: 599.45 ms
[DEBUG DENSITY] mean walked density = 64.5802, min = 56.8993, max = 70.2754
    [TIMING] UQ Calculation (Proximity_Method_B_C): 1.1379 s
    [TIMING] Metrics Calculation: 0.1017 s
    [TIMING] Total Single Evaluation: 9.6370 s

  >>> Starting: Function=sin_sum_mod, Seed=6
    [TIMING] Data Generation: 0.0015 s
    [TIMING] Random Forest Fitting: 0.4770 s
    [TIMING] RF Predicting: 0.0547 s
    [TIMING] Base Aleatoric: 0.0566 s
[TIMING] Random Forest fit/check: 0.00 ms
[TIMING] OOB/In-bag index reconstruction: 211.78 ms
[TIMING] Leaf weights & density precomputation: 57.40 ms
[TIMING] Transfer structures to backend: 0.01 ms
[TIMING] Total fit: 269.19 ms
[TIMING] Test leaf ID extraction: 56.08 ms
[TIMING] Proximity matrix accumulation: 148.53 ms
[TIMING] Neighbor sorting & quantiles: 16.38 ms
[TIMING] Total compute_uq: 221.25 ms
    [TIMING] UQ Calculation (Proximity_Baseline): 0.4906 s
[TIMING] Random Forest fit/check: 0.00 ms
[TIMING] OOB/In-bag index reconstruction: 197.96 ms
[TIMING] Leaf weights & density precomputation: 339.14 ms
[TIMING] Transfer structures to backend: 0.01 ms
[TIMING] Total fit: 537.12 ms
[TIMING] Test leaf ID extraction: 45.30 ms
[TIMING] Proximity matrix accumulation: 432.12 ms
[TIMING] Neighbor sorting & quantiles: 16.14 ms
[TIMING] Total compute_uq: 493.81 ms
    [TIMING] UQ Calculation (Proximity_Method_A): 1.0313 s
[TIMING] Random Forest fit/check: 0.00 ms
[TIMING] OOB/In-bag index reconstruction: 178.41 ms
[TIMING] Leaf weights & density precomputation: 726.80 ms
[TIMING] Transfer structures to backend: 0.02 ms
[TIMING] Total fit: 905.23 ms
[TIMING] Test leaf ID extraction: 35.08 ms
[TIMING] Proximity matrix accumulation: 975.78 ms
[TIMING] Neighbor sorting & quantiles: 41.97 ms
[TIMING] Total compute_uq: 1054.94 ms
    [TIMING] UQ Calculation (Proximity_Method_B): 1.9636 s
[TIMING] Random Forest fit/check: 0.00 ms
[TIMING] OOB/In-bag index reconstruction: 176.24 ms
[TIMING] Leaf weights & density precomputation: 869.66 ms
[TIMING] Transfer structures to backend: 0.01 ms
[TIMING] Total fit: 1045.92 ms
[TIMING] Test leaf ID extraction: 35.06 ms
[TIMING] Proximity matrix accumulation: 866.24 ms
[TIMING] Neighbor sorting & quantiles: 26.37 ms
[TIMING] Total compute_uq: 929.83 ms
[DEBUG DENSITY] mean walked density = 63.7935, min = 51.5134, max = 73.5830
    [TIMING] UQ Calculation (Proximity_Method_C): 1.9784 s
[TIMING] Random Forest fit/check: 0.00 ms
[TIMING] OOB/In-bag index reconstruction: 191.24 ms
[TIMING] Leaf weights & density precomputation: 438.85 ms
[TIMING] Transfer structures to backend: 0.02 ms
[TIMING] Total fit: 630.11 ms
[TIMING] Test leaf ID extraction: 35.01 ms
[TIMING] Proximity matrix accumulation: 1144.53 ms
[TIMING] Neighbor sorting & quantiles: 41.97 ms
[TIMING] Total compute_uq: 1223.69 ms
[DEBUG DENSITY] mean walked density = 63.7935, min = 51.5134, max = 73.5830
    [TIMING] UQ Calculation (Proximity_Method_B_C): 1.8647 s
    [TIMING] Metrics Calculation: 0.0715 s
    [TIMING] Total Single Evaluation: 7.9902 s

  >>> Starting: Function=gaussian, Seed=6
    [TIMING] Data Generation: 0.0011 s
    [TIMING] Random Forest Fitting: 0.4415 s
    [TIMING] RF Predicting: 0.0436 s
    [TIMING] Base Aleatoric: 0.0411 s
[TIMING] Random Forest fit/check: 0.00 ms
[TIMING] OOB/In-bag index reconstruction: 177.02 ms
[TIMING] Leaf weights & density precomputation: 769.00 ms
[TIMING] Transfer structures to backend: 0.02 ms
[TIMING] Total fit: 946.04 ms
[TIMING] Test leaf ID extraction: 35.26 ms
[TIMING] Proximity matrix accumulation: 333.67 ms
[TIMING] Neighbor sorting & quantiles: 41.33 ms
[TIMING] Total compute_uq: 410.59 ms
    [TIMING] UQ Calculation (Proximity_Baseline): 1.3592 s
[TIMING] Random Forest fit/check: 0.00 ms
[TIMING] OOB/In-bag index reconstruction: 176.81 ms
[TIMING] Leaf weights & density precomputation: 876.43 ms
[TIMING] Transfer structures to backend: 0.02 ms
[TIMING] Total fit: 1053.25 ms
[TIMING] Test leaf ID extraction: 34.62 ms
[TIMING] Proximity matrix accumulation: 976.24 ms
[TIMING] Neighbor sorting & quantiles: 40.73 ms
[TIMING] Total compute_uq: 1052.79 ms
    [TIMING] UQ Calculation (Proximity_Method_A): 2.1088 s
[TIMING] Random Forest fit/check: 0.00 ms
[TIMING] OOB/In-bag index reconstruction: 178.77 ms
[TIMING] Leaf weights & density precomputation: 876.65 ms
[TIMING] Transfer structures to backend: 0.01 ms
[TIMING] Total fit: 1055.44 ms
[TIMING] Test leaf ID extraction: 35.16 ms
[TIMING] Proximity matrix accumulation: 981.91 ms
[TIMING] Neighbor sorting & quantiles: 42.12 ms
[TIMING] Total compute_uq: 1061.16 ms
    [TIMING] UQ Calculation (Proximity_Method_B): 2.1201 s
[TIMING] Random Forest fit/check: 0.00 ms
[TIMING] OOB/In-bag index reconstruction: 176.22 ms
[TIMING] Leaf weights & density precomputation: 359.21 ms
[TIMING] Transfer structures to backend: 0.02 ms
[TIMING] Total fit: 535.45 ms
[TIMING] Test leaf ID extraction: 56.32 ms
[TIMING] Proximity matrix accumulation: 674.77 ms
[TIMING] Neighbor sorting & quantiles: 20.04 ms
[TIMING] Total compute_uq: 751.41 ms
[DEBUG DENSITY] mean walked density = 64.8939, min = 57.2326, max = 73.1549
    [TIMING] UQ Calculation (Proximity_Method_C): 1.2897 s
[TIMING] Random Forest fit/check: 0.00 ms
[TIMING] OOB/In-bag index reconstruction: 175.70 ms
[TIMING] Leaf weights & density precomputation: 821.16 ms
[TIMING] Transfer structures to backend: 0.02 ms
[TIMING] Total fit: 996.87 ms
[TIMING] Test leaf ID extraction: 35.56 ms
[TIMING] Proximity matrix accumulation: 1219.91 ms
[TIMING] Neighbor sorting & quantiles: 41.30 ms
[TIMING] Total compute_uq: 1298.37 ms
[DEBUG DENSITY] mean walked density = 64.8939, min = 57.2326, max = 73.1549
    [TIMING] UQ Calculation (Proximity_Method_B_C): 2.3062 s
    [TIMING] Metrics Calculation: 0.0794 s
    [TIMING] Total Single Evaluation: 9.7909 s

  >>> Starting: Function=abs_sin, Seed=6
    [TIMING] Data Generation: 0.0012 s
    [TIMING] Random Forest Fitting: 0.4386 s
    [TIMING] RF Predicting: 0.0431 s
    [TIMING] Base Aleatoric: 0.0405 s
[TIMING] Random Forest fit/check: 0.00 ms
[TIMING] OOB/In-bag index reconstruction: 175.84 ms
[TIMING] Leaf weights & density precomputation: 760.38 ms
[TIMING] Transfer structures to backend: 0.02 ms
[TIMING] Total fit: 936.24 ms
[TIMING] Test leaf ID extraction: 35.20 ms
[TIMING] Proximity matrix accumulation: 334.14 ms
[TIMING] Neighbor sorting & quantiles: 41.33 ms
[TIMING] Total compute_uq: 411.51 ms
    [TIMING] UQ Calculation (Proximity_Baseline): 1.3503 s
[TIMING] Random Forest fit/check: 0.00 ms
[TIMING] OOB/In-bag index reconstruction: 176.47 ms
[TIMING] Leaf weights & density precomputation: 866.49 ms
[TIMING] Transfer structures to backend: 0.01 ms
[TIMING] Total fit: 1042.97 ms
[TIMING] Test leaf ID extraction: 34.76 ms
[TIMING] Proximity matrix accumulation: 971.91 ms
[TIMING] Neighbor sorting & quantiles: 40.74 ms
[TIMING] Total compute_uq: 1048.46 ms
    [TIMING] UQ Calculation (Proximity_Method_A): 2.0942 s
[TIMING] Random Forest fit/check: 0.00 ms
[TIMING] OOB/In-bag index reconstruction: 194.13 ms
[TIMING] Leaf weights & density precomputation: 856.23 ms
[TIMING] Transfer structures to backend: 0.01 ms
[TIMING] Total fit: 1050.37 ms
[TIMING] Test leaf ID extraction: 45.74 ms
[TIMING] Proximity matrix accumulation: 492.55 ms
[TIMING] Neighbor sorting & quantiles: 10.38 ms
[TIMING] Total compute_uq: 548.90 ms
    [TIMING] UQ Calculation (Proximity_Method_B): 1.6005 s
[TIMING] Random Forest fit/check: 0.00 ms
[TIMING] OOB/In-bag index reconstruction: 189.21 ms
[TIMING] Leaf weights & density precomputation: 593.84 ms
[TIMING] Transfer structures to backend: 0.02 ms
[TIMING] Total fit: 783.07 ms
[TIMING] Test leaf ID extraction: 46.53 ms
[TIMING] Proximity matrix accumulation: 1221.07 ms
[TIMING] Neighbor sorting & quantiles: 40.84 ms
[TIMING] Total compute_uq: 1309.61 ms
[DEBUG DENSITY] mean walked density = 61.8266, min = 47.5696, max = 78.3936
    [TIMING] UQ Calculation (Proximity_Method_C): 2.1036 s
[TIMING] Random Forest fit/check: 0.00 ms
[TIMING] OOB/In-bag index reconstruction: 189.16 ms
[TIMING] Leaf weights & density precomputation: 875.42 ms
[TIMING] Transfer structures to backend: 0.02 ms
[TIMING] Total fit: 1064.61 ms
[TIMING] Test leaf ID extraction: 46.09 ms
[TIMING] Proximity matrix accumulation: 1221.64 ms
[TIMING] Neighbor sorting & quantiles: 42.01 ms
[TIMING] Total compute_uq: 1311.33 ms
[DEBUG DENSITY] mean walked density = 61.8266, min = 47.5696, max = 78.3936
    [TIMING] UQ Calculation (Proximity_Method_B_C): 2.3868 s
    [TIMING] Metrics Calculation: 0.0899 s
    [TIMING] Total Single Evaluation: 10.1492 s

  >>> Starting: Function=sin_cos_sin, Seed=6
    [TIMING] Data Generation: 0.0027 s
    [TIMING] Random Forest Fitting: 0.5172 s
    [TIMING] RF Predicting: 0.0429 s
    [TIMING] Base Aleatoric: 0.0554 s
[TIMING] Random Forest fit/check: 0.00 ms
[TIMING] OOB/In-bag index reconstruction: 190.30 ms
[TIMING] Leaf weights & density precomputation: 771.32 ms
[TIMING] Transfer structures to backend: 0.02 ms
[TIMING] Total fit: 961.64 ms
[TIMING] Test leaf ID extraction: 46.79 ms
[TIMING] Proximity matrix accumulation: 530.59 ms
[TIMING] Neighbor sorting & quantiles: 52.87 ms
[TIMING] Total compute_uq: 632.10 ms
    [TIMING] UQ Calculation (Proximity_Baseline): 1.5963 s
[TIMING] Random Forest fit/check: 0.00 ms
[TIMING] OOB/In-bag index reconstruction: 177.69 ms
[TIMING] Leaf weights & density precomputation: 892.10 ms
[TIMING] Transfer structures to backend: 0.02 ms
[TIMING] Total fit: 1069.81 ms
[TIMING] Test leaf ID extraction: 35.57 ms
[TIMING] Proximity matrix accumulation: 1593.16 ms
[TIMING] Neighbor sorting & quantiles: 52.21 ms
[TIMING] Total compute_uq: 1683.30 ms
    [TIMING] UQ Calculation (Proximity_Method_A): 2.7559 s
[TIMING] Random Forest fit/check: 0.00 ms
[TIMING] OOB/In-bag index reconstruction: 220.28 ms
[TIMING] Leaf weights & density precomputation: 530.06 ms
[TIMING] Transfer structures to backend: 0.01 ms
[TIMING] Total fit: 750.36 ms
[TIMING] Test leaf ID extraction: 45.39 ms
[TIMING] Proximity matrix accumulation: 868.05 ms
[TIMING] Neighbor sorting & quantiles: 20.15 ms
[TIMING] Total compute_uq: 933.85 ms
    [TIMING] UQ Calculation (Proximity_Method_B): 1.6877 s
[TIMING] Random Forest fit/check: 0.00 ms
[TIMING] OOB/In-bag index reconstruction: 188.90 ms
[TIMING] Leaf weights & density precomputation: 898.50 ms
[TIMING] Transfer structures to backend: 0.02 ms
[TIMING] Total fit: 1087.42 ms
[TIMING] Test leaf ID extraction: 45.71 ms
[TIMING] Proximity matrix accumulation: 1955.05 ms
[TIMING] Neighbor sorting & quantiles: 52.20 ms
[TIMING] Total compute_uq: 2054.90 ms
[DEBUG DENSITY] mean walked density = 62.6651, min = 47.8302, max = 73.6489
    [TIMING] UQ Calculation (Proximity_Method_C): 3.1532 s
[TIMING] Random Forest fit/check: 0.00 ms
[TIMING] OOB/In-bag index reconstruction: 200.11 ms
[TIMING] Leaf weights & density precomputation: 894.62 ms
[TIMING] Transfer structures to backend: 0.05 ms
[TIMING] Total fit: 1094.77 ms
[TIMING] Test leaf ID extraction: 58.55 ms
[TIMING] Proximity matrix accumulation: 1960.31 ms
[TIMING] Neighbor sorting & quantiles: 50.97 ms
[TIMING] Total compute_uq: 2071.13 ms
[DEBUG DENSITY] mean walked density = 62.6651, min = 47.8302, max = 73.6489
    [TIMING] UQ Calculation (Proximity_Method_B_C): 3.1772 s
    [TIMING] Metrics Calculation: 0.0732 s
    [TIMING] Total Single Evaluation: 13.0619 s

  >>> Starting: Function=quadratic_3d, Seed=6
    [TIMING] Data Generation: 0.0019 s
    [TIMING] Random Forest Fitting: 0.5469 s
    [TIMING] RF Predicting: 0.0532 s
    [TIMING] Base Aleatoric: 0.0520 s
[TIMING] Random Forest fit/check: 0.00 ms
[TIMING] OOB/In-bag index reconstruction: 188.02 ms
[TIMING] Leaf weights & density precomputation: 768.02 ms
[TIMING] Transfer structures to backend: 0.02 ms
[TIMING] Total fit: 956.06 ms
[TIMING] Test leaf ID extraction: 45.77 ms
[TIMING] Proximity matrix accumulation: 525.77 ms
[TIMING] Neighbor sorting & quantiles: 52.78 ms
[TIMING] Total compute_uq: 625.08 ms
    [TIMING] UQ Calculation (Proximity_Baseline): 1.5837 s
[TIMING] Random Forest fit/check: 0.00 ms
[TIMING] OOB/In-bag index reconstruction: 189.12 ms
[TIMING] Leaf weights & density precomputation: 889.24 ms
[TIMING] Transfer structures to backend: 0.02 ms
[TIMING] Total fit: 1078.38 ms
[TIMING] Test leaf ID extraction: 45.14 ms
[TIMING] Proximity matrix accumulation: 704.97 ms
[TIMING] Neighbor sorting & quantiles: 22.33 ms
[TIMING] Total compute_uq: 772.69 ms
    [TIMING] UQ Calculation (Proximity_Method_A): 1.8514 s
[TIMING] Random Forest fit/check: 0.00 ms
[TIMING] OOB/In-bag index reconstruction: 189.19 ms
[TIMING] Leaf weights & density precomputation: 340.54 ms
[TIMING] Transfer structures to backend: 0.02 ms
[TIMING] Total fit: 529.74 ms
[TIMING] Test leaf ID extraction: 46.04 ms
[TIMING] Proximity matrix accumulation: 705.74 ms
[TIMING] Neighbor sorting & quantiles: 9.79 ms
[TIMING] Total compute_uq: 761.80 ms
    [TIMING] UQ Calculation (Proximity_Method_B): 1.2927 s
[TIMING] Random Forest fit/check: 0.00 ms
[TIMING] OOB/In-bag index reconstruction: 189.32 ms
[TIMING] Leaf weights & density precomputation: 341.54 ms
[TIMING] Transfer structures to backend: 0.02 ms
[TIMING] Total fit: 530.88 ms
[TIMING] Test leaf ID extraction: 46.26 ms
[TIMING] Proximity matrix accumulation: 874.63 ms
[TIMING] Neighbor sorting & quantiles: 22.35 ms
[TIMING] Total compute_uq: 943.49 ms
[DEBUG DENSITY] mean walked density = 63.9456, min = 57.7113, max = 69.5120
    [TIMING] UQ Calculation (Proximity_Method_C): 1.4757 s
[TIMING] Random Forest fit/check: 0.00 ms
[TIMING] OOB/In-bag index reconstruction: 189.52 ms
[TIMING] Leaf weights & density precomputation: 340.70 ms
[TIMING] Transfer structures to backend: 0.02 ms
[TIMING] Total fit: 530.24 ms
[TIMING] Test leaf ID extraction: 46.09 ms
[TIMING] Proximity matrix accumulation: 875.38 ms
[TIMING] Neighbor sorting & quantiles: 9.79 ms
[TIMING] Total compute_uq: 931.51 ms
[DEBUG DENSITY] mean walked density = 63.9456, min = 57.7113, max = 69.5120
    [TIMING] UQ Calculation (Proximity_Method_B_C): 1.4631 s
    [TIMING] Metrics Calculation: 0.0838 s
    [TIMING] Total Single Evaluation: 8.4049 s

  >>> Starting: Function=sin_sum_3d, Seed=6
    [TIMING] Data Generation: 0.0025 s
    [TIMING] Random Forest Fitting: 0.4588 s
    [TIMING] RF Predicting: 0.0429 s
    [TIMING] Base Aleatoric: 0.0426 s
[TIMING] Random Forest fit/check: 0.00 ms
[TIMING] OOB/In-bag index reconstruction: 178.77 ms
[TIMING] Leaf weights & density precomputation: 762.09 ms
[TIMING] Transfer structures to backend: 0.02 ms
[TIMING] Total fit: 940.89 ms
[TIMING] Test leaf ID extraction: 35.44 ms
[TIMING] Proximity matrix accumulation: 528.51 ms
[TIMING] Neighbor sorting & quantiles: 53.00 ms
[TIMING] Total compute_uq: 617.54 ms
    [TIMING] UQ Calculation (Proximity_Baseline): 1.5610 s
[TIMING] Random Forest fit/check: 0.00 ms
[TIMING] OOB/In-bag index reconstruction: 179.55 ms
[TIMING] Leaf weights & density precomputation: 883.88 ms
[TIMING] Transfer structures to backend: 0.01 ms
[TIMING] Total fit: 1063.44 ms
[TIMING] Test leaf ID extraction: 35.38 ms
[TIMING] Proximity matrix accumulation: 1335.87 ms
[TIMING] Neighbor sorting & quantiles: 42.26 ms
[TIMING] Total compute_uq: 1413.95 ms
    [TIMING] UQ Calculation (Proximity_Method_A): 2.4777 s
[TIMING] Random Forest fit/check: 0.00 ms
[TIMING] OOB/In-bag index reconstruction: 177.02 ms
[TIMING] Leaf weights & density precomputation: 344.27 ms
[TIMING] Transfer structures to backend: 0.02 ms
[TIMING] Total fit: 521.31 ms
[TIMING] Test leaf ID extraction: 34.92 ms
[TIMING] Proximity matrix accumulation: 1316.83 ms
[TIMING] Neighbor sorting & quantiles: 38.02 ms
[TIMING] Total compute_uq: 1390.03 ms
    [TIMING] UQ Calculation (Proximity_Method_B): 1.9148 s
[TIMING] Random Forest fit/check: 0.00 ms
[TIMING] OOB/In-bag index reconstruction: 177.86 ms
[TIMING] Leaf weights & density precomputation: 893.83 ms
[TIMING] Transfer structures to backend: 0.02 ms
[TIMING] Total fit: 1071.72 ms
[TIMING] Test leaf ID extraction: 35.54 ms
[TIMING] Proximity matrix accumulation: 1967.62 ms
[TIMING] Neighbor sorting & quantiles: 52.28 ms
[TIMING] Total compute_uq: 2057.20 ms
[DEBUG DENSITY] mean walked density = 64.3529, min = 54.1076, max = 74.4090
    [TIMING] UQ Calculation (Proximity_Method_C): 3.1397 s
[TIMING] Random Forest fit/check: 0.00 ms
[TIMING] OOB/In-bag index reconstruction: 177.79 ms
[TIMING] Leaf weights & density precomputation: 893.62 ms
[TIMING] Transfer structures to backend: 0.04 ms
[TIMING] Total fit: 1071.45 ms
[TIMING] Test leaf ID extraction: 46.59 ms
[TIMING] Proximity matrix accumulation: 1968.95 ms
[TIMING] Neighbor sorting & quantiles: 48.97 ms
[TIMING] Total compute_uq: 2065.34 ms
[DEBUG DENSITY] mean walked density = 64.3529, min = 54.1076, max = 74.4090
    [TIMING] UQ Calculation (Proximity_Method_B_C): 3.1479 s
    [TIMING] Metrics Calculation: 0.0884 s
    [TIMING] Total Single Evaluation: 12.8769 s

  >>> Starting: Function=gaussian_3d, Seed=6
    [TIMING] Data Generation: 0.0019 s
    [TIMING] Random Forest Fitting: 0.5282 s
    [TIMING] RF Predicting: 0.0426 s
    [TIMING] Base Aleatoric: 0.0410 s
[TIMING] Random Forest fit/check: 0.00 ms
[TIMING] OOB/In-bag index reconstruction: 176.62 ms
[TIMING] Leaf weights & density precomputation: 770.74 ms
[TIMING] Transfer structures to backend: 0.03 ms
[TIMING] Total fit: 947.39 ms
[TIMING] Test leaf ID extraction: 35.98 ms
[TIMING] Proximity matrix accumulation: 530.18 ms
[TIMING] Neighbor sorting & quantiles: 52.93 ms
[TIMING] Total compute_uq: 621.17 ms
    [TIMING] UQ Calculation (Proximity_Baseline): 1.5711 s
[TIMING] Random Forest fit/check: 0.00 ms
[TIMING] OOB/In-bag index reconstruction: 178.87 ms
[TIMING] Leaf weights & density precomputation: 771.08 ms
[TIMING] Transfer structures to backend: 0.02 ms
[TIMING] Total fit: 949.96 ms
[TIMING] Test leaf ID extraction: 35.34 ms
[TIMING] Proximity matrix accumulation: 823.39 ms
[TIMING] Neighbor sorting & quantiles: 26.87 ms
[TIMING] Total compute_uq: 885.81 ms
    [TIMING] UQ Calculation (Proximity_Method_A): 1.8365 s
[TIMING] Random Forest fit/check: 0.00 ms
[TIMING] OOB/In-bag index reconstruction: 176.93 ms
[TIMING] Leaf weights & density precomputation: 590.88 ms
[TIMING] Transfer structures to backend: 0.02 ms
[TIMING] Total fit: 767.84 ms
[TIMING] Test leaf ID extraction: 151.35 ms
[TIMING] Proximity matrix accumulation: 1606.85 ms
[TIMING] Neighbor sorting & quantiles: 60.18 ms
[TIMING] Total compute_uq: 1819.39 ms
    [TIMING] UQ Calculation (Proximity_Method_B): 2.5911 s
[TIMING] Random Forest fit/check: 0.00 ms
[TIMING] OOB/In-bag index reconstruction: 448.91 ms
[TIMING] Leaf weights & density precomputation: 824.88 ms
[TIMING] Transfer structures to backend: 0.02 ms
[TIMING] Total fit: 1273.81 ms
[TIMING] Test leaf ID extraction: 132.57 ms
[TIMING] Proximity matrix accumulation: 1982.20 ms
[TIMING] Neighbor sorting & quantiles: 61.18 ms
[TIMING] Total compute_uq: 2176.73 ms
[DEBUG DENSITY] mean walked density = 64.2893, min = 56.0242, max = 70.3890
    [TIMING] UQ Calculation (Proximity_Method_C): 3.4614 s
[TIMING] Random Forest fit/check: 0.00 ms
[TIMING] OOB/In-bag index reconstruction: 551.71 ms
[TIMING] Leaf weights & density precomputation: 943.51 ms
[TIMING] Transfer structures to backend: 0.02 ms
[TIMING] Total fit: 1495.24 ms
[TIMING] Test leaf ID extraction: 165.28 ms
[TIMING] Proximity matrix accumulation: 1976.56 ms
[TIMING] Neighbor sorting & quantiles: 48.59 ms
[TIMING] Total compute_uq: 2192.20 ms
[DEBUG DENSITY] mean walked density = 64.2893, min = 56.0242, max = 70.3890
    [TIMING] UQ Calculation (Proximity_Method_B_C): 3.6985 s
    [TIMING] Metrics Calculation: 0.1132 s
    [TIMING] Total Single Evaluation: 13.8860 s

  >>> Starting: Function=sin_exp_cos, Seed=6
    [TIMING] Data Generation: 0.0037 s
    [TIMING] Random Forest Fitting: 0.5734 s
    [TIMING] RF Predicting: 0.0437 s
    [TIMING] Base Aleatoric: 0.0597 s
[TIMING] Random Forest fit/check: 0.00 ms
[TIMING] OOB/In-bag index reconstruction: 274.67 ms
[TIMING] Leaf weights & density precomputation: 77.66 ms
[TIMING] Transfer structures to backend: 0.02 ms
[TIMING] Total fit: 352.35 ms
[TIMING] Test leaf ID extraction: 45.83 ms
[TIMING] Proximity matrix accumulation: 293.80 ms
[TIMING] Neighbor sorting & quantiles: 28.50 ms
[TIMING] Total compute_uq: 368.40 ms
    [TIMING] UQ Calculation (Proximity_Baseline): 0.7213 s
[TIMING] Random Forest fit/check: 0.00 ms
[TIMING] OOB/In-bag index reconstruction: 189.60 ms
[TIMING] Leaf weights & density precomputation: 603.15 ms
[TIMING] Transfer structures to backend: 0.01 ms
[TIMING] Total fit: 792.77 ms
[TIMING] Test leaf ID extraction: 46.67 ms
[TIMING] Proximity matrix accumulation: 1591.44 ms
[TIMING] Neighbor sorting & quantiles: 52.23 ms
[TIMING] Total compute_uq: 1692.07 ms
    [TIMING] UQ Calculation (Proximity_Method_A): 2.4876 s
[TIMING] Random Forest fit/check: 0.00 ms
[TIMING] OOB/In-bag index reconstruction: 189.58 ms
[TIMING] Leaf weights & density precomputation: 893.57 ms
[TIMING] Transfer structures to backend: 0.02 ms
[TIMING] Total fit: 1083.17 ms
[TIMING] Test leaf ID extraction: 46.46 ms
[TIMING] Proximity matrix accumulation: 1593.39 ms
[TIMING] Neighbor sorting & quantiles: 51.02 ms
[TIMING] Total compute_uq: 1692.01 ms
    [TIMING] UQ Calculation (Proximity_Method_B): 2.7787 s
[TIMING] Random Forest fit/check: 0.00 ms
[TIMING] OOB/In-bag index reconstruction: 189.73 ms
[TIMING] Leaf weights & density precomputation: 894.33 ms
[TIMING] Transfer structures to backend: 0.02 ms
[TIMING] Total fit: 1084.08 ms
[TIMING] Test leaf ID extraction: 46.96 ms
[TIMING] Proximity matrix accumulation: 1968.63 ms
[TIMING] Neighbor sorting & quantiles: 52.21 ms
[TIMING] Total compute_uq: 2068.56 ms
[DEBUG DENSITY] mean walked density = 63.1201, min = 53.7239, max = 70.6542
    [TIMING] UQ Calculation (Proximity_Method_C): 3.1636 s
[TIMING] Random Forest fit/check: 0.00 ms
[TIMING] OOB/In-bag index reconstruction: 191.34 ms
[TIMING] Leaf weights & density precomputation: 894.89 ms
[TIMING] Transfer structures to backend: 0.02 ms
[TIMING] Total fit: 1086.25 ms
[TIMING] Test leaf ID extraction: 45.57 ms
[TIMING] Proximity matrix accumulation: 1969.66 ms
[TIMING] Neighbor sorting & quantiles: 50.87 ms
[TIMING] Total compute_uq: 2068.22 ms
[DEBUG DENSITY] mean walked density = 63.1201, min = 53.7239, max = 70.6542
    [TIMING] UQ Calculation (Proximity_Method_B_C): 3.1655 s
    [TIMING] Metrics Calculation: 0.1012 s
    [TIMING] Total Single Evaluation: 13.0988 s

  >>> Starting: Function=sin_cos_4d, Seed=6
    [TIMING] Data Generation: 0.0054 s
    [TIMING] Random Forest Fitting: 0.9820 s
    [TIMING] RF Predicting: 0.0544 s
    [TIMING] Base Aleatoric: 0.0507 s
[TIMING] Random Forest fit/check: 0.00 ms
[TIMING] OOB/In-bag index reconstruction: 198.32 ms
[TIMING] Leaf weights & density precomputation: 354.93 ms
[TIMING] Transfer structures to backend: 0.02 ms
[TIMING] Total fit: 553.26 ms
[TIMING] Test leaf ID extraction: 36.78 ms
[TIMING] Proximity matrix accumulation: 504.88 ms
[TIMING] Neighbor sorting & quantiles: 44.47 ms
[TIMING] Total compute_uq: 586.39 ms
    [TIMING] UQ Calculation (Proximity_Baseline): 1.1402 s
[TIMING] Random Forest fit/check: 0.00 ms
[TIMING] OOB/In-bag index reconstruction: 181.40 ms
[TIMING] Leaf weights & density precomputation: 483.49 ms
[TIMING] Transfer structures to backend: 0.02 ms
[TIMING] Total fit: 664.91 ms
[TIMING] Test leaf ID extraction: 35.36 ms
[TIMING] Proximity matrix accumulation: 2835.22 ms
[TIMING] Neighbor sorting & quantiles: 95.83 ms
[TIMING] Total compute_uq: 2966.89 ms
    [TIMING] UQ Calculation (Proximity_Method_A): 3.6346 s
[TIMING] Random Forest fit/check: 0.00 ms
[TIMING] OOB/In-bag index reconstruction: 181.48 ms
[TIMING] Leaf weights & density precomputation: 935.86 ms
[TIMING] Transfer structures to backend: 0.03 ms
[TIMING] Total fit: 1117.37 ms
[TIMING] Test leaf ID extraction: 37.09 ms
[TIMING] Proximity matrix accumulation: 2842.11 ms
[TIMING] Neighbor sorting & quantiles: 69.69 ms
[TIMING] Total compute_uq: 2949.85 ms
    [TIMING] UQ Calculation (Proximity_Method_B): 4.0708 s
[TIMING] Random Forest fit/check: 0.00 ms
[TIMING] OOB/In-bag index reconstruction: 182.01 ms
[TIMING] Leaf weights & density precomputation: 936.93 ms
[TIMING] Transfer structures to backend: 0.01 ms
[TIMING] Total fit: 1118.95 ms
[TIMING] Test leaf ID extraction: 36.98 ms
[TIMING] Proximity matrix accumulation: 3544.03 ms
[TIMING] Neighbor sorting & quantiles: 95.97 ms
[TIMING] Total compute_uq: 3677.75 ms
[DEBUG DENSITY] mean walked density = 63.7228, min = 54.0739, max = 68.0787
    [TIMING] UQ Calculation (Proximity_Method_C): 4.8077 s
[TIMING] Random Forest fit/check: 0.00 ms
[TIMING] OOB/In-bag index reconstruction: 180.85 ms
[TIMING] Leaf weights & density precomputation: 935.03 ms
[TIMING] Transfer structures to backend: 0.02 ms
[TIMING] Total fit: 1115.89 ms
[TIMING] Test leaf ID extraction: 37.12 ms
[TIMING] Proximity matrix accumulation: 2618.50 ms
[TIMING] Neighbor sorting & quantiles: 42.04 ms
[TIMING] Total compute_uq: 2699.65 ms
[DEBUG DENSITY] mean walked density = 63.7228, min = 54.0739, max = 68.0787
    [TIMING] UQ Calculation (Proximity_Method_B_C): 3.8172 s
    [TIMING] Metrics Calculation: 0.0915 s
    [TIMING] Total Single Evaluation: 18.6549 s

  >>> Starting: Function=quadratic_4d, Seed=6
    [TIMING] Data Generation: 0.0035 s
    [TIMING] Random Forest Fitting: 0.7685 s
    [TIMING] RF Predicting: 0.0530 s
    [TIMING] Base Aleatoric: 0.0548 s
[TIMING] Random Forest fit/check: 0.00 ms
[TIMING] OOB/In-bag index reconstruction: 193.11 ms
[TIMING] Leaf weights & density precomputation: 67.16 ms
[TIMING] Transfer structures to backend: 0.01 ms
[TIMING] Total fit: 260.28 ms
[TIMING] Test leaf ID extraction: 46.62 ms
[TIMING] Proximity matrix accumulation: 460.49 ms
[TIMING] Neighbor sorting & quantiles: 39.68 ms
[TIMING] Total compute_uq: 547.26 ms
    [TIMING] UQ Calculation (Proximity_Baseline): 0.8077 s
[TIMING] Random Forest fit/check: 0.00 ms
[TIMING] OOB/In-bag index reconstruction: 193.01 ms
[TIMING] Leaf weights & density precomputation: 386.89 ms
[TIMING] Transfer structures to backend: 0.02 ms
[TIMING] Total fit: 579.91 ms
[TIMING] Test leaf ID extraction: 46.46 ms
[TIMING] Proximity matrix accumulation: 1314.46 ms
[TIMING] Neighbor sorting & quantiles: 40.30 ms
[TIMING] Total compute_uq: 1401.49 ms
    [TIMING] UQ Calculation (Proximity_Method_A): 1.9820 s
[TIMING] Random Forest fit/check: 0.00 ms
[TIMING] OOB/In-bag index reconstruction: 192.35 ms
[TIMING] Leaf weights & density precomputation: 940.44 ms
[TIMING] Transfer structures to backend: 0.02 ms
[TIMING] Total fit: 1132.81 ms
[TIMING] Test leaf ID extraction: 46.81 ms
[TIMING] Proximity matrix accumulation: 2834.01 ms
[TIMING] Neighbor sorting & quantiles: 69.40 ms
[TIMING] Total compute_uq: 2951.09 ms
    [TIMING] UQ Calculation (Proximity_Method_B): 4.0874 s
[TIMING] Random Forest fit/check: 0.00 ms
[TIMING] OOB/In-bag index reconstruction: 190.57 ms
[TIMING] Leaf weights & density precomputation: 572.65 ms
[TIMING] Transfer structures to backend: 0.02 ms
[TIMING] Total fit: 763.25 ms
[TIMING] Test leaf ID extraction: 45.97 ms
[TIMING] Proximity matrix accumulation: 2643.84 ms
[TIMING] Neighbor sorting & quantiles: 70.17 ms
[TIMING] Total compute_uq: 2760.25 ms
[DEBUG DENSITY] mean walked density = 64.6286, min = 55.9814, max = 71.0455
    [TIMING] UQ Calculation (Proximity_Method_C): 3.5344 s
[TIMING] Random Forest fit/check: 0.00 ms
[TIMING] OOB/In-bag index reconstruction: 191.80 ms
[TIMING] Leaf weights & density precomputation: 939.02 ms
[TIMING] Transfer structures to backend: 0.02 ms
[TIMING] Total fit: 1130.84 ms
[TIMING] Test leaf ID extraction: 46.42 ms
[TIMING] Proximity matrix accumulation: 3553.98 ms
[TIMING] Neighbor sorting & quantiles: 69.84 ms
[TIMING] Total compute_uq: 3670.89 ms
[DEBUG DENSITY] mean walked density = 64.6286, min = 55.9814, max = 71.0455
    [TIMING] UQ Calculation (Proximity_Method_B_C): 4.8126 s
    [TIMING] Metrics Calculation: 0.1015 s
    [TIMING] Total Single Evaluation: 16.2058 s

  >>> Starting: Function=sin_sum_4d, Seed=6
    [TIMING] Data Generation: 0.0033 s
    [TIMING] Random Forest Fitting: 0.7671 s
    [TIMING] RF Predicting: 0.0530 s
    [TIMING] Base Aleatoric: 0.0594 s
[TIMING] Random Forest fit/check: 0.00 ms
[TIMING] OOB/In-bag index reconstruction: 190.40 ms
[TIMING] Leaf weights & density precomputation: 774.29 ms
[TIMING] Transfer structures to backend: 0.02 ms
[TIMING] Total fit: 964.71 ms
[TIMING] Test leaf ID extraction: 46.80 ms
[TIMING] Proximity matrix accumulation: 1040.58 ms
[TIMING] Neighbor sorting & quantiles: 97.57 ms
[TIMING] Total compute_uq: 1186.79 ms
    [TIMING] UQ Calculation (Proximity_Baseline): 2.1540 s
[TIMING] Random Forest fit/check: 0.00 ms
[TIMING] OOB/In-bag index reconstruction: 205.32 ms
[TIMING] Leaf weights & density precomputation: 936.22 ms
[TIMING] Transfer structures to backend: 0.02 ms
[TIMING] Total fit: 1141.56 ms
[TIMING] Test leaf ID extraction: 46.01 ms
[TIMING] Proximity matrix accumulation: 1720.85 ms
[TIMING] Neighbor sorting & quantiles: 62.70 ms
[TIMING] Total compute_uq: 1831.99 ms
    [TIMING] UQ Calculation (Proximity_Method_A): 2.9763 s
[TIMING] Random Forest fit/check: 0.00 ms
[TIMING] OOB/In-bag index reconstruction: 285.64 ms
[TIMING] Leaf weights & density precomputation: 946.38 ms
[TIMING] Transfer structures to backend: 0.02 ms
[TIMING] Total fit: 1232.04 ms
[TIMING] Test leaf ID extraction: 48.05 ms
[TIMING] Proximity matrix accumulation: 2838.10 ms
[TIMING] Neighbor sorting & quantiles: 66.36 ms
[TIMING] Total compute_uq: 2954.71 ms
    [TIMING] UQ Calculation (Proximity_Method_B): 4.1908 s
[TIMING] Random Forest fit/check: 0.00 ms
[TIMING] OOB/In-bag index reconstruction: 277.85 ms
[TIMING] Leaf weights & density precomputation: 941.37 ms
[TIMING] Transfer structures to backend: 0.02 ms
[TIMING] Total fit: 1219.25 ms
[TIMING] Test leaf ID extraction: 48.30 ms
[TIMING] Proximity matrix accumulation: 3534.06 ms
[TIMING] Neighbor sorting & quantiles: 102.99 ms
[TIMING] Total compute_uq: 3686.44 ms
[DEBUG DENSITY] mean walked density = 63.8688, min = 54.2711, max = 72.0254
    [TIMING] UQ Calculation (Proximity_Method_C): 4.9171 s
[TIMING] Random Forest fit/check: 0.00 ms
[TIMING] OOB/In-bag index reconstruction: 443.93 ms
[TIMING] Leaf weights & density precomputation: 1007.07 ms
[TIMING] Transfer structures to backend: 0.02 ms
[TIMING] Total fit: 1451.02 ms
[TIMING] Test leaf ID extraction: 184.26 ms
[TIMING] Proximity matrix accumulation: 1962.16 ms
[TIMING] Neighbor sorting & quantiles: 47.55 ms
[TIMING] Total compute_uq: 2194.30 ms
[DEBUG DENSITY] mean walked density = 63.8688, min = 54.2711, max = 72.0254
    [TIMING] UQ Calculation (Proximity_Method_B_C): 3.6475 s
    [TIMING] Metrics Calculation: 2.3936 s
    [TIMING] Total Single Evaluation: 21.1627 s

  >>> Starting: Function=sin_cos_5d, Seed=6
    [TIMING] Data Generation: 0.0058 s
    [TIMING] Random Forest Fitting: 1.6163 s
    [TIMING] RF Predicting: 0.0541 s
    [TIMING] Base Aleatoric: 0.0815 s
[TIMING] Random Forest fit/check: 0.00 ms
[TIMING] OOB/In-bag index reconstruction: 359.29 ms
[TIMING] Leaf weights & density precomputation: 796.21 ms
[TIMING] Transfer structures to backend: 0.03 ms
[TIMING] Total fit: 1155.53 ms
[TIMING] Test leaf ID extraction: 57.74 ms
[TIMING] Proximity matrix accumulation: 1695.35 ms
[TIMING] Neighbor sorting & quantiles: 161.26 ms
[TIMING] Total compute_uq: 1916.79 ms
    [TIMING] UQ Calculation (Proximity_Baseline): 3.0749 s
[TIMING] Random Forest fit/check: 0.00 ms
[TIMING] OOB/In-bag index reconstruction: 229.11 ms
[TIMING] Leaf weights & density precomputation: 994.07 ms
[TIMING] Transfer structures to backend: 0.02 ms
[TIMING] Total fit: 1223.20 ms
[TIMING] Test leaf ID extraction: 47.99 ms
[TIMING] Proximity matrix accumulation: 3467.00 ms
[TIMING] Neighbor sorting & quantiles: 117.42 ms
[TIMING] Total compute_uq: 3632.89 ms
    [TIMING] UQ Calculation (Proximity_Method_A): 4.8568 s
[TIMING] Random Forest fit/check: 0.00 ms
[TIMING] OOB/In-bag index reconstruction: 243.22 ms
[TIMING] Leaf weights & density precomputation: 996.08 ms
[TIMING] Transfer structures to backend: 0.02 ms
[TIMING] Total fit: 1239.32 ms
[TIMING] Test leaf ID extraction: 57.52 ms
[TIMING] Proximity matrix accumulation: 4417.46 ms
[TIMING] Neighbor sorting & quantiles: 89.72 ms
[TIMING] Total compute_uq: 4565.59 ms
    [TIMING] UQ Calculation (Proximity_Method_B): 5.8084 s
[TIMING] Random Forest fit/check: 0.00 ms
[TIMING] OOB/In-bag index reconstruction: 238.48 ms
[TIMING] Leaf weights & density precomputation: 995.40 ms
[TIMING] Transfer structures to backend: 0.01 ms
[TIMING] Total fit: 1233.90 ms
[TIMING] Test leaf ID extraction: 58.03 ms
[TIMING] Proximity matrix accumulation: 5521.18 ms
[TIMING] Neighbor sorting & quantiles: 160.04 ms
[TIMING] Total compute_uq: 5741.62 ms
[DEBUG DENSITY] mean walked density = 63.9330, min = 59.9681, max = 67.4855
    [TIMING] UQ Calculation (Proximity_Method_C): 6.9864 s
[TIMING] Random Forest fit/check: 0.00 ms
[TIMING] OOB/In-bag index reconstruction: 228.00 ms
[TIMING] Leaf weights & density precomputation: 987.51 ms
[TIMING] Transfer structures to backend: 0.02 ms
[TIMING] Total fit: 1215.53 ms
[TIMING] Test leaf ID extraction: 46.34 ms
[TIMING] Proximity matrix accumulation: 3123.91 ms
[TIMING] Neighbor sorting & quantiles: 32.83 ms
[TIMING] Total compute_uq: 3204.44 ms
[DEBUG DENSITY] mean walked density = 63.9330, min = 59.9681, max = 67.4855
    [TIMING] UQ Calculation (Proximity_Method_B_C): 4.4214 s
    [TIMING] Metrics Calculation: 0.0959 s
    [TIMING] Total Single Evaluation: 27.0021 s

  >>> Starting: Function=quadratic_5d, Seed=6
    [TIMING] Data Generation: 0.0047 s
    [TIMING] Random Forest Fitting: 2.2619 s
    [TIMING] RF Predicting: 0.2298 s
    [TIMING] Base Aleatoric: 0.2071 s
[TIMING] Random Forest fit/check: 0.00 ms
[TIMING] OOB/In-bag index reconstruction: 544.21 ms
[TIMING] Leaf weights & density precomputation: 165.23 ms
[TIMING] Transfer structures to backend: 0.02 ms
[TIMING] Total fit: 709.46 ms
[TIMING] Test leaf ID extraction: 202.73 ms
[TIMING] Proximity matrix accumulation: 768.76 ms
[TIMING] Neighbor sorting & quantiles: 87.25 ms
[TIMING] Total compute_uq: 1059.10 ms
    [TIMING] UQ Calculation (Proximity_Baseline): 1.7687 s
[TIMING] Random Forest fit/check: 0.00 ms
[TIMING] OOB/In-bag index reconstruction: 552.05 ms
[TIMING] Leaf weights & density precomputation: 793.70 ms
[TIMING] Transfer structures to backend: 0.02 ms
[TIMING] Total fit: 1345.76 ms
[TIMING] Test leaf ID extraction: 153.22 ms
[TIMING] Proximity matrix accumulation: 3001.21 ms
[TIMING] Neighbor sorting & quantiles: 148.51 ms
[TIMING] Total compute_uq: 3303.34 ms
    [TIMING] UQ Calculation (Proximity_Method_A): 4.6520 s
[TIMING] Random Forest fit/check: 0.00 ms
[TIMING] OOB/In-bag index reconstruction: 267.77 ms
[TIMING] Leaf weights & density precomputation: 996.57 ms
[TIMING] Transfer structures to backend: 0.02 ms
[TIMING] Total fit: 1264.36 ms
[TIMING] Test leaf ID extraction: 57.87 ms
[TIMING] Proximity matrix accumulation: 3337.49 ms
[TIMING] Neighbor sorting & quantiles: 64.38 ms
[TIMING] Total compute_uq: 3462.16 ms
    [TIMING] UQ Calculation (Proximity_Method_B): 4.7302 s
[TIMING] Random Forest fit/check: 0.00 ms
[TIMING] OOB/In-bag index reconstruction: 239.11 ms
[TIMING] Leaf weights & density precomputation: 1000.72 ms
[TIMING] Transfer structures to backend: 0.02 ms
[TIMING] Total fit: 1239.85 ms
[TIMING] Test leaf ID extraction: 46.93 ms
[TIMING] Proximity matrix accumulation: 5528.97 ms
[TIMING] Neighbor sorting & quantiles: 158.86 ms
[TIMING] Total compute_uq: 5735.49 ms
[DEBUG DENSITY] mean walked density = 64.3441, min = 55.7043, max = 69.9157
    [TIMING] UQ Calculation (Proximity_Method_C): 6.9864 s
[TIMING] Random Forest fit/check: 0.00 ms
[TIMING] OOB/In-bag index reconstruction: 240.95 ms
[TIMING] Leaf weights & density precomputation: 1005.27 ms
[TIMING] Transfer structures to backend: 0.02 ms
[TIMING] Total fit: 1246.24 ms
[TIMING] Test leaf ID extraction: 47.13 ms
[TIMING] Proximity matrix accumulation: 4941.59 ms
[TIMING] Neighbor sorting & quantiles: 69.29 ms
[TIMING] Total compute_uq: 5058.45 ms
[DEBUG DENSITY] mean walked density = 64.3441, min = 55.7043, max = 69.9157
    [TIMING] UQ Calculation (Proximity_Method_B_C): 6.3076 s
    [TIMING] Metrics Calculation: 0.1021 s
    [TIMING] Total Single Evaluation: 27.2511 s

  >>> Starting: Function=gaussian_5d, Seed=6
    [TIMING] Data Generation: 0.0049 s
    [TIMING] Random Forest Fitting: 1.1689 s
    [TIMING] RF Predicting: 0.0532 s
    [TIMING] Base Aleatoric: 0.0684 s
[TIMING] Random Forest fit/check: 0.00 ms
[TIMING] OOB/In-bag index reconstruction: 229.52 ms
[TIMING] Leaf weights & density precomputation: 772.47 ms
[TIMING] Transfer structures to backend: 0.03 ms
[TIMING] Total fit: 1002.03 ms
[TIMING] Test leaf ID extraction: 48.02 ms
[TIMING] Proximity matrix accumulation: 1689.00 ms
[TIMING] Neighbor sorting & quantiles: 161.13 ms
[TIMING] Total compute_uq: 1898.81 ms
    [TIMING] UQ Calculation (Proximity_Baseline): 2.9034 s
[TIMING] Random Forest fit/check: 0.00 ms
[TIMING] OOB/In-bag index reconstruction: 242.74 ms
[TIMING] Leaf weights & density precomputation: 986.05 ms
[TIMING] Transfer structures to backend: 0.02 ms
[TIMING] Total fit: 1228.81 ms
[TIMING] Test leaf ID extraction: 48.08 ms
[TIMING] Proximity matrix accumulation: 4416.37 ms
[TIMING] Neighbor sorting & quantiles: 160.10 ms
[TIMING] Total compute_uq: 4626.96 ms
    [TIMING] UQ Calculation (Proximity_Method_A): 5.8587 s
[TIMING] Random Forest fit/check: 0.00 ms
[TIMING] OOB/In-bag index reconstruction: 227.16 ms
[TIMING] Leaf weights & density precomputation: 772.58 ms
[TIMING] Transfer structures to backend: 0.02 ms
[TIMING] Total fit: 999.75 ms
[TIMING] Test leaf ID extraction: 46.44 ms
[TIMING] Proximity matrix accumulation: 3459.79 ms
[TIMING] Neighbor sorting & quantiles: 64.86 ms
[TIMING] Total compute_uq: 3571.40 ms
    [TIMING] UQ Calculation (Proximity_Method_B): 4.5739 s
[TIMING] Random Forest fit/check: 0.00 ms
[TIMING] OOB/In-bag index reconstruction: 230.06 ms
[TIMING] Leaf weights & density precomputation: 996.13 ms
[TIMING] Transfer structures to backend: 0.02 ms
[TIMING] Total fit: 1226.20 ms
[TIMING] Test leaf ID extraction: 46.54 ms
[TIMING] Proximity matrix accumulation: 5542.32 ms
[TIMING] Neighbor sorting & quantiles: 160.31 ms
[TIMING] Total compute_uq: 5750.39 ms
[DEBUG DENSITY] mean walked density = 63.5887, min = 57.1352, max = 69.6748
    [TIMING] UQ Calculation (Proximity_Method_C): 6.9875 s
[TIMING] Random Forest fit/check: 0.00 ms
[TIMING] OOB/In-bag index reconstruction: 228.48 ms
[TIMING] Leaf weights & density precomputation: 994.09 ms
[TIMING] Transfer structures to backend: 0.10 ms
[TIMING] Total fit: 1222.67 ms
[TIMING] Test leaf ID extraction: 57.90 ms
[TIMING] Proximity matrix accumulation: 5552.19 ms
[TIMING] Neighbor sorting & quantiles: 89.70 ms
[TIMING] Total compute_uq: 5700.77 ms
[DEBUG DENSITY] mean walked density = 63.5887, min = 57.1352, max = 69.6748
    [TIMING] UQ Calculation (Proximity_Method_B_C): 6.9349 s
    [TIMING] Metrics Calculation: 0.0974 s
    [TIMING] Total Single Evaluation: 28.6518 s

  >>> Starting: Function=sin_cos_6d, Seed=6
    [TIMING] Data Generation: 0.0084 s
    [TIMING] Random Forest Fitting: 2.1343 s
    [TIMING] RF Predicting: 0.0528 s
    [TIMING] Base Aleatoric: 0.0612 s
[TIMING] Random Forest fit/check: 0.00 ms
[TIMING] OOB/In-bag index reconstruction: 240.78 ms
[TIMING] Leaf weights & density precomputation: 799.56 ms
[TIMING] Transfer structures to backend: 0.03 ms
[TIMING] Total fit: 1040.37 ms
[TIMING] Test leaf ID extraction: 47.88 ms
[TIMING] Proximity matrix accumulation: 2468.11 ms
[TIMING] Neighbor sorting & quantiles: 208.49 ms
[TIMING] Total compute_uq: 2725.24 ms
    [TIMING] UQ Calculation (Proximity_Baseline): 3.7682 s
[TIMING] Random Forest fit/check: 0.00 ms
[TIMING] OOB/In-bag index reconstruction: 230.44 ms
[TIMING] Leaf weights & density precomputation: 1070.22 ms
[TIMING] Transfer structures to backend: 0.02 ms
[TIMING] Total fit: 1300.68 ms
[TIMING] Test leaf ID extraction: 47.21 ms
[TIMING] Proximity matrix accumulation: 6335.74 ms
[TIMING] Neighbor sorting & quantiles: 206.32 ms
[TIMING] Total compute_uq: 6590.67 ms
    [TIMING] UQ Calculation (Proximity_Method_A): 7.8934 s
[TIMING] Random Forest fit/check: 0.00 ms
[TIMING] OOB/In-bag index reconstruction: 230.45 ms
[TIMING] Leaf weights & density precomputation: 742.99 ms
[TIMING] Transfer structures to backend: 0.02 ms
[TIMING] Total fit: 973.46 ms
[TIMING] Test leaf ID extraction: 46.84 ms
[TIMING] Proximity matrix accumulation: 2815.25 ms
[TIMING] Neighbor sorting & quantiles: 27.06 ms
[TIMING] Total compute_uq: 2889.51 ms
    [TIMING] UQ Calculation (Proximity_Method_B): 3.8641 s
[TIMING] Random Forest fit/check: 0.00 ms
[TIMING] OOB/In-bag index reconstruction: 243.16 ms
[TIMING] Leaf weights & density precomputation: 571.07 ms
[TIMING] Transfer structures to backend: 0.02 ms
[TIMING] Total fit: 814.25 ms
[TIMING] Test leaf ID extraction: 57.67 ms
[TIMING] Proximity matrix accumulation: 4010.90 ms
[TIMING] Neighbor sorting & quantiles: 109.51 ms
[TIMING] Total compute_uq: 4178.44 ms
[DEBUG DENSITY] mean walked density = 64.6600, min = 60.7052, max = 68.9745
    [TIMING] UQ Calculation (Proximity_Method_C): 5.0038 s
[TIMING] Random Forest fit/check: 0.00 ms
[TIMING] OOB/In-bag index reconstruction: 231.07 ms
[TIMING] Leaf weights & density precomputation: 1065.81 ms
[TIMING] Transfer structures to backend: 0.02 ms
[TIMING] Total fit: 1296.91 ms
[TIMING] Test leaf ID extraction: 47.76 ms
[TIMING] Proximity matrix accumulation: 6720.24 ms
[TIMING] Neighbor sorting & quantiles: 78.11 ms
[TIMING] Total compute_uq: 6848.14 ms
[DEBUG DENSITY] mean walked density = 64.6600, min = 60.7052, max = 68.9745
    [TIMING] UQ Calculation (Proximity_Method_B_C): 8.1560 s
    [TIMING] Metrics Calculation: 0.1243 s
    [TIMING] Total Single Evaluation: 31.0672 s

  >>> Starting: Function=quadratic_6d, Seed=6
    [TIMING] Data Generation: 0.0068 s
    [TIMING] Random Forest Fitting: 1.5666 s
    [TIMING] RF Predicting: 0.0527 s
    [TIMING] Base Aleatoric: 0.0585 s
[TIMING] Random Forest fit/check: 0.00 ms
[TIMING] OOB/In-bag index reconstruction: 231.70 ms
[TIMING] Leaf weights & density precomputation: 782.33 ms
[TIMING] Transfer structures to backend: 0.03 ms
[TIMING] Total fit: 1014.06 ms
[TIMING] Test leaf ID extraction: 46.90 ms
[TIMING] Proximity matrix accumulation: 2475.61 ms
[TIMING] Neighbor sorting & quantiles: 209.94 ms
[TIMING] Total compute_uq: 2734.28 ms
    [TIMING] UQ Calculation (Proximity_Baseline): 3.7508 s
[TIMING] Random Forest fit/check: 0.00 ms
[TIMING] OOB/In-bag index reconstruction: 329.77 ms
[TIMING] Leaf weights & density precomputation: 1083.73 ms
[TIMING] Transfer structures to backend: 0.02 ms
[TIMING] Total fit: 1413.52 ms
[TIMING] Test leaf ID extraction: 49.22 ms
[TIMING] Proximity matrix accumulation: 6138.85 ms
[TIMING] Neighbor sorting & quantiles: 199.83 ms
[TIMING] Total compute_uq: 6389.24 ms
    [TIMING] UQ Calculation (Proximity_Method_A): 7.8033 s
[TIMING] Random Forest fit/check: 0.00 ms
[TIMING] OOB/In-bag index reconstruction: 254.90 ms
[TIMING] Leaf weights & density precomputation: 572.45 ms
[TIMING] Transfer structures to backend: 0.02 ms
[TIMING] Total fit: 827.36 ms
[TIMING] Test leaf ID extraction: 46.00 ms
[TIMING] Proximity matrix accumulation: 6219.35 ms
[TIMING] Neighbor sorting & quantiles: 110.73 ms
[TIMING] Total compute_uq: 6377.37 ms
    [TIMING] UQ Calculation (Proximity_Method_B): 7.2085 s
[TIMING] Random Forest fit/check: 0.00 ms
[TIMING] OOB/In-bag index reconstruction: 230.53 ms
[TIMING] Leaf weights & density precomputation: 1066.81 ms
[TIMING] Transfer structures to backend: 0.02 ms
[TIMING] Total fit: 1297.36 ms
[TIMING] Test leaf ID extraction: 47.27 ms
[TIMING] Proximity matrix accumulation: 7909.02 ms
[TIMING] Neighbor sorting & quantiles: 203.26 ms
[TIMING] Total compute_uq: 8160.04 ms
[DEBUG DENSITY] mean walked density = 64.5961, min = 53.2606, max = 69.9609
    [TIMING] UQ Calculation (Proximity_Method_C): 9.4684 s
[TIMING] Random Forest fit/check: 0.03 ms
[TIMING] OOB/In-bag index reconstruction: 253.49 ms
[TIMING] Leaf weights & density precomputation: 631.61 ms
[TIMING] Transfer structures to backend: 0.02 ms
[TIMING] Total fit: 885.15 ms
[TIMING] Test leaf ID extraction: 56.37 ms
[TIMING] Proximity matrix accumulation: 6190.58 ms
[TIMING] Neighbor sorting & quantiles: 97.49 ms
[TIMING] Total compute_uq: 6344.85 ms
[DEBUG DENSITY] mean walked density = 64.5961, min = 53.2606, max = 69.9609
    [TIMING] UQ Calculation (Proximity_Method_B_C): 7.2516 s
    [TIMING] Metrics Calculation: 2.2742 s
    [TIMING] Total Single Evaluation: 39.4421 s

  >>> Starting: Function=friedman_6d, Seed=6
    [TIMING] Data Generation: 0.0083 s
    [TIMING] Random Forest Fitting: 1.4017 s
    [TIMING] RF Predicting: 0.0528 s
    [TIMING] Base Aleatoric: 0.0580 s
[TIMING] Random Forest fit/check: 0.00 ms
[TIMING] OOB/In-bag index reconstruction: 230.01 ms
[TIMING] Leaf weights & density precomputation: 784.27 ms
[TIMING] Transfer structures to backend: 0.02 ms
[TIMING] Total fit: 1014.30 ms
[TIMING] Test leaf ID extraction: 47.60 ms
[TIMING] Proximity matrix accumulation: 2475.11 ms
[TIMING] Neighbor sorting & quantiles: 209.71 ms
[TIMING] Total compute_uq: 2733.53 ms
    [TIMING] UQ Calculation (Proximity_Baseline): 3.7504 s
[TIMING] Random Forest fit/check: 0.00 ms
[TIMING] OOB/In-bag index reconstruction: 254.84 ms
[TIMING] Leaf weights & density precomputation: 1070.83 ms
[TIMING] Transfer structures to backend: 0.02 ms
[TIMING] Total fit: 1325.69 ms
[TIMING] Test leaf ID extraction: 48.07 ms
[TIMING] Proximity matrix accumulation: 5189.97 ms
[TIMING] Neighbor sorting & quantiles: 170.84 ms
[TIMING] Total compute_uq: 5411.33 ms
    [TIMING] UQ Calculation (Proximity_Method_A): 6.7398 s
[TIMING] Random Forest fit/check: 0.00 ms
[TIMING] OOB/In-bag index reconstruction: 230.34 ms
[TIMING] Leaf weights & density precomputation: 1070.65 ms
[TIMING] Transfer structures to backend: 0.02 ms
[TIMING] Total fit: 1301.02 ms
[TIMING] Test leaf ID extraction: 46.74 ms
[TIMING] Proximity matrix accumulation: 6344.34 ms
[TIMING] Neighbor sorting & quantiles: 107.94 ms
[TIMING] Total compute_uq: 6499.43 ms
    [TIMING] UQ Calculation (Proximity_Method_B): 7.8040 s
[TIMING] Random Forest fit/check: 0.00 ms
[TIMING] OOB/In-bag index reconstruction: 229.69 ms
[TIMING] Leaf weights & density precomputation: 1069.90 ms
[TIMING] Transfer structures to backend: 0.02 ms
[TIMING] Total fit: 1299.61 ms
[TIMING] Test leaf ID extraction: 46.60 ms
[TIMING] Proximity matrix accumulation: 7907.98 ms
[TIMING] Neighbor sorting & quantiles: 207.35 ms
[TIMING] Total compute_uq: 8163.10 ms
[DEBUG DENSITY] mean walked density = 64.2011, min = 57.3871, max = 69.7722
    [TIMING] UQ Calculation (Proximity_Method_C): 9.4737 s
[TIMING] Random Forest fit/check: 0.00 ms
[TIMING] OOB/In-bag index reconstruction: 242.86 ms
[TIMING] Leaf weights & density precomputation: 723.12 ms
[TIMING] Transfer structures to backend: 0.01 ms
[TIMING] Total fit: 966.00 ms
[TIMING] Test leaf ID extraction: 57.41 ms
[TIMING] Proximity matrix accumulation: 3519.30 ms
[TIMING] Neighbor sorting & quantiles: 25.43 ms
[TIMING] Total compute_uq: 3602.47 ms
[DEBUG DENSITY] mean walked density = 64.2011, min = 57.3871, max = 69.7722
    [TIMING] UQ Calculation (Proximity_Method_B_C): 4.5699 s
    [TIMING] Metrics Calculation: 0.1689 s
    [TIMING] Total Single Evaluation: 34.0283 s

  >>> Starting: Function=sin_cos_7d, Seed=6
    [TIMING] Data Generation: 0.0145 s
    [TIMING] Random Forest Fitting: 2.8288 s
    [TIMING] RF Predicting: 0.0428 s
    [TIMING] Base Aleatoric: 0.0717 s
[TIMING] Random Forest fit/check: 0.00 ms
[TIMING] OOB/In-bag index reconstruction: 244.73 ms
[TIMING] Leaf weights & density precomputation: 784.99 ms
[TIMING] Transfer structures to backend: 0.03 ms
[TIMING] Total fit: 1029.74 ms
[TIMING] Test leaf ID extraction: 59.80 ms
[TIMING] Proximity matrix accumulation: 2581.55 ms
[TIMING] Neighbor sorting & quantiles: 208.21 ms
[TIMING] Total compute_uq: 2851.03 ms
    [TIMING] UQ Calculation (Proximity_Baseline): 3.8813 s
[TIMING] Random Forest fit/check: 0.00 ms
[TIMING] OOB/In-bag index reconstruction: 244.18 ms
[TIMING] Leaf weights & density precomputation: 1130.29 ms
[TIMING] Transfer structures to backend: 0.02 ms
[TIMING] Total fit: 1374.49 ms
[TIMING] Test leaf ID extraction: 57.71 ms
[TIMING] Proximity matrix accumulation: 8597.80 ms
[TIMING] Neighbor sorting & quantiles: 291.21 ms
[TIMING] Total compute_uq: 8948.33 ms
    [TIMING] UQ Calculation (Proximity_Method_A): 10.3256 s
[TIMING] Random Forest fit/check: 0.00 ms
[TIMING] OOB/In-bag index reconstruction: 253.52 ms
[TIMING] Leaf weights & density precomputation: 1126.01 ms
[TIMING] Transfer structures to backend: 0.02 ms
[TIMING] Total fit: 1379.55 ms
[TIMING] Test leaf ID extraction: 57.51 ms
[TIMING] Proximity matrix accumulation: 7441.60 ms
[TIMING] Neighbor sorting & quantiles: 100.35 ms
[TIMING] Total compute_uq: 7599.99 ms
    [TIMING] UQ Calculation (Proximity_Method_B): 8.9833 s
[TIMING] Random Forest fit/check: 0.00 ms
[TIMING] OOB/In-bag index reconstruction: 242.54 ms
[TIMING] Leaf weights & density precomputation: 1122.37 ms
[TIMING] Transfer structures to backend: 0.02 ms
[TIMING] Total fit: 1364.93 ms
[TIMING] Test leaf ID extraction: 57.95 ms
[TIMING] Proximity matrix accumulation: 10700.41 ms
[TIMING] Neighbor sorting & quantiles: 286.15 ms
[TIMING] Total compute_uq: 11046.79 ms
[DEBUG DENSITY] mean walked density = 64.2302, min = 60.5648, max = 68.2016
    [TIMING] UQ Calculation (Proximity_Method_C): 12.4228 s
[TIMING] Random Forest fit/check: 0.00 ms
[TIMING] OOB/In-bag index reconstruction: 243.59 ms
[TIMING] Leaf weights & density precomputation: 1124.07 ms
[TIMING] Transfer structures to backend: 0.02 ms
[TIMING] Total fit: 1367.68 ms
[TIMING] Test leaf ID extraction: 57.66 ms
[TIMING] Proximity matrix accumulation: 9573.12 ms
[TIMING] Neighbor sorting & quantiles: 113.61 ms
[TIMING] Total compute_uq: 9744.87 ms
[DEBUG DENSITY] mean walked density = 64.2302, min = 60.5648, max = 68.2016
    [TIMING] UQ Calculation (Proximity_Method_B_C): 11.1236 s
    [TIMING] Metrics Calculation: 0.1217 s
    [TIMING] Total Single Evaluation: 49.8169 s

  >>> Starting: Function=quadratic_7d, Seed=6
    [TIMING] Data Generation: 0.0088 s
    [TIMING] Random Forest Fitting: 2.1844 s
    [TIMING] RF Predicting: 0.0538 s
    [TIMING] Base Aleatoric: 0.0737 s
[TIMING] Random Forest fit/check: 0.00 ms
[TIMING] OOB/In-bag index reconstruction: 242.63 ms
[TIMING] Leaf weights & density precomputation: 788.55 ms
[TIMING] Transfer structures to backend: 0.02 ms
[TIMING] Total fit: 1031.20 ms
[TIMING] Test leaf ID extraction: 47.96 ms
[TIMING] Proximity matrix accumulation: 3435.41 ms
[TIMING] Neighbor sorting & quantiles: 294.68 ms
[TIMING] Total compute_uq: 3779.09 ms
    [TIMING] UQ Calculation (Proximity_Baseline): 4.8128 s
[TIMING] Random Forest fit/check: 0.00 ms
[TIMING] OOB/In-bag index reconstruction: 245.49 ms
[TIMING] Leaf weights & density precomputation: 1123.85 ms
[TIMING] Transfer structures to backend: 0.02 ms
[TIMING] Total fit: 1369.35 ms
[TIMING] Test leaf ID extraction: 47.30 ms
[TIMING] Proximity matrix accumulation: 7433.52 ms
[TIMING] Neighbor sorting & quantiles: 245.55 ms
[TIMING] Total compute_uq: 7727.53 ms
    [TIMING] UQ Calculation (Proximity_Method_A): 9.0998 s
[TIMING] Random Forest fit/check: 0.00 ms
[TIMING] OOB/In-bag index reconstruction: 231.44 ms
[TIMING] Leaf weights & density precomputation: 1123.15 ms
[TIMING] Transfer structures to backend: 0.02 ms
[TIMING] Total fit: 1354.61 ms
[TIMING] Test leaf ID extraction: 47.71 ms
[TIMING] Proximity matrix accumulation: 8583.45 ms
[TIMING] Neighbor sorting & quantiles: 129.35 ms
[TIMING] Total compute_uq: 8762.56 ms
    [TIMING] UQ Calculation (Proximity_Method_B): 10.1208 s
[TIMING] Random Forest fit/check: 0.03 ms
[TIMING] OOB/In-bag index reconstruction: 245.08 ms
[TIMING] Leaf weights & density precomputation: 1121.74 ms
[TIMING] Transfer structures to backend: 0.02 ms
[TIMING] Total fit: 1366.87 ms
[TIMING] Test leaf ID extraction: 47.81 ms
[TIMING] Proximity matrix accumulation: 6760.16 ms
[TIMING] Neighbor sorting & quantiles: 168.57 ms
[TIMING] Total compute_uq: 6978.35 ms
[DEBUG DENSITY] mean walked density = 64.1395, min = 55.1502, max = 68.9475
    [TIMING] UQ Calculation (Proximity_Method_C): 8.3472 s
[TIMING] Random Forest fit/check: 0.00 ms
[TIMING] OOB/In-bag index reconstruction: 519.30 ms
[TIMING] Leaf weights & density precomputation: 1060.67 ms
[TIMING] Transfer structures to backend: 0.02 ms
[TIMING] Total fit: 1579.99 ms
[TIMING] Test leaf ID extraction: 48.00 ms
[TIMING] Proximity matrix accumulation: 5155.45 ms
[TIMING] Neighbor sorting & quantiles: 42.58 ms
[TIMING] Total compute_uq: 5246.40 ms
[DEBUG DENSITY] mean walked density = 64.1395, min = 55.1502, max = 68.9475
    [TIMING] UQ Calculation (Proximity_Method_B_C): 6.8376 s
    [TIMING] Metrics Calculation: 0.2442 s
    [TIMING] Total Single Evaluation: 41.7838 s

  >>> Starting: Function=interaction_7d, Seed=6
    [TIMING] Data Generation: 0.0121 s
    [TIMING] Random Forest Fitting: 2.1246 s
    [TIMING] RF Predicting: 0.0530 s
    [TIMING] Base Aleatoric: 0.0727 s
[TIMING] Random Forest fit/check: 0.00 ms
[TIMING] OOB/In-bag index reconstruction: 244.24 ms
[TIMING] Leaf weights & density precomputation: 534.72 ms
[TIMING] Transfer structures to backend: 0.02 ms
[TIMING] Total fit: 778.98 ms
[TIMING] Test leaf ID extraction: 58.89 ms
[TIMING] Proximity matrix accumulation: 2382.52 ms
[TIMING] Neighbor sorting & quantiles: 206.13 ms
[TIMING] Total compute_uq: 2647.88 ms
    [TIMING] UQ Calculation (Proximity_Baseline): 3.4294 s
[TIMING] Random Forest fit/check: 0.00 ms
[TIMING] OOB/In-bag index reconstruction: 243.30 ms
[TIMING] Leaf weights & density precomputation: 1125.88 ms
[TIMING] Transfer structures to backend: 0.02 ms
[TIMING] Total fit: 1369.20 ms
[TIMING] Test leaf ID extraction: 57.31 ms
[TIMING] Proximity matrix accumulation: 8586.59 ms
[TIMING] Neighbor sorting & quantiles: 291.53 ms
[TIMING] Total compute_uq: 8937.18 ms
    [TIMING] UQ Calculation (Proximity_Method_A): 10.3093 s
[TIMING] Random Forest fit/check: 0.03 ms
[TIMING] OOB/In-bag index reconstruction: 257.96 ms
[TIMING] Leaf weights & density precomputation: 1119.98 ms
[TIMING] Transfer structures to backend: 0.01 ms
[TIMING] Total fit: 1377.99 ms
[TIMING] Test leaf ID extraction: 57.69 ms
[TIMING] Proximity matrix accumulation: 7397.70 ms
[TIMING] Neighbor sorting & quantiles: 113.66 ms
[TIMING] Total compute_uq: 7569.59 ms
    [TIMING] UQ Calculation (Proximity_Method_B): 8.9512 s
[TIMING] Random Forest fit/check: 0.00 ms
[TIMING] OOB/In-bag index reconstruction: 241.39 ms
[TIMING] Leaf weights & density precomputation: 1118.59 ms
[TIMING] Transfer structures to backend: 0.02 ms
[TIMING] Total fit: 1360.00 ms
[TIMING] Test leaf ID extraction: 59.68 ms
[TIMING] Proximity matrix accumulation: 10697.63 ms
[TIMING] Neighbor sorting & quantiles: 285.56 ms
[TIMING] Total compute_uq: 11043.56 ms
[DEBUG DENSITY] mean walked density = 63.8131, min = 55.5675, max = 69.1523
    [TIMING] UQ Calculation (Proximity_Method_C): 12.4146 s
[TIMING] Random Forest fit/check: 0.00 ms
[TIMING] OOB/In-bag index reconstruction: 244.89 ms
[TIMING] Leaf weights & density precomputation: 826.60 ms
[TIMING] Transfer structures to backend: 0.02 ms
[TIMING] Total fit: 1071.50 ms
[TIMING] Test leaf ID extraction: 58.78 ms
[TIMING] Proximity matrix accumulation: 9845.99 ms
[TIMING] Neighbor sorting & quantiles: 113.89 ms
[TIMING] Total compute_uq: 10019.10 ms
[DEBUG DENSITY] mean walked density = 63.8131, min = 55.5675, max = 69.1523
    [TIMING] UQ Calculation (Proximity_Method_B_C): 11.1017 s
    [TIMING] Metrics Calculation: 0.1085 s
    [TIMING] Total Single Evaluation: 48.5779 s

  >>> Starting: Function=sin_cos_8d, Seed=6
    [TIMING] Data Generation: 0.0132 s
    [TIMING] Random Forest Fitting: 3.7658 s
    [TIMING] RF Predicting: 0.0530 s
    [TIMING] Base Aleatoric: 0.0850 s
[TIMING] Random Forest fit/check: 0.00 ms
[TIMING] OOB/In-bag index reconstruction: 258.42 ms
[TIMING] Leaf weights & density precomputation: 789.86 ms
[TIMING] Transfer structures to backend: 0.02 ms
[TIMING] Total fit: 1048.31 ms
[TIMING] Test leaf ID extraction: 61.72 ms
[TIMING] Proximity matrix accumulation: 3520.44 ms
[TIMING] Neighbor sorting & quantiles: 270.52 ms
[TIMING] Total compute_uq: 3854.38 ms
    [TIMING] UQ Calculation (Proximity_Baseline): 4.9033 s
[TIMING] Random Forest fit/check: 0.00 ms
[TIMING] OOB/In-bag index reconstruction: 246.40 ms
[TIMING] Leaf weights & density precomputation: 1199.81 ms
[TIMING] Transfer structures to backend: 0.02 ms
[TIMING] Total fit: 1446.23 ms
[TIMING] Test leaf ID extraction: 61.23 ms
[TIMING] Proximity matrix accumulation: 11168.30 ms
[TIMING] Neighbor sorting & quantiles: 355.49 ms
[TIMING] Total compute_uq: 11586.93 ms
    [TIMING] UQ Calculation (Proximity_Method_A): 13.0360 s
[TIMING] Random Forest fit/check: 0.00 ms
[TIMING] OOB/In-bag index reconstruction: 258.16 ms
[TIMING] Leaf weights & density precomputation: 1174.63 ms
[TIMING] Transfer structures to backend: 0.02 ms
[TIMING] Total fit: 1432.81 ms
[TIMING] Test leaf ID extraction: 70.74 ms
[TIMING] Proximity matrix accumulation: 8256.74 ms
[TIMING] Neighbor sorting & quantiles: 98.88 ms
[TIMING] Total compute_uq: 8428.40 ms
    [TIMING] UQ Calculation (Proximity_Method_B): 9.8626 s
[TIMING] Random Forest fit/check: 0.00 ms
[TIMING] OOB/In-bag index reconstruction: 269.72 ms
[TIMING] Leaf weights & density precomputation: 727.44 ms
[TIMING] Transfer structures to backend: 0.02 ms
[TIMING] Total fit: 997.18 ms
[TIMING] Test leaf ID extraction: 69.52 ms
[TIMING] Proximity matrix accumulation: 7424.25 ms
[TIMING] Neighbor sorting & quantiles: 194.90 ms
[TIMING] Total compute_uq: 7689.06 ms
[DEBUG DENSITY] mean walked density = 64.4055, min = 61.2684, max = 67.6817
    [TIMING] UQ Calculation (Proximity_Method_C): 8.6974 s
[TIMING] Random Forest fit/check: 0.00 ms
[TIMING] OOB/In-bag index reconstruction: 257.38 ms
[TIMING] Leaf weights & density precomputation: 1196.08 ms
[TIMING] Transfer structures to backend: 0.02 ms
[TIMING] Total fit: 1453.47 ms
[TIMING] Test leaf ID extraction: 61.29 ms
[TIMING] Proximity matrix accumulation: 12744.49 ms
[TIMING] Neighbor sorting & quantiles: 140.70 ms
[TIMING] Total compute_uq: 12947.43 ms
[DEBUG DENSITY] mean walked density = 64.4055, min = 61.2684, max = 67.6817
    [TIMING] UQ Calculation (Proximity_Method_B_C): 14.4121 s
    [TIMING] Metrics Calculation: 0.1626 s
    [TIMING] Total Single Evaluation: 54.9916 s

  >>> Starting: Function=quadratic_8d, Seed=6
    [TIMING] Data Generation: 0.0110 s
    [TIMING] Random Forest Fitting: 2.6962 s
    [TIMING] RF Predicting: 0.0530 s
    [TIMING] Base Aleatoric: 0.0760 s
[TIMING] Random Forest fit/check: 0.00 ms
[TIMING] OOB/In-bag index reconstruction: 247.56 ms
[TIMING] Leaf weights & density precomputation: 797.23 ms
[TIMING] Transfer structures to backend: 0.02 ms
[TIMING] Total fit: 1044.82 ms
[TIMING] Test leaf ID extraction: 61.12 ms
[TIMING] Proximity matrix accumulation: 4520.59 ms
[TIMING] Neighbor sorting & quantiles: 358.45 ms
[TIMING] Total compute_uq: 4942.52 ms
    [TIMING] UQ Calculation (Proximity_Baseline): 5.9900 s
[TIMING] Random Forest fit/check: 0.00 ms
[TIMING] OOB/In-bag index reconstruction: 245.78 ms
[TIMING] Leaf weights & density precomputation: 781.92 ms
[TIMING] Transfer structures to backend: 0.02 ms
[TIMING] Total fit: 1027.72 ms
[TIMING] Test leaf ID extraction: 61.04 ms
[TIMING] Proximity matrix accumulation: 10309.18 ms
[TIMING] Neighbor sorting & quantiles: 329.08 ms
[TIMING] Total compute_uq: 10699.73 ms
    [TIMING] UQ Calculation (Proximity_Method_A): 11.7303 s
[TIMING] Random Forest fit/check: 0.00 ms
[TIMING] OOB/In-bag index reconstruction: 264.64 ms
[TIMING] Leaf weights & density precomputation: 1176.81 ms
[TIMING] Transfer structures to backend: 0.02 ms
[TIMING] Total fit: 1441.47 ms
[TIMING] Test leaf ID extraction: 61.49 ms
[TIMING] Proximity matrix accumulation: 10364.60 ms
[TIMING] Neighbor sorting & quantiles: 136.97 ms
[TIMING] Total compute_uq: 10563.56 ms
    [TIMING] UQ Calculation (Proximity_Method_B): 12.0071 s
[TIMING] Random Forest fit/check: 0.00 ms
[TIMING] OOB/In-bag index reconstruction: 258.72 ms
[TIMING] Leaf weights & density precomputation: 959.34 ms
[TIMING] Transfer structures to backend: 0.02 ms
[TIMING] Total fit: 1218.08 ms
[TIMING] Test leaf ID extraction: 61.09 ms
[TIMING] Proximity matrix accumulation: 13999.68 ms
[TIMING] Neighbor sorting & quantiles: 355.37 ms
[TIMING] Total compute_uq: 14417.37 ms
[DEBUG DENSITY] mean walked density = 63.6332, min = 58.1738, max = 69.3190
    [TIMING] UQ Calculation (Proximity_Method_C): 15.6467 s
[TIMING] Random Forest fit/check: 0.00 ms
[TIMING] OOB/In-bag index reconstruction: 247.17 ms
[TIMING] Leaf weights & density precomputation: 1179.98 ms
[TIMING] Transfer structures to backend: 0.01 ms
[TIMING] Total fit: 1427.17 ms
[TIMING] Test leaf ID extraction: 60.80 ms
[TIMING] Proximity matrix accumulation: 12758.59 ms
[TIMING] Neighbor sorting & quantiles: 142.62 ms
[TIMING] Total compute_uq: 12963.75 ms
[DEBUG DENSITY] mean walked density = 63.6332, min = 58.1738, max = 69.3190
    [TIMING] UQ Calculation (Proximity_Method_B_C): 14.4020 s
    [TIMING] Metrics Calculation: 0.1335 s
    [TIMING] Total Single Evaluation: 62.7464 s

  >>> Starting: Function=exp_sum_8d, Seed=6
    [TIMING] Data Generation: 0.0111 s
    [TIMING] Random Forest Fitting: 3.0494 s
    [TIMING] RF Predicting: 0.0634 s
    [TIMING] Base Aleatoric: 0.0857 s
[TIMING] Random Forest fit/check: 0.00 ms
[TIMING] OOB/In-bag index reconstruction: 247.36 ms
[TIMING] Leaf weights & density precomputation: 767.16 ms
[TIMING] Transfer structures to backend: 0.03 ms
[TIMING] Total fit: 1014.55 ms
[TIMING] Test leaf ID extraction: 215.95 ms
[TIMING] Proximity matrix accumulation: 4502.02 ms
[TIMING] Neighbor sorting & quantiles: 403.70 ms
[TIMING] Total compute_uq: 5122.34 ms
    [TIMING] UQ Calculation (Proximity_Baseline): 6.1391 s
[TIMING] Random Forest fit/check: 0.00 ms
[TIMING] OOB/In-bag index reconstruction: 1244.55 ms
[TIMING] Leaf weights & density precomputation: 2477.20 ms
[TIMING] Transfer structures to backend: 0.02 ms
[TIMING] Total fit: 3721.77 ms
[TIMING] Test leaf ID extraction: 245.12 ms
[TIMING] Proximity matrix accumulation: 5914.26 ms
[TIMING] Neighbor sorting & quantiles: 205.77 ms
[TIMING] Total compute_uq: 6366.77 ms
    [TIMING] UQ Calculation (Proximity_Method_A): 10.0891 s
[TIMING] Random Forest fit/check: 0.01 ms
[TIMING] OOB/In-bag index reconstruction: 357.01 ms
[TIMING] Leaf weights & density precomputation: 843.96 ms
[TIMING] Transfer structures to backend: 0.04 ms
[TIMING] Total fit: 1201.01 ms
[TIMING] Test leaf ID extraction: 82.40 ms
[TIMING] Proximity matrix accumulation: 4973.44 ms
[TIMING] Neighbor sorting & quantiles: 41.96 ms
[TIMING] Total compute_uq: 5098.22 ms
    [TIMING] UQ Calculation (Proximity_Method_B): 6.3007 s
[TIMING] Random Forest fit/check: 0.00 ms
[TIMING] OOB/In-bag index reconstruction: 257.54 ms
[TIMING] Leaf weights & density precomputation: 661.53 ms
[TIMING] Transfer structures to backend: 0.02 ms
[TIMING] Total fit: 919.08 ms
[TIMING] Test leaf ID extraction: 81.37 ms
[TIMING] Proximity matrix accumulation: 11497.25 ms
[TIMING] Neighbor sorting & quantiles: 293.86 ms
[TIMING] Total compute_uq: 11873.15 ms
[DEBUG DENSITY] mean walked density = 64.0620, min = 59.8248, max = 70.0791
    [TIMING] UQ Calculation (Proximity_Method_C): 12.8032 s
[TIMING] Random Forest fit/check: 0.00 ms
[TIMING] OOB/In-bag index reconstruction: 246.95 ms
[TIMING] Leaf weights & density precomputation: 811.30 ms
[TIMING] Transfer structures to backend: 0.02 ms
[TIMING] Total fit: 1058.27 ms
[TIMING] Test leaf ID extraction: 60.81 ms
[TIMING] Proximity matrix accumulation: 13101.17 ms
[TIMING] Neighbor sorting & quantiles: 149.69 ms
[TIMING] Total compute_uq: 13312.10 ms
[DEBUG DENSITY] mean walked density = 64.0620, min = 59.8248, max = 70.0791
    [TIMING] UQ Calculation (Proximity_Method_B_C): 14.3816 s
    [TIMING] Metrics Calculation: 0.1340 s
    [TIMING] Total Single Evaluation: 53.0580 s

  >>> Starting: Function=sin_cos_9d, Seed=6
    [TIMING] Data Generation: 0.0167 s
    [TIMING] Random Forest Fitting: 4.4845 s
    [TIMING] RF Predicting: 0.0634 s
    [TIMING] Base Aleatoric: 0.0885 s
[TIMING] Random Forest fit/check: 0.00 ms
[TIMING] OOB/In-bag index reconstruction: 329.57 ms
[TIMING] Leaf weights & density precomputation: 800.92 ms
[TIMING] Transfer structures to backend: 0.02 ms
[TIMING] Total fit: 1130.52 ms
[TIMING] Test leaf ID extraction: 70.17 ms
[TIMING] Proximity matrix accumulation: 4565.47 ms
[TIMING] Neighbor sorting & quantiles: 400.62 ms
[TIMING] Total compute_uq: 5037.94 ms
    [TIMING] UQ Calculation (Proximity_Baseline): 6.1711 s
[TIMING] Random Forest fit/check: 0.00 ms
[TIMING] OOB/In-bag index reconstruction: 330.57 ms
[TIMING] Leaf weights & density precomputation: 1235.88 ms
[TIMING] Transfer structures to backend: 0.04 ms
[TIMING] Total fit: 1566.49 ms
[TIMING] Test leaf ID extraction: 81.10 ms
[TIMING] Proximity matrix accumulation: 14198.49 ms
[TIMING] Neighbor sorting & quantiles: 465.96 ms
[TIMING] Total compute_uq: 14746.35 ms
    [TIMING] UQ Calculation (Proximity_Method_A): 16.3136 s
[TIMING] Random Forest fit/check: 0.00 ms
[TIMING] OOB/In-bag index reconstruction: 340.61 ms
[TIMING] Leaf weights & density precomputation: 1234.08 ms
[TIMING] Transfer structures to backend: 0.02 ms
[TIMING] Total fit: 1574.71 ms
[TIMING] Test leaf ID extraction: 69.64 ms
[TIMING] Proximity matrix accumulation: 12973.69 ms
[TIMING] Neighbor sorting & quantiles: 161.20 ms
[TIMING] Total compute_uq: 13205.57 ms
    [TIMING] UQ Calculation (Proximity_Method_B): 14.7840 s
[TIMING] Random Forest fit/check: 0.00 ms
[TIMING] OOB/In-bag index reconstruction: 343.16 ms
[TIMING] Leaf weights & density precomputation: 1236.66 ms
[TIMING] Transfer structures to backend: 0.02 ms
[TIMING] Total fit: 1579.84 ms
[TIMING] Test leaf ID extraction: 70.51 ms
[TIMING] Proximity matrix accumulation: 17699.75 ms
[TIMING] Neighbor sorting & quantiles: 474.35 ms
[TIMING] Total compute_uq: 18245.53 ms
[DEBUG DENSITY] mean walked density = 64.4353, min = 61.3748, max = 67.6583
    [TIMING] UQ Calculation (Proximity_Method_C): 19.8367 s
[TIMING] Random Forest fit/check: 0.03 ms
[TIMING] OOB/In-bag index reconstruction: 331.22 ms
[TIMING] Leaf weights & density precomputation: 1238.65 ms
[TIMING] Transfer structures to backend: 0.03 ms
[TIMING] Total fit: 1569.93 ms
[TIMING] Test leaf ID extraction: 69.85 ms
[TIMING] Proximity matrix accumulation: 16469.72 ms
[TIMING] Neighbor sorting & quantiles: 158.19 ms
[TIMING] Total compute_uq: 16700.33 ms
[DEBUG DENSITY] mean walked density = 64.4353, min = 61.3748, max = 67.6583
    [TIMING] UQ Calculation (Proximity_Method_B_C): 18.2817 s
    [TIMING] Metrics Calculation: 0.1559 s
    [TIMING] Total Single Evaluation: 80.1969 s

  >>> Starting: Function=quadratic_9d, Seed=6
    [TIMING] Data Generation: 0.0131 s
    [TIMING] Random Forest Fitting: 3.4485 s
    [TIMING] RF Predicting: 0.0533 s
    [TIMING] Base Aleatoric: 0.0775 s
[TIMING] Random Forest fit/check: 0.00 ms
[TIMING] OOB/In-bag index reconstruction: 328.39 ms
[TIMING] Leaf weights & density precomputation: 797.53 ms
[TIMING] Transfer structures to backend: 0.02 ms
[TIMING] Total fit: 1125.94 ms
[TIMING] Test leaf ID extraction: 59.06 ms
[TIMING] Proximity matrix accumulation: 5576.84 ms
[TIMING] Neighbor sorting & quantiles: 455.24 ms
[TIMING] Total compute_uq: 6092.52 ms
    [TIMING] UQ Calculation (Proximity_Baseline): 7.2188 s
[TIMING] Random Forest fit/check: 0.00 ms
[TIMING] OOB/In-bag index reconstruction: 349.88 ms
[TIMING] Leaf weights & density precomputation: 714.74 ms
[TIMING] Transfer structures to backend: 0.02 ms
[TIMING] Total fit: 1064.63 ms
[TIMING] Test leaf ID extraction: 68.65 ms
[TIMING] Proximity matrix accumulation: 6294.98 ms
[TIMING] Neighbor sorting & quantiles: 206.74 ms
[TIMING] Total compute_uq: 6570.81 ms
    [TIMING] UQ Calculation (Proximity_Method_A): 7.6360 s
[TIMING] Random Forest fit/check: 0.00 ms
[TIMING] OOB/In-bag index reconstruction: 331.20 ms
[TIMING] Leaf weights & density precomputation: 778.06 ms
[TIMING] Transfer structures to backend: 0.02 ms
[TIMING] Total fit: 1109.27 ms
[TIMING] Test leaf ID extraction: 58.25 ms
[TIMING] Proximity matrix accumulation: 9688.11 ms
[TIMING] Neighbor sorting & quantiles: 109.67 ms
[TIMING] Total compute_uq: 9856.47 ms
    [TIMING] UQ Calculation (Proximity_Method_B): 10.9694 s
[TIMING] Random Forest fit/check: 0.00 ms
[TIMING] OOB/In-bag index reconstruction: 330.97 ms
[TIMING] Leaf weights & density precomputation: 1225.91 ms
[TIMING] Transfer structures to backend: 0.02 ms
[TIMING] Total fit: 1556.89 ms
[TIMING] Test leaf ID extraction: 58.85 ms
[TIMING] Proximity matrix accumulation: 16438.36 ms
[TIMING] Neighbor sorting & quantiles: 447.51 ms
[TIMING] Total compute_uq: 16946.26 ms
[DEBUG DENSITY] mean walked density = 63.5115, min = 55.9705, max = 68.3553
    [TIMING] UQ Calculation (Proximity_Method_C): 18.5142 s
[TIMING] Random Forest fit/check: 0.00 ms
[TIMING] OOB/In-bag index reconstruction: 340.41 ms
[TIMING] Leaf weights & density precomputation: 1236.09 ms
[TIMING] Transfer structures to backend: 0.03 ms
[TIMING] Total fit: 1576.52 ms
[TIMING] Test leaf ID extraction: 58.86 ms
[TIMING] Proximity matrix accumulation: 17300.19 ms
[TIMING] Neighbor sorting & quantiles: 164.16 ms
[TIMING] Total compute_uq: 17524.44 ms
[DEBUG DENSITY] mean walked density = 63.5115, min = 55.9705, max = 68.3553
    [TIMING] UQ Calculation (Proximity_Method_B_C): 19.1029 s
    [TIMING] Metrics Calculation: 0.1661 s
    [TIMING] Total Single Evaluation: 67.2004 s

  >>> Starting: Function=multi_modal_9d, Seed=6
    [TIMING] Data Generation: 0.0174 s
    [TIMING] Random Forest Fitting: 7.9152 s
    [TIMING] RF Predicting: 0.3116 s
    [TIMING] Base Aleatoric: 0.2994 s
[TIMING] Random Forest fit/check: 0.00 ms
[TIMING] OOB/In-bag index reconstruction: 539.18 ms
[TIMING] Leaf weights & density precomputation: 815.54 ms
[TIMING] Transfer structures to backend: 0.03 ms
[TIMING] Total fit: 1354.74 ms
[TIMING] Test leaf ID extraction: 70.18 ms
[TIMING] Proximity matrix accumulation: 5703.48 ms
[TIMING] Neighbor sorting & quantiles: 479.83 ms
[TIMING] Total compute_uq: 6255.25 ms
    [TIMING] UQ Calculation (Proximity_Baseline): 7.6127 s
[TIMING] Random Forest fit/check: 0.00 ms
[TIMING] OOB/In-bag index reconstruction: 309.78 ms
[TIMING] Leaf weights & density precomputation: 1232.07 ms
[TIMING] Transfer structures to backend: 0.02 ms
[TIMING] Total fit: 1541.87 ms
[TIMING] Test leaf ID extraction: 70.43 ms
[TIMING] Proximity matrix accumulation: 13018.18 ms
[TIMING] Neighbor sorting & quantiles: 430.85 ms
[TIMING] Total compute_uq: 13520.76 ms
    [TIMING] UQ Calculation (Proximity_Method_A): 15.0654 s
[TIMING] Random Forest fit/check: 0.00 ms
[TIMING] OOB/In-bag index reconstruction: 340.21 ms
[TIMING] Leaf weights & density precomputation: 1234.95 ms
[TIMING] Transfer structures to backend: 0.02 ms
[TIMING] Total fit: 1575.18 ms
[TIMING] Test leaf ID extraction: 69.82 ms
[TIMING] Proximity matrix accumulation: 14193.98 ms
[TIMING] Neighbor sorting & quantiles: 179.95 ms
[TIMING] Total compute_uq: 14444.78 ms
    [TIMING] UQ Calculation (Proximity_Method_B): 16.0236 s
[TIMING] Random Forest fit/check: 0.00 ms
[TIMING] OOB/In-bag index reconstruction: 604.46 ms
[TIMING] Leaf weights & density precomputation: 1289.08 ms
[TIMING] Transfer structures to backend: 0.02 ms
[TIMING] Total fit: 1893.55 ms
[TIMING] Test leaf ID extraction: 69.71 ms
[TIMING] Proximity matrix accumulation: 16466.62 ms
[TIMING] Neighbor sorting & quantiles: 447.37 ms
[TIMING] Total compute_uq: 16984.93 ms
[DEBUG DENSITY] mean walked density = 64.5831, min = 60.3015, max = 68.4114
    [TIMING] UQ Calculation (Proximity_Method_C): 18.8895 s
[TIMING] Random Forest fit/check: 0.03 ms
[TIMING] OOB/In-bag index reconstruction: 320.37 ms
[TIMING] Leaf weights & density precomputation: 1235.85 ms
[TIMING] Transfer structures to backend: 0.02 ms
[TIMING] Total fit: 1556.27 ms
[TIMING] Test leaf ID extraction: 69.97 ms
[TIMING] Proximity matrix accumulation: 17693.85 ms
[TIMING] Neighbor sorting & quantiles: 178.22 ms
[TIMING] Total compute_uq: 17943.02 ms
[DEBUG DENSITY] mean walked density = 64.5831, min = 60.3015, max = 68.4114
    [TIMING] UQ Calculation (Proximity_Method_B_C): 19.5078 s
    [TIMING] Metrics Calculation: 0.2369 s
    [TIMING] Total Single Evaluation: 85.8804 s

  >>> Starting: Function=sin_cos_10d, Seed=6
    [TIMING] Data Generation: 0.0273 s
    [TIMING] Random Forest Fitting: 6.6500 s
    [TIMING] RF Predicting: 0.3670 s
    [TIMING] Base Aleatoric: 0.2972 s
[TIMING] Random Forest fit/check: 0.00 ms
[TIMING] OOB/In-bag index reconstruction: 1085.41 ms
[TIMING] Leaf weights & density precomputation: 237.79 ms
[TIMING] Transfer structures to backend: 0.02 ms
[TIMING] Total fit: 1323.23 ms
[TIMING] Test leaf ID extraction: 311.24 ms
[TIMING] Proximity matrix accumulation: 3154.90 ms
[TIMING] Neighbor sorting & quantiles: 333.53 ms
[TIMING] Total compute_uq: 3800.15 ms
    [TIMING] UQ Calculation (Proximity_Baseline): 5.1238 s
[TIMING] Random Forest fit/check: 0.00 ms
[TIMING] OOB/In-bag index reconstruction: 344.62 ms
[TIMING] Leaf weights & density precomputation: 854.18 ms
[TIMING] Transfer structures to backend: 0.03 ms
[TIMING] Total fit: 1198.83 ms
[TIMING] Test leaf ID extraction: 78.27 ms
[TIMING] Proximity matrix accumulation: 7786.49 ms
[TIMING] Neighbor sorting & quantiles: 291.50 ms
[TIMING] Total compute_uq: 8156.76 ms
    [TIMING] UQ Calculation (Proximity_Method_A): 9.3561 s
[TIMING] Random Forest fit/check: 0.00 ms
[TIMING] OOB/In-bag index reconstruction: 341.32 ms
[TIMING] Leaf weights & density precomputation: 857.53 ms
[TIMING] Transfer structures to backend: 0.02 ms
[TIMING] Total fit: 1198.86 ms
[TIMING] Test leaf ID extraction: 79.78 ms
[TIMING] Proximity matrix accumulation: 11825.88 ms
[TIMING] Neighbor sorting & quantiles: 128.13 ms
[TIMING] Total compute_uq: 12034.29 ms
    [TIMING] UQ Calculation (Proximity_Method_B): 13.2368 s
[TIMING] Random Forest fit/check: 0.00 ms
[TIMING] OOB/In-bag index reconstruction: 343.46 ms
[TIMING] Leaf weights & density precomputation: 1288.97 ms
[TIMING] Transfer structures to backend: 0.02 ms
[TIMING] Total fit: 1632.44 ms
[TIMING] Test leaf ID extraction: 80.64 ms
[TIMING] Proximity matrix accumulation: 19786.49 ms
[TIMING] Neighbor sorting & quantiles: 553.11 ms
[TIMING] Total compute_uq: 20421.25 ms
[DEBUG DENSITY] mean walked density = 64.4806, min = 61.2016, max = 67.7016
    [TIMING] UQ Calculation (Proximity_Method_C): 22.0648 s
[TIMING] Random Forest fit/check: 0.00 ms
[TIMING] OOB/In-bag index reconstruction: 343.40 ms
[TIMING] Leaf weights & density precomputation: 1308.29 ms
[TIMING] Transfer structures to backend: 0.02 ms
[TIMING] Total fit: 1651.70 ms
[TIMING] Test leaf ID extraction: 79.80 ms
[TIMING] Proximity matrix accumulation: 20635.30 ms
[TIMING] Neighbor sorting & quantiles: 184.40 ms
[TIMING] Total compute_uq: 20900.88 ms
[DEBUG DENSITY] mean walked density = 64.4806, min = 61.2016, max = 67.7016
    [TIMING] UQ Calculation (Proximity_Method_B_C): 22.5547 s
    [TIMING] Metrics Calculation: 2.9110 s
    [TIMING] Total Single Evaluation: 82.5894 s

  >>> Starting: Function=quadratic_10d, Seed=6
    [TIMING] Data Generation: 0.0356 s
    [TIMING] Random Forest Fitting: 4.9174 s
    [TIMING] RF Predicting: 0.0637 s
    [TIMING] Base Aleatoric: 0.0909 s
[TIMING] Random Forest fit/check: 0.00 ms
[TIMING] OOB/In-bag index reconstruction: 341.96 ms
[TIMING] Leaf weights & density precomputation: 804.68 ms
[TIMING] Transfer structures to backend: 0.03 ms
[TIMING] Total fit: 1146.67 ms
[TIMING] Test leaf ID extraction: 70.17 ms
[TIMING] Proximity matrix accumulation: 7082.24 ms
[TIMING] Neighbor sorting & quantiles: 605.49 ms
[TIMING] Total compute_uq: 7759.62 ms
    [TIMING] UQ Calculation (Proximity_Baseline): 8.9090 s
[TIMING] Random Forest fit/check: 0.00 ms
[TIMING] OOB/In-bag index reconstruction: 332.19 ms
[TIMING] Leaf weights & density precomputation: 1286.57 ms
[TIMING] Transfer structures to backend: 0.02 ms
[TIMING] Total fit: 1618.77 ms
[TIMING] Test leaf ID extraction: 71.16 ms
[TIMING] Proximity matrix accumulation: 16243.02 ms
[TIMING] Neighbor sorting & quantiles: 570.36 ms
[TIMING] Total compute_uq: 16887.14 ms
    [TIMING] UQ Calculation (Proximity_Method_A): 18.5087 s
[TIMING] Random Forest fit/check: 0.03 ms
[TIMING] OOB/In-bag index reconstruction: 314.53 ms
[TIMING] Leaf weights & density precomputation: 1291.40 ms
[TIMING] Transfer structures to backend: 0.01 ms
[TIMING] Total fit: 1605.97 ms
[TIMING] Test leaf ID extraction: 70.25 ms
[TIMING] Proximity matrix accumulation: 17518.51 ms
[TIMING] Neighbor sorting & quantiles: 204.62 ms
[TIMING] Total compute_uq: 17793.92 ms
    [TIMING] UQ Calculation (Proximity_Method_B): 19.4036 s
[TIMING] Random Forest fit/check: 0.00 ms
[TIMING] OOB/In-bag index reconstruction: 314.08 ms
[TIMING] Leaf weights & density precomputation: 1293.87 ms
[TIMING] Transfer structures to backend: 0.02 ms
[TIMING] Total fit: 1607.97 ms
[TIMING] Test leaf ID extraction: 70.79 ms
[TIMING] Proximity matrix accumulation: 20597.39 ms
[TIMING] Neighbor sorting & quantiles: 571.08 ms
[TIMING] Total compute_uq: 21241.55 ms
[DEBUG DENSITY] mean walked density = 64.0002, min = 58.7008, max = 68.3683
    [TIMING] UQ Calculation (Proximity_Method_C): 22.8606 s
[TIMING] Random Forest fit/check: 0.00 ms
[TIMING] OOB/In-bag index reconstruction: 343.81 ms
[TIMING] Leaf weights & density precomputation: 1284.29 ms
[TIMING] Transfer structures to backend: 0.02 ms
[TIMING] Total fit: 1628.12 ms
[TIMING] Test leaf ID extraction: 70.22 ms
[TIMING] Proximity matrix accumulation: 21801.98 ms
[TIMING] Neighbor sorting & quantiles: 204.64 ms
[TIMING] Total compute_uq: 22079.36 ms
[DEBUG DENSITY] mean walked density = 64.0002, min = 58.7008, max = 68.3683
    [TIMING] UQ Calculation (Proximity_Method_B_C): 23.7188 s
    [TIMING] Metrics Calculation: 0.1665 s
    [TIMING] Total Single Evaluation: 98.6756 s

  >>> Starting: Function=friedman_10d, Seed=6
    [TIMING] Data Generation: 0.0168 s
    [TIMING] Random Forest Fitting: 3.6231 s
    [TIMING] RF Predicting: 0.0638 s
    [TIMING] Base Aleatoric: 0.1014 s
[TIMING] Random Forest fit/check: 0.00 ms
[TIMING] OOB/In-bag index reconstruction: 342.33 ms
[TIMING] Leaf weights & density precomputation: 803.83 ms
[TIMING] Transfer structures to backend: 0.04 ms
[TIMING] Total fit: 1146.20 ms
[TIMING] Test leaf ID extraction: 81.45 ms
[TIMING] Proximity matrix accumulation: 4600.15 ms
[TIMING] Neighbor sorting & quantiles: 516.14 ms
[TIMING] Total compute_uq: 5198.61 ms
    [TIMING] UQ Calculation (Proximity_Baseline): 6.3452 s
[TIMING] Random Forest fit/check: 0.00 ms
[TIMING] OOB/In-bag index reconstruction: 1406.01 ms
[TIMING] Leaf weights & density precomputation: 1232.15 ms
[TIMING] Transfer structures to backend: 0.02 ms
[TIMING] Total fit: 2638.19 ms
[TIMING] Test leaf ID extraction: 295.71 ms
[TIMING] Proximity matrix accumulation: 7820.97 ms
[TIMING] Neighbor sorting & quantiles: 327.43 ms
[TIMING] Total compute_uq: 8444.63 ms
    [TIMING] UQ Calculation (Proximity_Method_A): 11.0834 s
[TIMING] Random Forest fit/check: 0.00 ms
[TIMING] OOB/In-bag index reconstruction: 332.11 ms
[TIMING] Leaf weights & density precomputation: 743.96 ms
[TIMING] Transfer structures to backend: 0.02 ms
[TIMING] Total fit: 1076.09 ms
[TIMING] Test leaf ID extraction: 80.22 ms
[TIMING] Proximity matrix accumulation: 7784.21 ms
[TIMING] Neighbor sorting & quantiles: 62.72 ms
[TIMING] Total compute_uq: 7927.58 ms
    [TIMING] UQ Calculation (Proximity_Method_B): 9.0048 s
[TIMING] Random Forest fit/check: 0.00 ms
[TIMING] OOB/In-bag index reconstruction: 342.89 ms
[TIMING] Leaf weights & density precomputation: 740.26 ms
[TIMING] Transfer structures to backend: 0.01 ms
[TIMING] Total fit: 1083.16 ms
[TIMING] Test leaf ID extraction: 79.37 ms
[TIMING] Proximity matrix accumulation: 19447.42 ms
[TIMING] Neighbor sorting & quantiles: 530.99 ms
[TIMING] Total compute_uq: 20058.35 ms
[DEBUG DENSITY] mean walked density = 64.5843, min = 55.3739, max = 70.2211
    [TIMING] UQ Calculation (Proximity_Method_C): 21.1438 s
[TIMING] Random Forest fit/check: 0.00 ms
[TIMING] OOB/In-bag index reconstruction: 346.31 ms
[TIMING] Leaf weights & density precomputation: 1297.99 ms
[TIMING] Transfer structures to backend: 0.02 ms
[TIMING] Total fit: 1644.33 ms
[TIMING] Test leaf ID extraction: 80.85 ms
[TIMING] Proximity matrix accumulation: 21854.30 ms
[TIMING] Neighbor sorting & quantiles: 204.40 ms
[TIMING] Total compute_uq: 22141.46 ms
[DEBUG DENSITY] mean walked density = 64.5843, min = 55.3739, max = 70.2211
    [TIMING] UQ Calculation (Proximity_Method_B_C): 23.7976 s
    [TIMING] Metrics Calculation: 0.1712 s
    [TIMING] Total Single Evaluation: 75.3518 s

  >>> Starting: Function=sin_cos_11d, Seed=6
    [TIMING] Data Generation: 0.0237 s
    [TIMING] Random Forest Fitting: 7.7119 s
    [TIMING] RF Predicting: 0.0738 s
    [TIMING] Base Aleatoric: 0.1149 s
[TIMING] Random Forest fit/check: 0.00 ms
[TIMING] OOB/In-bag index reconstruction: 349.03 ms
[TIMING] Leaf weights & density precomputation: 109.87 ms
[TIMING] Transfer structures to backend: 0.02 ms
[TIMING] Total fit: 458.92 ms
[TIMING] Test leaf ID extraction: 80.83 ms
[TIMING] Proximity matrix accumulation: 8318.83 ms
[TIMING] Neighbor sorting & quantiles: 744.49 ms
[TIMING] Total compute_uq: 9144.84 ms
    [TIMING] UQ Calculation (Proximity_Baseline): 9.6064 s
[TIMING] Random Forest fit/check: 0.00 ms
[TIMING] OOB/In-bag index reconstruction: 320.54 ms
[TIMING] Leaf weights & density precomputation: 1332.04 ms
[TIMING] Transfer structures to backend: 0.02 ms
[TIMING] Total fit: 1652.60 ms
[TIMING] Test leaf ID extraction: 91.21 ms
[TIMING] Proximity matrix accumulation: 21166.14 ms
[TIMING] Neighbor sorting & quantiles: 690.18 ms
[TIMING] Total compute_uq: 21948.93 ms
    [TIMING] UQ Calculation (Proximity_Method_A): 23.6044 s
[TIMING] Random Forest fit/check: 0.00 ms
[TIMING] OOB/In-bag index reconstruction: 342.24 ms
[TIMING] Leaf weights & density precomputation: 1350.86 ms
[TIMING] Transfer structures to backend: 0.02 ms
[TIMING] Total fit: 1693.12 ms
[TIMING] Test leaf ID extraction: 94.24 ms
[TIMING] Proximity matrix accumulation: 19930.95 ms
[TIMING] Neighbor sorting & quantiles: 203.09 ms
[TIMING] Total compute_uq: 20229.68 ms
    [TIMING] UQ Calculation (Proximity_Method_B): 21.9269 s
[TIMING] Random Forest fit/check: 0.00 ms
[TIMING] OOB/In-bag index reconstruction: 355.83 ms
[TIMING] Leaf weights & density precomputation: 1357.40 ms
[TIMING] Transfer structures to backend: 0.03 ms
[TIMING] Total fit: 1713.26 ms
[TIMING] Test leaf ID extraction: 91.90 ms
[TIMING] Proximity matrix accumulation: 26391.39 ms
[TIMING] Neighbor sorting & quantiles: 689.77 ms
[TIMING] Total compute_uq: 27174.91 ms
[DEBUG DENSITY] mean walked density = 64.4961, min = 60.5116, max = 67.7717
    [TIMING] UQ Calculation (Proximity_Method_C): 28.8995 s
[TIMING] Random Forest fit/check: 0.00 ms
[TIMING] OOB/In-bag index reconstruction: 341.12 ms
[TIMING] Leaf weights & density precomputation: 1343.38 ms
[TIMING] Transfer structures to backend: 0.04 ms
[TIMING] Total fit: 1684.54 ms
[TIMING] Test leaf ID extraction: 92.56 ms
[TIMING] Proximity matrix accumulation: 24925.34 ms
[TIMING] Neighbor sorting & quantiles: 217.72 ms
[TIMING] Total compute_uq: 25236.75 ms
[DEBUG DENSITY] mean walked density = 64.4961, min = 60.5116, max = 67.7717
    [TIMING] UQ Calculation (Proximity_Method_B_C): 26.9325 s
    [TIMING] Metrics Calculation: 0.1830 s
    [TIMING] Total Single Evaluation: 119.0780 s

  >>> Starting: Function=sin_cos_12d, Seed=6
    [TIMING] Data Generation: 0.0314 s
    [TIMING] Random Forest Fitting: 11.5429 s
    [TIMING] RF Predicting: 0.4517 s
    [TIMING] Base Aleatoric: 0.4107 s
[TIMING] Random Forest fit/check: 0.00 ms
[TIMING] OOB/In-bag index reconstruction: 1278.99 ms
[TIMING] Leaf weights & density precomputation: 361.26 ms
[TIMING] Transfer structures to backend: 0.03 ms
[TIMING] Total fit: 1640.28 ms
[TIMING] Test leaf ID extraction: 452.97 ms
[TIMING] Proximity matrix accumulation: 4616.67 ms
[TIMING] Neighbor sorting & quantiles: 433.60 ms
[TIMING] Total compute_uq: 5503.87 ms
    [TIMING] UQ Calculation (Proximity_Baseline): 7.1445 s
[TIMING] Random Forest fit/check: 0.00 ms
[TIMING] OOB/In-bag index reconstruction: 735.56 ms
[TIMING] Leaf weights & density precomputation: 2755.45 ms
[TIMING] Transfer structures to backend: 0.02 ms
[TIMING] Total fit: 3491.03 ms
[TIMING] Test leaf ID extraction: 347.57 ms
[TIMING] Proximity matrix accumulation: 13950.73 ms
[TIMING] Neighbor sorting & quantiles: 484.40 ms
[TIMING] Total compute_uq: 14783.36 ms
    [TIMING] UQ Calculation (Proximity_Method_A): 18.2752 s
[TIMING] Random Forest fit/check: 0.00 ms
[TIMING] OOB/In-bag index reconstruction: 431.12 ms
[TIMING] Leaf weights & density precomputation: 1342.50 ms
[TIMING] Transfer structures to backend: 0.02 ms
[TIMING] Total fit: 1773.65 ms
[TIMING] Test leaf ID extraction: 340.28 ms
[TIMING] Proximity matrix accumulation: 13833.96 ms
[TIMING] Neighbor sorting & quantiles: 130.31 ms
[TIMING] Total compute_uq: 14305.06 ms
    [TIMING] UQ Calculation (Proximity_Method_B): 16.0807 s
[TIMING] Random Forest fit/check: 0.00 ms
[TIMING] OOB/In-bag index reconstruction: 373.68 ms
[TIMING] Leaf weights & density precomputation: 1112.91 ms
[TIMING] Transfer structures to backend: 0.03 ms
[TIMING] Total fit: 1486.62 ms
[TIMING] Test leaf ID extraction: 90.88 ms
[TIMING] Proximity matrix accumulation: 20111.78 ms
[TIMING] Neighbor sorting & quantiles: 579.81 ms
[TIMING] Total compute_uq: 20783.55 ms
[DEBUG DENSITY] mean walked density = 64.4650, min = 61.2381, max = 68.1885
    [TIMING] UQ Calculation (Proximity_Method_C): 22.2791 s
[TIMING] Random Forest fit/check: 0.00 ms
[TIMING] OOB/In-bag index reconstruction: 328.36 ms
[TIMING] Leaf weights & density precomputation: 1381.80 ms
[TIMING] Transfer structures to backend: 0.02 ms
[TIMING] Total fit: 1710.17 ms
[TIMING] Test leaf ID extraction: 91.66 ms
[TIMING] Proximity matrix accumulation: 20303.17 ms
[TIMING] Neighbor sorting & quantiles: 145.70 ms
[TIMING] Total compute_uq: 20541.08 ms
[DEBUG DENSITY] mean walked density = 64.4650, min = 61.2381, max = 68.1885
    [TIMING] UQ Calculation (Proximity_Method_B_C): 22.2540 s
    [TIMING] Metrics Calculation: 0.2050 s
    [TIMING] Total Single Evaluation: 98.6761 s

  >>> Starting: Function=sin_cos_13d, Seed=6
    [TIMING] Data Generation: 0.0331 s
    [TIMING] Random Forest Fitting: 11.0239 s
    [TIMING] RF Predicting: 0.0837 s
    [TIMING] Base Aleatoric: 0.1262 s
[TIMING] Random Forest fit/check: 0.00 ms
[TIMING] OOB/In-bag index reconstruction: 375.34 ms
[TIMING] Leaf weights & density precomputation: 245.03 ms
[TIMING] Transfer structures to backend: 0.02 ms
[TIMING] Total fit: 620.40 ms
[TIMING] Test leaf ID extraction: 100.86 ms
[TIMING] Proximity matrix accumulation: 8626.33 ms
[TIMING] Neighbor sorting & quantiles: 733.33 ms
[TIMING] Total compute_uq: 9463.03 ms
    [TIMING] UQ Calculation (Proximity_Baseline): 10.0845 s
[TIMING] Random Forest fit/check: 0.00 ms
[TIMING] OOB/In-bag index reconstruction: 355.66 ms
[TIMING] Leaf weights & density precomputation: 1462.73 ms
[TIMING] Transfer structures to backend: 0.02 ms
[TIMING] Total fit: 1818.42 ms
[TIMING] Test leaf ID extraction: 100.30 ms
[TIMING] Proximity matrix accumulation: 20235.32 ms
[TIMING] Neighbor sorting & quantiles: 710.23 ms
[TIMING] Total compute_uq: 21048.43 ms
    [TIMING] UQ Calculation (Proximity_Method_A): 22.8697 s
[TIMING] Random Forest fit/check: 0.03 ms
[TIMING] OOB/In-bag index reconstruction: 366.38 ms
[TIMING] Leaf weights & density precomputation: 1332.17 ms
[TIMING] Transfer structures to backend: 0.02 ms
[TIMING] Total fit: 1698.60 ms
[TIMING] Test leaf ID extraction: 101.12 ms
[TIMING] Proximity matrix accumulation: 20493.63 ms
[TIMING] Neighbor sorting & quantiles: 173.31 ms
[TIMING] Total compute_uq: 20768.71 ms
    [TIMING] UQ Calculation (Proximity_Method_B): 22.4692 s
[TIMING] Random Forest fit/check: 0.00 ms
[TIMING] OOB/In-bag index reconstruction: 362.20 ms
[TIMING] Leaf weights & density precomputation: 1056.07 ms
[TIMING] Transfer structures to backend: 0.02 ms
[TIMING] Total fit: 1418.29 ms
[TIMING] Test leaf ID extraction: 101.88 ms
[TIMING] Proximity matrix accumulation: 27483.62 ms
[TIMING] Neighbor sorting & quantiles: 741.06 ms
[TIMING] Total compute_uq: 28327.17 ms
[DEBUG DENSITY] mean walked density = 64.3463, min = 60.8784, max = 67.7317
    [TIMING] UQ Calculation (Proximity_Method_C): 29.7473 s
[TIMING] Random Forest fit/check: 0.00 ms
[TIMING] OOB/In-bag index reconstruction: 365.82 ms
[TIMING] Leaf weights & density precomputation: 1420.83 ms
[TIMING] Transfer structures to backend: 0.02 ms
[TIMING] Total fit: 1786.67 ms
[TIMING] Test leaf ID extraction: 101.54 ms
[TIMING] Proximity matrix accumulation: 28642.49 ms
[TIMING] Neighbor sorting & quantiles: 211.81 ms
[TIMING] Total compute_uq: 28957.35 ms
[DEBUG DENSITY] mean walked density = 64.3463, min = 60.8784, max = 67.7317
    [TIMING] UQ Calculation (Proximity_Method_B_C): 30.7552 s
    [TIMING] Metrics Calculation: 5.9384 s
    [TIMING] Total Single Evaluation: 133.1322 s

  >>> Starting: Function=sin_cos_14d, Seed=6
    [TIMING] Data Generation: 0.0508 s
    [TIMING] Random Forest Fitting: 12.2684 s
    [TIMING] RF Predicting: 0.0940 s
    [TIMING] Base Aleatoric: 0.1285 s
[TIMING] Random Forest fit/check: 0.00 ms
[TIMING] OOB/In-bag index reconstruction: 367.08 ms
[TIMING] Leaf weights & density precomputation: 817.30 ms
[TIMING] Transfer structures to backend: 0.02 ms
[TIMING] Total fit: 1184.40 ms
[TIMING] Test leaf ID extraction: 105.41 ms
[TIMING] Proximity matrix accumulation: 10712.56 ms
[TIMING] Neighbor sorting & quantiles: 888.00 ms
[TIMING] Total compute_uq: 11707.59 ms
    [TIMING] UQ Calculation (Proximity_Baseline): 12.8955 s
[TIMING] Random Forest fit/check: 0.00 ms
[TIMING] OOB/In-bag index reconstruction: 353.33 ms
[TIMING] Leaf weights & density precomputation: 1363.11 ms
[TIMING] Transfer structures to backend: 0.02 ms
[TIMING] Total fit: 1716.46 ms
[TIMING] Test leaf ID extraction: 104.54 ms
[TIMING] Proximity matrix accumulation: 27887.30 ms
[TIMING] Neighbor sorting & quantiles: 904.74 ms
[TIMING] Total compute_uq: 28897.29 ms
    [TIMING] UQ Calculation (Proximity_Method_A): 30.6148 s
[TIMING] Random Forest fit/check: 0.00 ms
[TIMING] OOB/In-bag index reconstruction: 401.91 ms
[TIMING] Leaf weights & density precomputation: 1511.49 ms
[TIMING] Transfer structures to backend: 0.03 ms
[TIMING] Total fit: 1913.42 ms
[TIMING] Test leaf ID extraction: 102.76 ms
[TIMING] Proximity matrix accumulation: 27015.17 ms
[TIMING] Neighbor sorting & quantiles: 239.65 ms
[TIMING] Total compute_uq: 27360.26 ms
    [TIMING] UQ Calculation (Proximity_Method_B): 29.2778 s
[TIMING] Random Forest fit/check: 0.03 ms
[TIMING] OOB/In-bag index reconstruction: 376.63 ms
[TIMING] Leaf weights & density precomputation: 1149.33 ms
[TIMING] Transfer structures to backend: 0.02 ms
[TIMING] Total fit: 1526.01 ms
[TIMING] Test leaf ID extraction: 104.20 ms
[TIMING] Proximity matrix accumulation: 35717.05 ms
[TIMING] Neighbor sorting & quantiles: 945.92 ms
[TIMING] Total compute_uq: 36768.05 ms
[DEBUG DENSITY] mean walked density = 64.6339, min = 61.2084, max = 68.3917
    [TIMING] UQ Calculation (Proximity_Method_C): 38.3054 s
[TIMING] Random Forest fit/check: 0.00 ms
[TIMING] OOB/In-bag index reconstruction: 378.99 ms
[TIMING] Leaf weights & density precomputation: 1490.06 ms
[TIMING] Transfer structures to backend: 0.02 ms
[TIMING] Total fit: 1869.07 ms
[TIMING] Test leaf ID extraction: 114.57 ms
[TIMING] Proximity matrix accumulation: 35468.73 ms
[TIMING] Neighbor sorting & quantiles: 254.69 ms
[TIMING] Total compute_uq: 35838.58 ms
[DEBUG DENSITY] mean walked density = 64.6339, min = 61.2084, max = 68.3917
    [TIMING] UQ Calculation (Proximity_Method_B_C): 37.7194 s
    [TIMING] Metrics Calculation: 8.6505 s
    [TIMING] Total Single Evaluation: 170.0060 s

  >>> Starting: Function=sin_cos_15d, Seed=6
    [TIMING] Data Generation: 0.0820 s
    [TIMING] Random Forest Fitting: 19.0838 s
    [TIMING] RF Predicting: 0.1044 s
    [TIMING] Base Aleatoric: 0.1398 s
[TIMING] Random Forest fit/check: 0.00 ms
[TIMING] OOB/In-bag index reconstruction: 380.04 ms
[TIMING] Leaf weights & density precomputation: 137.30 ms
[TIMING] Transfer structures to backend: 0.02 ms
[TIMING] Total fit: 517.36 ms
[TIMING] Test leaf ID extraction: 113.22 ms
[TIMING] Proximity matrix accumulation: 14727.09 ms
[TIMING] Neighbor sorting & quantiles: 1229.19 ms
[TIMING] Total compute_uq: 16070.14 ms
    [TIMING] UQ Calculation (Proximity_Baseline): 16.5905 s
[TIMING] Random Forest fit/check: 0.00 ms
[TIMING] OOB/In-bag index reconstruction: 376.24 ms
[TIMING] Leaf weights & density precomputation: 1564.82 ms
[TIMING] Transfer structures to backend: 0.02 ms
[TIMING] Total fit: 1941.08 ms
[TIMING] Test leaf ID extraction: 115.34 ms
[TIMING] Proximity matrix accumulation: 32527.06 ms
[TIMING] Neighbor sorting & quantiles: 1050.83 ms
[TIMING] Total compute_uq: 33695.15 ms
    [TIMING] UQ Calculation (Proximity_Method_A): 35.6384 s
[TIMING] Random Forest fit/check: 0.03 ms
[TIMING] OOB/In-bag index reconstruction: 366.71 ms
[TIMING] Leaf weights & density precomputation: 1569.68 ms
[TIMING] Transfer structures to backend: 0.03 ms
[TIMING] Total fit: 1936.45 ms
[TIMING] Test leaf ID extraction: 114.66 ms
[TIMING] Proximity matrix accumulation: 35062.53 ms
[TIMING] Neighbor sorting & quantiles: 408.39 ms
[TIMING] Total compute_uq: 35587.05 ms
    [TIMING] UQ Calculation (Proximity_Method_B): 37.5283 s
[TIMING] Random Forest fit/check: 0.00 ms
[TIMING] OOB/In-bag index reconstruction: 393.01 ms
[TIMING] Leaf weights & density precomputation: 1647.57 ms
[TIMING] Transfer structures to backend: 0.02 ms
[TIMING] Total fit: 2040.60 ms
[TIMING] Test leaf ID extraction: 124.48 ms
[TIMING] Proximity matrix accumulation: 41652.04 ms
[TIMING] Neighbor sorting & quantiles: 1129.97 ms
[TIMING] Total compute_uq: 42907.44 ms
[DEBUG DENSITY] mean walked density = 64.6399, min = 61.6584, max = 68.3151
    [TIMING] UQ Calculation (Proximity_Method_C): 44.9501 s
[TIMING] Random Forest fit/check: 0.00 ms
[TIMING] OOB/In-bag index reconstruction: 390.67 ms
[TIMING] Leaf weights & density precomputation: 1585.79 ms
[TIMING] Transfer structures to backend: 0.04 ms
[TIMING] Total fit: 1976.49 ms
[TIMING] Test leaf ID extraction: 114.70 ms
[TIMING] Proximity matrix accumulation: 37907.86 ms
[TIMING] Neighbor sorting & quantiles: 323.46 ms
[TIMING] Total compute_uq: 38347.14 ms
[DEBUG DENSITY] mean walked density = 64.6399, min = 61.6584, max = 68.3151
    [TIMING] UQ Calculation (Proximity_Method_B_C): 40.3352 s
    [TIMING] Metrics Calculation: 10.0970 s
    [TIMING] Total Single Evaluation: 204.5503 s
 [OK] (1906.6s, ETA: 0m remaining)

[SUCCESS] Unified test completed in 148.8 minutes


######################################################################
# TEST 1: ALL FUNCTIONS TOGETHER
######################################################################

======================================================================
ALL FUNCTIONS (41 x 7 = 287 tests)
======================================================================

--- AUROC ---
Proximity_Baseline: Mean = 0.5648, Std = 0.1211
Proximity_Method_A: Mean = 0.5660, Std = 0.1209
Proximity_Method_B: Mean = 0.5896, Std = 0.1438
Proximity_Method_C: Mean = 0.5790, Std = 0.1224
Proximity_Method_B_C: Mean = 0.6114, Std = 0.1377

--- FPR95 ---
Proximity_Baseline: Mean = 0.8534, Std = 0.1748
Proximity_Method_A: Mean = 0.8534, Std = 0.1748
Proximity_Method_B: Mean = 0.7917, Std = 0.2076
Proximity_Method_C: Mean = 0.8423, Std = 0.1904
Proximity_Method_B_C: Mean = 0.7785, Std = 0.2243

--- SPEARMAN ---
Proximity_Baseline: Mean = 0.0505, Std = 0.2530
Proximity_Method_A: Mean = 0.0487, Std = 0.2539
Proximity_Method_B: Mean = 0.0277, Std = 0.2720
Proximity_Method_C: Mean = 0.0588, Std = 0.2537
Proximity_Method_B_C: Mean = 0.0480, Std = 0.2682

--- BRIER ---
Proximity_Baseline: Mean = 0.2732, Std = 0.0334
Proximity_Method_A: Mean = 0.2731, Std = 0.0332
Proximity_Method_B: Mean = 0.2638, Std = 0.0438
Proximity_Method_C: Mean = 0.2715, Std = 0.0376
Proximity_Method_B_C: Mean = 0.2624, Std = 0.0479

--- MI ---
Proximity_Baseline: Mean = 0.1692, Std = 0.2135
Proximity_Method_A: Mean = 0.1692, Std = 0.2148
Proximity_Method_B: Mean = 0.2118, Std = 0.2137
Proximity_Method_C: Mean = 0.1676, Std = 0.2178
Proximity_Method_B_C: Mean = 0.2071, Std = 0.2254

--- JSD ---
Proximity_Baseline: Mean = 0.1791, Std = 0.2295
Proximity_Method_A: Mean = 0.1791, Std = 0.2306
Proximity_Method_B: Mean = 0.2271, Std = 0.2299
Proximity_Method_C: Mean = 0.1772, Std = 0.2336
Proximity_Method_B_C: Mean = 0.2207, Std = 0.2407

--- NAURC ---
Proximity_Baseline: Mean = 0.8490, Std = 0.2417
Proximity_Method_A: Mean = 0.8473, Std = 0.2426
Proximity_Method_B: Mean = 0.8155, Std = 0.2876
Proximity_Method_C: Mean = 0.8207, Std = 0.2371
Proximity_Method_B_C: Mean = 0.7733, Std = 0.2664

--- Statistical Validation (alpha = 0.05) ---

AUROC:
  Friedman Test: chi2 = 61.6976, p = 1.2754e-12
  Result: SIGNIFICANT (p < 0.05)
  Bonferroni-corrected alpha = 5.0000e-03
    Proximity_Baseline vs Proximity_Method_A: p = 3.9707e-02 ([NS])
    Proximity_Baseline vs Proximity_Method_B: p = 1.2707e-02 ([NS])
    Proximity_Baseline vs Proximity_Method_C: p = 1.5816e-09 ([SIG])
    Proximity_Baseline vs Proximity_Method_B_C: p = 1.3463e-08 ([SIG])
    Proximity_Method_A vs Proximity_Method_B: p = 1.8533e-02 ([NS])
    Proximity_Method_A vs Proximity_Method_C: p = 1.1295e-06 ([SIG])
    Proximity_Method_A vs Proximity_Method_B_C: p = 3.2343e-08 ([SIG])
    Proximity_Method_B vs Proximity_Method_C: p = 1.8831e-01 ([NS])
    Proximity_Method_B vs Proximity_Method_B_C: p = 6.4527e-05 ([SIG])
    Proximity_Method_C vs Proximity_Method_B_C: p = 1.7005e-05 ([SIG])

FPR95:
  Friedman Test: chi2 = 76.3223, p = 1.0463e-15
  Result: SIGNIFICANT (p < 0.05)
  Bonferroni-corrected alpha = 5.0000e-03
    Proximity_Baseline vs Proximity_Method_A: p = 9.0816e-01 ([NS])
    Proximity_Baseline vs Proximity_Method_B: p = 4.7885e-04 ([SIG])
    Proximity_Baseline vs Proximity_Method_C: p = 3.9108e-07 ([SIG])
    Proximity_Baseline vs Proximity_Method_B_C: p = 1.4758e-07 ([SIG])
    Proximity_Method_A vs Proximity_Method_B: p = 2.8814e-04 ([SIG])
    Proximity_Method_A vs Proximity_Method_C: p = 4.1581e-06 ([SIG])
    Proximity_Method_A vs Proximity_Method_B_C: p = 8.2218e-10 ([SIG])
    Proximity_Method_B vs Proximity_Method_C: p = 7.0644e-04 ([SIG])
    Proximity_Method_B vs Proximity_Method_B_C: p = 4.7208e-01 ([NS])
    Proximity_Method_C vs Proximity_Method_B_C: p = 5.8300e-08 ([SIG])

SPEARMAN:
  Friedman Test: chi2 = 11.6436, p = 2.0208e-02
  Result: SIGNIFICANT (p < 0.05)
  Bonferroni-corrected alpha = 5.0000e-03
    Proximity_Baseline vs Proximity_Method_A: p = 6.0273e-01 ([NS])
    Proximity_Baseline vs Proximity_Method_B: p = 8.6765e-01 ([NS])
    Proximity_Baseline vs Proximity_Method_C: p = 1.3949e-03 ([SIG])
    Proximity_Baseline vs Proximity_Method_B_C: p = 1.4440e-01 ([NS])
    Proximity_Method_A vs Proximity_Method_B: p = 8.8787e-01 ([NS])
    Proximity_Method_A vs Proximity_Method_C: p = 8.9603e-04 ([SIG])
    Proximity_Method_A vs Proximity_Method_B_C: p = 1.1764e-01 ([NS])
    Proximity_Method_B vs Proximity_Method_C: p = 3.2833e-01 ([NS])
    Proximity_Method_B vs Proximity_Method_B_C: p = 2.5562e-02 ([NS])
    Proximity_Method_C vs Proximity_Method_B_C: p = 6.0783e-01 ([NS])

BRIER:
  Friedman Test: chi2 = 26.1463, p = 2.9566e-05
  Result: SIGNIFICANT (p < 0.05)
  Bonferroni-corrected alpha = 5.0000e-03
    Proximity_Baseline vs Proximity_Method_A: p = 8.1751e-01 ([NS])
    Proximity_Baseline vs Proximity_Method_B: p = 2.6117e-03 ([SIG])
    Proximity_Baseline vs Proximity_Method_C: p = 3.4288e-04 ([SIG])
    Proximity_Baseline vs Proximity_Method_B_C: p = 3.7452e-05 ([SIG])
    Proximity_Method_A vs Proximity_Method_B: p = 3.1457e-03 ([SIG])
    Proximity_Method_A vs Proximity_Method_C: p = 6.0049e-04 ([SIG])
    Proximity_Method_A vs Proximity_Method_B_C: p = 5.2769e-05 ([SIG])
    Proximity_Method_B vs Proximity_Method_C: p = 5.2850e-02 ([NS])
    Proximity_Method_B vs Proximity_Method_B_C: p = 7.2358e-03 ([NS])
    Proximity_Method_C vs Proximity_Method_B_C: p = 2.1430e-04 ([SIG])

MI:
  Friedman Test: chi2 = 77.1122, p = 7.1205e-16
  Result: SIGNIFICANT (p < 0.05)
  Bonferroni-corrected alpha = 5.0000e-03
    Proximity_Baseline vs Proximity_Method_A: p = 6.1685e-01 ([NS])
    Proximity_Baseline vs Proximity_Method_B: p = 4.3807e-07 ([SIG])
    Proximity_Baseline vs Proximity_Method_C: p = 1.3388e-01 ([NS])
    Proximity_Baseline vs Proximity_Method_B_C: p = 1.5321e-08 ([SIG])
    Proximity_Method_A vs Proximity_Method_B: p = 9.3967e-07 ([SIG])
    Proximity_Method_A vs Proximity_Method_C: p = 5.2850e-02 ([NS])
    Proximity_Method_A vs Proximity_Method_B_C: p = 4.6214e-08 ([SIG])
    Proximity_Method_B vs Proximity_Method_C: p = 2.1090e-06 ([SIG])
    Proximity_Method_B vs Proximity_Method_B_C: p = 2.4639e-01 ([NS])
    Proximity_Method_C vs Proximity_Method_B_C: p = 1.2460e-10 ([SIG])

JSD:
  Friedman Test: chi2 = 74.8683, p = 2.1246e-15
  Result: SIGNIFICANT (p < 0.05)
  Bonferroni-corrected alpha = 5.0000e-03
    Proximity_Baseline vs Proximity_Method_A: p = 5.8997e-01 ([NS])
    Proximity_Baseline vs Proximity_Method_B: p = 1.7532e-07 ([SIG])
    Proximity_Baseline vs Proximity_Method_C: p = 1.7969e-01 ([NS])
    Proximity_Baseline vs Proximity_Method_B_C: p = 1.1814e-08 ([SIG])
    Proximity_Method_A vs Proximity_Method_B: p = 4.8311e-07 ([SIG])
    Proximity_Method_A vs Proximity_Method_C: p = 4.5169e-02 ([NS])
    Proximity_Method_A vs Proximity_Method_B_C: p = 3.6471e-08 ([SIG])
    Proximity_Method_B vs Proximity_Method_C: p = 5.8629e-07 ([SIG])
    Proximity_Method_B vs Proximity_Method_B_C: p = 1.4804e-01 ([NS])
    Proximity_Method_C vs Proximity_Method_B_C: p = 1.0004e-10 ([SIG])

NAURC:
  Friedman Test: chi2 = 51.6683, p = 1.6183e-10
  Result: SIGNIFICANT (p < 0.05)
  Bonferroni-corrected alpha = 5.0000e-03
    Proximity_Baseline vs Proximity_Method_A: p = 3.0333e-01 ([NS])
    Proximity_Baseline vs Proximity_Method_B: p = 7.2358e-03 ([NS])
    Proximity_Baseline vs Proximity_Method_C: p = 1.9473e-07 ([SIG])
    Proximity_Baseline vs Proximity_Method_B_C: p = 1.7410e-08 ([SIG])
    Proximity_Method_A vs Proximity_Method_B: p = 6.9394e-03 ([NS])
    Proximity_Method_A vs Proximity_Method_C: p = 4.9007e-06 ([SIG])
    Proximity_Method_A vs Proximity_Method_B_C: p = 2.2391e-08 ([SIG])
    Proximity_Method_B vs Proximity_Method_C: p = 4.5169e-02 ([NS])
    Proximity_Method_B vs Proximity_Method_B_C: p = 4.6627e-02 ([NS])
    Proximity_Method_C vs Proximity_Method_B_C: p = 3.6312e-04 ([SIG])


######################################################################
# TEST 2: BY DIMENSION
######################################################################


[DIMENSION] 1D Functions
----------------------------------------------------------------------

======================================================================
1D Functions (runs = 7)
======================================================================

--- AUROC ---
Proximity_Baseline: Mean = 0.5642, Std = 0.2101
Proximity_Method_A: Mean = 0.5664, Std = 0.2075
Proximity_Method_B: Mean = 0.5263, Std = 0.2112
Proximity_Method_C: Mean = 0.6239, Std = 0.2123
Proximity_Method_B_C: Mean = 0.6295, Std = 0.2087

--- FPR95 ---
Proximity_Baseline: Mean = 0.5951, Std = 0.2341
Proximity_Method_A: Mean = 0.5915, Std = 0.2312
Proximity_Method_B: Mean = 0.6944, Std = 0.2300
Proximity_Method_C: Mean = 0.5414, Std = 0.2596
Proximity_Method_B_C: Mean = 0.5551, Std = 0.2870

--- SPEARMAN ---
Proximity_Baseline: Mean = 0.0714, Std = 0.5884
Proximity_Method_A: Mean = 0.0639, Std = 0.5893
Proximity_Method_B: Mean = -0.1152, Std = 0.5815
Proximity_Method_C: Mean = 0.0742, Std = 0.5881
Proximity_Method_B_C: Mean = -0.0419, Std = 0.5913

--- BRIER ---
Proximity_Baseline: Mean = 0.2471, Std = 0.0412
Proximity_Method_A: Mean = 0.2476, Std = 0.0402
Proximity_Method_B: Mean = 0.2438, Std = 0.0374
Proximity_Method_C: Mean = 0.2378, Std = 0.0568
Proximity_Method_B_C: Mean = 0.2348, Std = 0.0629

--- MI ---
Proximity_Baseline: Mean = 0.6608, Std = 0.0515
Proximity_Method_A: Mean = 0.6641, Std = 0.0577
Proximity_Method_B: Mean = 0.6453, Std = 0.0505
Proximity_Method_C: Mean = 0.6731, Std = 0.0587
Proximity_Method_B_C: Mean = 0.6894, Std = 0.0469

--- JSD ---
Proximity_Baseline: Mean = 0.7151, Std = 0.0478
Proximity_Method_A: Mean = 0.7182, Std = 0.0538
Proximity_Method_B: Mean = 0.7004, Std = 0.0481
Proximity_Method_C: Mean = 0.7267, Std = 0.0540
Proximity_Method_B_C: Mean = 0.7416, Std = 0.0430

--- NAURC ---
Proximity_Baseline: Mean = 0.7463, Std = 0.4107
Proximity_Method_A: Mean = 0.7410, Std = 0.4058
Proximity_Method_B: Mean = 0.9187, Std = 0.5077
Proximity_Method_C: Mean = 0.6452, Std = 0.3730
Proximity_Method_B_C: Mean = 0.6881, Std = 0.4427

--- Statistical Validation (alpha = 0.05) ---

AUROC:
  Friedman Test: chi2 = 16.4800, p = 2.4383e-03
  Result: SIGNIFICANT (p < 0.05)
  Bonferroni-corrected alpha = 5.0000e-03
    Proximity_Baseline vs Proximity_Method_A: p = 6.2500e-01 ([NS])
    Proximity_Baseline vs Proximity_Method_B: p = 1.2500e-01 ([NS])
    Proximity_Baseline vs Proximity_Method_C: p = 6.2500e-02 ([NS])
    Proximity_Baseline vs Proximity_Method_B_C: p = 6.2500e-02 ([NS])
    Proximity_Method_A vs Proximity_Method_B: p = 1.2500e-01 ([NS])
    Proximity_Method_A vs Proximity_Method_C: p = 6.2500e-02 ([NS])
    Proximity_Method_A vs Proximity_Method_B_C: p = 6.2500e-02 ([NS])
    Proximity_Method_B vs Proximity_Method_C: p = 6.2500e-02 ([NS])
    Proximity_Method_B vs Proximity_Method_B_C: p = 6.2500e-02 ([NS])
    Proximity_Method_C vs Proximity_Method_B_C: p = 6.2500e-01 ([NS])

FPR95:
  Friedman Test: chi2 = 12.0000, p = 1.7351e-02
  Result: SIGNIFICANT (p < 0.05)
  Bonferroni-corrected alpha = 5.0000e-03
    Proximity_Baseline vs Proximity_Method_A: p = 4.3750e-01 ([NS])
    Proximity_Baseline vs Proximity_Method_B: p = 6.2500e-02 ([NS])
    Proximity_Baseline vs Proximity_Method_C: p = 6.2500e-02 ([NS])
    Proximity_Baseline vs Proximity_Method_B_C: p = 1.8750e-01 ([NS])
    Proximity_Method_A vs Proximity_Method_B: p = 6.2500e-02 ([NS])
    Proximity_Method_A vs Proximity_Method_C: p = 1.2500e-01 ([NS])
    Proximity_Method_A vs Proximity_Method_B_C: p = 1.8750e-01 ([NS])
    Proximity_Method_B vs Proximity_Method_C: p = 6.2500e-02 ([NS])
    Proximity_Method_B vs Proximity_Method_B_C: p = 1.2500e-01 ([NS])
    Proximity_Method_C vs Proximity_Method_B_C: p = 4.3750e-01 ([NS])

SPEARMAN:
  Friedman Test: chi2 = 0.5455, p = 9.6893e-01
  Result: NOT SIGNIFICANT (p >= 0.05)

BRIER:
  Friedman Test: chi2 = 7.0400, p = 1.3379e-01
  Result: NOT SIGNIFICANT (p >= 0.05)

MI:
  Friedman Test: chi2 = 14.7200, p = 5.3186e-03
  Result: SIGNIFICANT (p < 0.05)
  Bonferroni-corrected alpha = 5.0000e-03
    Proximity_Baseline vs Proximity_Method_A: p = 3.1250e-01 ([NS])
    Proximity_Baseline vs Proximity_Method_B: p = 1.2500e-01 ([NS])
    Proximity_Baseline vs Proximity_Method_C: p = 1.2500e-01 ([NS])
    Proximity_Baseline vs Proximity_Method_B_C: p = 6.2500e-02 ([NS])
    Proximity_Method_A vs Proximity_Method_B: p = 1.2500e-01 ([NS])
    Proximity_Method_A vs Proximity_Method_C: p = 6.2500e-01 ([NS])
    Proximity_Method_A vs Proximity_Method_B_C: p = 6.2500e-02 ([NS])
    Proximity_Method_B vs Proximity_Method_C: p = 6.2500e-02 ([NS])
    Proximity_Method_B vs Proximity_Method_B_C: p = 6.2500e-02 ([NS])
    Proximity_Method_C vs Proximity_Method_B_C: p = 6.2500e-02 ([NS])

JSD:
  Friedman Test: chi2 = 14.8800, p = 4.9567e-03
  Result: SIGNIFICANT (p < 0.05)
  Bonferroni-corrected alpha = 5.0000e-03
    Proximity_Baseline vs Proximity_Method_A: p = 4.3750e-01 ([NS])
    Proximity_Baseline vs Proximity_Method_B: p = 1.2500e-01 ([NS])
    Proximity_Baseline vs Proximity_Method_C: p = 6.2500e-02 ([NS])
    Proximity_Baseline vs Proximity_Method_B_C: p = 6.2500e-02 ([NS])
    Proximity_Method_A vs Proximity_Method_B: p = 1.2500e-01 ([NS])
    Proximity_Method_A vs Proximity_Method_C: p = 6.2500e-01 ([NS])
    Proximity_Method_A vs Proximity_Method_B_C: p = 6.2500e-02 ([NS])
    Proximity_Method_B vs Proximity_Method_C: p = 6.2500e-02 ([NS])
    Proximity_Method_B vs Proximity_Method_B_C: p = 6.2500e-02 ([NS])
    Proximity_Method_C vs Proximity_Method_B_C: p = 1.2500e-01 ([NS])

NAURC:
  Friedman Test: chi2 = 10.8800, p = 2.7946e-02
  Result: SIGNIFICANT (p < 0.05)
  Bonferroni-corrected alpha = 5.0000e-03
    Proximity_Baseline vs Proximity_Method_A: p = 6.2500e-01 ([NS])
    Proximity_Baseline vs Proximity_Method_B: p = 1.2500e-01 ([NS])
    Proximity_Baseline vs Proximity_Method_C: p = 6.2500e-02 ([NS])
    Proximity_Baseline vs Proximity_Method_B_C: p = 1.2500e-01 ([NS])
    Proximity_Method_A vs Proximity_Method_B: p = 1.2500e-01 ([NS])
    Proximity_Method_A vs Proximity_Method_C: p = 6.2500e-02 ([NS])
    Proximity_Method_A vs Proximity_Method_B_C: p = 1.2500e-01 ([NS])
    Proximity_Method_B vs Proximity_Method_C: p = 1.2500e-01 ([NS])
    Proximity_Method_B vs Proximity_Method_B_C: p = 6.2500e-02 ([NS])
    Proximity_Method_C vs Proximity_Method_B_C: p = 4.3750e-01 ([NS])

[DIMENSION] 2D Functions
----------------------------------------------------------------------

======================================================================
2D Functions (runs = 7)
======================================================================

--- AUROC ---
Proximity_Baseline: Mean = 0.5300, Std = 0.0721
Proximity_Method_A: Mean = 0.5327, Std = 0.0780
Proximity_Method_B: Mean = 0.5262, Std = 0.0615
Proximity_Method_C: Mean = 0.5495, Std = 0.0733
Proximity_Method_B_C: Mean = 0.5631, Std = 0.0599

--- FPR95 ---
Proximity_Baseline: Mean = 0.9160, Std = 0.0600
Proximity_Method_A: Mean = 0.9194, Std = 0.0542
Proximity_Method_B: Mean = 0.8401, Std = 0.0886
Proximity_Method_C: Mean = 0.9017, Std = 0.0719
Proximity_Method_B_C: Mean = 0.8396, Std = 0.0889

--- SPEARMAN ---
Proximity_Baseline: Mean = 0.0297, Std = 0.1019
Proximity_Method_A: Mean = 0.0232, Std = 0.1063
Proximity_Method_B: Mean = 0.0240, Std = 0.1606
Proximity_Method_C: Mean = 0.0673, Std = 0.1234
Proximity_Method_B_C: Mean = 0.0712, Std = 0.1657

--- BRIER ---
Proximity_Baseline: Mean = 0.2856, Std = 0.0094
Proximity_Method_A: Mean = 0.2846, Std = 0.0104
Proximity_Method_B: Mean = 0.2876, Std = 0.0032
Proximity_Method_C: Mean = 0.2851, Std = 0.0070
Proximity_Method_B_C: Mean = 0.2866, Std = 0.0038

--- MI ---
Proximity_Baseline: Mean = 0.2074, Std = 0.0672
Proximity_Method_A: Mean = 0.2068, Std = 0.0693
Proximity_Method_B: Mean = 0.2626, Std = 0.0734
Proximity_Method_C: Mean = 0.1991, Std = 0.0670
Proximity_Method_B_C: Mean = 0.2309, Std = 0.0667

--- JSD ---
Proximity_Baseline: Mean = 0.2161, Std = 0.0684
Proximity_Method_A: Mean = 0.2155, Std = 0.0702
Proximity_Method_B: Mean = 0.2789, Std = 0.0741
Proximity_Method_C: Mean = 0.2064, Std = 0.0688
Proximity_Method_B_C: Mean = 0.2446, Std = 0.0664

--- NAURC ---
Proximity_Baseline: Mean = 0.9076, Std = 0.1784
Proximity_Method_A: Mean = 0.9031, Std = 0.1896
Proximity_Method_B: Mean = 0.8846, Std = 0.2356
Proximity_Method_C: Mean = 0.8415, Std = 0.1635
Proximity_Method_B_C: Mean = 0.7832, Std = 0.2210

--- Statistical Validation (alpha = 0.05) ---

AUROC:
  Friedman Test: chi2 = 11.3600, p = 2.2803e-02
  Result: SIGNIFICANT (p < 0.05)
  Bonferroni-corrected alpha = 5.0000e-03
    Proximity_Baseline vs Proximity_Method_A: p = 4.3750e-01 ([NS])
    Proximity_Baseline vs Proximity_Method_B: p = 1.0000e+00 ([NS])
    Proximity_Baseline vs Proximity_Method_C: p = 6.2500e-02 ([NS])
    Proximity_Baseline vs Proximity_Method_B_C: p = 6.2500e-02 ([NS])
    Proximity_Method_A vs Proximity_Method_B: p = 1.0000e+00 ([NS])
    Proximity_Method_A vs Proximity_Method_C: p = 1.8750e-01 ([NS])
    Proximity_Method_A vs Proximity_Method_B_C: p = 6.2500e-02 ([NS])
    Proximity_Method_B vs Proximity_Method_C: p = 8.1250e-01 ([NS])
    Proximity_Method_B vs Proximity_Method_B_C: p = 6.2500e-02 ([NS])
    Proximity_Method_C vs Proximity_Method_B_C: p = 4.3750e-01 ([NS])

FPR95:
  Friedman Test: chi2 = 11.1919, p = 2.4490e-02
  Result: SIGNIFICANT (p < 0.05)
  Bonferroni-corrected alpha = 5.0000e-03
    Proximity_Baseline vs Proximity_Method_A: p = 4.3750e-01 ([NS])
    Proximity_Baseline vs Proximity_Method_B: p = 1.2500e-01 ([NS])
    Proximity_Baseline vs Proximity_Method_C: p = 6.2500e-02 ([NS])
    Proximity_Baseline vs Proximity_Method_B_C: p = 1.2500e-01 ([NS])
    Proximity_Method_A vs Proximity_Method_B: p = 1.2500e-01 ([NS])
    Proximity_Method_A vs Proximity_Method_C: p = 6.2500e-02 ([NS])
    Proximity_Method_A vs Proximity_Method_B_C: p = 6.2500e-02 ([NS])
    Proximity_Method_B vs Proximity_Method_C: p = 1.2500e-01 ([NS])
    Proximity_Method_B vs Proximity_Method_B_C: p = 1.0000e+00 ([NS])
    Proximity_Method_C vs Proximity_Method_B_C: p = 1.2500e-01 ([NS])

SPEARMAN:
  Friedman Test: chi2 = 11.5200, p = 2.1302e-02
  Result: SIGNIFICANT (p < 0.05)
  Bonferroni-corrected alpha = 5.0000e-03
    Proximity_Baseline vs Proximity_Method_A: p = 1.8750e-01 ([NS])
    Proximity_Baseline vs Proximity_Method_B: p = 1.0000e+00 ([NS])
    Proximity_Baseline vs Proximity_Method_C: p = 6.2500e-02 ([NS])
    Proximity_Baseline vs Proximity_Method_B_C: p = 1.8750e-01 ([NS])
    Proximity_Method_A vs Proximity_Method_B: p = 1.0000e+00 ([NS])
    Proximity_Method_A vs Proximity_Method_C: p = 6.2500e-02 ([NS])
    Proximity_Method_A vs Proximity_Method_B_C: p = 1.8750e-01 ([NS])
    Proximity_Method_B vs Proximity_Method_C: p = 6.2500e-02 ([NS])
    Proximity_Method_B vs Proximity_Method_B_C: p = 6.2500e-02 ([NS])
    Proximity_Method_C vs Proximity_Method_B_C: p = 8.1250e-01 ([NS])

BRIER:
  Friedman Test: chi2 = 8.4800, p = 7.5496e-02
  Result: NOT SIGNIFICANT (p >= 0.05)

MI:
  Friedman Test: chi2 = 14.8800, p = 4.9567e-03
  Result: SIGNIFICANT (p < 0.05)
  Bonferroni-corrected alpha = 5.0000e-03
    Proximity_Baseline vs Proximity_Method_A: p = 1.0000e+00 ([NS])
    Proximity_Baseline vs Proximity_Method_B: p = 6.2500e-02 ([NS])
    Proximity_Baseline vs Proximity_Method_C: p = 4.3750e-01 ([NS])
    Proximity_Baseline vs Proximity_Method_B_C: p = 1.8750e-01 ([NS])
    Proximity_Method_A vs Proximity_Method_B: p = 6.2500e-02 ([NS])
    Proximity_Method_A vs Proximity_Method_C: p = 4.3750e-01 ([NS])
    Proximity_Method_A vs Proximity_Method_B_C: p = 1.8750e-01 ([NS])
    Proximity_Method_B vs Proximity_Method_C: p = 6.2500e-02 ([NS])
    Proximity_Method_B vs Proximity_Method_B_C: p = 6.2500e-02 ([NS])
    Proximity_Method_C vs Proximity_Method_B_C: p = 6.2500e-02 ([NS])

JSD:
  Friedman Test: chi2 = 14.0800, p = 7.0441e-03
  Result: SIGNIFICANT (p < 0.05)
  Bonferroni-corrected alpha = 5.0000e-03
    Proximity_Baseline vs Proximity_Method_A: p = 1.0000e+00 ([NS])
    Proximity_Baseline vs Proximity_Method_B: p = 6.2500e-02 ([NS])
    Proximity_Baseline vs Proximity_Method_C: p = 6.2500e-01 ([NS])
    Proximity_Baseline vs Proximity_Method_B_C: p = 1.8750e-01 ([NS])
    Proximity_Method_A vs Proximity_Method_B: p = 6.2500e-02 ([NS])
    Proximity_Method_A vs Proximity_Method_C: p = 4.3750e-01 ([NS])
    Proximity_Method_A vs Proximity_Method_B_C: p = 1.2500e-01 ([NS])
    Proximity_Method_B vs Proximity_Method_C: p = 6.2500e-02 ([NS])
    Proximity_Method_B vs Proximity_Method_B_C: p = 6.2500e-02 ([NS])
    Proximity_Method_C vs Proximity_Method_B_C: p = 6.2500e-02 ([NS])

NAURC:
  Friedman Test: chi2 = 12.9600, p = 1.1473e-02
  Result: SIGNIFICANT (p < 0.05)
  Bonferroni-corrected alpha = 5.0000e-03
    Proximity_Baseline vs Proximity_Method_A: p = 8.1250e-01 ([NS])
    Proximity_Baseline vs Proximity_Method_B: p = 8.1250e-01 ([NS])
    Proximity_Baseline vs Proximity_Method_C: p = 6.2500e-02 ([NS])
    Proximity_Baseline vs Proximity_Method_B_C: p = 6.2500e-02 ([NS])
    Proximity_Method_A vs Proximity_Method_B: p = 6.2500e-01 ([NS])
    Proximity_Method_A vs Proximity_Method_C: p = 6.2500e-02 ([NS])
    Proximity_Method_A vs Proximity_Method_B_C: p = 6.2500e-02 ([NS])
    Proximity_Method_B vs Proximity_Method_C: p = 6.2500e-01 ([NS])
    Proximity_Method_B vs Proximity_Method_B_C: p = 6.2500e-02 ([NS])
    Proximity_Method_C vs Proximity_Method_B_C: p = 1.8750e-01 ([NS])

[DIMENSION] 3D Functions
----------------------------------------------------------------------

======================================================================
3D Functions (runs = 7)
======================================================================

--- AUROC ---
Proximity_Baseline: Mean = 0.5238, Std = 0.0482
Proximity_Method_A: Mean = 0.5266, Std = 0.0496
Proximity_Method_B: Mean = 0.5371, Std = 0.0527
Proximity_Method_C: Mean = 0.5333, Std = 0.0499
Proximity_Method_B_C: Mean = 0.5539, Std = 0.0554

--- FPR95 ---
Proximity_Baseline: Mean = 0.9313, Std = 0.0491
Proximity_Method_A: Mean = 0.9301, Std = 0.0525
Proximity_Method_B: Mean = 0.8898, Std = 0.0608
Proximity_Method_C: Mean = 0.9290, Std = 0.0452
Proximity_Method_B_C: Mean = 0.8830, Std = 0.0529

--- SPEARMAN ---
Proximity_Baseline: Mean = 0.0763, Std = 0.1597
Proximity_Method_A: Mean = 0.0790, Std = 0.1606
Proximity_Method_B: Mean = 0.0928, Std = 0.2097
Proximity_Method_C: Mean = 0.0853, Std = 0.1618
Proximity_Method_B_C: Mean = 0.0943, Std = 0.2009

--- BRIER ---
Proximity_Baseline: Mean = 0.2881, Std = 0.0025
Proximity_Method_A: Mean = 0.2879, Std = 0.0030
Proximity_Method_B: Mean = 0.2869, Std = 0.0046
Proximity_Method_C: Mean = 0.2877, Std = 0.0032
Proximity_Method_B_C: Mean = 0.2860, Std = 0.0059

--- MI ---
Proximity_Baseline: Mean = 0.1063, Std = 0.0608
Proximity_Method_A: Mean = 0.1043, Std = 0.0584
Proximity_Method_B: Mean = 0.1226, Std = 0.0525
Proximity_Method_C: Mean = 0.0979, Std = 0.0544
Proximity_Method_B_C: Mean = 0.1113, Std = 0.0534

--- JSD ---
Proximity_Baseline: Mean = 0.1111, Std = 0.0623
Proximity_Method_A: Mean = 0.1094, Std = 0.0604
Proximity_Method_B: Mean = 0.1303, Std = 0.0542
Proximity_Method_C: Mean = 0.1023, Std = 0.0560
Proximity_Method_B_C: Mean = 0.1176, Std = 0.0540

--- NAURC ---
Proximity_Baseline: Mean = 0.8191, Std = 0.1981
Proximity_Method_A: Mean = 0.8150, Std = 0.2000
Proximity_Method_B: Mean = 0.7578, Std = 0.2251
Proximity_Method_C: Mean = 0.7990, Std = 0.1905
Proximity_Method_B_C: Mean = 0.7254, Std = 0.1879

--- Statistical Validation (alpha = 0.05) ---

AUROC:
  Friedman Test: chi2 = 8.9600, p = 6.2107e-02
  Result: NOT SIGNIFICANT (p >= 0.05)

FPR95:
  Friedman Test: chi2 = 15.5200, p = 3.7358e-03
  Result: SIGNIFICANT (p < 0.05)
  Bonferroni-corrected alpha = 5.0000e-03
    Proximity_Baseline vs Proximity_Method_A: p = 8.1250e-01 ([NS])
    Proximity_Baseline vs Proximity_Method_B: p = 6.2500e-02 ([NS])
    Proximity_Baseline vs Proximity_Method_C: p = 6.2500e-01 ([NS])
    Proximity_Baseline vs Proximity_Method_B_C: p = 6.2500e-02 ([NS])
    Proximity_Method_A vs Proximity_Method_B: p = 6.2500e-02 ([NS])
    Proximity_Method_A vs Proximity_Method_C: p = 6.2500e-01 ([NS])
    Proximity_Method_A vs Proximity_Method_B_C: p = 6.2500e-02 ([NS])
    Proximity_Method_B vs Proximity_Method_C: p = 6.2500e-02 ([NS])
    Proximity_Method_B vs Proximity_Method_B_C: p = 6.2500e-01 ([NS])
    Proximity_Method_C vs Proximity_Method_B_C: p = 6.2500e-02 ([NS])

SPEARMAN:
  Friedman Test: chi2 = 2.7200, p = 6.0572e-01
  Result: NOT SIGNIFICANT (p >= 0.05)

BRIER:
  Friedman Test: chi2 = 3.6800, p = 4.5104e-01
  Result: NOT SIGNIFICANT (p >= 0.05)

MI:
  Friedman Test: chi2 = 14.0800, p = 7.0441e-03
  Result: SIGNIFICANT (p < 0.05)
  Bonferroni-corrected alpha = 5.0000e-03
    Proximity_Baseline vs Proximity_Method_A: p = 8.1250e-01 ([NS])
    Proximity_Baseline vs Proximity_Method_B: p = 6.2500e-02 ([NS])
    Proximity_Baseline vs Proximity_Method_C: p = 6.2500e-02 ([NS])
    Proximity_Baseline vs Proximity_Method_B_C: p = 6.2500e-01 ([NS])
    Proximity_Method_A vs Proximity_Method_B: p = 6.2500e-02 ([NS])
    Proximity_Method_A vs Proximity_Method_C: p = 6.2500e-02 ([NS])
    Proximity_Method_A vs Proximity_Method_B_C: p = 6.2500e-01 ([NS])
    Proximity_Method_B vs Proximity_Method_C: p = 6.2500e-02 ([NS])
    Proximity_Method_B vs Proximity_Method_B_C: p = 3.1250e-01 ([NS])
    Proximity_Method_C vs Proximity_Method_B_C: p = 1.2500e-01 ([NS])

JSD:
  Friedman Test: chi2 = 14.0800, p = 7.0441e-03
  Result: SIGNIFICANT (p < 0.05)
  Bonferroni-corrected alpha = 5.0000e-03
    Proximity_Baseline vs Proximity_Method_A: p = 1.0000e+00 ([NS])
    Proximity_Baseline vs Proximity_Method_B: p = 6.2500e-02 ([NS])
    Proximity_Baseline vs Proximity_Method_C: p = 6.2500e-02 ([NS])
    Proximity_Baseline vs Proximity_Method_B_C: p = 6.2500e-01 ([NS])
    Proximity_Method_A vs Proximity_Method_B: p = 6.2500e-02 ([NS])
    Proximity_Method_A vs Proximity_Method_C: p = 6.2500e-02 ([NS])
    Proximity_Method_A vs Proximity_Method_B_C: p = 6.2500e-01 ([NS])
    Proximity_Method_B vs Proximity_Method_C: p = 6.2500e-02 ([NS])
    Proximity_Method_B vs Proximity_Method_B_C: p = 1.8750e-01 ([NS])
    Proximity_Method_C vs Proximity_Method_B_C: p = 1.2500e-01 ([NS])

NAURC:
  Friedman Test: chi2 = 8.3200, p = 8.0535e-02
  Result: NOT SIGNIFICANT (p >= 0.05)

[DIMENSION] 4D Functions
----------------------------------------------------------------------

======================================================================
4D Functions (runs = 7)
======================================================================

--- AUROC ---
Proximity_Baseline: Mean = 0.5952, Std = 0.1792
Proximity_Method_A: Mean = 0.5933, Std = 0.1783
Proximity_Method_B: Mean = 0.6376, Std = 0.1913
Proximity_Method_C: Mean = 0.6062, Std = 0.1776
Proximity_Method_B_C: Mean = 0.6526, Std = 0.1873

--- FPR95 ---
Proximity_Baseline: Mean = 0.7813, Std = 0.2496
Proximity_Method_A: Mean = 0.7859, Std = 0.2431
Proximity_Method_B: Mean = 0.7173, Std = 0.2931
Proximity_Method_C: Mean = 0.7713, Std = 0.2592
Proximity_Method_B_C: Mean = 0.7040, Std = 0.2958

--- SPEARMAN ---
Proximity_Baseline: Mean = 0.1548, Std = 0.3528
Proximity_Method_A: Mean = 0.1493, Std = 0.3569
Proximity_Method_B: Mean = 0.1806, Std = 0.3632
Proximity_Method_C: Mean = 0.1547, Std = 0.3506
Proximity_Method_B_C: Mean = 0.1914, Std = 0.3427

--- BRIER ---
Proximity_Baseline: Mean = 0.2537, Std = 0.0536
Proximity_Method_A: Mean = 0.2544, Std = 0.0525
Proximity_Method_B: Mean = 0.2375, Std = 0.0708
Proximity_Method_C: Mean = 0.2523, Std = 0.0561
Proximity_Method_B_C: Mean = 0.2355, Std = 0.0749

--- MI ---
Proximity_Baseline: Mean = 0.2179, Std = 0.1862
Proximity_Method_A: Mean = 0.2147, Std = 0.1833
Proximity_Method_B: Mean = 0.2571, Std = 0.2041
Proximity_Method_C: Mean = 0.2108, Std = 0.1888
Proximity_Method_B_C: Mean = 0.2517, Std = 0.2162

--- JSD ---
Proximity_Baseline: Mean = 0.2257, Std = 0.1911
Proximity_Method_A: Mean = 0.2226, Std = 0.1883
Proximity_Method_B: Mean = 0.2672, Std = 0.2104
Proximity_Method_C: Mean = 0.2189, Std = 0.1941
Proximity_Method_B_C: Mean = 0.2610, Std = 0.2220

--- NAURC ---
Proximity_Baseline: Mean = 0.7296, Std = 0.3206
Proximity_Method_A: Mean = 0.7358, Std = 0.3279
Proximity_Method_B: Mean = 0.6604, Std = 0.3366
Proximity_Method_C: Mean = 0.6988, Std = 0.3003
Proximity_Method_B_C: Mean = 0.6255, Std = 0.2795

--- Statistical Validation (alpha = 0.05) ---

AUROC:
  Friedman Test: chi2 = 10.9333, p = 2.7324e-02
  Result: SIGNIFICANT (p < 0.05)
  Bonferroni-corrected alpha = 5.0000e-03
    Proximity_Baseline vs Proximity_Method_A: p = 5.0000e-01 ([NS])
    Proximity_Baseline vs Proximity_Method_B: p = 2.5000e-01 ([NS])
    Proximity_Baseline vs Proximity_Method_C: p = 2.5000e-01 ([NS])
    Proximity_Baseline vs Proximity_Method_B_C: p = 2.5000e-01 ([NS])
    Proximity_Method_A vs Proximity_Method_B: p = 2.5000e-01 ([NS])
    Proximity_Method_A vs Proximity_Method_C: p = 2.5000e-01 ([NS])
    Proximity_Method_A vs Proximity_Method_B_C: p = 2.5000e-01 ([NS])
    Proximity_Method_B vs Proximity_Method_C: p = 2.5000e-01 ([NS])
    Proximity_Method_B vs Proximity_Method_B_C: p = 7.5000e-01 ([NS])
    Proximity_Method_C vs Proximity_Method_B_C: p = 2.5000e-01 ([NS])

FPR95:
  Friedman Test: chi2 = 9.6000, p = 4.7733e-02
  Result: SIGNIFICANT (p < 0.05)
  Bonferroni-corrected alpha = 5.0000e-03
    Proximity_Baseline vs Proximity_Method_A: p = 7.5000e-01 ([NS])
    Proximity_Baseline vs Proximity_Method_B: p = 5.0000e-01 ([NS])
    Proximity_Baseline vs Proximity_Method_C: p = 2.5000e-01 ([NS])
    Proximity_Baseline vs Proximity_Method_B_C: p = 2.5000e-01 ([NS])
    Proximity_Method_A vs Proximity_Method_B: p = 2.5000e-01 ([NS])
    Proximity_Method_A vs Proximity_Method_C: p = 2.5000e-01 ([NS])
    Proximity_Method_A vs Proximity_Method_B_C: p = 2.5000e-01 ([NS])
    Proximity_Method_B vs Proximity_Method_C: p = 5.0000e-01 ([NS])
    Proximity_Method_B vs Proximity_Method_B_C: p = 2.5000e-01 ([NS])
    Proximity_Method_C vs Proximity_Method_B_C: p = 2.5000e-01 ([NS])

SPEARMAN:
  Friedman Test: chi2 = 4.5333, p = 3.3861e-01
  Result: NOT SIGNIFICANT (p >= 0.05)

BRIER:
  Friedman Test: chi2 = 5.6000, p = 2.3108e-01
  Result: NOT SIGNIFICANT (p >= 0.05)

MI:
  Friedman Test: chi2 = 9.8667, p = 4.2735e-02
  Result: SIGNIFICANT (p < 0.05)
  Bonferroni-corrected alpha = 5.0000e-03
    Proximity_Baseline vs Proximity_Method_A: p = 5.0000e-01 ([NS])
    Proximity_Baseline vs Proximity_Method_B: p = 2.5000e-01 ([NS])
    Proximity_Baseline vs Proximity_Method_C: p = 2.5000e-01 ([NS])
    Proximity_Baseline vs Proximity_Method_B_C: p = 2.5000e-01 ([NS])
    Proximity_Method_A vs Proximity_Method_B: p = 2.5000e-01 ([NS])
    Proximity_Method_A vs Proximity_Method_C: p = 1.0000e+00 ([NS])
    Proximity_Method_A vs Proximity_Method_B_C: p = 2.5000e-01 ([NS])
    Proximity_Method_B vs Proximity_Method_C: p = 2.5000e-01 ([NS])
    Proximity_Method_B vs Proximity_Method_B_C: p = 7.5000e-01 ([NS])
    Proximity_Method_C vs Proximity_Method_B_C: p = 2.5000e-01 ([NS])

JSD:
  Friedman Test: chi2 = 9.8667, p = 4.2735e-02
  Result: SIGNIFICANT (p < 0.05)
  Bonferroni-corrected alpha = 5.0000e-03
    Proximity_Baseline vs Proximity_Method_A: p = 5.0000e-01 ([NS])
    Proximity_Baseline vs Proximity_Method_B: p = 2.5000e-01 ([NS])
    Proximity_Baseline vs Proximity_Method_C: p = 2.5000e-01 ([NS])
    Proximity_Baseline vs Proximity_Method_B_C: p = 2.5000e-01 ([NS])
    Proximity_Method_A vs Proximity_Method_B: p = 2.5000e-01 ([NS])
    Proximity_Method_A vs Proximity_Method_C: p = 1.0000e+00 ([NS])
    Proximity_Method_A vs Proximity_Method_B_C: p = 2.5000e-01 ([NS])
    Proximity_Method_B vs Proximity_Method_C: p = 2.5000e-01 ([NS])
    Proximity_Method_B vs Proximity_Method_B_C: p = 5.0000e-01 ([NS])
    Proximity_Method_C vs Proximity_Method_B_C: p = 2.5000e-01 ([NS])

NAURC:
  Friedman Test: chi2 = 9.8667, p = 4.2735e-02
  Result: SIGNIFICANT (p < 0.05)
  Bonferroni-corrected alpha = 5.0000e-03
    Proximity_Baseline vs Proximity_Method_A: p = 1.0000e+00 ([NS])
    Proximity_Baseline vs Proximity_Method_B: p = 2.5000e-01 ([NS])
    Proximity_Baseline vs Proximity_Method_C: p = 2.5000e-01 ([NS])
    Proximity_Baseline vs Proximity_Method_B_C: p = 2.5000e-01 ([NS])
    Proximity_Method_A vs Proximity_Method_B: p = 2.5000e-01 ([NS])
    Proximity_Method_A vs Proximity_Method_C: p = 2.5000e-01 ([NS])
    Proximity_Method_A vs Proximity_Method_B_C: p = 2.5000e-01 ([NS])
    Proximity_Method_B vs Proximity_Method_C: p = 5.0000e-01 ([NS])
    Proximity_Method_B vs Proximity_Method_B_C: p = 1.0000e+00 ([NS])
    Proximity_Method_C vs Proximity_Method_B_C: p = 2.5000e-01 ([NS])

[DIMENSION] 5D Functions
----------------------------------------------------------------------

======================================================================
5D Functions (runs = 7)
======================================================================

--- AUROC ---
Proximity_Baseline: Mean = 0.5353, Std = 0.0288
Proximity_Method_A: Mean = 0.5360, Std = 0.0284
Proximity_Method_B: Mean = 0.5264, Std = 0.0343
Proximity_Method_C: Mean = 0.5405, Std = 0.0299
Proximity_Method_B_C: Mean = 0.5378, Std = 0.0427

--- FPR95 ---
Proximity_Baseline: Mean = 0.9349, Std = 0.0215
Proximity_Method_A: Mean = 0.9347, Std = 0.0216
Proximity_Method_B: Mean = 0.9161, Std = 0.0339
Proximity_Method_C: Mean = 0.9318, Std = 0.0225
Proximity_Method_B_C: Mean = 0.9144, Std = 0.0276

--- SPEARMAN ---
Proximity_Baseline: Mean = 0.0564, Std = 0.0994
Proximity_Method_A: Mean = 0.0575, Std = 0.0973
Proximity_Method_B: Mean = 0.0494, Std = 0.1389
Proximity_Method_C: Mean = 0.0663, Std = 0.0980
Proximity_Method_B_C: Mean = 0.0710, Std = 0.1258

--- BRIER ---
Proximity_Baseline: Mean = 0.2883, Std = 0.0021
Proximity_Method_A: Mean = 0.2882, Std = 0.0022
Proximity_Method_B: Mean = 0.2890, Std = 0.0013
Proximity_Method_C: Mean = 0.2878, Std = 0.0025
Proximity_Method_B_C: Mean = 0.2882, Std = 0.0028

--- MI ---
Proximity_Baseline: Mean = 0.0350, Std = 0.0284
Proximity_Method_A: Mean = 0.0358, Std = 0.0299
Proximity_Method_B: Mean = 0.0431, Std = 0.0308
Proximity_Method_C: Mean = 0.0340, Std = 0.0269
Proximity_Method_B_C: Mean = 0.0406, Std = 0.0273

--- JSD ---
Proximity_Baseline: Mean = 0.0360, Std = 0.0287
Proximity_Method_A: Mean = 0.0368, Std = 0.0301
Proximity_Method_B: Mean = 0.0454, Std = 0.0317
Proximity_Method_C: Mean = 0.0348, Std = 0.0267
Proximity_Method_B_C: Mean = 0.0426, Std = 0.0278

--- NAURC ---
Proximity_Baseline: Mean = 0.7990, Std = 0.2387
Proximity_Method_A: Mean = 0.7947, Std = 0.2358
Proximity_Method_B: Mean = 0.7486, Std = 0.2371
Proximity_Method_C: Mean = 0.7885, Std = 0.2338
Proximity_Method_B_C: Mean = 0.7348, Std = 0.2438

--- Statistical Validation (alpha = 0.05) ---

AUROC:
  Friedman Test: chi2 = 4.0000, p = 4.0601e-01
  Result: NOT SIGNIFICANT (p >= 0.05)

FPR95:
  Friedman Test: chi2 = 8.8000, p = 6.6298e-02
  Result: NOT SIGNIFICANT (p >= 0.05)

SPEARMAN:
  Friedman Test: chi2 = 2.1333, p = 7.1125e-01
  Result: NOT SIGNIFICANT (p >= 0.05)

BRIER:
  Friedman Test: chi2 = 4.2667, p = 3.7112e-01
  Result: NOT SIGNIFICANT (p >= 0.05)

MI:
  Friedman Test: chi2 = 7.7333, p = 1.0185e-01
  Result: NOT SIGNIFICANT (p >= 0.05)

JSD:
  Friedman Test: chi2 = 8.5333, p = 7.3883e-02
  Result: NOT SIGNIFICANT (p >= 0.05)

NAURC:
  Friedman Test: chi2 = 11.4667, p = 2.1791e-02
  Result: SIGNIFICANT (p < 0.05)
  Bonferroni-corrected alpha = 5.0000e-03
    Proximity_Baseline vs Proximity_Method_A: p = 2.5000e-01 ([NS])
    Proximity_Baseline vs Proximity_Method_B: p = 2.5000e-01 ([NS])
    Proximity_Baseline vs Proximity_Method_C: p = 2.5000e-01 ([NS])
    Proximity_Baseline vs Proximity_Method_B_C: p = 2.5000e-01 ([NS])
    Proximity_Method_A vs Proximity_Method_B: p = 2.5000e-01 ([NS])
    Proximity_Method_A vs Proximity_Method_C: p = 2.5000e-01 ([NS])
    Proximity_Method_A vs Proximity_Method_B_C: p = 2.5000e-01 ([NS])
    Proximity_Method_B vs Proximity_Method_C: p = 2.5000e-01 ([NS])
    Proximity_Method_B vs Proximity_Method_B_C: p = 7.5000e-01 ([NS])
    Proximity_Method_C vs Proximity_Method_B_C: p = 2.5000e-01 ([NS])

[DIMENSION] 6D Functions
----------------------------------------------------------------------

======================================================================
6D Functions (runs = 7)
======================================================================

--- AUROC ---
Proximity_Baseline: Mean = 0.6211, Std = 0.1865
Proximity_Method_A: Mean = 0.6235, Std = 0.1862
Proximity_Method_B: Mean = 0.6386, Std = 0.1952
Proximity_Method_C: Mean = 0.6207, Std = 0.1887
Proximity_Method_B_C: Mean = 0.6344, Std = 0.1992

--- FPR95 ---
Proximity_Baseline: Mean = 0.7699, Std = 0.2606
Proximity_Method_A: Mean = 0.7655, Std = 0.2637
Proximity_Method_B: Mean = 0.6737, Std = 0.3423
Proximity_Method_C: Mean = 0.7647, Std = 0.2630
Proximity_Method_B_C: Mean = 0.6818, Std = 0.3444

--- SPEARMAN ---
Proximity_Baseline: Mean = 0.0099, Std = 0.1053
Proximity_Method_A: Mean = 0.0118, Std = 0.1042
Proximity_Method_B: Mean = 0.0015, Std = 0.1393
Proximity_Method_C: Mean = 0.0085, Std = 0.1092
Proximity_Method_B_C: Mean = -0.0034, Std = 0.1427

--- BRIER ---
Proximity_Baseline: Mean = 0.2474, Std = 0.0604
Proximity_Method_A: Mean = 0.2468, Std = 0.0614
Proximity_Method_B: Mean = 0.2371, Std = 0.0756
Proximity_Method_C: Mean = 0.2468, Std = 0.0614
Proximity_Method_B_C: Mean = 0.2370, Std = 0.0760

--- MI ---
Proximity_Baseline: Mean = 0.1560, Std = 0.1806
Proximity_Method_A: Mean = 0.1584, Std = 0.1844
Proximity_Method_B: Mean = 0.2098, Std = 0.2369
Proximity_Method_C: Mean = 0.1523, Std = 0.1839
Proximity_Method_B_C: Mean = 0.2001, Std = 0.2375

--- JSD ---
Proximity_Baseline: Mean = 0.1621, Std = 0.1879
Proximity_Method_A: Mean = 0.1643, Std = 0.1914
Proximity_Method_B: Mean = 0.2244, Std = 0.2521
Proximity_Method_C: Mean = 0.1589, Std = 0.1914
Proximity_Method_B_C: Mean = 0.2145, Std = 0.2530

--- NAURC ---
Proximity_Baseline: Mean = 0.8537, Std = 0.1810
Proximity_Method_A: Mean = 0.8507, Std = 0.1782
Proximity_Method_B: Mean = 0.7820, Std = 0.1753
Proximity_Method_C: Mean = 0.8519, Std = 0.1860
Proximity_Method_B_C: Mean = 0.8001, Std = 0.1946

--- Statistical Validation (alpha = 0.05) ---

AUROC:
  Friedman Test: chi2 = 8.2667, p = 8.2284e-02
  Result: NOT SIGNIFICANT (p >= 0.05)

FPR95:
  Friedman Test: chi2 = 10.9333, p = 2.7324e-02
  Result: SIGNIFICANT (p < 0.05)
  Bonferroni-corrected alpha = 5.0000e-03
    Proximity_Baseline vs Proximity_Method_A: p = 2.5000e-01 ([NS])
    Proximity_Baseline vs Proximity_Method_B: p = 2.5000e-01 ([NS])
    Proximity_Baseline vs Proximity_Method_C: p = 2.5000e-01 ([NS])
    Proximity_Baseline vs Proximity_Method_B_C: p = 2.5000e-01 ([NS])
    Proximity_Method_A vs Proximity_Method_B: p = 2.5000e-01 ([NS])
    Proximity_Method_A vs Proximity_Method_C: p = 7.5000e-01 ([NS])
    Proximity_Method_A vs Proximity_Method_B_C: p = 2.5000e-01 ([NS])
    Proximity_Method_B vs Proximity_Method_C: p = 2.5000e-01 ([NS])
    Proximity_Method_B vs Proximity_Method_B_C: p = 7.5000e-01 ([NS])
    Proximity_Method_C vs Proximity_Method_B_C: p = 2.5000e-01 ([NS])

SPEARMAN:
  Friedman Test: chi2 = 1.8667, p = 7.6027e-01
  Result: NOT SIGNIFICANT (p >= 0.05)

BRIER:
  Friedman Test: chi2 = 2.9333, p = 5.6904e-01
  Result: NOT SIGNIFICANT (p >= 0.05)

MI:
  Friedman Test: chi2 = 8.0000, p = 9.1578e-02
  Result: NOT SIGNIFICANT (p >= 0.05)

JSD:
  Friedman Test: chi2 = 8.0000, p = 9.1578e-02
  Result: NOT SIGNIFICANT (p >= 0.05)

NAURC:
  Friedman Test: chi2 = 9.3333, p = 5.3287e-02
  Result: NOT SIGNIFICANT (p >= 0.05)

[DIMENSION] 7D Functions
----------------------------------------------------------------------

======================================================================
7D Functions (runs = 7)
======================================================================

--- AUROC ---
Proximity_Baseline: Mean = 0.5699, Std = 0.0707
Proximity_Method_A: Mean = 0.5700, Std = 0.0687
Proximity_Method_B: Mean = 0.5794, Std = 0.0808
Proximity_Method_C: Mean = 0.5728, Std = 0.0687
Proximity_Method_B_C: Mean = 0.5817, Std = 0.0748

--- FPR95 ---
Proximity_Baseline: Mean = 0.9171, Std = 0.0507
Proximity_Method_A: Mean = 0.9174, Std = 0.0482
Proximity_Method_B: Mean = 0.8728, Std = 0.1096
Proximity_Method_C: Mean = 0.9150, Std = 0.0493
Proximity_Method_B_C: Mean = 0.8835, Std = 0.0946

--- SPEARMAN ---
Proximity_Baseline: Mean = 0.1241, Std = 0.2050
Proximity_Method_A: Mean = 0.1238, Std = 0.2064
Proximity_Method_B: Mean = 0.1189, Std = 0.2291
Proximity_Method_C: Mean = 0.1291, Std = 0.2049
Proximity_Method_B_C: Mean = 0.1290, Std = 0.2238

--- BRIER ---
Proximity_Baseline: Mean = 0.2794, Std = 0.0114
Proximity_Method_A: Mean = 0.2796, Std = 0.0111
Proximity_Method_B: Mean = 0.2747, Std = 0.0138
Proximity_Method_C: Mean = 0.2793, Std = 0.0116
Proximity_Method_B_C: Mean = 0.2762, Std = 0.0135

--- MI ---
Proximity_Baseline: Mean = 0.0695, Std = 0.0518
Proximity_Method_A: Mean = 0.0691, Std = 0.0531
Proximity_Method_B: Mean = 0.1367, Std = 0.1097
Proximity_Method_C: Mean = 0.0646, Std = 0.0497
Proximity_Method_B_C: Mean = 0.1134, Std = 0.0927

--- JSD ---
Proximity_Baseline: Mean = 0.0712, Std = 0.0519
Proximity_Method_A: Mean = 0.0708, Std = 0.0530
Proximity_Method_B: Mean = 0.1450, Std = 0.1149
Proximity_Method_C: Mean = 0.0663, Std = 0.0496
Proximity_Method_B_C: Mean = 0.1199, Std = 0.0965

--- NAURC ---
Proximity_Baseline: Mean = 0.7150, Std = 0.2279
Proximity_Method_A: Mean = 0.7148, Std = 0.2269
Proximity_Method_B: Mean = 0.6163, Std = 0.2178
Proximity_Method_C: Mean = 0.7064, Std = 0.2241
Proximity_Method_B_C: Mean = 0.6176, Std = 0.2244

--- Statistical Validation (alpha = 0.05) ---

AUROC:
  Friedman Test: chi2 = 1.8667, p = 7.6027e-01
  Result: NOT SIGNIFICANT (p >= 0.05)

FPR95:
  Friedman Test: chi2 = 9.8667, p = 4.2735e-02
  Result: SIGNIFICANT (p < 0.05)
  Bonferroni-corrected alpha = 5.0000e-03
    Proximity_Baseline vs Proximity_Method_A: p = 1.0000e+00 ([NS])
    Proximity_Baseline vs Proximity_Method_B: p = 2.5000e-01 ([NS])
    Proximity_Baseline vs Proximity_Method_C: p = 2.5000e-01 ([NS])
    Proximity_Baseline vs Proximity_Method_B_C: p = 2.5000e-01 ([NS])
    Proximity_Method_A vs Proximity_Method_B: p = 2.5000e-01 ([NS])
    Proximity_Method_A vs Proximity_Method_C: p = 5.0000e-01 ([NS])
    Proximity_Method_A vs Proximity_Method_B_C: p = 2.5000e-01 ([NS])
    Proximity_Method_B vs Proximity_Method_C: p = 2.5000e-01 ([NS])
    Proximity_Method_B vs Proximity_Method_B_C: p = 1.0000e+00 ([NS])
    Proximity_Method_C vs Proximity_Method_B_C: p = 2.5000e-01 ([NS])

SPEARMAN:
  Friedman Test: chi2 = 3.4667, p = 4.8296e-01
  Result: NOT SIGNIFICANT (p >= 0.05)

BRIER:
  Friedman Test: chi2 = 1.8667, p = 7.6027e-01
  Result: NOT SIGNIFICANT (p >= 0.05)

MI:
  Friedman Test: chi2 = 9.8667, p = 4.2735e-02
  Result: SIGNIFICANT (p < 0.05)
  Bonferroni-corrected alpha = 5.0000e-03
    Proximity_Baseline vs Proximity_Method_A: p = 1.0000e+00 ([NS])
    Proximity_Baseline vs Proximity_Method_B: p = 2.5000e-01 ([NS])
    Proximity_Baseline vs Proximity_Method_C: p = 5.0000e-01 ([NS])
    Proximity_Baseline vs Proximity_Method_B_C: p = 2.5000e-01 ([NS])
    Proximity_Method_A vs Proximity_Method_B: p = 2.5000e-01 ([NS])
    Proximity_Method_A vs Proximity_Method_C: p = 5.0000e-01 ([NS])
    Proximity_Method_A vs Proximity_Method_B_C: p = 2.5000e-01 ([NS])
    Proximity_Method_B vs Proximity_Method_C: p = 2.5000e-01 ([NS])
    Proximity_Method_B vs Proximity_Method_B_C: p = 2.5000e-01 ([NS])
    Proximity_Method_C vs Proximity_Method_B_C: p = 2.5000e-01 ([NS])

JSD:
  Friedman Test: chi2 = 9.3333, p = 5.3287e-02
  Result: NOT SIGNIFICANT (p >= 0.05)

NAURC:
  Friedman Test: chi2 = 10.9333, p = 2.7324e-02
  Result: SIGNIFICANT (p < 0.05)
  Bonferroni-corrected alpha = 5.0000e-03
    Proximity_Baseline vs Proximity_Method_A: p = 7.5000e-01 ([NS])
    Proximity_Baseline vs Proximity_Method_B: p = 2.5000e-01 ([NS])
    Proximity_Baseline vs Proximity_Method_C: p = 2.5000e-01 ([NS])
    Proximity_Baseline vs Proximity_Method_B_C: p = 2.5000e-01 ([NS])
    Proximity_Method_A vs Proximity_Method_B: p = 2.5000e-01 ([NS])
    Proximity_Method_A vs Proximity_Method_C: p = 2.5000e-01 ([NS])
    Proximity_Method_A vs Proximity_Method_B_C: p = 2.5000e-01 ([NS])
    Proximity_Method_B vs Proximity_Method_C: p = 2.5000e-01 ([NS])
    Proximity_Method_B vs Proximity_Method_B_C: p = 1.0000e+00 ([NS])
    Proximity_Method_C vs Proximity_Method_B_C: p = 2.5000e-01 ([NS])

[DIMENSION] 8D Functions
----------------------------------------------------------------------

======================================================================
8D Functions (runs = 7)
======================================================================

--- AUROC ---
Proximity_Baseline: Mean = 0.6057, Std = 0.1255
Proximity_Method_A: Mean = 0.6058, Std = 0.1263
Proximity_Method_B: Mean = 0.6601, Std = 0.1661
Proximity_Method_C: Mean = 0.6093, Std = 0.1280
Proximity_Method_B_C: Mean = 0.6612, Std = 0.1711

--- FPR95 ---
Proximity_Baseline: Mean = 0.8645, Std = 0.1149
Proximity_Method_A: Mean = 0.8641, Std = 0.1162
Proximity_Method_B: Mean = 0.6706, Std = 0.2776
Proximity_Method_C: Mean = 0.8580, Std = 0.1247
Proximity_Method_B_C: Mean = 0.6838, Std = 0.2783

--- SPEARMAN ---
Proximity_Baseline: Mean = -0.0012, Std = 0.0546
Proximity_Method_A: Mean = -0.0021, Std = 0.0563
Proximity_Method_B: Mean = -0.0309, Std = 0.0856
Proximity_Method_C: Mean = 0.0046, Std = 0.0454
Proximity_Method_B_C: Mean = -0.0119, Std = 0.0847

--- BRIER ---
Proximity_Baseline: Mean = 0.2654, Std = 0.0372
Proximity_Method_A: Mean = 0.2653, Std = 0.0373
Proximity_Method_B: Mean = 0.2456, Std = 0.0571
Proximity_Method_C: Mean = 0.2642, Std = 0.0397
Proximity_Method_B_C: Mean = 0.2442, Std = 0.0583

--- MI ---
Proximity_Baseline: Mean = 0.0861, Std = 0.1055
Proximity_Method_A: Mean = 0.0870, Std = 0.1062
Proximity_Method_B: Mean = 0.1823, Std = 0.1817
Proximity_Method_C: Mean = 0.0888, Std = 0.1126
Proximity_Method_B_C: Mean = 0.1759, Std = 0.1841

--- JSD ---
Proximity_Baseline: Mean = 0.0872, Std = 0.1048
Proximity_Method_A: Mean = 0.0880, Std = 0.1055
Proximity_Method_B: Mean = 0.1989, Std = 0.1958
Proximity_Method_C: Mean = 0.0901, Std = 0.1122
Proximity_Method_B_C: Mean = 0.1907, Std = 0.1966

--- NAURC ---
Proximity_Baseline: Mean = 0.9307, Std = 0.0872
Proximity_Method_A: Mean = 0.9323, Std = 0.0880
Proximity_Method_B: Mean = 0.8643, Std = 0.1685
Proximity_Method_C: Mean = 0.9268, Std = 0.0825
Proximity_Method_B_C: Mean = 0.8769, Std = 0.1868

--- Statistical Validation (alpha = 0.05) ---

AUROC:
  Friedman Test: chi2 = 9.0667, p = 5.9455e-02
  Result: NOT SIGNIFICANT (p >= 0.05)

FPR95:
  Friedman Test: chi2 = 8.5333, p = 7.3883e-02
  Result: NOT SIGNIFICANT (p >= 0.05)

SPEARMAN:
  Friedman Test: chi2 = 2.9333, p = 5.6904e-01
  Result: NOT SIGNIFICANT (p >= 0.05)

BRIER:
  Friedman Test: chi2 = 5.8667, p = 2.0933e-01
  Result: NOT SIGNIFICANT (p >= 0.05)

MI:
  Friedman Test: chi2 = 9.8667, p = 4.2735e-02
  Result: SIGNIFICANT (p < 0.05)
  Bonferroni-corrected alpha = 5.0000e-03
    Proximity_Baseline vs Proximity_Method_A: p = 2.5000e-01 ([NS])
    Proximity_Baseline vs Proximity_Method_B: p = 2.5000e-01 ([NS])
    Proximity_Baseline vs Proximity_Method_C: p = 1.0000e+00 ([NS])
    Proximity_Baseline vs Proximity_Method_B_C: p = 2.5000e-01 ([NS])
    Proximity_Method_A vs Proximity_Method_B: p = 2.5000e-01 ([NS])
    Proximity_Method_A vs Proximity_Method_C: p = 1.0000e+00 ([NS])
    Proximity_Method_A vs Proximity_Method_B_C: p = 2.5000e-01 ([NS])
    Proximity_Method_B vs Proximity_Method_C: p = 2.5000e-01 ([NS])
    Proximity_Method_B vs Proximity_Method_B_C: p = 7.5000e-01 ([NS])
    Proximity_Method_C vs Proximity_Method_B_C: p = 2.5000e-01 ([NS])

JSD:
  Friedman Test: chi2 = 9.3333, p = 5.3287e-02
  Result: NOT SIGNIFICANT (p >= 0.05)

NAURC:
  Friedman Test: chi2 = 1.8667, p = 7.6027e-01
  Result: NOT SIGNIFICANT (p >= 0.05)

[DIMENSION] 9D Functions
----------------------------------------------------------------------

======================================================================
9D Functions (runs = 7)
======================================================================

--- AUROC ---
Proximity_Baseline: Mean = 0.5540, Std = 0.0539
Proximity_Method_A: Mean = 0.5548, Std = 0.0557
Proximity_Method_B: Mean = 0.6177, Std = 0.1074
Proximity_Method_C: Mean = 0.5646, Std = 0.0518
Proximity_Method_B_C: Mean = 0.6284, Std = 0.0996

--- FPR95 ---
Proximity_Baseline: Mean = 0.9147, Std = 0.0336
Proximity_Method_A: Mean = 0.9156, Std = 0.0336
Proximity_Method_B: Mean = 0.8131, Std = 0.1734
Proximity_Method_C: Mean = 0.9115, Std = 0.0308
Proximity_Method_B_C: Mean = 0.8174, Std = 0.1640

--- SPEARMAN ---
Proximity_Baseline: Mean = -0.0045, Std = 0.0813
Proximity_Method_A: Mean = -0.0056, Std = 0.0820
Proximity_Method_B: Mean = 0.0116, Std = 0.0991
Proximity_Method_C: Mean = 0.0056, Std = 0.0736
Proximity_Method_B_C: Mean = 0.0246, Std = 0.0919

--- BRIER ---
Proximity_Baseline: Mean = 0.2847, Std = 0.0100
Proximity_Method_A: Mean = 0.2845, Std = 0.0106
Proximity_Method_B: Mean = 0.2683, Std = 0.0362
Proximity_Method_C: Mean = 0.2836, Std = 0.0129
Proximity_Method_B_C: Mean = 0.2674, Std = 0.0336

--- MI ---
Proximity_Baseline: Mean = 0.0317, Std = 0.0359
Proximity_Method_A: Mean = 0.0319, Std = 0.0362
Proximity_Method_B: Mean = 0.0900, Std = 0.1210
Proximity_Method_C: Mean = 0.0319, Std = 0.0382
Proximity_Method_B_C: Mean = 0.0863, Std = 0.1163

--- JSD ---
Proximity_Baseline: Mean = 0.0327, Std = 0.0362
Proximity_Method_A: Mean = 0.0330, Std = 0.0364
Proximity_Method_B: Mean = 0.0973, Std = 0.1300
Proximity_Method_C: Mean = 0.0329, Std = 0.0382
Proximity_Method_B_C: Mean = 0.0915, Std = 0.1218

--- NAURC ---
Proximity_Baseline: Mean = 0.9456, Std = 0.1206
Proximity_Method_A: Mean = 0.9456, Std = 0.1226
Proximity_Method_B: Mean = 0.8155, Std = 0.2137
Proximity_Method_C: Mean = 0.9288, Std = 0.1275
Proximity_Method_B_C: Mean = 0.8294, Std = 0.2187

--- Statistical Validation (alpha = 0.05) ---

AUROC:
  Friedman Test: chi2 = 5.3333, p = 2.5477e-01
  Result: NOT SIGNIFICANT (p >= 0.05)

FPR95:
  Friedman Test: chi2 = 6.6667, p = 1.5459e-01
  Result: NOT SIGNIFICANT (p >= 0.05)

SPEARMAN:
  Friedman Test: chi2 = 8.2667, p = 8.2284e-02
  Result: NOT SIGNIFICANT (p >= 0.05)

BRIER:
  Friedman Test: chi2 = 6.9333, p = 1.3945e-01
  Result: NOT SIGNIFICANT (p >= 0.05)

MI:
  Friedman Test: chi2 = 9.3333, p = 5.3287e-02
  Result: NOT SIGNIFICANT (p >= 0.05)

JSD:
  Friedman Test: chi2 = 9.3333, p = 5.3287e-02
  Result: NOT SIGNIFICANT (p >= 0.05)

NAURC:
  Friedman Test: chi2 = 6.6667, p = 1.5459e-01
  Result: NOT SIGNIFICANT (p >= 0.05)

[DIMENSION] 10D Functions
----------------------------------------------------------------------

======================================================================
10D Functions (runs = 7)
======================================================================

--- AUROC ---
Proximity_Baseline: Mean = 0.5799, Std = 0.0875
Proximity_Method_A: Mean = 0.5816, Std = 0.0877
Proximity_Method_B: Mean = 0.6923, Std = 0.1439
Proximity_Method_C: Mean = 0.5833, Std = 0.0904
Proximity_Method_B_C: Mean = 0.6746, Std = 0.1393

--- FPR95 ---
Proximity_Baseline: Mean = 0.8881, Std = 0.0751
Proximity_Method_A: Mean = 0.8863, Std = 0.0788
Proximity_Method_B: Mean = 0.7050, Std = 0.2087
Proximity_Method_C: Mean = 0.8880, Std = 0.0769
Proximity_Method_B_C: Mean = 0.7481, Std = 0.1824

--- SPEARMAN ---
Proximity_Baseline: Mean = 0.0533, Std = 0.1015
Proximity_Method_A: Mean = 0.0537, Std = 0.1009
Proximity_Method_B: Mean = 0.0446, Std = 0.1066
Proximity_Method_C: Mean = 0.0562, Std = 0.1001
Proximity_Method_B_C: Mean = 0.0465, Std = 0.1075

--- BRIER ---
Proximity_Baseline: Mean = 0.2772, Std = 0.0243
Proximity_Method_A: Mean = 0.2770, Std = 0.0245
Proximity_Method_B: Mean = 0.2403, Std = 0.0466
Proximity_Method_C: Mean = 0.2765, Std = 0.0243
Proximity_Method_B_C: Mean = 0.2464, Std = 0.0446

--- MI ---
Proximity_Baseline: Mean = 0.0473, Std = 0.0667
Proximity_Method_A: Mean = 0.0478, Std = 0.0672
Proximity_Method_B: Mean = 0.1608, Std = 0.1398
Proximity_Method_C: Mean = 0.0455, Std = 0.0661
Proximity_Method_B_C: Mean = 0.1402, Std = 0.1296

--- JSD ---
Proximity_Baseline: Mean = 0.0489, Std = 0.0685
Proximity_Method_A: Mean = 0.0494, Std = 0.0689
Proximity_Method_B: Mean = 0.1728, Std = 0.1493
Proximity_Method_C: Mean = 0.0474, Std = 0.0680
Proximity_Method_B_C: Mean = 0.1482, Std = 0.1346

--- NAURC ---
Proximity_Baseline: Mean = 0.8479, Std = 0.1433
Proximity_Method_A: Mean = 0.8459, Std = 0.1459
Proximity_Method_B: Mean = 0.7303, Std = 0.1935
Proximity_Method_C: Mean = 0.8453, Std = 0.1447
Proximity_Method_B_C: Mean = 0.7628, Std = 0.1808

--- Statistical Validation (alpha = 0.05) ---

AUROC:
  Friedman Test: chi2 = 1.3333, p = 8.5570e-01
  Result: NOT SIGNIFICANT (p >= 0.05)

FPR95:
  Friedman Test: chi2 = 1.3333, p = 8.5570e-01
  Result: NOT SIGNIFICANT (p >= 0.05)

SPEARMAN:
  Friedman Test: chi2 = 1.3333, p = 8.5570e-01
  Result: NOT SIGNIFICANT (p >= 0.05)

BRIER:
  Friedman Test: chi2 = 1.8667, p = 7.6027e-01
  Result: NOT SIGNIFICANT (p >= 0.05)

MI:
  Friedman Test: chi2 = 3.4667, p = 4.8296e-01
  Result: NOT SIGNIFICANT (p >= 0.05)

JSD:
  Friedman Test: chi2 = 2.9333, p = 5.6904e-01
  Result: NOT SIGNIFICANT (p >= 0.05)

NAURC:
  Friedman Test: chi2 = 10.6667, p = 3.0577e-02
  Result: SIGNIFICANT (p < 0.05)
  Bonferroni-corrected alpha = 5.0000e-03
    Proximity_Baseline vs Proximity_Method_A: p = 7.5000e-01 ([NS])
    Proximity_Baseline vs Proximity_Method_B: p = 2.5000e-01 ([NS])
    Proximity_Baseline vs Proximity_Method_C: p = 2.5000e-01 ([NS])
    Proximity_Baseline vs Proximity_Method_B_C: p = 2.5000e-01 ([NS])
    Proximity_Method_A vs Proximity_Method_B: p = 2.5000e-01 ([NS])
    Proximity_Method_A vs Proximity_Method_C: p = 7.5000e-01 ([NS])
    Proximity_Method_A vs Proximity_Method_B_C: p = 2.5000e-01 ([NS])
    Proximity_Method_B vs Proximity_Method_C: p = 2.5000e-01 ([NS])
    Proximity_Method_B vs Proximity_Method_B_C: p = 2.5000e-01 ([NS])
    Proximity_Method_C vs Proximity_Method_B_C: p = 2.5000e-01 ([NS])

[DIMENSION] 11D Functions
----------------------------------------------------------------------

======================================================================
11D Functions (runs = 7)
======================================================================

--- AUROC ---
Proximity_Baseline: Mean = 0.5642, Std = 0.0255
Proximity_Method_A: Mean = 0.5640, Std = 0.0245
Proximity_Method_B: Mean = 0.6058, Std = 0.0712
Proximity_Method_C: Mean = 0.5697, Std = 0.0271
Proximity_Method_B_C: Mean = 0.6199, Std = 0.0656

--- FPR95 ---
Proximity_Baseline: Mean = 0.9156, Std = 0.0175
Proximity_Method_A: Mean = 0.9153, Std = 0.0173
Proximity_Method_B: Mean = 0.8448, Std = 0.0883
Proximity_Method_C: Mean = 0.9131, Std = 0.0179
Proximity_Method_B_C: Mean = 0.8540, Std = 0.0781

--- SPEARMAN ---
Proximity_Baseline: Mean = -0.0019, Std = 0.0241
Proximity_Method_A: Mean = -0.0015, Std = 0.0204
Proximity_Method_B: Mean = -0.0017, Std = 0.0208
Proximity_Method_C: Mean = -0.0021, Std = 0.0242
Proximity_Method_B_C: Mean = -0.0031, Std = 0.0206

--- BRIER ---
Proximity_Baseline: Mean = 0.2859, Std = 0.0031
Proximity_Method_A: Mean = 0.2859, Std = 0.0030
Proximity_Method_B: Mean = 0.2767, Std = 0.0147
Proximity_Method_C: Mean = 0.2852, Std = 0.0035
Proximity_Method_B_C: Mean = 0.2743, Std = 0.0140

--- MI ---
Proximity_Baseline: Mean = 0.0150, Std = 0.0075
Proximity_Method_A: Mean = 0.0145, Std = 0.0075
Proximity_Method_B: Mean = 0.0472, Std = 0.0430
Proximity_Method_C: Mean = 0.0164, Std = 0.0092
Proximity_Method_B_C: Mean = 0.0488, Std = 0.0379

--- JSD ---
Proximity_Baseline: Mean = 0.0159, Std = 0.0080
Proximity_Method_A: Mean = 0.0153, Std = 0.0079
Proximity_Method_B: Mean = 0.0513, Std = 0.0470
Proximity_Method_C: Mean = 0.0173, Std = 0.0098
Proximity_Method_B_C: Mean = 0.0524, Std = 0.0413

--- NAURC ---
Proximity_Baseline: Mean = 0.9929, Std = 0.0130
Proximity_Method_A: Mean = 0.9941, Std = 0.0142
Proximity_Method_B: Mean = 0.9749, Std = 0.0123
Proximity_Method_C: Mean = 0.9927, Std = 0.0133
Proximity_Method_B_C: Mean = 0.9805, Std = 0.0183

--- Statistical Validation (alpha = 0.05) ---

AUROC:
  Result: NOT ENOUGH VALID DATA FOR Paired Testing (Requires >= 3 independent functions)

FPR95:
  Result: NOT ENOUGH VALID DATA FOR Paired Testing (Requires >= 3 independent functions)

SPEARMAN:
  Result: NOT ENOUGH VALID DATA FOR Paired Testing (Requires >= 3 independent functions)

BRIER:
  Result: NOT ENOUGH VALID DATA FOR Paired Testing (Requires >= 3 independent functions)

MI:
  Result: NOT ENOUGH VALID DATA FOR Paired Testing (Requires >= 3 independent functions)

JSD:
  Result: NOT ENOUGH VALID DATA FOR Paired Testing (Requires >= 3 independent functions)

NAURC:
  Result: NOT ENOUGH VALID DATA FOR Paired Testing (Requires >= 3 independent functions)

[DIMENSION] 12D Functions
----------------------------------------------------------------------

======================================================================
12D Functions (runs = 7)
======================================================================

--- AUROC ---
Proximity_Baseline: Mean = 0.5674, Std = 0.0750
Proximity_Method_A: Mean = 0.5646, Std = 0.0740
Proximity_Method_B: Mean = 0.6583, Std = 0.0606
Proximity_Method_C: Mean = 0.5753, Std = 0.0708
Proximity_Method_B_C: Mean = 0.6793, Std = 0.0507

--- FPR95 ---
Proximity_Baseline: Mean = 0.9215, Std = 0.0190
Proximity_Method_A: Mean = 0.9248, Std = 0.0186
Proximity_Method_B: Mean = 0.8604, Std = 0.0699
Proximity_Method_C: Mean = 0.9191, Std = 0.0203
Proximity_Method_B_C: Mean = 0.8365, Std = 0.0601

--- SPEARMAN ---
Proximity_Baseline: Mean = 0.0040, Std = 0.0158
Proximity_Method_A: Mean = 0.0045, Std = 0.0149
Proximity_Method_B: Mean = 0.0060, Std = 0.0104
Proximity_Method_C: Mean = 0.0046, Std = 0.0162
Proximity_Method_B_C: Mean = 0.0101, Std = 0.0070

--- BRIER ---
Proximity_Baseline: Mean = 0.2792, Std = 0.0088
Proximity_Method_A: Mean = 0.2798, Std = 0.0080
Proximity_Method_B: Mean = 0.2640, Std = 0.0188
Proximity_Method_C: Mean = 0.2786, Std = 0.0095
Proximity_Method_B_C: Mean = 0.2580, Std = 0.0157

--- MI ---
Proximity_Baseline: Mean = 0.0326, Std = 0.0214
Proximity_Method_A: Mean = 0.0308, Std = 0.0196
Proximity_Method_B: Mean = 0.0690, Std = 0.0460
Proximity_Method_C: Mean = 0.0336, Std = 0.0220
Proximity_Method_B_C: Mean = 0.0821, Std = 0.0392

--- JSD ---
Proximity_Baseline: Mean = 0.0328, Std = 0.0211
Proximity_Method_A: Mean = 0.0311, Std = 0.0194
Proximity_Method_B: Mean = 0.0720, Std = 0.0482
Proximity_Method_C: Mean = 0.0338, Std = 0.0215
Proximity_Method_B_C: Mean = 0.0854, Std = 0.0408

--- NAURC ---
Proximity_Baseline: Mean = 0.9973, Std = 0.0072
Proximity_Method_A: Mean = 0.9987, Std = 0.0063
Proximity_Method_B: Mean = 0.9966, Std = 0.0076
Proximity_Method_C: Mean = 0.9974, Std = 0.0066
Proximity_Method_B_C: Mean = 0.9952, Std = 0.0101

--- Statistical Validation (alpha = 0.05) ---

AUROC:
  Result: NOT ENOUGH VALID DATA FOR Paired Testing (Requires >= 3 independent functions)

FPR95:
  Result: NOT ENOUGH VALID DATA FOR Paired Testing (Requires >= 3 independent functions)

SPEARMAN:
  Result: NOT ENOUGH VALID DATA FOR Paired Testing (Requires >= 3 independent functions)

BRIER:
  Result: NOT ENOUGH VALID DATA FOR Paired Testing (Requires >= 3 independent functions)

MI:
  Result: NOT ENOUGH VALID DATA FOR Paired Testing (Requires >= 3 independent functions)

JSD:
  Result: NOT ENOUGH VALID DATA FOR Paired Testing (Requires >= 3 independent functions)

NAURC:
  Result: NOT ENOUGH VALID DATA FOR Paired Testing (Requires >= 3 independent functions)

[DIMENSION] 13D Functions
----------------------------------------------------------------------

======================================================================
13D Functions (runs = 7)
======================================================================

--- AUROC ---
Proximity_Baseline: Mean = 0.5727, Std = 0.0344
Proximity_Method_A: Mean = 0.5764, Std = 0.0370
Proximity_Method_B: Mean = 0.6182, Std = 0.0806
Proximity_Method_C: Mean = 0.5785, Std = 0.0350
Proximity_Method_B_C: Mean = 0.6304, Std = 0.0711

--- FPR95 ---
Proximity_Baseline: Mean = 0.9101, Std = 0.0286
Proximity_Method_A: Mean = 0.9116, Std = 0.0279
Proximity_Method_B: Mean = 0.8554, Std = 0.0794
Proximity_Method_C: Mean = 0.9068, Std = 0.0282
Proximity_Method_B_C: Mean = 0.8604, Std = 0.0694

--- SPEARMAN ---
Proximity_Baseline: Mean = 0.0038, Std = 0.0145
Proximity_Method_A: Mean = 0.0009, Std = 0.0147
Proximity_Method_B: Mean = -0.0037, Std = 0.0128
Proximity_Method_C: Mean = 0.0032, Std = 0.0149
Proximity_Method_B_C: Mean = -0.0059, Std = 0.0105

--- BRIER ---
Proximity_Baseline: Mean = 0.2839, Std = 0.0051
Proximity_Method_A: Mean = 0.2833, Std = 0.0058
Proximity_Method_B: Mean = 0.2725, Std = 0.0168
Proximity_Method_C: Mean = 0.2831, Std = 0.0056
Proximity_Method_B_C: Mean = 0.2703, Std = 0.0172

--- MI ---
Proximity_Baseline: Mean = 0.0201, Std = 0.0148
Proximity_Method_A: Mean = 0.0216, Std = 0.0164
Proximity_Method_B: Mean = 0.0511, Std = 0.0434
Proximity_Method_C: Mean = 0.0217, Std = 0.0156
Proximity_Method_B_C: Mean = 0.0531, Std = 0.0421

--- JSD ---
Proximity_Baseline: Mean = 0.0210, Std = 0.0155
Proximity_Method_A: Mean = 0.0225, Std = 0.0170
Proximity_Method_B: Mean = 0.0547, Std = 0.0467
Proximity_Method_C: Mean = 0.0227, Std = 0.0163
Proximity_Method_B_C: Mean = 0.0560, Std = 0.0445

--- NAURC ---
Proximity_Baseline: Mean = 0.9938, Std = 0.0081
Proximity_Method_A: Mean = 0.9933, Std = 0.0115
Proximity_Method_B: Mean = 0.9986, Std = 0.0187
Proximity_Method_C: Mean = 0.9946, Std = 0.0083
Proximity_Method_B_C: Mean = 1.0045, Std = 0.0217

--- Statistical Validation (alpha = 0.05) ---

AUROC:
  Result: NOT ENOUGH VALID DATA FOR Paired Testing (Requires >= 3 independent functions)

FPR95:
  Result: NOT ENOUGH VALID DATA FOR Paired Testing (Requires >= 3 independent functions)

SPEARMAN:
  Result: NOT ENOUGH VALID DATA FOR Paired Testing (Requires >= 3 independent functions)

BRIER:
  Result: NOT ENOUGH VALID DATA FOR Paired Testing (Requires >= 3 independent functions)

MI:
  Result: NOT ENOUGH VALID DATA FOR Paired Testing (Requires >= 3 independent functions)

JSD:
  Result: NOT ENOUGH VALID DATA FOR Paired Testing (Requires >= 3 independent functions)

NAURC:
  Result: NOT ENOUGH VALID DATA FOR Paired Testing (Requires >= 3 independent functions)

[DIMENSION] 14D Functions
----------------------------------------------------------------------

======================================================================
14D Functions (runs = 7)
======================================================================

--- AUROC ---
Proximity_Baseline: Mean = 0.5946, Std = 0.0258
Proximity_Method_A: Mean = 0.5942, Std = 0.0240
Proximity_Method_B: Mean = 0.6713, Std = 0.0561
Proximity_Method_C: Mean = 0.6000, Std = 0.0256
Proximity_Method_B_C: Mean = 0.6708, Std = 0.0634

--- FPR95 ---
Proximity_Baseline: Mean = 0.9110, Std = 0.0167
Proximity_Method_A: Mean = 0.9127, Std = 0.0159
Proximity_Method_B: Mean = 0.8216, Std = 0.0578
Proximity_Method_C: Mean = 0.9076, Std = 0.0171
Proximity_Method_B_C: Mean = 0.8285, Std = 0.0586

--- SPEARMAN ---
Proximity_Baseline: Mean = -0.0001, Std = 0.0124
Proximity_Method_A: Mean = -0.0014, Std = 0.0101
Proximity_Method_B: Mean = 0.0055, Std = 0.0157
Proximity_Method_C: Mean = 0.0004, Std = 0.0124
Proximity_Method_B_C: Mean = 0.0118, Std = 0.0118

--- BRIER ---
Proximity_Baseline: Mean = 0.2804, Std = 0.0060
Proximity_Method_A: Mean = 0.2805, Std = 0.0055
Proximity_Method_B: Mean = 0.2609, Std = 0.0196
Proximity_Method_C: Mean = 0.2794, Std = 0.0061
Proximity_Method_B_C: Mean = 0.2592, Std = 0.0235

--- MI ---
Proximity_Baseline: Mean = 0.0256, Std = 0.0136
Proximity_Method_A: Mean = 0.0252, Std = 0.0127
Proximity_Method_B: Mean = 0.0789, Std = 0.0511
Proximity_Method_C: Mean = 0.0275, Std = 0.0142
Proximity_Method_B_C: Mean = 0.0815, Std = 0.0624

--- JSD ---
Proximity_Baseline: Mean = 0.0263, Std = 0.0135
Proximity_Method_A: Mean = 0.0258, Std = 0.0127
Proximity_Method_B: Mean = 0.0825, Std = 0.0508
Proximity_Method_C: Mean = 0.0282, Std = 0.0142
Proximity_Method_B_C: Mean = 0.0843, Std = 0.0616

--- NAURC ---
Proximity_Baseline: Mean = 0.9948, Std = 0.0071
Proximity_Method_A: Mean = 0.9972, Std = 0.0113
Proximity_Method_B: Mean = 1.0000, Std = 0.0130
Proximity_Method_C: Mean = 0.9942, Std = 0.0074
Proximity_Method_B_C: Mean = 0.9945, Std = 0.0102

--- Statistical Validation (alpha = 0.05) ---

AUROC:
  Result: NOT ENOUGH VALID DATA FOR Paired Testing (Requires >= 3 independent functions)

FPR95:
  Result: NOT ENOUGH VALID DATA FOR Paired Testing (Requires >= 3 independent functions)

SPEARMAN:
  Result: NOT ENOUGH VALID DATA FOR Paired Testing (Requires >= 3 independent functions)

BRIER:
  Result: NOT ENOUGH VALID DATA FOR Paired Testing (Requires >= 3 independent functions)

MI:
  Result: NOT ENOUGH VALID DATA FOR Paired Testing (Requires >= 3 independent functions)

JSD:
  Result: NOT ENOUGH VALID DATA FOR Paired Testing (Requires >= 3 independent functions)

NAURC:
  Result: NOT ENOUGH VALID DATA FOR Paired Testing (Requires >= 3 independent functions)

[DIMENSION] 15D Functions
----------------------------------------------------------------------

======================================================================
15D Functions (runs = 7)
======================================================================

--- AUROC ---
Proximity_Baseline: Mean = 0.5860, Std = 0.0347
Proximity_Method_A: Mean = 0.5849, Std = 0.0343
Proximity_Method_B: Mean = 0.6174, Std = 0.0667
Proximity_Method_C: Mean = 0.5893, Std = 0.0330
Proximity_Method_B_C: Mean = 0.6213, Std = 0.0598

--- FPR95 ---
Proximity_Baseline: Mean = 0.9088, Std = 0.0341
Proximity_Method_A: Mean = 0.9098, Std = 0.0346
Proximity_Method_B: Mean = 0.8492, Std = 0.0758
Proximity_Method_C: Mean = 0.9057, Std = 0.0377
Proximity_Method_B_C: Mean = 0.8534, Std = 0.0736

--- SPEARMAN ---
Proximity_Baseline: Mean = -0.0016, Std = 0.0104
Proximity_Method_A: Mean = -0.0014, Std = 0.0111
Proximity_Method_B: Mean = -0.0047, Std = 0.0157
Proximity_Method_C: Mean = -0.0016, Std = 0.0093
Proximity_Method_B_C: Mean = -0.0025, Std = 0.0164

--- BRIER ---
Proximity_Baseline: Mean = 0.2810, Std = 0.0063
Proximity_Method_A: Mean = 0.2812, Std = 0.0061
Proximity_Method_B: Mean = 0.2742, Std = 0.0160
Proximity_Method_C: Mean = 0.2805, Std = 0.0064
Proximity_Method_B_C: Mean = 0.2738, Std = 0.0159

--- MI ---
Proximity_Baseline: Mean = 0.0428, Std = 0.0374
Proximity_Method_A: Mean = 0.0363, Std = 0.0263
Proximity_Method_B: Mean = 0.0456, Std = 0.0431
Proximity_Method_C: Mean = 0.0369, Std = 0.0245
Proximity_Method_B_C: Mean = 0.0445, Std = 0.0428

--- JSD ---
Proximity_Baseline: Mean = 0.0432, Std = 0.0377
Proximity_Method_A: Mean = 0.0371, Std = 0.0273
Proximity_Method_B: Mean = 0.0492, Std = 0.0470
Proximity_Method_C: Mean = 0.0379, Std = 0.0254
Proximity_Method_B_C: Mean = 0.0480, Std = 0.0466

--- NAURC ---
Proximity_Baseline: Mean = 1.0011, Std = 0.0098
Proximity_Method_A: Mean = 1.0007, Std = 0.0097
Proximity_Method_B: Mean = 1.0095, Std = 0.0100
Proximity_Method_C: Mean = 1.0012, Std = 0.0098
Proximity_Method_B_C: Mean = 1.0050, Std = 0.0109

--- Statistical Validation (alpha = 0.05) ---

AUROC:
  Result: NOT ENOUGH VALID DATA FOR Paired Testing (Requires >= 3 independent functions)

FPR95:
  Result: NOT ENOUGH VALID DATA FOR Paired Testing (Requires >= 3 independent functions)

SPEARMAN:
  Result: NOT ENOUGH VALID DATA FOR Paired Testing (Requires >= 3 independent functions)

BRIER:
  Result: NOT ENOUGH VALID DATA FOR Paired Testing (Requires >= 3 independent functions)

MI:
  Result: NOT ENOUGH VALID DATA FOR Paired Testing (Requires >= 3 independent functions)

JSD:
  Result: NOT ENOUGH VALID DATA FOR Paired Testing (Requires >= 3 independent functions)

NAURC:
  Result: NOT ENOUGH VALID DATA FOR Paired Testing (Requires >= 3 independent functions)


======================================================================
EPISTEMIC UQ BENCHMARKS - PERFORMANCE PROFILING REPORT
======================================================================
Component                           | Total Time (s) | % of Total
----------------------------------------------------------------------
Data Generation                     |       4.52 s    |     0.1%
Random Forest Fitting               |     855.63 s    |     9.6%
RF Inference (Predicting)           |      19.03 s    |     0.2%
Base Aleatoric Extraction           |      23.57 s    |     0.3%
Metrics Calculation                 |     261.41 s    |     2.9%
Statistical Validation Tests        |       0.53 s    |     0.0%
----------------------------------------------------------------------
Epistemic UQ Calculations:
  - Proximity_Baseline              |     702.80 s    |     7.9%
  - Proximity_Method_A              |    1603.70 s    |    18.0%
  - Proximity_Method_B              |    1573.46 s    |    17.6%
  - Proximity_Method_C              |    1954.61 s    |    21.9%
  - Proximity_Method_B_C            |    1928.40 s    |    21.6%
----------------------------------------------------------------------
Total Profiler Tracked Time         |    8927.67 s    |   100.0%
Total Suite Execution Time          |    8928.07 s    | 100.0%
======================================================================



======================================================================
[SUCCESS] ALL TESTS COMPLETED SUCCESSFULLY
======================================================================
Total Runtime: 148.8 minutes (2.48 hours)
Evaluations: 287 tests (single-pass optimization)
Finished: 2026-07-11 23:27:59
======================================================================



================================================================================
COMPREHENSIVE STATISTICAL SUMMARY
================================================================================


--------------------------------------------------------------------------------
METRIC: AUROC
--------------------------------------------------------------------------------

                             DESCRIPTIVE STATISTICS                             
                     Proximity_Baseline Proximity_Method_A Proximity_Method_B Proximity_Method_C Proximity_Method_B_C
--------------------------------------------------------------------------------
All Functions        0.5648+/-0.1211   0.5660+/-0.1209   0.5896+/-0.1438   0.5790+/-0.1224   0.6114+/-0.1377  
1D Functions         0.5642+/-0.2101   0.5664+/-0.2075   0.5263+/-0.2112   0.6239+/-0.2123   0.6295+/-0.2087  
2D Functions         0.5300+/-0.0721   0.5327+/-0.0780   0.5262+/-0.0615   0.5495+/-0.0733   0.5631+/-0.0599  
3D Functions         0.5238+/-0.0482   0.5266+/-0.0496   0.5371+/-0.0527   0.5333+/-0.0499   0.5539+/-0.0554  
4D Functions         0.5952+/-0.1792   0.5933+/-0.1783   0.6376+/-0.1913   0.6062+/-0.1776   0.6526+/-0.1873  
5D Functions         0.5353+/-0.0288   0.5360+/-0.0284   0.5264+/-0.0343   0.5405+/-0.0299   0.5378+/-0.0427  
6D Functions         0.6211+/-0.1865   0.6235+/-0.1862   0.6386+/-0.1952   0.6207+/-0.1887   0.6344+/-0.1992  
7D Functions         0.5699+/-0.0707   0.5700+/-0.0687   0.5794+/-0.0808   0.5728+/-0.0687   0.5817+/-0.0748  
8D Functions         0.6057+/-0.1255   0.6058+/-0.1263   0.6601+/-0.1661   0.6093+/-0.1280   0.6612+/-0.1711  
9D Functions         0.5540+/-0.0539   0.5548+/-0.0557   0.6177+/-0.1074   0.5646+/-0.0518   0.6284+/-0.0996  
10D Functions        0.5799+/-0.0875   0.5816+/-0.0877   0.6923+/-0.1439   0.5833+/-0.0904   0.6746+/-0.1393  

          STATISTICAL TESTS (Friedman + Bonferroni-corrected Wilcoxon)          

> All Functions
  Friedman: chi2 =  61.6976, p = 1.2754e-12 ***
  Bonferroni alpha = 5.0000e-03
  Pairwise Comparisons           p-value         Significant?   
  -----------------------------------------------------------------
  Proximity_Baseline vs Proximity_Method_A     3.9707e-02            [NS]
  Proximity_Baseline vs Proximity_Method_B     1.2707e-02            [NS]
  Proximity_Baseline vs Proximity_Method_C     1.5816e-09           [SIG]
  Proximity_Baseline vs Proximity_Method_B_C     1.3463e-08           [SIG]
  Proximity_Method_A vs Proximity_Method_B     1.8533e-02            [NS]
  Proximity_Method_A vs Proximity_Method_C     1.1295e-06           [SIG]
  Proximity_Method_A vs Proximity_Method_B_C     3.2343e-08           [SIG]
  Proximity_Method_B vs Proximity_Method_C     1.8831e-01            [NS]
  Proximity_Method_B vs Proximity_Method_B_C     6.4527e-05           [SIG]
  Proximity_Method_C vs Proximity_Method_B_C     1.7005e-05           [SIG]

> 1D Functions
  Friedman: chi2 =  16.4800, p = 2.4383e-03 **
  Bonferroni alpha = 5.0000e-03
  Pairwise Comparisons           p-value         Significant?   
  -----------------------------------------------------------------
  Proximity_Baseline vs Proximity_Method_A     6.2500e-01            [NS]
  Proximity_Baseline vs Proximity_Method_B     1.2500e-01            [NS]
  Proximity_Baseline vs Proximity_Method_C     6.2500e-02            [NS]
  Proximity_Baseline vs Proximity_Method_B_C     6.2500e-02            [NS]
  Proximity_Method_A vs Proximity_Method_B     1.2500e-01            [NS]
  Proximity_Method_A vs Proximity_Method_C     6.2500e-02            [NS]
  Proximity_Method_A vs Proximity_Method_B_C     6.2500e-02            [NS]
  Proximity_Method_B vs Proximity_Method_C     6.2500e-02            [NS]
  Proximity_Method_B vs Proximity_Method_B_C     6.2500e-02            [NS]
  Proximity_Method_C vs Proximity_Method_B_C     6.2500e-01            [NS]

> 2D Functions
  Friedman: chi2 =  11.3600, p = 2.2803e-02 *
  Bonferroni alpha = 5.0000e-03
  Pairwise Comparisons           p-value         Significant?   
  -----------------------------------------------------------------
  Proximity_Baseline vs Proximity_Method_A     4.3750e-01            [NS]
  Proximity_Baseline vs Proximity_Method_B     1.0000e+00            [NS]
  Proximity_Baseline vs Proximity_Method_C     6.2500e-02            [NS]
  Proximity_Baseline vs Proximity_Method_B_C     6.2500e-02            [NS]
  Proximity_Method_A vs Proximity_Method_B     1.0000e+00            [NS]
  Proximity_Method_A vs Proximity_Method_C     1.8750e-01            [NS]
  Proximity_Method_A vs Proximity_Method_B_C     6.2500e-02            [NS]
  Proximity_Method_B vs Proximity_Method_C     8.1250e-01            [NS]
  Proximity_Method_B vs Proximity_Method_B_C     6.2500e-02            [NS]
  Proximity_Method_C vs Proximity_Method_B_C     4.3750e-01            [NS]

> 3D Functions
  Friedman: chi2 =   8.9600, p = 6.2107e-02 ns
  -> No significant difference across methods (Friedman p >= 0.05)

> 4D Functions
  Friedman: chi2 =  10.9333, p = 2.7324e-02 *
  Bonferroni alpha = 5.0000e-03
  Pairwise Comparisons           p-value         Significant?   
  -----------------------------------------------------------------
  Proximity_Baseline vs Proximity_Method_A     5.0000e-01            [NS]
  Proximity_Baseline vs Proximity_Method_B     2.5000e-01            [NS]
  Proximity_Baseline vs Proximity_Method_C     2.5000e-01            [NS]
  Proximity_Baseline vs Proximity_Method_B_C     2.5000e-01            [NS]
  Proximity_Method_A vs Proximity_Method_B     2.5000e-01            [NS]
  Proximity_Method_A vs Proximity_Method_C     2.5000e-01            [NS]
  Proximity_Method_A vs Proximity_Method_B_C     2.5000e-01            [NS]
  Proximity_Method_B vs Proximity_Method_C     2.5000e-01            [NS]
  Proximity_Method_B vs Proximity_Method_B_C     7.5000e-01            [NS]
  Proximity_Method_C vs Proximity_Method_B_C     2.5000e-01            [NS]

> 5D Functions
  Friedman: chi2 =   4.0000, p = 4.0601e-01 ns
  -> No significant difference across methods (Friedman p >= 0.05)

> 6D Functions
  Friedman: chi2 =   8.2667, p = 8.2284e-02 ns
  -> No significant difference across methods (Friedman p >= 0.05)

> 7D Functions
  Friedman: chi2 =   1.8667, p = 7.6027e-01 ns
  -> No significant difference across methods (Friedman p >= 0.05)

> 8D Functions
  Friedman: chi2 =   9.0667, p = 5.9455e-02 ns
  -> No significant difference across methods (Friedman p >= 0.05)

> 9D Functions
  Friedman: chi2 =   5.3333, p = 2.5477e-01 ns
  -> No significant difference across methods (Friedman p >= 0.05)

> 10D Functions
  Friedman: chi2 =   1.3333, p = 8.5570e-01 ns
  -> No significant difference across methods (Friedman p >= 0.05)


--------------------------------------------------------------------------------
METRIC: FPR95
--------------------------------------------------------------------------------

                             DESCRIPTIVE STATISTICS                             
                     Proximity_Baseline Proximity_Method_A Proximity_Method_B Proximity_Method_C Proximity_Method_B_C
--------------------------------------------------------------------------------
All Functions        0.8534+/-0.1748   0.8534+/-0.1748   0.7917+/-0.2076   0.8423+/-0.1904   0.7785+/-0.2243  
1D Functions         0.5951+/-0.2341   0.5915+/-0.2312   0.6944+/-0.2300   0.5414+/-0.2596   0.5551+/-0.2870  
2D Functions         0.9160+/-0.0600   0.9194+/-0.0542   0.8401+/-0.0886   0.9017+/-0.0719   0.8396+/-0.0889  
3D Functions         0.9313+/-0.0491   0.9301+/-0.0525   0.8898+/-0.0608   0.9290+/-0.0452   0.8830+/-0.0529  
4D Functions         0.7813+/-0.2496   0.7859+/-0.2431   0.7173+/-0.2931   0.7713+/-0.2592   0.7040+/-0.2958  
5D Functions         0.9349+/-0.0215   0.9347+/-0.0216   0.9161+/-0.0339   0.9318+/-0.0225   0.9144+/-0.0276  
6D Functions         0.7699+/-0.2606   0.7655+/-0.2637   0.6737+/-0.3423   0.7647+/-0.2630   0.6818+/-0.3444  
7D Functions         0.9171+/-0.0507   0.9174+/-0.0482   0.8728+/-0.1096   0.9150+/-0.0493   0.8835+/-0.0946  
8D Functions         0.8645+/-0.1149   0.8641+/-0.1162   0.6706+/-0.2776   0.8580+/-0.1247   0.6838+/-0.2783  
9D Functions         0.9147+/-0.0336   0.9156+/-0.0336   0.8131+/-0.1734   0.9115+/-0.0308   0.8174+/-0.1640  
10D Functions        0.8881+/-0.0751   0.8863+/-0.0788   0.7050+/-0.2087   0.8880+/-0.0769   0.7481+/-0.1824  

          STATISTICAL TESTS (Friedman + Bonferroni-corrected Wilcoxon)          

> All Functions
  Friedman: chi2 =  76.3223, p = 1.0463e-15 ***
  Bonferroni alpha = 5.0000e-03
  Pairwise Comparisons           p-value         Significant?   
  -----------------------------------------------------------------
  Proximity_Baseline vs Proximity_Method_A     9.0816e-01            [NS]
  Proximity_Baseline vs Proximity_Method_B     4.7885e-04           [SIG]
  Proximity_Baseline vs Proximity_Method_C     3.9108e-07           [SIG]
  Proximity_Baseline vs Proximity_Method_B_C     1.4758e-07           [SIG]
  Proximity_Method_A vs Proximity_Method_B     2.8814e-04           [SIG]
  Proximity_Method_A vs Proximity_Method_C     4.1581e-06           [SIG]
  Proximity_Method_A vs Proximity_Method_B_C     8.2218e-10           [SIG]
  Proximity_Method_B vs Proximity_Method_C     7.0644e-04           [SIG]
  Proximity_Method_B vs Proximity_Method_B_C     4.7208e-01            [NS]
  Proximity_Method_C vs Proximity_Method_B_C     5.8300e-08           [SIG]

> 1D Functions
  Friedman: chi2 =  12.0000, p = 1.7351e-02 *
  Bonferroni alpha = 5.0000e-03
  Pairwise Comparisons           p-value         Significant?   
  -----------------------------------------------------------------
  Proximity_Baseline vs Proximity_Method_A     4.3750e-01            [NS]
  Proximity_Baseline vs Proximity_Method_B     6.2500e-02            [NS]
  Proximity_Baseline vs Proximity_Method_C     6.2500e-02            [NS]
  Proximity_Baseline vs Proximity_Method_B_C     1.8750e-01            [NS]
  Proximity_Method_A vs Proximity_Method_B     6.2500e-02            [NS]
  Proximity_Method_A vs Proximity_Method_C     1.2500e-01            [NS]
  Proximity_Method_A vs Proximity_Method_B_C     1.8750e-01            [NS]
  Proximity_Method_B vs Proximity_Method_C     6.2500e-02            [NS]
  Proximity_Method_B vs Proximity_Method_B_C     1.2500e-01            [NS]
  Proximity_Method_C vs Proximity_Method_B_C     4.3750e-01            [NS]

> 2D Functions
  Friedman: chi2 =  11.1919, p = 2.4490e-02 *
  Bonferroni alpha = 5.0000e-03
  Pairwise Comparisons           p-value         Significant?   
  -----------------------------------------------------------------
  Proximity_Baseline vs Proximity_Method_A     4.3750e-01            [NS]
  Proximity_Baseline vs Proximity_Method_B     1.2500e-01            [NS]
  Proximity_Baseline vs Proximity_Method_C     6.2500e-02            [NS]
  Proximity_Baseline vs Proximity_Method_B_C     1.2500e-01            [NS]
  Proximity_Method_A vs Proximity_Method_B     1.2500e-01            [NS]
  Proximity_Method_A vs Proximity_Method_C     6.2500e-02            [NS]
  Proximity_Method_A vs Proximity_Method_B_C     6.2500e-02            [NS]
  Proximity_Method_B vs Proximity_Method_C     1.2500e-01            [NS]
  Proximity_Method_B vs Proximity_Method_B_C     1.0000e+00            [NS]
  Proximity_Method_C vs Proximity_Method_B_C     1.2500e-01            [NS]

> 3D Functions
  Friedman: chi2 =  15.5200, p = 3.7358e-03 **
  Bonferroni alpha = 5.0000e-03
  Pairwise Comparisons           p-value         Significant?   
  -----------------------------------------------------------------
  Proximity_Baseline vs Proximity_Method_A     8.1250e-01            [NS]
  Proximity_Baseline vs Proximity_Method_B     6.2500e-02            [NS]
  Proximity_Baseline vs Proximity_Method_C     6.2500e-01            [NS]
  Proximity_Baseline vs Proximity_Method_B_C     6.2500e-02            [NS]
  Proximity_Method_A vs Proximity_Method_B     6.2500e-02            [NS]
  Proximity_Method_A vs Proximity_Method_C     6.2500e-01            [NS]
  Proximity_Method_A vs Proximity_Method_B_C     6.2500e-02            [NS]
  Proximity_Method_B vs Proximity_Method_C     6.2500e-02            [NS]
  Proximity_Method_B vs Proximity_Method_B_C     6.2500e-01            [NS]
  Proximity_Method_C vs Proximity_Method_B_C     6.2500e-02            [NS]

> 4D Functions
  Friedman: chi2 =   9.6000, p = 4.7733e-02 *
  Bonferroni alpha = 5.0000e-03
  Pairwise Comparisons           p-value         Significant?   
  -----------------------------------------------------------------
  Proximity_Baseline vs Proximity_Method_A     7.5000e-01            [NS]
  Proximity_Baseline vs Proximity_Method_B     5.0000e-01            [NS]
  Proximity_Baseline vs Proximity_Method_C     2.5000e-01            [NS]
  Proximity_Baseline vs Proximity_Method_B_C     2.5000e-01            [NS]
  Proximity_Method_A vs Proximity_Method_B     2.5000e-01            [NS]
  Proximity_Method_A vs Proximity_Method_C     2.5000e-01            [NS]
  Proximity_Method_A vs Proximity_Method_B_C     2.5000e-01            [NS]
  Proximity_Method_B vs Proximity_Method_C     5.0000e-01            [NS]
  Proximity_Method_B vs Proximity_Method_B_C     2.5000e-01            [NS]
  Proximity_Method_C vs Proximity_Method_B_C     2.5000e-01            [NS]

> 5D Functions
  Friedman: chi2 =   8.8000, p = 6.6298e-02 ns
  -> No significant difference across methods (Friedman p >= 0.05)

> 6D Functions
  Friedman: chi2 =  10.9333, p = 2.7324e-02 *
  Bonferroni alpha = 5.0000e-03
  Pairwise Comparisons           p-value         Significant?   
  -----------------------------------------------------------------
  Proximity_Baseline vs Proximity_Method_A     2.5000e-01            [NS]
  Proximity_Baseline vs Proximity_Method_B     2.5000e-01            [NS]
  Proximity_Baseline vs Proximity_Method_C     2.5000e-01            [NS]
  Proximity_Baseline vs Proximity_Method_B_C     2.5000e-01            [NS]
  Proximity_Method_A vs Proximity_Method_B     2.5000e-01            [NS]
  Proximity_Method_A vs Proximity_Method_C     7.5000e-01            [NS]
  Proximity_Method_A vs Proximity_Method_B_C     2.5000e-01            [NS]
  Proximity_Method_B vs Proximity_Method_C     2.5000e-01            [NS]
  Proximity_Method_B vs Proximity_Method_B_C     7.5000e-01            [NS]
  Proximity_Method_C vs Proximity_Method_B_C     2.5000e-01            [NS]

> 7D Functions
  Friedman: chi2 =   9.8667, p = 4.2735e-02 *
  Bonferroni alpha = 5.0000e-03
  Pairwise Comparisons           p-value         Significant?   
  -----------------------------------------------------------------
  Proximity_Baseline vs Proximity_Method_A     1.0000e+00            [NS]
  Proximity_Baseline vs Proximity_Method_B     2.5000e-01            [NS]
  Proximity_Baseline vs Proximity_Method_C     2.5000e-01            [NS]
  Proximity_Baseline vs Proximity_Method_B_C     2.5000e-01            [NS]
  Proximity_Method_A vs Proximity_Method_B     2.5000e-01            [NS]
  Proximity_Method_A vs Proximity_Method_C     5.0000e-01            [NS]
  Proximity_Method_A vs Proximity_Method_B_C     2.5000e-01            [NS]
  Proximity_Method_B vs Proximity_Method_C     2.5000e-01            [NS]
  Proximity_Method_B vs Proximity_Method_B_C     1.0000e+00            [NS]
  Proximity_Method_C vs Proximity_Method_B_C     2.5000e-01            [NS]

> 8D Functions
  Friedman: chi2 =   8.5333, p = 7.3883e-02 ns
  -> No significant difference across methods (Friedman p >= 0.05)

> 9D Functions
  Friedman: chi2 =   6.6667, p = 1.5459e-01 ns
  -> No significant difference across methods (Friedman p >= 0.05)

> 10D Functions
  Friedman: chi2 =   1.3333, p = 8.5570e-01 ns
  -> No significant difference across methods (Friedman p >= 0.05)


--------------------------------------------------------------------------------
METRIC: AUPR
--------------------------------------------------------------------------------

                             DESCRIPTIVE STATISTICS                             
                     Proximity_Baseline Proximity_Method_A Proximity_Method_B Proximity_Method_C Proximity_Method_B_C
--------------------------------------------------------------------------------
All Functions        0.3811+/-0.1193   0.3820+/-0.1193   0.3961+/-0.1425   0.3888+/-0.1299   0.4125+/-0.1525  
1D Functions         0.4698+/-0.1496   0.4705+/-0.1495   0.4819+/-0.1746   0.5214+/-0.1761   0.5464+/-0.1888  
2D Functions         0.3458+/-0.0531   0.3490+/-0.0563   0.3090+/-0.0353   0.3495+/-0.0490   0.3338+/-0.0421  
3D Functions         0.3203+/-0.0373   0.3227+/-0.0408   0.3149+/-0.0426   0.3184+/-0.0341   0.3263+/-0.0461  
4D Functions         0.4103+/-0.1708   0.4085+/-0.1672   0.4473+/-0.1989   0.4104+/-0.1716   0.4612+/-0.2083  
5D Functions         0.3334+/-0.0275   0.3334+/-0.0279   0.3082+/-0.0211   0.3357+/-0.0303   0.3156+/-0.0304  
6D Functions         0.4465+/-0.2094   0.4490+/-0.2106   0.4357+/-0.2016   0.4428+/-0.2142   0.4340+/-0.2108  
7D Functions         0.3754+/-0.0759   0.3751+/-0.0745   0.3867+/-0.0990   0.3739+/-0.0744   0.3849+/-0.0988  
8D Functions         0.4143+/-0.1509   0.4149+/-0.1516   0.4340+/-0.1660   0.4165+/-0.1558   0.4408+/-0.1774  
9D Functions         0.3454+/-0.0546   0.3458+/-0.0562   0.3904+/-0.1139   0.3540+/-0.0650   0.4079+/-0.1208  
10D Functions        0.3721+/-0.0970   0.3735+/-0.0973   0.4825+/-0.1553   0.3734+/-0.0970   0.4727+/-0.1643  

          STATISTICAL TESTS (Friedman + Bonferroni-corrected Wilcoxon)          

> All Functions
  Friedman: chi2 =  19.1220, p = 7.4375e-04 ***
  Bonferroni alpha = 5.0000e-03
  Pairwise Comparisons           p-value         Significant?   
  -----------------------------------------------------------------
  Proximity_Baseline vs Proximity_Method_A     3.0417e-02            [NS]
  Proximity_Baseline vs Proximity_Method_B     2.1598e-01            [NS]
  Proximity_Baseline vs Proximity_Method_C     3.3661e-02            [NS]
  Proximity_Baseline vs Proximity_Method_B_C     9.2104e-04           [SIG]
  Proximity_Method_A vs Proximity_Method_B     2.8542e-01            [NS]
  Proximity_Method_A vs Proximity_Method_C     5.7950e-02            [NS]
  Proximity_Method_A vs Proximity_Method_B_C     1.6124e-03           [SIG]
  Proximity_Method_B vs Proximity_Method_C     8.7775e-01            [NS]
  Proximity_Method_B vs Proximity_Method_B_C     2.1197e-05           [SIG]
  Proximity_Method_C vs Proximity_Method_B_C     4.3168e-03           [SIG]

> 1D Functions
  Friedman: chi2 =  15.3600, p = 4.0099e-03 **
  Bonferroni alpha = 5.0000e-03
  Pairwise Comparisons           p-value         Significant?   
  -----------------------------------------------------------------
  Proximity_Baseline vs Proximity_Method_A     4.3750e-01            [NS]
  Proximity_Baseline vs Proximity_Method_B     4.3750e-01            [NS]
  Proximity_Baseline vs Proximity_Method_C     6.2500e-02            [NS]
  Proximity_Baseline vs Proximity_Method_B_C     6.2500e-02            [NS]
  Proximity_Method_A vs Proximity_Method_B     4.3750e-01            [NS]
  Proximity_Method_A vs Proximity_Method_C     6.2500e-02            [NS]
  Proximity_Method_A vs Proximity_Method_B_C     6.2500e-02            [NS]
  Proximity_Method_B vs Proximity_Method_C     1.2500e-01            [NS]
  Proximity_Method_B vs Proximity_Method_B_C     6.2500e-02            [NS]
  Proximity_Method_C vs Proximity_Method_B_C     1.2500e-01            [NS]

> 2D Functions
  Friedman: chi2 =  12.3200, p = 1.5124e-02 *
  Bonferroni alpha = 5.0000e-03
  Pairwise Comparisons           p-value         Significant?   
  -----------------------------------------------------------------
  Proximity_Baseline vs Proximity_Method_A     4.3750e-01            [NS]
  Proximity_Baseline vs Proximity_Method_B     6.2500e-02            [NS]
  Proximity_Baseline vs Proximity_Method_C     1.0000e+00            [NS]
  Proximity_Baseline vs Proximity_Method_B_C     1.8750e-01            [NS]
  Proximity_Method_A vs Proximity_Method_B     6.2500e-02            [NS]
  Proximity_Method_A vs Proximity_Method_C     1.0000e+00            [NS]
  Proximity_Method_A vs Proximity_Method_B_C     3.1250e-01            [NS]
  Proximity_Method_B vs Proximity_Method_C     6.2500e-02            [NS]
  Proximity_Method_B vs Proximity_Method_B_C     6.2500e-02            [NS]
  Proximity_Method_C vs Proximity_Method_B_C     1.2500e-01            [NS]

> 3D Functions
  Friedman: chi2 =   2.7200, p = 6.0572e-01 ns
  -> No significant difference across methods (Friedman p >= 0.05)

> 4D Functions
  Friedman: chi2 =   8.0000, p = 9.1578e-02 ns
  -> No significant difference across methods (Friedman p >= 0.05)

> 5D Functions
  Friedman: chi2 =   5.6000, p = 2.3108e-01 ns
  -> No significant difference across methods (Friedman p >= 0.05)

> 6D Functions
  Friedman: chi2 =   9.6000, p = 4.7733e-02 *
  Bonferroni alpha = 5.0000e-03
  Pairwise Comparisons           p-value         Significant?   
  -----------------------------------------------------------------
  Proximity_Baseline vs Proximity_Method_A     2.5000e-01            [NS]
  Proximity_Baseline vs Proximity_Method_B     2.5000e-01            [NS]
  Proximity_Baseline vs Proximity_Method_C     7.5000e-01            [NS]
  Proximity_Baseline vs Proximity_Method_B_C     2.5000e-01            [NS]
  Proximity_Method_A vs Proximity_Method_B     2.5000e-01            [NS]
  Proximity_Method_A vs Proximity_Method_C     2.5000e-01            [NS]
  Proximity_Method_A vs Proximity_Method_B_C     2.5000e-01            [NS]
  Proximity_Method_B vs Proximity_Method_C     7.5000e-01            [NS]
  Proximity_Method_B vs Proximity_Method_B_C     1.0000e+00            [NS]
  Proximity_Method_C vs Proximity_Method_B_C     2.5000e-01            [NS]

> 7D Functions
  Friedman: chi2 =   1.3333, p = 8.5570e-01 ns
  -> No significant difference across methods (Friedman p >= 0.05)

> 8D Functions
  Friedman: chi2 =   4.0000, p = 4.0601e-01 ns
  -> No significant difference across methods (Friedman p >= 0.05)

> 9D Functions
  Friedman: chi2 =   3.4667, p = 4.8296e-01 ns
  -> No significant difference across methods (Friedman p >= 0.05)

> 10D Functions
  Friedman: chi2 =   1.8667, p = 7.6027e-01 ns
  -> No significant difference across methods (Friedman p >= 0.05)


--------------------------------------------------------------------------------
METRIC: SPEARMAN
--------------------------------------------------------------------------------

                             DESCRIPTIVE STATISTICS                             
                     Proximity_Baseline Proximity_Method_A Proximity_Method_B Proximity_Method_C Proximity_Method_B_C
--------------------------------------------------------------------------------
All Functions        0.0505+/-0.2530   0.0487+/-0.2539   0.0277+/-0.2720   0.0588+/-0.2537   0.0480+/-0.2682  
1D Functions         0.0714+/-0.5884   0.0639+/-0.5893   -0.1152+/-0.5815   0.0742+/-0.5881   -0.0419+/-0.5913  
2D Functions         0.0297+/-0.1019   0.0232+/-0.1063   0.0240+/-0.1606   0.0673+/-0.1234   0.0712+/-0.1657  
3D Functions         0.0763+/-0.1597   0.0790+/-0.1606   0.0928+/-0.2097   0.0853+/-0.1618   0.0943+/-0.2009  
4D Functions         0.1548+/-0.3528   0.1493+/-0.3569   0.1806+/-0.3632   0.1547+/-0.3506   0.1914+/-0.3427  
5D Functions         0.0564+/-0.0994   0.0575+/-0.0973   0.0494+/-0.1389   0.0663+/-0.0980   0.0710+/-0.1258  
6D Functions         0.0099+/-0.1053   0.0118+/-0.1042   0.0015+/-0.1393   0.0085+/-0.1092   -0.0034+/-0.1427  
7D Functions         0.1241+/-0.2050   0.1238+/-0.2064   0.1189+/-0.2291   0.1291+/-0.2049   0.1290+/-0.2238  
8D Functions         -0.0012+/-0.0546   -0.0021+/-0.0563   -0.0309+/-0.0856   0.0046+/-0.0454   -0.0119+/-0.0847  
9D Functions         -0.0045+/-0.0813   -0.0056+/-0.0820   0.0116+/-0.0991   0.0056+/-0.0736   0.0246+/-0.0919  
10D Functions        0.0533+/-0.1015   0.0537+/-0.1009   0.0446+/-0.1066   0.0562+/-0.1001   0.0465+/-0.1075  

          STATISTICAL TESTS (Friedman + Bonferroni-corrected Wilcoxon)          

> All Functions
  Friedman: chi2 =  11.6436, p = 2.0208e-02 *
  Bonferroni alpha = 5.0000e-03
  Pairwise Comparisons           p-value         Significant?   
  -----------------------------------------------------------------
  Proximity_Baseline vs Proximity_Method_A     6.0273e-01            [NS]
  Proximity_Baseline vs Proximity_Method_B     8.6765e-01            [NS]
  Proximity_Baseline vs Proximity_Method_C     1.3949e-03           [SIG]
  Proximity_Baseline vs Proximity_Method_B_C     1.4440e-01            [NS]
  Proximity_Method_A vs Proximity_Method_B     8.8787e-01            [NS]
  Proximity_Method_A vs Proximity_Method_C     8.9603e-04           [SIG]
  Proximity_Method_A vs Proximity_Method_B_C     1.1764e-01            [NS]
  Proximity_Method_B vs Proximity_Method_C     3.2833e-01            [NS]
  Proximity_Method_B vs Proximity_Method_B_C     2.5562e-02            [NS]
  Proximity_Method_C vs Proximity_Method_B_C     6.0783e-01            [NS]

> 1D Functions
  Friedman: chi2 =   0.5455, p = 9.6893e-01 ns
  -> No significant difference across methods (Friedman p >= 0.05)

> 2D Functions
  Friedman: chi2 =  11.5200, p = 2.1302e-02 *
  Bonferroni alpha = 5.0000e-03
  Pairwise Comparisons           p-value         Significant?   
  -----------------------------------------------------------------
  Proximity_Baseline vs Proximity_Method_A     1.8750e-01            [NS]
  Proximity_Baseline vs Proximity_Method_B     1.0000e+00            [NS]
  Proximity_Baseline vs Proximity_Method_C     6.2500e-02            [NS]
  Proximity_Baseline vs Proximity_Method_B_C     1.8750e-01            [NS]
  Proximity_Method_A vs Proximity_Method_B     1.0000e+00            [NS]
  Proximity_Method_A vs Proximity_Method_C     6.2500e-02            [NS]
  Proximity_Method_A vs Proximity_Method_B_C     1.8750e-01            [NS]
  Proximity_Method_B vs Proximity_Method_C     6.2500e-02            [NS]
  Proximity_Method_B vs Proximity_Method_B_C     6.2500e-02            [NS]
  Proximity_Method_C vs Proximity_Method_B_C     8.1250e-01            [NS]

> 3D Functions
  Friedman: chi2 =   2.7200, p = 6.0572e-01 ns
  -> No significant difference across methods (Friedman p >= 0.05)

> 4D Functions
  Friedman: chi2 =   4.5333, p = 3.3861e-01 ns
  -> No significant difference across methods (Friedman p >= 0.05)

> 5D Functions
  Friedman: chi2 =   2.1333, p = 7.1125e-01 ns
  -> No significant difference across methods (Friedman p >= 0.05)

> 6D Functions
  Friedman: chi2 =   1.8667, p = 7.6027e-01 ns
  -> No significant difference across methods (Friedman p >= 0.05)

> 7D Functions
  Friedman: chi2 =   3.4667, p = 4.8296e-01 ns
  -> No significant difference across methods (Friedman p >= 0.05)

> 8D Functions
  Friedman: chi2 =   2.9333, p = 5.6904e-01 ns
  -> No significant difference across methods (Friedman p >= 0.05)

> 9D Functions
  Friedman: chi2 =   8.2667, p = 8.2284e-02 ns
  -> No significant difference across methods (Friedman p >= 0.05)

> 10D Functions
  Friedman: chi2 =   1.3333, p = 8.5570e-01 ns
  -> No significant difference across methods (Friedman p >= 0.05)


--------------------------------------------------------------------------------
METRIC: BRIER
--------------------------------------------------------------------------------

                             DESCRIPTIVE STATISTICS                             
                     Proximity_Baseline Proximity_Method_A Proximity_Method_B Proximity_Method_C Proximity_Method_B_C
--------------------------------------------------------------------------------
All Functions        0.2732+/-0.0334   0.2731+/-0.0332   0.2638+/-0.0438   0.2715+/-0.0376   0.2624+/-0.0479  
1D Functions         0.2471+/-0.0412   0.2476+/-0.0402   0.2438+/-0.0374   0.2378+/-0.0568   0.2348+/-0.0629  
2D Functions         0.2856+/-0.0094   0.2846+/-0.0104   0.2876+/-0.0032   0.2851+/-0.0070   0.2866+/-0.0038  
3D Functions         0.2881+/-0.0025   0.2879+/-0.0030   0.2869+/-0.0046   0.2877+/-0.0032   0.2860+/-0.0059  
4D Functions         0.2537+/-0.0536   0.2544+/-0.0525   0.2375+/-0.0708   0.2523+/-0.0561   0.2355+/-0.0749  
5D Functions         0.2883+/-0.0021   0.2882+/-0.0022   0.2890+/-0.0013   0.2878+/-0.0025   0.2882+/-0.0028  
6D Functions         0.2474+/-0.0604   0.2468+/-0.0614   0.2371+/-0.0756   0.2468+/-0.0614   0.2370+/-0.0760  
7D Functions         0.2794+/-0.0114   0.2796+/-0.0111   0.2747+/-0.0138   0.2793+/-0.0116   0.2762+/-0.0135  
8D Functions         0.2654+/-0.0372   0.2653+/-0.0373   0.2456+/-0.0571   0.2642+/-0.0397   0.2442+/-0.0583  
9D Functions         0.2847+/-0.0100   0.2845+/-0.0106   0.2683+/-0.0362   0.2836+/-0.0129   0.2674+/-0.0336  
10D Functions        0.2772+/-0.0243   0.2770+/-0.0245   0.2403+/-0.0466   0.2765+/-0.0243   0.2464+/-0.0446  

          STATISTICAL TESTS (Friedman + Bonferroni-corrected Wilcoxon)          

> All Functions
  Friedman: chi2 =  26.1463, p = 2.9566e-05 ***
  Bonferroni alpha = 5.0000e-03
  Pairwise Comparisons           p-value         Significant?   
  -----------------------------------------------------------------
  Proximity_Baseline vs Proximity_Method_A     8.1751e-01            [NS]
  Proximity_Baseline vs Proximity_Method_B     2.6117e-03           [SIG]
  Proximity_Baseline vs Proximity_Method_C     3.4288e-04           [SIG]
  Proximity_Baseline vs Proximity_Method_B_C     3.7452e-05           [SIG]
  Proximity_Method_A vs Proximity_Method_B     3.1457e-03           [SIG]
  Proximity_Method_A vs Proximity_Method_C     6.0049e-04           [SIG]
  Proximity_Method_A vs Proximity_Method_B_C     5.2769e-05           [SIG]
  Proximity_Method_B vs Proximity_Method_C     5.2850e-02            [NS]
  Proximity_Method_B vs Proximity_Method_B_C     7.2358e-03            [NS]
  Proximity_Method_C vs Proximity_Method_B_C     2.1430e-04           [SIG]

> 1D Functions
  Friedman: chi2 =   7.0400, p = 1.3379e-01 ns
  -> No significant difference across methods (Friedman p >= 0.05)

> 2D Functions
  Friedman: chi2 =   8.4800, p = 7.5496e-02 ns
  -> No significant difference across methods (Friedman p >= 0.05)

> 3D Functions
  Friedman: chi2 =   3.6800, p = 4.5104e-01 ns
  -> No significant difference across methods (Friedman p >= 0.05)

> 4D Functions
  Friedman: chi2 =   5.6000, p = 2.3108e-01 ns
  -> No significant difference across methods (Friedman p >= 0.05)

> 5D Functions
  Friedman: chi2 =   4.2667, p = 3.7112e-01 ns
  -> No significant difference across methods (Friedman p >= 0.05)

> 6D Functions
  Friedman: chi2 =   2.9333, p = 5.6904e-01 ns
  -> No significant difference across methods (Friedman p >= 0.05)

> 7D Functions
  Friedman: chi2 =   1.8667, p = 7.6027e-01 ns
  -> No significant difference across methods (Friedman p >= 0.05)

> 8D Functions
  Friedman: chi2 =   5.8667, p = 2.0933e-01 ns
  -> No significant difference across methods (Friedman p >= 0.05)

> 9D Functions
  Friedman: chi2 =   6.9333, p = 1.3945e-01 ns
  -> No significant difference across methods (Friedman p >= 0.05)

> 10D Functions
  Friedman: chi2 =   1.8667, p = 7.6027e-01 ns
  -> No significant difference across methods (Friedman p >= 0.05)


--------------------------------------------------------------------------------
METRIC: MI
--------------------------------------------------------------------------------

                             DESCRIPTIVE STATISTICS                             
                     Proximity_Baseline Proximity_Method_A Proximity_Method_B Proximity_Method_C Proximity_Method_B_C
--------------------------------------------------------------------------------
All Functions        0.1692+/-0.2135   0.1692+/-0.2148   0.2118+/-0.2137   0.1676+/-0.2178   0.2071+/-0.2254  
1D Functions         0.6608+/-0.0515   0.6641+/-0.0577   0.6453+/-0.0505   0.6731+/-0.0587   0.6894+/-0.0469  
2D Functions         0.2074+/-0.0672   0.2068+/-0.0693   0.2626+/-0.0734   0.1991+/-0.0670   0.2309+/-0.0667  
3D Functions         0.1063+/-0.0608   0.1043+/-0.0584   0.1226+/-0.0525   0.0979+/-0.0544   0.1113+/-0.0534  
4D Functions         0.2179+/-0.1862   0.2147+/-0.1833   0.2571+/-0.2041   0.2108+/-0.1888   0.2517+/-0.2162  
5D Functions         0.0350+/-0.0284   0.0358+/-0.0299   0.0431+/-0.0308   0.0340+/-0.0269   0.0406+/-0.0273  
6D Functions         0.1560+/-0.1806   0.1584+/-0.1844   0.2098+/-0.2369   0.1523+/-0.1839   0.2001+/-0.2375  
7D Functions         0.0695+/-0.0518   0.0691+/-0.0531   0.1367+/-0.1097   0.0646+/-0.0497   0.1134+/-0.0927  
8D Functions         0.0861+/-0.1055   0.0870+/-0.1062   0.1823+/-0.1817   0.0888+/-0.1126   0.1759+/-0.1841  
9D Functions         0.0317+/-0.0359   0.0319+/-0.0362   0.0900+/-0.1210   0.0319+/-0.0382   0.0863+/-0.1163  
10D Functions        0.0473+/-0.0667   0.0478+/-0.0672   0.1608+/-0.1398   0.0455+/-0.0661   0.1402+/-0.1296  

          STATISTICAL TESTS (Friedman + Bonferroni-corrected Wilcoxon)          

> All Functions
  Friedman: chi2 =  77.1122, p = 7.1205e-16 ***
  Bonferroni alpha = 5.0000e-03
  Pairwise Comparisons           p-value         Significant?   
  -----------------------------------------------------------------
  Proximity_Baseline vs Proximity_Method_A     6.1685e-01            [NS]
  Proximity_Baseline vs Proximity_Method_B     4.3807e-07           [SIG]
  Proximity_Baseline vs Proximity_Method_C     1.3388e-01            [NS]
  Proximity_Baseline vs Proximity_Method_B_C     1.5321e-08           [SIG]
  Proximity_Method_A vs Proximity_Method_B     9.3967e-07           [SIG]
  Proximity_Method_A vs Proximity_Method_C     5.2850e-02            [NS]
  Proximity_Method_A vs Proximity_Method_B_C     4.6214e-08           [SIG]
  Proximity_Method_B vs Proximity_Method_C     2.1090e-06           [SIG]
  Proximity_Method_B vs Proximity_Method_B_C     2.4639e-01            [NS]
  Proximity_Method_C vs Proximity_Method_B_C     1.2460e-10           [SIG]

> 1D Functions
  Friedman: chi2 =  14.7200, p = 5.3186e-03 **
  Bonferroni alpha = 5.0000e-03
  Pairwise Comparisons           p-value         Significant?   
  -----------------------------------------------------------------
  Proximity_Baseline vs Proximity_Method_A     3.1250e-01            [NS]
  Proximity_Baseline vs Proximity_Method_B     1.2500e-01            [NS]
  Proximity_Baseline vs Proximity_Method_C     1.2500e-01            [NS]
  Proximity_Baseline vs Proximity_Method_B_C     6.2500e-02            [NS]
  Proximity_Method_A vs Proximity_Method_B     1.2500e-01            [NS]
  Proximity_Method_A vs Proximity_Method_C     6.2500e-01            [NS]
  Proximity_Method_A vs Proximity_Method_B_C     6.2500e-02            [NS]
  Proximity_Method_B vs Proximity_Method_C     6.2500e-02            [NS]
  Proximity_Method_B vs Proximity_Method_B_C     6.2500e-02            [NS]
  Proximity_Method_C vs Proximity_Method_B_C     6.2500e-02            [NS]

> 2D Functions
  Friedman: chi2 =  14.8800, p = 4.9567e-03 **
  Bonferroni alpha = 5.0000e-03
  Pairwise Comparisons           p-value         Significant?   
  -----------------------------------------------------------------
  Proximity_Baseline vs Proximity_Method_A     1.0000e+00            [NS]
  Proximity_Baseline vs Proximity_Method_B     6.2500e-02            [NS]
  Proximity_Baseline vs Proximity_Method_C     4.3750e-01            [NS]
  Proximity_Baseline vs Proximity_Method_B_C     1.8750e-01            [NS]
  Proximity_Method_A vs Proximity_Method_B     6.2500e-02            [NS]
  Proximity_Method_A vs Proximity_Method_C     4.3750e-01            [NS]
  Proximity_Method_A vs Proximity_Method_B_C     1.8750e-01            [NS]
  Proximity_Method_B vs Proximity_Method_C     6.2500e-02            [NS]
  Proximity_Method_B vs Proximity_Method_B_C     6.2500e-02            [NS]
  Proximity_Method_C vs Proximity_Method_B_C     6.2500e-02            [NS]

> 3D Functions
  Friedman: chi2 =  14.0800, p = 7.0441e-03 **
  Bonferroni alpha = 5.0000e-03
  Pairwise Comparisons           p-value         Significant?   
  -----------------------------------------------------------------
  Proximity_Baseline vs Proximity_Method_A     8.1250e-01            [NS]
  Proximity_Baseline vs Proximity_Method_B     6.2500e-02            [NS]
  Proximity_Baseline vs Proximity_Method_C     6.2500e-02            [NS]
  Proximity_Baseline vs Proximity_Method_B_C     6.2500e-01            [NS]
  Proximity_Method_A vs Proximity_Method_B     6.2500e-02            [NS]
  Proximity_Method_A vs Proximity_Method_C     6.2500e-02            [NS]
  Proximity_Method_A vs Proximity_Method_B_C     6.2500e-01            [NS]
  Proximity_Method_B vs Proximity_Method_C     6.2500e-02            [NS]
  Proximity_Method_B vs Proximity_Method_B_C     3.1250e-01            [NS]
  Proximity_Method_C vs Proximity_Method_B_C     1.2500e-01            [NS]

> 4D Functions
  Friedman: chi2 =   9.8667, p = 4.2735e-02 *
  Bonferroni alpha = 5.0000e-03
  Pairwise Comparisons           p-value         Significant?   
  -----------------------------------------------------------------
  Proximity_Baseline vs Proximity_Method_A     5.0000e-01            [NS]
  Proximity_Baseline vs Proximity_Method_B     2.5000e-01            [NS]
  Proximity_Baseline vs Proximity_Method_C     2.5000e-01            [NS]
  Proximity_Baseline vs Proximity_Method_B_C     2.5000e-01            [NS]
  Proximity_Method_A vs Proximity_Method_B     2.5000e-01            [NS]
  Proximity_Method_A vs Proximity_Method_C     1.0000e+00            [NS]
  Proximity_Method_A vs Proximity_Method_B_C     2.5000e-01            [NS]
  Proximity_Method_B vs Proximity_Method_C     2.5000e-01            [NS]
  Proximity_Method_B vs Proximity_Method_B_C     7.5000e-01            [NS]
  Proximity_Method_C vs Proximity_Method_B_C     2.5000e-01            [NS]

> 5D Functions
  Friedman: chi2 =   7.7333, p = 1.0185e-01 ns
  -> No significant difference across methods (Friedman p >= 0.05)

> 6D Functions
  Friedman: chi2 =   8.0000, p = 9.1578e-02 ns
  -> No significant difference across methods (Friedman p >= 0.05)

> 7D Functions
  Friedman: chi2 =   9.8667, p = 4.2735e-02 *
  Bonferroni alpha = 5.0000e-03
  Pairwise Comparisons           p-value         Significant?   
  -----------------------------------------------------------------
  Proximity_Baseline vs Proximity_Method_A     1.0000e+00            [NS]
  Proximity_Baseline vs Proximity_Method_B     2.5000e-01            [NS]
  Proximity_Baseline vs Proximity_Method_C     5.0000e-01            [NS]
  Proximity_Baseline vs Proximity_Method_B_C     2.5000e-01            [NS]
  Proximity_Method_A vs Proximity_Method_B     2.5000e-01            [NS]
  Proximity_Method_A vs Proximity_Method_C     5.0000e-01            [NS]
  Proximity_Method_A vs Proximity_Method_B_C     2.5000e-01            [NS]
  Proximity_Method_B vs Proximity_Method_C     2.5000e-01            [NS]
  Proximity_Method_B vs Proximity_Method_B_C     2.5000e-01            [NS]
  Proximity_Method_C vs Proximity_Method_B_C     2.5000e-01            [NS]

> 8D Functions
  Friedman: chi2 =   9.8667, p = 4.2735e-02 *
  Bonferroni alpha = 5.0000e-03
  Pairwise Comparisons           p-value         Significant?   
  -----------------------------------------------------------------
  Proximity_Baseline vs Proximity_Method_A     2.5000e-01            [NS]
  Proximity_Baseline vs Proximity_Method_B     2.5000e-01            [NS]
  Proximity_Baseline vs Proximity_Method_C     1.0000e+00            [NS]
  Proximity_Baseline vs Proximity_Method_B_C     2.5000e-01            [NS]
  Proximity_Method_A vs Proximity_Method_B     2.5000e-01            [NS]
  Proximity_Method_A vs Proximity_Method_C     1.0000e+00            [NS]
  Proximity_Method_A vs Proximity_Method_B_C     2.5000e-01            [NS]
  Proximity_Method_B vs Proximity_Method_C     2.5000e-01            [NS]
  Proximity_Method_B vs Proximity_Method_B_C     7.5000e-01            [NS]
  Proximity_Method_C vs Proximity_Method_B_C     2.5000e-01            [NS]

> 9D Functions
  Friedman: chi2 =   9.3333, p = 5.3287e-02 ns
  -> No significant difference across methods (Friedman p >= 0.05)

> 10D Functions
  Friedman: chi2 =   3.4667, p = 4.8296e-01 ns
  -> No significant difference across methods (Friedman p >= 0.05)


--------------------------------------------------------------------------------
METRIC: JSD
--------------------------------------------------------------------------------

                             DESCRIPTIVE STATISTICS                             
                     Proximity_Baseline Proximity_Method_A Proximity_Method_B Proximity_Method_C Proximity_Method_B_C
--------------------------------------------------------------------------------
All Functions        0.1791+/-0.2295   0.1791+/-0.2306   0.2271+/-0.2299   0.1772+/-0.2336   0.2207+/-0.2407  
1D Functions         0.7151+/-0.0478   0.7182+/-0.0538   0.7004+/-0.0481   0.7267+/-0.0540   0.7416+/-0.0430  
2D Functions         0.2161+/-0.0684   0.2155+/-0.0702   0.2789+/-0.0741   0.2064+/-0.0688   0.2446+/-0.0664  
3D Functions         0.1111+/-0.0623   0.1094+/-0.0604   0.1303+/-0.0542   0.1023+/-0.0560   0.1176+/-0.0540  
4D Functions         0.2257+/-0.1911   0.2226+/-0.1883   0.2672+/-0.2104   0.2189+/-0.1941   0.2610+/-0.2220  
5D Functions         0.0360+/-0.0287   0.0368+/-0.0301   0.0454+/-0.0317   0.0348+/-0.0267   0.0426+/-0.0278  
6D Functions         0.1621+/-0.1879   0.1643+/-0.1914   0.2244+/-0.2521   0.1589+/-0.1914   0.2145+/-0.2530  
7D Functions         0.0712+/-0.0519   0.0708+/-0.0530   0.1450+/-0.1149   0.0663+/-0.0496   0.1199+/-0.0965  
8D Functions         0.0872+/-0.1048   0.0880+/-0.1055   0.1989+/-0.1958   0.0901+/-0.1122   0.1907+/-0.1966  
9D Functions         0.0327+/-0.0362   0.0330+/-0.0364   0.0973+/-0.1300   0.0329+/-0.0382   0.0915+/-0.1218  
10D Functions        0.0489+/-0.0685   0.0494+/-0.0689   0.1728+/-0.1493   0.0474+/-0.0680   0.1482+/-0.1346  

          STATISTICAL TESTS (Friedman + Bonferroni-corrected Wilcoxon)          

> All Functions
  Friedman: chi2 =  74.8683, p = 2.1246e-15 ***
  Bonferroni alpha = 5.0000e-03
  Pairwise Comparisons           p-value         Significant?   
  -----------------------------------------------------------------
  Proximity_Baseline vs Proximity_Method_A     5.8997e-01            [NS]
  Proximity_Baseline vs Proximity_Method_B     1.7532e-07           [SIG]
  Proximity_Baseline vs Proximity_Method_C     1.7969e-01            [NS]
  Proximity_Baseline vs Proximity_Method_B_C     1.1814e-08           [SIG]
  Proximity_Method_A vs Proximity_Method_B     4.8311e-07           [SIG]
  Proximity_Method_A vs Proximity_Method_C     4.5169e-02            [NS]
  Proximity_Method_A vs Proximity_Method_B_C     3.6471e-08           [SIG]
  Proximity_Method_B vs Proximity_Method_C     5.8629e-07           [SIG]
  Proximity_Method_B vs Proximity_Method_B_C     1.4804e-01            [NS]
  Proximity_Method_C vs Proximity_Method_B_C     1.0004e-10           [SIG]

> 1D Functions
  Friedman: chi2 =  14.8800, p = 4.9567e-03 **
  Bonferroni alpha = 5.0000e-03
  Pairwise Comparisons           p-value         Significant?   
  -----------------------------------------------------------------
  Proximity_Baseline vs Proximity_Method_A     4.3750e-01            [NS]
  Proximity_Baseline vs Proximity_Method_B     1.2500e-01            [NS]
  Proximity_Baseline vs Proximity_Method_C     6.2500e-02            [NS]
  Proximity_Baseline vs Proximity_Method_B_C     6.2500e-02            [NS]
  Proximity_Method_A vs Proximity_Method_B     1.2500e-01            [NS]
  Proximity_Method_A vs Proximity_Method_C     6.2500e-01            [NS]
  Proximity_Method_A vs Proximity_Method_B_C     6.2500e-02            [NS]
  Proximity_Method_B vs Proximity_Method_C     6.2500e-02            [NS]
  Proximity_Method_B vs Proximity_Method_B_C     6.2500e-02            [NS]
  Proximity_Method_C vs Proximity_Method_B_C     1.2500e-01            [NS]

> 2D Functions
  Friedman: chi2 =  14.0800, p = 7.0441e-03 **
  Bonferroni alpha = 5.0000e-03
  Pairwise Comparisons           p-value         Significant?   
  -----------------------------------------------------------------
  Proximity_Baseline vs Proximity_Method_A     1.0000e+00            [NS]
  Proximity_Baseline vs Proximity_Method_B     6.2500e-02            [NS]
  Proximity_Baseline vs Proximity_Method_C     6.2500e-01            [NS]
  Proximity_Baseline vs Proximity_Method_B_C     1.8750e-01            [NS]
  Proximity_Method_A vs Proximity_Method_B     6.2500e-02            [NS]
  Proximity_Method_A vs Proximity_Method_C     4.3750e-01            [NS]
  Proximity_Method_A vs Proximity_Method_B_C     1.2500e-01            [NS]
  Proximity_Method_B vs Proximity_Method_C     6.2500e-02            [NS]
  Proximity_Method_B vs Proximity_Method_B_C     6.2500e-02            [NS]
  Proximity_Method_C vs Proximity_Method_B_C     6.2500e-02            [NS]

> 3D Functions
  Friedman: chi2 =  14.0800, p = 7.0441e-03 **
  Bonferroni alpha = 5.0000e-03
  Pairwise Comparisons           p-value         Significant?   
  -----------------------------------------------------------------
  Proximity_Baseline vs Proximity_Method_A     1.0000e+00            [NS]
  Proximity_Baseline vs Proximity_Method_B     6.2500e-02            [NS]
  Proximity_Baseline vs Proximity_Method_C     6.2500e-02            [NS]
  Proximity_Baseline vs Proximity_Method_B_C     6.2500e-01            [NS]
  Proximity_Method_A vs Proximity_Method_B     6.2500e-02            [NS]
  Proximity_Method_A vs Proximity_Method_C     6.2500e-02            [NS]
  Proximity_Method_A vs Proximity_Method_B_C     6.2500e-01            [NS]
  Proximity_Method_B vs Proximity_Method_C     6.2500e-02            [NS]
  Proximity_Method_B vs Proximity_Method_B_C     1.8750e-01            [NS]
  Proximity_Method_C vs Proximity_Method_B_C     1.2500e-01            [NS]

> 4D Functions
  Friedman: chi2 =   9.8667, p = 4.2735e-02 *
  Bonferroni alpha = 5.0000e-03
  Pairwise Comparisons           p-value         Significant?   
  -----------------------------------------------------------------
  Proximity_Baseline vs Proximity_Method_A     5.0000e-01            [NS]
  Proximity_Baseline vs Proximity_Method_B     2.5000e-01            [NS]
  Proximity_Baseline vs Proximity_Method_C     2.5000e-01            [NS]
  Proximity_Baseline vs Proximity_Method_B_C     2.5000e-01            [NS]
  Proximity_Method_A vs Proximity_Method_B     2.5000e-01            [NS]
  Proximity_Method_A vs Proximity_Method_C     1.0000e+00            [NS]
  Proximity_Method_A vs Proximity_Method_B_C     2.5000e-01            [NS]
  Proximity_Method_B vs Proximity_Method_C     2.5000e-01            [NS]
  Proximity_Method_B vs Proximity_Method_B_C     5.0000e-01            [NS]
  Proximity_Method_C vs Proximity_Method_B_C     2.5000e-01            [NS]

> 5D Functions
  Friedman: chi2 =   8.5333, p = 7.3883e-02 ns
  -> No significant difference across methods (Friedman p >= 0.05)

> 6D Functions
  Friedman: chi2 =   8.0000, p = 9.1578e-02 ns
  -> No significant difference across methods (Friedman p >= 0.05)

> 7D Functions
  Friedman: chi2 =   9.3333, p = 5.3287e-02 ns
  -> No significant difference across methods (Friedman p >= 0.05)

> 8D Functions
  Friedman: chi2 =   9.3333, p = 5.3287e-02 ns
  -> No significant difference across methods (Friedman p >= 0.05)

> 9D Functions
  Friedman: chi2 =   9.3333, p = 5.3287e-02 ns
  -> No significant difference across methods (Friedman p >= 0.05)

> 10D Functions
  Friedman: chi2 =   2.9333, p = 5.6904e-01 ns
  -> No significant difference across methods (Friedman p >= 0.05)


--------------------------------------------------------------------------------
METRIC: NAURC
--------------------------------------------------------------------------------

                             DESCRIPTIVE STATISTICS                             
                     Proximity_Baseline Proximity_Method_A Proximity_Method_B Proximity_Method_C Proximity_Method_B_C
--------------------------------------------------------------------------------
All Functions        0.8490+/-0.2417   0.8473+/-0.2426   0.8155+/-0.2876   0.8207+/-0.2371   0.7733+/-0.2664  
1D Functions         0.7463+/-0.4107   0.7410+/-0.4058   0.9187+/-0.5077   0.6452+/-0.3730   0.6881+/-0.4427  
2D Functions         0.9076+/-0.1784   0.9031+/-0.1896   0.8846+/-0.2356   0.8415+/-0.1635   0.7832+/-0.2210  
3D Functions         0.8191+/-0.1981   0.8150+/-0.2000   0.7578+/-0.2251   0.7990+/-0.1905   0.7254+/-0.1879  
4D Functions         0.7296+/-0.3206   0.7358+/-0.3279   0.6604+/-0.3366   0.6988+/-0.3003   0.6255+/-0.2795  
5D Functions         0.7990+/-0.2387   0.7947+/-0.2358   0.7486+/-0.2371   0.7885+/-0.2338   0.7348+/-0.2438  
6D Functions         0.8537+/-0.1810   0.8507+/-0.1782   0.7820+/-0.1753   0.8519+/-0.1860   0.8001+/-0.1946  
7D Functions         0.7150+/-0.2279   0.7148+/-0.2269   0.6163+/-0.2178   0.7064+/-0.2241   0.6176+/-0.2244  
8D Functions         0.9307+/-0.0872   0.9323+/-0.0880   0.8643+/-0.1685   0.9268+/-0.0825   0.8769+/-0.1868  
9D Functions         0.9456+/-0.1206   0.9456+/-0.1226   0.8155+/-0.2137   0.9288+/-0.1275   0.8294+/-0.2187  
10D Functions        0.8479+/-0.1433   0.8459+/-0.1459   0.7303+/-0.1935   0.8453+/-0.1447   0.7628+/-0.1808  

          STATISTICAL TESTS (Friedman + Bonferroni-corrected Wilcoxon)          

> All Functions
  Friedman: chi2 =  51.6683, p = 1.6183e-10 ***
  Bonferroni alpha = 5.0000e-03
  Pairwise Comparisons           p-value         Significant?   
  -----------------------------------------------------------------
  Proximity_Baseline vs Proximity_Method_A     3.0333e-01            [NS]
  Proximity_Baseline vs Proximity_Method_B     7.2358e-03            [NS]
  Proximity_Baseline vs Proximity_Method_C     1.9473e-07           [SIG]
  Proximity_Baseline vs Proximity_Method_B_C     1.7410e-08           [SIG]
  Proximity_Method_A vs Proximity_Method_B     6.9394e-03            [NS]
  Proximity_Method_A vs Proximity_Method_C     4.9007e-06           [SIG]
  Proximity_Method_A vs Proximity_Method_B_C     2.2391e-08           [SIG]
  Proximity_Method_B vs Proximity_Method_C     4.5169e-02            [NS]
  Proximity_Method_B vs Proximity_Method_B_C     4.6627e-02            [NS]
  Proximity_Method_C vs Proximity_Method_B_C     3.6312e-04           [SIG]

> 1D Functions
  Friedman: chi2 =  10.8800, p = 2.7946e-02 *
  Bonferroni alpha = 5.0000e-03
  Pairwise Comparisons           p-value         Significant?   
  -----------------------------------------------------------------
  Proximity_Baseline vs Proximity_Method_A     6.2500e-01            [NS]
  Proximity_Baseline vs Proximity_Method_B     1.2500e-01            [NS]
  Proximity_Baseline vs Proximity_Method_C     6.2500e-02            [NS]
  Proximity_Baseline vs Proximity_Method_B_C     1.2500e-01            [NS]
  Proximity_Method_A vs Proximity_Method_B     1.2500e-01            [NS]
  Proximity_Method_A vs Proximity_Method_C     6.2500e-02            [NS]
  Proximity_Method_A vs Proximity_Method_B_C     1.2500e-01            [NS]
  Proximity_Method_B vs Proximity_Method_C     1.2500e-01            [NS]
  Proximity_Method_B vs Proximity_Method_B_C     6.2500e-02            [NS]
  Proximity_Method_C vs Proximity_Method_B_C     4.3750e-01            [NS]

> 2D Functions
  Friedman: chi2 =  12.9600, p = 1.1473e-02 *
  Bonferroni alpha = 5.0000e-03
  Pairwise Comparisons           p-value         Significant?   
  -----------------------------------------------------------------
  Proximity_Baseline vs Proximity_Method_A     8.1250e-01            [NS]
  Proximity_Baseline vs Proximity_Method_B     8.1250e-01            [NS]
  Proximity_Baseline vs Proximity_Method_C     6.2500e-02            [NS]
  Proximity_Baseline vs Proximity_Method_B_C     6.2500e-02            [NS]
  Proximity_Method_A vs Proximity_Method_B     6.2500e-01            [NS]
  Proximity_Method_A vs Proximity_Method_C     6.2500e-02            [NS]
  Proximity_Method_A vs Proximity_Method_B_C     6.2500e-02            [NS]
  Proximity_Method_B vs Proximity_Method_C     6.2500e-01            [NS]
  Proximity_Method_B vs Proximity_Method_B_C     6.2500e-02            [NS]
  Proximity_Method_C vs Proximity_Method_B_C     1.8750e-01            [NS]

> 3D Functions
  Friedman: chi2 =   8.3200, p = 8.0535e-02 ns
  -> No significant difference across methods (Friedman p >= 0.05)

> 4D Functions
  Friedman: chi2 =   9.8667, p = 4.2735e-02 *
  Bonferroni alpha = 5.0000e-03
  Pairwise Comparisons           p-value         Significant?   
  -----------------------------------------------------------------
  Proximity_Baseline vs Proximity_Method_A     1.0000e+00            [NS]
  Proximity_Baseline vs Proximity_Method_B     2.5000e-01            [NS]
  Proximity_Baseline vs Proximity_Method_C     2.5000e-01            [NS]
  Proximity_Baseline vs Proximity_Method_B_C     2.5000e-01            [NS]
  Proximity_Method_A vs Proximity_Method_B     2.5000e-01            [NS]
  Proximity_Method_A vs Proximity_Method_C     2.5000e-01            [NS]
  Proximity_Method_A vs Proximity_Method_B_C     2.5000e-01            [NS]
  Proximity_Method_B vs Proximity_Method_C     5.0000e-01            [NS]
  Proximity_Method_B vs Proximity_Method_B_C     1.0000e+00            [NS]
  Proximity_Method_C vs Proximity_Method_B_C     2.5000e-01            [NS]

> 5D Functions
  Friedman: chi2 =  11.4667, p = 2.1791e-02 *
  Bonferroni alpha = 5.0000e-03
  Pairwise Comparisons           p-value         Significant?   
  -----------------------------------------------------------------
  Proximity_Baseline vs Proximity_Method_A     2.5000e-01            [NS]
  Proximity_Baseline vs Proximity_Method_B     2.5000e-01            [NS]
  Proximity_Baseline vs Proximity_Method_C     2.5000e-01            [NS]
  Proximity_Baseline vs Proximity_Method_B_C     2.5000e-01            [NS]
  Proximity_Method_A vs Proximity_Method_B     2.5000e-01            [NS]
  Proximity_Method_A vs Proximity_Method_C     2.5000e-01            [NS]
  Proximity_Method_A vs Proximity_Method_B_C     2.5000e-01            [NS]
  Proximity_Method_B vs Proximity_Method_C     2.5000e-01            [NS]
  Proximity_Method_B vs Proximity_Method_B_C     7.5000e-01            [NS]
  Proximity_Method_C vs Proximity_Method_B_C     2.5000e-01            [NS]

> 6D Functions
  Friedman: chi2 =   9.3333, p = 5.3287e-02 ns
  -> No significant difference across methods (Friedman p >= 0.05)

> 7D Functions
  Friedman: chi2 =  10.9333, p = 2.7324e-02 *
  Bonferroni alpha = 5.0000e-03
  Pairwise Comparisons           p-value         Significant?   
  -----------------------------------------------------------------
  Proximity_Baseline vs Proximity_Method_A     7.5000e-01            [NS]
  Proximity_Baseline vs Proximity_Method_B     2.5000e-01            [NS]
  Proximity_Baseline vs Proximity_Method_C     2.5000e-01            [NS]
  Proximity_Baseline vs Proximity_Method_B_C     2.5000e-01            [NS]
  Proximity_Method_A vs Proximity_Method_B     2.5000e-01            [NS]
  Proximity_Method_A vs Proximity_Method_C     2.5000e-01            [NS]
  Proximity_Method_A vs Proximity_Method_B_C     2.5000e-01            [NS]
  Proximity_Method_B vs Proximity_Method_C     2.5000e-01            [NS]
  Proximity_Method_B vs Proximity_Method_B_C     1.0000e+00            [NS]
  Proximity_Method_C vs Proximity_Method_B_C     2.5000e-01            [NS]

> 8D Functions
  Friedman: chi2 =   1.8667, p = 7.6027e-01 ns
  -> No significant difference across methods (Friedman p >= 0.05)

> 9D Functions
  Friedman: chi2 =   6.6667, p = 1.5459e-01 ns
  -> No significant difference across methods (Friedman p >= 0.05)

> 10D Functions
  Friedman: chi2 =  10.6667, p = 3.0577e-02 *
  Bonferroni alpha = 5.0000e-03
  Pairwise Comparisons           p-value         Significant?   
  -----------------------------------------------------------------
  Proximity_Baseline vs Proximity_Method_A     7.5000e-01            [NS]
  Proximity_Baseline vs Proximity_Method_B     2.5000e-01            [NS]
  Proximity_Baseline vs Proximity_Method_C     2.5000e-01            [NS]
  Proximity_Baseline vs Proximity_Method_B_C     2.5000e-01            [NS]
  Proximity_Method_A vs Proximity_Method_B     2.5000e-01            [NS]
  Proximity_Method_A vs Proximity_Method_C     7.5000e-01            [NS]
  Proximity_Method_A vs Proximity_Method_B_C     2.5000e-01            [NS]
  Proximity_Method_B vs Proximity_Method_C     2.5000e-01            [NS]
  Proximity_Method_B vs Proximity_Method_B_C     2.5000e-01            [NS]
  Proximity_Method_C vs Proximity_Method_B_C     2.5000e-01            [NS]

================================================================================
Legend: *** p<0.001, ** p<0.01, * p<0.05, ns = not significant
================================================================================


[Report] Results saved to: results/sweep_20260711_140514/uncertainty_quantification_results_rf5_k20_sparse_m5_leaf_manifold_20260711_232759.txt and results/sweep_20260711_140514/uncertainty_quantification_results_rf5_k20_sparse_m5_leaf_manifold_20260711_232759.json
