
======================================================================
EPISTEMIC UNCERTAINTY QUANTIFICATION - COMPREHENSIVE TEST SUITE
Started: 2026-07-11 20:01:01
Config: RF Config=5, K Neighbors=20, Gap Type=sparse, Multiplier=50, Scaling Law=linear, Runs=7, Topological Decay Lambda=None
======================================================================

[SETUP SUMMARY]
  * Functions: 41 total (5 1D, 5 2D, 5 3D, 3 4D, 3 5D, 3 6D, 3 7D, 3 8D, 3 9D, 3 10D, 1 11D, 1 12D, 1 13D, 1 14D, 1 15D)
  * Runs: 7 (total evaluations: 287)
  * Approaches: Proximity_Baseline, Proximity_Method_A, Proximity_Method_B, Proximity_Method_C, Proximity_Method_B_C
  * Metrics: AUROC, FPR@95TPR, Spearman, Brier, MI, JSD
  * Statistical tests: Friedman + Bonferroni-corrected Wilcoxon (alpha=0.05)
  * Proximity Device: GPU (CuPy)


######################################################################
# UNIFIED TEST: All Functions (aggregated by dimension)
######################################################################
Running 41 functions x 7 seeds = 287 evaluations (single pass)

[RUN 1/7] 
  >>> Starting: Function=sin, Seed=0
    [TIMING] Data Generation: 0.0003 s
    [TIMING] Random Forest Fitting: 0.3544 s
    [TIMING] RF Predicting: 0.0428 s
    [TIMING] Base Aleatoric: 0.0492 s
[TIMING] Random Forest fit/check: 0.00 ms
[TIMING] OOB/In-bag index reconstruction: 178.77 ms
[TIMING] Leaf weights & density precomputation: 165.97 ms
[TIMING] Transfer structures to backend: 0.02 ms
[TIMING] Total fit: 344.76 ms
[TIMING] Test leaf ID extraction: 48.70 ms
[TIMING] Proximity matrix accumulation: 54.47 ms
[TIMING] Neighbor sorting & quantiles: 9.05 ms
[TIMING] Total compute_uq: 112.42 ms
    [TIMING] UQ Calculation (Proximity_Baseline): 0.4586 s
[TIMING] Random Forest fit/check: 0.00 ms
[TIMING] OOB/In-bag index reconstruction: 176.35 ms
[TIMING] Leaf weights & density precomputation: 388.28 ms
[TIMING] Transfer structures to backend: 0.02 ms
[TIMING] Total fit: 564.65 ms
[TIMING] Test leaf ID extraction: 44.54 ms
[TIMING] Proximity matrix accumulation: 166.79 ms
[TIMING] Neighbor sorting & quantiles: 5.19 ms
[TIMING] Total compute_uq: 216.74 ms
    [TIMING] UQ Calculation (Proximity_Method_A): 0.7820 s
[TIMING] Random Forest fit/check: 0.00 ms
[TIMING] OOB/In-bag index reconstruction: 175.64 ms
[TIMING] Leaf weights & density precomputation: 376.86 ms
[TIMING] Transfer structures to backend: 0.01 ms
[TIMING] Total fit: 552.52 ms
[TIMING] Test leaf ID extraction: 43.80 ms
[TIMING] Proximity matrix accumulation: 158.80 ms
[TIMING] Neighbor sorting & quantiles: 64.65 ms
[TIMING] Total compute_uq: 267.47 ms
    [TIMING] UQ Calculation (Proximity_Method_B): 0.8234 s
[TIMING] Random Forest fit/check: 0.00 ms
[TIMING] OOB/In-bag index reconstruction: 179.57 ms
[TIMING] Leaf weights & density precomputation: 817.59 ms
[TIMING] Transfer structures to backend: 0.02 ms
[TIMING] Total fit: 997.18 ms
[TIMING] Test leaf ID extraction: 44.49 ms
[TIMING] Proximity matrix accumulation: 217.86 ms
[TIMING] Neighbor sorting & quantiles: 4.73 ms
[TIMING] Total compute_uq: 267.29 ms
[DEBUG DENSITY] mean walked density = 63.5077, min = 57.4414, max = 70.0584
    [TIMING] UQ Calculation (Proximity_Method_C): 1.2715 s
[TIMING] Random Forest fit/check: 0.00 ms
[TIMING] OOB/In-bag index reconstruction: 167.69 ms
[TIMING] Leaf weights & density precomputation: 694.25 ms
[TIMING] Transfer structures to backend: 0.02 ms
[TIMING] Total fit: 861.97 ms
[TIMING] Test leaf ID extraction: 34.15 ms
[TIMING] Proximity matrix accumulation: 289.85 ms
[TIMING] Neighbor sorting & quantiles: 24.02 ms
[TIMING] Total compute_uq: 348.68 ms
[DEBUG DENSITY] mean walked density = 63.5077, min = 57.4414, max = 70.0584
    [TIMING] UQ Calculation (Proximity_Method_B_C): 1.2217 s
    [TIMING] Metrics Calculation: 0.0690 s
    [TIMING] Total Single Evaluation: 5.0731 s

  >>> Starting: Function=cos_trend, Seed=0
    [TIMING] Data Generation: 0.0004 s
    [TIMING] Random Forest Fitting: 0.3927 s
    [TIMING] RF Predicting: 0.0541 s
    [TIMING] Base Aleatoric: 0.0601 s
[TIMING] Random Forest fit/check: 0.00 ms
[TIMING] OOB/In-bag index reconstruction: 168.28 ms
[TIMING] Leaf weights & density precomputation: 758.47 ms
[TIMING] Transfer structures to backend: 0.02 ms
[TIMING] Total fit: 926.78 ms
[TIMING] Test leaf ID extraction: 46.06 ms
[TIMING] Proximity matrix accumulation: 64.91 ms
[TIMING] Neighbor sorting & quantiles: 11.45 ms
[TIMING] Total compute_uq: 122.79 ms
    [TIMING] UQ Calculation (Proximity_Baseline): 1.0521 s
[TIMING] Random Forest fit/check: 0.00 ms
[TIMING] OOB/In-bag index reconstruction: 155.43 ms
[TIMING] Leaf weights & density precomputation: 286.28 ms
[TIMING] Transfer structures to backend: 0.01 ms
[TIMING] Total fit: 441.71 ms
[TIMING] Test leaf ID extraction: 34.33 ms
[TIMING] Proximity matrix accumulation: 160.11 ms
[TIMING] Neighbor sorting & quantiles: 6.81 ms
[TIMING] Total compute_uq: 201.46 ms
    [TIMING] UQ Calculation (Proximity_Method_A): 0.6459 s
[TIMING] Random Forest fit/check: 0.00 ms
[TIMING] OOB/In-bag index reconstruction: 157.20 ms
[TIMING] Leaf weights & density precomputation: 800.24 ms
[TIMING] Transfer structures to backend: 0.01 ms
[TIMING] Total fit: 957.46 ms
[TIMING] Test leaf ID extraction: 45.62 ms
[TIMING] Proximity matrix accumulation: 239.93 ms
[TIMING] Neighbor sorting & quantiles: 18.10 ms
[TIMING] Total compute_uq: 304.06 ms
    [TIMING] UQ Calculation (Proximity_Method_B): 1.2626 s
[TIMING] Random Forest fit/check: 0.00 ms
[TIMING] OOB/In-bag index reconstruction: 230.02 ms
[TIMING] Leaf weights & density precomputation: 297.68 ms
[TIMING] Transfer structures to backend: 0.02 ms
[TIMING] Total fit: 527.72 ms
[TIMING] Test leaf ID extraction: 33.99 ms
[TIMING] Proximity matrix accumulation: 218.81 ms
[TIMING] Neighbor sorting & quantiles: 4.12 ms
[TIMING] Total compute_uq: 257.14 ms
[DEBUG DENSITY] mean walked density = 62.6509, min = 58.7612, max = 70.1851
    [TIMING] UQ Calculation (Proximity_Method_C): 0.7863 s
[TIMING] Random Forest fit/check: 0.00 ms
[TIMING] OOB/In-bag index reconstruction: 158.20 ms
[TIMING] Leaf weights & density precomputation: 323.29 ms
[TIMING] Transfer structures to backend: 0.04 ms
[TIMING] Total fit: 481.53 ms
[TIMING] Test leaf ID extraction: 44.96 ms
[TIMING] Proximity matrix accumulation: 264.38 ms
[TIMING] Neighbor sorting & quantiles: 23.85 ms
[TIMING] Total compute_uq: 333.42 ms
[DEBUG DENSITY] mean walked density = 62.6509, min = 58.7612, max = 70.1851
    [TIMING] UQ Calculation (Proximity_Method_B_C): 0.8248 s
    [TIMING] Metrics Calculation: 0.0703 s
    [TIMING] Total Single Evaluation: 5.1496 s

  >>> Starting: Function=poly, Seed=0
    [TIMING] Data Generation: 0.0003 s
    [TIMING] Random Forest Fitting: 0.3552 s
    [TIMING] RF Predicting: 0.0428 s
    [TIMING] Base Aleatoric: 0.0485 s
[TIMING] Random Forest fit/check: 0.00 ms
[TIMING] OOB/In-bag index reconstruction: 156.93 ms
[TIMING] Leaf weights & density precomputation: 57.30 ms
[TIMING] Transfer structures to backend: 0.02 ms
[TIMING] Total fit: 214.24 ms
[TIMING] Test leaf ID extraction: 33.78 ms
[TIMING] Proximity matrix accumulation: 42.19 ms
[TIMING] Neighbor sorting & quantiles: 5.10 ms
[TIMING] Total compute_uq: 81.30 ms
    [TIMING] UQ Calculation (Proximity_Baseline): 0.2960 s
[TIMING] Random Forest fit/check: 0.00 ms
[TIMING] OOB/In-bag index reconstruction: 159.29 ms
[TIMING] Leaf weights & density precomputation: 732.24 ms
[TIMING] Transfer structures to backend: 0.02 ms
[TIMING] Total fit: 891.55 ms
[TIMING] Test leaf ID extraction: 56.07 ms
[TIMING] Proximity matrix accumulation: 235.71 ms
[TIMING] Neighbor sorting & quantiles: 11.36 ms
[TIMING] Total compute_uq: 303.86 ms
    [TIMING] UQ Calculation (Proximity_Method_A): 1.1982 s
[TIMING] Random Forest fit/check: 0.00 ms
[TIMING] OOB/In-bag index reconstruction: 156.60 ms
[TIMING] Leaf weights & density precomputation: 610.31 ms
[TIMING] Transfer structures to backend: 0.02 ms
[TIMING] Total fit: 766.93 ms
[TIMING] Test leaf ID extraction: 34.67 ms
[TIMING] Proximity matrix accumulation: 158.35 ms
[TIMING] Neighbor sorting & quantiles: 6.25 ms
[TIMING] Total compute_uq: 199.47 ms
    [TIMING] UQ Calculation (Proximity_Method_B): 0.9680 s
[TIMING] Random Forest fit/check: 0.00 ms
[TIMING] OOB/In-bag index reconstruction: 155.50 ms
[TIMING] Leaf weights & density precomputation: 394.65 ms
[TIMING] Transfer structures to backend: 0.02 ms
[TIMING] Total fit: 550.16 ms
[TIMING] Test leaf ID extraction: 33.79 ms
[TIMING] Proximity matrix accumulation: 292.14 ms
[TIMING] Neighbor sorting & quantiles: 11.37 ms
[TIMING] Total compute_uq: 338.83 ms
[DEBUG DENSITY] mean walked density = 63.5366, min = 57.1914, max = 70.1784
    [TIMING] UQ Calculation (Proximity_Method_C): 0.9000 s
[TIMING] Random Forest fit/check: 0.00 ms
[TIMING] OOB/In-bag index reconstruction: 166.93 ms
[TIMING] Leaf weights & density precomputation: 807.56 ms
[TIMING] Transfer structures to backend: 0.02 ms
[TIMING] Total fit: 974.51 ms
[TIMING] Test leaf ID extraction: 34.75 ms
[TIMING] Proximity matrix accumulation: 295.80 ms
[TIMING] Neighbor sorting & quantiles: 13.27 ms
[TIMING] Total compute_uq: 344.54 ms
[DEBUG DENSITY] mean walked density = 63.5366, min = 57.1914, max = 70.1784
    [TIMING] UQ Calculation (Proximity_Method_B_C): 1.3205 s
    [TIMING] Metrics Calculation: 0.0780 s
    [TIMING] Total Single Evaluation: 5.2080 s

  >>> Starting: Function=damped_osc, Seed=0
    [TIMING] Data Generation: 0.0004 s
    [TIMING] Random Forest Fitting: 0.3662 s
    [TIMING] RF Predicting: 0.0436 s
    [TIMING] Base Aleatoric: 0.0382 s
[TIMING] Random Forest fit/check: 0.00 ms
[TIMING] OOB/In-bag index reconstruction: 167.11 ms
[TIMING] Leaf weights & density precomputation: 757.14 ms
[TIMING] Transfer structures to backend: 0.12 ms
[TIMING] Total fit: 924.37 ms
[TIMING] Test leaf ID extraction: 46.98 ms
[TIMING] Proximity matrix accumulation: 62.80 ms
[TIMING] Neighbor sorting & quantiles: 11.47 ms
[TIMING] Total compute_uq: 122.47 ms
    [TIMING] UQ Calculation (Proximity_Baseline): 1.0495 s
[TIMING] Random Forest fit/check: 0.00 ms
[TIMING] OOB/In-bag index reconstruction: 156.02 ms
[TIMING] Leaf weights & density precomputation: 789.28 ms
[TIMING] Transfer structures to backend: 0.02 ms
[TIMING] Total fit: 945.32 ms
[TIMING] Test leaf ID extraction: 34.26 ms
[TIMING] Proximity matrix accumulation: 174.58 ms
[TIMING] Neighbor sorting & quantiles: 4.82 ms
[TIMING] Total compute_uq: 213.87 ms
    [TIMING] UQ Calculation (Proximity_Method_A): 1.1599 s
[TIMING] Random Forest fit/check: 0.01 ms
[TIMING] OOB/In-bag index reconstruction: 157.36 ms
[TIMING] Leaf weights & density precomputation: 307.96 ms
[TIMING] Transfer structures to backend: 0.02 ms
[TIMING] Total fit: 465.35 ms
[TIMING] Test leaf ID extraction: 34.00 ms
[TIMING] Proximity matrix accumulation: 233.85 ms
[TIMING] Neighbor sorting & quantiles: 24.04 ms
[TIMING] Total compute_uq: 292.93 ms
    [TIMING] UQ Calculation (Proximity_Method_B): 0.7618 s
[TIMING] Random Forest fit/check: 0.00 ms
[TIMING] OOB/In-bag index reconstruction: 168.14 ms
[TIMING] Leaf weights & density precomputation: 804.49 ms
[TIMING] Transfer structures to backend: 0.02 ms
[TIMING] Total fit: 972.65 ms
[TIMING] Test leaf ID extraction: 33.95 ms
[TIMING] Proximity matrix accumulation: 291.85 ms
[TIMING] Neighbor sorting & quantiles: 11.36 ms
[TIMING] Total compute_uq: 338.02 ms
[DEBUG DENSITY] mean walked density = 63.4110, min = 58.5048, max = 70.9111
    [TIMING] UQ Calculation (Proximity_Method_C): 1.3216 s
[TIMING] Random Forest fit/check: 0.00 ms
[TIMING] OOB/In-bag index reconstruction: 165.12 ms
[TIMING] Leaf weights & density precomputation: 466.43 ms
[TIMING] Transfer structures to backend: 0.02 ms
[TIMING] Total fit: 631.57 ms
[TIMING] Test leaf ID extraction: 44.84 ms
[TIMING] Proximity matrix accumulation: 240.35 ms
[TIMING] Neighbor sorting & quantiles: 5.15 ms
[TIMING] Total compute_uq: 290.57 ms
[DEBUG DENSITY] mean walked density = 63.4110, min = 58.5048, max = 70.9111
    [TIMING] UQ Calculation (Proximity_Method_B_C): 0.9239 s
    [TIMING] Metrics Calculation: 0.0763 s
    [TIMING] Total Single Evaluation: 5.7417 s

  >>> Starting: Function=log_mod, Seed=0
    [TIMING] Data Generation: 0.0004 s
    [TIMING] Random Forest Fitting: 0.3657 s
    [TIMING] RF Predicting: 0.0428 s
    [TIMING] Base Aleatoric: 0.0384 s
[TIMING] Random Forest fit/check: 0.00 ms
[TIMING] OOB/In-bag index reconstruction: 180.04 ms
[TIMING] Leaf weights & density precomputation: 484.01 ms
[TIMING] Transfer structures to backend: 0.03 ms
[TIMING] Total fit: 664.08 ms
[TIMING] Test leaf ID extraction: 44.95 ms
[TIMING] Proximity matrix accumulation: 65.08 ms
[TIMING] Neighbor sorting & quantiles: 11.38 ms
[TIMING] Total compute_uq: 121.78 ms
    [TIMING] UQ Calculation (Proximity_Baseline): 0.7884 s
[TIMING] Random Forest fit/check: 0.00 ms
[TIMING] OOB/In-bag index reconstruction: 155.41 ms
[TIMING] Leaf weights & density precomputation: 292.40 ms
[TIMING] Transfer structures to backend: 0.02 ms
[TIMING] Total fit: 447.83 ms
[TIMING] Test leaf ID extraction: 34.11 ms
[TIMING] Proximity matrix accumulation: 163.03 ms
[TIMING] Neighbor sorting & quantiles: 7.14 ms
[TIMING] Total compute_uq: 204.50 ms
    [TIMING] UQ Calculation (Proximity_Method_A): 0.6550 s
[TIMING] Random Forest fit/check: 0.00 ms
[TIMING] OOB/In-bag index reconstruction: 165.02 ms
[TIMING] Leaf weights & density precomputation: 815.84 ms
[TIMING] Transfer structures to backend: 0.02 ms
[TIMING] Total fit: 980.88 ms
[TIMING] Test leaf ID extraction: 34.06 ms
[TIMING] Proximity matrix accumulation: 231.49 ms
[TIMING] Neighbor sorting & quantiles: 24.01 ms
[TIMING] Total compute_uq: 290.54 ms
    [TIMING] UQ Calculation (Proximity_Method_B): 1.2749 s
[TIMING] Random Forest fit/check: 0.00 ms
[TIMING] OOB/In-bag index reconstruction: 156.29 ms
[TIMING] Leaf weights & density precomputation: 444.83 ms
[TIMING] Transfer structures to backend: 0.02 ms
[TIMING] Total fit: 601.14 ms
[TIMING] Test leaf ID extraction: 55.38 ms
[TIMING] Proximity matrix accumulation: 215.14 ms
[TIMING] Neighbor sorting & quantiles: 4.72 ms
[TIMING] Total compute_uq: 275.48 ms
[DEBUG DENSITY] mean walked density = 63.3792, min = 57.6548, max = 70.3985
    [TIMING] UQ Calculation (Proximity_Method_C): 0.8790 s
[TIMING] Random Forest fit/check: 0.00 ms
[TIMING] OOB/In-bag index reconstruction: 155.38 ms
[TIMING] Leaf weights & density precomputation: 730.28 ms
[TIMING] Transfer structures to backend: 0.04 ms
[TIMING] Total fit: 885.71 ms
[TIMING] Test leaf ID extraction: 45.74 ms
[TIMING] Proximity matrix accumulation: 313.31 ms
[TIMING] Neighbor sorting & quantiles: 23.94 ms
[TIMING] Total compute_uq: 384.68 ms
[DEBUG DENSITY] mean walked density = 63.3792, min = 57.6548, max = 70.3985
    [TIMING] UQ Calculation (Proximity_Method_B_C): 1.2815 s
    [TIMING] Metrics Calculation: 0.0923 s
    [TIMING] Total Single Evaluation: 5.4188 s

  >>> Starting: Function=sin_cos, Seed=0
    [TIMING] Data Generation: 0.0018 s
    [TIMING] Random Forest Fitting: 0.4577 s
    [TIMING] RF Predicting: 0.0534 s
    [TIMING] Base Aleatoric: 0.0537 s
[TIMING] Random Forest fit/check: 0.00 ms
[TIMING] OOB/In-bag index reconstruction: 196.68 ms
[TIMING] Leaf weights & density precomputation: 60.94 ms
[TIMING] Transfer structures to backend: 0.01 ms
[TIMING] Total fit: 257.63 ms
[TIMING] Test leaf ID extraction: 49.52 ms
[TIMING] Proximity matrix accumulation: 236.34 ms
[TIMING] Neighbor sorting & quantiles: 26.34 ms
[TIMING] Total compute_uq: 312.43 ms
    [TIMING] UQ Calculation (Proximity_Baseline): 0.5702 s
[TIMING] Random Forest fit/check: 0.00 ms
[TIMING] OOB/In-bag index reconstruction: 197.56 ms
[TIMING] Leaf weights & density precomputation: 871.62 ms
[TIMING] Transfer structures to backend: 0.02 ms
[TIMING] Total fit: 1069.19 ms
[TIMING] Test leaf ID extraction: 45.02 ms
[TIMING] Proximity matrix accumulation: 961.49 ms
[TIMING] Neighbor sorting & quantiles: 40.64 ms
[TIMING] Total compute_uq: 1048.48 ms
    [TIMING] UQ Calculation (Proximity_Method_A): 2.1204 s
[TIMING] Random Forest fit/check: 0.00 ms
[TIMING] OOB/In-bag index reconstruction: 185.96 ms
[TIMING] Leaf weights & density precomputation: 325.78 ms
[TIMING] Transfer structures to backend: 0.01 ms
[TIMING] Total fit: 511.76 ms
[TIMING] Test leaf ID extraction: 45.58 ms
[TIMING] Proximity matrix accumulation: 568.12 ms
[TIMING] Neighbor sorting & quantiles: 17.14 ms
[TIMING] Total compute_uq: 631.11 ms
    [TIMING] UQ Calculation (Proximity_Method_B): 1.1462 s
[TIMING] Random Forest fit/check: 0.00 ms
[TIMING] OOB/In-bag index reconstruction: 185.64 ms
[TIMING] Leaf weights & density precomputation: 854.18 ms
[TIMING] Transfer structures to backend: 0.02 ms
[TIMING] Total fit: 1039.85 ms
[TIMING] Test leaf ID extraction: 57.04 ms
[TIMING] Proximity matrix accumulation: 1192.89 ms
[TIMING] Neighbor sorting & quantiles: 40.58 ms
[TIMING] Total compute_uq: 1291.43 ms
[DEBUG DENSITY] mean walked density = 65.5511, min = 53.2667, max = 73.5821
    [TIMING] UQ Calculation (Proximity_Method_C): 2.3420 s
[TIMING] Random Forest fit/check: 0.00 ms
[TIMING] OOB/In-bag index reconstruction: 184.59 ms
[TIMING] Leaf weights & density precomputation: 415.54 ms
[TIMING] Transfer structures to backend: 0.01 ms
[TIMING] Total fit: 600.14 ms
[TIMING] Test leaf ID extraction: 44.24 ms
[TIMING] Proximity matrix accumulation: 531.43 ms
[TIMING] Neighbor sorting & quantiles: 8.32 ms
[TIMING] Total compute_uq: 584.22 ms
[DEBUG DENSITY] mean walked density = 65.5511, min = 53.2667, max = 73.5821
    [TIMING] UQ Calculation (Proximity_Method_B_C): 1.1855 s
    [TIMING] Metrics Calculation: 0.0921 s
    [TIMING] Total Single Evaluation: 8.0234 s

  >>> Starting: Function=quadratic, Seed=0
    [TIMING] Data Generation: 0.0013 s
    [TIMING] Random Forest Fitting: 0.3956 s
    [TIMING] RF Predicting: 0.0436 s
    [TIMING] Base Aleatoric: 0.0519 s
[TIMING] Random Forest fit/check: 0.00 ms
[TIMING] OOB/In-bag index reconstruction: 187.81 ms
[TIMING] Leaf weights & density precomputation: 61.76 ms
[TIMING] Transfer structures to backend: 0.02 ms
[TIMING] Total fit: 249.59 ms
[TIMING] Test leaf ID extraction: 45.40 ms
[TIMING] Proximity matrix accumulation: 181.38 ms
[TIMING] Neighbor sorting & quantiles: 20.08 ms
[TIMING] Total compute_uq: 247.10 ms
    [TIMING] UQ Calculation (Proximity_Baseline): 0.4971 s
[TIMING] Random Forest fit/check: 0.00 ms
[TIMING] OOB/In-bag index reconstruction: 207.93 ms
[TIMING] Leaf weights & density precomputation: 803.61 ms
[TIMING] Transfer structures to backend: 0.02 ms
[TIMING] Total fit: 1011.56 ms
[TIMING] Test leaf ID extraction: 45.10 ms
[TIMING] Proximity matrix accumulation: 958.35 ms
[TIMING] Neighbor sorting & quantiles: 40.55 ms
[TIMING] Total compute_uq: 1045.28 ms
    [TIMING] UQ Calculation (Proximity_Method_A): 2.0595 s
[TIMING] Random Forest fit/check: 0.01 ms
[TIMING] OOB/In-bag index reconstruction: 205.72 ms
[TIMING] Leaf weights & density precomputation: 373.32 ms
[TIMING] Transfer structures to backend: 0.01 ms
[TIMING] Total fit: 579.06 ms
[TIMING] Test leaf ID extraction: 44.48 ms
[TIMING] Proximity matrix accumulation: 657.69 ms
[TIMING] Neighbor sorting & quantiles: 29.77 ms
[TIMING] Total compute_uq: 732.19 ms
    [TIMING] UQ Calculation (Proximity_Method_B): 1.3148 s
[TIMING] Random Forest fit/check: 0.00 ms
[TIMING] OOB/In-bag index reconstruction: 185.40 ms
[TIMING] Leaf weights & density precomputation: 850.62 ms
[TIMING] Transfer structures to backend: 0.01 ms
[TIMING] Total fit: 1036.04 ms
[TIMING] Test leaf ID extraction: 45.09 ms
[TIMING] Proximity matrix accumulation: 896.69 ms
[TIMING] Neighbor sorting & quantiles: 26.58 ms
[TIMING] Total compute_uq: 970.65 ms
[DEBUG DENSITY] mean walked density = 65.4167, min = 53.3231, max = 74.2589
    [TIMING] UQ Calculation (Proximity_Method_C): 2.0091 s
[TIMING] Random Forest fit/check: 0.00 ms
[TIMING] OOB/In-bag index reconstruction: 185.60 ms
[TIMING] Leaf weights & density precomputation: 564.59 ms
[TIMING] Transfer structures to backend: 0.01 ms
[TIMING] Total fit: 750.20 ms
[TIMING] Test leaf ID extraction: 45.09 ms
[TIMING] Proximity matrix accumulation: 1191.32 ms
[TIMING] Neighbor sorting & quantiles: 42.15 ms
[TIMING] Total compute_uq: 1279.10 ms
[DEBUG DENSITY] mean walked density = 65.4167, min = 53.3231, max = 74.2589
    [TIMING] UQ Calculation (Proximity_Method_B_C): 2.0401 s
    [TIMING] Metrics Calculation: 0.0900 s
    [TIMING] Total Single Evaluation: 8.5034 s

  >>> Starting: Function=sin_sum_mod, Seed=0
    [TIMING] Data Generation: 0.0018 s
    [TIMING] Random Forest Fitting: 0.4499 s
    [TIMING] RF Predicting: 0.0531 s
    [TIMING] Base Aleatoric: 0.0621 s
[TIMING] Random Forest fit/check: 0.00 ms
[TIMING] OOB/In-bag index reconstruction: 267.79 ms
[TIMING] Leaf weights & density precomputation: 95.32 ms
[TIMING] Transfer structures to backend: 0.02 ms
[TIMING] Total fit: 363.13 ms
[TIMING] Test leaf ID extraction: 46.98 ms
[TIMING] Proximity matrix accumulation: 183.01 ms
[TIMING] Neighbor sorting & quantiles: 20.17 ms
[TIMING] Total compute_uq: 250.42 ms
    [TIMING] UQ Calculation (Proximity_Baseline): 0.6140 s
[TIMING] Random Forest fit/check: 0.00 ms
[TIMING] OOB/In-bag index reconstruction: 188.70 ms
[TIMING] Leaf weights & density precomputation: 857.71 ms
[TIMING] Transfer structures to backend: 0.02 ms
[TIMING] Total fit: 1046.43 ms
[TIMING] Test leaf ID extraction: 45.95 ms
[TIMING] Proximity matrix accumulation: 954.92 ms
[TIMING] Neighbor sorting & quantiles: 40.64 ms
[TIMING] Total compute_uq: 1041.86 ms
    [TIMING] UQ Calculation (Proximity_Method_A): 2.0910 s
[TIMING] Random Forest fit/check: 0.00 ms
[TIMING] OOB/In-bag index reconstruction: 187.55 ms
[TIMING] Leaf weights & density precomputation: 480.15 ms
[TIMING] Transfer structures to backend: 0.02 ms
[TIMING] Total fit: 667.72 ms
[TIMING] Test leaf ID extraction: 47.37 ms
[TIMING] Proximity matrix accumulation: 428.23 ms
[TIMING] Neighbor sorting & quantiles: 9.00 ms
[TIMING] Total compute_uq: 484.85 ms
    [TIMING] UQ Calculation (Proximity_Method_B): 1.1543 s
[TIMING] Random Forest fit/check: 0.00 ms
[TIMING] OOB/In-bag index reconstruction: 201.13 ms
[TIMING] Leaf weights & density precomputation: 354.01 ms
[TIMING] Transfer structures to backend: 0.01 ms
[TIMING] Total fit: 555.16 ms
[TIMING] Test leaf ID extraction: 55.75 ms
[TIMING] Proximity matrix accumulation: 531.74 ms
[TIMING] Neighbor sorting & quantiles: 15.97 ms
[TIMING] Total compute_uq: 603.69 ms
[DEBUG DENSITY] mean walked density = 64.2802, min = 50.1903, max = 75.0785
    [TIMING] UQ Calculation (Proximity_Method_C): 1.1602 s
[TIMING] Random Forest fit/check: 0.00 ms
[TIMING] OOB/In-bag index reconstruction: 199.15 ms
[TIMING] Leaf weights & density precomputation: 847.57 ms
[TIMING] Transfer structures to backend: 0.02 ms
[TIMING] Total fit: 1046.75 ms
[TIMING] Test leaf ID extraction: 46.38 ms
[TIMING] Proximity matrix accumulation: 661.25 ms
[TIMING] Neighbor sorting & quantiles: 10.53 ms
[TIMING] Total compute_uq: 719.61 ms
[DEBUG DENSITY] mean walked density = 64.2802, min = 50.1903, max = 75.0785
    [TIMING] UQ Calculation (Proximity_Method_B_C): 1.7690 s
    [TIMING] Metrics Calculation: 0.0698 s
    [TIMING] Total Single Evaluation: 7.4255 s

  >>> Starting: Function=gaussian, Seed=0
    [TIMING] Data Generation: 0.0010 s
    [TIMING] Random Forest Fitting: 0.4387 s
    [TIMING] RF Predicting: 0.0433 s
    [TIMING] Base Aleatoric: 0.0531 s
[TIMING] Random Forest fit/check: 0.00 ms
[TIMING] OOB/In-bag index reconstruction: 188.41 ms
[TIMING] Leaf weights & density precomputation: 762.46 ms
[TIMING] Transfer structures to backend: 0.09 ms
[TIMING] Total fit: 950.96 ms
[TIMING] Test leaf ID extraction: 47.91 ms
[TIMING] Proximity matrix accumulation: 338.10 ms
[TIMING] Neighbor sorting & quantiles: 41.33 ms
[TIMING] Total compute_uq: 427.73 ms
    [TIMING] UQ Calculation (Proximity_Baseline): 1.3814 s
[TIMING] Random Forest fit/check: 0.00 ms
[TIMING] OOB/In-bag index reconstruction: 187.34 ms
[TIMING] Leaf weights & density precomputation: 650.04 ms
[TIMING] Transfer structures to backend: 0.01 ms
[TIMING] Total fit: 837.40 ms
[TIMING] Test leaf ID extraction: 46.28 ms
[TIMING] Proximity matrix accumulation: 501.46 ms
[TIMING] Neighbor sorting & quantiles: 18.86 ms
[TIMING] Total compute_uq: 567.04 ms
    [TIMING] UQ Calculation (Proximity_Method_A): 1.4051 s
[TIMING] Random Forest fit/check: 0.01 ms
[TIMING] OOB/In-bag index reconstruction: 189.41 ms
[TIMING] Leaf weights & density precomputation: 812.32 ms
[TIMING] Transfer structures to backend: 0.01 ms
[TIMING] Total fit: 1001.75 ms
[TIMING] Test leaf ID extraction: 45.89 ms
[TIMING] Proximity matrix accumulation: 955.37 ms
[TIMING] Neighbor sorting & quantiles: 41.18 ms
[TIMING] Total compute_uq: 1043.15 ms
    [TIMING] UQ Calculation (Proximity_Method_B): 2.0483 s
[TIMING] Random Forest fit/check: 0.00 ms
[TIMING] OOB/In-bag index reconstruction: 186.29 ms
[TIMING] Leaf weights & density precomputation: 856.91 ms
[TIMING] Transfer structures to backend: 0.02 ms
[TIMING] Total fit: 1043.22 ms
[TIMING] Test leaf ID extraction: 45.84 ms
[TIMING] Proximity matrix accumulation: 602.24 ms
[TIMING] Neighbor sorting & quantiles: 18.12 ms
[TIMING] Total compute_uq: 666.44 ms
[DEBUG DENSITY] mean walked density = 65.2454, min = 58.9384, max = 72.1471
    [TIMING] UQ Calculation (Proximity_Method_C): 1.7122 s
[TIMING] Random Forest fit/check: 0.00 ms
[TIMING] OOB/In-bag index reconstruction: 188.46 ms
[TIMING] Leaf weights & density precomputation: 768.28 ms
[TIMING] Transfer structures to backend: 0.02 ms
[TIMING] Total fit: 956.76 ms
[TIMING] Test leaf ID extraction: 146.35 ms
[TIMING] Proximity matrix accumulation: 1220.63 ms
[TIMING] Neighbor sorting & quantiles: 62.41 ms
[TIMING] Total compute_uq: 1431.25 ms
[DEBUG DENSITY] mean walked density = 65.2454, min = 58.9384, max = 72.1471
    [TIMING] UQ Calculation (Proximity_Method_B_C): 2.4096 s
    [TIMING] Metrics Calculation: 1.6307 s
    [TIMING] Total Single Evaluation: 11.1239 s

  >>> Starting: Function=abs_sin, Seed=0
    [TIMING] Data Generation: 0.0019 s
    [TIMING] Random Forest Fitting: 1.2593 s
    [TIMING] RF Predicting: 0.1500 s
    [TIMING] Base Aleatoric: 0.1795 s
[TIMING] Random Forest fit/check: 0.00 ms
[TIMING] OOB/In-bag index reconstruction: 521.95 ms
[TIMING] Leaf weights & density precomputation: 377.20 ms
[TIMING] Transfer structures to backend: 0.02 ms
[TIMING] Total fit: 899.17 ms
[TIMING] Test leaf ID extraction: 197.30 ms
[TIMING] Proximity matrix accumulation: 332.49 ms
[TIMING] Neighbor sorting & quantiles: 71.83 ms
[TIMING] Total compute_uq: 603.38 ms
    [TIMING] UQ Calculation (Proximity_Baseline): 1.5039 s
[TIMING] Random Forest fit/check: 0.00 ms
[TIMING] OOB/In-bag index reconstruction: 561.21 ms
[TIMING] Leaf weights & density precomputation: 791.65 ms
[TIMING] Transfer structures to backend: 0.02 ms
[TIMING] Total fit: 1352.88 ms
[TIMING] Test leaf ID extraction: 45.10 ms
[TIMING] Proximity matrix accumulation: 427.99 ms
[TIMING] Neighbor sorting & quantiles: 16.02 ms
[TIMING] Total compute_uq: 489.36 ms
    [TIMING] UQ Calculation (Proximity_Method_A): 1.8426 s
[TIMING] Random Forest fit/check: 0.00 ms
[TIMING] OOB/In-bag index reconstruction: 270.44 ms
[TIMING] Leaf weights & density precomputation: 447.85 ms
[TIMING] Transfer structures to backend: 0.02 ms
[TIMING] Total fit: 718.32 ms
[TIMING] Test leaf ID extraction: 57.49 ms
[TIMING] Proximity matrix accumulation: 461.19 ms
[TIMING] Neighbor sorting & quantiles: 11.64 ms
[TIMING] Total compute_uq: 530.62 ms
    [TIMING] UQ Calculation (Proximity_Method_B): 1.2506 s
[TIMING] Random Forest fit/check: 0.00 ms
[TIMING] OOB/In-bag index reconstruction: 259.72 ms
[TIMING] Leaf weights & density precomputation: 800.22 ms
[TIMING] Transfer structures to backend: 0.02 ms
[TIMING] Total fit: 1059.96 ms
[TIMING] Test leaf ID extraction: 35.74 ms
[TIMING] Proximity matrix accumulation: 620.97 ms
[TIMING] Neighbor sorting & quantiles: 18.82 ms
[TIMING] Total compute_uq: 675.80 ms
[DEBUG DENSITY] mean walked density = 62.2432, min = 47.1268, max = 79.1854
    [TIMING] UQ Calculation (Proximity_Method_C): 1.7386 s
[TIMING] Random Forest fit/check: 0.00 ms
[TIMING] OOB/In-bag index reconstruction: 200.49 ms
[TIMING] Leaf weights & density precomputation: 868.02 ms
[TIMING] Transfer structures to backend: 0.01 ms
[TIMING] Total fit: 1068.53 ms
[TIMING] Test leaf ID extraction: 46.22 ms
[TIMING] Proximity matrix accumulation: 1193.37 ms
[TIMING] Neighbor sorting & quantiles: 42.19 ms
[TIMING] Total compute_uq: 1283.31 ms
[DEBUG DENSITY] mean walked density = 62.2432, min = 47.1268, max = 79.1854
    [TIMING] UQ Calculation (Proximity_Method_B_C): 2.3627 s
    [TIMING] Metrics Calculation: 0.0666 s
    [TIMING] Total Single Evaluation: 10.3562 s

  >>> Starting: Function=sin_cos_sin, Seed=0
    [TIMING] Data Generation: 0.0022 s
    [TIMING] Random Forest Fitting: 0.5152 s
    [TIMING] RF Predicting: 0.0423 s
    [TIMING] Base Aleatoric: 0.0606 s
[TIMING] Random Forest fit/check: 0.00 ms
[TIMING] OOB/In-bag index reconstruction: 202.03 ms
[TIMING] Leaf weights & density precomputation: 84.78 ms
[TIMING] Transfer structures to backend: 0.02 ms
[TIMING] Total fit: 286.83 ms
[TIMING] Test leaf ID extraction: 44.94 ms
[TIMING] Proximity matrix accumulation: 285.86 ms
[TIMING] Neighbor sorting & quantiles: 27.93 ms
[TIMING] Total compute_uq: 358.98 ms
    [TIMING] UQ Calculation (Proximity_Baseline): 0.6463 s
[TIMING] Random Forest fit/check: 0.00 ms
[TIMING] OOB/In-bag index reconstruction: 208.58 ms
[TIMING] Leaf weights & density precomputation: 884.71 ms
[TIMING] Transfer structures to backend: 0.01 ms
[TIMING] Total fit: 1093.30 ms
[TIMING] Test leaf ID extraction: 46.33 ms
[TIMING] Proximity matrix accumulation: 1575.21 ms
[TIMING] Neighbor sorting & quantiles: 52.11 ms
[TIMING] Total compute_uq: 1675.77 ms
    [TIMING] UQ Calculation (Proximity_Method_A): 2.7718 s
[TIMING] Random Forest fit/check: 0.01 ms
[TIMING] OOB/In-bag index reconstruction: 222.58 ms
[TIMING] Leaf weights & density precomputation: 564.79 ms
[TIMING] Transfer structures to backend: 0.02 ms
[TIMING] Total fit: 787.39 ms
[TIMING] Test leaf ID extraction: 45.55 ms
[TIMING] Proximity matrix accumulation: 939.15 ms
[TIMING] Neighbor sorting & quantiles: 19.77 ms
[TIMING] Total compute_uq: 1004.74 ms
    [TIMING] UQ Calculation (Proximity_Method_B): 1.7956 s
[TIMING] Random Forest fit/check: 0.00 ms
[TIMING] OOB/In-bag index reconstruction: 187.75 ms
[TIMING] Leaf weights & density precomputation: 885.23 ms
[TIMING] Transfer structures to backend: 0.02 ms
[TIMING] Total fit: 1073.00 ms
[TIMING] Test leaf ID extraction: 45.67 ms
[TIMING] Proximity matrix accumulation: 1955.98 ms
[TIMING] Neighbor sorting & quantiles: 52.17 ms
[TIMING] Total compute_uq: 2055.80 ms
[DEBUG DENSITY] mean walked density = 62.1735, min = 49.7603, max = 72.8537
    [TIMING] UQ Calculation (Proximity_Method_C): 3.1398 s
[TIMING] Random Forest fit/check: 0.00 ms
[TIMING] OOB/In-bag index reconstruction: 188.79 ms
[TIMING] Leaf weights & density precomputation: 728.32 ms
[TIMING] Transfer structures to backend: 0.02 ms
[TIMING] Total fit: 917.13 ms
[TIMING] Test leaf ID extraction: 45.95 ms
[TIMING] Proximity matrix accumulation: 1111.63 ms
[TIMING] Neighbor sorting & quantiles: 12.92 ms
[TIMING] Total compute_uq: 1170.78 ms
[DEBUG DENSITY] mean walked density = 62.1735, min = 49.7603, max = 72.8537
    [TIMING] UQ Calculation (Proximity_Method_B_C): 2.0894 s
    [TIMING] Metrics Calculation: 0.0929 s
    [TIMING] Total Single Evaluation: 11.1564 s

  >>> Starting: Function=quadratic_3d, Seed=0
    [TIMING] Data Generation: 0.0025 s
    [TIMING] Random Forest Fitting: 0.5181 s
    [TIMING] RF Predicting: 0.0429 s
    [TIMING] Base Aleatoric: 0.0536 s
[TIMING] Random Forest fit/check: 0.00 ms
[TIMING] OOB/In-bag index reconstruction: 189.88 ms
[TIMING] Leaf weights & density precomputation: 754.22 ms
[TIMING] Transfer structures to backend: 0.03 ms
[TIMING] Total fit: 944.13 ms
[TIMING] Test leaf ID extraction: 46.50 ms
[TIMING] Proximity matrix accumulation: 525.58 ms
[TIMING] Neighbor sorting & quantiles: 52.68 ms
[TIMING] Total compute_uq: 626.84 ms
    [TIMING] UQ Calculation (Proximity_Baseline): 1.5736 s
[TIMING] Random Forest fit/check: 0.00 ms
[TIMING] OOB/In-bag index reconstruction: 194.76 ms
[TIMING] Leaf weights & density precomputation: 648.00 ms
[TIMING] Transfer structures to backend: 0.02 ms
[TIMING] Total fit: 842.77 ms
[TIMING] Test leaf ID extraction: 45.13 ms
[TIMING] Proximity matrix accumulation: 700.84 ms
[TIMING] Neighbor sorting & quantiles: 22.46 ms
[TIMING] Total compute_uq: 768.73 ms
    [TIMING] UQ Calculation (Proximity_Method_A): 1.6120 s
[TIMING] Random Forest fit/check: 0.00 ms
[TIMING] OOB/In-bag index reconstruction: 184.13 ms
[TIMING] Leaf weights & density precomputation: 375.42 ms
[TIMING] Transfer structures to backend: 0.02 ms
[TIMING] Total fit: 559.57 ms
[TIMING] Test leaf ID extraction: 35.04 ms
[TIMING] Proximity matrix accumulation: 825.01 ms
[TIMING] Neighbor sorting & quantiles: 13.30 ms
[TIMING] Total compute_uq: 873.61 ms
    [TIMING] UQ Calculation (Proximity_Method_B): 1.4343 s
[TIMING] Random Forest fit/check: 0.00 ms
[TIMING] OOB/In-bag index reconstruction: 203.86 ms
[TIMING] Leaf weights & density precomputation: 823.57 ms
[TIMING] Transfer structures to backend: 0.02 ms
[TIMING] Total fit: 1027.45 ms
[TIMING] Test leaf ID extraction: 46.32 ms
[TIMING] Proximity matrix accumulation: 1115.23 ms
[TIMING] Neighbor sorting & quantiles: 26.09 ms
[TIMING] Total compute_uq: 1187.90 ms
[DEBUG DENSITY] mean walked density = 63.9880, min = 57.3274, max = 70.4524
    [TIMING] UQ Calculation (Proximity_Method_C): 2.2167 s
[TIMING] Random Forest fit/check: 0.00 ms
[TIMING] OOB/In-bag index reconstruction: 188.86 ms
[TIMING] Leaf weights & density precomputation: 885.95 ms
[TIMING] Transfer structures to backend: 0.02 ms
[TIMING] Total fit: 1074.84 ms
[TIMING] Test leaf ID extraction: 45.46 ms
[TIMING] Proximity matrix accumulation: 1935.58 ms
[TIMING] Neighbor sorting & quantiles: 48.93 ms
[TIMING] Total compute_uq: 2032.13 ms
[DEBUG DENSITY] mean walked density = 63.9880, min = 57.3274, max = 70.4524
    [TIMING] UQ Calculation (Proximity_Method_B_C): 3.1179 s
    [TIMING] Metrics Calculation: 0.0837 s
    [TIMING] Total Single Evaluation: 10.6558 s

  >>> Starting: Function=sin_sum_3d, Seed=0
    [TIMING] Data Generation: 0.0020 s
    [TIMING] Random Forest Fitting: 0.4757 s
    [TIMING] RF Predicting: 0.0432 s
    [TIMING] Base Aleatoric: 0.0530 s
[TIMING] Random Forest fit/check: 0.00 ms
[TIMING] OOB/In-bag index reconstruction: 191.15 ms
[TIMING] Leaf weights & density precomputation: 91.82 ms
[TIMING] Transfer structures to backend: 0.02 ms
[TIMING] Total fit: 282.99 ms
[TIMING] Test leaf ID extraction: 46.56 ms
[TIMING] Proximity matrix accumulation: 525.36 ms
[TIMING] Neighbor sorting & quantiles: 52.90 ms
[TIMING] Total compute_uq: 625.19 ms
    [TIMING] UQ Calculation (Proximity_Baseline): 0.9108 s
[TIMING] Random Forest fit/check: 0.00 ms
[TIMING] OOB/In-bag index reconstruction: 190.06 ms
[TIMING] Leaf weights & density precomputation: 879.64 ms
[TIMING] Transfer structures to backend: 0.02 ms
[TIMING] Total fit: 1069.71 ms
[TIMING] Test leaf ID extraction: 35.56 ms
[TIMING] Proximity matrix accumulation: 1571.22 ms
[TIMING] Neighbor sorting & quantiles: 48.84 ms
[TIMING] Total compute_uq: 1657.96 ms
    [TIMING] UQ Calculation (Proximity_Method_A): 2.7305 s
[TIMING] Random Forest fit/check: 0.00 ms
[TIMING] OOB/In-bag index reconstruction: 189.69 ms
[TIMING] Leaf weights & density precomputation: 363.90 ms
[TIMING] Transfer structures to backend: 0.02 ms
[TIMING] Total fit: 553.61 ms
[TIMING] Test leaf ID extraction: 45.56 ms
[TIMING] Proximity matrix accumulation: 1361.34 ms
[TIMING] Neighbor sorting & quantiles: 39.35 ms
[TIMING] Total compute_uq: 1446.54 ms
    [TIMING] UQ Calculation (Proximity_Method_B): 2.0037 s
[TIMING] Random Forest fit/check: 0.01 ms
[TIMING] OOB/In-bag index reconstruction: 192.06 ms
[TIMING] Leaf weights & density precomputation: 888.53 ms
[TIMING] Transfer structures to backend: 0.02 ms
[TIMING] Total fit: 1080.62 ms
[TIMING] Test leaf ID extraction: 45.21 ms
[TIMING] Proximity matrix accumulation: 1953.92 ms
[TIMING] Neighbor sorting & quantiles: 51.99 ms
[TIMING] Total compute_uq: 2053.50 ms
[DEBUG DENSITY] mean walked density = 63.8492, min = 54.8989, max = 70.3646
    [TIMING] UQ Calculation (Proximity_Method_C): 3.1451 s
[TIMING] Random Forest fit/check: 0.00 ms
[TIMING] OOB/In-bag index reconstruction: 189.30 ms
[TIMING] Leaf weights & density precomputation: 348.40 ms
[TIMING] Transfer structures to backend: 0.02 ms
[TIMING] Total fit: 537.72 ms
[TIMING] Test leaf ID extraction: 34.34 ms
[TIMING] Proximity matrix accumulation: 1346.91 ms
[TIMING] Neighbor sorting & quantiles: 32.38 ms
[TIMING] Total compute_uq: 1413.92 ms
[DEBUG DENSITY] mean walked density = 63.8492, min = 54.8989, max = 70.3646
    [TIMING] UQ Calculation (Proximity_Method_B_C): 1.9626 s
    [TIMING] Metrics Calculation: 0.1040 s
    [TIMING] Total Single Evaluation: 11.4309 s

  >>> Starting: Function=gaussian_3d, Seed=0
    [TIMING] Data Generation: 0.0019 s
    [TIMING] Random Forest Fitting: 0.4638 s
    [TIMING] RF Predicting: 0.0426 s
    [TIMING] Base Aleatoric: 0.0537 s
[TIMING] Random Forest fit/check: 0.00 ms
[TIMING] OOB/In-bag index reconstruction: 190.11 ms
[TIMING] Leaf weights & density precomputation: 759.51 ms
[TIMING] Transfer structures to backend: 0.03 ms
[TIMING] Total fit: 949.65 ms
[TIMING] Test leaf ID extraction: 35.58 ms
[TIMING] Proximity matrix accumulation: 525.14 ms
[TIMING] Neighbor sorting & quantiles: 50.14 ms
[TIMING] Total compute_uq: 611.26 ms
    [TIMING] UQ Calculation (Proximity_Baseline): 1.5613 s
[TIMING] Random Forest fit/check: 0.00 ms
[TIMING] OOB/In-bag index reconstruction: 178.36 ms
[TIMING] Leaf weights & density precomputation: 491.41 ms
[TIMING] Transfer structures to backend: 0.02 ms
[TIMING] Total fit: 669.79 ms
[TIMING] Test leaf ID extraction: 45.40 ms
[TIMING] Proximity matrix accumulation: 702.33 ms
[TIMING] Neighbor sorting & quantiles: 22.49 ms
[TIMING] Total compute_uq: 770.52 ms
    [TIMING] UQ Calculation (Proximity_Method_A): 1.4407 s
[TIMING] Random Forest fit/check: 0.00 ms
[TIMING] OOB/In-bag index reconstruction: 214.39 ms
[TIMING] Leaf weights & density precomputation: 351.47 ms
[TIMING] Transfer structures to backend: 0.02 ms
[TIMING] Total fit: 565.88 ms
[TIMING] Test leaf ID extraction: 44.96 ms
[TIMING] Proximity matrix accumulation: 703.36 ms
[TIMING] Neighbor sorting & quantiles: 11.23 ms
[TIMING] Total compute_uq: 759.82 ms
    [TIMING] UQ Calculation (Proximity_Method_B): 1.3269 s
[TIMING] Random Forest fit/check: 0.00 ms
[TIMING] OOB/In-bag index reconstruction: 190.21 ms
[TIMING] Leaf weights & density precomputation: 512.45 ms
[TIMING] Transfer structures to backend: 0.02 ms
[TIMING] Total fit: 702.68 ms
[TIMING] Test leaf ID extraction: 45.06 ms
[TIMING] Proximity matrix accumulation: 1940.18 ms
[TIMING] Neighbor sorting & quantiles: 52.12 ms
[TIMING] Total compute_uq: 2038.35 ms
[DEBUG DENSITY] mean walked density = 64.0482, min = 54.1240, max = 70.7415
    [TIMING] UQ Calculation (Proximity_Method_C): 2.7520 s
[TIMING] Random Forest fit/check: 0.01 ms
[TIMING] OOB/In-bag index reconstruction: 257.74 ms
[TIMING] Leaf weights & density precomputation: 387.95 ms
[TIMING] Transfer structures to backend: 0.02 ms
[TIMING] Total fit: 645.71 ms
[TIMING] Test leaf ID extraction: 45.27 ms
[TIMING] Proximity matrix accumulation: 1754.42 ms
[TIMING] Neighbor sorting & quantiles: 50.75 ms
[TIMING] Total compute_uq: 1850.73 ms
[DEBUG DENSITY] mean walked density = 64.0482, min = 54.1240, max = 70.7415
    [TIMING] UQ Calculation (Proximity_Method_B_C): 2.5072 s
    [TIMING] Metrics Calculation: 0.1025 s
    [TIMING] Total Single Evaluation: 10.2531 s

  >>> Starting: Function=sin_exp_cos, Seed=0
    [TIMING] Data Generation: 0.0031 s
    [TIMING] Random Forest Fitting: 0.5219 s
    [TIMING] RF Predicting: 0.0432 s
    [TIMING] Base Aleatoric: 0.0536 s
[TIMING] Random Forest fit/check: 0.00 ms
[TIMING] OOB/In-bag index reconstruction: 189.37 ms
[TIMING] Leaf weights & density precomputation: 769.39 ms
[TIMING] Transfer structures to backend: 0.03 ms
[TIMING] Total fit: 958.79 ms
[TIMING] Test leaf ID extraction: 46.06 ms
[TIMING] Proximity matrix accumulation: 527.63 ms
[TIMING] Neighbor sorting & quantiles: 52.87 ms
[TIMING] Total compute_uq: 626.97 ms
    [TIMING] UQ Calculation (Proximity_Baseline): 1.5883 s
[TIMING] Random Forest fit/check: 0.00 ms
[TIMING] OOB/In-bag index reconstruction: 189.16 ms
[TIMING] Leaf weights & density precomputation: 486.25 ms
[TIMING] Transfer structures to backend: 0.02 ms
[TIMING] Total fit: 675.43 ms
[TIMING] Test leaf ID extraction: 46.05 ms
[TIMING] Proximity matrix accumulation: 960.43 ms
[TIMING] Neighbor sorting & quantiles: 31.31 ms
[TIMING] Total compute_uq: 1038.05 ms
    [TIMING] UQ Calculation (Proximity_Method_A): 1.7164 s
[TIMING] Random Forest fit/check: 0.00 ms
[TIMING] OOB/In-bag index reconstruction: 192.19 ms
[TIMING] Leaf weights & density precomputation: 877.19 ms
[TIMING] Transfer structures to backend: 0.02 ms
[TIMING] Total fit: 1069.41 ms
[TIMING] Test leaf ID extraction: 37.36 ms
[TIMING] Proximity matrix accumulation: 1578.06 ms
[TIMING] Neighbor sorting & quantiles: 48.78 ms
[TIMING] Total compute_uq: 1665.79 ms
    [TIMING] UQ Calculation (Proximity_Method_B): 2.7391 s
[TIMING] Random Forest fit/check: 0.00 ms
[TIMING] OOB/In-bag index reconstruction: 191.54 ms
[TIMING] Leaf weights & density precomputation: 885.75 ms
[TIMING] Transfer structures to backend: 0.02 ms
[TIMING] Total fit: 1077.31 ms
[TIMING] Test leaf ID extraction: 35.37 ms
[TIMING] Proximity matrix accumulation: 1349.05 ms
[TIMING] Neighbor sorting & quantiles: 34.63 ms
[TIMING] Total compute_uq: 1420.90 ms
[DEBUG DENSITY] mean walked density = 64.9158, min = 49.8334, max = 75.8639
    [TIMING] UQ Calculation (Proximity_Method_C): 2.5008 s
[TIMING] Random Forest fit/check: 0.00 ms
[TIMING] OOB/In-bag index reconstruction: 190.67 ms
[TIMING] Leaf weights & density precomputation: 631.91 ms
[TIMING] Transfer structures to backend: 0.02 ms
[TIMING] Total fit: 822.60 ms
[TIMING] Test leaf ID extraction: 46.38 ms
[TIMING] Proximity matrix accumulation: 1943.61 ms
[TIMING] Neighbor sorting & quantiles: 50.92 ms
[TIMING] Total compute_uq: 2042.22 ms
[DEBUG DENSITY] mean walked density = 64.9158, min = 49.8334, max = 75.8639
    [TIMING] UQ Calculation (Proximity_Method_B_C): 2.8757 s
    [TIMING] Metrics Calculation: 0.0779 s
    [TIMING] Total Single Evaluation: 12.1204 s

  >>> Starting: Function=sin_cos_4d, Seed=0
    [TIMING] Data Generation: 0.0035 s
    [TIMING] Random Forest Fitting: 0.9676 s
    [TIMING] RF Predicting: 0.0543 s
    [TIMING] Base Aleatoric: 0.0644 s
[TIMING] Random Forest fit/check: 0.00 ms
[TIMING] OOB/In-bag index reconstruction: 229.27 ms
[TIMING] Leaf weights & density precomputation: 782.66 ms
[TIMING] Transfer structures to backend: 0.02 ms
[TIMING] Total fit: 1011.96 ms
[TIMING] Test leaf ID extraction: 59.35 ms
[TIMING] Proximity matrix accumulation: 685.48 ms
[TIMING] Neighbor sorting & quantiles: 56.30 ms
[TIMING] Total compute_uq: 802.45 ms
    [TIMING] UQ Calculation (Proximity_Baseline): 1.8149 s
[TIMING] Random Forest fit/check: 0.00 ms
[TIMING] OOB/In-bag index reconstruction: 218.85 ms
[TIMING] Leaf weights & density precomputation: 686.39 ms
[TIMING] Transfer structures to backend: 0.04 ms
[TIMING] Total fit: 905.29 ms
[TIMING] Test leaf ID extraction: 57.03 ms
[TIMING] Proximity matrix accumulation: 2826.58 ms
[TIMING] Neighbor sorting & quantiles: 96.03 ms
[TIMING] Total compute_uq: 2981.36 ms
    [TIMING] UQ Calculation (Proximity_Method_A): 3.8895 s
[TIMING] Random Forest fit/check: 0.01 ms
[TIMING] OOB/In-bag index reconstruction: 203.39 ms
[TIMING] Leaf weights & density precomputation: 935.28 ms
[TIMING] Transfer structures to backend: 0.02 ms
[TIMING] Total fit: 1138.69 ms
[TIMING] Test leaf ID extraction: 47.85 ms
[TIMING] Proximity matrix accumulation: 2458.13 ms
[TIMING] Neighbor sorting & quantiles: 46.08 ms
[TIMING] Total compute_uq: 2553.88 ms
    [TIMING] UQ Calculation (Proximity_Method_B): 3.6938 s
[TIMING] Random Forest fit/check: 0.00 ms
[TIMING] OOB/In-bag index reconstruction: 210.90 ms
[TIMING] Leaf weights & density precomputation: 416.32 ms
[TIMING] Transfer structures to backend: 0.02 ms
[TIMING] Total fit: 627.23 ms
[TIMING] Test leaf ID extraction: 35.57 ms
[TIMING] Proximity matrix accumulation: 1680.53 ms
[TIMING] Neighbor sorting & quantiles: 42.38 ms
[TIMING] Total compute_uq: 1758.78 ms
[DEBUG DENSITY] mean walked density = 64.1310, min = 56.4605, max = 69.6851
    [TIMING] UQ Calculation (Proximity_Method_C): 2.3884 s
[TIMING] Random Forest fit/check: 0.00 ms
[TIMING] OOB/In-bag index reconstruction: 205.88 ms
[TIMING] Leaf weights & density precomputation: 927.83 ms
[TIMING] Transfer structures to backend: 0.02 ms
[TIMING] Total fit: 1133.73 ms
[TIMING] Test leaf ID extraction: 35.55 ms
[TIMING] Proximity matrix accumulation: 2518.00 ms
[TIMING] Neighbor sorting & quantiles: 44.87 ms
[TIMING] Total compute_uq: 2600.00 ms
[DEBUG DENSITY] mean walked density = 64.1310, min = 56.4605, max = 69.6851
    [TIMING] UQ Calculation (Proximity_Method_B_C): 3.7447 s
    [TIMING] Metrics Calculation: 0.0896 s
    [TIMING] Total Single Evaluation: 16.7111 s

  >>> Starting: Function=quadratic_4d, Seed=0
    [TIMING] Data Generation: 0.0029 s
    [TIMING] Random Forest Fitting: 0.7029 s
    [TIMING] RF Predicting: 0.0429 s
    [TIMING] Base Aleatoric: 0.0555 s
[TIMING] Random Forest fit/check: 0.00 ms
[TIMING] OOB/In-bag index reconstruction: 191.94 ms
[TIMING] Leaf weights & density precomputation: 759.07 ms
[TIMING] Transfer structures to backend: 0.03 ms
[TIMING] Total fit: 951.04 ms
[TIMING] Test leaf ID extraction: 46.84 ms
[TIMING] Proximity matrix accumulation: 1036.57 ms
[TIMING] Neighbor sorting & quantiles: 96.40 ms
[TIMING] Total compute_uq: 1181.59 ms
    [TIMING] UQ Calculation (Proximity_Baseline): 2.1352 s
[TIMING] Random Forest fit/check: 0.00 ms
[TIMING] OOB/In-bag index reconstruction: 181.58 ms
[TIMING] Leaf weights & density precomputation: 437.83 ms
[TIMING] Transfer structures to backend: 0.02 ms
[TIMING] Total fit: 619.43 ms
[TIMING] Test leaf ID extraction: 46.00 ms
[TIMING] Proximity matrix accumulation: 2135.70 ms
[TIMING] Neighbor sorting & quantiles: 77.51 ms
[TIMING] Total compute_uq: 2259.51 ms
    [TIMING] UQ Calculation (Proximity_Method_A): 2.8817 s
[TIMING] Random Forest fit/check: 0.00 ms
[TIMING] OOB/In-bag index reconstruction: 191.88 ms
[TIMING] Leaf weights & density precomputation: 920.91 ms
[TIMING] Transfer structures to backend: 0.02 ms
[TIMING] Total fit: 1112.81 ms
[TIMING] Test leaf ID extraction: 46.63 ms
[TIMING] Proximity matrix accumulation: 2821.88 ms
[TIMING] Neighbor sorting & quantiles: 65.07 ms
[TIMING] Total compute_uq: 2934.65 ms
    [TIMING] UQ Calculation (Proximity_Method_B): 4.0509 s
[TIMING] Random Forest fit/check: 0.00 ms
[TIMING] OOB/In-bag index reconstruction: 191.15 ms
[TIMING] Leaf weights & density precomputation: 402.81 ms
[TIMING] Transfer structures to backend: 0.02 ms
[TIMING] Total fit: 593.97 ms
[TIMING] Test leaf ID extraction: 45.59 ms
[TIMING] Proximity matrix accumulation: 3282.59 ms
[TIMING] Neighbor sorting & quantiles: 96.17 ms
[TIMING] Total compute_uq: 3424.85 ms
[DEBUG DENSITY] mean walked density = 64.1865, min = 53.0437, max = 69.7379
    [TIMING] UQ Calculation (Proximity_Method_C): 4.0299 s
[TIMING] Random Forest fit/check: 0.00 ms
[TIMING] OOB/In-bag index reconstruction: 190.91 ms
[TIMING] Leaf weights & density precomputation: 931.66 ms
[TIMING] Transfer structures to backend: 0.02 ms
[TIMING] Total fit: 1122.59 ms
[TIMING] Test leaf ID extraction: 47.77 ms
[TIMING] Proximity matrix accumulation: 3224.46 ms
[TIMING] Neighbor sorting & quantiles: 56.58 ms
[TIMING] Total compute_uq: 3330.84 ms
[DEBUG DENSITY] mean walked density = 64.1865, min = 53.0437, max = 69.7379
    [TIMING] UQ Calculation (Proximity_Method_B_C): 4.4558 s
    [TIMING] Metrics Calculation: 0.0889 s
    [TIMING] Total Single Evaluation: 18.4472 s

  >>> Starting: Function=sin_sum_4d, Seed=0
    [TIMING] Data Generation: 0.0030 s
    [TIMING] Random Forest Fitting: 0.7676 s
    [TIMING] RF Predicting: 0.0427 s
    [TIMING] Base Aleatoric: 0.0555 s
[TIMING] Random Forest fit/check: 0.00 ms
[TIMING] OOB/In-bag index reconstruction: 194.46 ms
[TIMING] Leaf weights & density precomputation: 774.11 ms
[TIMING] Transfer structures to backend: 0.03 ms
[TIMING] Total fit: 968.60 ms
[TIMING] Test leaf ID extraction: 46.78 ms
[TIMING] Proximity matrix accumulation: 1036.03 ms
[TIMING] Neighbor sorting & quantiles: 97.42 ms
[TIMING] Total compute_uq: 1182.13 ms
    [TIMING] UQ Calculation (Proximity_Baseline): 2.1533 s
[TIMING] Random Forest fit/check: 0.00 ms
[TIMING] OOB/In-bag index reconstruction: 192.68 ms
[TIMING] Leaf weights & density precomputation: 929.21 ms
[TIMING] Transfer structures to backend: 0.02 ms
[TIMING] Total fit: 1121.90 ms
[TIMING] Test leaf ID extraction: 46.56 ms
[TIMING] Proximity matrix accumulation: 2225.08 ms
[TIMING] Neighbor sorting & quantiles: 68.70 ms
[TIMING] Total compute_uq: 2342.23 ms
    [TIMING] UQ Calculation (Proximity_Method_A): 3.4646 s
[TIMING] Random Forest fit/check: 0.00 ms
[TIMING] OOB/In-bag index reconstruction: 192.76 ms
[TIMING] Leaf weights & density precomputation: 397.43 ms
[TIMING] Transfer structures to backend: 0.04 ms
[TIMING] Total fit: 590.23 ms
[TIMING] Test leaf ID extraction: 57.38 ms
[TIMING] Proximity matrix accumulation: 1386.95 ms
[TIMING] Neighbor sorting & quantiles: 16.06 ms
[TIMING] Total compute_uq: 1460.67 ms
    [TIMING] UQ Calculation (Proximity_Method_B): 2.0525 s
[TIMING] Random Forest fit/check: 0.01 ms
[TIMING] OOB/In-bag index reconstruction: 192.16 ms
[TIMING] Leaf weights & density precomputation: 929.48 ms
[TIMING] Transfer structures to backend: 0.02 ms
[TIMING] Total fit: 1121.66 ms
[TIMING] Test leaf ID extraction: 46.25 ms
[TIMING] Proximity matrix accumulation: 2530.89 ms
[TIMING] Neighbor sorting & quantiles: 69.77 ms
[TIMING] Total compute_uq: 2648.23 ms
[DEBUG DENSITY] mean walked density = 64.1983, min = 50.5674, max = 70.5823
    [TIMING] UQ Calculation (Proximity_Method_C): 3.7810 s
[TIMING] Random Forest fit/check: 0.00 ms
[TIMING] OOB/In-bag index reconstruction: 201.99 ms
[TIMING] Leaf weights & density precomputation: 934.58 ms
[TIMING] Transfer structures to backend: 0.03 ms
[TIMING] Total fit: 1136.59 ms
[TIMING] Test leaf ID extraction: 46.26 ms
[TIMING] Proximity matrix accumulation: 3510.46 ms
[TIMING] Neighbor sorting & quantiles: 69.51 ms
[TIMING] Total compute_uq: 3628.08 ms
[DEBUG DENSITY] mean walked density = 64.1983, min = 50.5674, max = 70.5823
    [TIMING] UQ Calculation (Proximity_Method_B_C): 4.7756 s
    [TIMING] Metrics Calculation: 0.1459 s
    [TIMING] Total Single Evaluation: 17.2422 s

  >>> Starting: Function=sin_cos_5d, Seed=0
    [TIMING] Data Generation: 0.0069 s
    [TIMING] Random Forest Fitting: 1.2640 s
    [TIMING] RF Predicting: 0.0431 s
    [TIMING] Base Aleatoric: 0.0592 s
[TIMING] Random Forest fit/check: 0.00 ms
[TIMING] OOB/In-bag index reconstruction: 229.82 ms
[TIMING] Leaf weights & density precomputation: 766.28 ms
[TIMING] Transfer structures to backend: 0.02 ms
[TIMING] Total fit: 996.12 ms
[TIMING] Test leaf ID extraction: 47.61 ms
[TIMING] Proximity matrix accumulation: 1689.55 ms
[TIMING] Neighbor sorting & quantiles: 154.96 ms
[TIMING] Total compute_uq: 1893.12 ms
    [TIMING] UQ Calculation (Proximity_Baseline): 2.8918 s
[TIMING] Random Forest fit/check: 0.00 ms
[TIMING] OOB/In-bag index reconstruction: 238.61 ms
[TIMING] Leaf weights & density precomputation: 505.63 ms
[TIMING] Transfer structures to backend: 0.02 ms
[TIMING] Total fit: 744.26 ms
[TIMING] Test leaf ID extraction: 57.37 ms
[TIMING] Proximity matrix accumulation: 3865.64 ms
[TIMING] Neighbor sorting & quantiles: 141.46 ms
[TIMING] Total compute_uq: 4064.78 ms
    [TIMING] UQ Calculation (Proximity_Method_A): 4.8119 s
[TIMING] Random Forest fit/check: 0.00 ms
[TIMING] OOB/In-bag index reconstruction: 230.95 ms
[TIMING] Leaf weights & density precomputation: 991.67 ms
[TIMING] Transfer structures to backend: 0.01 ms
[TIMING] Total fit: 1222.64 ms
[TIMING] Test leaf ID extraction: 46.79 ms
[TIMING] Proximity matrix accumulation: 3573.55 ms
[TIMING] Neighbor sorting & quantiles: 56.63 ms
[TIMING] Total compute_uq: 3678.02 ms
    [TIMING] UQ Calculation (Proximity_Method_B): 4.9019 s
[TIMING] Random Forest fit/check: 0.00 ms
[TIMING] OOB/In-bag index reconstruction: 241.33 ms
[TIMING] Leaf weights & density precomputation: 981.76 ms
[TIMING] Transfer structures to backend: 0.01 ms
[TIMING] Total fit: 1223.11 ms
[TIMING] Test leaf ID extraction: 48.34 ms
[TIMING] Proximity matrix accumulation: 5488.62 ms
[TIMING] Neighbor sorting & quantiles: 160.02 ms
[TIMING] Total compute_uq: 5698.41 ms
[DEBUG DENSITY] mean walked density = 64.1719, min = 60.7747, max = 67.4619
    [TIMING] UQ Calculation (Proximity_Method_C): 6.9325 s
[TIMING] Random Forest fit/check: 0.00 ms
[TIMING] OOB/In-bag index reconstruction: 238.61 ms
[TIMING] Leaf weights & density precomputation: 469.68 ms
[TIMING] Transfer structures to backend: 0.01 ms
[TIMING] Total fit: 708.30 ms
[TIMING] Test leaf ID extraction: 35.60 ms
[TIMING] Proximity matrix accumulation: 2442.49 ms
[TIMING] Neighbor sorting & quantiles: 18.91 ms
[TIMING] Total compute_uq: 2497.31 ms
[DEBUG DENSITY] mean walked density = 64.1719, min = 60.7747, max = 67.4619
    [TIMING] UQ Calculation (Proximity_Method_B_C): 3.2070 s
    [TIMING] Metrics Calculation: 0.0904 s
    [TIMING] Total Single Evaluation: 24.2093 s

  >>> Starting: Function=quadratic_5d, Seed=0
    [TIMING] Data Generation: 0.0045 s
    [TIMING] Random Forest Fitting: 1.0869 s
    [TIMING] RF Predicting: 0.0430 s
    [TIMING] Base Aleatoric: 0.0473 s
[TIMING] Random Forest fit/check: 0.00 ms
[TIMING] OOB/In-bag index reconstruction: 229.20 ms
[TIMING] Leaf weights & density precomputation: 453.98 ms
[TIMING] Transfer structures to backend: 0.02 ms
[TIMING] Total fit: 683.20 ms
[TIMING] Test leaf ID extraction: 186.94 ms
[TIMING] Proximity matrix accumulation: 811.56 ms
[TIMING] Neighbor sorting & quantiles: 72.10 ms
[TIMING] Total compute_uq: 1071.02 ms
    [TIMING] UQ Calculation (Proximity_Baseline): 1.7544 s
[TIMING] Random Forest fit/check: 0.00 ms
[TIMING] OOB/In-bag index reconstruction: 705.06 ms
[TIMING] Leaf weights & density precomputation: 1371.19 ms
[TIMING] Transfer structures to backend: 0.02 ms
[TIMING] Total fit: 2076.27 ms
[TIMING] Test leaf ID extraction: 37.75 ms
[TIMING] Proximity matrix accumulation: 4439.84 ms
[TIMING] Neighbor sorting & quantiles: 160.23 ms
[TIMING] Total compute_uq: 4640.13 ms
    [TIMING] UQ Calculation (Proximity_Method_A): 6.7193 s
[TIMING] Random Forest fit/check: 0.01 ms
[TIMING] OOB/In-bag index reconstruction: 238.90 ms
[TIMING] Leaf weights & density precomputation: 998.49 ms
[TIMING] Transfer structures to backend: 0.04 ms
[TIMING] Total fit: 1237.44 ms
[TIMING] Test leaf ID extraction: 58.29 ms
[TIMING] Proximity matrix accumulation: 3367.63 ms
[TIMING] Neighbor sorting & quantiles: 51.27 ms
[TIMING] Total compute_uq: 3478.43 ms
    [TIMING] UQ Calculation (Proximity_Method_B): 4.7196 s
[TIMING] Random Forest fit/check: 0.01 ms
[TIMING] OOB/In-bag index reconstruction: 238.44 ms
[TIMING] Leaf weights & density precomputation: 987.28 ms
[TIMING] Transfer structures to backend: 0.01 ms
[TIMING] Total fit: 1225.74 ms
[TIMING] Test leaf ID extraction: 57.71 ms
[TIMING] Proximity matrix accumulation: 5489.63 ms
[TIMING] Neighbor sorting & quantiles: 156.15 ms
[TIMING] Total compute_uq: 5704.69 ms
[DEBUG DENSITY] mean walked density = 64.3187, min = 58.1617, max = 69.2587
    [TIMING] UQ Calculation (Proximity_Method_C): 6.9415 s
[TIMING] Random Forest fit/check: 0.00 ms
[TIMING] OOB/In-bag index reconstruction: 228.62 ms
[TIMING] Leaf weights & density precomputation: 494.58 ms
[TIMING] Transfer structures to backend: 0.02 ms
[TIMING] Total fit: 723.22 ms
[TIMING] Test leaf ID extraction: 46.91 ms
[TIMING] Proximity matrix accumulation: 5105.27 ms
[TIMING] Neighbor sorting & quantiles: 90.21 ms
[TIMING] Total compute_uq: 5242.71 ms
[DEBUG DENSITY] mean walked density = 64.3187, min = 58.1617, max = 69.2587
    [TIMING] UQ Calculation (Proximity_Method_B_C): 5.9770 s
    [TIMING] Metrics Calculation: 2.8880 s
    [TIMING] Total Single Evaluation: 30.1822 s

  >>> Starting: Function=gaussian_5d, Seed=0
    [TIMING] Data Generation: 0.0179 s
    [TIMING] Random Forest Fitting: 3.5625 s
    [TIMING] RF Predicting: 0.1819 s
    [TIMING] Base Aleatoric: 0.0691 s
[TIMING] Random Forest fit/check: 0.00 ms
[TIMING] OOB/In-bag index reconstruction: 307.16 ms
[TIMING] Leaf weights & density precomputation: 784.09 ms
[TIMING] Transfer structures to backend: 0.03 ms
[TIMING] Total fit: 1091.29 ms
[TIMING] Test leaf ID extraction: 49.67 ms
[TIMING] Proximity matrix accumulation: 1689.27 ms
[TIMING] Neighbor sorting & quantiles: 161.09 ms
[TIMING] Total compute_uq: 1901.19 ms
    [TIMING] UQ Calculation (Proximity_Baseline): 2.9950 s
[TIMING] Random Forest fit/check: 0.00 ms
[TIMING] OOB/In-bag index reconstruction: 244.26 ms
[TIMING] Leaf weights & density precomputation: 984.72 ms
[TIMING] Transfer structures to backend: 0.02 ms
[TIMING] Total fit: 1229.00 ms
[TIMING] Test leaf ID extraction: 47.02 ms
[TIMING] Proximity matrix accumulation: 2671.19 ms
[TIMING] Neighbor sorting & quantiles: 82.37 ms
[TIMING] Total compute_uq: 2802.99 ms
    [TIMING] UQ Calculation (Proximity_Method_A): 4.0325 s
[TIMING] Random Forest fit/check: 0.01 ms
[TIMING] OOB/In-bag index reconstruction: 266.34 ms
[TIMING] Leaf weights & density precomputation: 474.15 ms
[TIMING] Transfer structures to backend: 0.02 ms
[TIMING] Total fit: 740.52 ms
[TIMING] Test leaf ID extraction: 59.14 ms
[TIMING] Proximity matrix accumulation: 3237.96 ms
[TIMING] Neighbor sorting & quantiles: 56.03 ms
[TIMING] Total compute_uq: 3353.46 ms
    [TIMING] UQ Calculation (Proximity_Method_B): 4.0976 s
[TIMING] Random Forest fit/check: 0.00 ms
[TIMING] OOB/In-bag index reconstruction: 229.28 ms
[TIMING] Leaf weights & density precomputation: 694.83 ms
[TIMING] Transfer structures to backend: 0.02 ms
[TIMING] Total fit: 924.13 ms
[TIMING] Test leaf ID extraction: 46.86 ms
[TIMING] Proximity matrix accumulation: 4686.61 ms
[TIMING] Neighbor sorting & quantiles: 143.39 ms
[TIMING] Total compute_uq: 4877.20 ms
[DEBUG DENSITY] mean walked density = 63.6694, min = 57.2139, max = 70.8356
    [TIMING] UQ Calculation (Proximity_Method_C): 5.8125 s
[TIMING] Random Forest fit/check: 0.00 ms
[TIMING] OOB/In-bag index reconstruction: 229.10 ms
[TIMING] Leaf weights & density precomputation: 998.52 ms
[TIMING] Transfer structures to backend: 0.02 ms
[TIMING] Total fit: 1227.63 ms
[TIMING] Test leaf ID extraction: 47.15 ms
[TIMING] Proximity matrix accumulation: 4509.48 ms
[TIMING] Neighbor sorting & quantiles: 69.55 ms
[TIMING] Total compute_uq: 4628.21 ms
[DEBUG DENSITY] mean walked density = 63.6694, min = 57.2139, max = 70.8356
    [TIMING] UQ Calculation (Proximity_Method_B_C): 5.8669 s
    [TIMING] Metrics Calculation: 0.1354 s
    [TIMING] Total Single Evaluation: 26.7720 s

  >>> Starting: Function=sin_cos_6d, Seed=0
    [TIMING] Data Generation: 0.0106 s
    [TIMING] Random Forest Fitting: 2.3069 s
    [TIMING] RF Predicting: 0.0429 s
    [TIMING] Base Aleatoric: 0.0624 s
[TIMING] Random Forest fit/check: 0.00 ms
[TIMING] OOB/In-bag index reconstruction: 233.50 ms
[TIMING] Leaf weights & density precomputation: 778.31 ms
[TIMING] Transfer structures to backend: 0.03 ms
[TIMING] Total fit: 1011.83 ms
[TIMING] Test leaf ID extraction: 47.59 ms
[TIMING] Proximity matrix accumulation: 1584.00 ms
[TIMING] Neighbor sorting & quantiles: 129.68 ms
[TIMING] Total compute_uq: 1762.34 ms
    [TIMING] UQ Calculation (Proximity_Baseline): 2.7768 s
[TIMING] Random Forest fit/check: 0.00 ms
[TIMING] OOB/In-bag index reconstruction: 231.94 ms
[TIMING] Leaf weights & density precomputation: 1066.93 ms
[TIMING] Transfer structures to backend: 0.02 ms
[TIMING] Total fit: 1298.90 ms
[TIMING] Test leaf ID extraction: 47.19 ms
[TIMING] Proximity matrix accumulation: 6356.79 ms
[TIMING] Neighbor sorting & quantiles: 205.74 ms
[TIMING] Total compute_uq: 6611.02 ms
    [TIMING] UQ Calculation (Proximity_Method_A): 7.9127 s
[TIMING] Random Forest fit/check: 0.00 ms
[TIMING] OOB/In-bag index reconstruction: 232.35 ms
[TIMING] Leaf weights & density precomputation: 1071.15 ms
[TIMING] Transfer structures to backend: 0.02 ms
[TIMING] Total fit: 1303.53 ms
[TIMING] Test leaf ID extraction: 47.70 ms
[TIMING] Proximity matrix accumulation: 5305.64 ms
[TIMING] Neighbor sorting & quantiles: 91.71 ms
[TIMING] Total compute_uq: 5445.40 ms
    [TIMING] UQ Calculation (Proximity_Method_B): 6.7526 s
[TIMING] Random Forest fit/check: 0.00 ms
[TIMING] OOB/In-bag index reconstruction: 230.92 ms
[TIMING] Leaf weights & density precomputation: 1065.60 ms
[TIMING] Transfer structures to backend: 0.02 ms
[TIMING] Total fit: 1296.54 ms
[TIMING] Test leaf ID extraction: 46.97 ms
[TIMING] Proximity matrix accumulation: 5895.81 ms
[TIMING] Neighbor sorting & quantiles: 149.52 ms
[TIMING] Total compute_uq: 6093.84 ms
[DEBUG DENSITY] mean walked density = 63.3067, min = 58.6443, max = 67.0583
    [TIMING] UQ Calculation (Proximity_Method_C): 7.3921 s
[TIMING] Random Forest fit/check: 0.04 ms
[TIMING] OOB/In-bag index reconstruction: 246.47 ms
[TIMING] Leaf weights & density precomputation: 604.68 ms
[TIMING] Transfer structures to backend: 0.01 ms
[TIMING] Total fit: 851.22 ms
[TIMING] Test leaf ID extraction: 47.05 ms
[TIMING] Proximity matrix accumulation: 6465.44 ms
[TIMING] Neighbor sorting & quantiles: 84.26 ms
[TIMING] Total compute_uq: 6597.08 ms
[DEBUG DENSITY] mean walked density = 63.3067, min = 58.6443, max = 67.0583
    [TIMING] UQ Calculation (Proximity_Method_B_C): 7.4593 s
    [TIMING] Metrics Calculation: 0.1139 s
    [TIMING] Total Single Evaluation: 34.8308 s

  >>> Starting: Function=quadratic_6d, Seed=0
    [TIMING] Data Generation: 0.0056 s
    [TIMING] Random Forest Fitting: 1.4972 s
    [TIMING] RF Predicting: 0.0426 s
    [TIMING] Base Aleatoric: 0.0601 s
[TIMING] Random Forest fit/check: 0.00 ms
[TIMING] OOB/In-bag index reconstruction: 230.72 ms
[TIMING] Leaf weights & density precomputation: 783.54 ms
[TIMING] Transfer structures to backend: 0.02 ms
[TIMING] Total fit: 1014.28 ms
[TIMING] Test leaf ID extraction: 48.59 ms
[TIMING] Proximity matrix accumulation: 2059.01 ms
[TIMING] Neighbor sorting & quantiles: 163.22 ms
[TIMING] Total compute_uq: 2273.01 ms
    [TIMING] UQ Calculation (Proximity_Baseline): 3.2878 s
[TIMING] Random Forest fit/check: 0.00 ms
[TIMING] OOB/In-bag index reconstruction: 229.70 ms
[TIMING] Leaf weights & density precomputation: 859.65 ms
[TIMING] Transfer structures to backend: 0.02 ms
[TIMING] Total fit: 1089.37 ms
[TIMING] Test leaf ID extraction: 47.17 ms
[TIMING] Proximity matrix accumulation: 6325.88 ms
[TIMING] Neighbor sorting & quantiles: 220.56 ms
[TIMING] Total compute_uq: 6594.93 ms
    [TIMING] UQ Calculation (Proximity_Method_A): 7.6871 s
[TIMING] Random Forest fit/check: 0.00 ms
[TIMING] OOB/In-bag index reconstruction: 427.13 ms
[TIMING] Leaf weights & density precomputation: 834.28 ms
[TIMING] Transfer structures to backend: 0.02 ms
[TIMING] Total fit: 1261.43 ms
[TIMING] Test leaf ID extraction: 47.02 ms
[TIMING] Proximity matrix accumulation: 5793.05 ms
[TIMING] Neighbor sorting & quantiles: 102.76 ms
[TIMING] Total compute_uq: 5943.20 ms
    [TIMING] UQ Calculation (Proximity_Method_B): 7.2083 s
[TIMING] Random Forest fit/check: 0.00 ms
[TIMING] OOB/In-bag index reconstruction: 231.42 ms
[TIMING] Leaf weights & density precomputation: 1072.04 ms
[TIMING] Transfer structures to backend: 0.02 ms
[TIMING] Total fit: 1303.48 ms
[TIMING] Test leaf ID extraction: 59.25 ms
[TIMING] Proximity matrix accumulation: 6865.37 ms
[TIMING] Neighbor sorting & quantiles: 181.02 ms
[TIMING] Total compute_uq: 7106.19 ms
[DEBUG DENSITY] mean walked density = 63.6041, min = 53.8704, max = 68.4885
    [TIMING] UQ Calculation (Proximity_Method_C): 8.4212 s
[TIMING] Random Forest fit/check: 0.00 ms
[TIMING] OOB/In-bag index reconstruction: 232.42 ms
[TIMING] Leaf weights & density precomputation: 1065.69 ms
[TIMING] Transfer structures to backend: 0.02 ms
[TIMING] Total fit: 1298.13 ms
[TIMING] Test leaf ID extraction: 47.87 ms
[TIMING] Proximity matrix accumulation: 6961.64 ms
[TIMING] Neighbor sorting & quantiles: 90.17 ms
[TIMING] Total compute_uq: 7101.57 ms
[DEBUG DENSITY] mean walked density = 63.6041, min = 53.8704, max = 68.4885
    [TIMING] UQ Calculation (Proximity_Method_B_C): 8.4014 s
    [TIMING] Metrics Calculation: 0.1712 s
    [TIMING] Total Single Evaluation: 36.7833 s

  >>> Starting: Function=friedman_6d, Seed=0
    [TIMING] Data Generation: 0.0090 s
    [TIMING] Random Forest Fitting: 1.5338 s
    [TIMING] RF Predicting: 0.0434 s
    [TIMING] Base Aleatoric: 0.0803 s
[TIMING] Random Forest fit/check: 0.00 ms
[TIMING] OOB/In-bag index reconstruction: 341.31 ms
[TIMING] Leaf weights & density precomputation: 96.89 ms
[TIMING] Transfer structures to backend: 0.02 ms
[TIMING] Total fit: 438.22 ms
[TIMING] Test leaf ID extraction: 110.27 ms
[TIMING] Proximity matrix accumulation: 1090.71 ms
[TIMING] Neighbor sorting & quantiles: 91.20 ms
[TIMING] Total compute_uq: 1292.52 ms
    [TIMING] UQ Calculation (Proximity_Baseline): 1.7310 s
[TIMING] Random Forest fit/check: 0.00 ms
[TIMING] OOB/In-bag index reconstruction: 234.77 ms
[TIMING] Leaf weights & density precomputation: 1048.83 ms
[TIMING] Transfer structures to backend: 0.02 ms
[TIMING] Total fit: 1283.62 ms
[TIMING] Test leaf ID extraction: 46.90 ms
[TIMING] Proximity matrix accumulation: 5312.89 ms
[TIMING] Neighbor sorting & quantiles: 172.19 ms
[TIMING] Total compute_uq: 5533.51 ms
    [TIMING] UQ Calculation (Proximity_Method_A): 6.8200 s
[TIMING] Random Forest fit/check: 0.00 ms
[TIMING] OOB/In-bag index reconstruction: 233.56 ms
[TIMING] Leaf weights & density precomputation: 1063.35 ms
[TIMING] Transfer structures to backend: 0.02 ms
[TIMING] Total fit: 1296.92 ms
[TIMING] Test leaf ID extraction: 69.31 ms
[TIMING] Proximity matrix accumulation: 6320.18 ms
[TIMING] Neighbor sorting & quantiles: 110.54 ms
[TIMING] Total compute_uq: 6501.36 ms
    [TIMING] UQ Calculation (Proximity_Method_B): 7.8020 s
[TIMING] Random Forest fit/check: 0.00 ms
[TIMING] OOB/In-bag index reconstruction: 231.92 ms
[TIMING] Leaf weights & density precomputation: 850.80 ms
[TIMING] Transfer structures to backend: 0.02 ms
[TIMING] Total fit: 1082.75 ms
[TIMING] Test leaf ID extraction: 47.61 ms
[TIMING] Proximity matrix accumulation: 7022.51 ms
[TIMING] Neighbor sorting & quantiles: 189.33 ms
[TIMING] Total compute_uq: 7259.81 ms
[DEBUG DENSITY] mean walked density = 64.4463, min = 57.2474, max = 70.7623
    [TIMING] UQ Calculation (Proximity_Method_C): 8.3535 s
[TIMING] Random Forest fit/check: 0.00 ms
[TIMING] OOB/In-bag index reconstruction: 233.22 ms
[TIMING] Leaf weights & density precomputation: 1053.61 ms
[TIMING] Transfer structures to backend: 0.02 ms
[TIMING] Total fit: 1286.86 ms
[TIMING] Test leaf ID extraction: 47.35 ms
[TIMING] Proximity matrix accumulation: 6784.99 ms
[TIMING] Neighbor sorting & quantiles: 91.40 ms
[TIMING] Total compute_uq: 6926.09 ms
[DEBUG DENSITY] mean walked density = 64.4463, min = 57.2474, max = 70.7623
    [TIMING] UQ Calculation (Proximity_Method_B_C): 8.2241 s
    [TIMING] Metrics Calculation: 0.2140 s
    [TIMING] Total Single Evaluation: 34.8118 s

  >>> Starting: Function=sin_cos_7d, Seed=0
    [TIMING] Data Generation: 0.0133 s
    [TIMING] Random Forest Fitting: 2.8169 s
    [TIMING] RF Predicting: 0.0436 s
    [TIMING] Base Aleatoric: 0.0740 s
[TIMING] Random Forest fit/check: 0.00 ms
[TIMING] OOB/In-bag index reconstruction: 303.54 ms
[TIMING] Leaf weights & density precomputation: 791.72 ms
[TIMING] Transfer structures to backend: 0.04 ms
[TIMING] Total fit: 1095.30 ms
[TIMING] Test leaf ID extraction: 84.42 ms
[TIMING] Proximity matrix accumulation: 2816.73 ms
[TIMING] Neighbor sorting & quantiles: 239.24 ms
[TIMING] Total compute_uq: 3142.42 ms
    [TIMING] UQ Calculation (Proximity_Baseline): 4.2384 s
[TIMING] Random Forest fit/check: 0.00 ms
[TIMING] OOB/In-bag index reconstruction: 291.73 ms
[TIMING] Leaf weights & density precomputation: 1117.49 ms
[TIMING] Transfer structures to backend: 0.02 ms
[TIMING] Total fit: 1409.24 ms
[TIMING] Test leaf ID extraction: 57.65 ms
[TIMING] Proximity matrix accumulation: 8591.03 ms
[TIMING] Neighbor sorting & quantiles: 291.30 ms
[TIMING] Total compute_uq: 8941.28 ms
    [TIMING] UQ Calculation (Proximity_Method_A): 10.3533 s
[TIMING] Random Forest fit/check: 0.00 ms
[TIMING] OOB/In-bag index reconstruction: 246.13 ms
[TIMING] Leaf weights & density precomputation: 1119.66 ms
[TIMING] Transfer structures to backend: 0.02 ms
[TIMING] Total fit: 1365.82 ms
[TIMING] Test leaf ID extraction: 58.14 ms
[TIMING] Proximity matrix accumulation: 4387.73 ms
[TIMING] Neighbor sorting & quantiles: 42.28 ms
[TIMING] Total compute_uq: 4490.11 ms
    [TIMING] UQ Calculation (Proximity_Method_B): 5.8575 s
[TIMING] Random Forest fit/check: 0.00 ms
[TIMING] OOB/In-bag index reconstruction: 260.02 ms
[TIMING] Leaf weights & density precomputation: 1121.30 ms
[TIMING] Transfer structures to backend: 0.04 ms
[TIMING] Total fit: 1381.36 ms
[TIMING] Test leaf ID extraction: 68.84 ms
[TIMING] Proximity matrix accumulation: 9675.37 ms
[TIMING] Neighbor sorting & quantiles: 269.34 ms
[TIMING] Total compute_uq: 10015.98 ms
[DEBUG DENSITY] mean walked density = 64.4048, min = 61.1447, max = 68.0884
    [TIMING] UQ Calculation (Proximity_Method_C): 11.4085 s
[TIMING] Random Forest fit/check: 0.01 ms
[TIMING] OOB/In-bag index reconstruction: 244.40 ms
[TIMING] Leaf weights & density precomputation: 1124.49 ms
[TIMING] Transfer structures to backend: 0.02 ms
[TIMING] Total fit: 1368.92 ms
[TIMING] Test leaf ID extraction: 57.63 ms
[TIMING] Proximity matrix accumulation: 9590.74 ms
[TIMING] Neighbor sorting & quantiles: 119.91 ms
[TIMING] Total compute_uq: 9770.80 ms
[DEBUG DENSITY] mean walked density = 64.4048, min = 61.1447, max = 68.0884
    [TIMING] UQ Calculation (Proximity_Method_B_C): 11.1488 s
    [TIMING] Metrics Calculation: 0.1574 s
    [TIMING] Total Single Evaluation: 46.1123 s

  >>> Starting: Function=quadratic_7d, Seed=0
    [TIMING] Data Generation: 0.0111 s
    [TIMING] Random Forest Fitting: 2.1506 s
    [TIMING] RF Predicting: 0.0428 s
    [TIMING] Base Aleatoric: 0.0630 s
[TIMING] Random Forest fit/check: 0.00 ms
[TIMING] OOB/In-bag index reconstruction: 515.57 ms
[TIMING] Leaf weights & density precomputation: 191.92 ms
[TIMING] Transfer structures to backend: 0.02 ms
[TIMING] Total fit: 707.51 ms
[TIMING] Test leaf ID extraction: 231.27 ms
[TIMING] Proximity matrix accumulation: 2425.20 ms
[TIMING] Neighbor sorting & quantiles: 342.65 ms
[TIMING] Total compute_uq: 2999.68 ms
    [TIMING] UQ Calculation (Proximity_Baseline): 3.7087 s
[TIMING] Random Forest fit/check: 0.00 ms
[TIMING] OOB/In-bag index reconstruction: 1104.73 ms
[TIMING] Leaf weights & density precomputation: 1844.15 ms
[TIMING] Transfer structures to backend: 0.02 ms
[TIMING] Total fit: 2948.91 ms
[TIMING] Test leaf ID extraction: 196.38 ms
[TIMING] Proximity matrix accumulation: 7725.43 ms
[TIMING] Neighbor sorting & quantiles: 255.70 ms
[TIMING] Total compute_uq: 8177.89 ms
    [TIMING] UQ Calculation (Proximity_Method_A): 11.1276 s
[TIMING] Random Forest fit/check: 0.00 ms
[TIMING] OOB/In-bag index reconstruction: 341.84 ms
[TIMING] Leaf weights & density precomputation: 1129.26 ms
[TIMING] Transfer structures to backend: 0.02 ms
[TIMING] Total fit: 1471.12 ms
[TIMING] Test leaf ID extraction: 262.07 ms
[TIMING] Proximity matrix accumulation: 8406.14 ms
[TIMING] Neighbor sorting & quantiles: 221.39 ms
[TIMING] Total compute_uq: 8890.98 ms
    [TIMING] UQ Calculation (Proximity_Method_B): 10.3807 s
[TIMING] Random Forest fit/check: 0.01 ms
[TIMING] OOB/In-bag index reconstruction: 1284.29 ms
[TIMING] Leaf weights & density precomputation: 2161.45 ms
[TIMING] Transfer structures to backend: 0.02 ms
[TIMING] Total fit: 3445.77 ms
[TIMING] Test leaf ID extraction: 238.87 ms
[TIMING] Proximity matrix accumulation: 4785.38 ms
[TIMING] Neighbor sorting & quantiles: 182.42 ms
[TIMING] Total compute_uq: 5207.11 ms
[DEBUG DENSITY] mean walked density = 63.6679, min = 56.8376, max = 68.5346
    [TIMING] UQ Calculation (Proximity_Method_C): 8.6550 s
[TIMING] Random Forest fit/check: 0.00 ms
[TIMING] OOB/In-bag index reconstruction: 510.94 ms
[TIMING] Leaf weights & density precomputation: 910.32 ms
[TIMING] Transfer structures to backend: 0.02 ms
[TIMING] Total fit: 1421.28 ms
[TIMING] Test leaf ID extraction: 58.22 ms
[TIMING] Proximity matrix accumulation: 7170.27 ms
[TIMING] Neighbor sorting & quantiles: 77.94 ms
[TIMING] Total compute_uq: 7306.81 ms
[DEBUG DENSITY] mean walked density = 63.6679, min = 56.8376, max = 68.5346
    [TIMING] UQ Calculation (Proximity_Method_B_C): 8.7393 s
    [TIMING] Metrics Calculation: 0.1662 s
    [TIMING] Total Single Evaluation: 45.0459 s

  >>> Starting: Function=interaction_7d, Seed=0
    [TIMING] Data Generation: 0.0106 s
    [TIMING] Random Forest Fitting: 2.1466 s
    [TIMING] RF Predicting: 0.0427 s
    [TIMING] Base Aleatoric: 0.0623 s
[TIMING] Random Forest fit/check: 0.00 ms
[TIMING] OOB/In-bag index reconstruction: 245.15 ms
[TIMING] Leaf weights & density precomputation: 798.81 ms
[TIMING] Transfer structures to backend: 0.03 ms
[TIMING] Total fit: 1043.98 ms
[TIMING] Test leaf ID extraction: 58.11 ms
[TIMING] Proximity matrix accumulation: 3387.85 ms
[TIMING] Neighbor sorting & quantiles: 294.16 ms
[TIMING] Total compute_uq: 3741.25 ms
    [TIMING] UQ Calculation (Proximity_Baseline): 4.7878 s
[TIMING] Random Forest fit/check: 0.00 ms
[TIMING] OOB/In-bag index reconstruction: 231.26 ms
[TIMING] Leaf weights & density precomputation: 1122.77 ms
[TIMING] Transfer structures to backend: 0.02 ms
[TIMING] Total fit: 1354.05 ms
[TIMING] Test leaf ID extraction: 59.51 ms
[TIMING] Proximity matrix accumulation: 7578.55 ms
[TIMING] Neighbor sorting & quantiles: 245.77 ms
[TIMING] Total compute_uq: 7885.55 ms
    [TIMING] UQ Calculation (Proximity_Method_A): 9.2424 s
[TIMING] Random Forest fit/check: 0.00 ms
[TIMING] OOB/In-bag index reconstruction: 231.41 ms
[TIMING] Leaf weights & density precomputation: 1108.72 ms
[TIMING] Transfer structures to backend: 0.02 ms
[TIMING] Total fit: 1340.16 ms
[TIMING] Test leaf ID extraction: 47.45 ms
[TIMING] Proximity matrix accumulation: 7532.93 ms
[TIMING] Neighbor sorting & quantiles: 106.83 ms
[TIMING] Total compute_uq: 7689.68 ms
    [TIMING] UQ Calculation (Proximity_Method_B): 9.0333 s
[TIMING] Random Forest fit/check: 0.00 ms
[TIMING] OOB/In-bag index reconstruction: 253.93 ms
[TIMING] Leaf weights & density precomputation: 1136.25 ms
[TIMING] Transfer structures to backend: 0.02 ms
[TIMING] Total fit: 1390.20 ms
[TIMING] Test leaf ID extraction: 59.77 ms
[TIMING] Proximity matrix accumulation: 9773.22 ms
[TIMING] Neighbor sorting & quantiles: 258.14 ms
[TIMING] Total compute_uq: 10092.24 ms
[DEBUG DENSITY] mean walked density = 64.7961, min = 56.9748, max = 72.7379
    [TIMING] UQ Calculation (Proximity_Method_C): 11.4936 s
[TIMING] Random Forest fit/check: 0.01 ms
[TIMING] OOB/In-bag index reconstruction: 243.81 ms
[TIMING] Leaf weights & density precomputation: 1117.40 ms
[TIMING] Transfer structures to backend: 0.01 ms
[TIMING] Total fit: 1361.22 ms
[TIMING] Test leaf ID extraction: 47.51 ms
[TIMING] Proximity matrix accumulation: 10643.40 ms
[TIMING] Neighbor sorting & quantiles: 132.81 ms
[TIMING] Total compute_uq: 10825.92 ms
[DEBUG DENSITY] mean walked density = 64.7961, min = 56.9748, max = 72.7379
    [TIMING] UQ Calculation (Proximity_Method_B_C): 12.1983 s
    [TIMING] Metrics Calculation: 0.1207 s
    [TIMING] Total Single Evaluation: 49.1391 s

  >>> Starting: Function=sin_cos_8d, Seed=0
    [TIMING] Data Generation: 0.0124 s
    [TIMING] Random Forest Fitting: 3.5865 s
    [TIMING] RF Predicting: 0.0531 s
    [TIMING] Base Aleatoric: 0.0860 s
[TIMING] Random Forest fit/check: 0.00 ms
[TIMING] OOB/In-bag index reconstruction: 278.06 ms
[TIMING] Leaf weights & density precomputation: 107.70 ms
[TIMING] Transfer structures to backend: 0.02 ms
[TIMING] Total fit: 385.79 ms
[TIMING] Test leaf ID extraction: 70.94 ms
[TIMING] Proximity matrix accumulation: 2101.71 ms
[TIMING] Neighbor sorting & quantiles: 167.89 ms
[TIMING] Total compute_uq: 2340.95 ms
    [TIMING] UQ Calculation (Proximity_Baseline): 2.7270 s
[TIMING] Random Forest fit/check: 0.00 ms
[TIMING] OOB/In-bag index reconstruction: 245.96 ms
[TIMING] Leaf weights & density precomputation: 1173.17 ms
[TIMING] Transfer structures to backend: 0.02 ms
[TIMING] Total fit: 1419.15 ms
[TIMING] Test leaf ID extraction: 58.89 ms
[TIMING] Proximity matrix accumulation: 10051.10 ms
[TIMING] Neighbor sorting & quantiles: 320.22 ms
[TIMING] Total compute_uq: 10432.72 ms
    [TIMING] UQ Calculation (Proximity_Method_A): 11.8547 s
[TIMING] Random Forest fit/check: 0.00 ms
[TIMING] OOB/In-bag index reconstruction: 244.94 ms
[TIMING] Leaf weights & density precomputation: 1178.33 ms
[TIMING] Transfer structures to backend: 0.02 ms
[TIMING] Total fit: 1423.29 ms
[TIMING] Test leaf ID extraction: 61.32 ms
[TIMING] Proximity matrix accumulation: 10081.99 ms
[TIMING] Neighbor sorting & quantiles: 136.14 ms
[TIMING] Total compute_uq: 10281.33 ms
    [TIMING] UQ Calculation (Proximity_Method_B): 11.7081 s
[TIMING] Random Forest fit/check: 0.00 ms
[TIMING] OOB/In-bag index reconstruction: 255.03 ms
[TIMING] Leaf weights & density precomputation: 1173.18 ms
[TIMING] Transfer structures to backend: 0.02 ms
[TIMING] Total fit: 1428.23 ms
[TIMING] Test leaf ID extraction: 60.85 ms
[TIMING] Proximity matrix accumulation: 12756.86 ms
[TIMING] Neighbor sorting & quantiles: 332.32 ms
[TIMING] Total compute_uq: 13151.69 ms
[DEBUG DENSITY] mean walked density = 64.3564, min = 61.0681, max = 68.0086
    [TIMING] UQ Calculation (Proximity_Method_C): 14.5908 s
[TIMING] Random Forest fit/check: 0.01 ms
[TIMING] OOB/In-bag index reconstruction: 255.04 ms
[TIMING] Leaf weights & density precomputation: 1176.56 ms
[TIMING] Transfer structures to backend: 0.02 ms
[TIMING] Total fit: 1431.62 ms
[TIMING] Test leaf ID extraction: 69.74 ms
[TIMING] Proximity matrix accumulation: 13973.32 ms
[TIMING] Neighbor sorting & quantiles: 155.42 ms
[TIMING] Total compute_uq: 14199.45 ms
[DEBUG DENSITY] mean walked density = 64.3564, min = 61.0681, max = 68.0086
    [TIMING] UQ Calculation (Proximity_Method_B_C): 15.6423 s
    [TIMING] Metrics Calculation: 0.1970 s
    [TIMING] Total Single Evaluation: 60.4585 s

  >>> Starting: Function=quadratic_8d, Seed=0
    [TIMING] Data Generation: 0.0143 s
    [TIMING] Random Forest Fitting: 2.9534 s
    [TIMING] RF Predicting: 0.0532 s
    [TIMING] Base Aleatoric: 0.0755 s
[TIMING] Random Forest fit/check: 0.00 ms
[TIMING] OOB/In-bag index reconstruction: 249.00 ms
[TIMING] Leaf weights & density precomputation: 794.39 ms
[TIMING] Transfer structures to backend: 0.02 ms
[TIMING] Total fit: 1043.41 ms
[TIMING] Test leaf ID extraction: 61.42 ms
[TIMING] Proximity matrix accumulation: 4451.97 ms
[TIMING] Neighbor sorting & quantiles: 358.24 ms
[TIMING] Total compute_uq: 4873.68 ms
    [TIMING] UQ Calculation (Proximity_Baseline): 5.9197 s
[TIMING] Random Forest fit/check: 0.00 ms
[TIMING] OOB/In-bag index reconstruction: 247.66 ms
[TIMING] Leaf weights & density precomputation: 1171.56 ms
[TIMING] Transfer structures to backend: 0.02 ms
[TIMING] Total fit: 1419.24 ms
[TIMING] Test leaf ID extraction: 59.56 ms
[TIMING] Proximity matrix accumulation: 7034.03 ms
[TIMING] Neighbor sorting & quantiles: 218.92 ms
[TIMING] Total compute_uq: 7314.04 ms
    [TIMING] UQ Calculation (Proximity_Method_A): 8.7337 s
[TIMING] Random Forest fit/check: 0.01 ms
[TIMING] OOB/In-bag index reconstruction: 247.22 ms
[TIMING] Leaf weights & density precomputation: 689.40 ms
[TIMING] Transfer structures to backend: 0.02 ms
[TIMING] Total fit: 936.65 ms
[TIMING] Test leaf ID extraction: 61.25 ms
[TIMING] Proximity matrix accumulation: 10059.31 ms
[TIMING] Neighbor sorting & quantiles: 135.97 ms
[TIMING] Total compute_uq: 10256.92 ms
    [TIMING] UQ Calculation (Proximity_Method_B): 11.1973 s
[TIMING] Random Forest fit/check: 0.00 ms
[TIMING] OOB/In-bag index reconstruction: 247.48 ms
[TIMING] Leaf weights & density precomputation: 1176.98 ms
[TIMING] Transfer structures to backend: 0.02 ms
[TIMING] Total fit: 1424.48 ms
[TIMING] Test leaf ID extraction: 61.15 ms
[TIMING] Proximity matrix accumulation: 12793.25 ms
[TIMING] Neighbor sorting & quantiles: 322.19 ms
[TIMING] Total compute_uq: 13177.93 ms
[DEBUG DENSITY] mean walked density = 63.5266, min = 57.0606, max = 68.9223
    [TIMING] UQ Calculation (Proximity_Method_C): 14.6135 s
[TIMING] Random Forest fit/check: 0.01 ms
[TIMING] OOB/In-bag index reconstruction: 255.51 ms
[TIMING] Leaf weights & density precomputation: 1169.83 ms
[TIMING] Transfer structures to backend: 0.01 ms
[TIMING] Total fit: 1425.36 ms
[TIMING] Test leaf ID extraction: 61.13 ms
[TIMING] Proximity matrix accumulation: 12771.50 ms
[TIMING] Neighbor sorting & quantiles: 139.40 ms
[TIMING] Total compute_uq: 12973.24 ms
[DEBUG DENSITY] mean walked density = 63.5266, min = 57.0606, max = 68.9223
    [TIMING] UQ Calculation (Proximity_Method_B_C): 14.4098 s
    [TIMING] Metrics Calculation: 0.1376 s
    [TIMING] Total Single Evaluation: 58.1089 s

  >>> Starting: Function=exp_sum_8d, Seed=0
    [TIMING] Data Generation: 0.0108 s
    [TIMING] Random Forest Fitting: 3.1097 s
    [TIMING] RF Predicting: 0.0528 s
    [TIMING] Base Aleatoric: 0.0742 s
[TIMING] Random Forest fit/check: 0.00 ms
[TIMING] OOB/In-bag index reconstruction: 247.32 ms
[TIMING] Leaf weights & density precomputation: 795.46 ms
[TIMING] Transfer structures to backend: 0.02 ms
[TIMING] Total fit: 1042.80 ms
[TIMING] Test leaf ID extraction: 61.12 ms
[TIMING] Proximity matrix accumulation: 4464.57 ms
[TIMING] Neighbor sorting & quantiles: 358.50 ms
[TIMING] Total compute_uq: 4886.49 ms
    [TIMING] UQ Calculation (Proximity_Baseline): 5.9319 s
[TIMING] Random Forest fit/check: 0.00 ms
[TIMING] OOB/In-bag index reconstruction: 244.33 ms
[TIMING] Leaf weights & density precomputation: 1127.01 ms
[TIMING] Transfer structures to backend: 0.01 ms
[TIMING] Total fit: 1371.35 ms
[TIMING] Test leaf ID extraction: 60.20 ms
[TIMING] Proximity matrix accumulation: 10148.07 ms
[TIMING] Neighbor sorting & quantiles: 334.76 ms
[TIMING] Total compute_uq: 10543.45 ms
    [TIMING] UQ Calculation (Proximity_Method_A): 11.9176 s
[TIMING] Random Forest fit/check: 0.01 ms
[TIMING] OOB/In-bag index reconstruction: 255.73 ms
[TIMING] Leaf weights & density precomputation: 1173.26 ms
[TIMING] Transfer structures to backend: 0.02 ms
[TIMING] Total fit: 1429.01 ms
[TIMING] Test leaf ID extraction: 60.08 ms
[TIMING] Proximity matrix accumulation: 8451.48 ms
[TIMING] Neighbor sorting & quantiles: 98.55 ms
[TIMING] Total compute_uq: 8612.31 ms
    [TIMING] UQ Calculation (Proximity_Method_B): 10.0427 s
[TIMING] Random Forest fit/check: 0.00 ms
[TIMING] OOB/In-bag index reconstruction: 254.99 ms
[TIMING] Leaf weights & density precomputation: 663.46 ms
[TIMING] Transfer structures to backend: 0.02 ms
[TIMING] Total fit: 918.46 ms
[TIMING] Test leaf ID extraction: 60.26 ms
[TIMING] Proximity matrix accumulation: 10229.78 ms
[TIMING] Neighbor sorting & quantiles: 270.48 ms
[TIMING] Total compute_uq: 10560.95 ms
[DEBUG DENSITY] mean walked density = 63.8747, min = 59.4680, max = 68.7591
    [TIMING] UQ Calculation (Proximity_Method_C): 11.4903 s
[TIMING] Random Forest fit/check: 0.00 ms
[TIMING] OOB/In-bag index reconstruction: 257.99 ms
[TIMING] Leaf weights & density precomputation: 1178.17 ms
[TIMING] Transfer structures to backend: 0.01 ms
[TIMING] Total fit: 1436.18 ms
[TIMING] Test leaf ID extraction: 70.33 ms
[TIMING] Proximity matrix accumulation: 12895.63 ms
[TIMING] Neighbor sorting & quantiles: 143.17 ms
[TIMING] Total compute_uq: 13109.58 ms
[DEBUG DENSITY] mean walked density = 63.8747, min = 59.4680, max = 68.7591
    [TIMING] UQ Calculation (Proximity_Method_B_C): 14.5569 s
    [TIMING] Metrics Calculation: 0.1351 s
    [TIMING] Total Single Evaluation: 57.3228 s

  >>> Starting: Function=sin_cos_9d, Seed=0
    [TIMING] Data Generation: 0.0154 s
    [TIMING] Random Forest Fitting: 4.6695 s
    [TIMING] RF Predicting: 0.0636 s
    [TIMING] Base Aleatoric: 0.1021 s
[TIMING] Random Forest fit/check: 0.00 ms
[TIMING] OOB/In-bag index reconstruction: 446.46 ms
[TIMING] Leaf weights & density precomputation: 809.27 ms
[TIMING] Transfer structures to backend: 0.03 ms
[TIMING] Total fit: 1255.76 ms
[TIMING] Test leaf ID extraction: 69.98 ms
[TIMING] Proximity matrix accumulation: 4649.18 ms
[TIMING] Neighbor sorting & quantiles: 389.41 ms
[TIMING] Total compute_uq: 5110.45 ms
    [TIMING] UQ Calculation (Proximity_Baseline): 6.3690 s
[TIMING] Random Forest fit/check: 0.00 ms
[TIMING] OOB/In-bag index reconstruction: 446.25 ms
[TIMING] Leaf weights & density precomputation: 1323.74 ms
[TIMING] Transfer structures to backend: 0.02 ms
[TIMING] Total fit: 1770.00 ms
[TIMING] Test leaf ID extraction: 69.47 ms
[TIMING] Proximity matrix accumulation: 13146.76 ms
[TIMING] Neighbor sorting & quantiles: 425.89 ms
[TIMING] Total compute_uq: 13644.28 ms
    [TIMING] UQ Calculation (Proximity_Method_A): 15.4150 s
[TIMING] Random Forest fit/check: 0.00 ms
[TIMING] OOB/In-bag index reconstruction: 328.43 ms
[TIMING] Leaf weights & density precomputation: 1228.95 ms
[TIMING] Transfer structures to backend: 0.02 ms
[TIMING] Total fit: 1557.39 ms
[TIMING] Test leaf ID extraction: 69.51 ms
[TIMING] Proximity matrix accumulation: 14201.43 ms
[TIMING] Neighbor sorting & quantiles: 175.73 ms
[TIMING] Total compute_uq: 14447.83 ms
    [TIMING] UQ Calculation (Proximity_Method_B): 16.0090 s
[TIMING] Random Forest fit/check: 0.01 ms
[TIMING] OOB/In-bag index reconstruction: 337.75 ms
[TIMING] Leaf weights & density precomputation: 879.33 ms
[TIMING] Transfer structures to backend: 0.02 ms
[TIMING] Total fit: 1217.11 ms
[TIMING] Test leaf ID extraction: 69.37 ms
[TIMING] Proximity matrix accumulation: 9516.95 ms
[TIMING] Neighbor sorting & quantiles: 264.29 ms
[TIMING] Total compute_uq: 9851.01 ms
[DEBUG DENSITY] mean walked density = 64.2575, min = 60.8048, max = 67.5483
    [TIMING] UQ Calculation (Proximity_Method_C): 11.0793 s
[TIMING] Random Forest fit/check: 0.00 ms
[TIMING] OOB/In-bag index reconstruction: 328.43 ms
[TIMING] Leaf weights & density precomputation: 1227.68 ms
[TIMING] Transfer structures to backend: 0.03 ms
[TIMING] Total fit: 1556.13 ms
[TIMING] Test leaf ID extraction: 279.60 ms
[TIMING] Proximity matrix accumulation: 15628.76 ms
[TIMING] Neighbor sorting & quantiles: 160.35 ms
[TIMING] Total compute_uq: 16071.11 ms
[DEBUG DENSITY] mean walked density = 64.2575, min = 60.8048, max = 67.5483
    [TIMING] UQ Calculation (Proximity_Method_B_C): 17.6389 s
    [TIMING] Metrics Calculation: 0.2116 s
    [TIMING] Total Single Evaluation: 71.5741 s

  >>> Starting: Function=quadratic_9d, Seed=0
    [TIMING] Data Generation: 0.0180 s
    [TIMING] Random Forest Fitting: 3.8220 s
    [TIMING] RF Predicting: 0.0632 s
    [TIMING] Base Aleatoric: 0.0866 s
[TIMING] Random Forest fit/check: 0.00 ms
[TIMING] OOB/In-bag index reconstruction: 427.21 ms
[TIMING] Leaf weights & density precomputation: 807.64 ms
[TIMING] Transfer structures to backend: 0.02 ms
[TIMING] Total fit: 1234.87 ms
[TIMING] Test leaf ID extraction: 59.46 ms
[TIMING] Proximity matrix accumulation: 5724.87 ms
[TIMING] Neighbor sorting & quantiles: 478.36 ms
[TIMING] Total compute_uq: 6264.59 ms
    [TIMING] UQ Calculation (Proximity_Baseline): 7.5021 s
[TIMING] Random Forest fit/check: 0.00 ms
[TIMING] OOB/In-bag index reconstruction: 329.96 ms
[TIMING] Leaf weights & density precomputation: 1240.11 ms
[TIMING] Transfer structures to backend: 0.02 ms
[TIMING] Total fit: 1570.09 ms
[TIMING] Test leaf ID extraction: 59.94 ms
[TIMING] Proximity matrix accumulation: 12978.64 ms
[TIMING] Neighbor sorting & quantiles: 449.04 ms
[TIMING] Total compute_uq: 13489.01 ms
    [TIMING] UQ Calculation (Proximity_Method_A): 15.0619 s
[TIMING] Random Forest fit/check: 0.00 ms
[TIMING] OOB/In-bag index reconstruction: 329.18 ms
[TIMING] Leaf weights & density precomputation: 1233.72 ms
[TIMING] Transfer structures to backend: 0.02 ms
[TIMING] Total fit: 1562.92 ms
[TIMING] Test leaf ID extraction: 59.22 ms
[TIMING] Proximity matrix accumulation: 13858.17 ms
[TIMING] Neighbor sorting & quantiles: 165.43 ms
[TIMING] Total compute_uq: 14083.91 ms
    [TIMING] UQ Calculation (Proximity_Method_B): 15.6481 s
[TIMING] Random Forest fit/check: 0.01 ms
[TIMING] OOB/In-bag index reconstruction: 333.09 ms
[TIMING] Leaf weights & density precomputation: 829.21 ms
[TIMING] Transfer structures to backend: 0.02 ms
[TIMING] Total fit: 1162.32 ms
[TIMING] Test leaf ID extraction: 260.93 ms
[TIMING] Proximity matrix accumulation: 17613.76 ms
[TIMING] Neighbor sorting & quantiles: 472.83 ms
[TIMING] Total compute_uq: 18349.03 ms
[DEBUG DENSITY] mean walked density = 64.4920, min = 57.8509, max = 69.2145
    [TIMING] UQ Calculation (Proximity_Method_C): 19.5232 s
[TIMING] Random Forest fit/check: 0.00 ms
[TIMING] OOB/In-bag index reconstruction: 325.47 ms
[TIMING] Leaf weights & density precomputation: 1233.75 ms
[TIMING] Transfer structures to backend: 0.04 ms
[TIMING] Total fit: 1559.26 ms
[TIMING] Test leaf ID extraction: 69.65 ms
[TIMING] Proximity matrix accumulation: 10513.01 ms
[TIMING] Neighbor sorting & quantiles: 86.92 ms
[TIMING] Total compute_uq: 10670.52 ms
[DEBUG DENSITY] mean walked density = 64.4920, min = 57.8509, max = 69.2145
    [TIMING] UQ Calculation (Proximity_Method_B_C): 12.2409 s
    [TIMING] Metrics Calculation: 0.1499 s
    [TIMING] Total Single Evaluation: 74.1165 s

  >>> Starting: Function=multi_modal_9d, Seed=0
    [TIMING] Data Generation: 0.0162 s
    [TIMING] Random Forest Fitting: 6.9705 s
    [TIMING] RF Predicting: 0.2322 s
    [TIMING] Base Aleatoric: 0.3064 s
[TIMING] Random Forest fit/check: 0.00 ms
[TIMING] OOB/In-bag index reconstruction: 965.32 ms
[TIMING] Leaf weights & density precomputation: 445.46 ms
[TIMING] Transfer structures to backend: 0.02 ms
[TIMING] Total fit: 1410.80 ms
[TIMING] Test leaf ID extraction: 285.34 ms
[TIMING] Proximity matrix accumulation: 5735.33 ms
[TIMING] Neighbor sorting & quantiles: 478.98 ms
[TIMING] Total compute_uq: 6501.16 ms
    [TIMING] UQ Calculation (Proximity_Baseline): 7.9147 s
[TIMING] Random Forest fit/check: 0.00 ms
[TIMING] OOB/In-bag index reconstruction: 328.67 ms
[TIMING] Leaf weights & density precomputation: 805.39 ms
[TIMING] Transfer structures to backend: 0.02 ms
[TIMING] Total fit: 1134.08 ms
[TIMING] Test leaf ID extraction: 69.17 ms
[TIMING] Proximity matrix accumulation: 14075.04 ms
[TIMING] Neighbor sorting & quantiles: 473.96 ms
[TIMING] Total compute_uq: 14620.38 ms
    [TIMING] UQ Calculation (Proximity_Method_A): 15.7573 s
[TIMING] Random Forest fit/check: 0.01 ms
[TIMING] OOB/In-bag index reconstruction: 329.87 ms
[TIMING] Leaf weights & density precomputation: 1182.16 ms
[TIMING] Transfer structures to backend: 0.02 ms
[TIMING] Total fit: 1512.06 ms
[TIMING] Test leaf ID extraction: 272.33 ms
[TIMING] Proximity matrix accumulation: 11406.69 ms
[TIMING] Neighbor sorting & quantiles: 133.53 ms
[TIMING] Total compute_uq: 11813.02 ms
    [TIMING] UQ Calculation (Proximity_Method_B): 13.3293 s
[TIMING] Random Forest fit/check: 0.00 ms
[TIMING] OOB/In-bag index reconstruction: 328.23 ms
[TIMING] Leaf weights & density precomputation: 1232.26 ms
[TIMING] Transfer structures to backend: 0.02 ms
[TIMING] Total fit: 1560.51 ms
[TIMING] Test leaf ID extraction: 68.62 ms
[TIMING] Proximity matrix accumulation: 16416.21 ms
[TIMING] Neighbor sorting & quantiles: 446.53 ms
[TIMING] Total compute_uq: 16933.74 ms
[DEBUG DENSITY] mean walked density = 64.7214, min = 59.7312, max = 69.3810
    [TIMING] UQ Calculation (Proximity_Method_C): 18.5052 s
[TIMING] Random Forest fit/check: 0.01 ms
[TIMING] OOB/In-bag index reconstruction: 331.94 ms
[TIMING] Leaf weights & density precomputation: 1228.22 ms
[TIMING] Transfer structures to backend: 0.02 ms
[TIMING] Total fit: 1560.19 ms
[TIMING] Test leaf ID extraction: 68.68 ms
[TIMING] Proximity matrix accumulation: 16465.07 ms
[TIMING] Neighbor sorting & quantiles: 156.66 ms
[TIMING] Total compute_uq: 16692.28 ms
[DEBUG DENSITY] mean walked density = 64.7214, min = 59.7312, max = 69.3810
    [TIMING] UQ Calculation (Proximity_Method_B_C): 18.2544 s
    [TIMING] Metrics Calculation: 0.1797 s
    [TIMING] Total Single Evaluation: 81.4668 s

  >>> Starting: Function=sin_cos_10d, Seed=0
    [TIMING] Data Generation: 0.0191 s
    [TIMING] Random Forest Fitting: 5.9553 s
    [TIMING] RF Predicting: 0.0730 s
    [TIMING] Base Aleatoric: 0.1021 s
[TIMING] Random Forest fit/check: 0.00 ms
[TIMING] OOB/In-bag index reconstruction: 343.31 ms
[TIMING] Leaf weights & density precomputation: 583.05 ms
[TIMING] Transfer structures to backend: 0.03 ms
[TIMING] Total fit: 926.39 ms
[TIMING] Test leaf ID extraction: 81.61 ms
[TIMING] Proximity matrix accumulation: 6055.18 ms
[TIMING] Neighbor sorting & quantiles: 511.71 ms
[TIMING] Total compute_uq: 6648.94 ms
    [TIMING] UQ Calculation (Proximity_Baseline): 7.5779 s
[TIMING] Random Forest fit/check: 0.00 ms
[TIMING] OOB/In-bag index reconstruction: 345.00 ms
[TIMING] Leaf weights & density precomputation: 1283.98 ms
[TIMING] Transfer structures to backend: 0.02 ms
[TIMING] Total fit: 1629.00 ms
[TIMING] Test leaf ID extraction: 80.98 ms
[TIMING] Proximity matrix accumulation: 16327.07 ms
[TIMING] Neighbor sorting & quantiles: 572.60 ms
[TIMING] Total compute_uq: 16981.71 ms
    [TIMING] UQ Calculation (Proximity_Method_A): 18.6136 s
[TIMING] Random Forest fit/check: 0.00 ms
[TIMING] OOB/In-bag index reconstruction: 342.09 ms
[TIMING] Leaf weights & density precomputation: 1295.70 ms
[TIMING] Transfer structures to backend: 0.02 ms
[TIMING] Total fit: 1637.82 ms
[TIMING] Test leaf ID extraction: 80.58 ms
[TIMING] Proximity matrix accumulation: 16320.39 ms
[TIMING] Neighbor sorting & quantiles: 178.36 ms
[TIMING] Total compute_uq: 16579.90 ms
    [TIMING] UQ Calculation (Proximity_Method_B): 18.2215 s
[TIMING] Random Forest fit/check: 0.01 ms
[TIMING] OOB/In-bag index reconstruction: 343.06 ms
[TIMING] Leaf weights & density precomputation: 1288.61 ms
[TIMING] Transfer structures to backend: 0.02 ms
[TIMING] Total fit: 1631.69 ms
[TIMING] Test leaf ID extraction: 80.57 ms
[TIMING] Proximity matrix accumulation: 20562.41 ms
[TIMING] Neighbor sorting & quantiles: 569.38 ms
[TIMING] Total compute_uq: 21213.13 ms
[DEBUG DENSITY] mean walked density = 64.4306, min = 61.0149, max = 67.6317
    [TIMING] UQ Calculation (Proximity_Method_C): 22.8559 s
[TIMING] Random Forest fit/check: 0.00 ms
[TIMING] OOB/In-bag index reconstruction: 341.86 ms
[TIMING] Leaf weights & density precomputation: 1284.59 ms
[TIMING] Transfer structures to backend: 0.04 ms
[TIMING] Total fit: 1626.49 ms
[TIMING] Test leaf ID extraction: 93.41 ms
[TIMING] Proximity matrix accumulation: 17505.18 ms
[TIMING] Neighbor sorting & quantiles: 147.82 ms
[TIMING] Total compute_uq: 17748.62 ms
[DEBUG DENSITY] mean walked density = 64.4306, min = 61.0149, max = 67.6317
    [TIMING] UQ Calculation (Proximity_Method_B_C): 19.3771 s
    [TIMING] Metrics Calculation: 0.1748 s
    [TIMING] Total Single Evaluation: 92.9710 s

  >>> Starting: Function=quadratic_10d, Seed=0
    [TIMING] Data Generation: 0.0163 s
    [TIMING] Random Forest Fitting: 4.3734 s
    [TIMING] RF Predicting: 0.0527 s
    [TIMING] Base Aleatoric: 0.0902 s
[TIMING] Random Forest fit/check: 0.00 ms
[TIMING] OOB/In-bag index reconstruction: 334.61 ms
[TIMING] Leaf weights & density precomputation: 803.43 ms
[TIMING] Transfer structures to backend: 0.04 ms
[TIMING] Total fit: 1138.07 ms
[TIMING] Test leaf ID extraction: 70.03 ms
[TIMING] Proximity matrix accumulation: 6571.61 ms
[TIMING] Neighbor sorting & quantiles: 560.19 ms
[TIMING] Total compute_uq: 7203.30 ms
    [TIMING] UQ Calculation (Proximity_Baseline): 8.3420 s
[TIMING] Random Forest fit/check: 0.00 ms
[TIMING] OOB/In-bag index reconstruction: 330.91 ms
[TIMING] Leaf weights & density precomputation: 1012.19 ms
[TIMING] Transfer structures to backend: 0.02 ms
[TIMING] Total fit: 1343.13 ms
[TIMING] Test leaf ID extraction: 69.08 ms
[TIMING] Proximity matrix accumulation: 17524.91 ms
[TIMING] Neighbor sorting & quantiles: 600.93 ms
[TIMING] Total compute_uq: 18197.51 ms
    [TIMING] UQ Calculation (Proximity_Method_A): 19.5435 s
[TIMING] Random Forest fit/check: 0.01 ms
[TIMING] OOB/In-bag index reconstruction: 342.65 ms
[TIMING] Leaf weights & density precomputation: 1289.61 ms
[TIMING] Transfer structures to backend: 0.02 ms
[TIMING] Total fit: 1632.28 ms
[TIMING] Test leaf ID extraction: 81.20 ms
[TIMING] Proximity matrix accumulation: 16271.64 ms
[TIMING] Neighbor sorting & quantiles: 191.19 ms
[TIMING] Total compute_uq: 16545.65 ms
    [TIMING] UQ Calculation (Proximity_Method_B): 18.1822 s
[TIMING] Random Forest fit/check: 0.00 ms
[TIMING] OOB/In-bag index reconstruction: 328.95 ms
[TIMING] Leaf weights & density precomputation: 1277.87 ms
[TIMING] Transfer structures to backend: 0.02 ms
[TIMING] Total fit: 1606.84 ms
[TIMING] Test leaf ID extraction: 68.95 ms
[TIMING] Proximity matrix accumulation: 20540.25 ms
[TIMING] Neighbor sorting & quantiles: 569.15 ms
[TIMING] Total compute_uq: 21180.30 ms
[DEBUG DENSITY] mean walked density = 64.1506, min = 58.9142, max = 69.1854
    [TIMING] UQ Calculation (Proximity_Method_C): 22.7982 s
[TIMING] Random Forest fit/check: 0.01 ms
[TIMING] OOB/In-bag index reconstruction: 342.28 ms
[TIMING] Leaf weights & density precomputation: 1299.06 ms
[TIMING] Transfer structures to backend: 0.01 ms
[TIMING] Total fit: 1641.37 ms
[TIMING] Test leaf ID extraction: 69.83 ms
[TIMING] Proximity matrix accumulation: 20553.11 ms
[TIMING] Neighbor sorting & quantiles: 190.43 ms
[TIMING] Total compute_uq: 20814.21 ms
[DEBUG DENSITY] mean walked density = 64.1506, min = 58.9142, max = 69.1854
    [TIMING] UQ Calculation (Proximity_Method_B_C): 22.4668 s
    [TIMING] Metrics Calculation: 0.1631 s
    [TIMING] Total Single Evaluation: 96.0290 s

  >>> Starting: Function=friedman_10d, Seed=0
    [TIMING] Data Generation: 0.0159 s
    [TIMING] Random Forest Fitting: 3.5919 s
    [TIMING] RF Predicting: 0.0731 s
    [TIMING] Base Aleatoric: 0.1013 s
[TIMING] Random Forest fit/check: 0.00 ms
[TIMING] OOB/In-bag index reconstruction: 345.49 ms
[TIMING] Leaf weights & density precomputation: 804.35 ms
[TIMING] Transfer structures to backend: 0.02 ms
[TIMING] Total fit: 1149.86 ms
[TIMING] Test leaf ID extraction: 80.45 ms
[TIMING] Proximity matrix accumulation: 5768.23 ms
[TIMING] Neighbor sorting & quantiles: 480.33 ms
[TIMING] Total compute_uq: 6330.94 ms
    [TIMING] UQ Calculation (Proximity_Baseline): 7.4810 s
[TIMING] Random Forest fit/check: 0.00 ms
[TIMING] OOB/In-bag index reconstruction: 339.71 ms
[TIMING] Leaf weights & density precomputation: 732.90 ms
[TIMING] Transfer structures to backend: 0.04 ms
[TIMING] Total fit: 1072.65 ms
[TIMING] Test leaf ID extraction: 81.81 ms
[TIMING] Proximity matrix accumulation: 7872.93 ms
[TIMING] Neighbor sorting & quantiles: 260.77 ms
[TIMING] Total compute_uq: 8215.97 ms
    [TIMING] UQ Calculation (Proximity_Method_A): 9.2892 s
[TIMING] Random Forest fit/check: 0.00 ms
[TIMING] OOB/In-bag index reconstruction: 342.33 ms
[TIMING] Leaf weights & density precomputation: 1280.67 ms
[TIMING] Transfer structures to backend: 0.02 ms
[TIMING] Total fit: 1623.02 ms
[TIMING] Test leaf ID extraction: 80.32 ms
[TIMING] Proximity matrix accumulation: 16327.22 ms
[TIMING] Neighbor sorting & quantiles: 190.47 ms
[TIMING] Total compute_uq: 16598.87 ms
    [TIMING] UQ Calculation (Proximity_Method_B): 18.2256 s
[TIMING] Random Forest fit/check: 0.01 ms
[TIMING] OOB/In-bag index reconstruction: 341.99 ms
[TIMING] Leaf weights & density precomputation: 1284.45 ms
[TIMING] Transfer structures to backend: 0.01 ms
[TIMING] Total fit: 1626.47 ms
[TIMING] Test leaf ID extraction: 70.59 ms
[TIMING] Proximity matrix accumulation: 20562.80 ms
[TIMING] Neighbor sorting & quantiles: 570.53 ms
[TIMING] Total compute_uq: 21206.38 ms
[DEBUG DENSITY] mean walked density = 64.5920, min = 56.1942, max = 71.1173
    [TIMING] UQ Calculation (Proximity_Method_C): 22.8439 s
[TIMING] Random Forest fit/check: 0.03 ms
[TIMING] OOB/In-bag index reconstruction: 340.66 ms
[TIMING] Leaf weights & density precomputation: 1279.45 ms
[TIMING] Transfer structures to backend: 0.02 ms
[TIMING] Total fit: 1620.15 ms
[TIMING] Test leaf ID extraction: 81.03 ms
[TIMING] Proximity matrix accumulation: 20863.52 ms
[TIMING] Neighbor sorting & quantiles: 188.38 ms
[TIMING] Total compute_uq: 21135.29 ms
[DEBUG DENSITY] mean walked density = 64.5920, min = 56.1942, max = 71.1173
    [TIMING] UQ Calculation (Proximity_Method_B_C): 22.7572 s
    [TIMING] Metrics Calculation: 0.1940 s
    [TIMING] Total Single Evaluation: 84.5739 s

  >>> Starting: Function=sin_cos_11d, Seed=0
    [TIMING] Data Generation: 0.0227 s
    [TIMING] Random Forest Fitting: 7.4034 s
    [TIMING] RF Predicting: 0.0839 s
    [TIMING] Base Aleatoric: 0.1825 s
[TIMING] Random Forest fit/check: 0.00 ms
[TIMING] OOB/In-bag index reconstruction: 365.58 ms
[TIMING] Leaf weights & density precomputation: 812.77 ms
[TIMING] Transfer structures to backend: 0.02 ms
[TIMING] Total fit: 1178.37 ms
[TIMING] Test leaf ID extraction: 91.46 ms
[TIMING] Proximity matrix accumulation: 8679.85 ms
[TIMING] Neighbor sorting & quantiles: 745.44 ms
[TIMING] Total compute_uq: 9518.22 ms
    [TIMING] UQ Calculation (Proximity_Baseline): 10.6993 s
[TIMING] Random Forest fit/check: 0.00 ms
[TIMING] OOB/In-bag index reconstruction: 350.31 ms
[TIMING] Leaf weights & density precomputation: 1340.03 ms
[TIMING] Transfer structures to backend: 0.01 ms
[TIMING] Total fit: 1690.35 ms
[TIMING] Test leaf ID extraction: 80.82 ms
[TIMING] Proximity matrix accumulation: 20005.49 ms
[TIMING] Neighbor sorting & quantiles: 634.83 ms
[TIMING] Total compute_uq: 20722.12 ms
    [TIMING] UQ Calculation (Proximity_Method_A): 22.4153 s
[TIMING] Random Forest fit/check: 0.00 ms
[TIMING] OOB/In-bag index reconstruction: 352.94 ms
[TIMING] Leaf weights & density precomputation: 1340.82 ms
[TIMING] Transfer structures to backend: 0.02 ms
[TIMING] Total fit: 1693.77 ms
[TIMING] Test leaf ID extraction: 80.85 ms
[TIMING] Proximity matrix accumulation: 15881.16 ms
[TIMING] Neighbor sorting & quantiles: 152.52 ms
[TIMING] Total compute_uq: 16116.98 ms
    [TIMING] UQ Calculation (Proximity_Method_B): 17.8123 s
[TIMING] Random Forest fit/check: 0.01 ms
[TIMING] OOB/In-bag index reconstruction: 355.04 ms
[TIMING] Leaf weights & density precomputation: 1358.57 ms
[TIMING] Transfer structures to backend: 0.02 ms
[TIMING] Total fit: 1713.64 ms
[TIMING] Test leaf ID extraction: 82.30 ms
[TIMING] Proximity matrix accumulation: 18949.45 ms
[TIMING] Neighbor sorting & quantiles: 501.14 ms
[TIMING] Total compute_uq: 19533.50 ms
[DEBUG DENSITY] mean walked density = 64.6339, min = 61.1981, max = 68.7578
    [TIMING] UQ Calculation (Proximity_Method_C): 21.2492 s
[TIMING] Random Forest fit/check: 0.00 ms
[TIMING] OOB/In-bag index reconstruction: 354.65 ms
[TIMING] Leaf weights & density precomputation: 1153.97 ms
[TIMING] Transfer structures to backend: 0.04 ms
[TIMING] Total fit: 1508.66 ms
[TIMING] Test leaf ID extraction: 80.80 ms
[TIMING] Proximity matrix accumulation: 26182.23 ms
[TIMING] Neighbor sorting & quantiles: 228.40 ms
[TIMING] Total compute_uq: 26493.53 ms
[DEBUG DENSITY] mean walked density = 64.6339, min = 61.1981, max = 68.7578
    [TIMING] UQ Calculation (Proximity_Method_B_C): 28.0138 s
    [TIMING] Metrics Calculation: 0.1685 s
    [TIMING] Total Single Evaluation: 108.0516 s

  >>> Starting: Function=sin_cos_12d, Seed=0
    [TIMING] Data Generation: 0.0268 s
    [TIMING] Random Forest Fitting: 13.2166 s
    [TIMING] RF Predicting: 0.0838 s
    [TIMING] Base Aleatoric: 0.1161 s
[TIMING] Random Forest fit/check: 0.00 ms
[TIMING] OOB/In-bag index reconstruction: 357.19 ms
[TIMING] Leaf weights & density precomputation: 812.99 ms
[TIMING] Transfer structures to backend: 0.03 ms
[TIMING] Total fit: 1170.20 ms
[TIMING] Test leaf ID extraction: 92.68 ms
[TIMING] Proximity matrix accumulation: 9250.66 ms
[TIMING] Neighbor sorting & quantiles: 752.51 ms
[TIMING] Total compute_uq: 10098.38 ms
    [TIMING] UQ Calculation (Proximity_Baseline): 11.2713 s
[TIMING] Random Forest fit/check: 0.00 ms
[TIMING] OOB/In-bag index reconstruction: 377.68 ms
[TIMING] Leaf weights & density precomputation: 1394.07 ms
[TIMING] Transfer structures to backend: 0.02 ms
[TIMING] Total fit: 1771.78 ms
[TIMING] Test leaf ID extraction: 90.91 ms
[TIMING] Proximity matrix accumulation: 25196.52 ms
[TIMING] Neighbor sorting & quantiles: 840.16 ms
[TIMING] Total compute_uq: 26129.42 ms
    [TIMING] UQ Calculation (Proximity_Method_A): 27.9042 s
[TIMING] Random Forest fit/check: 0.01 ms
[TIMING] OOB/In-bag index reconstruction: 371.22 ms
[TIMING] Leaf weights & density precomputation: 1398.29 ms
[TIMING] Transfer structures to backend: 0.02 ms
[TIMING] Total fit: 1769.54 ms
[TIMING] Test leaf ID extraction: 91.45 ms
[TIMING] Proximity matrix accumulation: 24019.19 ms
[TIMING] Neighbor sorting & quantiles: 281.55 ms
[TIMING] Total compute_uq: 24394.51 ms
    [TIMING] UQ Calculation (Proximity_Method_B): 26.1680 s
[TIMING] Random Forest fit/check: 0.01 ms
[TIMING] OOB/In-bag index reconstruction: 367.64 ms
[TIMING] Leaf weights & density precomputation: 1391.90 ms
[TIMING] Transfer structures to backend: 0.03 ms
[TIMING] Total fit: 1759.57 ms
[TIMING] Test leaf ID extraction: 92.12 ms
[TIMING] Proximity matrix accumulation: 23216.26 ms
[TIMING] Neighbor sorting & quantiles: 603.95 ms
[TIMING] Total compute_uq: 23914.06 ms
[DEBUG DENSITY] mean walked density = 64.4261, min = 60.9684, max = 68.0485
    [TIMING] UQ Calculation (Proximity_Method_C): 25.6757 s
[TIMING] Random Forest fit/check: 0.01 ms
[TIMING] OOB/In-bag index reconstruction: 761.98 ms
[TIMING] Leaf weights & density precomputation: 1317.75 ms
[TIMING] Transfer structures to backend: 0.01 ms
[TIMING] Total fit: 2079.76 ms
[TIMING] Test leaf ID extraction: 90.46 ms
[TIMING] Proximity matrix accumulation: 13839.93 ms
[TIMING] Neighbor sorting & quantiles: 88.32 ms
[TIMING] Total compute_uq: 14019.20 ms
[DEBUG DENSITY] mean walked density = 64.4261, min = 60.9684, max = 68.0485
    [TIMING] UQ Calculation (Proximity_Method_B_C): 16.1014 s
    [TIMING] Metrics Calculation: 0.1930 s
    [TIMING] Total Single Evaluation: 120.7579 s

  >>> Starting: Function=sin_cos_13d, Seed=0
    [TIMING] Data Generation: 0.0308 s
    [TIMING] Random Forest Fitting: 10.0744 s
    [TIMING] RF Predicting: 0.0937 s
    [TIMING] Base Aleatoric: 0.1266 s
[TIMING] Random Forest fit/check: 0.00 ms
[TIMING] OOB/In-bag index reconstruction: 364.83 ms
[TIMING] Leaf weights & density precomputation: 828.54 ms
[TIMING] Transfer structures to backend: 0.03 ms
[TIMING] Total fit: 1193.39 ms
[TIMING] Test leaf ID extraction: 102.16 ms
[TIMING] Proximity matrix accumulation: 12219.26 ms
[TIMING] Neighbor sorting & quantiles: 1015.65 ms
[TIMING] Total compute_uq: 13338.51 ms
    [TIMING] UQ Calculation (Proximity_Baseline): 14.5346 s
[TIMING] Random Forest fit/check: 0.00 ms
[TIMING] OOB/In-bag index reconstruction: 368.64 ms
[TIMING] Leaf weights & density precomputation: 1455.78 ms
[TIMING] Transfer structures to backend: 0.02 ms
[TIMING] Total fit: 1824.44 ms
[TIMING] Test leaf ID extraction: 101.95 ms
[TIMING] Proximity matrix accumulation: 28324.41 ms
[TIMING] Neighbor sorting & quantiles: 967.46 ms
[TIMING] Total compute_uq: 29396.30 ms
    [TIMING] UQ Calculation (Proximity_Method_A): 31.2237 s
[TIMING] Random Forest fit/check: 0.00 ms
[TIMING] OOB/In-bag index reconstruction: 365.73 ms
[TIMING] Leaf weights & density precomputation: 1448.95 ms
[TIMING] Transfer structures to backend: 0.02 ms
[TIMING] Total fit: 1814.70 ms
[TIMING] Test leaf ID extraction: 100.95 ms
[TIMING] Proximity matrix accumulation: 28249.04 ms
[TIMING] Neighbor sorting & quantiles: 269.76 ms
[TIMING] Total compute_uq: 28620.91 ms
    [TIMING] UQ Calculation (Proximity_Method_B): 30.4395 s
[TIMING] Random Forest fit/check: 0.01 ms
[TIMING] OOB/In-bag index reconstruction: 364.05 ms
[TIMING] Leaf weights & density precomputation: 1453.68 ms
[TIMING] Transfer structures to backend: 0.02 ms
[TIMING] Total fit: 1817.75 ms
[TIMING] Test leaf ID extraction: 102.03 ms
[TIMING] Proximity matrix accumulation: 35367.43 ms
[TIMING] Neighbor sorting & quantiles: 991.88 ms
[TIMING] Total compute_uq: 36463.97 ms
[DEBUG DENSITY] mean walked density = 64.4703, min = 61.0151, max = 68.0017
    [TIMING] UQ Calculation (Proximity_Method_C): 38.2928 s
[TIMING] Random Forest fit/check: 0.00 ms
[TIMING] OOB/In-bag index reconstruction: 369.13 ms
[TIMING] Leaf weights & density precomputation: 1454.00 ms
[TIMING] Transfer structures to backend: 0.02 ms
[TIMING] Total fit: 1823.15 ms
[TIMING] Test leaf ID extraction: 101.95 ms
[TIMING] Proximity matrix accumulation: 35717.58 ms
[TIMING] Neighbor sorting & quantiles: 271.49 ms
[TIMING] Total compute_uq: 36093.32 ms
[DEBUG DENSITY] mean walked density = 64.4703, min = 61.0151, max = 68.0017
    [TIMING] UQ Calculation (Proximity_Method_B_C): 37.9185 s
    [TIMING] Metrics Calculation: 15.0794 s
    [TIMING] Total Single Evaluation: 177.8148 s

  >>> Starting: Function=sin_cos_14d, Seed=0
    [TIMING] Data Generation: 0.1012 s
    [TIMING] Random Forest Fitting: 15.2186 s
    [TIMING] RF Predicting: 0.0936 s
    [TIMING] Base Aleatoric: 0.1387 s
[TIMING] Random Forest fit/check: 0.00 ms
[TIMING] OOB/In-bag index reconstruction: 462.22 ms
[TIMING] Leaf weights & density precomputation: 123.46 ms
[TIMING] Transfer structures to backend: 0.02 ms
[TIMING] Total fit: 585.70 ms
[TIMING] Test leaf ID extraction: 141.18 ms
[TIMING] Proximity matrix accumulation: 12660.42 ms
[TIMING] Neighbor sorting & quantiles: 1028.84 ms
[TIMING] Total compute_uq: 13831.05 ms
    [TIMING] UQ Calculation (Proximity_Baseline): 14.4194 s
[TIMING] Random Forest fit/check: 0.00 ms
[TIMING] OOB/In-bag index reconstruction: 467.39 ms
[TIMING] Leaf weights & density precomputation: 1544.94 ms
[TIMING] Transfer structures to backend: 0.02 ms
[TIMING] Total fit: 2012.35 ms
[TIMING] Test leaf ID extraction: 113.86 ms
[TIMING] Proximity matrix accumulation: 32874.65 ms
[TIMING] Neighbor sorting & quantiles: 1076.36 ms
[TIMING] Total compute_uq: 34065.68 ms
    [TIMING] UQ Calculation (Proximity_Method_A): 36.0812 s
[TIMING] Random Forest fit/check: 0.00 ms
[TIMING] OOB/In-bag index reconstruction: 376.91 ms
[TIMING] Leaf weights & density precomputation: 1539.28 ms
[TIMING] Transfer structures to backend: 0.02 ms
[TIMING] Total fit: 1916.20 ms
[TIMING] Test leaf ID extraction: 101.61 ms
[TIMING] Proximity matrix accumulation: 30780.52 ms
[TIMING] Neighbor sorting & quantiles: 280.37 ms
[TIMING] Total compute_uq: 31163.25 ms
    [TIMING] UQ Calculation (Proximity_Method_B): 33.0832 s
[TIMING] Random Forest fit/check: 0.00 ms
[TIMING] OOB/In-bag index reconstruction: 378.78 ms
[TIMING] Leaf weights & density precomputation: 1763.89 ms
[TIMING] Transfer structures to backend: 0.02 ms
[TIMING] Total fit: 2142.69 ms
[TIMING] Test leaf ID extraction: 112.25 ms
[TIMING] Proximity matrix accumulation: 41183.46 ms
[TIMING] Neighbor sorting & quantiles: 1096.95 ms
[TIMING] Total compute_uq: 42395.17 ms
[DEBUG DENSITY] mean walked density = 64.5067, min = 61.3717, max = 68.0419
    [TIMING] UQ Calculation (Proximity_Method_C): 44.5484 s
[TIMING] Random Forest fit/check: 0.03 ms
[TIMING] OOB/In-bag index reconstruction: 377.55 ms
[TIMING] Leaf weights & density precomputation: 1540.14 ms
[TIMING] Transfer structures to backend: 0.03 ms
[TIMING] Total fit: 1917.74 ms
[TIMING] Test leaf ID extraction: 114.73 ms
[TIMING] Proximity matrix accumulation: 41115.76 ms
[TIMING] Neighbor sorting & quantiles: 300.63 ms
[TIMING] Total compute_uq: 41532.93 ms
[DEBUG DENSITY] mean walked density = 64.5067, min = 61.3717, max = 68.0419
    [TIMING] UQ Calculation (Proximity_Method_B_C): 43.4625 s
    [TIMING] Metrics Calculation: 11.2157 s
    [TIMING] Total Single Evaluation: 198.3634 s

  >>> Starting: Function=sin_cos_15d, Seed=0
    [TIMING] Data Generation: 0.0564 s
    [TIMING] Random Forest Fitting: 20.6911 s
    [TIMING] RF Predicting: 0.0934 s
    [TIMING] Base Aleatoric: 0.1409 s
[TIMING] Random Forest fit/check: 0.00 ms
[TIMING] OOB/In-bag index reconstruction: 380.67 ms
[TIMING] Leaf weights & density precomputation: 182.85 ms
[TIMING] Transfer structures to backend: 0.02 ms
[TIMING] Total fit: 563.54 ms
[TIMING] Test leaf ID extraction: 114.58 ms
[TIMING] Proximity matrix accumulation: 8965.58 ms
[TIMING] Neighbor sorting & quantiles: 744.56 ms
[TIMING] Total compute_uq: 9825.37 ms
    [TIMING] UQ Calculation (Proximity_Baseline): 10.3898 s
[TIMING] Random Forest fit/check: 0.00 ms
[TIMING] OOB/In-bag index reconstruction: 377.81 ms
[TIMING] Leaf weights & density precomputation: 1321.91 ms
[TIMING] Transfer structures to backend: 0.01 ms
[TIMING] Total fit: 1699.74 ms
[TIMING] Test leaf ID extraction: 113.21 ms
[TIMING] Proximity matrix accumulation: 22918.11 ms
[TIMING] Neighbor sorting & quantiles: 778.49 ms
[TIMING] Total compute_uq: 23810.49 ms
    [TIMING] UQ Calculation (Proximity_Method_A): 25.5134 s
[TIMING] Random Forest fit/check: 0.01 ms
[TIMING] OOB/In-bag index reconstruction: 379.24 ms
[TIMING] Leaf weights & density precomputation: 1335.29 ms
[TIMING] Transfer structures to backend: 0.02 ms
[TIMING] Total fit: 1714.55 ms
[TIMING] Test leaf ID extraction: 115.06 ms
[TIMING] Proximity matrix accumulation: 26315.04 ms
[TIMING] Neighbor sorting & quantiles: 204.49 ms
[TIMING] Total compute_uq: 26635.20 ms
    [TIMING] UQ Calculation (Proximity_Method_B): 28.3539 s
[TIMING] Random Forest fit/check: 0.01 ms
[TIMING] OOB/In-bag index reconstruction: 391.99 ms
[TIMING] Leaf weights & density precomputation: 1468.55 ms
[TIMING] Transfer structures to backend: 0.01 ms
[TIMING] Total fit: 1860.56 ms
[TIMING] Test leaf ID extraction: 113.86 ms
[TIMING] Proximity matrix accumulation: 33814.23 ms
[TIMING] Neighbor sorting & quantiles: 933.96 ms
[TIMING] Total compute_uq: 34863.08 ms
[DEBUG DENSITY] mean walked density = 64.5218, min = 60.2939, max = 68.2052
    [TIMING] UQ Calculation (Proximity_Method_C): 36.7268 s
[TIMING] Random Forest fit/check: 0.04 ms
[TIMING] OOB/In-bag index reconstruction: 390.21 ms
[TIMING] Leaf weights & density precomputation: 1284.85 ms
[TIMING] Transfer structures to backend: 0.02 ms
[TIMING] Total fit: 1675.11 ms
[TIMING] Test leaf ID extraction: 113.12 ms
[TIMING] Proximity matrix accumulation: 34005.46 ms
[TIMING] Neighbor sorting & quantiles: 223.49 ms
[TIMING] Total compute_uq: 34342.65 ms
[DEBUG DENSITY] mean walked density = 64.5218, min = 60.2939, max = 68.2052
    [TIMING] UQ Calculation (Proximity_Method_B_C): 36.0293 s
    [TIMING] Metrics Calculation: 9.3659 s
    [TIMING] Total Single Evaluation: 167.3618 s
 [OK] (1957.0s, ETA: 195m remaining)
[RUN 2/7] 
  >>> Starting: Function=sin, Seed=1
    [TIMING] Data Generation: 0.0004 s
    [TIMING] Random Forest Fitting: 0.4241 s
    [TIMING] RF Predicting: 0.0431 s
    [TIMING] Base Aleatoric: 0.0502 s
[TIMING] Random Forest fit/check: 0.00 ms
[TIMING] OOB/In-bag index reconstruction: 166.17 ms
[TIMING] Leaf weights & density precomputation: 51.01 ms
[TIMING] Transfer structures to backend: 0.01 ms
[TIMING] Total fit: 217.19 ms
[TIMING] Test leaf ID extraction: 34.03 ms
[TIMING] Proximity matrix accumulation: 36.33 ms
[TIMING] Neighbor sorting & quantiles: 4.20 ms
[TIMING] Total compute_uq: 74.75 ms
    [TIMING] UQ Calculation (Proximity_Baseline): 0.2922 s
[TIMING] Random Forest fit/check: 0.00 ms
[TIMING] OOB/In-bag index reconstruction: 156.75 ms
[TIMING] Leaf weights & density precomputation: 292.16 ms
[TIMING] Transfer structures to backend: 0.01 ms
[TIMING] Total fit: 448.93 ms
[TIMING] Test leaf ID extraction: 33.57 ms
[TIMING] Proximity matrix accumulation: 222.51 ms
[TIMING] Neighbor sorting & quantiles: 11.34 ms
[TIMING] Total compute_uq: 267.65 ms
    [TIMING] UQ Calculation (Proximity_Method_A): 0.7193 s
[TIMING] Random Forest fit/check: 0.00 ms
[TIMING] OOB/In-bag index reconstruction: 154.81 ms
[TIMING] Leaf weights & density precomputation: 446.78 ms
[TIMING] Transfer structures to backend: 0.01 ms
[TIMING] Total fit: 601.60 ms
[TIMING] Test leaf ID extraction: 33.49 ms
[TIMING] Proximity matrix accumulation: 156.24 ms
[TIMING] Neighbor sorting & quantiles: 6.97 ms
[TIMING] Total compute_uq: 196.85 ms
    [TIMING] UQ Calculation (Proximity_Method_B): 0.7994 s
[TIMING] Random Forest fit/check: 0.00 ms
[TIMING] OOB/In-bag index reconstruction: 155.20 ms
[TIMING] Leaf weights & density precomputation: 468.13 ms
[TIMING] Transfer structures to backend: 0.01 ms
[TIMING] Total fit: 623.35 ms
[TIMING] Test leaf ID extraction: 34.28 ms
[TIMING] Proximity matrix accumulation: 288.19 ms
[TIMING] Neighbor sorting & quantiles: 11.29 ms
[TIMING] Total compute_uq: 334.52 ms
[DEBUG DENSITY] mean walked density = 64.9077, min = 57.0212, max = 72.0686
    [TIMING] UQ Calculation (Proximity_Method_C): 0.9688 s
[TIMING] Random Forest fit/check: 0.00 ms
[TIMING] OOB/In-bag index reconstruction: 154.48 ms
[TIMING] Leaf weights & density precomputation: 814.51 ms
[TIMING] Transfer structures to backend: 0.01 ms
[TIMING] Total fit: 969.00 ms
[TIMING] Test leaf ID extraction: 34.00 ms
[TIMING] Proximity matrix accumulation: 249.78 ms
[TIMING] Neighbor sorting & quantiles: 4.85 ms
[TIMING] Total compute_uq: 289.60 ms
[DEBUG DENSITY] mean walked density = 64.9077, min = 57.0212, max = 72.0686
    [TIMING] UQ Calculation (Proximity_Method_B_C): 1.2601 s
    [TIMING] Metrics Calculation: 0.0630 s
    [TIMING] Total Single Evaluation: 4.6209 s

  >>> Starting: Function=cos_trend, Seed=1
    [TIMING] Data Generation: 0.0003 s
    [TIMING] Random Forest Fitting: 0.3929 s
    [TIMING] RF Predicting: 0.0330 s
    [TIMING] Base Aleatoric: 0.0398 s
[TIMING] Random Forest fit/check: 0.00 ms
[TIMING] OOB/In-bag index reconstruction: 158.37 ms
[TIMING] Leaf weights & density precomputation: 735.27 ms
[TIMING] Transfer structures to backend: 0.03 ms
[TIMING] Total fit: 893.67 ms
[TIMING] Test leaf ID extraction: 35.95 ms
[TIMING] Proximity matrix accumulation: 65.27 ms
[TIMING] Neighbor sorting & quantiles: 11.39 ms
[TIMING] Total compute_uq: 114.74 ms
    [TIMING] UQ Calculation (Proximity_Baseline): 1.0110 s
[TIMING] Random Forest fit/check: 0.00 ms
[TIMING] OOB/In-bag index reconstruction: 167.73 ms
[TIMING] Leaf weights & density precomputation: 497.46 ms
[TIMING] Transfer structures to backend: 0.02 ms
[TIMING] Total fit: 665.20 ms
[TIMING] Test leaf ID extraction: 44.89 ms
[TIMING] Proximity matrix accumulation: 159.22 ms
[TIMING] Neighbor sorting & quantiles: 5.16 ms
[TIMING] Total compute_uq: 209.46 ms
    [TIMING] UQ Calculation (Proximity_Method_A): 0.8753 s
[TIMING] Random Forest fit/check: 0.00 ms
[TIMING] OOB/In-bag index reconstruction: 166.00 ms
[TIMING] Leaf weights & density precomputation: 528.11 ms
[TIMING] Transfer structures to backend: 0.01 ms
[TIMING] Total fit: 694.12 ms
[TIMING] Test leaf ID extraction: 44.97 ms
[TIMING] Proximity matrix accumulation: 283.19 ms
[TIMING] Neighbor sorting & quantiles: 23.67 ms
[TIMING] Total compute_uq: 352.16 ms
    [TIMING] UQ Calculation (Proximity_Method_B): 1.0500 s
[TIMING] Random Forest fit/check: 0.00 ms
[TIMING] OOB/In-bag index reconstruction: 292.47 ms
[TIMING] Leaf weights & density precomputation: 863.39 ms
[TIMING] Transfer structures to backend: 0.02 ms
[TIMING] Total fit: 1155.88 ms
[TIMING] Test leaf ID extraction: 127.71 ms
[TIMING] Proximity matrix accumulation: 633.68 ms
[TIMING] Neighbor sorting & quantiles: 4.76 ms
[TIMING] Total compute_uq: 766.40 ms
[DEBUG DENSITY] mean walked density = 64.5672, min = 57.6748, max = 70.6451
    [TIMING] UQ Calculation (Proximity_Method_C): 1.9246 s
[TIMING] Random Forest fit/check: 0.01 ms
[TIMING] OOB/In-bag index reconstruction: 343.84 ms
[TIMING] Leaf weights & density precomputation: 638.69 ms
[TIMING] Transfer structures to backend: 13.04 ms
[TIMING] Total fit: 995.57 ms
[TIMING] Test leaf ID extraction: 139.43 ms
[TIMING] Proximity matrix accumulation: 664.49 ms
[TIMING] Neighbor sorting & quantiles: 49.64 ms
[TIMING] Total compute_uq: 855.90 ms
[DEBUG DENSITY] mean walked density = 64.5672, min = 57.6748, max = 70.6451
    [TIMING] UQ Calculation (Proximity_Method_B_C): 1.8760 s
    [TIMING] Metrics Calculation: 4.4649 s
    [TIMING] Total Single Evaluation: 11.6682 s

  >>> Starting: Function=poly, Seed=1
    [TIMING] Data Generation: 0.0005 s
    [TIMING] Random Forest Fitting: 0.7573 s
    [TIMING] RF Predicting: 0.1144 s
    [TIMING] Base Aleatoric: 0.1501 s
[TIMING] Random Forest fit/check: 0.00 ms
[TIMING] OOB/In-bag index reconstruction: 305.36 ms
[TIMING] Leaf weights & density precomputation: 75.72 ms
[TIMING] Transfer structures to backend: 0.02 ms
[TIMING] Total fit: 381.10 ms
[TIMING] Test leaf ID extraction: 45.66 ms
[TIMING] Proximity matrix accumulation: 59.18 ms
[TIMING] Neighbor sorting & quantiles: 4.33 ms
[TIMING] Total compute_uq: 109.44 ms
    [TIMING] UQ Calculation (Proximity_Baseline): 0.4907 s
[TIMING] Random Forest fit/check: 0.00 ms
[TIMING] OOB/In-bag index reconstruction: 160.64 ms
[TIMING] Leaf weights & density precomputation: 291.63 ms
[TIMING] Transfer structures to backend: 0.01 ms
[TIMING] Total fit: 452.28 ms
[TIMING] Test leaf ID extraction: 44.72 ms
[TIMING] Proximity matrix accumulation: 157.43 ms
[TIMING] Neighbor sorting & quantiles: 4.35 ms
[TIMING] Total compute_uq: 206.70 ms
    [TIMING] UQ Calculation (Proximity_Method_A): 0.6596 s
[TIMING] Random Forest fit/check: 0.00 ms
[TIMING] OOB/In-bag index reconstruction: 166.36 ms
[TIMING] Leaf weights & density precomputation: 622.48 ms
[TIMING] Transfer structures to backend: 0.01 ms
[TIMING] Total fit: 788.85 ms
[TIMING] Test leaf ID extraction: 55.07 ms
[TIMING] Proximity matrix accumulation: 156.95 ms
[TIMING] Neighbor sorting & quantiles: 6.10 ms
[TIMING] Total compute_uq: 218.32 ms
    [TIMING] UQ Calculation (Proximity_Method_B): 1.0084 s
[TIMING] Random Forest fit/check: 0.00 ms
[TIMING] OOB/In-bag index reconstruction: 178.92 ms
[TIMING] Leaf weights & density precomputation: 473.86 ms
[TIMING] Transfer structures to backend: 0.02 ms
[TIMING] Total fit: 652.80 ms
[TIMING] Test leaf ID extraction: 54.81 ms
[TIMING] Proximity matrix accumulation: 293.19 ms
[TIMING] Neighbor sorting & quantiles: 11.33 ms
[TIMING] Total compute_uq: 360.03 ms
[DEBUG DENSITY] mean walked density = 64.6358, min = 56.3246, max = 72.7088
    [TIMING] UQ Calculation (Proximity_Method_C): 1.0242 s
[TIMING] Random Forest fit/check: 0.00 ms
[TIMING] OOB/In-bag index reconstruction: 176.23 ms
[TIMING] Leaf weights & density precomputation: 820.94 ms
[TIMING] Transfer structures to backend: 0.01 ms
[TIMING] Total fit: 997.19 ms
[TIMING] Test leaf ID extraction: 45.00 ms
[TIMING] Proximity matrix accumulation: 263.26 ms
[TIMING] Neighbor sorting & quantiles: 6.01 ms
[TIMING] Total compute_uq: 314.53 ms
[DEBUG DENSITY] mean walked density = 64.6358, min = 56.3246, max = 72.7088
    [TIMING] UQ Calculation (Proximity_Method_B_C): 1.3140 s
    [TIMING] Metrics Calculation: 0.0915 s
    [TIMING] Total Single Evaluation: 5.6265 s

  >>> Starting: Function=damped_osc, Seed=1
    [TIMING] Data Generation: 0.0005 s
    [TIMING] Random Forest Fitting: 0.3832 s
    [TIMING] RF Predicting: 0.0536 s
    [TIMING] Base Aleatoric: 0.0496 s
[TIMING] Random Forest fit/check: 0.00 ms
[TIMING] OOB/In-bag index reconstruction: 166.49 ms
[TIMING] Leaf weights & density precomputation: 763.71 ms
[TIMING] Transfer structures to backend: 0.02 ms
[TIMING] Total fit: 930.21 ms
[TIMING] Test leaf ID extraction: 45.02 ms
[TIMING] Proximity matrix accumulation: 65.02 ms
[TIMING] Neighbor sorting & quantiles: 11.46 ms
[TIMING] Total compute_uq: 122.47 ms
    [TIMING] UQ Calculation (Proximity_Baseline): 1.0552 s
[TIMING] Random Forest fit/check: 0.00 ms
[TIMING] OOB/In-bag index reconstruction: 165.34 ms
[TIMING] Leaf weights & density precomputation: 347.96 ms
[TIMING] Transfer structures to backend: 0.03 ms
[TIMING] Total fit: 513.33 ms
[TIMING] Test leaf ID extraction: 44.89 ms
[TIMING] Proximity matrix accumulation: 163.69 ms
[TIMING] Neighbor sorting & quantiles: 4.97 ms
[TIMING] Total compute_uq: 213.79 ms
    [TIMING] UQ Calculation (Proximity_Method_A): 0.7278 s
[TIMING] Random Forest fit/check: 0.00 ms
[TIMING] OOB/In-bag index reconstruction: 168.25 ms
[TIMING] Leaf weights & density precomputation: 810.63 ms
[TIMING] Transfer structures to backend: 0.02 ms
[TIMING] Total fit: 978.90 ms
[TIMING] Test leaf ID extraction: 56.92 ms
[TIMING] Proximity matrix accumulation: 266.99 ms
[TIMING] Neighbor sorting & quantiles: 24.19 ms
[TIMING] Total compute_uq: 348.94 ms
    [TIMING] UQ Calculation (Proximity_Method_B): 1.3318 s
[TIMING] Random Forest fit/check: 0.00 ms
[TIMING] OOB/In-bag index reconstruction: 265.48 ms
[TIMING] Leaf weights & density precomputation: 663.79 ms
[TIMING] Transfer structures to backend: 0.01 ms
[TIMING] Total fit: 929.29 ms
[TIMING] Test leaf ID extraction: 34.15 ms
[TIMING] Proximity matrix accumulation: 230.67 ms
[TIMING] Neighbor sorting & quantiles: 4.42 ms
[TIMING] Total compute_uq: 269.45 ms
[DEBUG DENSITY] mean walked density = 64.1312, min = 56.7710, max = 73.7545
    [TIMING] UQ Calculation (Proximity_Method_C): 1.2011 s
[TIMING] Random Forest fit/check: 0.00 ms
[TIMING] OOB/In-bag index reconstruction: 156.08 ms
[TIMING] Leaf weights & density precomputation: 577.29 ms
[TIMING] Transfer structures to backend: 0.02 ms
[TIMING] Total fit: 733.39 ms
[TIMING] Test leaf ID extraction: 110.67 ms
[TIMING] Proximity matrix accumulation: 383.15 ms
[TIMING] Neighbor sorting & quantiles: 30.87 ms
[TIMING] Total compute_uq: 525.88 ms
[DEBUG DENSITY] mean walked density = 64.1312, min = 56.7710, max = 73.7545
    [TIMING] UQ Calculation (Proximity_Method_B_C): 1.2707 s
    [TIMING] Metrics Calculation: 3.4687 s
    [TIMING] Total Single Evaluation: 9.5424 s

  >>> Starting: Function=log_mod, Seed=1
    [TIMING] Data Generation: 0.0005 s
    [TIMING] Random Forest Fitting: 0.4046 s
    [TIMING] RF Predicting: 0.0435 s
    [TIMING] Base Aleatoric: 0.0498 s
[TIMING] Random Forest fit/check: 0.00 ms
[TIMING] OOB/In-bag index reconstruction: 167.25 ms
[TIMING] Leaf weights & density precomputation: 49.91 ms
[TIMING] Transfer structures to backend: 0.01 ms
[TIMING] Total fit: 217.18 ms
[TIMING] Test leaf ID extraction: 43.67 ms
[TIMING] Proximity matrix accumulation: 52.19 ms
[TIMING] Neighbor sorting & quantiles: 4.25 ms
[TIMING] Total compute_uq: 100.35 ms
    [TIMING] UQ Calculation (Proximity_Baseline): 0.3177 s
[TIMING] Random Forest fit/check: 0.00 ms
[TIMING] OOB/In-bag index reconstruction: 201.93 ms
[TIMING] Leaf weights & density precomputation: 335.92 ms
[TIMING] Transfer structures to backend: 0.01 ms
[TIMING] Total fit: 537.86 ms
[TIMING] Test leaf ID extraction: 44.30 ms
[TIMING] Proximity matrix accumulation: 234.81 ms
[TIMING] Neighbor sorting & quantiles: 11.33 ms
[TIMING] Total compute_uq: 291.56 ms
    [TIMING] UQ Calculation (Proximity_Method_A): 0.8322 s
[TIMING] Random Forest fit/check: 0.00 ms
[TIMING] OOB/In-bag index reconstruction: 167.02 ms
[TIMING] Leaf weights & density precomputation: 347.18 ms
[TIMING] Transfer structures to backend: 0.02 ms
[TIMING] Total fit: 514.21 ms
[TIMING] Test leaf ID extraction: 33.93 ms
[TIMING] Proximity matrix accumulation: 156.00 ms
[TIMING] Neighbor sorting & quantiles: 7.24 ms
[TIMING] Total compute_uq: 197.39 ms
    [TIMING] UQ Calculation (Proximity_Method_B): 0.7128 s
[TIMING] Random Forest fit/check: 0.00 ms
[TIMING] OOB/In-bag index reconstruction: 166.70 ms
[TIMING] Leaf weights & density precomputation: 539.18 ms
[TIMING] Transfer structures to backend: 0.02 ms
[TIMING] Total fit: 705.90 ms
[TIMING] Test leaf ID extraction: 106.54 ms
[TIMING] Proximity matrix accumulation: 428.04 ms
[TIMING] Neighbor sorting & quantiles: 11.34 ms
[TIMING] Total compute_uq: 546.22 ms
[DEBUG DENSITY] mean walked density = 65.1189, min = 57.5541, max = 72.4717
    [TIMING] UQ Calculation (Proximity_Method_C): 1.2633 s
[TIMING] Random Forest fit/check: 0.00 ms
[TIMING] OOB/In-bag index reconstruction: 254.65 ms
[TIMING] Leaf weights & density precomputation: 506.81 ms
[TIMING] Transfer structures to backend: 0.02 ms
[TIMING] Total fit: 761.48 ms
[TIMING] Test leaf ID extraction: 166.97 ms
[TIMING] Proximity matrix accumulation: 538.67 ms
[TIMING] Neighbor sorting & quantiles: 6.73 ms
[TIMING] Total compute_uq: 712.64 ms
[DEBUG DENSITY] mean walked density = 65.1189, min = 57.5541, max = 72.4717
    [TIMING] UQ Calculation (Proximity_Method_B_C): 1.4763 s
    [TIMING] Metrics Calculation: 2.0715 s
    [TIMING] Total Single Evaluation: 7.1724 s

  >>> Starting: Function=sin_cos, Seed=1
    [TIMING] Data Generation: 0.0017 s
    [TIMING] Random Forest Fitting: 1.1527 s
    [TIMING] RF Predicting: 0.1495 s
    [TIMING] Base Aleatoric: 0.1705 s
[TIMING] Random Forest fit/check: 0.00 ms
[TIMING] OOB/In-bag index reconstruction: 429.13 ms
[TIMING] Leaf weights & density precomputation: 153.13 ms
[TIMING] Transfer structures to backend: 0.02 ms
[TIMING] Total fit: 582.28 ms
[TIMING] Test leaf ID extraction: 157.36 ms
[TIMING] Proximity matrix accumulation: 320.04 ms
[TIMING] Neighbor sorting & quantiles: 41.35 ms
[TIMING] Total compute_uq: 519.01 ms
    [TIMING] UQ Calculation (Proximity_Baseline): 1.1038 s
[TIMING] Random Forest fit/check: 0.00 ms
[TIMING] OOB/In-bag index reconstruction: 351.63 ms
[TIMING] Leaf weights & density precomputation: 746.52 ms
[TIMING] Transfer structures to backend: 0.02 ms
[TIMING] Total fit: 1098.18 ms
[TIMING] Test leaf ID extraction: 45.88 ms
[TIMING] Proximity matrix accumulation: 932.37 ms
[TIMING] Neighbor sorting & quantiles: 35.80 ms
[TIMING] Total compute_uq: 1014.39 ms
    [TIMING] UQ Calculation (Proximity_Method_A): 2.1130 s
[TIMING] Random Forest fit/check: 0.00 ms
[TIMING] OOB/In-bag index reconstruction: 199.44 ms
[TIMING] Leaf weights & density precomputation: 346.17 ms
[TIMING] Transfer structures to backend: 0.02 ms
[TIMING] Total fit: 545.63 ms
[TIMING] Test leaf ID extraction: 45.86 ms
[TIMING] Proximity matrix accumulation: 894.10 ms
[TIMING] Neighbor sorting & quantiles: 41.94 ms
[TIMING] Total compute_uq: 983.80 ms
    [TIMING] UQ Calculation (Proximity_Method_B): 1.5330 s
[TIMING] Random Forest fit/check: 0.04 ms
[TIMING] OOB/In-bag index reconstruction: 201.17 ms
[TIMING] Leaf weights & density precomputation: 850.86 ms
[TIMING] Transfer structures to backend: 0.02 ms
[TIMING] Total fit: 1052.09 ms
[TIMING] Test leaf ID extraction: 45.40 ms
[TIMING] Proximity matrix accumulation: 857.75 ms
[TIMING] Neighbor sorting & quantiles: 25.73 ms
[TIMING] Total compute_uq: 931.18 ms
[DEBUG DENSITY] mean walked density = 66.0954, min = 48.5333, max = 74.6854
    [TIMING] UQ Calculation (Proximity_Method_C): 1.9848 s
[TIMING] Random Forest fit/check: 0.00 ms
[TIMING] OOB/In-bag index reconstruction: 188.25 ms
[TIMING] Leaf weights & density precomputation: 334.64 ms
[TIMING] Transfer structures to backend: 0.01 ms
[TIMING] Total fit: 522.91 ms
[TIMING] Test leaf ID extraction: 46.44 ms
[TIMING] Proximity matrix accumulation: 531.73 ms
[TIMING] Neighbor sorting & quantiles: 9.13 ms
[TIMING] Total compute_uq: 587.58 ms
[DEBUG DENSITY] mean walked density = 66.0954, min = 48.5333, max = 74.6854
    [TIMING] UQ Calculation (Proximity_Method_B_C): 1.1118 s
    [TIMING] Metrics Calculation: 0.0806 s
    [TIMING] Total Single Evaluation: 9.4020 s

  >>> Starting: Function=quadratic, Seed=1
    [TIMING] Data Generation: 0.0011 s
    [TIMING] Random Forest Fitting: 0.4178 s
    [TIMING] RF Predicting: 0.0541 s
    [TIMING] Base Aleatoric: 0.0565 s
[TIMING] Random Forest fit/check: 0.00 ms
[TIMING] OOB/In-bag index reconstruction: 216.79 ms
[TIMING] Leaf weights & density precomputation: 738.61 ms
[TIMING] Transfer structures to backend: 0.03 ms
[TIMING] Total fit: 955.43 ms
[TIMING] Test leaf ID extraction: 57.08 ms
[TIMING] Proximity matrix accumulation: 241.24 ms
[TIMING] Neighbor sorting & quantiles: 26.35 ms
[TIMING] Total compute_uq: 326.64 ms
    [TIMING] UQ Calculation (Proximity_Baseline): 1.2823 s
[TIMING] Random Forest fit/check: 0.00 ms
[TIMING] OOB/In-bag index reconstruction: 195.86 ms
[TIMING] Leaf weights & density precomputation: 328.23 ms
[TIMING] Transfer structures to backend: 0.01 ms
[TIMING] Total fit: 524.11 ms
[TIMING] Test leaf ID extraction: 44.65 ms
[TIMING] Proximity matrix accumulation: 903.92 ms
[TIMING] Neighbor sorting & quantiles: 35.76 ms
[TIMING] Total compute_uq: 984.65 ms
    [TIMING] UQ Calculation (Proximity_Method_A): 1.5115 s
[TIMING] Random Forest fit/check: 0.00 ms
[TIMING] OOB/In-bag index reconstruction: 187.43 ms
[TIMING] Leaf weights & density precomputation: 870.77 ms
[TIMING] Transfer structures to backend: 0.02 ms
[TIMING] Total fit: 1058.22 ms
[TIMING] Test leaf ID extraction: 45.18 ms
[TIMING] Proximity matrix accumulation: 961.13 ms
[TIMING] Neighbor sorting & quantiles: 41.92 ms
[TIMING] Total compute_uq: 1048.75 ms
    [TIMING] UQ Calculation (Proximity_Method_B): 2.1103 s
[TIMING] Random Forest fit/check: 0.00 ms
[TIMING] OOB/In-bag index reconstruction: 182.83 ms
[TIMING] Leaf weights & density precomputation: 393.27 ms
[TIMING] Transfer structures to backend: 0.02 ms
[TIMING] Total fit: 576.12 ms
[TIMING] Test leaf ID extraction: 46.57 ms
[TIMING] Proximity matrix accumulation: 650.91 ms
[TIMING] Neighbor sorting & quantiles: 19.53 ms
[TIMING] Total compute_uq: 717.57 ms
[DEBUG DENSITY] mean walked density = 66.1269, min = 58.5393, max = 72.6620
    [TIMING] UQ Calculation (Proximity_Method_C): 1.2964 s
[TIMING] Random Forest fit/check: 0.00 ms
[TIMING] OOB/In-bag index reconstruction: 203.46 ms
[TIMING] Leaf weights & density precomputation: 857.44 ms
[TIMING] Transfer structures to backend: 0.02 ms
[TIMING] Total fit: 1060.93 ms
[TIMING] Test leaf ID extraction: 46.80 ms
[TIMING] Proximity matrix accumulation: 1187.08 ms
[TIMING] Neighbor sorting & quantiles: 42.00 ms
[TIMING] Total compute_uq: 1276.22 ms
[DEBUG DENSITY] mean walked density = 66.1269, min = 58.5393, max = 72.6620
    [TIMING] UQ Calculation (Proximity_Method_B_C): 2.3484 s
    [TIMING] Metrics Calculation: 0.0760 s
    [TIMING] Total Single Evaluation: 9.1549 s

  >>> Starting: Function=sin_sum_mod, Seed=1
    [TIMING] Data Generation: 0.0011 s
    [TIMING] Random Forest Fitting: 0.4294 s
    [TIMING] RF Predicting: 0.0545 s
    [TIMING] Base Aleatoric: 0.0522 s
[TIMING] Random Forest fit/check: 0.00 ms
[TIMING] OOB/In-bag index reconstruction: 185.94 ms
[TIMING] Leaf weights & density precomputation: 58.32 ms
[TIMING] Transfer structures to backend: 0.01 ms
[TIMING] Total fit: 244.27 ms
[TIMING] Test leaf ID extraction: 45.82 ms
[TIMING] Proximity matrix accumulation: 182.24 ms
[TIMING] Neighbor sorting & quantiles: 20.26 ms
[TIMING] Total compute_uq: 248.75 ms
    [TIMING] UQ Calculation (Proximity_Baseline): 0.4935 s
[TIMING] Random Forest fit/check: 0.00 ms
[TIMING] OOB/In-bag index reconstruction: 187.31 ms
[TIMING] Leaf weights & density precomputation: 624.86 ms
[TIMING] Transfer structures to backend: 0.01 ms
[TIMING] Total fit: 812.18 ms
[TIMING] Test leaf ID extraction: 34.88 ms
[TIMING] Proximity matrix accumulation: 960.20 ms
[TIMING] Neighbor sorting & quantiles: 40.67 ms
[TIMING] Total compute_uq: 1036.84 ms
    [TIMING] UQ Calculation (Proximity_Method_A): 1.8518 s
[TIMING] Random Forest fit/check: 0.00 ms
[TIMING] OOB/In-bag index reconstruction: 176.68 ms
[TIMING] Leaf weights & density precomputation: 865.56 ms
[TIMING] Transfer structures to backend: 0.01 ms
[TIMING] Total fit: 1042.25 ms
[TIMING] Test leaf ID extraction: 35.50 ms
[TIMING] Proximity matrix accumulation: 962.47 ms
[TIMING] Neighbor sorting & quantiles: 42.09 ms
[TIMING] Total compute_uq: 1041.88 ms
    [TIMING] UQ Calculation (Proximity_Method_B): 2.0874 s
[TIMING] Random Forest fit/check: 0.00 ms
[TIMING] OOB/In-bag index reconstruction: 174.07 ms
[TIMING] Leaf weights & density precomputation: 402.50 ms
[TIMING] Transfer structures to backend: 0.01 ms
[TIMING] Total fit: 576.59 ms
[TIMING] Test leaf ID extraction: 34.04 ms
[TIMING] Proximity matrix accumulation: 651.61 ms
[TIMING] Neighbor sorting & quantiles: 19.67 ms
[TIMING] Total compute_uq: 705.56 ms
[DEBUG DENSITY] mean walked density = 63.6698, min = 51.2305, max = 77.1692
    [TIMING] UQ Calculation (Proximity_Method_C): 1.2847 s
[TIMING] Random Forest fit/check: 0.00 ms
[TIMING] OOB/In-bag index reconstruction: 175.76 ms
[TIMING] Leaf weights & density precomputation: 856.65 ms
[TIMING] Transfer structures to backend: 0.01 ms
[TIMING] Total fit: 1032.43 ms
[TIMING] Test leaf ID extraction: 34.73 ms
[TIMING] Proximity matrix accumulation: 1185.24 ms
[TIMING] Neighbor sorting & quantiles: 42.16 ms
[TIMING] Total compute_uq: 1262.49 ms
[DEBUG DENSITY] mean walked density = 63.6698, min = 51.2305, max = 77.1692
    [TIMING] UQ Calculation (Proximity_Method_B_C): 2.3058 s
    [TIMING] Metrics Calculation: 0.0852 s
    [TIMING] Total Single Evaluation: 8.6460 s

  >>> Starting: Function=gaussian, Seed=1
    [TIMING] Data Generation: 0.0010 s
    [TIMING] Random Forest Fitting: 0.4042 s
    [TIMING] RF Predicting: 0.0426 s
    [TIMING] Base Aleatoric: 0.0406 s
[TIMING] Random Forest fit/check: 0.00 ms
[TIMING] OOB/In-bag index reconstruction: 198.39 ms
[TIMING] Leaf weights & density precomputation: 458.00 ms
[TIMING] Transfer structures to backend: 0.10 ms
[TIMING] Total fit: 656.49 ms
[TIMING] Test leaf ID extraction: 47.13 ms
[TIMING] Proximity matrix accumulation: 149.79 ms
[TIMING] Neighbor sorting & quantiles: 16.63 ms
[TIMING] Total compute_uq: 213.90 ms
    [TIMING] UQ Calculation (Proximity_Baseline): 0.8707 s
[TIMING] Random Forest fit/check: 0.00 ms
[TIMING] OOB/In-bag index reconstruction: 198.95 ms
[TIMING] Leaf weights & density precomputation: 331.82 ms
[TIMING] Transfer structures to backend: 0.01 ms
[TIMING] Total fit: 530.78 ms
[TIMING] Test leaf ID extraction: 45.59 ms
[TIMING] Proximity matrix accumulation: 428.01 ms
[TIMING] Neighbor sorting & quantiles: 15.94 ms
[TIMING] Total compute_uq: 489.76 ms
    [TIMING] UQ Calculation (Proximity_Method_A): 1.0209 s
[TIMING] Random Forest fit/check: 0.00 ms
[TIMING] OOB/In-bag index reconstruction: 201.69 ms
[TIMING] Leaf weights & density precomputation: 335.12 ms
[TIMING] Transfer structures to backend: 0.02 ms
[TIMING] Total fit: 536.82 ms
[TIMING] Test leaf ID extraction: 45.44 ms
[TIMING] Proximity matrix accumulation: 934.15 ms
[TIMING] Neighbor sorting & quantiles: 39.95 ms
[TIMING] Total compute_uq: 1019.79 ms
    [TIMING] UQ Calculation (Proximity_Method_B): 1.5603 s
[TIMING] Random Forest fit/check: 0.01 ms
[TIMING] OOB/In-bag index reconstruction: 176.18 ms
[TIMING] Leaf weights & density precomputation: 423.07 ms
[TIMING] Transfer structures to backend: 0.02 ms
[TIMING] Total fit: 599.27 ms
[TIMING] Test leaf ID extraction: 34.59 ms
[TIMING] Proximity matrix accumulation: 646.96 ms
[TIMING] Neighbor sorting & quantiles: 19.49 ms
[TIMING] Total compute_uq: 701.27 ms
[DEBUG DENSITY] mean walked density = 64.5411, min = 58.8891, max = 72.5136
    [TIMING] UQ Calculation (Proximity_Method_C): 1.3029 s
[TIMING] Random Forest fit/check: 0.00 ms
[TIMING] OOB/In-bag index reconstruction: 174.91 ms
[TIMING] Leaf weights & density precomputation: 867.97 ms
[TIMING] Transfer structures to backend: 0.02 ms
[TIMING] Total fit: 1042.90 ms
[TIMING] Test leaf ID extraction: 35.31 ms
[TIMING] Proximity matrix accumulation: 1195.63 ms
[TIMING] Neighbor sorting & quantiles: 41.97 ms
[TIMING] Total compute_uq: 1274.83 ms
[DEBUG DENSITY] mean walked density = 64.5411, min = 58.8891, max = 72.5136
    [TIMING] UQ Calculation (Proximity_Method_B_C): 2.3286 s
    [TIMING] Metrics Calculation: 0.0960 s
    [TIMING] Total Single Evaluation: 7.6680 s

  >>> Starting: Function=abs_sin, Seed=1
    [TIMING] Data Generation: 0.0011 s
    [TIMING] Random Forest Fitting: 0.4296 s
    [TIMING] RF Predicting: 0.0432 s
    [TIMING] Base Aleatoric: 0.0527 s
[TIMING] Random Forest fit/check: 0.00 ms
[TIMING] OOB/In-bag index reconstruction: 186.32 ms
[TIMING] Leaf weights & density precomputation: 57.83 ms
[TIMING] Transfer structures to backend: 0.01 ms
[TIMING] Total fit: 244.17 ms
[TIMING] Test leaf ID extraction: 45.73 ms
[TIMING] Proximity matrix accumulation: 175.13 ms
[TIMING] Neighbor sorting & quantiles: 19.35 ms
[TIMING] Total compute_uq: 240.44 ms
    [TIMING] UQ Calculation (Proximity_Baseline): 0.4850 s
[TIMING] Random Forest fit/check: 0.00 ms
[TIMING] OOB/In-bag index reconstruction: 186.61 ms
[TIMING] Leaf weights & density precomputation: 609.32 ms
[TIMING] Transfer structures to backend: 0.02 ms
[TIMING] Total fit: 795.95 ms
[TIMING] Test leaf ID extraction: 45.72 ms
[TIMING] Proximity matrix accumulation: 954.11 ms
[TIMING] Neighbor sorting & quantiles: 38.03 ms
[TIMING] Total compute_uq: 1038.44 ms
    [TIMING] UQ Calculation (Proximity_Method_A): 1.8350 s
[TIMING] Random Forest fit/check: 0.00 ms
[TIMING] OOB/In-bag index reconstruction: 186.09 ms
[TIMING] Leaf weights & density precomputation: 858.33 ms
[TIMING] Transfer structures to backend: 0.01 ms
[TIMING] Total fit: 1044.44 ms
[TIMING] Test leaf ID extraction: 45.44 ms
[TIMING] Proximity matrix accumulation: 746.27 ms
[TIMING] Neighbor sorting & quantiles: 21.94 ms
[TIMING] Total compute_uq: 815.90 ms
    [TIMING] UQ Calculation (Proximity_Method_B): 1.8615 s
[TIMING] Random Forest fit/check: 0.00 ms
[TIMING] OOB/In-bag index reconstruction: 186.76 ms
[TIMING] Leaf weights & density precomputation: 385.84 ms
[TIMING] Transfer structures to backend: 0.01 ms
[TIMING] Total fit: 572.62 ms
[TIMING] Test leaf ID extraction: 45.07 ms
[TIMING] Proximity matrix accumulation: 1194.27 ms
[TIMING] Neighbor sorting & quantiles: 40.57 ms
[TIMING] Total compute_uq: 1280.50 ms
[DEBUG DENSITY] mean walked density = 63.8377, min = 47.1159, max = 78.9202
    [TIMING] UQ Calculation (Proximity_Method_C): 1.8640 s
[TIMING] Random Forest fit/check: 0.00 ms
[TIMING] OOB/In-bag index reconstruction: 186.22 ms
[TIMING] Leaf weights & density precomputation: 872.31 ms
[TIMING] Transfer structures to backend: 0.01 ms
[TIMING] Total fit: 1058.54 ms
[TIMING] Test leaf ID extraction: 45.10 ms
[TIMING] Proximity matrix accumulation: 1194.06 ms
[TIMING] Neighbor sorting & quantiles: 42.07 ms
[TIMING] Total compute_uq: 1281.93 ms
[DEBUG DENSITY] mean walked density = 63.8377, min = 47.1159, max = 78.9202
    [TIMING] UQ Calculation (Proximity_Method_B_C): 2.3512 s
    [TIMING] Metrics Calculation: 0.0832 s
    [TIMING] Total Single Evaluation: 9.0070 s

  >>> Starting: Function=sin_cos_sin, Seed=1
    [TIMING] Data Generation: 0.0031 s
    [TIMING] Random Forest Fitting: 0.5413 s
    [TIMING] RF Predicting: 0.0533 s
    [TIMING] Base Aleatoric: 0.0518 s
[TIMING] Random Forest fit/check: 0.00 ms
[TIMING] OOB/In-bag index reconstruction: 188.41 ms
[TIMING] Leaf weights & density precomputation: 67.77 ms
[TIMING] Transfer structures to backend: 0.02 ms
[TIMING] Total fit: 256.20 ms
[TIMING] Test leaf ID extraction: 45.48 ms
[TIMING] Proximity matrix accumulation: 450.00 ms
[TIMING] Neighbor sorting & quantiles: 47.80 ms
[TIMING] Total compute_uq: 543.53 ms
    [TIMING] UQ Calculation (Proximity_Baseline): 0.8023 s
[TIMING] Random Forest fit/check: 0.00 ms
[TIMING] OOB/In-bag index reconstruction: 187.95 ms
[TIMING] Leaf weights & density precomputation: 889.20 ms
[TIMING] Transfer structures to backend: 0.01 ms
[TIMING] Total fit: 1077.16 ms
[TIMING] Test leaf ID extraction: 44.68 ms
[TIMING] Proximity matrix accumulation: 1580.23 ms
[TIMING] Neighbor sorting & quantiles: 52.14 ms
[TIMING] Total compute_uq: 1678.87 ms
    [TIMING] UQ Calculation (Proximity_Method_A): 2.7588 s
[TIMING] Random Forest fit/check: 0.00 ms
[TIMING] OOB/In-bag index reconstruction: 186.91 ms
[TIMING] Leaf weights & density precomputation: 691.28 ms
[TIMING] Transfer structures to backend: 0.02 ms
[TIMING] Total fit: 878.20 ms
[TIMING] Test leaf ID extraction: 56.52 ms
[TIMING] Proximity matrix accumulation: 701.56 ms
[TIMING] Neighbor sorting & quantiles: 10.12 ms
[TIMING] Total compute_uq: 768.62 ms
    [TIMING] UQ Calculation (Proximity_Method_B): 1.6479 s
[TIMING] Random Forest fit/check: 0.00 ms
[TIMING] OOB/In-bag index reconstruction: 188.24 ms
[TIMING] Leaf weights & density precomputation: 390.19 ms
[TIMING] Transfer structures to backend: 0.04 ms
[TIMING] Total fit: 578.47 ms
[TIMING] Test leaf ID extraction: 46.16 ms
[TIMING] Proximity matrix accumulation: 991.26 ms
[TIMING] Neighbor sorting & quantiles: 29.83 ms
[TIMING] Total compute_uq: 1067.55 ms
[DEBUG DENSITY] mean walked density = 62.6740, min = 49.5304, max = 73.9902
    [TIMING] UQ Calculation (Proximity_Method_C): 1.6572 s
[TIMING] Random Forest fit/check: 0.01 ms
[TIMING] OOB/In-bag index reconstruction: 187.99 ms
[TIMING] Leaf weights & density precomputation: 798.96 ms
[TIMING] Transfer structures to backend: 0.01 ms
[TIMING] Total fit: 986.97 ms
[TIMING] Test leaf ID extraction: 46.50 ms
[TIMING] Proximity matrix accumulation: 1073.30 ms
[TIMING] Neighbor sorting & quantiles: 22.58 ms
[TIMING] Total compute_uq: 1142.69 ms
[DEBUG DENSITY] mean walked density = 62.6740, min = 49.5304, max = 73.9902
    [TIMING] UQ Calculation (Proximity_Method_B_C): 2.1405 s
    [TIMING] Metrics Calculation: 0.0954 s
    [TIMING] Total Single Evaluation: 9.7519 s

  >>> Starting: Function=quadratic_3d, Seed=1
    [TIMING] Data Generation: 0.0026 s
    [TIMING] Random Forest Fitting: 0.5788 s
    [TIMING] RF Predicting: 0.0436 s
    [TIMING] Base Aleatoric: 0.0484 s
[TIMING] Random Forest fit/check: 0.00 ms
[TIMING] OOB/In-bag index reconstruction: 260.41 ms
[TIMING] Leaf weights & density precomputation: 770.72 ms
[TIMING] Transfer structures to backend: 0.02 ms
[TIMING] Total fit: 1031.15 ms
[TIMING] Test leaf ID extraction: 45.97 ms
[TIMING] Proximity matrix accumulation: 527.85 ms
[TIMING] Neighbor sorting & quantiles: 50.72 ms
[TIMING] Total compute_uq: 625.07 ms
    [TIMING] UQ Calculation (Proximity_Baseline): 1.6588 s
[TIMING] Random Forest fit/check: 0.00 ms
[TIMING] OOB/In-bag index reconstruction: 186.24 ms
[TIMING] Leaf weights & density precomputation: 359.99 ms
[TIMING] Transfer structures to backend: 0.02 ms
[TIMING] Total fit: 546.26 ms
[TIMING] Test leaf ID extraction: 35.72 ms
[TIMING] Proximity matrix accumulation: 1270.78 ms
[TIMING] Neighbor sorting & quantiles: 38.84 ms
[TIMING] Total compute_uq: 1345.65 ms
    [TIMING] UQ Calculation (Proximity_Method_A): 1.8948 s
[TIMING] Random Forest fit/check: 0.00 ms
[TIMING] OOB/In-bag index reconstruction: 187.12 ms
[TIMING] Leaf weights & density precomputation: 887.43 ms
[TIMING] Transfer structures to backend: 0.02 ms
[TIMING] Total fit: 1074.57 ms
[TIMING] Test leaf ID extraction: 46.57 ms
[TIMING] Proximity matrix accumulation: 1571.27 ms
[TIMING] Neighbor sorting & quantiles: 44.28 ms
[TIMING] Total compute_uq: 1664.26 ms
    [TIMING] UQ Calculation (Proximity_Method_B): 2.7400 s
[TIMING] Random Forest fit/check: 0.00 ms
[TIMING] OOB/In-bag index reconstruction: 187.60 ms
[TIMING] Leaf weights & density precomputation: 351.14 ms
[TIMING] Transfer structures to backend: 0.02 ms
[TIMING] Total fit: 538.76 ms
[TIMING] Test leaf ID extraction: 45.62 ms
[TIMING] Proximity matrix accumulation: 1837.27 ms
[TIMING] Neighbor sorting & quantiles: 47.34 ms
[TIMING] Total compute_uq: 1930.80 ms
[DEBUG DENSITY] mean walked density = 65.0099, min = 60.3784, max = 71.8619
    [TIMING] UQ Calculation (Proximity_Method_C): 2.4805 s
[TIMING] Random Forest fit/check: 0.00 ms
[TIMING] OOB/In-bag index reconstruction: 189.00 ms
[TIMING] Leaf weights & density precomputation: 888.15 ms
[TIMING] Transfer structures to backend: 0.02 ms
[TIMING] Total fit: 1077.17 ms
[TIMING] Test leaf ID extraction: 45.38 ms
[TIMING] Proximity matrix accumulation: 1928.37 ms
[TIMING] Neighbor sorting & quantiles: 44.03 ms
[TIMING] Total compute_uq: 2020.18 ms
[DEBUG DENSITY] mean walked density = 65.0099, min = 60.3784, max = 71.8619
    [TIMING] UQ Calculation (Proximity_Method_B_C): 3.0986 s
    [TIMING] Metrics Calculation: 0.1045 s
    [TIMING] Total Single Evaluation: 12.6510 s

  >>> Starting: Function=sin_sum_3d, Seed=1
    [TIMING] Data Generation: 0.0027 s
    [TIMING] Random Forest Fitting: 0.5505 s
    [TIMING] RF Predicting: 0.0437 s
    [TIMING] Base Aleatoric: 0.0540 s
[TIMING] Random Forest fit/check: 0.00 ms
[TIMING] OOB/In-bag index reconstruction: 190.74 ms
[TIMING] Leaf weights & density precomputation: 753.68 ms
[TIMING] Transfer structures to backend: 0.03 ms
[TIMING] Total fit: 944.45 ms
[TIMING] Test leaf ID extraction: 47.62 ms
[TIMING] Proximity matrix accumulation: 525.13 ms
[TIMING] Neighbor sorting & quantiles: 52.77 ms
[TIMING] Total compute_uq: 626.49 ms
    [TIMING] UQ Calculation (Proximity_Baseline): 1.5735 s
[TIMING] Random Forest fit/check: 0.00 ms
[TIMING] OOB/In-bag index reconstruction: 189.73 ms
[TIMING] Leaf weights & density precomputation: 885.00 ms
[TIMING] Transfer structures to backend: 0.02 ms
[TIMING] Total fit: 1074.75 ms
[TIMING] Test leaf ID extraction: 46.47 ms
[TIMING] Proximity matrix accumulation: 1208.70 ms
[TIMING] Neighbor sorting & quantiles: 37.26 ms
[TIMING] Total compute_uq: 1294.64 ms
    [TIMING] UQ Calculation (Proximity_Method_A): 2.3698 s
[TIMING] Random Forest fit/check: 0.00 ms
[TIMING] OOB/In-bag index reconstruction: 190.19 ms
[TIMING] Leaf weights & density precomputation: 374.72 ms
[TIMING] Transfer structures to backend: 0.02 ms
[TIMING] Total fit: 564.93 ms
[TIMING] Test leaf ID extraction: 44.94 ms
[TIMING] Proximity matrix accumulation: 701.33 ms
[TIMING] Neighbor sorting & quantiles: 11.17 ms
[TIMING] Total compute_uq: 757.71 ms
    [TIMING] UQ Calculation (Proximity_Method_B): 1.3238 s
[TIMING] Random Forest fit/check: 0.00 ms
[TIMING] OOB/In-bag index reconstruction: 190.60 ms
[TIMING] Leaf weights & density precomputation: 353.48 ms
[TIMING] Transfer structures to backend: 0.02 ms
[TIMING] Total fit: 544.09 ms
[TIMING] Test leaf ID extraction: 46.07 ms
[TIMING] Proximity matrix accumulation: 894.26 ms
[TIMING] Neighbor sorting & quantiles: 23.72 ms
[TIMING] Total compute_uq: 964.34 ms
[DEBUG DENSITY] mean walked density = 64.5100, min = 47.5959, max = 74.0220
    [TIMING] UQ Calculation (Proximity_Method_C): 1.5109 s
[TIMING] Random Forest fit/check: 0.00 ms
[TIMING] OOB/In-bag index reconstruction: 188.86 ms
[TIMING] Leaf weights & density precomputation: 886.99 ms
[TIMING] Transfer structures to backend: 0.02 ms
[TIMING] Total fit: 1075.87 ms
[TIMING] Test leaf ID extraction: 48.15 ms
[TIMING] Proximity matrix accumulation: 1323.73 ms
[TIMING] Neighbor sorting & quantiles: 28.13 ms
[TIMING] Total compute_uq: 1401.05 ms
[DEBUG DENSITY] mean walked density = 64.5100, min = 47.5959, max = 74.0220
    [TIMING] UQ Calculation (Proximity_Method_B_C): 2.4801 s
    [TIMING] Metrics Calculation: 0.1036 s
    [TIMING] Total Single Evaluation: 10.0130 s

  >>> Starting: Function=gaussian_3d, Seed=1
    [TIMING] Data Generation: 0.0029 s
    [TIMING] Random Forest Fitting: 0.5775 s
    [TIMING] RF Predicting: 0.0548 s
    [TIMING] Base Aleatoric: 0.0592 s
[TIMING] Random Forest fit/check: 0.00 ms
[TIMING] OOB/In-bag index reconstruction: 281.99 ms
[TIMING] Leaf weights & density precomputation: 778.07 ms
[TIMING] Transfer structures to backend: 0.02 ms
[TIMING] Total fit: 1060.09 ms
[TIMING] Test leaf ID extraction: 46.68 ms
[TIMING] Proximity matrix accumulation: 528.04 ms
[TIMING] Neighbor sorting & quantiles: 52.88 ms
[TIMING] Total compute_uq: 629.50 ms
    [TIMING] UQ Calculation (Proximity_Baseline): 1.6922 s
[TIMING] Random Forest fit/check: 0.00 ms
[TIMING] OOB/In-bag index reconstruction: 190.89 ms
[TIMING] Leaf weights & density precomputation: 892.22 ms
[TIMING] Transfer structures to backend: 0.02 ms
[TIMING] Total fit: 1083.12 ms
[TIMING] Test leaf ID extraction: 45.54 ms
[TIMING] Proximity matrix accumulation: 1088.26 ms
[TIMING] Neighbor sorting & quantiles: 33.87 ms
[TIMING] Total compute_uq: 1168.35 ms
    [TIMING] UQ Calculation (Proximity_Method_A): 2.2522 s
[TIMING] Random Forest fit/check: 0.00 ms
[TIMING] OOB/In-bag index reconstruction: 189.21 ms
[TIMING] Leaf weights & density precomputation: 646.95 ms
[TIMING] Transfer structures to backend: 0.02 ms
[TIMING] Total fit: 836.18 ms
[TIMING] Test leaf ID extraction: 46.32 ms
[TIMING] Proximity matrix accumulation: 1579.77 ms
[TIMING] Neighbor sorting & quantiles: 49.49 ms
[TIMING] Total compute_uq: 1676.84 ms
    [TIMING] UQ Calculation (Proximity_Method_B): 2.5166 s
[TIMING] Random Forest fit/check: 0.00 ms
[TIMING] OOB/In-bag index reconstruction: 190.25 ms
[TIMING] Leaf weights & density precomputation: 883.23 ms
[TIMING] Transfer structures to backend: 0.02 ms
[TIMING] Total fit: 1073.50 ms
[TIMING] Test leaf ID extraction: 46.36 ms
[TIMING] Proximity matrix accumulation: 1876.97 ms
[TIMING] Neighbor sorting & quantiles: 47.22 ms
[TIMING] Total compute_uq: 1971.72 ms
[DEBUG DENSITY] mean walked density = 63.5629, min = 56.6808, max = 69.9392
    [TIMING] UQ Calculation (Proximity_Method_C): 3.0468 s
[TIMING] Random Forest fit/check: 0.00 ms
[TIMING] OOB/In-bag index reconstruction: 190.66 ms
[TIMING] Leaf weights & density precomputation: 362.64 ms
[TIMING] Transfer structures to backend: 0.02 ms
[TIMING] Total fit: 553.33 ms
[TIMING] Test leaf ID extraction: 45.05 ms
[TIMING] Proximity matrix accumulation: 1748.93 ms
[TIMING] Neighbor sorting & quantiles: 50.89 ms
[TIMING] Total compute_uq: 1845.18 ms
[DEBUG DENSITY] mean walked density = 63.5629, min = 56.6808, max = 69.9392
    [TIMING] UQ Calculation (Proximity_Method_B_C): 2.4092 s
    [TIMING] Metrics Calculation: 0.0798 s
    [TIMING] Total Single Evaluation: 12.6914 s

  >>> Starting: Function=sin_exp_cos, Seed=1
    [TIMING] Data Generation: 0.0021 s
    [TIMING] Random Forest Fitting: 0.5122 s
    [TIMING] RF Predicting: 0.0435 s
    [TIMING] Base Aleatoric: 0.0535 s
[TIMING] Random Forest fit/check: 0.00 ms
[TIMING] OOB/In-bag index reconstruction: 188.98 ms
[TIMING] Leaf weights & density precomputation: 768.17 ms
[TIMING] Transfer structures to backend: 0.02 ms
[TIMING] Total fit: 957.17 ms
[TIMING] Test leaf ID extraction: 47.28 ms
[TIMING] Proximity matrix accumulation: 530.75 ms
[TIMING] Neighbor sorting & quantiles: 52.99 ms
[TIMING] Total compute_uq: 632.41 ms
    [TIMING] UQ Calculation (Proximity_Baseline): 1.5921 s
[TIMING] Random Forest fit/check: 0.00 ms
[TIMING] OOB/In-bag index reconstruction: 187.68 ms
[TIMING] Leaf weights & density precomputation: 893.92 ms
[TIMING] Transfer structures to backend: 0.01 ms
[TIMING] Total fit: 1081.61 ms
[TIMING] Test leaf ID extraction: 45.96 ms
[TIMING] Proximity matrix accumulation: 1029.60 ms
[TIMING] Neighbor sorting & quantiles: 29.79 ms
[TIMING] Total compute_uq: 1106.51 ms
    [TIMING] UQ Calculation (Proximity_Method_A): 2.1888 s
[TIMING] Random Forest fit/check: 0.00 ms
[TIMING] OOB/In-bag index reconstruction: 189.08 ms
[TIMING] Leaf weights & density precomputation: 620.07 ms
[TIMING] Transfer structures to backend: 0.04 ms
[TIMING] Total fit: 809.20 ms
[TIMING] Test leaf ID extraction: 47.54 ms
[TIMING] Proximity matrix accumulation: 1587.75 ms
[TIMING] Neighbor sorting & quantiles: 50.99 ms
[TIMING] Total compute_uq: 1688.15 ms
    [TIMING] UQ Calculation (Proximity_Method_B): 2.5011 s
[TIMING] Random Forest fit/check: 0.00 ms
[TIMING] OOB/In-bag index reconstruction: 187.13 ms
[TIMING] Leaf weights & density precomputation: 884.47 ms
[TIMING] Transfer structures to backend: 0.02 ms
[TIMING] Total fit: 1071.63 ms
[TIMING] Test leaf ID extraction: 46.52 ms
[TIMING] Proximity matrix accumulation: 1944.85 ms
[TIMING] Neighbor sorting & quantiles: 52.27 ms
[TIMING] Total compute_uq: 2044.68 ms
[DEBUG DENSITY] mean walked density = 63.9360, min = 50.4286, max = 72.6721
    [TIMING] UQ Calculation (Proximity_Method_C): 3.1273 s
[TIMING] Random Forest fit/check: 0.00 ms
[TIMING] OOB/In-bag index reconstruction: 188.19 ms
[TIMING] Leaf weights & density precomputation: 614.19 ms
[TIMING] Transfer structures to backend: 0.02 ms
[TIMING] Total fit: 802.40 ms
[TIMING] Test leaf ID extraction: 46.14 ms
[TIMING] Proximity matrix accumulation: 863.71 ms
[TIMING] Neighbor sorting & quantiles: 10.17 ms
[TIMING] Total compute_uq: 920.24 ms
[DEBUG DENSITY] mean walked density = 63.9360, min = 50.4286, max = 72.6721
    [TIMING] UQ Calculation (Proximity_Method_B_C): 1.7240 s
    [TIMING] Metrics Calculation: 0.1026 s
    [TIMING] Total Single Evaluation: 11.8475 s

  >>> Starting: Function=sin_cos_4d, Seed=1
    [TIMING] Data Generation: 0.0053 s
    [TIMING] Random Forest Fitting: 1.0558 s
    [TIMING] RF Predicting: 0.0430 s
    [TIMING] Base Aleatoric: 0.0551 s
[TIMING] Random Forest fit/check: 0.00 ms
[TIMING] OOB/In-bag index reconstruction: 246.86 ms
[TIMING] Leaf weights & density precomputation: 776.27 ms
[TIMING] Transfer structures to backend: 0.02 ms
[TIMING] Total fit: 1023.15 ms
[TIMING] Test leaf ID extraction: 46.61 ms
[TIMING] Proximity matrix accumulation: 613.04 ms
[TIMING] Neighbor sorting & quantiles: 50.27 ms
[TIMING] Total compute_uq: 711.89 ms
    [TIMING] UQ Calculation (Proximity_Baseline): 1.7355 s
[TIMING] Random Forest fit/check: 0.00 ms
[TIMING] OOB/In-bag index reconstruction: 213.27 ms
[TIMING] Leaf weights & density precomputation: 757.47 ms
[TIMING] Transfer structures to backend: 0.01 ms
[TIMING] Total fit: 970.76 ms
[TIMING] Test leaf ID extraction: 57.46 ms
[TIMING] Proximity matrix accumulation: 2831.87 ms
[TIMING] Neighbor sorting & quantiles: 95.98 ms
[TIMING] Total compute_uq: 2988.19 ms
    [TIMING] UQ Calculation (Proximity_Method_A): 3.9618 s
[TIMING] Random Forest fit/check: 0.00 ms
[TIMING] OOB/In-bag index reconstruction: 190.53 ms
[TIMING] Leaf weights & density precomputation: 933.97 ms
[TIMING] Transfer structures to backend: 0.02 ms
[TIMING] Total fit: 1124.53 ms
[TIMING] Test leaf ID extraction: 47.32 ms
[TIMING] Proximity matrix accumulation: 1853.29 ms
[TIMING] Neighbor sorting & quantiles: 37.55 ms
[TIMING] Total compute_uq: 1939.95 ms
    [TIMING] UQ Calculation (Proximity_Method_B): 3.0680 s
[TIMING] Random Forest fit/check: 0.00 ms
[TIMING] OOB/In-bag index reconstruction: 191.06 ms
[TIMING] Leaf weights & density precomputation: 920.95 ms
[TIMING] Transfer structures to backend: 0.02 ms
[TIMING] Total fit: 1112.03 ms
[TIMING] Test leaf ID extraction: 36.67 ms
[TIMING] Proximity matrix accumulation: 3502.45 ms
[TIMING] Neighbor sorting & quantiles: 92.76 ms
[TIMING] Total compute_uq: 3632.52 ms
[DEBUG DENSITY] mean walked density = 63.1724, min = 55.4641, max = 69.4181
    [TIMING] UQ Calculation (Proximity_Method_C): 4.7564 s
[TIMING] Random Forest fit/check: 0.01 ms
[TIMING] OOB/In-bag index reconstruction: 193.87 ms
[TIMING] Leaf weights & density precomputation: 442.57 ms
[TIMING] Transfer structures to backend: 0.02 ms
[TIMING] Total fit: 636.47 ms
[TIMING] Test leaf ID extraction: 45.31 ms
[TIMING] Proximity matrix accumulation: 3123.52 ms
[TIMING] Neighbor sorting & quantiles: 63.99 ms
[TIMING] Total compute_uq: 3233.64 ms
[DEBUG DENSITY] mean walked density = 63.1724, min = 55.4641, max = 69.4181
    [TIMING] UQ Calculation (Proximity_Method_B_C): 3.8813 s
    [TIMING] Metrics Calculation: 0.1052 s
    [TIMING] Total Single Evaluation: 18.6679 s

  >>> Starting: Function=quadratic_4d, Seed=1
    [TIMING] Data Generation: 0.0033 s
    [TIMING] Random Forest Fitting: 0.7207 s
    [TIMING] RF Predicting: 0.0424 s
    [TIMING] Base Aleatoric: 0.0599 s
[TIMING] Random Forest fit/check: 0.00 ms
[TIMING] OOB/In-bag index reconstruction: 204.78 ms
[TIMING] Leaf weights & density precomputation: 781.73 ms
[TIMING] Transfer structures to backend: 0.03 ms
[TIMING] Total fit: 986.53 ms
[TIMING] Test leaf ID extraction: 47.18 ms
[TIMING] Proximity matrix accumulation: 1034.79 ms
[TIMING] Neighbor sorting & quantiles: 97.17 ms
[TIMING] Total compute_uq: 1180.73 ms
    [TIMING] UQ Calculation (Proximity_Baseline): 2.1698 s
[TIMING] Random Forest fit/check: 0.00 ms
[TIMING] OOB/In-bag index reconstruction: 190.99 ms
[TIMING] Leaf weights & density precomputation: 402.53 ms
[TIMING] Transfer structures to backend: 0.02 ms
[TIMING] Total fit: 593.53 ms
[TIMING] Test leaf ID extraction: 46.81 ms
[TIMING] Proximity matrix accumulation: 2590.39 ms
[TIMING] Neighbor sorting & quantiles: 80.00 ms
[TIMING] Total compute_uq: 2717.49 ms
    [TIMING] UQ Calculation (Proximity_Method_A): 3.3138 s
[TIMING] Random Forest fit/check: 0.00 ms
[TIMING] OOB/In-bag index reconstruction: 190.48 ms
[TIMING] Leaf weights & density precomputation: 917.17 ms
[TIMING] Transfer structures to backend: 0.02 ms
[TIMING] Total fit: 1107.67 ms
[TIMING] Test leaf ID extraction: 46.47 ms
[TIMING] Proximity matrix accumulation: 2829.94 ms
[TIMING] Neighbor sorting & quantiles: 69.14 ms
[TIMING] Total compute_uq: 2946.60 ms
    [TIMING] UQ Calculation (Proximity_Method_B): 4.0580 s
[TIMING] Random Forest fit/check: 0.00 ms
[TIMING] OOB/In-bag index reconstruction: 183.32 ms
[TIMING] Leaf weights & density precomputation: 436.78 ms
[TIMING] Transfer structures to backend: 0.02 ms
[TIMING] Total fit: 620.12 ms
[TIMING] Test leaf ID extraction: 58.37 ms
[TIMING] Proximity matrix accumulation: 1579.90 ms
[TIMING] Neighbor sorting & quantiles: 39.32 ms
[TIMING] Total compute_uq: 1677.93 ms
[DEBUG DENSITY] mean walked density = 64.4590, min = 55.6943, max = 71.8241
    [TIMING] UQ Calculation (Proximity_Method_C): 2.3004 s
[TIMING] Random Forest fit/check: 0.00 ms
[TIMING] OOB/In-bag index reconstruction: 202.82 ms
[TIMING] Leaf weights & density precomputation: 931.77 ms
[TIMING] Transfer structures to backend: 0.02 ms
[TIMING] Total fit: 1134.62 ms
[TIMING] Test leaf ID extraction: 46.32 ms
[TIMING] Proximity matrix accumulation: 2518.97 ms
[TIMING] Neighbor sorting & quantiles: 44.19 ms
[TIMING] Total compute_uq: 2610.71 ms
[DEBUG DENSITY] mean walked density = 64.4590, min = 55.6943, max = 71.8241
    [TIMING] UQ Calculation (Proximity_Method_B_C): 3.7564 s
    [TIMING] Metrics Calculation: 0.1062 s
    [TIMING] Total Single Evaluation: 16.5314 s

  >>> Starting: Function=sin_sum_4d, Seed=1
    [TIMING] Data Generation: 0.0035 s
    [TIMING] Random Forest Fitting: 0.7568 s
    [TIMING] RF Predicting: 0.0427 s
    [TIMING] Base Aleatoric: 0.0552 s
[TIMING] Random Forest fit/check: 0.00 ms
[TIMING] OOB/In-bag index reconstruction: 192.38 ms
[TIMING] Leaf weights & density precomputation: 773.64 ms
[TIMING] Transfer structures to backend: 0.12 ms
[TIMING] Total fit: 966.13 ms
[TIMING] Test leaf ID extraction: 48.35 ms
[TIMING] Proximity matrix accumulation: 1037.96 ms
[TIMING] Neighbor sorting & quantiles: 97.23 ms
[TIMING] Total compute_uq: 1185.59 ms
    [TIMING] UQ Calculation (Proximity_Baseline): 2.1544 s
[TIMING] Random Forest fit/check: 0.00 ms
[TIMING] OOB/In-bag index reconstruction: 191.88 ms
[TIMING] Leaf weights & density precomputation: 407.80 ms
[TIMING] Transfer structures to backend: 0.02 ms
[TIMING] Total fit: 599.70 ms
[TIMING] Test leaf ID extraction: 46.00 ms
[TIMING] Proximity matrix accumulation: 2313.49 ms
[TIMING] Neighbor sorting & quantiles: 83.36 ms
[TIMING] Total compute_uq: 2443.19 ms
    [TIMING] UQ Calculation (Proximity_Method_A): 3.0457 s
[TIMING] Random Forest fit/check: 0.01 ms
[TIMING] OOB/In-bag index reconstruction: 190.66 ms
[TIMING] Leaf weights & density precomputation: 919.68 ms
[TIMING] Transfer structures to backend: 0.02 ms
[TIMING] Total fit: 1110.36 ms
[TIMING] Test leaf ID extraction: 46.40 ms
[TIMING] Proximity matrix accumulation: 2748.78 ms
[TIMING] Neighbor sorting & quantiles: 59.65 ms
[TIMING] Total compute_uq: 2856.01 ms
    [TIMING] UQ Calculation (Proximity_Method_B): 3.9676 s
[TIMING] Random Forest fit/check: 0.00 ms
[TIMING] OOB/In-bag index reconstruction: 191.30 ms
[TIMING] Leaf weights & density precomputation: 437.44 ms
[TIMING] Transfer structures to backend: 0.02 ms
[TIMING] Total fit: 628.76 ms
[TIMING] Test leaf ID extraction: 46.63 ms
[TIMING] Proximity matrix accumulation: 3462.75 ms
[TIMING] Neighbor sorting & quantiles: 96.06 ms
[TIMING] Total compute_uq: 3606.55 ms
[DEBUG DENSITY] mean walked density = 63.8516, min = 50.1767, max = 70.7325
    [TIMING] UQ Calculation (Proximity_Method_C): 4.2462 s
[TIMING] Random Forest fit/check: 0.00 ms
[TIMING] OOB/In-bag index reconstruction: 190.66 ms
[TIMING] Leaf weights & density precomputation: 932.84 ms
[TIMING] Transfer structures to backend: 0.02 ms
[TIMING] Total fit: 1123.52 ms
[TIMING] Test leaf ID extraction: 58.66 ms
[TIMING] Proximity matrix accumulation: 2972.18 ms
[TIMING] Neighbor sorting & quantiles: 50.32 ms
[TIMING] Total compute_uq: 3081.71 ms
[DEBUG DENSITY] mean walked density = 63.8516, min = 50.1767, max = 70.7325
    [TIMING] UQ Calculation (Proximity_Method_B_C): 4.2080 s
    [TIMING] Metrics Calculation: 0.1475 s
    [TIMING] Total Single Evaluation: 18.6283 s

  >>> Starting: Function=sin_cos_5d, Seed=1
    [TIMING] Data Generation: 0.0074 s
    [TIMING] Random Forest Fitting: 1.5738 s
    [TIMING] RF Predicting: 0.0433 s
    [TIMING] Base Aleatoric: 0.0562 s
[TIMING] Random Forest fit/check: 0.00 ms
[TIMING] OOB/In-bag index reconstruction: 230.24 ms
[TIMING] Leaf weights & density precomputation: 773.15 ms
[TIMING] Transfer structures to backend: 0.02 ms
[TIMING] Total fit: 1003.41 ms
[TIMING] Test leaf ID extraction: 46.91 ms
[TIMING] Proximity matrix accumulation: 1694.33 ms
[TIMING] Neighbor sorting & quantiles: 161.08 ms
[TIMING] Total compute_uq: 1904.54 ms
    [TIMING] UQ Calculation (Proximity_Baseline): 2.9105 s
[TIMING] Random Forest fit/check: 0.00 ms
[TIMING] OOB/In-bag index reconstruction: 240.01 ms
[TIMING] Leaf weights & density precomputation: 577.09 ms
[TIMING] Transfer structures to backend: 0.04 ms
[TIMING] Total fit: 817.14 ms
[TIMING] Test leaf ID extraction: 57.37 ms
[TIMING] Proximity matrix accumulation: 1964.39 ms
[TIMING] Neighbor sorting & quantiles: 62.31 ms
[TIMING] Total compute_uq: 2084.39 ms
    [TIMING] UQ Calculation (Proximity_Method_A): 2.9021 s
[TIMING] Random Forest fit/check: 0.01 ms
[TIMING] OOB/In-bag index reconstruction: 241.31 ms
[TIMING] Leaf weights & density precomputation: 503.30 ms
[TIMING] Transfer structures to backend: 0.02 ms
[TIMING] Total fit: 744.64 ms
[TIMING] Test leaf ID extraction: 47.33 ms
[TIMING] Proximity matrix accumulation: 3588.09 ms
[TIMING] Neighbor sorting & quantiles: 70.35 ms
[TIMING] Total compute_uq: 3706.07 ms
    [TIMING] UQ Calculation (Proximity_Method_B): 4.4545 s
[TIMING] Random Forest fit/check: 0.00 ms
[TIMING] OOB/In-bag index reconstruction: 229.89 ms
[TIMING] Leaf weights & density precomputation: 532.56 ms
[TIMING] Transfer structures to backend: 0.02 ms
[TIMING] Total fit: 762.47 ms
[TIMING] Test leaf ID extraction: 46.16 ms
[TIMING] Proximity matrix accumulation: 4941.91 ms
[TIMING] Neighbor sorting & quantiles: 143.24 ms
[TIMING] Total compute_uq: 5131.65 ms
[DEBUG DENSITY] mean walked density = 63.8930, min = 58.8274, max = 67.4582
    [TIMING] UQ Calculation (Proximity_Method_C): 5.9051 s
[TIMING] Random Forest fit/check: 0.00 ms
[TIMING] OOB/In-bag index reconstruction: 230.62 ms
[TIMING] Leaf weights & density precomputation: 1002.24 ms
[TIMING] Transfer structures to backend: 0.02 ms
[TIMING] Total fit: 1232.88 ms
[TIMING] Test leaf ID extraction: 46.83 ms
[TIMING] Proximity matrix accumulation: 4501.43 ms
[TIMING] Neighbor sorting & quantiles: 70.19 ms
[TIMING] Total compute_uq: 4619.18 ms
[DEBUG DENSITY] mean walked density = 63.8930, min = 58.8274, max = 67.4582
    [TIMING] UQ Calculation (Proximity_Method_B_C): 5.8632 s
    [TIMING] Metrics Calculation: 0.0948 s
    [TIMING] Total Single Evaluation: 23.8114 s

  >>> Starting: Function=quadratic_5d, Seed=1
    [TIMING] Data Generation: 0.0046 s
    [TIMING] Random Forest Fitting: 1.0762 s
    [TIMING] RF Predicting: 0.0428 s
    [TIMING] Base Aleatoric: 0.0565 s
[TIMING] Random Forest fit/check: 0.00 ms
[TIMING] OOB/In-bag index reconstruction: 230.20 ms
[TIMING] Leaf weights & density precomputation: 778.76 ms
[TIMING] Transfer structures to backend: 0.03 ms
[TIMING] Total fit: 1008.98 ms
[TIMING] Test leaf ID extraction: 46.90 ms
[TIMING] Proximity matrix accumulation: 1692.93 ms
[TIMING] Neighbor sorting & quantiles: 161.19 ms
[TIMING] Total compute_uq: 1902.37 ms
    [TIMING] UQ Calculation (Proximity_Baseline): 2.9139 s
[TIMING] Random Forest fit/check: 0.00 ms
[TIMING] OOB/In-bag index reconstruction: 241.95 ms
[TIMING] Leaf weights & density precomputation: 524.11 ms
[TIMING] Transfer structures to backend: 0.02 ms
[TIMING] Total fit: 766.08 ms
[TIMING] Test leaf ID extraction: 45.86 ms
[TIMING] Proximity matrix accumulation: 3772.96 ms
[TIMING] Neighbor sorting & quantiles: 143.25 ms
[TIMING] Total compute_uq: 3962.44 ms
    [TIMING] UQ Calculation (Proximity_Method_A): 4.7314 s
[TIMING] Random Forest fit/check: 0.00 ms
[TIMING] OOB/In-bag index reconstruction: 285.98 ms
[TIMING] Leaf weights & density precomputation: 988.86 ms
[TIMING] Transfer structures to backend: 0.02 ms
[TIMING] Total fit: 1274.86 ms
[TIMING] Test leaf ID extraction: 59.73 ms
[TIMING] Proximity matrix accumulation: 4435.96 ms
[TIMING] Neighbor sorting & quantiles: 89.81 ms
[TIMING] Total compute_uq: 4587.69 ms
    [TIMING] UQ Calculation (Proximity_Method_B): 5.8665 s
[TIMING] Random Forest fit/check: 0.00 ms
[TIMING] OOB/In-bag index reconstruction: 228.55 ms
[TIMING] Leaf weights & density precomputation: 557.28 ms
[TIMING] Transfer structures to backend: 0.02 ms
[TIMING] Total fit: 785.85 ms
[TIMING] Test leaf ID extraction: 46.67 ms
[TIMING] Proximity matrix accumulation: 4802.65 ms
[TIMING] Neighbor sorting & quantiles: 141.11 ms
[TIMING] Total compute_uq: 4990.76 ms
[DEBUG DENSITY] mean walked density = 64.2446, min = 56.3344, max = 69.7056
    [TIMING] UQ Calculation (Proximity_Method_C): 5.7882 s
[TIMING] Random Forest fit/check: 0.01 ms
[TIMING] OOB/In-bag index reconstruction: 230.18 ms
[TIMING] Leaf weights & density precomputation: 981.14 ms
[TIMING] Transfer structures to backend: 0.02 ms
[TIMING] Total fit: 1211.35 ms
[TIMING] Test leaf ID extraction: 46.67 ms
[TIMING] Proximity matrix accumulation: 5027.19 ms
[TIMING] Neighbor sorting & quantiles: 75.67 ms
[TIMING] Total compute_uq: 5150.43 ms
[DEBUG DENSITY] mean walked density = 64.2446, min = 56.3344, max = 69.7056
    [TIMING] UQ Calculation (Proximity_Method_B_C): 6.3635 s
    [TIMING] Metrics Calculation: 0.1004 s
    [TIMING] Total Single Evaluation: 26.9447 s

  >>> Starting: Function=gaussian_5d, Seed=1
    [TIMING] Data Generation: 0.0042 s
    [TIMING] Random Forest Fitting: 1.0897 s
    [TIMING] RF Predicting: 0.0429 s
    [TIMING] Base Aleatoric: 0.0663 s
[TIMING] Random Forest fit/check: 0.00 ms
[TIMING] OOB/In-bag index reconstruction: 228.58 ms
[TIMING] Leaf weights & density precomputation: 75.86 ms
[TIMING] Transfer structures to backend: 0.02 ms
[TIMING] Total fit: 304.46 ms
[TIMING] Test leaf ID extraction: 46.73 ms
[TIMING] Proximity matrix accumulation: 814.76 ms
[TIMING] Neighbor sorting & quantiles: 70.27 ms
[TIMING] Total compute_uq: 932.09 ms
    [TIMING] UQ Calculation (Proximity_Baseline): 1.2370 s
[TIMING] Random Forest fit/check: 0.00 ms
[TIMING] OOB/In-bag index reconstruction: 228.23 ms
[TIMING] Leaf weights & density precomputation: 980.72 ms
[TIMING] Transfer structures to backend: 0.02 ms
[TIMING] Total fit: 1208.96 ms
[TIMING] Test leaf ID extraction: 46.60 ms
[TIMING] Proximity matrix accumulation: 3450.54 ms
[TIMING] Neighbor sorting & quantiles: 123.52 ms
[TIMING] Total compute_uq: 3622.51 ms
    [TIMING] UQ Calculation (Proximity_Method_A): 4.8342 s
[TIMING] Random Forest fit/check: 0.00 ms
[TIMING] OOB/In-bag index reconstruction: 232.69 ms
[TIMING] Leaf weights & density precomputation: 998.86 ms
[TIMING] Transfer structures to backend: 0.02 ms
[TIMING] Total fit: 1231.57 ms
[TIMING] Test leaf ID extraction: 46.64 ms
[TIMING] Proximity matrix accumulation: 4432.45 ms
[TIMING] Neighbor sorting & quantiles: 89.60 ms
[TIMING] Total compute_uq: 4569.62 ms
    [TIMING] UQ Calculation (Proximity_Method_B): 5.8049 s
[TIMING] Random Forest fit/check: 0.01 ms
[TIMING] OOB/In-bag index reconstruction: 231.12 ms
[TIMING] Leaf weights & density precomputation: 630.78 ms
[TIMING] Transfer structures to backend: 0.02 ms
[TIMING] Total fit: 861.92 ms
[TIMING] Test leaf ID extraction: 46.44 ms
[TIMING] Proximity matrix accumulation: 4738.68 ms
[TIMING] Neighbor sorting & quantiles: 143.26 ms
[TIMING] Total compute_uq: 4928.73 ms
[DEBUG DENSITY] mean walked density = 63.6702, min = 57.7119, max = 69.6323
    [TIMING] UQ Calculation (Proximity_Method_C): 5.8018 s
[TIMING] Random Forest fit/check: 0.03 ms
[TIMING] OOB/In-bag index reconstruction: 238.47 ms
[TIMING] Leaf weights & density precomputation: 978.07 ms
[TIMING] Transfer structures to backend: 0.02 ms
[TIMING] Total fit: 1216.59 ms
[TIMING] Test leaf ID extraction: 47.28 ms
[TIMING] Proximity matrix accumulation: 4509.80 ms
[TIMING] Neighbor sorting & quantiles: 52.82 ms
[TIMING] Total compute_uq: 4610.32 ms
[DEBUG DENSITY] mean walked density = 63.6702, min = 57.7119, max = 69.6323
    [TIMING] UQ Calculation (Proximity_Method_B_C): 5.8379 s
    [TIMING] Metrics Calculation: 0.1003 s
    [TIMING] Total Single Evaluation: 24.8199 s

  >>> Starting: Function=sin_cos_6d, Seed=1
    [TIMING] Data Generation: 0.0076 s
    [TIMING] Random Forest Fitting: 2.0041 s
    [TIMING] RF Predicting: 0.0530 s
    [TIMING] Base Aleatoric: 0.0604 s
[TIMING] Random Forest fit/check: 0.00 ms
[TIMING] OOB/In-bag index reconstruction: 239.93 ms
[TIMING] Leaf weights & density precomputation: 783.75 ms
[TIMING] Transfer structures to backend: 0.02 ms
[TIMING] Total fit: 1023.70 ms
[TIMING] Test leaf ID extraction: 47.77 ms
[TIMING] Proximity matrix accumulation: 2474.80 ms
[TIMING] Neighbor sorting & quantiles: 208.19 ms
[TIMING] Total compute_uq: 2731.69 ms
    [TIMING] UQ Calculation (Proximity_Baseline): 3.7580 s
[TIMING] Random Forest fit/check: 0.00 ms
[TIMING] OOB/In-bag index reconstruction: 232.43 ms
[TIMING] Leaf weights & density precomputation: 602.51 ms
[TIMING] Transfer structures to backend: 0.02 ms
[TIMING] Total fit: 834.96 ms
[TIMING] Test leaf ID extraction: 47.64 ms
[TIMING] Proximity matrix accumulation: 6145.62 ms
[TIMING] Neighbor sorting & quantiles: 207.43 ms
[TIMING] Total compute_uq: 6401.04 ms
    [TIMING] UQ Calculation (Proximity_Method_A): 7.2388 s
[TIMING] Random Forest fit/check: 0.00 ms
[TIMING] OOB/In-bag index reconstruction: 230.74 ms
[TIMING] Leaf weights & density precomputation: 1069.01 ms
[TIMING] Transfer structures to backend: 0.02 ms
[TIMING] Total fit: 1299.76 ms
[TIMING] Test leaf ID extraction: 48.00 ms
[TIMING] Proximity matrix accumulation: 4221.53 ms
[TIMING] Neighbor sorting & quantiles: 54.12 ms
[TIMING] Total compute_uq: 4325.40 ms
    [TIMING] UQ Calculation (Proximity_Method_B): 5.6264 s
[TIMING] Random Forest fit/check: 0.04 ms
[TIMING] OOB/In-bag index reconstruction: 242.02 ms
[TIMING] Leaf weights & density precomputation: 579.38 ms
[TIMING] Transfer structures to backend: 0.02 ms
[TIMING] Total fit: 821.45 ms
[TIMING] Test leaf ID extraction: 56.81 ms
[TIMING] Proximity matrix accumulation: 5699.12 ms
[TIMING] Neighbor sorting & quantiles: 159.85 ms
[TIMING] Total compute_uq: 5916.21 ms
[DEBUG DENSITY] mean walked density = 64.1864, min = 60.4146, max = 67.7882
    [TIMING] UQ Calculation (Proximity_Method_C): 6.7489 s
[TIMING] Random Forest fit/check: 0.01 ms
[TIMING] OOB/In-bag index reconstruction: 559.64 ms
[TIMING] Leaf weights & density precomputation: 1680.07 ms
[TIMING] Transfer structures to backend: 0.02 ms
[TIMING] Total fit: 2239.74 ms
[TIMING] Test leaf ID extraction: 220.56 ms
[TIMING] Proximity matrix accumulation: 6857.30 ms
[TIMING] Neighbor sorting & quantiles: 88.56 ms
[TIMING] Total compute_uq: 7167.69 ms
[DEBUG DENSITY] mean walked density = 64.1864, min = 60.4146, max = 67.7882
    [TIMING] UQ Calculation (Proximity_Method_B_C): 9.4160 s
    [TIMING] Metrics Calculation: 0.1296 s
    [TIMING] Total Single Evaluation: 35.0435 s

  >>> Starting: Function=quadratic_6d, Seed=1
    [TIMING] Data Generation: 0.0061 s
    [TIMING] Random Forest Fitting: 1.5193 s
    [TIMING] RF Predicting: 0.0639 s
    [TIMING] Base Aleatoric: 0.0865 s
[TIMING] Random Forest fit/check: 0.00 ms
[TIMING] OOB/In-bag index reconstruction: 240.95 ms
[TIMING] Leaf weights & density precomputation: 774.29 ms
[TIMING] Transfer structures to backend: 0.03 ms
[TIMING] Total fit: 1015.27 ms
[TIMING] Test leaf ID extraction: 48.82 ms
[TIMING] Proximity matrix accumulation: 2068.94 ms
[TIMING] Neighbor sorting & quantiles: 174.99 ms
[TIMING] Total compute_uq: 2294.67 ms
    [TIMING] UQ Calculation (Proximity_Baseline): 3.3106 s
[TIMING] Random Forest fit/check: 0.00 ms
[TIMING] OOB/In-bag index reconstruction: 231.56 ms
[TIMING] Leaf weights & density precomputation: 848.08 ms
[TIMING] Transfer structures to backend: 0.01 ms
[TIMING] Total fit: 1079.66 ms
[TIMING] Test leaf ID extraction: 48.16 ms
[TIMING] Proximity matrix accumulation: 6357.08 ms
[TIMING] Neighbor sorting & quantiles: 207.33 ms
[TIMING] Total compute_uq: 6614.90 ms
    [TIMING] UQ Calculation (Proximity_Method_A): 7.6974 s
[TIMING] Random Forest fit/check: 0.00 ms
[TIMING] OOB/In-bag index reconstruction: 230.60 ms
[TIMING] Leaf weights & density precomputation: 1074.04 ms
[TIMING] Transfer structures to backend: 0.04 ms
[TIMING] Total fit: 1304.69 ms
[TIMING] Test leaf ID extraction: 59.16 ms
[TIMING] Proximity matrix accumulation: 5301.08 ms
[TIMING] Neighbor sorting & quantiles: 84.88 ms
[TIMING] Total compute_uq: 5446.02 ms
    [TIMING] UQ Calculation (Proximity_Method_B): 6.7544 s
[TIMING] Random Forest fit/check: 0.01 ms
[TIMING] OOB/In-bag index reconstruction: 238.55 ms
[TIMING] Leaf weights & density precomputation: 1063.07 ms
[TIMING] Transfer structures to backend: 0.02 ms
[TIMING] Total fit: 1301.65 ms
[TIMING] Test leaf ID extraction: 47.83 ms
[TIMING] Proximity matrix accumulation: 6479.30 ms
[TIMING] Neighbor sorting & quantiles: 160.25 ms
[TIMING] Total compute_uq: 6689.19 ms
[DEBUG DENSITY] mean walked density = 64.2244, min = 54.4706, max = 69.7578
    [TIMING] UQ Calculation (Proximity_Method_C): 7.9926 s
[TIMING] Random Forest fit/check: 0.00 ms
[TIMING] OOB/In-bag index reconstruction: 230.00 ms
[TIMING] Leaf weights & density precomputation: 529.64 ms
[TIMING] Transfer structures to backend: 0.02 ms
[TIMING] Total fit: 759.66 ms
[TIMING] Test leaf ID extraction: 46.32 ms
[TIMING] Proximity matrix accumulation: 4320.22 ms
[TIMING] Neighbor sorting & quantiles: 48.16 ms
[TIMING] Total compute_uq: 4415.03 ms
[DEBUG DENSITY] mean walked density = 64.2244, min = 54.4706, max = 69.7578
    [TIMING] UQ Calculation (Proximity_Method_B_C): 5.1857 s
    [TIMING] Metrics Calculation: 0.1112 s
    [TIMING] Total Single Evaluation: 32.7284 s

  >>> Starting: Function=friedman_6d, Seed=1
    [TIMING] Data Generation: 0.0060 s
    [TIMING] Random Forest Fitting: 1.3265 s
    [TIMING] RF Predicting: 0.0536 s
    [TIMING] Base Aleatoric: 0.0589 s
[TIMING] Random Forest fit/check: 0.00 ms
[TIMING] OOB/In-bag index reconstruction: 232.54 ms
[TIMING] Leaf weights & density precomputation: 91.15 ms
[TIMING] Transfer structures to backend: 0.02 ms
[TIMING] Total fit: 323.71 ms
[TIMING] Test leaf ID extraction: 47.28 ms
[TIMING] Proximity matrix accumulation: 1900.82 ms
[TIMING] Neighbor sorting & quantiles: 158.01 ms
[TIMING] Total compute_uq: 2106.46 ms
    [TIMING] UQ Calculation (Proximity_Baseline): 2.4327 s
[TIMING] Random Forest fit/check: 0.00 ms
[TIMING] OOB/In-bag index reconstruction: 244.13 ms
[TIMING] Leaf weights & density precomputation: 1067.53 ms
[TIMING] Transfer structures to backend: 0.02 ms
[TIMING] Total fit: 1311.68 ms
[TIMING] Test leaf ID extraction: 47.90 ms
[TIMING] Proximity matrix accumulation: 6362.37 ms
[TIMING] Neighbor sorting & quantiles: 207.11 ms
[TIMING] Total compute_uq: 6617.86 ms
    [TIMING] UQ Calculation (Proximity_Method_A): 7.9324 s
[TIMING] Random Forest fit/check: 0.01 ms
[TIMING] OOB/In-bag index reconstruction: 230.00 ms
[TIMING] Leaf weights & density precomputation: 726.51 ms
[TIMING] Transfer structures to backend: 0.02 ms
[TIMING] Total fit: 956.54 ms
[TIMING] Test leaf ID extraction: 58.15 ms
[TIMING] Proximity matrix accumulation: 5503.02 ms
[TIMING] Neighbor sorting & quantiles: 94.13 ms
[TIMING] Total compute_uq: 5655.62 ms
    [TIMING] UQ Calculation (Proximity_Method_B): 6.6162 s
[TIMING] Random Forest fit/check: 0.00 ms
[TIMING] OOB/In-bag index reconstruction: 241.09 ms
[TIMING] Leaf weights & density precomputation: 1054.68 ms
[TIMING] Transfer structures to backend: 0.02 ms
[TIMING] Total fit: 1295.79 ms
[TIMING] Test leaf ID extraction: 58.16 ms
[TIMING] Proximity matrix accumulation: 6868.43 ms
[TIMING] Neighbor sorting & quantiles: 180.85 ms
[TIMING] Total compute_uq: 7109.39 ms
[DEBUG DENSITY] mean walked density = 64.3126, min = 57.2445, max = 69.1390
    [TIMING] UQ Calculation (Proximity_Method_C): 8.4164 s
[TIMING] Random Forest fit/check: 0.01 ms
[TIMING] OOB/In-bag index reconstruction: 240.99 ms
[TIMING] Leaf weights & density precomputation: 1071.63 ms
[TIMING] Transfer structures to backend: 0.02 ms
[TIMING] Total fit: 1312.64 ms
[TIMING] Test leaf ID extraction: 47.24 ms
[TIMING] Proximity matrix accumulation: 7892.02 ms
[TIMING] Neighbor sorting & quantiles: 107.66 ms
[TIMING] Total compute_uq: 8047.31 ms
[DEBUG DENSITY] mean walked density = 64.3126, min = 57.2445, max = 69.1390
    [TIMING] UQ Calculation (Proximity_Method_B_C): 9.3711 s
    [TIMING] Metrics Calculation: 0.1272 s
    [TIMING] Total Single Evaluation: 36.3418 s

  >>> Starting: Function=sin_cos_7d, Seed=1
    [TIMING] Data Generation: 0.0097 s
    [TIMING] Random Forest Fitting: 2.4148 s
    [TIMING] RF Predicting: 0.0530 s
    [TIMING] Base Aleatoric: 0.0724 s
[TIMING] Random Forest fit/check: 0.00 ms
[TIMING] OOB/In-bag index reconstruction: 241.01 ms
[TIMING] Leaf weights & density precomputation: 781.30 ms
[TIMING] Transfer structures to backend: 0.02 ms
[TIMING] Total fit: 1022.33 ms
[TIMING] Test leaf ID extraction: 59.25 ms
[TIMING] Proximity matrix accumulation: 3380.42 ms
[TIMING] Neighbor sorting & quantiles: 290.49 ms
[TIMING] Total compute_uq: 3732.20 ms
    [TIMING] UQ Calculation (Proximity_Baseline): 4.7571 s
[TIMING] Random Forest fit/check: 0.00 ms
[TIMING] OOB/In-bag index reconstruction: 232.86 ms
[TIMING] Leaf weights & density precomputation: 1120.03 ms
[TIMING] Transfer structures to backend: 0.02 ms
[TIMING] Total fit: 1352.91 ms
[TIMING] Test leaf ID extraction: 57.97 ms
[TIMING] Proximity matrix accumulation: 6424.85 ms
[TIMING] Neighbor sorting & quantiles: 208.19 ms
[TIMING] Total compute_uq: 6692.01 ms
    [TIMING] UQ Calculation (Proximity_Method_A): 8.0454 s
[TIMING] Random Forest fit/check: 0.01 ms
[TIMING] OOB/In-bag index reconstruction: 244.27 ms
[TIMING] Leaf weights & density precomputation: 621.80 ms
[TIMING] Transfer structures to backend: 0.02 ms
[TIMING] Total fit: 866.09 ms
[TIMING] Test leaf ID extraction: 58.39 ms
[TIMING] Proximity matrix accumulation: 6686.11 ms
[TIMING] Neighbor sorting & quantiles: 86.10 ms
[TIMING] Total compute_uq: 6830.96 ms
    [TIMING] UQ Calculation (Proximity_Method_B): 7.6988 s
[TIMING] Random Forest fit/check: 0.00 ms
[TIMING] OOB/In-bag index reconstruction: 243.36 ms
[TIMING] Leaf weights & density precomputation: 1069.25 ms
[TIMING] Transfer structures to backend: 0.01 ms
[TIMING] Total fit: 1312.63 ms
[TIMING] Test leaf ID extraction: 58.36 ms
[TIMING] Proximity matrix accumulation: 10196.84 ms
[TIMING] Neighbor sorting & quantiles: 270.97 ms
[TIMING] Total compute_uq: 10528.04 ms
[DEBUG DENSITY] mean walked density = 64.3530, min = 60.8549, max = 67.4883
    [TIMING] UQ Calculation (Proximity_Method_C): 11.8432 s
[TIMING] Random Forest fit/check: 0.01 ms
[TIMING] OOB/In-bag index reconstruction: 254.00 ms
[TIMING] Leaf weights & density precomputation: 1012.39 ms
[TIMING] Transfer structures to backend: 0.02 ms
[TIMING] Total fit: 1266.42 ms
[TIMING] Test leaf ID extraction: 58.92 ms
[TIMING] Proximity matrix accumulation: 10204.84 ms
[TIMING] Neighbor sorting & quantiles: 119.28 ms
[TIMING] Total compute_uq: 10384.34 ms
[DEBUG DENSITY] mean walked density = 64.3530, min = 60.8549, max = 67.4883
    [TIMING] UQ Calculation (Proximity_Method_B_C): 11.6536 s
    [TIMING] Metrics Calculation: 0.1177 s
    [TIMING] Total Single Evaluation: 46.6667 s

  >>> Starting: Function=quadratic_7d, Seed=1
    [TIMING] Data Generation: 0.0078 s
    [TIMING] Random Forest Fitting: 2.0538 s
    [TIMING] RF Predicting: 0.0535 s
    [TIMING] Base Aleatoric: 0.0623 s
[TIMING] Random Forest fit/check: 0.00 ms
[TIMING] OOB/In-bag index reconstruction: 241.28 ms
[TIMING] Leaf weights & density precomputation: 792.59 ms
[TIMING] Transfer structures to backend: 0.02 ms
[TIMING] Total fit: 1033.88 ms
[TIMING] Test leaf ID extraction: 49.08 ms
[TIMING] Proximity matrix accumulation: 3394.10 ms
[TIMING] Neighbor sorting & quantiles: 294.32 ms
[TIMING] Total compute_uq: 3739.26 ms
    [TIMING] UQ Calculation (Proximity_Baseline): 4.7757 s
[TIMING] Random Forest fit/check: 0.00 ms
[TIMING] OOB/In-bag index reconstruction: 254.09 ms
[TIMING] Leaf weights & density precomputation: 1126.85 ms
[TIMING] Transfer structures to backend: 0.02 ms
[TIMING] Total fit: 1380.96 ms
[TIMING] Test leaf ID extraction: 58.56 ms
[TIMING] Proximity matrix accumulation: 7590.90 ms
[TIMING] Neighbor sorting & quantiles: 259.52 ms
[TIMING] Total compute_uq: 7911.48 ms
    [TIMING] UQ Calculation (Proximity_Method_A): 9.2953 s
[TIMING] Random Forest fit/check: 0.00 ms
[TIMING] OOB/In-bag index reconstruction: 231.92 ms
[TIMING] Leaf weights & density precomputation: 1121.00 ms
[TIMING] Transfer structures to backend: 0.02 ms
[TIMING] Total fit: 1352.93 ms
[TIMING] Test leaf ID extraction: 59.18 ms
[TIMING] Proximity matrix accumulation: 7740.93 ms
[TIMING] Neighbor sorting & quantiles: 111.73 ms
[TIMING] Total compute_uq: 7912.95 ms
    [TIMING] UQ Calculation (Proximity_Method_B): 9.2671 s
[TIMING] Random Forest fit/check: 0.01 ms
[TIMING] OOB/In-bag index reconstruction: 266.97 ms
[TIMING] Leaf weights & density precomputation: 592.75 ms
[TIMING] Transfer structures to backend: 0.02 ms
[TIMING] Total fit: 859.75 ms
[TIMING] Test leaf ID extraction: 58.12 ms
[TIMING] Proximity matrix accumulation: 7528.34 ms
[TIMING] Neighbor sorting & quantiles: 199.16 ms
[TIMING] Total compute_uq: 7786.07 ms
[DEBUG DENSITY] mean walked density = 63.9199, min = 55.8904, max = 69.7357
    [TIMING] UQ Calculation (Proximity_Method_C): 8.6473 s
[TIMING] Random Forest fit/check: 0.01 ms
[TIMING] OOB/In-bag index reconstruction: 242.55 ms
[TIMING] Leaf weights & density precomputation: 762.94 ms
[TIMING] Transfer structures to backend: 0.02 ms
[TIMING] Total fit: 1005.52 ms
[TIMING] Test leaf ID extraction: 48.43 ms
[TIMING] Proximity matrix accumulation: 10629.46 ms
[TIMING] Neighbor sorting & quantiles: 132.91 ms
[TIMING] Total compute_uq: 10811.19 ms
[DEBUG DENSITY] mean walked density = 63.9199, min = 55.8904, max = 69.7357
    [TIMING] UQ Calculation (Proximity_Method_B_C): 11.8278 s
    [TIMING] Metrics Calculation: 0.1408 s
    [TIMING] Total Single Evaluation: 46.1320 s

  >>> Starting: Function=interaction_7d, Seed=1
    [TIMING] Data Generation: 0.0080 s
    [TIMING] Random Forest Fitting: 2.1173 s
    [TIMING] RF Predicting: 0.0531 s
    [TIMING] Base Aleatoric: 0.0727 s
[TIMING] Random Forest fit/check: 0.00 ms
[TIMING] OOB/In-bag index reconstruction: 241.43 ms
[TIMING] Leaf weights & density precomputation: 781.84 ms
[TIMING] Transfer structures to backend: 0.02 ms
[TIMING] Total fit: 1023.30 ms
[TIMING] Test leaf ID extraction: 47.84 ms
[TIMING] Proximity matrix accumulation: 3379.00 ms
[TIMING] Neighbor sorting & quantiles: 291.32 ms
[TIMING] Total compute_uq: 3719.04 ms
    [TIMING] UQ Calculation (Proximity_Baseline): 4.7450 s
[TIMING] Random Forest fit/check: 0.00 ms
[TIMING] OOB/In-bag index reconstruction: 243.25 ms
[TIMING] Leaf weights & density precomputation: 1115.15 ms
[TIMING] Transfer structures to backend: 0.02 ms
[TIMING] Total fit: 1358.41 ms
[TIMING] Test leaf ID extraction: 48.67 ms
[TIMING] Proximity matrix accumulation: 7605.37 ms
[TIMING] Neighbor sorting & quantiles: 249.38 ms
[TIMING] Total compute_uq: 7905.33 ms
    [TIMING] UQ Calculation (Proximity_Method_A): 9.2665 s
[TIMING] Random Forest fit/check: 0.00 ms
[TIMING] OOB/In-bag index reconstruction: 242.48 ms
[TIMING] Leaf weights & density precomputation: 1124.58 ms
[TIMING] Transfer structures to backend: 0.02 ms
[TIMING] Total fit: 1367.08 ms
[TIMING] Test leaf ID extraction: 47.57 ms
[TIMING] Proximity matrix accumulation: 7549.73 ms
[TIMING] Neighbor sorting & quantiles: 113.53 ms
[TIMING] Total compute_uq: 7711.37 ms
    [TIMING] UQ Calculation (Proximity_Method_B): 9.0821 s
[TIMING] Random Forest fit/check: 0.04 ms
[TIMING] OOB/In-bag index reconstruction: 254.96 ms
[TIMING] Leaf weights & density precomputation: 1115.96 ms
[TIMING] Transfer structures to backend: 0.02 ms
[TIMING] Total fit: 1370.98 ms
[TIMING] Test leaf ID extraction: 58.78 ms
[TIMING] Proximity matrix accumulation: 10677.98 ms
[TIMING] Neighbor sorting & quantiles: 291.27 ms
[TIMING] Total compute_uq: 11029.70 ms
[DEBUG DENSITY] mean walked density = 63.5428, min = 55.5476, max = 69.9822
    [TIMING] UQ Calculation (Proximity_Method_C): 12.4117 s
[TIMING] Random Forest fit/check: 0.01 ms
[TIMING] OOB/In-bag index reconstruction: 539.56 ms
[TIMING] Leaf weights & density precomputation: 1533.65 ms
[TIMING] Transfer structures to backend: 0.02 ms
[TIMING] Total fit: 2073.23 ms
[TIMING] Test leaf ID extraction: 80.48 ms
[TIMING] Proximity matrix accumulation: 4725.41 ms
[TIMING] Neighbor sorting & quantiles: 34.22 ms
[TIMING] Total compute_uq: 4840.52 ms
[DEBUG DENSITY] mean walked density = 63.5428, min = 55.5476, max = 69.9822
    [TIMING] UQ Calculation (Proximity_Method_B_C): 6.9157 s
    [TIMING] Metrics Calculation: 0.1265 s
    [TIMING] Total Single Evaluation: 44.7994 s

  >>> Starting: Function=sin_cos_8d, Seed=1
    [TIMING] Data Generation: 0.0122 s
    [TIMING] Random Forest Fitting: 3.9910 s
    [TIMING] RF Predicting: 0.0628 s
    [TIMING] Base Aleatoric: 0.0839 s
[TIMING] Random Forest fit/check: 0.00 ms
[TIMING] OOB/In-bag index reconstruction: 260.22 ms
[TIMING] Leaf weights & density precomputation: 801.47 ms
[TIMING] Transfer structures to backend: 0.02 ms
[TIMING] Total fit: 1061.72 ms
[TIMING] Test leaf ID extraction: 60.04 ms
[TIMING] Proximity matrix accumulation: 4463.87 ms
[TIMING] Neighbor sorting & quantiles: 356.33 ms
[TIMING] Total compute_uq: 4881.52 ms
    [TIMING] UQ Calculation (Proximity_Baseline): 5.9459 s
[TIMING] Random Forest fit/check: 0.00 ms
[TIMING] OOB/In-bag index reconstruction: 245.55 ms
[TIMING] Leaf weights & density precomputation: 1179.04 ms
[TIMING] Transfer structures to backend: 0.02 ms
[TIMING] Total fit: 1424.61 ms
[TIMING] Test leaf ID extraction: 61.01 ms
[TIMING] Proximity matrix accumulation: 10055.41 ms
[TIMING] Neighbor sorting & quantiles: 321.90 ms
[TIMING] Total compute_uq: 10440.48 ms
    [TIMING] UQ Calculation (Proximity_Method_A): 11.8679 s
[TIMING] Random Forest fit/check: 0.00 ms
[TIMING] OOB/In-bag index reconstruction: 349.69 ms
[TIMING] Leaf weights & density precomputation: 1839.60 ms
[TIMING] Transfer structures to backend: 0.05 ms
[TIMING] Total fit: 2189.34 ms
[TIMING] Test leaf ID extraction: 262.39 ms
[TIMING] Proximity matrix accumulation: 10077.45 ms
[TIMING] Neighbor sorting & quantiles: 132.51 ms
[TIMING] Total compute_uq: 10472.83 ms
    [TIMING] UQ Calculation (Proximity_Method_B): 12.6666 s
[TIMING] Random Forest fit/check: 0.01 ms
[TIMING] OOB/In-bag index reconstruction: 256.21 ms
[TIMING] Leaf weights & density precomputation: 1189.86 ms
[TIMING] Transfer structures to backend: 0.02 ms
[TIMING] Total fit: 1446.09 ms
[TIMING] Test leaf ID extraction: 60.33 ms
[TIMING] Proximity matrix accumulation: 13297.70 ms
[TIMING] Neighbor sorting & quantiles: 334.01 ms
[TIMING] Total compute_uq: 13693.81 ms
[DEBUG DENSITY] mean walked density = 64.3533, min = 61.2113, max = 68.3417
    [TIMING] UQ Calculation (Proximity_Method_C): 15.1428 s
[TIMING] Random Forest fit/check: 0.01 ms
[TIMING] OOB/In-bag index reconstruction: 366.40 ms
[TIMING] Leaf weights & density precomputation: 1162.96 ms
[TIMING] Transfer structures to backend: 0.02 ms
[TIMING] Total fit: 1529.39 ms
[TIMING] Test leaf ID extraction: 70.49 ms
[TIMING] Proximity matrix accumulation: 13939.69 ms
[TIMING] Neighbor sorting & quantiles: 155.67 ms
[TIMING] Total compute_uq: 14168.15 ms
[DEBUG DENSITY] mean walked density = 64.3533, min = 61.2113, max = 68.3417
    [TIMING] UQ Calculation (Proximity_Method_B_C): 15.7088 s
    [TIMING] Metrics Calculation: 0.1992 s
    [TIMING] Total Single Evaluation: 65.6819 s

  >>> Starting: Function=quadratic_8d, Seed=1
    [TIMING] Data Generation: 0.0140 s
    [TIMING] Random Forest Fitting: 2.8602 s
    [TIMING] RF Predicting: 0.0524 s
    [TIMING] Base Aleatoric: 0.0833 s
[TIMING] Random Forest fit/check: 0.00 ms
[TIMING] OOB/In-bag index reconstruction: 266.99 ms
[TIMING] Leaf weights & density precomputation: 89.45 ms
[TIMING] Transfer structures to backend: 0.01 ms
[TIMING] Total fit: 356.46 ms
[TIMING] Test leaf ID extraction: 59.53 ms
[TIMING] Proximity matrix accumulation: 2237.94 ms
[TIMING] Neighbor sorting & quantiles: 191.13 ms
[TIMING] Total compute_uq: 2489.01 ms
    [TIMING] UQ Calculation (Proximity_Baseline): 2.8482 s
[TIMING] Random Forest fit/check: 0.00 ms
[TIMING] OOB/In-bag index reconstruction: 246.80 ms
[TIMING] Leaf weights & density precomputation: 1186.63 ms
[TIMING] Transfer structures to backend: 0.02 ms
[TIMING] Total fit: 1433.44 ms
[TIMING] Test leaf ID extraction: 59.50 ms
[TIMING] Proximity matrix accumulation: 10077.11 ms
[TIMING] Neighbor sorting & quantiles: 321.23 ms
[TIMING] Total compute_uq: 10459.50 ms
    [TIMING] UQ Calculation (Proximity_Method_A): 11.8958 s
[TIMING] Random Forest fit/check: 0.00 ms
[TIMING] OOB/In-bag index reconstruction: 681.01 ms
[TIMING] Leaf weights & density precomputation: 1179.56 ms
[TIMING] Transfer structures to backend: 0.02 ms
[TIMING] Total fit: 1860.59 ms
[TIMING] Test leaf ID extraction: 60.86 ms
[TIMING] Proximity matrix accumulation: 10126.96 ms
[TIMING] Neighbor sorting & quantiles: 132.80 ms
[TIMING] Total compute_uq: 10322.20 ms
    [TIMING] UQ Calculation (Proximity_Method_B): 12.1865 s
[TIMING] Random Forest fit/check: 0.01 ms
[TIMING] OOB/In-bag index reconstruction: 360.04 ms
[TIMING] Leaf weights & density precomputation: 1188.43 ms
[TIMING] Transfer structures to backend: 0.02 ms
[TIMING] Total fit: 1548.50 ms
[TIMING] Test leaf ID extraction: 61.85 ms
[TIMING] Proximity matrix accumulation: 12780.35 ms
[TIMING] Neighbor sorting & quantiles: 332.36 ms
[TIMING] Total compute_uq: 13176.58 ms
[DEBUG DENSITY] mean walked density = 64.0043, min = 57.5337, max = 68.7857
    [TIMING] UQ Calculation (Proximity_Method_C): 14.7367 s
[TIMING] Random Forest fit/check: 0.01 ms
[TIMING] OOB/In-bag index reconstruction: 257.61 ms
[TIMING] Leaf weights & density precomputation: 1181.22 ms
[TIMING] Transfer structures to backend: 0.02 ms
[TIMING] Total fit: 1438.86 ms
[TIMING] Test leaf ID extraction: 61.39 ms
[TIMING] Proximity matrix accumulation: 13260.16 ms
[TIMING] Neighbor sorting & quantiles: 142.94 ms
[TIMING] Total compute_uq: 13465.20 ms
[DEBUG DENSITY] mean walked density = 64.0043, min = 57.5337, max = 68.7857
    [TIMING] UQ Calculation (Proximity_Method_B_C): 14.9071 s
    [TIMING] Metrics Calculation: 0.1422 s
    [TIMING] Total Single Evaluation: 59.7270 s

  >>> Starting: Function=exp_sum_8d, Seed=1
    [TIMING] Data Generation: 0.0102 s
    [TIMING] Random Forest Fitting: 2.8886 s
    [TIMING] RF Predicting: 0.0531 s
    [TIMING] Base Aleatoric: 0.0747 s
[TIMING] Random Forest fit/check: 0.00 ms
[TIMING] OOB/In-bag index reconstruction: 245.13 ms
[TIMING] Leaf weights & density precomputation: 788.56 ms
[TIMING] Transfer structures to backend: 0.02 ms
[TIMING] Total fit: 1033.72 ms
[TIMING] Test leaf ID extraction: 61.48 ms
[TIMING] Proximity matrix accumulation: 4460.16 ms
[TIMING] Neighbor sorting & quantiles: 358.60 ms
[TIMING] Total compute_uq: 4882.20 ms
    [TIMING] UQ Calculation (Proximity_Baseline): 5.9185 s
[TIMING] Random Forest fit/check: 0.00 ms
[TIMING] OOB/In-bag index reconstruction: 258.97 ms
[TIMING] Leaf weights & density precomputation: 1170.43 ms
[TIMING] Transfer structures to backend: 0.02 ms
[TIMING] Total fit: 1429.43 ms
[TIMING] Test leaf ID extraction: 71.29 ms
[TIMING] Proximity matrix accumulation: 6061.16 ms
[TIMING] Neighbor sorting & quantiles: 181.25 ms
[TIMING] Total compute_uq: 6316.01 ms
    [TIMING] UQ Calculation (Proximity_Method_A): 7.7460 s
[TIMING] Random Forest fit/check: 0.00 ms
[TIMING] OOB/In-bag index reconstruction: 250.77 ms
[TIMING] Leaf weights & density precomputation: 805.48 ms
[TIMING] Transfer structures to backend: 0.02 ms
[TIMING] Total fit: 1056.27 ms
[TIMING] Test leaf ID extraction: 60.42 ms
[TIMING] Proximity matrix accumulation: 10101.12 ms
[TIMING] Neighbor sorting & quantiles: 134.48 ms
[TIMING] Total compute_uq: 10298.07 ms
    [TIMING] UQ Calculation (Proximity_Method_B): 11.3581 s
[TIMING] Random Forest fit/check: 0.00 ms
[TIMING] OOB/In-bag index reconstruction: 244.25 ms
[TIMING] Leaf weights & density precomputation: 1177.82 ms
[TIMING] Transfer structures to backend: 0.04 ms
[TIMING] Total fit: 1422.11 ms
[TIMING] Test leaf ID extraction: 71.37 ms
[TIMING] Proximity matrix accumulation: 12785.17 ms
[TIMING] Neighbor sorting & quantiles: 330.89 ms
[TIMING] Total compute_uq: 13188.80 ms
[DEBUG DENSITY] mean walked density = 64.0421, min = 60.1277, max = 70.2524
    [TIMING] UQ Calculation (Proximity_Method_C): 14.6221 s
[TIMING] Random Forest fit/check: 0.00 ms
[TIMING] OOB/In-bag index reconstruction: 243.31 ms
[TIMING] Leaf weights & density precomputation: 1169.27 ms
[TIMING] Transfer structures to backend: 0.02 ms
[TIMING] Total fit: 1412.60 ms
[TIMING] Test leaf ID extraction: 61.47 ms
[TIMING] Proximity matrix accumulation: 11740.86 ms
[TIMING] Neighbor sorting & quantiles: 121.38 ms
[TIMING] Total compute_uq: 11924.55 ms
[DEBUG DENSITY] mean walked density = 64.0421, min = 60.1277, max = 70.2524
    [TIMING] UQ Calculation (Proximity_Method_B_C): 13.3390 s
    [TIMING] Metrics Calculation: 1.1633 s
    [TIMING] Total Single Evaluation: 57.1743 s

  >>> Starting: Function=sin_cos_9d, Seed=1
    [TIMING] Data Generation: 0.0206 s
    [TIMING] Random Forest Fitting: 4.6280 s
    [TIMING] RF Predicting: 0.0637 s
    [TIMING] Base Aleatoric: 0.0997 s
[TIMING] Random Forest fit/check: 0.00 ms
[TIMING] OOB/In-bag index reconstruction: 441.17 ms
[TIMING] Leaf weights & density precomputation: 814.95 ms
[TIMING] Transfer structures to backend: 0.03 ms
[TIMING] Total fit: 1256.15 ms
[TIMING] Test leaf ID extraction: 69.79 ms
[TIMING] Proximity matrix accumulation: 4659.19 ms
[TIMING] Neighbor sorting & quantiles: 383.66 ms
[TIMING] Total compute_uq: 5114.70 ms
    [TIMING] UQ Calculation (Proximity_Baseline): 6.3736 s
[TIMING] Random Forest fit/check: 0.00 ms
[TIMING] OOB/In-bag index reconstruction: 330.26 ms
[TIMING] Leaf weights & density precomputation: 1286.76 ms
[TIMING] Transfer structures to backend: 0.02 ms
[TIMING] Total fit: 1617.03 ms
[TIMING] Test leaf ID extraction: 71.20 ms
[TIMING] Proximity matrix accumulation: 14172.49 ms
[TIMING] Neighbor sorting & quantiles: 466.68 ms
[TIMING] Total compute_uq: 14711.36 ms
    [TIMING] UQ Calculation (Proximity_Method_A): 16.3313 s
[TIMING] Random Forest fit/check: 0.04 ms
[TIMING] OOB/In-bag index reconstruction: 440.65 ms
[TIMING] Leaf weights & density precomputation: 1122.01 ms
[TIMING] Transfer structures to backend: 0.02 ms
[TIMING] Total fit: 1562.72 ms
[TIMING] Test leaf ID extraction: 70.54 ms
[TIMING] Proximity matrix accumulation: 6355.17 ms
[TIMING] Neighbor sorting & quantiles: 54.73 ms
[TIMING] Total compute_uq: 6480.88 ms
    [TIMING] UQ Calculation (Proximity_Method_B): 8.0456 s
[TIMING] Random Forest fit/check: 0.00 ms
[TIMING] OOB/In-bag index reconstruction: 327.49 ms
[TIMING] Leaf weights & density precomputation: 1227.06 ms
[TIMING] Transfer structures to backend: 0.02 ms
[TIMING] Total fit: 1554.57 ms
[TIMING] Test leaf ID extraction: 69.44 ms
[TIMING] Proximity matrix accumulation: 16501.59 ms
[TIMING] Neighbor sorting & quantiles: 449.69 ms
[TIMING] Total compute_uq: 17022.20 ms
[DEBUG DENSITY] mean walked density = 64.3938, min = 60.4249, max = 67.7514
    [TIMING] UQ Calculation (Proximity_Method_C): 18.5876 s
[TIMING] Random Forest fit/check: 0.01 ms
[TIMING] OOB/In-bag index reconstruction: 338.73 ms
[TIMING] Leaf weights & density precomputation: 1233.65 ms
[TIMING] Transfer structures to backend: 0.02 ms
[TIMING] Total fit: 1572.41 ms
[TIMING] Test leaf ID extraction: 69.73 ms
[TIMING] Proximity matrix accumulation: 16484.00 ms
[TIMING] Neighbor sorting & quantiles: 158.17 ms
[TIMING] Total compute_uq: 16712.97 ms
[DEBUG DENSITY] mean walked density = 64.3938, min = 60.4249, max = 67.7514
    [TIMING] UQ Calculation (Proximity_Method_B_C): 18.2965 s
    [TIMING] Metrics Calculation: 0.1824 s
    [TIMING] Total Single Evaluation: 72.6299 s

  >>> Starting: Function=quadratic_9d, Seed=1
    [TIMING] Data Generation: 0.0175 s
    [TIMING] Random Forest Fitting: 3.4148 s
    [TIMING] RF Predicting: 0.0530 s
    [TIMING] Base Aleatoric: 0.0867 s
[TIMING] Random Forest fit/check: 0.00 ms
[TIMING] OOB/In-bag index reconstruction: 327.11 ms
[TIMING] Leaf weights & density precomputation: 97.16 ms
[TIMING] Transfer structures to backend: 0.02 ms
[TIMING] Total fit: 424.29 ms
[TIMING] Test leaf ID extraction: 58.57 ms
[TIMING] Proximity matrix accumulation: 5352.11 ms
[TIMING] Neighbor sorting & quantiles: 456.42 ms
[TIMING] Total compute_uq: 5867.62 ms
    [TIMING] UQ Calculation (Proximity_Baseline): 6.2945 s
[TIMING] Random Forest fit/check: 0.00 ms
[TIMING] OOB/In-bag index reconstruction: 326.98 ms
[TIMING] Leaf weights & density precomputation: 1236.08 ms
[TIMING] Transfer structures to backend: 0.02 ms
[TIMING] Total fit: 1563.08 ms
[TIMING] Test leaf ID extraction: 59.87 ms
[TIMING] Proximity matrix accumulation: 14184.34 ms
[TIMING] Neighbor sorting & quantiles: 473.63 ms
[TIMING] Total compute_uq: 14719.24 ms
    [TIMING] UQ Calculation (Proximity_Method_A): 16.2851 s
[TIMING] Random Forest fit/check: 0.00 ms
[TIMING] OOB/In-bag index reconstruction: 728.43 ms
[TIMING] Leaf weights & density precomputation: 2782.84 ms
[TIMING] Transfer structures to backend: 0.02 ms
[TIMING] Total fit: 3511.29 ms
[TIMING] Test leaf ID extraction: 242.15 ms
[TIMING] Proximity matrix accumulation: 14197.51 ms
[TIMING] Neighbor sorting & quantiles: 221.51 ms
[TIMING] Total compute_uq: 14661.89 ms
    [TIMING] UQ Calculation (Proximity_Method_B): 18.1774 s
[TIMING] Random Forest fit/check: 0.04 ms
[TIMING] OOB/In-bag index reconstruction: 339.21 ms
[TIMING] Leaf weights & density precomputation: 1232.73 ms
[TIMING] Transfer structures to backend: 0.02 ms
[TIMING] Total fit: 1571.99 ms
[TIMING] Test leaf ID extraction: 69.51 ms
[TIMING] Proximity matrix accumulation: 10478.89 ms
[TIMING] Neighbor sorting & quantiles: 279.44 ms
[TIMING] Total compute_uq: 10829.18 ms
[DEBUG DENSITY] mean walked density = 63.7978, min = 58.3376, max = 68.8448
    [TIMING] UQ Calculation (Proximity_Method_C): 12.4121 s
[TIMING] Random Forest fit/check: 0.00 ms
[TIMING] OOB/In-bag index reconstruction: 327.48 ms
[TIMING] Leaf weights & density precomputation: 1224.49 ms
[TIMING] Transfer structures to backend: 0.04 ms
[TIMING] Total fit: 1552.02 ms
[TIMING] Test leaf ID extraction: 70.95 ms
[TIMING] Proximity matrix accumulation: 16533.03 ms
[TIMING] Neighbor sorting & quantiles: 167.38 ms
[TIMING] Total compute_uq: 16773.48 ms
[DEBUG DENSITY] mean walked density = 63.7978, min = 58.3376, max = 68.8448
    [TIMING] UQ Calculation (Proximity_Method_B_C): 18.3369 s
    [TIMING] Metrics Calculation: 0.2004 s
    [TIMING] Total Single Evaluation: 75.2792 s

  >>> Starting: Function=multi_modal_9d, Seed=1
    [TIMING] Data Generation: 0.0218 s
    [TIMING] Random Forest Fitting: 4.0613 s
    [TIMING] RF Predicting: 0.0530 s
    [TIMING] Base Aleatoric: 0.0857 s
[TIMING] Random Forest fit/check: 0.00 ms
[TIMING] OOB/In-bag index reconstruction: 329.42 ms
[TIMING] Leaf weights & density precomputation: 799.55 ms
[TIMING] Transfer structures to backend: 0.03 ms
[TIMING] Total fit: 1129.00 ms
[TIMING] Test leaf ID extraction: 69.07 ms
[TIMING] Proximity matrix accumulation: 5726.60 ms
[TIMING] Neighbor sorting & quantiles: 479.94 ms
[TIMING] Total compute_uq: 6277.41 ms
    [TIMING] UQ Calculation (Proximity_Baseline): 7.4091 s
[TIMING] Random Forest fit/check: 0.00 ms
[TIMING] OOB/In-bag index reconstruction: 330.40 ms
[TIMING] Leaf weights & density precomputation: 1229.90 ms
[TIMING] Transfer structures to backend: 0.02 ms
[TIMING] Total fit: 1560.33 ms
[TIMING] Test leaf ID extraction: 131.37 ms
[TIMING] Proximity matrix accumulation: 13044.67 ms
[TIMING] Neighbor sorting & quantiles: 433.69 ms
[TIMING] Total compute_uq: 13610.90 ms
    [TIMING] UQ Calculation (Proximity_Method_A): 15.1741 s
[TIMING] Random Forest fit/check: 0.04 ms
[TIMING] OOB/In-bag index reconstruction: 332.11 ms
[TIMING] Leaf weights & density precomputation: 1234.81 ms
[TIMING] Transfer structures to backend: 0.02 ms
[TIMING] Total fit: 1566.98 ms
[TIMING] Test leaf ID extraction: 68.98 ms
[TIMING] Proximity matrix accumulation: 13154.36 ms
[TIMING] Neighbor sorting & quantiles: 160.35 ms
[TIMING] Total compute_uq: 13385.32 ms
    [TIMING] UQ Calculation (Proximity_Method_B): 14.9562 s
[TIMING] Random Forest fit/check: 0.00 ms
[TIMING] OOB/In-bag index reconstruction: 333.78 ms
[TIMING] Leaf weights & density precomputation: 1230.56 ms
[TIMING] Transfer structures to backend: 0.02 ms
[TIMING] Total fit: 1564.36 ms
[TIMING] Test leaf ID extraction: 68.97 ms
[TIMING] Proximity matrix accumulation: 17642.95 ms
[TIMING] Neighbor sorting & quantiles: 471.04 ms
[TIMING] Total compute_uq: 18184.71 ms
[DEBUG DENSITY] mean walked density = 64.6264, min = 60.3652, max = 69.1781
    [TIMING] UQ Calculation (Proximity_Method_C): 19.7603 s
[TIMING] Random Forest fit/check: 0.00 ms
[TIMING] OOB/In-bag index reconstruction: 331.52 ms
[TIMING] Leaf weights & density precomputation: 838.22 ms
[TIMING] Transfer structures to backend: 0.02 ms
[TIMING] Total fit: 1169.76 ms
[TIMING] Test leaf ID extraction: 68.70 ms
[TIMING] Proximity matrix accumulation: 12068.65 ms
[TIMING] Neighbor sorting & quantiles: 119.44 ms
[TIMING] Total compute_uq: 12257.24 ms
[DEBUG DENSITY] mean walked density = 64.6264, min = 60.3652, max = 69.1781
    [TIMING] UQ Calculation (Proximity_Method_B_C): 13.4383 s
    [TIMING] Metrics Calculation: 3.7180 s
    [TIMING] Total Single Evaluation: 78.6788 s

  >>> Starting: Function=sin_cos_10d, Seed=1
    [TIMING] Data Generation: 0.0192 s
    [TIMING] Random Forest Fitting: 5.5665 s
    [TIMING] RF Predicting: 0.0633 s
    [TIMING] Base Aleatoric: 0.0885 s
[TIMING] Random Forest fit/check: 0.00 ms
[TIMING] OOB/In-bag index reconstruction: 346.37 ms
[TIMING] Leaf weights & density precomputation: 803.92 ms
[TIMING] Transfer structures to backend: 0.03 ms
[TIMING] Total fit: 1150.31 ms
[TIMING] Test leaf ID extraction: 70.93 ms
[TIMING] Proximity matrix accumulation: 6023.91 ms
[TIMING] Neighbor sorting & quantiles: 488.30 ms
[TIMING] Total compute_uq: 6584.11 ms
    [TIMING] UQ Calculation (Proximity_Baseline): 7.7371 s
[TIMING] Random Forest fit/check: 0.00 ms
[TIMING] OOB/In-bag index reconstruction: 349.37 ms
[TIMING] Leaf weights & density precomputation: 1280.23 ms
[TIMING] Transfer structures to backend: 0.02 ms
[TIMING] Total fit: 1629.63 ms
[TIMING] Test leaf ID extraction: 79.48 ms
[TIMING] Proximity matrix accumulation: 16332.03 ms
[TIMING] Neighbor sorting & quantiles: 558.46 ms
[TIMING] Total compute_uq: 16970.63 ms
    [TIMING] UQ Calculation (Proximity_Method_A): 18.6031 s
[TIMING] Random Forest fit/check: 0.01 ms
[TIMING] OOB/In-bag index reconstruction: 354.09 ms
[TIMING] Leaf weights & density precomputation: 1292.11 ms
[TIMING] Transfer structures to backend: 0.02 ms
[TIMING] Total fit: 1646.22 ms
[TIMING] Test leaf ID extraction: 79.75 ms
[TIMING] Proximity matrix accumulation: 16574.60 ms
[TIMING] Neighbor sorting & quantiles: 183.26 ms
[TIMING] Total compute_uq: 16838.98 ms
    [TIMING] UQ Calculation (Proximity_Method_B): 18.4871 s
[TIMING] Random Forest fit/check: 0.01 ms
[TIMING] OOB/In-bag index reconstruction: 356.00 ms
[TIMING] Leaf weights & density precomputation: 1303.42 ms
[TIMING] Transfer structures to backend: 0.02 ms
[TIMING] Total fit: 1659.45 ms
[TIMING] Test leaf ID extraction: 79.62 ms
[TIMING] Proximity matrix accumulation: 20271.94 ms
[TIMING] Neighbor sorting & quantiles: 556.02 ms
[TIMING] Total compute_uq: 20910.16 ms
[DEBUG DENSITY] mean walked density = 64.2630, min = 60.9149, max = 68.3714
    [TIMING] UQ Calculation (Proximity_Method_C): 22.5721 s
[TIMING] Random Forest fit/check: 0.01 ms
[TIMING] OOB/In-bag index reconstruction: 452.82 ms
[TIMING] Leaf weights & density precomputation: 887.21 ms
[TIMING] Transfer structures to backend: 0.02 ms
[TIMING] Total fit: 1340.06 ms
[TIMING] Test leaf ID extraction: 79.54 ms
[TIMING] Proximity matrix accumulation: 13417.32 ms
[TIMING] Neighbor sorting & quantiles: 113.39 ms
[TIMING] Total compute_uq: 13610.72 ms
[DEBUG DENSITY] mean walked density = 64.2630, min = 60.9149, max = 68.3714
    [TIMING] UQ Calculation (Proximity_Method_B_C): 14.9622 s
    [TIMING] Metrics Calculation: 0.2313 s
    [TIMING] Total Single Evaluation: 88.3312 s

  >>> Starting: Function=quadratic_10d, Seed=1
    [TIMING] Data Generation: 0.0217 s
    [TIMING] Random Forest Fitting: 4.4571 s
    [TIMING] RF Predicting: 0.0631 s
    [TIMING] Base Aleatoric: 0.0882 s
[TIMING] Random Forest fit/check: 0.00 ms
[TIMING] OOB/In-bag index reconstruction: 332.87 ms
[TIMING] Leaf weights & density precomputation: 814.54 ms
[TIMING] Transfer structures to backend: 0.03 ms
[TIMING] Total fit: 1147.44 ms
[TIMING] Test leaf ID extraction: 69.74 ms
[TIMING] Proximity matrix accumulation: 7103.30 ms
[TIMING] Neighbor sorting & quantiles: 607.62 ms
[TIMING] Total compute_uq: 7782.80 ms
    [TIMING] UQ Calculation (Proximity_Baseline): 8.9329 s
[TIMING] Random Forest fit/check: 0.00 ms
[TIMING] OOB/In-bag index reconstruction: 397.32 ms
[TIMING] Leaf weights & density precomputation: 1285.83 ms
[TIMING] Transfer structures to backend: 0.02 ms
[TIMING] Total fit: 1683.18 ms
[TIMING] Test leaf ID extraction: 69.84 ms
[TIMING] Proximity matrix accumulation: 16333.02 ms
[TIMING] Neighbor sorting & quantiles: 537.99 ms
[TIMING] Total compute_uq: 16941.89 ms
    [TIMING] UQ Calculation (Proximity_Method_A): 18.6280 s
[TIMING] Random Forest fit/check: 0.01 ms
[TIMING] OOB/In-bag index reconstruction: 381.10 ms
[TIMING] Leaf weights & density precomputation: 1284.00 ms
[TIMING] Transfer structures to backend: 0.02 ms
[TIMING] Total fit: 1665.13 ms
[TIMING] Test leaf ID extraction: 69.60 ms
[TIMING] Proximity matrix accumulation: 16337.89 ms
[TIMING] Neighbor sorting & quantiles: 184.90 ms
[TIMING] Total compute_uq: 16593.41 ms
    [TIMING] UQ Calculation (Proximity_Method_B): 18.2624 s
[TIMING] Random Forest fit/check: 0.01 ms
[TIMING] OOB/In-bag index reconstruction: 344.49 ms
[TIMING] Leaf weights & density precomputation: 1286.03 ms
[TIMING] Transfer structures to backend: 0.03 ms
[TIMING] Total fit: 1630.55 ms
[TIMING] Test leaf ID extraction: 69.02 ms
[TIMING] Proximity matrix accumulation: 20556.86 ms
[TIMING] Neighbor sorting & quantiles: 571.68 ms
[TIMING] Total compute_uq: 21199.27 ms
[DEBUG DENSITY] mean walked density = 64.2984, min = 58.5342, max = 68.3754
    [TIMING] UQ Calculation (Proximity_Method_C): 22.8411 s
[TIMING] Random Forest fit/check: 0.01 ms
[TIMING] OOB/In-bag index reconstruction: 346.29 ms
[TIMING] Leaf weights & density precomputation: 1287.57 ms
[TIMING] Transfer structures to backend: 0.02 ms
[TIMING] Total fit: 1633.89 ms
[TIMING] Test leaf ID extraction: 69.72 ms
[TIMING] Proximity matrix accumulation: 20988.78 ms
[TIMING] Neighbor sorting & quantiles: 206.82 ms
[TIMING] Total compute_uq: 21266.26 ms
[DEBUG DENSITY] mean walked density = 64.2984, min = 58.5342, max = 68.3754
    [TIMING] UQ Calculation (Proximity_Method_B_C): 22.9023 s
    [TIMING] Metrics Calculation: 5.9898 s
    [TIMING] Total Single Evaluation: 102.1874 s

  >>> Starting: Function=friedman_10d, Seed=1
    [TIMING] Data Generation: 0.0473 s
    [TIMING] Random Forest Fitting: 4.3811 s
    [TIMING] RF Predicting: 0.0733 s
    [TIMING] Base Aleatoric: 0.1088 s
[TIMING] Random Forest fit/check: 0.00 ms
[TIMING] OOB/In-bag index reconstruction: 340.89 ms
[TIMING] Leaf weights & density precomputation: 102.19 ms
[TIMING] Transfer structures to backend: 0.02 ms
[TIMING] Total fit: 443.10 ms
[TIMING] Test leaf ID extraction: 69.34 ms
[TIMING] Proximity matrix accumulation: 3128.42 ms
[TIMING] Neighbor sorting & quantiles: 260.86 ms
[TIMING] Total compute_uq: 3459.06 ms
    [TIMING] UQ Calculation (Proximity_Baseline): 3.9024 s
[TIMING] Random Forest fit/check: 0.00 ms
[TIMING] OOB/In-bag index reconstruction: 340.95 ms
[TIMING] Leaf weights & density precomputation: 735.13 ms
[TIMING] Transfer structures to backend: 0.02 ms
[TIMING] Total fit: 1076.10 ms
[TIMING] Test leaf ID extraction: 78.21 ms
[TIMING] Proximity matrix accumulation: 14229.80 ms
[TIMING] Neighbor sorting & quantiles: 489.17 ms
[TIMING] Total compute_uq: 14797.68 ms
    [TIMING] UQ Calculation (Proximity_Method_A): 15.8765 s
[TIMING] Random Forest fit/check: 0.00 ms
[TIMING] OOB/In-bag index reconstruction: 344.40 ms
[TIMING] Leaf weights & density precomputation: 1281.81 ms
[TIMING] Transfer structures to backend: 0.02 ms
[TIMING] Total fit: 1626.23 ms
[TIMING] Test leaf ID extraction: 69.38 ms
[TIMING] Proximity matrix accumulation: 17553.22 ms
[TIMING] Neighbor sorting & quantiles: 204.07 ms
[TIMING] Total compute_uq: 17828.00 ms
    [TIMING] UQ Calculation (Proximity_Method_B): 19.4580 s
[TIMING] Random Forest fit/check: 0.01 ms
[TIMING] OOB/In-bag index reconstruction: 342.39 ms
[TIMING] Leaf weights & density precomputation: 1281.55 ms
[TIMING] Transfer structures to backend: 0.02 ms
[TIMING] Total fit: 1623.96 ms
[TIMING] Test leaf ID extraction: 80.99 ms
[TIMING] Proximity matrix accumulation: 20556.41 ms
[TIMING] Neighbor sorting & quantiles: 567.90 ms
[TIMING] Total compute_uq: 21207.51 ms
[DEBUG DENSITY] mean walked density = 64.5350, min = 54.6941, max = 70.1913
    [TIMING] UQ Calculation (Proximity_Method_C): 22.8428 s
[TIMING] Random Forest fit/check: 0.01 ms
[TIMING] OOB/In-bag index reconstruction: 342.04 ms
[TIMING] Leaf weights & density precomputation: 1277.89 ms
[TIMING] Transfer structures to backend: 0.02 ms
[TIMING] Total fit: 1619.95 ms
[TIMING] Test leaf ID extraction: 80.17 ms
[TIMING] Proximity matrix accumulation: 20576.55 ms
[TIMING] Neighbor sorting & quantiles: 190.19 ms
[TIMING] Total compute_uq: 20847.99 ms
[DEBUG DENSITY] mean walked density = 64.5350, min = 54.6941, max = 70.1913
    [TIMING] UQ Calculation (Proximity_Method_B_C): 22.4791 s
    [TIMING] Metrics Calculation: 0.1772 s
    [TIMING] Total Single Evaluation: 89.3472 s

  >>> Starting: Function=sin_cos_11d, Seed=1
    [TIMING] Data Generation: 0.0223 s
    [TIMING] Random Forest Fitting: 7.4178 s
    [TIMING] RF Predicting: 0.0736 s
    [TIMING] Base Aleatoric: 0.1127 s
[TIMING] Random Forest fit/check: 0.00 ms
[TIMING] OOB/In-bag index reconstruction: 351.16 ms
[TIMING] Leaf weights & density precomputation: 466.91 ms
[TIMING] Transfer structures to backend: 0.03 ms
[TIMING] Total fit: 818.10 ms
[TIMING] Test leaf ID extraction: 80.67 ms
[TIMING] Proximity matrix accumulation: 7604.09 ms
[TIMING] Neighbor sorting & quantiles: 677.16 ms
[TIMING] Total compute_uq: 8362.45 ms
    [TIMING] UQ Calculation (Proximity_Baseline): 9.1832 s
[TIMING] Random Forest fit/check: 0.00 ms
[TIMING] OOB/In-bag index reconstruction: 353.39 ms
[TIMING] Leaf weights & density precomputation: 1337.75 ms
[TIMING] Transfer structures to backend: 0.02 ms
[TIMING] Total fit: 1691.17 ms
[TIMING] Test leaf ID extraction: 80.20 ms
[TIMING] Proximity matrix accumulation: 21210.00 ms
[TIMING] Neighbor sorting & quantiles: 684.99 ms
[TIMING] Total compute_uq: 21977.61 ms
    [TIMING] UQ Calculation (Proximity_Method_A): 23.6717 s
[TIMING] Random Forest fit/check: 0.01 ms
[TIMING] OOB/In-bag index reconstruction: 355.79 ms
[TIMING] Leaf weights & density precomputation: 945.98 ms
[TIMING] Transfer structures to backend: 0.02 ms
[TIMING] Total fit: 1301.80 ms
[TIMING] Test leaf ID extraction: 79.39 ms
[TIMING] Proximity matrix accumulation: 9357.65 ms
[TIMING] Neighbor sorting & quantiles: 74.78 ms
[TIMING] Total compute_uq: 9512.25 ms
    [TIMING] UQ Calculation (Proximity_Method_B): 10.8154 s
[TIMING] Random Forest fit/check: 0.00 ms
[TIMING] OOB/In-bag index reconstruction: 352.45 ms
[TIMING] Leaf weights & density precomputation: 1258.34 ms
[TIMING] Transfer structures to backend: 0.01 ms
[TIMING] Total fit: 1610.80 ms
[TIMING] Test leaf ID extraction: 80.12 ms
[TIMING] Proximity matrix accumulation: 24988.65 ms
[TIMING] Neighbor sorting & quantiles: 652.69 ms
[TIMING] Total compute_uq: 25722.74 ms
[DEBUG DENSITY] mean walked density = 64.4794, min = 60.9616, max = 67.8481
    [TIMING] UQ Calculation (Proximity_Method_C): 27.3446 s
[TIMING] Random Forest fit/check: 0.01 ms
[TIMING] OOB/In-bag index reconstruction: 352.73 ms
[TIMING] Leaf weights & density precomputation: 1344.64 ms
[TIMING] Transfer structures to backend: 0.01 ms
[TIMING] Total fit: 1697.39 ms
[TIMING] Test leaf ID extraction: 80.61 ms
[TIMING] Proximity matrix accumulation: 25067.53 ms
[TIMING] Neighbor sorting & quantiles: 217.45 ms
[TIMING] Total compute_uq: 25368.14 ms
[DEBUG DENSITY] mean walked density = 64.4794, min = 60.9616, max = 67.8481
    [TIMING] UQ Calculation (Proximity_Method_B_C): 27.0766 s
    [TIMING] Metrics Calculation: 0.2358 s
    [TIMING] Total Single Evaluation: 105.9546 s

  >>> Starting: Function=sin_cos_12d, Seed=1
    [TIMING] Data Generation: 0.0368 s
    [TIMING] Random Forest Fitting: 9.7885 s
    [TIMING] RF Predicting: 0.0837 s
    [TIMING] Base Aleatoric: 0.1296 s
[TIMING] Random Forest fit/check: 0.00 ms
[TIMING] OOB/In-bag index reconstruction: 469.59 ms
[TIMING] Leaf weights & density precomputation: 138.55 ms
[TIMING] Transfer structures to backend: 0.02 ms
[TIMING] Total fit: 608.16 ms
[TIMING] Test leaf ID extraction: 92.22 ms
[TIMING] Proximity matrix accumulation: 10170.08 ms
[TIMING] Neighbor sorting & quantiles: 825.95 ms
[TIMING] Total compute_uq: 11088.83 ms
    [TIMING] UQ Calculation (Proximity_Baseline): 11.6997 s
[TIMING] Random Forest fit/check: 0.00 ms
[TIMING] OOB/In-bag index reconstruction: 353.65 ms
[TIMING] Leaf weights & density precomputation: 1394.62 ms
[TIMING] Transfer structures to backend: 0.02 ms
[TIMING] Total fit: 1748.28 ms
[TIMING] Test leaf ID extraction: 90.80 ms
[TIMING] Proximity matrix accumulation: 24411.84 ms
[TIMING] Neighbor sorting & quantiles: 807.42 ms
[TIMING] Total compute_uq: 25311.99 ms
    [TIMING] UQ Calculation (Proximity_Method_A): 27.0612 s
[TIMING] Random Forest fit/check: 0.00 ms
[TIMING] OOB/In-bag index reconstruction: 367.82 ms
[TIMING] Leaf weights & density precomputation: 1355.69 ms
[TIMING] Transfer structures to backend: 0.01 ms
[TIMING] Total fit: 1723.52 ms
[TIMING] Test leaf ID extraction: 91.79 ms
[TIMING] Proximity matrix accumulation: 25214.88 ms
[TIMING] Neighbor sorting & quantiles: 256.84 ms
[TIMING] Total compute_uq: 25565.52 ms
    [TIMING] UQ Calculation (Proximity_Method_B): 27.2929 s
[TIMING] Random Forest fit/check: 0.01 ms
[TIMING] OOB/In-bag index reconstruction: 360.86 ms
[TIMING] Leaf weights & density precomputation: 1395.79 ms
[TIMING] Transfer structures to backend: 0.01 ms
[TIMING] Total fit: 1756.67 ms
[TIMING] Test leaf ID extraction: 91.27 ms
[TIMING] Proximity matrix accumulation: 17549.06 ms
[TIMING] Neighbor sorting & quantiles: 563.55 ms
[TIMING] Total compute_uq: 18206.59 ms
[DEBUG DENSITY] mean walked density = 64.4937, min = 61.4584, max = 68.3084
    [TIMING] UQ Calculation (Proximity_Method_C): 19.9653 s
[TIMING] Random Forest fit/check: 0.04 ms
[TIMING] OOB/In-bag index reconstruction: 1142.12 ms
[TIMING] Leaf weights & density precomputation: 1878.21 ms
[TIMING] Transfer structures to backend: 0.02 ms
[TIMING] Total fit: 3020.39 ms
[TIMING] Test leaf ID extraction: 299.46 ms
[TIMING] Proximity matrix accumulation: 15622.30 ms
[TIMING] Neighbor sorting & quantiles: 109.44 ms
[TIMING] Total compute_uq: 16031.73 ms
[DEBUG DENSITY] mean walked density = 64.4937, min = 61.4584, max = 68.3084
    [TIMING] UQ Calculation (Proximity_Method_B_C): 19.0638 s
    [TIMING] Metrics Calculation: 0.1886 s
    [TIMING] Total Single Evaluation: 115.3108 s

  >>> Starting: Function=sin_cos_13d, Seed=1
    [TIMING] Data Generation: 0.0313 s
    [TIMING] Random Forest Fitting: 11.0302 s
    [TIMING] RF Predicting: 0.0932 s
    [TIMING] Base Aleatoric: 0.1284 s
[TIMING] Random Forest fit/check: 0.00 ms
[TIMING] OOB/In-bag index reconstruction: 367.98 ms
[TIMING] Leaf weights & density precomputation: 837.10 ms
[TIMING] Transfer structures to backend: 0.02 ms
[TIMING] Total fit: 1205.10 ms
[TIMING] Test leaf ID extraction: 101.34 ms
[TIMING] Proximity matrix accumulation: 12230.89 ms
[TIMING] Neighbor sorting & quantiles: 1015.19 ms
[TIMING] Total compute_uq: 13349.57 ms
    [TIMING] UQ Calculation (Proximity_Baseline): 14.5573 s
[TIMING] Random Forest fit/check: 0.00 ms
[TIMING] OOB/In-bag index reconstruction: 363.66 ms
[TIMING] Leaf weights & density precomputation: 1450.94 ms
[TIMING] Transfer structures to backend: 0.02 ms
[TIMING] Total fit: 1814.62 ms
[TIMING] Test leaf ID extraction: 101.40 ms
[TIMING] Proximity matrix accumulation: 28305.70 ms
[TIMING] Neighbor sorting & quantiles: 943.13 ms
[TIMING] Total compute_uq: 29352.09 ms
    [TIMING] UQ Calculation (Proximity_Method_A): 31.1696 s
[TIMING] Random Forest fit/check: 0.01 ms
[TIMING] OOB/In-bag index reconstruction: 369.38 ms
[TIMING] Leaf weights & density precomputation: 1455.39 ms
[TIMING] Transfer structures to backend: 0.02 ms
[TIMING] Total fit: 1824.80 ms
[TIMING] Test leaf ID extraction: 101.53 ms
[TIMING] Proximity matrix accumulation: 28265.59 ms
[TIMING] Neighbor sorting & quantiles: 273.53 ms
[TIMING] Total compute_uq: 28641.39 ms
    [TIMING] UQ Calculation (Proximity_Method_B): 30.4700 s
[TIMING] Random Forest fit/check: 0.01 ms
[TIMING] OOB/In-bag index reconstruction: 377.61 ms
[TIMING] Leaf weights & density precomputation: 1454.38 ms
[TIMING] Transfer structures to backend: 0.02 ms
[TIMING] Total fit: 1832.02 ms
[TIMING] Test leaf ID extraction: 101.74 ms
[TIMING] Proximity matrix accumulation: 35335.91 ms
[TIMING] Neighbor sorting & quantiles: 965.52 ms
[TIMING] Total compute_uq: 36405.89 ms
[DEBUG DENSITY] mean walked density = 64.5018, min = 60.7882, max = 67.7482
    [TIMING] UQ Calculation (Proximity_Method_C): 38.2491 s
[TIMING] Random Forest fit/check: 0.01 ms
[TIMING] OOB/In-bag index reconstruction: 430.52 ms
[TIMING] Leaf weights & density precomputation: 1454.80 ms
[TIMING] Transfer structures to backend: 0.02 ms
[TIMING] Total fit: 1885.35 ms
[TIMING] Test leaf ID extraction: 91.58 ms
[TIMING] Proximity matrix accumulation: 32680.25 ms
[TIMING] Neighbor sorting & quantiles: 264.62 ms
[TIMING] Total compute_uq: 33038.84 ms
[DEBUG DENSITY] mean walked density = 64.5018, min = 60.7882, max = 67.7482
    [TIMING] UQ Calculation (Proximity_Method_B_C): 34.9261 s
    [TIMING] Metrics Calculation: 12.8507 s
    [TIMING] Total Single Evaluation: 173.5068 s

  >>> Starting: Function=sin_cos_14d, Seed=1
    [TIMING] Data Generation: 0.1237 s
    [TIMING] Random Forest Fitting: 13.8286 s
    [TIMING] RF Predicting: 0.0937 s
    [TIMING] Base Aleatoric: 0.1290 s
[TIMING] Random Forest fit/check: 0.00 ms
[TIMING] OOB/In-bag index reconstruction: 377.21 ms
[TIMING] Leaf weights & density precomputation: 821.26 ms
[TIMING] Transfer structures to backend: 0.02 ms
[TIMING] Total fit: 1198.49 ms
[TIMING] Test leaf ID extraction: 106.68 ms
[TIMING] Proximity matrix accumulation: 12968.94 ms
[TIMING] Neighbor sorting & quantiles: 1005.84 ms
[TIMING] Total compute_uq: 14083.60 ms
    [TIMING] UQ Calculation (Proximity_Baseline): 15.2850 s
[TIMING] Random Forest fit/check: 0.01 ms
[TIMING] OOB/In-bag index reconstruction: 380.95 ms
[TIMING] Leaf weights & density precomputation: 1532.44 ms
[TIMING] Transfer structures to backend: 0.01 ms
[TIMING] Total fit: 1913.42 ms
[TIMING] Test leaf ID extraction: 113.47 ms
[TIMING] Proximity matrix accumulation: 34291.76 ms
[TIMING] Neighbor sorting & quantiles: 1117.68 ms
[TIMING] Total compute_uq: 35525.21 ms
    [TIMING] UQ Calculation (Proximity_Method_A): 37.4417 s
[TIMING] Random Forest fit/check: 0.01 ms
[TIMING] OOB/In-bag index reconstruction: 512.78 ms
[TIMING] Leaf weights & density precomputation: 1998.96 ms
[TIMING] Transfer structures to backend: 0.02 ms
[TIMING] Total fit: 2511.76 ms
[TIMING] Test leaf ID extraction: 115.24 ms
[TIMING] Proximity matrix accumulation: 34126.86 ms
[TIMING] Neighbor sorting & quantiles: 311.24 ms
[TIMING] Total compute_uq: 34554.50 ms
    [TIMING] UQ Calculation (Proximity_Method_B): 37.0708 s
[TIMING] Random Forest fit/check: 0.01 ms
[TIMING] OOB/In-bag index reconstruction: 378.26 ms
[TIMING] Leaf weights & density precomputation: 1545.48 ms
[TIMING] Transfer structures to backend: 0.04 ms
[TIMING] Total fit: 1923.79 ms
[TIMING] Test leaf ID extraction: 114.98 ms
[TIMING] Proximity matrix accumulation: 41324.16 ms
[TIMING] Neighbor sorting & quantiles: 1098.04 ms
[TIMING] Total compute_uq: 42539.05 ms
[DEBUG DENSITY] mean walked density = 64.5349, min = 61.3050, max = 67.9982
    [TIMING] UQ Calculation (Proximity_Method_C): 44.4744 s
[TIMING] Random Forest fit/check: 0.00 ms
[TIMING] OOB/In-bag index reconstruction: 375.62 ms
[TIMING] Leaf weights & density precomputation: 1539.26 ms
[TIMING] Transfer structures to backend: 0.02 ms
[TIMING] Total fit: 1914.90 ms
[TIMING] Test leaf ID extraction: 112.68 ms
[TIMING] Proximity matrix accumulation: 41162.28 ms
[TIMING] Neighbor sorting & quantiles: 300.39 ms
[TIMING] Total compute_uq: 41577.56 ms
[DEBUG DENSITY] mean walked density = 64.5349, min = 61.3050, max = 67.9982
    [TIMING] UQ Calculation (Proximity_Method_B_C): 43.5040 s
    [TIMING] Metrics Calculation: 9.2782 s
    [TIMING] Total Single Evaluation: 201.2301 s

  >>> Starting: Function=sin_cos_15d, Seed=1
    [TIMING] Data Generation: 0.1221 s
    [TIMING] Random Forest Fitting: 20.2998 s
    [TIMING] RF Predicting: 0.4831 s
    [TIMING] Base Aleatoric: 0.5723 s
[TIMING] Random Forest fit/check: 0.00 ms
[TIMING] OOB/In-bag index reconstruction: 1443.68 ms
[TIMING] Leaf weights & density precomputation: 312.56 ms
[TIMING] Transfer structures to backend: 0.02 ms
[TIMING] Total fit: 1756.27 ms
[TIMING] Test leaf ID extraction: 441.20 ms
[TIMING] Proximity matrix accumulation: 7225.45 ms
[TIMING] Neighbor sorting & quantiles: 617.64 ms
[TIMING] Total compute_uq: 8285.15 ms
    [TIMING] UQ Calculation (Proximity_Baseline): 10.0421 s
[TIMING] Random Forest fit/check: 0.00 ms
[TIMING] OOB/In-bag index reconstruction: 397.86 ms
[TIMING] Leaf weights & density precomputation: 1274.32 ms
[TIMING] Transfer structures to backend: 0.02 ms
[TIMING] Total fit: 1672.20 ms
[TIMING] Test leaf ID extraction: 115.39 ms
[TIMING] Proximity matrix accumulation: 17359.10 ms
[TIMING] Neighbor sorting & quantiles: 567.79 ms
[TIMING] Total compute_uq: 18042.96 ms
    [TIMING] UQ Calculation (Proximity_Method_A): 19.7160 s
[TIMING] Random Forest fit/check: 0.03 ms
[TIMING] OOB/In-bag index reconstruction: 380.03 ms
[TIMING] Leaf weights & density precomputation: 1283.46 ms
[TIMING] Transfer structures to backend: 0.02 ms
[TIMING] Total fit: 1663.54 ms
[TIMING] Test leaf ID extraction: 113.29 ms
[TIMING] Proximity matrix accumulation: 17378.76 ms
[TIMING] Neighbor sorting & quantiles: 131.56 ms
[TIMING] Total compute_uq: 17624.18 ms
    [TIMING] UQ Calculation (Proximity_Method_B): 19.2894 s
[TIMING] Random Forest fit/check: 0.00 ms
[TIMING] OOB/In-bag index reconstruction: 390.86 ms
[TIMING] Leaf weights & density precomputation: 1262.89 ms
[TIMING] Transfer structures to backend: 0.02 ms
[TIMING] Total fit: 1653.76 ms
[TIMING] Test leaf ID extraction: 123.76 ms
[TIMING] Proximity matrix accumulation: 21504.74 ms
[TIMING] Neighbor sorting & quantiles: 567.47 ms
[TIMING] Total compute_uq: 22196.59 ms
[DEBUG DENSITY] mean walked density = 64.6483, min = 61.5049, max = 68.7684
    [TIMING] UQ Calculation (Proximity_Method_C): 23.8527 s
[TIMING] Random Forest fit/check: 0.01 ms
[TIMING] OOB/In-bag index reconstruction: 392.76 ms
[TIMING] Leaf weights & density precomputation: 1358.74 ms
[TIMING] Transfer structures to backend: 0.02 ms
[TIMING] Total fit: 1751.53 ms
[TIMING] Test leaf ID extraction: 115.43 ms
[TIMING] Proximity matrix accumulation: 21519.02 ms
[TIMING] Neighbor sorting & quantiles: 131.41 ms
[TIMING] Total compute_uq: 21766.47 ms
[DEBUG DENSITY] mean walked density = 64.6483, min = 61.5049, max = 68.7684
    [TIMING] UQ Calculation (Proximity_Method_B_C): 23.5200 s
    [TIMING] Metrics Calculation: 8.8440 s
    [TIMING] Total Single Evaluation: 126.7554 s
 [OK] (1922.5s, ETA: 160m remaining)
[RUN 3/7] 
  >>> Starting: Function=sin, Seed=2
    [TIMING] Data Generation: 0.0004 s
    [TIMING] Random Forest Fitting: 0.4525 s
    [TIMING] RF Predicting: 0.0436 s
    [TIMING] Base Aleatoric: 0.0506 s
[TIMING] Random Forest fit/check: 0.00 ms
[TIMING] OOB/In-bag index reconstruction: 167.54 ms
[TIMING] Leaf weights & density precomputation: 51.61 ms
[TIMING] Transfer structures to backend: 0.01 ms
[TIMING] Total fit: 219.17 ms
[TIMING] Test leaf ID extraction: 45.20 ms
[TIMING] Proximity matrix accumulation: 36.33 ms
[TIMING] Neighbor sorting & quantiles: 4.18 ms
[TIMING] Total compute_uq: 85.94 ms
    [TIMING] UQ Calculation (Proximity_Baseline): 0.3053 s
[TIMING] Random Forest fit/check: 0.00 ms
[TIMING] OOB/In-bag index reconstruction: 168.29 ms
[TIMING] Leaf weights & density precomputation: 294.18 ms
[TIMING] Transfer structures to backend: 0.01 ms
[TIMING] Total fit: 462.49 ms
[TIMING] Test leaf ID extraction: 44.14 ms
[TIMING] Proximity matrix accumulation: 166.40 ms
[TIMING] Neighbor sorting & quantiles: 4.08 ms
[TIMING] Total compute_uq: 214.84 ms
    [TIMING] UQ Calculation (Proximity_Method_A): 0.6777 s
[TIMING] Random Forest fit/check: 0.00 ms
[TIMING] OOB/In-bag index reconstruction: 166.47 ms
[TIMING] Leaf weights & density precomputation: 290.78 ms
[TIMING] Transfer structures to backend: 0.01 ms
[TIMING] Total fit: 457.26 ms
[TIMING] Test leaf ID extraction: 44.28 ms
[TIMING] Proximity matrix accumulation: 155.71 ms
[TIMING] Neighbor sorting & quantiles: 4.93 ms
[TIMING] Total compute_uq: 205.09 ms
    [TIMING] UQ Calculation (Proximity_Method_B): 0.6634 s
[TIMING] Random Forest fit/check: 0.00 ms
[TIMING] OOB/In-bag index reconstruction: 165.33 ms
[TIMING] Leaf weights & density precomputation: 290.80 ms
[TIMING] Transfer structures to backend: 0.01 ms
[TIMING] Total fit: 456.14 ms
[TIMING] Test leaf ID extraction: 34.34 ms
[TIMING] Proximity matrix accumulation: 212.65 ms
[TIMING] Neighbor sorting & quantiles: 4.08 ms
[TIMING] Total compute_uq: 251.28 ms
[DEBUG DENSITY] mean walked density = 62.6294, min = 57.8977, max = 67.6783
    [TIMING] UQ Calculation (Proximity_Method_C): 0.7086 s
[TIMING] Random Forest fit/check: 0.00 ms
[TIMING] OOB/In-bag index reconstruction: 166.17 ms
[TIMING] Leaf weights & density precomputation: 295.91 ms
[TIMING] Transfer structures to backend: 0.01 ms
[TIMING] Total fit: 462.09 ms
[TIMING] Test leaf ID extraction: 44.71 ms
[TIMING] Proximity matrix accumulation: 211.82 ms
[TIMING] Neighbor sorting & quantiles: 4.82 ms
[TIMING] Total compute_uq: 261.55 ms
[DEBUG DENSITY] mean walked density = 62.6294, min = 57.8977, max = 67.6783
    [TIMING] UQ Calculation (Proximity_Method_B_C): 0.7250 s
    [TIMING] Metrics Calculation: 0.0703 s
    [TIMING] Total Single Evaluation: 3.6978 s

  >>> Starting: Function=cos_trend, Seed=2
    [TIMING] Data Generation: 0.0003 s
    [TIMING] Random Forest Fitting: 0.3969 s
    [TIMING] RF Predicting: 0.0422 s
    [TIMING] Base Aleatoric: 0.0492 s
[TIMING] Random Forest fit/check: 0.00 ms
[TIMING] OOB/In-bag index reconstruction: 167.61 ms
[TIMING] Leaf weights & density precomputation: 49.68 ms
[TIMING] Transfer structures to backend: 0.01 ms
[TIMING] Total fit: 217.30 ms
[TIMING] Test leaf ID extraction: 34.00 ms
[TIMING] Proximity matrix accumulation: 36.30 ms
[TIMING] Neighbor sorting & quantiles: 4.17 ms
[TIMING] Total compute_uq: 74.66 ms
    [TIMING] UQ Calculation (Proximity_Baseline): 0.2921 s
[TIMING] Random Forest fit/check: 0.00 ms
[TIMING] OOB/In-bag index reconstruction: 154.63 ms
[TIMING] Leaf weights & density precomputation: 286.51 ms
[TIMING] Transfer structures to backend: 0.01 ms
[TIMING] Total fit: 441.15 ms
[TIMING] Test leaf ID extraction: 34.46 ms
[TIMING] Proximity matrix accumulation: 157.57 ms
[TIMING] Neighbor sorting & quantiles: 4.08 ms
[TIMING] Total compute_uq: 196.30 ms
    [TIMING] UQ Calculation (Proximity_Method_A): 0.6378 s
[TIMING] Random Forest fit/check: 0.00 ms
[TIMING] OOB/In-bag index reconstruction: 166.98 ms
[TIMING] Leaf weights & density precomputation: 288.49 ms
[TIMING] Transfer structures to backend: 0.01 ms
[TIMING] Total fit: 455.48 ms
[TIMING] Test leaf ID extraction: 44.89 ms
[TIMING] Proximity matrix accumulation: 154.82 ms
[TIMING] Neighbor sorting & quantiles: 4.84 ms
[TIMING] Total compute_uq: 204.74 ms
    [TIMING] UQ Calculation (Proximity_Method_B): 0.6613 s
[TIMING] Random Forest fit/check: 0.00 ms
[TIMING] OOB/In-bag index reconstruction: 156.53 ms
[TIMING] Leaf weights & density precomputation: 285.07 ms
[TIMING] Transfer structures to backend: 0.01 ms
[TIMING] Total fit: 441.61 ms
[TIMING] Test leaf ID extraction: 44.75 ms
[TIMING] Proximity matrix accumulation: 217.97 ms
[TIMING] Neighbor sorting & quantiles: 4.08 ms
[TIMING] Total compute_uq: 267.00 ms
[DEBUG DENSITY] mean walked density = 61.8292, min = 55.0574, max = 67.5054
    [TIMING] UQ Calculation (Proximity_Method_C): 0.7099 s
[TIMING] Random Forest fit/check: 0.00 ms
[TIMING] OOB/In-bag index reconstruction: 165.23 ms
[TIMING] Leaf weights & density precomputation: 288.25 ms
[TIMING] Transfer structures to backend: 0.01 ms
[TIMING] Total fit: 453.49 ms
[TIMING] Test leaf ID extraction: 44.58 ms
[TIMING] Proximity matrix accumulation: 210.86 ms
[TIMING] Neighbor sorting & quantiles: 4.78 ms
[TIMING] Total compute_uq: 260.41 ms
[DEBUG DENSITY] mean walked density = 61.8292, min = 55.0574, max = 67.5054
    [TIMING] UQ Calculation (Proximity_Method_B_C): 0.7151 s
    [TIMING] Metrics Calculation: 0.0689 s
    [TIMING] Total Single Evaluation: 3.5739 s

  >>> Starting: Function=poly, Seed=2
    [TIMING] Data Generation: 0.0003 s
    [TIMING] Random Forest Fitting: 0.3837 s
    [TIMING] RF Predicting: 0.0437 s
    [TIMING] Base Aleatoric: 0.0499 s
[TIMING] Random Forest fit/check: 0.00 ms
[TIMING] OOB/In-bag index reconstruction: 166.44 ms
[TIMING] Leaf weights & density precomputation: 56.64 ms
[TIMING] Transfer structures to backend: 0.02 ms
[TIMING] Total fit: 223.09 ms
[TIMING] Test leaf ID extraction: 45.07 ms
[TIMING] Proximity matrix accumulation: 36.13 ms
[TIMING] Neighbor sorting & quantiles: 4.17 ms
[TIMING] Total compute_uq: 85.58 ms
    [TIMING] UQ Calculation (Proximity_Baseline): 0.3088 s
[TIMING] Random Forest fit/check: 0.00 ms
[TIMING] OOB/In-bag index reconstruction: 166.83 ms
[TIMING] Leaf weights & density precomputation: 298.09 ms
[TIMING] Transfer structures to backend: 0.02 ms
[TIMING] Total fit: 464.94 ms
[TIMING] Test leaf ID extraction: 33.59 ms
[TIMING] Proximity matrix accumulation: 159.54 ms
[TIMING] Neighbor sorting & quantiles: 4.11 ms
[TIMING] Total compute_uq: 197.46 ms
    [TIMING] UQ Calculation (Proximity_Method_A): 0.6629 s
[TIMING] Random Forest fit/check: 0.00 ms
[TIMING] OOB/In-bag index reconstruction: 167.22 ms
[TIMING] Leaf weights & density precomputation: 297.98 ms
[TIMING] Transfer structures to backend: 0.02 ms
[TIMING] Total fit: 465.22 ms
[TIMING] Test leaf ID extraction: 44.71 ms
[TIMING] Proximity matrix accumulation: 167.45 ms
[TIMING] Neighbor sorting & quantiles: 5.11 ms
[TIMING] Total compute_uq: 217.51 ms
    [TIMING] UQ Calculation (Proximity_Method_B): 0.6839 s
[TIMING] Random Forest fit/check: 0.00 ms
[TIMING] OOB/In-bag index reconstruction: 167.23 ms
[TIMING] Leaf weights & density precomputation: 296.32 ms
[TIMING] Transfer structures to backend: 0.02 ms
[TIMING] Total fit: 463.57 ms
[TIMING] Test leaf ID extraction: 44.40 ms
[TIMING] Proximity matrix accumulation: 215.89 ms
[TIMING] Neighbor sorting & quantiles: 4.10 ms
[TIMING] Total compute_uq: 264.62 ms
[DEBUG DENSITY] mean walked density = 62.9643, min = 57.8511, max = 68.7715
    [TIMING] UQ Calculation (Proximity_Method_C): 0.7297 s
[TIMING] Random Forest fit/check: 0.00 ms
[TIMING] OOB/In-bag index reconstruction: 167.58 ms
[TIMING] Leaf weights & density precomputation: 295.64 ms
[TIMING] Transfer structures to backend: 0.02 ms
[TIMING] Total fit: 463.23 ms
[TIMING] Test leaf ID extraction: 33.90 ms
[TIMING] Proximity matrix accumulation: 214.10 ms
[TIMING] Neighbor sorting & quantiles: 4.97 ms
[TIMING] Total compute_uq: 253.20 ms
[DEBUG DENSITY] mean walked density = 62.9643, min = 57.8511, max = 68.7715
    [TIMING] UQ Calculation (Proximity_Method_B_C): 0.7179 s
    [TIMING] Metrics Calculation: 0.0865 s
    [TIMING] Total Single Evaluation: 3.6676 s

  >>> Starting: Function=damped_osc, Seed=2
    [TIMING] Data Generation: 0.0004 s
    [TIMING] Random Forest Fitting: 0.4112 s
    [TIMING] RF Predicting: 0.0438 s
    [TIMING] Base Aleatoric: 0.0522 s
[TIMING] Random Forest fit/check: 0.00 ms
[TIMING] OOB/In-bag index reconstruction: 181.17 ms
[TIMING] Leaf weights & density precomputation: 49.56 ms
[TIMING] Transfer structures to backend: 0.01 ms
[TIMING] Total fit: 230.74 ms
[TIMING] Test leaf ID extraction: 33.76 ms
[TIMING] Proximity matrix accumulation: 35.95 ms
[TIMING] Neighbor sorting & quantiles: 4.18 ms
[TIMING] Total compute_uq: 74.09 ms
    [TIMING] UQ Calculation (Proximity_Baseline): 0.3050 s
[TIMING] Random Forest fit/check: 0.00 ms
[TIMING] OOB/In-bag index reconstruction: 165.87 ms
[TIMING] Leaf weights & density precomputation: 287.64 ms
[TIMING] Transfer structures to backend: 0.01 ms
[TIMING] Total fit: 453.52 ms
[TIMING] Test leaf ID extraction: 44.74 ms
[TIMING] Proximity matrix accumulation: 154.97 ms
[TIMING] Neighbor sorting & quantiles: 4.18 ms
[TIMING] Total compute_uq: 204.07 ms
    [TIMING] UQ Calculation (Proximity_Method_A): 0.6579 s
[TIMING] Random Forest fit/check: 0.00 ms
[TIMING] OOB/In-bag index reconstruction: 165.81 ms
[TIMING] Leaf weights & density precomputation: 290.47 ms
[TIMING] Transfer structures to backend: 0.01 ms
[TIMING] Total fit: 456.29 ms
[TIMING] Test leaf ID extraction: 45.36 ms
[TIMING] Proximity matrix accumulation: 154.28 ms
[TIMING] Neighbor sorting & quantiles: 4.80 ms
[TIMING] Total compute_uq: 204.58 ms
    [TIMING] UQ Calculation (Proximity_Method_B): 0.6621 s
[TIMING] Random Forest fit/check: 0.00 ms
[TIMING] OOB/In-bag index reconstruction: 165.72 ms
[TIMING] Leaf weights & density precomputation: 284.69 ms
[TIMING] Transfer structures to backend: 0.01 ms
[TIMING] Total fit: 450.42 ms
[TIMING] Test leaf ID extraction: 44.64 ms
[TIMING] Proximity matrix accumulation: 212.87 ms
[TIMING] Neighbor sorting & quantiles: 4.08 ms
[TIMING] Total compute_uq: 261.78 ms
[DEBUG DENSITY] mean walked density = 64.1814, min = 59.2481, max = 72.5148
    [TIMING] UQ Calculation (Proximity_Method_C): 0.7135 s
[TIMING] Random Forest fit/check: 0.00 ms
[TIMING] OOB/In-bag index reconstruction: 166.48 ms
[TIMING] Leaf weights & density precomputation: 288.90 ms
[TIMING] Transfer structures to backend: 0.03 ms
[TIMING] Total fit: 455.41 ms
[TIMING] Test leaf ID extraction: 45.55 ms
[TIMING] Proximity matrix accumulation: 211.34 ms
[TIMING] Neighbor sorting & quantiles: 4.94 ms
[TIMING] Total compute_uq: 262.03 ms
[DEBUG DENSITY] mean walked density = 64.1814, min = 59.2481, max = 72.5148
    [TIMING] UQ Calculation (Proximity_Method_B_C): 0.7190 s
    [TIMING] Metrics Calculation: 0.0698 s
    [TIMING] Total Single Evaluation: 3.6352 s

  >>> Starting: Function=log_mod, Seed=2
    [TIMING] Data Generation: 0.0004 s
    [TIMING] Random Forest Fitting: 0.3918 s
    [TIMING] RF Predicting: 0.0538 s
    [TIMING] Base Aleatoric: 0.0520 s
[TIMING] Random Forest fit/check: 0.00 ms
[TIMING] OOB/In-bag index reconstruction: 200.58 ms
[TIMING] Leaf weights & density precomputation: 49.51 ms
[TIMING] Transfer structures to backend: 0.01 ms
[TIMING] Total fit: 250.10 ms
[TIMING] Test leaf ID extraction: 34.01 ms
[TIMING] Proximity matrix accumulation: 36.16 ms
[TIMING] Neighbor sorting & quantiles: 4.18 ms
[TIMING] Total compute_uq: 74.54 ms
    [TIMING] UQ Calculation (Proximity_Baseline): 0.3248 s
[TIMING] Random Forest fit/check: 0.00 ms
[TIMING] OOB/In-bag index reconstruction: 156.32 ms
[TIMING] Leaf weights & density precomputation: 288.65 ms
[TIMING] Transfer structures to backend: 0.01 ms
[TIMING] Total fit: 444.98 ms
[TIMING] Test leaf ID extraction: 34.40 ms
[TIMING] Proximity matrix accumulation: 156.00 ms
[TIMING] Neighbor sorting & quantiles: 4.07 ms
[TIMING] Total compute_uq: 194.61 ms
    [TIMING] UQ Calculation (Proximity_Method_A): 0.6399 s
[TIMING] Random Forest fit/check: 0.00 ms
[TIMING] OOB/In-bag index reconstruction: 156.16 ms
[TIMING] Leaf weights & density precomputation: 410.17 ms
[TIMING] Transfer structures to backend: 0.01 ms
[TIMING] Total fit: 566.35 ms
[TIMING] Test leaf ID extraction: 44.63 ms
[TIMING] Proximity matrix accumulation: 187.69 ms
[TIMING] Neighbor sorting & quantiles: 4.86 ms
[TIMING] Total compute_uq: 237.40 ms
    [TIMING] UQ Calculation (Proximity_Method_B): 0.8048 s
[TIMING] Random Forest fit/check: 0.00 ms
[TIMING] OOB/In-bag index reconstruction: 167.18 ms
[TIMING] Leaf weights & density precomputation: 291.45 ms
[TIMING] Transfer structures to backend: 0.01 ms
[TIMING] Total fit: 458.65 ms
[TIMING] Test leaf ID extraction: 44.80 ms
[TIMING] Proximity matrix accumulation: 221.56 ms
[TIMING] Neighbor sorting & quantiles: 4.24 ms
[TIMING] Total compute_uq: 270.85 ms
[DEBUG DENSITY] mean walked density = 62.0432, min = 57.3711, max = 66.7286
    [TIMING] UQ Calculation (Proximity_Method_C): 0.7310 s
[TIMING] Random Forest fit/check: 0.00 ms
[TIMING] OOB/In-bag index reconstruction: 179.11 ms
[TIMING] Leaf weights & density precomputation: 313.49 ms
[TIMING] Transfer structures to backend: 0.02 ms
[TIMING] Total fit: 492.62 ms
[TIMING] Test leaf ID extraction: 44.09 ms
[TIMING] Proximity matrix accumulation: 225.39 ms
[TIMING] Neighbor sorting & quantiles: 4.78 ms
[TIMING] Total compute_uq: 274.50 ms
[DEBUG DENSITY] mean walked density = 62.0432, min = 57.3711, max = 66.7286
    [TIMING] UQ Calculation (Proximity_Method_B_C): 0.7685 s
    [TIMING] Metrics Calculation: 0.0746 s
    [TIMING] Total Single Evaluation: 3.8418 s

  >>> Starting: Function=sin_cos, Seed=2
    [TIMING] Data Generation: 0.0012 s
    [TIMING] Random Forest Fitting: 0.4390 s
    [TIMING] RF Predicting: 0.0537 s
    [TIMING] Base Aleatoric: 0.0514 s
[TIMING] Random Forest fit/check: 0.00 ms
[TIMING] OOB/In-bag index reconstruction: 186.62 ms
[TIMING] Leaf weights & density precomputation: 59.04 ms
[TIMING] Transfer structures to backend: 0.01 ms
[TIMING] Total fit: 245.67 ms
[TIMING] Test leaf ID extraction: 45.46 ms
[TIMING] Proximity matrix accumulation: 149.80 ms
[TIMING] Neighbor sorting & quantiles: 16.37 ms
[TIMING] Total compute_uq: 211.91 ms
    [TIMING] UQ Calculation (Proximity_Baseline): 0.4577 s
[TIMING] Random Forest fit/check: 0.00 ms
[TIMING] OOB/In-bag index reconstruction: 187.61 ms
[TIMING] Leaf weights & density precomputation: 352.29 ms
[TIMING] Transfer structures to backend: 0.02 ms
[TIMING] Total fit: 539.92 ms
[TIMING] Test leaf ID extraction: 44.78 ms
[TIMING] Proximity matrix accumulation: 427.43 ms
[TIMING] Neighbor sorting & quantiles: 15.92 ms
[TIMING] Total compute_uq: 488.35 ms
    [TIMING] UQ Calculation (Proximity_Method_A): 1.0286 s
[TIMING] Random Forest fit/check: 0.00 ms
[TIMING] OOB/In-bag index reconstruction: 187.51 ms
[TIMING] Leaf weights & density precomputation: 329.50 ms
[TIMING] Transfer structures to backend: 0.01 ms
[TIMING] Total fit: 517.02 ms
[TIMING] Test leaf ID extraction: 45.77 ms
[TIMING] Proximity matrix accumulation: 428.07 ms
[TIMING] Neighbor sorting & quantiles: 8.38 ms
[TIMING] Total compute_uq: 482.60 ms
    [TIMING] UQ Calculation (Proximity_Method_B): 1.0007 s
[TIMING] Random Forest fit/check: 0.00 ms
[TIMING] OOB/In-bag index reconstruction: 187.70 ms
[TIMING] Leaf weights & density precomputation: 328.99 ms
[TIMING] Transfer structures to backend: 0.01 ms
[TIMING] Total fit: 516.71 ms
[TIMING] Test leaf ID extraction: 45.78 ms
[TIMING] Proximity matrix accumulation: 530.47 ms
[TIMING] Neighbor sorting & quantiles: 15.90 ms
[TIMING] Total compute_uq: 592.39 ms
[DEBUG DENSITY] mean walked density = 65.1296, min = 53.1501, max = 71.8543
    [TIMING] UQ Calculation (Proximity_Method_C): 1.1103 s
[TIMING] Random Forest fit/check: 0.00 ms
[TIMING] OOB/In-bag index reconstruction: 186.44 ms
[TIMING] Leaf weights & density precomputation: 334.60 ms
[TIMING] Transfer structures to backend: 0.02 ms
[TIMING] Total fit: 521.05 ms
[TIMING] Test leaf ID extraction: 45.99 ms
[TIMING] Proximity matrix accumulation: 531.19 ms
[TIMING] Neighbor sorting & quantiles: 8.90 ms
[TIMING] Total compute_uq: 586.35 ms
[DEBUG DENSITY] mean walked density = 65.1296, min = 53.1501, max = 71.8543
    [TIMING] UQ Calculation (Proximity_Method_B_C): 1.1091 s
    [TIMING] Metrics Calculation: 0.0734 s
    [TIMING] Total Single Evaluation: 5.3255 s

  >>> Starting: Function=quadratic, Seed=2
    [TIMING] Data Generation: 0.0010 s
    [TIMING] Random Forest Fitting: 0.4212 s
    [TIMING] RF Predicting: 0.0547 s
    [TIMING] Base Aleatoric: 0.0550 s
[TIMING] Random Forest fit/check: 0.00 ms
[TIMING] OOB/In-bag index reconstruction: 188.47 ms
[TIMING] Leaf weights & density precomputation: 58.97 ms
[TIMING] Transfer structures to backend: 0.01 ms
[TIMING] Total fit: 247.45 ms
[TIMING] Test leaf ID extraction: 45.46 ms
[TIMING] Proximity matrix accumulation: 149.29 ms
[TIMING] Neighbor sorting & quantiles: 16.36 ms
[TIMING] Total compute_uq: 211.34 ms
    [TIMING] UQ Calculation (Proximity_Baseline): 0.4589 s
[TIMING] Random Forest fit/check: 0.00 ms
[TIMING] OOB/In-bag index reconstruction: 204.26 ms
[TIMING] Leaf weights & density precomputation: 328.32 ms
[TIMING] Transfer structures to backend: 0.01 ms
[TIMING] Total fit: 532.59 ms
[TIMING] Test leaf ID extraction: 46.42 ms
[TIMING] Proximity matrix accumulation: 427.47 ms
[TIMING] Neighbor sorting & quantiles: 15.96 ms
[TIMING] Total compute_uq: 490.05 ms
    [TIMING] UQ Calculation (Proximity_Method_A): 1.0230 s
[TIMING] Random Forest fit/check: 0.00 ms
[TIMING] OOB/In-bag index reconstruction: 269.38 ms
[TIMING] Leaf weights & density precomputation: 447.26 ms
[TIMING] Transfer structures to backend: 0.02 ms
[TIMING] Total fit: 716.67 ms
[TIMING] Test leaf ID extraction: 46.02 ms
[TIMING] Proximity matrix accumulation: 427.12 ms
[TIMING] Neighbor sorting & quantiles: 8.96 ms
[TIMING] Total compute_uq: 482.37 ms
    [TIMING] UQ Calculation (Proximity_Method_B): 1.2010 s
[TIMING] Random Forest fit/check: 0.01 ms
[TIMING] OOB/In-bag index reconstruction: 187.03 ms
[TIMING] Leaf weights & density precomputation: 335.75 ms
[TIMING] Transfer structures to backend: 0.02 ms
[TIMING] Total fit: 522.80 ms
[TIMING] Test leaf ID extraction: 44.77 ms
[TIMING] Proximity matrix accumulation: 531.04 ms
[TIMING] Neighbor sorting & quantiles: 16.04 ms
[TIMING] Total compute_uq: 592.14 ms
[DEBUG DENSITY] mean walked density = 65.1343, min = 57.1123, max = 69.9284
    [TIMING] UQ Calculation (Proximity_Method_C): 1.1166 s
[TIMING] Random Forest fit/check: 0.00 ms
[TIMING] OOB/In-bag index reconstruction: 178.36 ms
[TIMING] Leaf weights & density precomputation: 349.69 ms
[TIMING] Transfer structures to backend: 0.02 ms
[TIMING] Total fit: 528.07 ms
[TIMING] Test leaf ID extraction: 35.59 ms
[TIMING] Proximity matrix accumulation: 529.75 ms
[TIMING] Neighbor sorting & quantiles: 8.76 ms
[TIMING] Total compute_uq: 574.35 ms
[DEBUG DENSITY] mean walked density = 65.1343, min = 57.1123, max = 69.9284
    [TIMING] UQ Calculation (Proximity_Method_B_C): 1.1039 s
    [TIMING] Metrics Calculation: 0.0770 s
    [TIMING] Total Single Evaluation: 5.5127 s

  >>> Starting: Function=sin_sum_mod, Seed=2
    [TIMING] Data Generation: 0.0012 s
    [TIMING] Random Forest Fitting: 0.4369 s
    [TIMING] RF Predicting: 0.0441 s
    [TIMING] Base Aleatoric: 0.0423 s
[TIMING] Random Forest fit/check: 0.00 ms
[TIMING] OOB/In-bag index reconstruction: 178.70 ms
[TIMING] Leaf weights & density precomputation: 60.46 ms
[TIMING] Transfer structures to backend: 0.02 ms
[TIMING] Total fit: 239.17 ms
[TIMING] Test leaf ID extraction: 34.75 ms
[TIMING] Proximity matrix accumulation: 149.58 ms
[TIMING] Neighbor sorting & quantiles: 16.37 ms
[TIMING] Total compute_uq: 200.94 ms
    [TIMING] UQ Calculation (Proximity_Baseline): 0.4403 s
[TIMING] Random Forest fit/check: 0.00 ms
[TIMING] OOB/In-bag index reconstruction: 179.03 ms
[TIMING] Leaf weights & density precomputation: 347.86 ms
[TIMING] Transfer structures to backend: 0.02 ms
[TIMING] Total fit: 526.90 ms
[TIMING] Test leaf ID extraction: 35.66 ms
[TIMING] Proximity matrix accumulation: 425.83 ms
[TIMING] Neighbor sorting & quantiles: 15.93 ms
[TIMING] Total compute_uq: 477.65 ms
    [TIMING] UQ Calculation (Proximity_Method_A): 1.0050 s
[TIMING] Random Forest fit/check: 0.00 ms
[TIMING] OOB/In-bag index reconstruction: 189.10 ms
[TIMING] Leaf weights & density precomputation: 364.08 ms
[TIMING] Transfer structures to backend: 0.02 ms
[TIMING] Total fit: 553.19 ms
[TIMING] Test leaf ID extraction: 35.55 ms
[TIMING] Proximity matrix accumulation: 428.50 ms
[TIMING] Neighbor sorting & quantiles: 8.43 ms
[TIMING] Total compute_uq: 472.67 ms
    [TIMING] UQ Calculation (Proximity_Method_B): 1.0271 s
[TIMING] Random Forest fit/check: 0.00 ms
[TIMING] OOB/In-bag index reconstruction: 187.50 ms
[TIMING] Leaf weights & density precomputation: 356.67 ms
[TIMING] Transfer structures to backend: 0.02 ms
[TIMING] Total fit: 544.19 ms
[TIMING] Test leaf ID extraction: 45.11 ms
[TIMING] Proximity matrix accumulation: 530.73 ms
[TIMING] Neighbor sorting & quantiles: 15.93 ms
[TIMING] Total compute_uq: 592.07 ms
[DEBUG DENSITY] mean walked density = 63.6891, min = 48.4368, max = 76.0202
    [TIMING] UQ Calculation (Proximity_Method_C): 1.1377 s
[TIMING] Random Forest fit/check: 0.00 ms
[TIMING] OOB/In-bag index reconstruction: 188.11 ms
[TIMING] Leaf weights & density precomputation: 346.44 ms
[TIMING] Transfer structures to backend: 0.02 ms
[TIMING] Total fit: 534.56 ms
[TIMING] Test leaf ID extraction: 45.00 ms
[TIMING] Proximity matrix accumulation: 566.95 ms
[TIMING] Neighbor sorting & quantiles: 9.24 ms
[TIMING] Total compute_uq: 621.45 ms
[DEBUG DENSITY] mean walked density = 63.6891, min = 48.4368, max = 76.0202
    [TIMING] UQ Calculation (Proximity_Method_B_C): 1.1575 s
    [TIMING] Metrics Calculation: 1.4993 s
    [TIMING] Total Single Evaluation: 6.7916 s

  >>> Starting: Function=gaussian, Seed=2
    [TIMING] Data Generation: 0.0014 s
    [TIMING] Random Forest Fitting: 1.0829 s
    [TIMING] RF Predicting: 0.1748 s
    [TIMING] Base Aleatoric: 0.1462 s
[TIMING] Random Forest fit/check: 0.00 ms
[TIMING] OOB/In-bag index reconstruction: 458.57 ms
[TIMING] Leaf weights & density precomputation: 131.89 ms
[TIMING] Transfer structures to backend: 0.02 ms
[TIMING] Total fit: 590.48 ms
[TIMING] Test leaf ID extraction: 163.13 ms
[TIMING] Proximity matrix accumulation: 215.22 ms
[TIMING] Neighbor sorting & quantiles: 16.50 ms
[TIMING] Total compute_uq: 395.15 ms
    [TIMING] UQ Calculation (Proximity_Baseline): 0.9859 s
[TIMING] Random Forest fit/check: 0.00 ms
[TIMING] OOB/In-bag index reconstruction: 615.13 ms
[TIMING] Leaf weights & density precomputation: 617.40 ms
[TIMING] Transfer structures to backend: 0.02 ms
[TIMING] Total fit: 1232.55 ms
[TIMING] Test leaf ID extraction: 143.64 ms
[TIMING] Proximity matrix accumulation: 541.78 ms
[TIMING] Neighbor sorting & quantiles: 16.04 ms
[TIMING] Total compute_uq: 701.74 ms
    [TIMING] UQ Calculation (Proximity_Method_A): 1.9348 s
[TIMING] Random Forest fit/check: 0.00 ms
[TIMING] OOB/In-bag index reconstruction: 346.29 ms
[TIMING] Leaf weights & density precomputation: 468.96 ms
[TIMING] Transfer structures to backend: 0.04 ms
[TIMING] Total fit: 815.30 ms
[TIMING] Test leaf ID extraction: 118.98 ms
[TIMING] Proximity matrix accumulation: 435.88 ms
[TIMING] Neighbor sorting & quantiles: 10.32 ms
[TIMING] Total compute_uq: 565.45 ms
    [TIMING] UQ Calculation (Proximity_Method_B): 1.3824 s
[TIMING] Random Forest fit/check: 0.01 ms
[TIMING] OOB/In-bag index reconstruction: 336.05 ms
[TIMING] Leaf weights & density precomputation: 873.92 ms
[TIMING] Transfer structures to backend: 0.02 ms
[TIMING] Total fit: 1209.99 ms
[TIMING] Test leaf ID extraction: 131.17 ms
[TIMING] Proximity matrix accumulation: 777.92 ms
[TIMING] Neighbor sorting & quantiles: 26.54 ms
[TIMING] Total compute_uq: 936.09 ms
[DEBUG DENSITY] mean walked density = 64.1555, min = 58.6352, max = 71.0213
    [TIMING] UQ Calculation (Proximity_Method_C): 2.1573 s
[TIMING] Random Forest fit/check: 0.00 ms
[TIMING] OOB/In-bag index reconstruction: 203.64 ms
[TIMING] Leaf weights & density precomputation: 328.38 ms
[TIMING] Transfer structures to backend: 0.01 ms
[TIMING] Total fit: 532.04 ms
[TIMING] Test leaf ID extraction: 45.48 ms
[TIMING] Proximity matrix accumulation: 530.46 ms
[TIMING] Neighbor sorting & quantiles: 8.33 ms
[TIMING] Total compute_uq: 584.70 ms
[DEBUG DENSITY] mean walked density = 64.1555, min = 58.6352, max = 71.0213
    [TIMING] UQ Calculation (Proximity_Method_B_C): 1.1181 s
    [TIMING] Metrics Calculation: 0.0969 s
    [TIMING] Total Single Evaluation: 9.0810 s

  >>> Starting: Function=abs_sin, Seed=2
    [TIMING] Data Generation: 0.0015 s
    [TIMING] Random Forest Fitting: 0.4213 s
    [TIMING] RF Predicting: 0.0430 s
    [TIMING] Base Aleatoric: 0.0524 s
[TIMING] Random Forest fit/check: 0.00 ms
[TIMING] OOB/In-bag index reconstruction: 186.77 ms
[TIMING] Leaf weights & density precomputation: 58.72 ms
[TIMING] Transfer structures to backend: 0.01 ms
[TIMING] Total fit: 245.50 ms
[TIMING] Test leaf ID extraction: 46.22 ms
[TIMING] Proximity matrix accumulation: 149.48 ms
[TIMING] Neighbor sorting & quantiles: 16.42 ms
[TIMING] Total compute_uq: 212.39 ms
    [TIMING] UQ Calculation (Proximity_Baseline): 0.4580 s
[TIMING] Random Forest fit/check: 0.00 ms
[TIMING] OOB/In-bag index reconstruction: 262.00 ms
[TIMING] Leaf weights & density precomputation: 443.63 ms
[TIMING] Transfer structures to backend: 0.02 ms
[TIMING] Total fit: 705.65 ms
[TIMING] Test leaf ID extraction: 46.49 ms
[TIMING] Proximity matrix accumulation: 427.97 ms
[TIMING] Neighbor sorting & quantiles: 15.95 ms
[TIMING] Total compute_uq: 490.68 ms
    [TIMING] UQ Calculation (Proximity_Method_A): 1.1968 s
[TIMING] Random Forest fit/check: 0.00 ms
[TIMING] OOB/In-bag index reconstruction: 265.53 ms
[TIMING] Leaf weights & density precomputation: 444.89 ms
[TIMING] Transfer structures to backend: 0.02 ms
[TIMING] Total fit: 710.44 ms
[TIMING] Test leaf ID extraction: 46.50 ms
[TIMING] Proximity matrix accumulation: 428.98 ms
[TIMING] Neighbor sorting & quantiles: 10.31 ms
[TIMING] Total compute_uq: 486.04 ms
    [TIMING] UQ Calculation (Proximity_Method_B): 1.1980 s
[TIMING] Random Forest fit/check: 0.00 ms
[TIMING] OOB/In-bag index reconstruction: 262.53 ms
[TIMING] Leaf weights & density precomputation: 442.23 ms
[TIMING] Transfer structures to backend: 0.02 ms
[TIMING] Total fit: 704.77 ms
[TIMING] Test leaf ID extraction: 46.45 ms
[TIMING] Proximity matrix accumulation: 532.70 ms
[TIMING] Neighbor sorting & quantiles: 15.96 ms
[TIMING] Total compute_uq: 595.37 ms
[DEBUG DENSITY] mean walked density = 63.7327, min = 46.7780, max = 81.2635
    [TIMING] UQ Calculation (Proximity_Method_C): 1.3019 s
[TIMING] Random Forest fit/check: 0.00 ms
[TIMING] OOB/In-bag index reconstruction: 188.24 ms
[TIMING] Leaf weights & density precomputation: 343.28 ms
[TIMING] Transfer structures to backend: 0.02 ms
[TIMING] Total fit: 531.53 ms
[TIMING] Test leaf ID extraction: 44.94 ms
[TIMING] Proximity matrix accumulation: 531.68 ms
[TIMING] Neighbor sorting & quantiles: 8.66 ms
[TIMING] Total compute_uq: 585.56 ms
[DEBUG DENSITY] mean walked density = 63.7327, min = 46.7780, max = 81.2635
    [TIMING] UQ Calculation (Proximity_Method_B_C): 1.1185 s
    [TIMING] Metrics Calculation: 0.0666 s
    [TIMING] Total Single Evaluation: 5.8584 s

  >>> Starting: Function=sin_cos_sin, Seed=2
    [TIMING] Data Generation: 0.0023 s
    [TIMING] Random Forest Fitting: 0.5076 s
    [TIMING] RF Predicting: 0.0435 s
    [TIMING] Base Aleatoric: 0.0521 s
[TIMING] Random Forest fit/check: 0.00 ms
[TIMING] OOB/In-bag index reconstruction: 213.07 ms
[TIMING] Leaf weights & density precomputation: 63.17 ms
[TIMING] Transfer structures to backend: 0.02 ms
[TIMING] Total fit: 276.25 ms
[TIMING] Test leaf ID extraction: 45.45 ms
[TIMING] Proximity matrix accumulation: 231.82 ms
[TIMING] Neighbor sorting & quantiles: 22.99 ms
[TIMING] Total compute_uq: 300.71 ms
    [TIMING] UQ Calculation (Proximity_Baseline): 0.5771 s
[TIMING] Random Forest fit/check: 0.00 ms
[TIMING] OOB/In-bag index reconstruction: 188.89 ms
[TIMING] Leaf weights & density precomputation: 355.13 ms
[TIMING] Transfer structures to backend: 0.02 ms
[TIMING] Total fit: 544.03 ms
[TIMING] Test leaf ID extraction: 44.96 ms
[TIMING] Proximity matrix accumulation: 702.84 ms
[TIMING] Neighbor sorting & quantiles: 22.39 ms
[TIMING] Total compute_uq: 770.45 ms
    [TIMING] UQ Calculation (Proximity_Method_A): 1.3149 s
[TIMING] Random Forest fit/check: 0.00 ms
[TIMING] OOB/In-bag index reconstruction: 190.61 ms
[TIMING] Leaf weights & density precomputation: 360.13 ms
[TIMING] Transfer structures to backend: 0.02 ms
[TIMING] Total fit: 550.76 ms
[TIMING] Test leaf ID extraction: 45.69 ms
[TIMING] Proximity matrix accumulation: 701.13 ms
[TIMING] Neighbor sorting & quantiles: 10.52 ms
[TIMING] Total compute_uq: 757.58 ms
    [TIMING] UQ Calculation (Proximity_Method_B): 1.3096 s
[TIMING] Random Forest fit/check: 0.00 ms
[TIMING] OOB/In-bag index reconstruction: 201.78 ms
[TIMING] Leaf weights & density precomputation: 368.27 ms
[TIMING] Transfer structures to backend: 0.02 ms
[TIMING] Total fit: 570.07 ms
[TIMING] Test leaf ID extraction: 45.06 ms
[TIMING] Proximity matrix accumulation: 865.52 ms
[TIMING] Neighbor sorting & quantiles: 22.45 ms
[TIMING] Total compute_uq: 933.32 ms
[DEBUG DENSITY] mean walked density = 62.1788, min = 49.3074, max = 72.2056
    [TIMING] UQ Calculation (Proximity_Method_C): 1.5048 s
[TIMING] Random Forest fit/check: 0.00 ms
[TIMING] OOB/In-bag index reconstruction: 188.17 ms
[TIMING] Leaf weights & density precomputation: 367.27 ms
[TIMING] Transfer structures to backend: 0.01 ms
[TIMING] Total fit: 555.45 ms
[TIMING] Test leaf ID extraction: 44.62 ms
[TIMING] Proximity matrix accumulation: 863.68 ms
[TIMING] Neighbor sorting & quantiles: 11.97 ms
[TIMING] Total compute_uq: 920.54 ms
[DEBUG DENSITY] mean walked density = 62.1788, min = 49.3074, max = 72.2056
    [TIMING] UQ Calculation (Proximity_Method_B_C): 1.4775 s
    [TIMING] Metrics Calculation: 0.1112 s
    [TIMING] Total Single Evaluation: 6.9009 s

  >>> Starting: Function=quadratic_3d, Seed=2
    [TIMING] Data Generation: 0.0027 s
    [TIMING] Random Forest Fitting: 0.5519 s
    [TIMING] RF Predicting: 0.0545 s
    [TIMING] Base Aleatoric: 0.0694 s
[TIMING] Random Forest fit/check: 0.00 ms
[TIMING] OOB/In-bag index reconstruction: 275.07 ms
[TIMING] Leaf weights & density precomputation: 78.82 ms
[TIMING] Transfer structures to backend: 0.02 ms
[TIMING] Total fit: 353.91 ms
[TIMING] Test leaf ID extraction: 57.59 ms
[TIMING] Proximity matrix accumulation: 232.54 ms
[TIMING] Neighbor sorting & quantiles: 23.11 ms
[TIMING] Total compute_uq: 313.55 ms
    [TIMING] UQ Calculation (Proximity_Baseline): 0.6676 s
[TIMING] Random Forest fit/check: 0.00 ms
[TIMING] OOB/In-bag index reconstruction: 276.20 ms
[TIMING] Leaf weights & density precomputation: 478.26 ms
[TIMING] Transfer structures to backend: 0.02 ms
[TIMING] Total fit: 754.48 ms
[TIMING] Test leaf ID extraction: 47.20 ms
[TIMING] Proximity matrix accumulation: 700.55 ms
[TIMING] Neighbor sorting & quantiles: 22.44 ms
[TIMING] Total compute_uq: 770.49 ms
    [TIMING] UQ Calculation (Proximity_Method_A): 1.5255 s
[TIMING] Random Forest fit/check: 0.00 ms
[TIMING] OOB/In-bag index reconstruction: 177.26 ms
[TIMING] Leaf weights & density precomputation: 343.87 ms
[TIMING] Transfer structures to backend: 0.02 ms
[TIMING] Total fit: 521.14 ms
[TIMING] Test leaf ID extraction: 46.36 ms
[TIMING] Proximity matrix accumulation: 701.55 ms
[TIMING] Neighbor sorting & quantiles: 9.91 ms
[TIMING] Total compute_uq: 758.06 ms
    [TIMING] UQ Calculation (Proximity_Method_B): 1.2804 s
[TIMING] Random Forest fit/check: 0.00 ms
[TIMING] OOB/In-bag index reconstruction: 189.00 ms
[TIMING] Leaf weights & density precomputation: 342.55 ms
[TIMING] Transfer structures to backend: 0.01 ms
[TIMING] Total fit: 531.57 ms
[TIMING] Test leaf ID extraction: 46.13 ms
[TIMING] Proximity matrix accumulation: 864.58 ms
[TIMING] Neighbor sorting & quantiles: 22.34 ms
[TIMING] Total compute_uq: 933.29 ms
[DEBUG DENSITY] mean walked density = 64.5478, min = 57.5644, max = 71.2552
    [TIMING] UQ Calculation (Proximity_Method_C): 1.4661 s
[TIMING] Random Forest fit/check: 0.00 ms
[TIMING] OOB/In-bag index reconstruction: 189.01 ms
[TIMING] Leaf weights & density precomputation: 343.12 ms
[TIMING] Transfer structures to backend: 0.01 ms
[TIMING] Total fit: 532.15 ms
[TIMING] Test leaf ID extraction: 45.61 ms
[TIMING] Proximity matrix accumulation: 864.83 ms
[TIMING] Neighbor sorting & quantiles: 10.19 ms
[TIMING] Total compute_uq: 920.86 ms
[DEBUG DENSITY] mean walked density = 64.5478, min = 57.5644, max = 71.2552
    [TIMING] UQ Calculation (Proximity_Method_B_C): 1.4544 s
    [TIMING] Metrics Calculation: 0.1078 s
    [TIMING] Total Single Evaluation: 7.1809 s

  >>> Starting: Function=sin_sum_3d, Seed=2
    [TIMING] Data Generation: 0.0030 s
    [TIMING] Random Forest Fitting: 0.5101 s
    [TIMING] RF Predicting: 0.0431 s
    [TIMING] Base Aleatoric: 0.0530 s
[TIMING] Random Forest fit/check: 0.00 ms
[TIMING] OOB/In-bag index reconstruction: 236.30 ms
[TIMING] Leaf weights & density precomputation: 61.42 ms
[TIMING] Transfer structures to backend: 0.01 ms
[TIMING] Total fit: 297.74 ms
[TIMING] Test leaf ID extraction: 46.24 ms
[TIMING] Proximity matrix accumulation: 232.20 ms
[TIMING] Neighbor sorting & quantiles: 22.94 ms
[TIMING] Total compute_uq: 301.59 ms
    [TIMING] UQ Calculation (Proximity_Baseline): 0.5995 s
[TIMING] Random Forest fit/check: 0.00 ms
[TIMING] OOB/In-bag index reconstruction: 188.45 ms
[TIMING] Leaf weights & density precomputation: 360.08 ms
[TIMING] Transfer structures to backend: 0.01 ms
[TIMING] Total fit: 548.54 ms
[TIMING] Test leaf ID extraction: 46.05 ms
[TIMING] Proximity matrix accumulation: 701.11 ms
[TIMING] Neighbor sorting & quantiles: 22.34 ms
[TIMING] Total compute_uq: 769.92 ms
    [TIMING] UQ Calculation (Proximity_Method_A): 1.3188 s
[TIMING] Random Forest fit/check: 0.00 ms
[TIMING] OOB/In-bag index reconstruction: 189.46 ms
[TIMING] Leaf weights & density precomputation: 342.41 ms
[TIMING] Transfer structures to backend: 0.02 ms
[TIMING] Total fit: 531.89 ms
[TIMING] Test leaf ID extraction: 46.18 ms
[TIMING] Proximity matrix accumulation: 700.94 ms
[TIMING] Neighbor sorting & quantiles: 10.07 ms
[TIMING] Total compute_uq: 757.39 ms
    [TIMING] UQ Calculation (Proximity_Method_B): 1.2905 s
[TIMING] Random Forest fit/check: 0.00 ms
[TIMING] OOB/In-bag index reconstruction: 187.83 ms
[TIMING] Leaf weights & density precomputation: 342.57 ms
[TIMING] Transfer structures to backend: 0.01 ms
[TIMING] Total fit: 530.42 ms
[TIMING] Test leaf ID extraction: 45.92 ms
[TIMING] Proximity matrix accumulation: 865.41 ms
[TIMING] Neighbor sorting & quantiles: 22.34 ms
[TIMING] Total compute_uq: 934.15 ms
[DEBUG DENSITY] mean walked density = 65.1880, min = 52.3226, max = 74.3227
    [TIMING] UQ Calculation (Proximity_Method_C): 1.4659 s
[TIMING] Random Forest fit/check: 0.00 ms
[TIMING] OOB/In-bag index reconstruction: 189.78 ms
[TIMING] Leaf weights & density precomputation: 342.30 ms
[TIMING] Transfer structures to backend: 0.02 ms
[TIMING] Total fit: 532.09 ms
[TIMING] Test leaf ID extraction: 46.23 ms
[TIMING] Proximity matrix accumulation: 863.43 ms
[TIMING] Neighbor sorting & quantiles: 9.87 ms
[TIMING] Total compute_uq: 919.72 ms
[DEBUG DENSITY] mean walked density = 65.1880, min = 52.3226, max = 74.3227
    [TIMING] UQ Calculation (Proximity_Method_B_C): 1.4531 s
    [TIMING] Metrics Calculation: 0.0962 s
    [TIMING] Total Single Evaluation: 6.8335 s

  >>> Starting: Function=gaussian_3d, Seed=2
    [TIMING] Data Generation: 0.0029 s
    [TIMING] Random Forest Fitting: 0.5518 s
    [TIMING] RF Predicting: 0.0442 s
    [TIMING] Base Aleatoric: 0.0530 s
[TIMING] Random Forest fit/check: 0.00 ms
[TIMING] OOB/In-bag index reconstruction: 187.85 ms
[TIMING] Leaf weights & density precomputation: 61.77 ms
[TIMING] Transfer structures to backend: 0.01 ms
[TIMING] Total fit: 249.63 ms
[TIMING] Test leaf ID extraction: 45.72 ms
[TIMING] Proximity matrix accumulation: 232.15 ms
[TIMING] Neighbor sorting & quantiles: 22.95 ms
[TIMING] Total compute_uq: 301.25 ms
    [TIMING] UQ Calculation (Proximity_Baseline): 0.5510 s
[TIMING] Random Forest fit/check: 0.00 ms
[TIMING] OOB/In-bag index reconstruction: 189.86 ms
[TIMING] Leaf weights & density precomputation: 348.75 ms
[TIMING] Transfer structures to backend: 0.01 ms
[TIMING] Total fit: 538.63 ms
[TIMING] Test leaf ID extraction: 46.04 ms
[TIMING] Proximity matrix accumulation: 701.33 ms
[TIMING] Neighbor sorting & quantiles: 22.38 ms
[TIMING] Total compute_uq: 769.96 ms
    [TIMING] UQ Calculation (Proximity_Method_A): 1.3090 s
[TIMING] Random Forest fit/check: 0.00 ms
[TIMING] OOB/In-bag index reconstruction: 189.15 ms
[TIMING] Leaf weights & density precomputation: 349.19 ms
[TIMING] Transfer structures to backend: 0.01 ms
[TIMING] Total fit: 538.36 ms
[TIMING] Test leaf ID extraction: 45.58 ms
[TIMING] Proximity matrix accumulation: 700.37 ms
[TIMING] Neighbor sorting & quantiles: 10.05 ms
[TIMING] Total compute_uq: 756.20 ms
    [TIMING] UQ Calculation (Proximity_Method_B): 1.2957 s
[TIMING] Random Forest fit/check: 0.00 ms
[TIMING] OOB/In-bag index reconstruction: 188.48 ms
[TIMING] Leaf weights & density precomputation: 347.09 ms
[TIMING] Transfer structures to backend: 0.01 ms
[TIMING] Total fit: 535.58 ms
[TIMING] Test leaf ID extraction: 46.05 ms
[TIMING] Proximity matrix accumulation: 865.84 ms
[TIMING] Neighbor sorting & quantiles: 22.37 ms
[TIMING] Total compute_uq: 934.46 ms
[DEBUG DENSITY] mean walked density = 63.9612, min = 57.0217, max = 69.8113
    [TIMING] UQ Calculation (Proximity_Method_C): 1.4715 s
[TIMING] Random Forest fit/check: 0.00 ms
[TIMING] OOB/In-bag index reconstruction: 189.34 ms
[TIMING] Leaf weights & density precomputation: 348.71 ms
[TIMING] Transfer structures to backend: 0.01 ms
[TIMING] Total fit: 538.07 ms
[TIMING] Test leaf ID extraction: 45.96 ms
[TIMING] Proximity matrix accumulation: 862.40 ms
[TIMING] Neighbor sorting & quantiles: 9.94 ms
[TIMING] Total compute_uq: 918.52 ms
[DEBUG DENSITY] mean walked density = 63.9612, min = 57.0217, max = 69.8113
    [TIMING] UQ Calculation (Proximity_Method_B_C): 1.4580 s
    [TIMING] Metrics Calculation: 0.1042 s
    [TIMING] Total Single Evaluation: 6.8525 s

  >>> Starting: Function=sin_exp_cos, Seed=2
    [TIMING] Data Generation: 0.0031 s
    [TIMING] Random Forest Fitting: 0.5274 s
    [TIMING] RF Predicting: 0.0442 s
    [TIMING] Base Aleatoric: 0.0530 s
[TIMING] Random Forest fit/check: 0.00 ms
[TIMING] OOB/In-bag index reconstruction: 177.26 ms
[TIMING] Leaf weights & density precomputation: 60.95 ms
[TIMING] Transfer structures to backend: 0.01 ms
[TIMING] Total fit: 238.22 ms
[TIMING] Test leaf ID extraction: 45.96 ms
[TIMING] Proximity matrix accumulation: 232.32 ms
[TIMING] Neighbor sorting & quantiles: 22.94 ms
[TIMING] Total compute_uq: 301.47 ms
    [TIMING] UQ Calculation (Proximity_Baseline): 0.5398 s
[TIMING] Random Forest fit/check: 0.00 ms
[TIMING] OOB/In-bag index reconstruction: 178.05 ms
[TIMING] Leaf weights & density precomputation: 344.83 ms
[TIMING] Transfer structures to backend: 0.01 ms
[TIMING] Total fit: 522.89 ms
[TIMING] Test leaf ID extraction: 35.45 ms
[TIMING] Proximity matrix accumulation: 703.11 ms
[TIMING] Neighbor sorting & quantiles: 22.34 ms
[TIMING] Total compute_uq: 761.07 ms
    [TIMING] UQ Calculation (Proximity_Method_A): 1.2843 s
[TIMING] Random Forest fit/check: 0.00 ms
[TIMING] OOB/In-bag index reconstruction: 186.63 ms
[TIMING] Leaf weights & density precomputation: 348.96 ms
[TIMING] Transfer structures to backend: 0.01 ms
[TIMING] Total fit: 535.60 ms
[TIMING] Test leaf ID extraction: 46.19 ms
[TIMING] Proximity matrix accumulation: 701.44 ms
[TIMING] Neighbor sorting & quantiles: 9.91 ms
[TIMING] Total compute_uq: 757.74 ms
    [TIMING] UQ Calculation (Proximity_Method_B): 1.2945 s
[TIMING] Random Forest fit/check: 0.00 ms
[TIMING] OOB/In-bag index reconstruction: 177.86 ms
[TIMING] Leaf weights & density precomputation: 345.23 ms
[TIMING] Transfer structures to backend: 0.01 ms
[TIMING] Total fit: 523.11 ms
[TIMING] Test leaf ID extraction: 45.73 ms
[TIMING] Proximity matrix accumulation: 865.85 ms
[TIMING] Neighbor sorting & quantiles: 22.33 ms
[TIMING] Total compute_uq: 934.11 ms
[DEBUG DENSITY] mean walked density = 63.8067, min = 54.0939, max = 70.6217
    [TIMING] UQ Calculation (Proximity_Method_C): 1.4586 s
[TIMING] Random Forest fit/check: 0.00 ms
[TIMING] OOB/In-bag index reconstruction: 178.62 ms
[TIMING] Leaf weights & density precomputation: 342.70 ms
[TIMING] Transfer structures to backend: 0.01 ms
[TIMING] Total fit: 521.33 ms
[TIMING] Test leaf ID extraction: 46.03 ms
[TIMING] Proximity matrix accumulation: 862.20 ms
[TIMING] Neighbor sorting & quantiles: 10.55 ms
[TIMING] Total compute_uq: 919.21 ms
[DEBUG DENSITY] mean walked density = 63.8067, min = 54.0939, max = 70.6217
    [TIMING] UQ Calculation (Proximity_Method_B_C): 1.4419 s
    [TIMING] Metrics Calculation: 0.1574 s
    [TIMING] Total Single Evaluation: 6.8044 s

  >>> Starting: Function=sin_cos_4d, Seed=2
    [TIMING] Data Generation: 0.0051 s
    [TIMING] Random Forest Fitting: 0.9622 s
    [TIMING] RF Predicting: 0.0430 s
    [TIMING] Base Aleatoric: 0.0556 s
[TIMING] Random Forest fit/check: 0.00 ms
[TIMING] OOB/In-bag index reconstruction: 192.05 ms
[TIMING] Leaf weights & density precomputation: 68.73 ms
[TIMING] Transfer structures to backend: 0.02 ms
[TIMING] Total fit: 260.79 ms
[TIMING] Test leaf ID extraction: 46.36 ms
[TIMING] Proximity matrix accumulation: 459.41 ms
[TIMING] Neighbor sorting & quantiles: 39.51 ms
[TIMING] Total compute_uq: 545.56 ms
    [TIMING] UQ Calculation (Proximity_Baseline): 0.8065 s
[TIMING] Random Forest fit/check: 0.00 ms
[TIMING] OOB/In-bag index reconstruction: 191.37 ms
[TIMING] Leaf weights & density precomputation: 421.44 ms
[TIMING] Transfer structures to backend: 0.01 ms
[TIMING] Total fit: 612.82 ms
[TIMING] Test leaf ID extraction: 36.35 ms
[TIMING] Proximity matrix accumulation: 1260.60 ms
[TIMING] Neighbor sorting & quantiles: 38.73 ms
[TIMING] Total compute_uq: 1335.90 ms
    [TIMING] UQ Calculation (Proximity_Method_A): 1.9492 s
[TIMING] Random Forest fit/check: 0.01 ms
[TIMING] OOB/In-bag index reconstruction: 193.04 ms
[TIMING] Leaf weights & density precomputation: 424.06 ms
[TIMING] Transfer structures to backend: 0.02 ms
[TIMING] Total fit: 617.13 ms
[TIMING] Test leaf ID extraction: 47.09 ms
[TIMING] Proximity matrix accumulation: 1260.18 ms
[TIMING] Neighbor sorting & quantiles: 13.82 ms
[TIMING] Total compute_uq: 1321.36 ms
    [TIMING] UQ Calculation (Proximity_Method_B): 1.9398 s
[TIMING] Random Forest fit/check: 0.00 ms
[TIMING] OOB/In-bag index reconstruction: 179.35 ms
[TIMING] Leaf weights & density precomputation: 416.80 ms
[TIMING] Transfer structures to backend: 0.02 ms
[TIMING] Total fit: 596.17 ms
[TIMING] Test leaf ID extraction: 47.07 ms
[TIMING] Proximity matrix accumulation: 1558.91 ms
[TIMING] Neighbor sorting & quantiles: 38.52 ms
[TIMING] Total compute_uq: 1644.69 ms
[DEBUG DENSITY] mean walked density = 64.1833, min = 52.2739, max = 70.8209
    [TIMING] UQ Calculation (Proximity_Method_C): 2.2423 s
[TIMING] Random Forest fit/check: 0.00 ms
[TIMING] OOB/In-bag index reconstruction: 190.00 ms
[TIMING] Leaf weights & density precomputation: 491.22 ms
[TIMING] Transfer structures to backend: 0.02 ms
[TIMING] Total fit: 681.24 ms
[TIMING] Test leaf ID extraction: 46.93 ms
[TIMING] Proximity matrix accumulation: 1557.91 ms
[TIMING] Neighbor sorting & quantiles: 13.58 ms
[TIMING] Total compute_uq: 1618.68 ms
[DEBUG DENSITY] mean walked density = 64.1833, min = 52.2739, max = 70.8209
    [TIMING] UQ Calculation (Proximity_Method_B_C): 2.3014 s
    [TIMING] Metrics Calculation: 0.0896 s
    [TIMING] Total Single Evaluation: 10.3952 s

  >>> Starting: Function=quadratic_4d, Seed=2
    [TIMING] Data Generation: 0.0029 s
    [TIMING] Random Forest Fitting: 0.6855 s
    [TIMING] RF Predicting: 0.0429 s
    [TIMING] Base Aleatoric: 0.0554 s
[TIMING] Random Forest fit/check: 0.00 ms
[TIMING] OOB/In-bag index reconstruction: 192.15 ms
[TIMING] Leaf weights & density precomputation: 68.18 ms
[TIMING] Transfer structures to backend: 0.02 ms
[TIMING] Total fit: 260.34 ms
[TIMING] Test leaf ID extraction: 46.80 ms
[TIMING] Proximity matrix accumulation: 459.02 ms
[TIMING] Neighbor sorting & quantiles: 39.57 ms
[TIMING] Total compute_uq: 545.65 ms
    [TIMING] UQ Calculation (Proximity_Baseline): 0.8061 s
[TIMING] Random Forest fit/check: 0.00 ms
[TIMING] OOB/In-bag index reconstruction: 197.22 ms
[TIMING] Leaf weights & density precomputation: 438.61 ms
[TIMING] Transfer structures to backend: 0.01 ms
[TIMING] Total fit: 635.85 ms
[TIMING] Test leaf ID extraction: 35.17 ms
[TIMING] Proximity matrix accumulation: 1261.64 ms
[TIMING] Neighbor sorting & quantiles: 38.52 ms
[TIMING] Total compute_uq: 1335.61 ms
    [TIMING] UQ Calculation (Proximity_Method_A): 1.9719 s
[TIMING] Random Forest fit/check: 0.00 ms
[TIMING] OOB/In-bag index reconstruction: 180.28 ms
[TIMING] Leaf weights & density precomputation: 390.61 ms
[TIMING] Transfer structures to backend: 0.02 ms
[TIMING] Total fit: 570.91 ms
[TIMING] Test leaf ID extraction: 35.88 ms
[TIMING] Proximity matrix accumulation: 1259.86 ms
[TIMING] Neighbor sorting & quantiles: 13.76 ms
[TIMING] Total compute_uq: 1309.77 ms
    [TIMING] UQ Calculation (Proximity_Method_B): 1.8817 s
[TIMING] Random Forest fit/check: 0.00 ms
[TIMING] OOB/In-bag index reconstruction: 191.40 ms
[TIMING] Leaf weights & density precomputation: 386.46 ms
[TIMING] Transfer structures to backend: 0.02 ms
[TIMING] Total fit: 577.87 ms
[TIMING] Test leaf ID extraction: 46.68 ms
[TIMING] Proximity matrix accumulation: 1559.93 ms
[TIMING] Neighbor sorting & quantiles: 38.57 ms
[TIMING] Total compute_uq: 1645.46 ms
[DEBUG DENSITY] mean walked density = 63.8586, min = 51.9772, max = 68.6380
    [TIMING] UQ Calculation (Proximity_Method_C): 2.2248 s
[TIMING] Random Forest fit/check: 0.00 ms
[TIMING] OOB/In-bag index reconstruction: 190.55 ms
[TIMING] Leaf weights & density precomputation: 384.49 ms
[TIMING] Transfer structures to backend: 0.01 ms
[TIMING] Total fit: 575.06 ms
[TIMING] Test leaf ID extraction: 47.38 ms
[TIMING] Proximity matrix accumulation: 1556.71 ms
[TIMING] Neighbor sorting & quantiles: 13.60 ms
[TIMING] Total compute_uq: 1617.95 ms
[DEBUG DENSITY] mean walked density = 63.8586, min = 51.9772, max = 68.6380
    [TIMING] UQ Calculation (Proximity_Method_B_C): 2.1943 s
    [TIMING] Metrics Calculation: 0.0876 s
    [TIMING] Total Single Evaluation: 9.9536 s

  >>> Starting: Function=sin_sum_4d, Seed=2
    [TIMING] Data Generation: 0.0034 s
    [TIMING] Random Forest Fitting: 0.7066 s
    [TIMING] RF Predicting: 0.0428 s
    [TIMING] Base Aleatoric: 0.0542 s
[TIMING] Random Forest fit/check: 0.00 ms
[TIMING] OOB/In-bag index reconstruction: 193.01 ms
[TIMING] Leaf weights & density precomputation: 69.62 ms
[TIMING] Transfer structures to backend: 0.02 ms
[TIMING] Total fit: 262.65 ms
[TIMING] Test leaf ID extraction: 45.70 ms
[TIMING] Proximity matrix accumulation: 459.06 ms
[TIMING] Neighbor sorting & quantiles: 39.67 ms
[TIMING] Total compute_uq: 544.69 ms
    [TIMING] UQ Calculation (Proximity_Baseline): 0.8075 s
[TIMING] Random Forest fit/check: 0.00 ms
[TIMING] OOB/In-bag index reconstruction: 182.00 ms
[TIMING] Leaf weights & density precomputation: 399.95 ms
[TIMING] Transfer structures to backend: 0.02 ms
[TIMING] Total fit: 581.96 ms
[TIMING] Test leaf ID extraction: 46.00 ms
[TIMING] Proximity matrix accumulation: 1262.44 ms
[TIMING] Neighbor sorting & quantiles: 38.62 ms
[TIMING] Total compute_uq: 1347.42 ms
    [TIMING] UQ Calculation (Proximity_Method_A): 1.9298 s
[TIMING] Random Forest fit/check: 0.00 ms
[TIMING] OOB/In-bag index reconstruction: 191.95 ms
[TIMING] Leaf weights & density precomputation: 396.09 ms
[TIMING] Transfer structures to backend: 0.02 ms
[TIMING] Total fit: 588.06 ms
[TIMING] Test leaf ID extraction: 46.11 ms
[TIMING] Proximity matrix accumulation: 1260.37 ms
[TIMING] Neighbor sorting & quantiles: 16.11 ms
[TIMING] Total compute_uq: 1322.93 ms
    [TIMING] UQ Calculation (Proximity_Method_B): 1.9123 s
[TIMING] Random Forest fit/check: 0.04 ms
[TIMING] OOB/In-bag index reconstruction: 194.44 ms
[TIMING] Leaf weights & density precomputation: 397.79 ms
[TIMING] Transfer structures to backend: 0.02 ms
[TIMING] Total fit: 592.29 ms
[TIMING] Test leaf ID extraction: 45.73 ms
[TIMING] Proximity matrix accumulation: 1559.63 ms
[TIMING] Neighbor sorting & quantiles: 38.61 ms
[TIMING] Total compute_uq: 1644.26 ms
[DEBUG DENSITY] mean walked density = 64.0353, min = 51.5605, max = 71.5260
    [TIMING] UQ Calculation (Proximity_Method_C): 2.2381 s
[TIMING] Random Forest fit/check: 0.00 ms
[TIMING] OOB/In-bag index reconstruction: 191.37 ms
[TIMING] Leaf weights & density precomputation: 394.87 ms
[TIMING] Transfer structures to backend: 0.03 ms
[TIMING] Total fit: 586.26 ms
[TIMING] Test leaf ID extraction: 45.35 ms
[TIMING] Proximity matrix accumulation: 1556.77 ms
[TIMING] Neighbor sorting & quantiles: 14.22 ms
[TIMING] Total compute_uq: 1616.61 ms
[DEBUG DENSITY] mean walked density = 64.0353, min = 51.5605, max = 71.5260
    [TIMING] UQ Calculation (Proximity_Method_B_C): 2.2044 s
    [TIMING] Metrics Calculation: 0.1125 s
    [TIMING] Total Single Evaluation: 10.0121 s

  >>> Starting: Function=sin_cos_5d, Seed=2
    [TIMING] Data Generation: 0.0055 s
    [TIMING] Random Forest Fitting: 1.3719 s
    [TIMING] RF Predicting: 0.0423 s
    [TIMING] Base Aleatoric: 0.0568 s
[TIMING] Random Forest fit/check: 0.00 ms
[TIMING] OOB/In-bag index reconstruction: 229.25 ms
[TIMING] Leaf weights & density precomputation: 74.73 ms
[TIMING] Transfer structures to backend: 0.02 ms
[TIMING] Total fit: 304.00 ms
[TIMING] Test leaf ID extraction: 46.62 ms
[TIMING] Proximity matrix accumulation: 748.72 ms
[TIMING] Neighbor sorting & quantiles: 63.32 ms
[TIMING] Total compute_uq: 858.99 ms
    [TIMING] UQ Calculation (Proximity_Baseline): 1.1632 s
[TIMING] Random Forest fit/check: 0.00 ms
[TIMING] OOB/In-bag index reconstruction: 230.71 ms
[TIMING] Leaf weights & density precomputation: 484.31 ms
[TIMING] Transfer structures to backend: 0.02 ms
[TIMING] Total fit: 715.04 ms
[TIMING] Test leaf ID extraction: 46.15 ms
[TIMING] Proximity matrix accumulation: 1964.97 ms
[TIMING] Neighbor sorting & quantiles: 62.51 ms
[TIMING] Total compute_uq: 2073.99 ms
    [TIMING] UQ Calculation (Proximity_Method_A): 2.7894 s
[TIMING] Random Forest fit/check: 0.00 ms
[TIMING] OOB/In-bag index reconstruction: 228.62 ms
[TIMING] Leaf weights & density precomputation: 502.93 ms
[TIMING] Transfer structures to backend: 0.02 ms
[TIMING] Total fit: 731.57 ms
[TIMING] Test leaf ID extraction: 46.66 ms
[TIMING] Proximity matrix accumulation: 1962.88 ms
[TIMING] Neighbor sorting & quantiles: 20.04 ms
[TIMING] Total compute_uq: 2029.92 ms
    [TIMING] UQ Calculation (Proximity_Method_B): 2.7628 s
[TIMING] Random Forest fit/check: 0.00 ms
[TIMING] OOB/In-bag index reconstruction: 229.06 ms
[TIMING] Leaf weights & density precomputation: 501.26 ms
[TIMING] Transfer structures to backend: 0.02 ms
[TIMING] Total fit: 730.34 ms
[TIMING] Test leaf ID extraction: 46.36 ms
[TIMING] Proximity matrix accumulation: 2443.84 ms
[TIMING] Neighbor sorting & quantiles: 62.49 ms
[TIMING] Total compute_uq: 2553.03 ms
[DEBUG DENSITY] mean walked density = 64.1616, min = 60.5080, max = 68.2618
    [TIMING] UQ Calculation (Proximity_Method_C): 3.2850 s
[TIMING] Random Forest fit/check: 0.01 ms
[TIMING] OOB/In-bag index reconstruction: 243.57 ms
[TIMING] Leaf weights & density precomputation: 561.59 ms
[TIMING] Transfer structures to backend: 0.02 ms
[TIMING] Total fit: 805.18 ms
[TIMING] Test leaf ID extraction: 46.20 ms
[TIMING] Proximity matrix accumulation: 2441.61 ms
[TIMING] Neighbor sorting & quantiles: 19.56 ms
[TIMING] Total compute_uq: 2507.68 ms
[DEBUG DENSITY] mean walked density = 64.1616, min = 60.5080, max = 68.2618
    [TIMING] UQ Calculation (Proximity_Method_B_C): 3.3144 s
    [TIMING] Metrics Calculation: 0.1039 s
    [TIMING] Total Single Evaluation: 14.8958 s

  >>> Starting: Function=quadratic_5d, Seed=2
    [TIMING] Data Generation: 0.0045 s
    [TIMING] Random Forest Fitting: 1.0737 s
    [TIMING] RF Predicting: 0.0428 s
    [TIMING] Base Aleatoric: 0.0562 s
[TIMING] Random Forest fit/check: 0.00 ms
[TIMING] OOB/In-bag index reconstruction: 230.66 ms
[TIMING] Leaf weights & density precomputation: 74.47 ms
[TIMING] Transfer structures to backend: 0.02 ms
[TIMING] Total fit: 305.14 ms
[TIMING] Test leaf ID extraction: 46.55 ms
[TIMING] Proximity matrix accumulation: 748.33 ms
[TIMING] Neighbor sorting & quantiles: 63.70 ms
[TIMING] Total compute_uq: 858.89 ms
    [TIMING] UQ Calculation (Proximity_Baseline): 1.1642 s
[TIMING] Random Forest fit/check: 0.00 ms
[TIMING] OOB/In-bag index reconstruction: 230.79 ms
[TIMING] Leaf weights & density precomputation: 458.18 ms
[TIMING] Transfer structures to backend: 0.04 ms
[TIMING] Total fit: 689.02 ms
[TIMING] Test leaf ID extraction: 57.20 ms
[TIMING] Proximity matrix accumulation: 1963.54 ms
[TIMING] Neighbor sorting & quantiles: 62.29 ms
[TIMING] Total compute_uq: 2083.37 ms
    [TIMING] UQ Calculation (Proximity_Method_A): 2.7730 s
[TIMING] Random Forest fit/check: 0.01 ms
[TIMING] OOB/In-bag index reconstruction: 229.42 ms
[TIMING] Leaf weights & density precomputation: 457.23 ms
[TIMING] Transfer structures to backend: 0.02 ms
[TIMING] Total fit: 686.68 ms
[TIMING] Test leaf ID extraction: 46.33 ms
[TIMING] Proximity matrix accumulation: 1962.11 ms
[TIMING] Neighbor sorting & quantiles: 19.70 ms
[TIMING] Total compute_uq: 2028.44 ms
    [TIMING] UQ Calculation (Proximity_Method_B): 2.7165 s
[TIMING] Random Forest fit/check: 0.00 ms
[TIMING] OOB/In-bag index reconstruction: 231.26 ms
[TIMING] Leaf weights & density precomputation: 532.61 ms
[TIMING] Transfer structures to backend: 0.02 ms
[TIMING] Total fit: 763.90 ms
[TIMING] Test leaf ID extraction: 37.78 ms
[TIMING] Proximity matrix accumulation: 2441.79 ms
[TIMING] Neighbor sorting & quantiles: 62.43 ms
[TIMING] Total compute_uq: 2542.38 ms
[DEBUG DENSITY] mean walked density = 63.8408, min = 51.5904, max = 69.3015
    [TIMING] UQ Calculation (Proximity_Method_C): 3.3082 s
[TIMING] Random Forest fit/check: 0.00 ms
[TIMING] OOB/In-bag index reconstruction: 228.00 ms
[TIMING] Leaf weights & density precomputation: 453.04 ms
[TIMING] Transfer structures to backend: 0.02 ms
[TIMING] Total fit: 681.06 ms
[TIMING] Test leaf ID extraction: 36.31 ms
[TIMING] Proximity matrix accumulation: 2441.45 ms
[TIMING] Neighbor sorting & quantiles: 19.60 ms
[TIMING] Total compute_uq: 2497.65 ms
[DEBUG DENSITY] mean walked density = 63.8408, min = 51.5904, max = 69.3015
    [TIMING] UQ Calculation (Proximity_Method_B_C): 3.1802 s
    [TIMING] Metrics Calculation: 0.1199 s
    [TIMING] Total Single Evaluation: 14.4397 s

  >>> Starting: Function=gaussian_5d, Seed=2
    [TIMING] Data Generation: 0.0048 s
    [TIMING] Random Forest Fitting: 1.1975 s
    [TIMING] RF Predicting: 0.0538 s
    [TIMING] Base Aleatoric: 0.0578 s
[TIMING] Random Forest fit/check: 0.00 ms
[TIMING] OOB/In-bag index reconstruction: 228.87 ms
[TIMING] Leaf weights & density precomputation: 74.95 ms
[TIMING] Transfer structures to backend: 0.02 ms
[TIMING] Total fit: 303.84 ms
[TIMING] Test leaf ID extraction: 57.84 ms
[TIMING] Proximity matrix accumulation: 748.47 ms
[TIMING] Neighbor sorting & quantiles: 63.63 ms
[TIMING] Total compute_uq: 870.22 ms
    [TIMING] UQ Calculation (Proximity_Baseline): 1.1742 s
[TIMING] Random Forest fit/check: 0.00 ms
[TIMING] OOB/In-bag index reconstruction: 240.23 ms
[TIMING] Leaf weights & density precomputation: 456.45 ms
[TIMING] Transfer structures to backend: 0.02 ms
[TIMING] Total fit: 696.70 ms
[TIMING] Test leaf ID extraction: 47.29 ms
[TIMING] Proximity matrix accumulation: 1966.04 ms
[TIMING] Neighbor sorting & quantiles: 62.26 ms
[TIMING] Total compute_uq: 2075.87 ms
    [TIMING] UQ Calculation (Proximity_Method_A): 2.7730 s
[TIMING] Random Forest fit/check: 0.00 ms
[TIMING] OOB/In-bag index reconstruction: 230.22 ms
[TIMING] Leaf weights & density precomputation: 458.75 ms
[TIMING] Transfer structures to backend: 0.02 ms
[TIMING] Total fit: 688.99 ms
[TIMING] Test leaf ID extraction: 47.02 ms
[TIMING] Proximity matrix accumulation: 1962.63 ms
[TIMING] Neighbor sorting & quantiles: 18.68 ms
[TIMING] Total compute_uq: 2028.61 ms
    [TIMING] UQ Calculation (Proximity_Method_B): 2.7188 s
[TIMING] Random Forest fit/check: 0.00 ms
[TIMING] OOB/In-bag index reconstruction: 230.05 ms
[TIMING] Leaf weights & density precomputation: 455.51 ms
[TIMING] Transfer structures to backend: 0.02 ms
[TIMING] Total fit: 685.58 ms
[TIMING] Test leaf ID extraction: 47.60 ms
[TIMING] Proximity matrix accumulation: 2442.14 ms
[TIMING] Neighbor sorting & quantiles: 62.26 ms
[TIMING] Total compute_uq: 2552.32 ms
[DEBUG DENSITY] mean walked density = 63.4203, min = 58.3050, max = 71.0724
    [TIMING] UQ Calculation (Proximity_Method_C): 3.2395 s
[TIMING] Random Forest fit/check: 0.01 ms
[TIMING] OOB/In-bag index reconstruction: 232.63 ms
[TIMING] Leaf weights & density precomputation: 457.75 ms
[TIMING] Transfer structures to backend: 0.02 ms
[TIMING] Total fit: 690.40 ms
[TIMING] Test leaf ID extraction: 47.13 ms
[TIMING] Proximity matrix accumulation: 2442.95 ms
[TIMING] Neighbor sorting & quantiles: 18.99 ms
[TIMING] Total compute_uq: 2509.40 ms
[DEBUG DENSITY] mean walked density = 63.4203, min = 58.3050, max = 71.0724
    [TIMING] UQ Calculation (Proximity_Method_B_C): 3.2013 s
    [TIMING] Metrics Calculation: 0.1026 s
    [TIMING] Total Single Evaluation: 14.5238 s

  >>> Starting: Function=sin_cos_6d, Seed=2
    [TIMING] Data Generation: 0.0073 s
    [TIMING] Random Forest Fitting: 2.2377 s
    [TIMING] RF Predicting: 0.0535 s
    [TIMING] Base Aleatoric: 0.0589 s
[TIMING] Random Forest fit/check: 0.00 ms
[TIMING] OOB/In-bag index reconstruction: 236.86 ms
[TIMING] Leaf weights & density precomputation: 79.53 ms
[TIMING] Transfer structures to backend: 0.02 ms
[TIMING] Total fit: 316.41 ms
[TIMING] Test leaf ID extraction: 47.36 ms
[TIMING] Proximity matrix accumulation: 1090.40 ms
[TIMING] Neighbor sorting & quantiles: 90.29 ms
[TIMING] Total compute_uq: 1228.37 ms
    [TIMING] UQ Calculation (Proximity_Baseline): 1.5449 s
[TIMING] Random Forest fit/check: 0.00 ms
[TIMING] OOB/In-bag index reconstruction: 237.85 ms
[TIMING] Leaf weights & density precomputation: 596.05 ms
[TIMING] Transfer structures to backend: 0.02 ms
[TIMING] Total fit: 833.91 ms
[TIMING] Test leaf ID extraction: 47.60 ms
[TIMING] Proximity matrix accumulation: 2816.85 ms
[TIMING] Neighbor sorting & quantiles: 88.81 ms
[TIMING] Total compute_uq: 2953.62 ms
    [TIMING] UQ Calculation (Proximity_Method_A): 3.7879 s
[TIMING] Random Forest fit/check: 0.00 ms
[TIMING] OOB/In-bag index reconstruction: 236.48 ms
[TIMING] Leaf weights & density precomputation: 600.90 ms
[TIMING] Transfer structures to backend: 0.02 ms
[TIMING] Total fit: 837.40 ms
[TIMING] Test leaf ID extraction: 48.04 ms
[TIMING] Proximity matrix accumulation: 2798.06 ms
[TIMING] Neighbor sorting & quantiles: 25.38 ms
[TIMING] Total compute_uq: 2871.81 ms
    [TIMING] UQ Calculation (Proximity_Method_B): 3.7106 s
[TIMING] Random Forest fit/check: 0.00 ms
[TIMING] OOB/In-bag index reconstruction: 230.98 ms
[TIMING] Leaf weights & density precomputation: 592.86 ms
[TIMING] Transfer structures to backend: 0.02 ms
[TIMING] Total fit: 823.86 ms
[TIMING] Test leaf ID extraction: 47.15 ms
[TIMING] Proximity matrix accumulation: 3499.47 ms
[TIMING] Neighbor sorting & quantiles: 88.86 ms
[TIMING] Total compute_uq: 3635.83 ms
[DEBUG DENSITY] mean walked density = 64.3104, min = 61.1812, max = 67.6416
    [TIMING] UQ Calculation (Proximity_Method_C): 4.4612 s
[TIMING] Random Forest fit/check: 0.00 ms
[TIMING] OOB/In-bag index reconstruction: 229.93 ms
[TIMING] Leaf weights & density precomputation: 592.58 ms
[TIMING] Transfer structures to backend: 0.02 ms
[TIMING] Total fit: 822.53 ms
[TIMING] Test leaf ID extraction: 47.58 ms
[TIMING] Proximity matrix accumulation: 3480.39 ms
[TIMING] Neighbor sorting & quantiles: 25.66 ms
[TIMING] Total compute_uq: 3553.95 ms
[DEBUG DENSITY] mean walked density = 64.3104, min = 61.1812, max = 67.6416
    [TIMING] UQ Calculation (Proximity_Method_B_C): 4.3780 s
    [TIMING] Metrics Calculation: 0.1336 s
    [TIMING] Total Single Evaluation: 20.3742 s

  >>> Starting: Function=quadratic_6d, Seed=2
    [TIMING] Data Generation: 0.0058 s
    [TIMING] Random Forest Fitting: 1.5262 s
    [TIMING] RF Predicting: 0.0534 s
    [TIMING] Base Aleatoric: 0.0696 s
[TIMING] Random Forest fit/check: 0.00 ms
[TIMING] OOB/In-bag index reconstruction: 229.20 ms
[TIMING] Leaf weights & density precomputation: 80.82 ms
[TIMING] Transfer structures to backend: 0.02 ms
[TIMING] Total fit: 310.03 ms
[TIMING] Test leaf ID extraction: 47.60 ms
[TIMING] Proximity matrix accumulation: 1090.65 ms
[TIMING] Neighbor sorting & quantiles: 91.13 ms
[TIMING] Total compute_uq: 1229.70 ms
    [TIMING] UQ Calculation (Proximity_Baseline): 1.5399 s
[TIMING] Random Forest fit/check: 0.00 ms
[TIMING] OOB/In-bag index reconstruction: 231.60 ms
[TIMING] Leaf weights & density precomputation: 525.05 ms
[TIMING] Transfer structures to backend: 0.02 ms
[TIMING] Total fit: 756.67 ms
[TIMING] Test leaf ID extraction: 47.52 ms
[TIMING] Proximity matrix accumulation: 2816.93 ms
[TIMING] Neighbor sorting & quantiles: 88.93 ms
[TIMING] Total compute_uq: 2953.65 ms
    [TIMING] UQ Calculation (Proximity_Method_A): 3.7107 s
[TIMING] Random Forest fit/check: 0.00 ms
[TIMING] OOB/In-bag index reconstruction: 231.03 ms
[TIMING] Leaf weights & density precomputation: 527.25 ms
[TIMING] Transfer structures to backend: 0.03 ms
[TIMING] Total fit: 758.31 ms
[TIMING] Test leaf ID extraction: 47.12 ms
[TIMING] Proximity matrix accumulation: 2797.19 ms
[TIMING] Neighbor sorting & quantiles: 25.64 ms
[TIMING] Total compute_uq: 2870.20 ms
    [TIMING] UQ Calculation (Proximity_Method_B): 3.6301 s
[TIMING] Random Forest fit/check: 0.00 ms
[TIMING] OOB/In-bag index reconstruction: 230.94 ms
[TIMING] Leaf weights & density precomputation: 523.95 ms
[TIMING] Transfer structures to backend: 0.02 ms
[TIMING] Total fit: 754.91 ms
[TIMING] Test leaf ID extraction: 46.62 ms
[TIMING] Proximity matrix accumulation: 3498.61 ms
[TIMING] Neighbor sorting & quantiles: 88.96 ms
[TIMING] Total compute_uq: 3634.55 ms
[DEBUG DENSITY] mean walked density = 64.3710, min = 56.0774, max = 69.6177
    [TIMING] UQ Calculation (Proximity_Method_C): 4.3910 s
[TIMING] Random Forest fit/check: 0.00 ms
[TIMING] OOB/In-bag index reconstruction: 231.15 ms
[TIMING] Leaf weights & density precomputation: 522.55 ms
[TIMING] Transfer structures to backend: 0.01 ms
[TIMING] Total fit: 753.71 ms
[TIMING] Test leaf ID extraction: 47.24 ms
[TIMING] Proximity matrix accumulation: 3481.80 ms
[TIMING] Neighbor sorting & quantiles: 25.61 ms
[TIMING] Total compute_uq: 3554.98 ms
[DEBUG DENSITY] mean walked density = 64.3710, min = 56.0774, max = 69.6177
    [TIMING] UQ Calculation (Proximity_Method_B_C): 4.3102 s
    [TIMING] Metrics Calculation: 0.1115 s
    [TIMING] Total Single Evaluation: 19.3490 s

  >>> Starting: Function=friedman_6d, Seed=2
    [TIMING] Data Generation: 0.0061 s
    [TIMING] Random Forest Fitting: 1.3110 s
    [TIMING] RF Predicting: 0.0639 s
    [TIMING] Base Aleatoric: 0.0876 s
[TIMING] Random Forest fit/check: 0.00 ms
[TIMING] OOB/In-bag index reconstruction: 246.37 ms
[TIMING] Leaf weights & density precomputation: 80.22 ms
[TIMING] Transfer structures to backend: 0.02 ms
[TIMING] Total fit: 326.61 ms
[TIMING] Test leaf ID extraction: 47.17 ms
[TIMING] Proximity matrix accumulation: 1091.67 ms
[TIMING] Neighbor sorting & quantiles: 91.02 ms
[TIMING] Total compute_uq: 1230.18 ms
    [TIMING] UQ Calculation (Proximity_Baseline): 1.5571 s
[TIMING] Random Forest fit/check: 0.00 ms
[TIMING] OOB/In-bag index reconstruction: 231.48 ms
[TIMING] Leaf weights & density precomputation: 502.50 ms
[TIMING] Transfer structures to backend: 0.02 ms
[TIMING] Total fit: 733.99 ms
[TIMING] Test leaf ID extraction: 47.34 ms
[TIMING] Proximity matrix accumulation: 2817.21 ms
[TIMING] Neighbor sorting & quantiles: 88.82 ms
[TIMING] Total compute_uq: 2953.71 ms
    [TIMING] UQ Calculation (Proximity_Method_A): 3.6881 s
[TIMING] Random Forest fit/check: 0.00 ms
[TIMING] OOB/In-bag index reconstruction: 228.98 ms
[TIMING] Leaf weights & density precomputation: 503.12 ms
[TIMING] Transfer structures to backend: 0.02 ms
[TIMING] Total fit: 732.12 ms
[TIMING] Test leaf ID extraction: 47.39 ms
[TIMING] Proximity matrix accumulation: 2798.88 ms
[TIMING] Neighbor sorting & quantiles: 26.33 ms
[TIMING] Total compute_uq: 2872.95 ms
    [TIMING] UQ Calculation (Proximity_Method_B): 3.6062 s
[TIMING] Random Forest fit/check: 0.00 ms
[TIMING] OOB/In-bag index reconstruction: 453.68 ms
[TIMING] Leaf weights & density precomputation: 1605.58 ms
[TIMING] Transfer structures to backend: 0.02 ms
[TIMING] Total fit: 2059.28 ms
[TIMING] Test leaf ID extraction: 239.90 ms
[TIMING] Proximity matrix accumulation: 3652.53 ms
[TIMING] Neighbor sorting & quantiles: 107.17 ms
[TIMING] Total compute_uq: 4000.04 ms
[DEBUG DENSITY] mean walked density = 64.5226, min = 58.5913, max = 70.8838
    [TIMING] UQ Calculation (Proximity_Method_C): 6.0745 s
[TIMING] Random Forest fit/check: 0.04 ms
[TIMING] OOB/In-bag index reconstruction: 939.83 ms
[TIMING] Leaf weights & density precomputation: 1297.80 ms
[TIMING] Transfer structures to backend: 0.02 ms
[TIMING] Total fit: 2237.69 ms
[TIMING] Test leaf ID extraction: 209.11 ms
[TIMING] Proximity matrix accumulation: 3482.65 ms
[TIMING] Neighbor sorting & quantiles: 25.58 ms
[TIMING] Total compute_uq: 3717.74 ms
[DEBUG DENSITY] mean walked density = 64.5226, min = 58.5913, max = 70.8838
    [TIMING] UQ Calculation (Proximity_Method_B_C): 5.9576 s
    [TIMING] Metrics Calculation: 0.1281 s
    [TIMING] Total Single Evaluation: 22.4809 s

  >>> Starting: Function=sin_cos_7d, Seed=2
    [TIMING] Data Generation: 0.0097 s
    [TIMING] Random Forest Fitting: 3.7362 s
    [TIMING] RF Predicting: 0.2882 s
    [TIMING] Base Aleatoric: 0.2833 s
[TIMING] Random Forest fit/check: 0.00 ms
[TIMING] OOB/In-bag index reconstruction: 577.41 ms
[TIMING] Leaf weights & density precomputation: 207.45 ms
[TIMING] Transfer structures to backend: 0.02 ms
[TIMING] Total fit: 784.88 ms
[TIMING] Test leaf ID extraction: 274.40 ms
[TIMING] Proximity matrix accumulation: 1494.80 ms
[TIMING] Neighbor sorting & quantiles: 121.65 ms
[TIMING] Total compute_uq: 1891.26 ms
    [TIMING] UQ Calculation (Proximity_Baseline): 2.6763 s
[TIMING] Random Forest fit/check: 0.00 ms
[TIMING] OOB/In-bag index reconstruction: 518.10 ms
[TIMING] Leaf weights & density precomputation: 848.59 ms
[TIMING] Transfer structures to backend: 0.02 ms
[TIMING] Total fit: 1366.71 ms
[TIMING] Test leaf ID extraction: 268.09 ms
[TIMING] Proximity matrix accumulation: 3814.12 ms
[TIMING] Neighbor sorting & quantiles: 119.96 ms
[TIMING] Total compute_uq: 4202.76 ms
    [TIMING] UQ Calculation (Proximity_Method_A): 5.5699 s
[TIMING] Random Forest fit/check: 0.00 ms
[TIMING] OOB/In-bag index reconstruction: 240.68 ms
[TIMING] Leaf weights & density precomputation: 637.72 ms
[TIMING] Transfer structures to backend: 0.01 ms
[TIMING] Total fit: 878.42 ms
[TIMING] Test leaf ID extraction: 56.88 ms
[TIMING] Proximity matrix accumulation: 3794.39 ms
[TIMING] Neighbor sorting & quantiles: 33.54 ms
[TIMING] Total compute_uq: 3885.14 ms
    [TIMING] UQ Calculation (Proximity_Method_B): 4.7647 s
[TIMING] Random Forest fit/check: 0.00 ms
[TIMING] OOB/In-bag index reconstruction: 239.83 ms
[TIMING] Leaf weights & density precomputation: 640.57 ms
[TIMING] Transfer structures to backend: 0.02 ms
[TIMING] Total fit: 880.41 ms
[TIMING] Test leaf ID extraction: 57.41 ms
[TIMING] Proximity matrix accumulation: 4740.97 ms
[TIMING] Neighbor sorting & quantiles: 120.02 ms
[TIMING] Total compute_uq: 4918.82 ms
[DEBUG DENSITY] mean walked density = 64.2672, min = 61.0215, max = 67.6350
    [TIMING] UQ Calculation (Proximity_Method_C): 5.8009 s
[TIMING] Random Forest fit/check: 0.01 ms
[TIMING] OOB/In-bag index reconstruction: 253.83 ms
[TIMING] Leaf weights & density precomputation: 688.73 ms
[TIMING] Transfer structures to backend: 0.02 ms
[TIMING] Total fit: 942.58 ms
[TIMING] Test leaf ID extraction: 68.29 ms
[TIMING] Proximity matrix accumulation: 4728.22 ms
[TIMING] Neighbor sorting & quantiles: 34.29 ms
[TIMING] Total compute_uq: 4831.21 ms
[DEBUG DENSITY] mean walked density = 64.2672, min = 61.0215, max = 67.6350
    [TIMING] UQ Calculation (Proximity_Method_B_C): 5.7753 s
    [TIMING] Metrics Calculation: 0.1524 s
    [TIMING] Total Single Evaluation: 29.0576 s

  >>> Starting: Function=quadratic_7d, Seed=2
    [TIMING] Data Generation: 0.0106 s
    [TIMING] Random Forest Fitting: 2.0623 s
    [TIMING] RF Predicting: 0.0641 s
    [TIMING] Base Aleatoric: 0.0721 s
[TIMING] Random Forest fit/check: 0.00 ms
[TIMING] OOB/In-bag index reconstruction: 240.08 ms
[TIMING] Leaf weights & density precomputation: 84.92 ms
[TIMING] Transfer structures to backend: 0.02 ms
[TIMING] Total fit: 325.01 ms
[TIMING] Test leaf ID extraction: 58.06 ms
[TIMING] Proximity matrix accumulation: 1495.00 ms
[TIMING] Neighbor sorting & quantiles: 122.65 ms
[TIMING] Total compute_uq: 1676.03 ms
    [TIMING] UQ Calculation (Proximity_Baseline): 2.0012 s
[TIMING] Random Forest fit/check: 0.00 ms
[TIMING] OOB/In-bag index reconstruction: 242.27 ms
[TIMING] Leaf weights & density precomputation: 588.42 ms
[TIMING] Transfer structures to backend: 0.02 ms
[TIMING] Total fit: 830.70 ms
[TIMING] Test leaf ID extraction: 58.23 ms
[TIMING] Proximity matrix accumulation: 3813.56 ms
[TIMING] Neighbor sorting & quantiles: 120.03 ms
[TIMING] Total compute_uq: 3992.18 ms
    [TIMING] UQ Calculation (Proximity_Method_A): 4.8234 s
[TIMING] Random Forest fit/check: 0.00 ms
[TIMING] OOB/In-bag index reconstruction: 231.02 ms
[TIMING] Leaf weights & density precomputation: 593.94 ms
[TIMING] Transfer structures to backend: 0.02 ms
[TIMING] Total fit: 824.98 ms
[TIMING] Test leaf ID extraction: 46.76 ms
[TIMING] Proximity matrix accumulation: 3795.32 ms
[TIMING] Neighbor sorting & quantiles: 33.30 ms
[TIMING] Total compute_uq: 3875.74 ms
    [TIMING] UQ Calculation (Proximity_Method_B): 4.7019 s
[TIMING] Random Forest fit/check: 0.00 ms
[TIMING] OOB/In-bag index reconstruction: 228.71 ms
[TIMING] Leaf weights & density precomputation: 589.03 ms
[TIMING] Transfer structures to backend: 0.04 ms
[TIMING] Total fit: 817.79 ms
[TIMING] Test leaf ID extraction: 47.75 ms
[TIMING] Proximity matrix accumulation: 4739.78 ms
[TIMING] Neighbor sorting & quantiles: 120.16 ms
[TIMING] Total compute_uq: 4908.07 ms
[DEBUG DENSITY] mean walked density = 64.3240, min = 56.1271, max = 69.5915
    [TIMING] UQ Calculation (Proximity_Method_C): 5.7277 s
[TIMING] Random Forest fit/check: 0.01 ms
[TIMING] OOB/In-bag index reconstruction: 243.08 ms
[TIMING] Leaf weights & density precomputation: 588.25 ms
[TIMING] Transfer structures to backend: 0.01 ms
[TIMING] Total fit: 831.35 ms
[TIMING] Test leaf ID extraction: 58.28 ms
[TIMING] Proximity matrix accumulation: 4724.99 ms
[TIMING] Neighbor sorting & quantiles: 33.95 ms
[TIMING] Total compute_uq: 4817.61 ms
[DEBUG DENSITY] mean walked density = 64.3240, min = 56.1271, max = 69.5915
    [TIMING] UQ Calculation (Proximity_Method_B_C): 5.6507 s
    [TIMING] Metrics Calculation: 0.1640 s
    [TIMING] Total Single Evaluation: 25.2787 s

  >>> Starting: Function=interaction_7d, Seed=2
    [TIMING] Data Generation: 0.0111 s
    [TIMING] Random Forest Fitting: 1.9727 s
    [TIMING] RF Predicting: 0.0527 s
    [TIMING] Base Aleatoric: 0.0707 s
[TIMING] Random Forest fit/check: 0.00 ms
[TIMING] OOB/In-bag index reconstruction: 240.15 ms
[TIMING] Leaf weights & density precomputation: 84.01 ms
[TIMING] Transfer structures to backend: 0.02 ms
[TIMING] Total fit: 324.19 ms
[TIMING] Test leaf ID extraction: 46.92 ms
[TIMING] Proximity matrix accumulation: 1495.35 ms
[TIMING] Neighbor sorting & quantiles: 122.85 ms
[TIMING] Total compute_uq: 1665.52 ms
    [TIMING] UQ Calculation (Proximity_Baseline): 1.9899 s
[TIMING] Random Forest fit/check: 0.00 ms
[TIMING] OOB/In-bag index reconstruction: 240.28 ms
[TIMING] Leaf weights & density precomputation: 584.15 ms
[TIMING] Transfer structures to backend: 0.02 ms
[TIMING] Total fit: 824.44 ms
[TIMING] Test leaf ID extraction: 57.71 ms
[TIMING] Proximity matrix accumulation: 3813.85 ms
[TIMING] Neighbor sorting & quantiles: 119.93 ms
[TIMING] Total compute_uq: 3991.88 ms
    [TIMING] UQ Calculation (Proximity_Method_A): 4.8167 s
[TIMING] Random Forest fit/check: 0.00 ms
[TIMING] OOB/In-bag index reconstruction: 240.33 ms
[TIMING] Leaf weights & density precomputation: 580.15 ms
[TIMING] Transfer structures to backend: 0.02 ms
[TIMING] Total fit: 820.50 ms
[TIMING] Test leaf ID extraction: 57.93 ms
[TIMING] Proximity matrix accumulation: 3796.73 ms
[TIMING] Neighbor sorting & quantiles: 34.81 ms
[TIMING] Total compute_uq: 3889.85 ms
    [TIMING] UQ Calculation (Proximity_Method_B): 4.7116 s
[TIMING] Random Forest fit/check: 0.01 ms
[TIMING] OOB/In-bag index reconstruction: 288.02 ms
[TIMING] Leaf weights & density precomputation: 786.81 ms
[TIMING] Transfer structures to backend: 0.01 ms
[TIMING] Total fit: 1074.86 ms
[TIMING] Test leaf ID extraction: 57.85 ms
[TIMING] Proximity matrix accumulation: 4739.57 ms
[TIMING] Neighbor sorting & quantiles: 120.09 ms
[TIMING] Total compute_uq: 4917.90 ms
[DEBUG DENSITY] mean walked density = 63.9822, min = 57.3114, max = 69.7555
    [TIMING] UQ Calculation (Proximity_Method_C): 5.9947 s
[TIMING] Random Forest fit/check: 0.00 ms
[TIMING] OOB/In-bag index reconstruction: 243.17 ms
[TIMING] Leaf weights & density precomputation: 639.47 ms
[TIMING] Transfer structures to backend: 0.01 ms
[TIMING] Total fit: 882.65 ms
[TIMING] Test leaf ID extraction: 47.52 ms
[TIMING] Proximity matrix accumulation: 4725.50 ms
[TIMING] Neighbor sorting & quantiles: 33.41 ms
[TIMING] Total compute_uq: 4806.82 ms
[DEBUG DENSITY] mean walked density = 63.9822, min = 57.3114, max = 69.7555
    [TIMING] UQ Calculation (Proximity_Method_B_C): 5.6911 s
    [TIMING] Metrics Calculation: 0.1080 s
    [TIMING] Total Single Evaluation: 25.4197 s

  >>> Starting: Function=sin_cos_8d, Seed=2
    [TIMING] Data Generation: 0.0123 s
    [TIMING] Random Forest Fitting: 3.5097 s
    [TIMING] RF Predicting: 0.0525 s
    [TIMING] Base Aleatoric: 0.0739 s
[TIMING] Random Forest fit/check: 0.00 ms
[TIMING] OOB/In-bag index reconstruction: 243.90 ms
[TIMING] Leaf weights & density precomputation: 90.42 ms
[TIMING] Transfer structures to backend: 0.02 ms
[TIMING] Total fit: 334.34 ms
[TIMING] Test leaf ID extraction: 58.58 ms
[TIMING] Proximity matrix accumulation: 1972.14 ms
[TIMING] Neighbor sorting & quantiles: 158.19 ms
[TIMING] Total compute_uq: 2189.35 ms
    [TIMING] UQ Calculation (Proximity_Baseline): 2.5239 s
[TIMING] Random Forest fit/check: 0.00 ms
[TIMING] OOB/In-bag index reconstruction: 244.51 ms
[TIMING] Leaf weights & density precomputation: 706.11 ms
[TIMING] Transfer structures to backend: 0.02 ms
[TIMING] Total fit: 950.63 ms
[TIMING] Test leaf ID extraction: 60.29 ms
[TIMING] Proximity matrix accumulation: 4960.15 ms
[TIMING] Neighbor sorting & quantiles: 155.75 ms
[TIMING] Total compute_uq: 5176.61 ms
    [TIMING] UQ Calculation (Proximity_Method_A): 6.1277 s
[TIMING] Random Forest fit/check: 0.01 ms
[TIMING] OOB/In-bag index reconstruction: 259.65 ms
[TIMING] Leaf weights & density precomputation: 712.65 ms
[TIMING] Transfer structures to backend: 0.02 ms
[TIMING] Total fit: 972.32 ms
[TIMING] Test leaf ID extraction: 70.47 ms
[TIMING] Proximity matrix accumulation: 4979.39 ms
[TIMING] Neighbor sorting & quantiles: 41.84 ms
[TIMING] Total compute_uq: 5092.07 ms
    [TIMING] UQ Calculation (Proximity_Method_B): 6.0658 s
[TIMING] Random Forest fit/check: 0.00 ms
[TIMING] OOB/In-bag index reconstruction: 254.56 ms
[TIMING] Leaf weights & density precomputation: 703.85 ms
[TIMING] Transfer structures to backend: 0.02 ms
[TIMING] Total fit: 958.43 ms
[TIMING] Test leaf ID extraction: 60.67 ms
[TIMING] Proximity matrix accumulation: 6162.22 ms
[TIMING] Neighbor sorting & quantiles: 155.74 ms
[TIMING] Total compute_uq: 6379.03 ms
[DEBUG DENSITY] mean walked density = 64.4382, min = 60.8981, max = 67.5252
    [TIMING] UQ Calculation (Proximity_Method_C): 7.3390 s
[TIMING] Random Forest fit/check: 0.00 ms
[TIMING] OOB/In-bag index reconstruction: 246.53 ms
[TIMING] Leaf weights & density precomputation: 766.42 ms
[TIMING] Transfer structures to backend: 0.02 ms
[TIMING] Total fit: 1012.97 ms
[TIMING] Test leaf ID extraction: 60.64 ms
[TIMING] Proximity matrix accumulation: 6173.23 ms
[TIMING] Neighbor sorting & quantiles: 41.73 ms
[TIMING] Total compute_uq: 6275.97 ms
[DEBUG DENSITY] mean walked density = 64.4382, min = 60.8981, max = 67.5252
    [TIMING] UQ Calculation (Proximity_Method_B_C): 7.2906 s
    [TIMING] Metrics Calculation: 0.1432 s
    [TIMING] Total Single Evaluation: 33.1393 s

  >>> Starting: Function=quadratic_8d, Seed=2
    [TIMING] Data Generation: 0.0098 s
    [TIMING] Random Forest Fitting: 2.6448 s
    [TIMING] RF Predicting: 0.0531 s
    [TIMING] Base Aleatoric: 0.0846 s
[TIMING] Random Forest fit/check: 0.00 ms
[TIMING] OOB/In-bag index reconstruction: 244.17 ms
[TIMING] Leaf weights & density precomputation: 90.79 ms
[TIMING] Transfer structures to backend: 0.02 ms
[TIMING] Total fit: 334.98 ms
[TIMING] Test leaf ID extraction: 59.76 ms
[TIMING] Proximity matrix accumulation: 1971.76 ms
[TIMING] Neighbor sorting & quantiles: 159.27 ms
[TIMING] Total compute_uq: 2191.19 ms
    [TIMING] UQ Calculation (Proximity_Baseline): 2.5264 s
[TIMING] Random Forest fit/check: 0.00 ms
[TIMING] OOB/In-bag index reconstruction: 246.16 ms
[TIMING] Leaf weights & density precomputation: 647.06 ms
[TIMING] Transfer structures to backend: 0.02 ms
[TIMING] Total fit: 893.23 ms
[TIMING] Test leaf ID extraction: 60.34 ms
[TIMING] Proximity matrix accumulation: 4958.70 ms
[TIMING] Neighbor sorting & quantiles: 155.77 ms
[TIMING] Total compute_uq: 5175.19 ms
    [TIMING] UQ Calculation (Proximity_Method_A): 6.0688 s
[TIMING] Random Forest fit/check: 0.00 ms
[TIMING] OOB/In-bag index reconstruction: 246.25 ms
[TIMING] Leaf weights & density precomputation: 650.96 ms
[TIMING] Transfer structures to backend: 0.02 ms
[TIMING] Total fit: 897.22 ms
[TIMING] Test leaf ID extraction: 60.97 ms
[TIMING] Proximity matrix accumulation: 4976.32 ms
[TIMING] Neighbor sorting & quantiles: 42.05 ms
[TIMING] Total compute_uq: 5079.70 ms
    [TIMING] UQ Calculation (Proximity_Method_B): 5.9780 s
[TIMING] Random Forest fit/check: 0.00 ms
[TIMING] OOB/In-bag index reconstruction: 244.51 ms
[TIMING] Leaf weights & density precomputation: 646.78 ms
[TIMING] Transfer structures to backend: 0.01 ms
[TIMING] Total fit: 891.31 ms
[TIMING] Test leaf ID extraction: 60.42 ms
[TIMING] Proximity matrix accumulation: 6159.44 ms
[TIMING] Neighbor sorting & quantiles: 155.88 ms
[TIMING] Total compute_uq: 6376.15 ms
[DEBUG DENSITY] mean walked density = 63.8266, min = 56.5308, max = 68.6716
    [TIMING] UQ Calculation (Proximity_Method_C): 7.2690 s
[TIMING] Random Forest fit/check: 0.01 ms
[TIMING] OOB/In-bag index reconstruction: 257.39 ms
[TIMING] Leaf weights & density precomputation: 652.14 ms
[TIMING] Transfer structures to backend: 0.02 ms
[TIMING] Total fit: 909.56 ms
[TIMING] Test leaf ID extraction: 60.18 ms
[TIMING] Proximity matrix accumulation: 6168.80 ms
[TIMING] Neighbor sorting & quantiles: 42.12 ms
[TIMING] Total compute_uq: 6271.53 ms
[DEBUG DENSITY] mean walked density = 63.8266, min = 56.5308, max = 68.6716
    [TIMING] UQ Calculation (Proximity_Method_B_C): 7.1829 s
    [TIMING] Metrics Calculation: 0.1309 s
    [TIMING] Total Single Evaluation: 31.9489 s

  >>> Starting: Function=exp_sum_8d, Seed=2
    [TIMING] Data Generation: 0.0101 s
    [TIMING] Random Forest Fitting: 2.9178 s
    [TIMING] RF Predicting: 0.0531 s
    [TIMING] Base Aleatoric: 0.0749 s
[TIMING] Random Forest fit/check: 0.00 ms
[TIMING] OOB/In-bag index reconstruction: 244.03 ms
[TIMING] Leaf weights & density precomputation: 88.75 ms
[TIMING] Transfer structures to backend: 0.02 ms
[TIMING] Total fit: 332.79 ms
[TIMING] Test leaf ID extraction: 60.57 ms
[TIMING] Proximity matrix accumulation: 1970.82 ms
[TIMING] Neighbor sorting & quantiles: 158.68 ms
[TIMING] Total compute_uq: 2190.43 ms
    [TIMING] UQ Calculation (Proximity_Baseline): 2.5234 s
[TIMING] Random Forest fit/check: 0.00 ms
[TIMING] OOB/In-bag index reconstruction: 245.33 ms
[TIMING] Leaf weights & density precomputation: 662.18 ms
[TIMING] Transfer structures to backend: 0.02 ms
[TIMING] Total fit: 907.53 ms
[TIMING] Test leaf ID extraction: 59.75 ms
[TIMING] Proximity matrix accumulation: 4962.27 ms
[TIMING] Neighbor sorting & quantiles: 155.83 ms
[TIMING] Total compute_uq: 5178.24 ms
    [TIMING] UQ Calculation (Proximity_Method_A): 6.0861 s
[TIMING] Random Forest fit/check: 0.00 ms
[TIMING] OOB/In-bag index reconstruction: 260.09 ms
[TIMING] Leaf weights & density precomputation: 667.91 ms
[TIMING] Transfer structures to backend: 0.02 ms
[TIMING] Total fit: 928.03 ms
[TIMING] Test leaf ID extraction: 59.07 ms
[TIMING] Proximity matrix accumulation: 4981.67 ms
[TIMING] Neighbor sorting & quantiles: 42.30 ms
[TIMING] Total compute_uq: 5083.41 ms
    [TIMING] UQ Calculation (Proximity_Method_B): 6.0128 s
[TIMING] Random Forest fit/check: 0.00 ms
[TIMING] OOB/In-bag index reconstruction: 245.99 ms
[TIMING] Leaf weights & density precomputation: 700.31 ms
[TIMING] Transfer structures to backend: 0.02 ms
[TIMING] Total fit: 946.32 ms
[TIMING] Test leaf ID extraction: 59.69 ms
[TIMING] Proximity matrix accumulation: 6165.92 ms
[TIMING] Neighbor sorting & quantiles: 155.93 ms
[TIMING] Total compute_uq: 6381.99 ms
[DEBUG DENSITY] mean walked density = 63.9404, min = 59.6277, max = 69.4421
    [TIMING] UQ Calculation (Proximity_Method_C): 7.3299 s
[TIMING] Random Forest fit/check: 0.01 ms
[TIMING] OOB/In-bag index reconstruction: 245.00 ms
[TIMING] Leaf weights & density precomputation: 677.60 ms
[TIMING] Transfer structures to backend: 0.02 ms
[TIMING] Total fit: 922.63 ms
[TIMING] Test leaf ID extraction: 59.29 ms
[TIMING] Proximity matrix accumulation: 6176.03 ms
[TIMING] Neighbor sorting & quantiles: 42.90 ms
[TIMING] Total compute_uq: 6278.62 ms
[DEBUG DENSITY] mean walked density = 63.9404, min = 59.6277, max = 69.4421
    [TIMING] UQ Calculation (Proximity_Method_B_C): 7.2029 s
    [TIMING] Metrics Calculation: 0.1649 s
    [TIMING] Total Single Evaluation: 32.3764 s

  >>> Starting: Function=sin_cos_9d, Seed=2
    [TIMING] Data Generation: 0.0203 s
    [TIMING] Random Forest Fitting: 4.3260 s
    [TIMING] RF Predicting: 0.0629 s
    [TIMING] Base Aleatoric: 0.1077 s
[TIMING] Random Forest fit/check: 0.00 ms
[TIMING] OOB/In-bag index reconstruction: 332.91 ms
[TIMING] Leaf weights & density precomputation: 96.22 ms
[TIMING] Transfer structures to backend: 0.02 ms
[TIMING] Total fit: 429.15 ms
[TIMING] Test leaf ID extraction: 68.98 ms
[TIMING] Proximity matrix accumulation: 2525.12 ms
[TIMING] Neighbor sorting & quantiles: 209.63 ms
[TIMING] Total compute_uq: 2804.17 ms
    [TIMING] UQ Calculation (Proximity_Baseline): 3.2336 s
[TIMING] Random Forest fit/check: 0.00 ms
[TIMING] OOB/In-bag index reconstruction: 326.84 ms
[TIMING] Leaf weights & density precomputation: 766.92 ms
[TIMING] Transfer structures to backend: 0.01 ms
[TIMING] Total fit: 1093.78 ms
[TIMING] Test leaf ID extraction: 67.94 ms
[TIMING] Proximity matrix accumulation: 6272.56 ms
[TIMING] Neighbor sorting & quantiles: 206.75 ms
[TIMING] Total compute_uq: 6547.67 ms
    [TIMING] UQ Calculation (Proximity_Method_A): 7.6419 s
[TIMING] Random Forest fit/check: 0.00 ms
[TIMING] OOB/In-bag index reconstruction: 327.99 ms
[TIMING] Leaf weights & density precomputation: 766.81 ms
[TIMING] Transfer structures to backend: 0.02 ms
[TIMING] Total fit: 1094.82 ms
[TIMING] Test leaf ID extraction: 67.94 ms
[TIMING] Proximity matrix accumulation: 6279.95 ms
[TIMING] Neighbor sorting & quantiles: 51.82 ms
[TIMING] Total compute_uq: 6400.10 ms
    [TIMING] UQ Calculation (Proximity_Method_B): 7.4962 s
[TIMING] Random Forest fit/check: 0.00 ms
[TIMING] OOB/In-bag index reconstruction: 327.99 ms
[TIMING] Leaf weights & density precomputation: 764.05 ms
[TIMING] Transfer structures to backend: 0.02 ms
[TIMING] Total fit: 1092.05 ms
[TIMING] Test leaf ID extraction: 68.61 ms
[TIMING] Proximity matrix accumulation: 7807.02 ms
[TIMING] Neighbor sorting & quantiles: 206.91 ms
[TIMING] Total compute_uq: 8083.08 ms
[DEBUG DENSITY] mean walked density = 64.3911, min = 60.7317, max = 67.4417
    [TIMING] UQ Calculation (Proximity_Method_C): 9.1767 s
[TIMING] Random Forest fit/check: 0.01 ms
[TIMING] OOB/In-bag index reconstruction: 341.53 ms
[TIMING] Leaf weights & density precomputation: 781.42 ms
[TIMING] Transfer structures to backend: 0.02 ms
[TIMING] Total fit: 1122.97 ms
[TIMING] Test leaf ID extraction: 69.20 ms
[TIMING] Proximity matrix accumulation: 7927.91 ms
[TIMING] Neighbor sorting & quantiles: 99.46 ms
[TIMING] Total compute_uq: 8097.03 ms
[DEBUG DENSITY] mean walked density = 64.3911, min = 60.7317, max = 67.4417
    [TIMING] UQ Calculation (Proximity_Method_B_C): 9.2216 s
    [TIMING] Metrics Calculation: 2.0333 s
    [TIMING] Total Single Evaluation: 43.3207 s

  >>> Starting: Function=quadratic_9d, Seed=2
    [TIMING] Data Generation: 0.0176 s
    [TIMING] Random Forest Fitting: 5.7616 s
    [TIMING] RF Predicting: 0.0530 s
    [TIMING] Base Aleatoric: 0.0870 s
[TIMING] Random Forest fit/check: 0.00 ms
[TIMING] OOB/In-bag index reconstruction: 334.30 ms
[TIMING] Leaf weights & density precomputation: 96.93 ms
[TIMING] Transfer structures to backend: 0.02 ms
[TIMING] Total fit: 431.25 ms
[TIMING] Test leaf ID extraction: 59.55 ms
[TIMING] Proximity matrix accumulation: 2525.19 ms
[TIMING] Neighbor sorting & quantiles: 211.85 ms
[TIMING] Total compute_uq: 2797.03 ms
    [TIMING] UQ Calculation (Proximity_Baseline): 3.2286 s
[TIMING] Random Forest fit/check: 0.00 ms
[TIMING] OOB/In-bag index reconstruction: 330.86 ms
[TIMING] Leaf weights & density precomputation: 720.00 ms
[TIMING] Transfer structures to backend: 0.02 ms
[TIMING] Total fit: 1050.88 ms
[TIMING] Test leaf ID extraction: 58.57 ms
[TIMING] Proximity matrix accumulation: 6264.43 ms
[TIMING] Neighbor sorting & quantiles: 206.71 ms
[TIMING] Total compute_uq: 6530.12 ms
    [TIMING] UQ Calculation (Proximity_Method_A): 7.5814 s
[TIMING] Random Forest fit/check: 0.01 ms
[TIMING] OOB/In-bag index reconstruction: 329.72 ms
[TIMING] Leaf weights & density precomputation: 742.24 ms
[TIMING] Transfer structures to backend: 0.02 ms
[TIMING] Total fit: 1071.98 ms
[TIMING] Test leaf ID extraction: 59.12 ms
[TIMING] Proximity matrix accumulation: 6273.02 ms
[TIMING] Neighbor sorting & quantiles: 52.54 ms
[TIMING] Total compute_uq: 6385.12 ms
    [TIMING] UQ Calculation (Proximity_Method_B): 7.4585 s
[TIMING] Random Forest fit/check: 0.01 ms
[TIMING] OOB/In-bag index reconstruction: 332.22 ms
[TIMING] Leaf weights & density precomputation: 723.44 ms
[TIMING] Transfer structures to backend: 0.02 ms
[TIMING] Total fit: 1055.69 ms
[TIMING] Test leaf ID extraction: 68.82 ms
[TIMING] Proximity matrix accumulation: 7798.81 ms
[TIMING] Neighbor sorting & quantiles: 206.99 ms
[TIMING] Total compute_uq: 8075.09 ms
[DEBUG DENSITY] mean walked density = 64.0114, min = 56.4741, max = 69.0656
    [TIMING] UQ Calculation (Proximity_Method_C): 9.1326 s
[TIMING] Random Forest fit/check: 0.00 ms
[TIMING] OOB/In-bag index reconstruction: 329.14 ms
[TIMING] Leaf weights & density precomputation: 713.33 ms
[TIMING] Transfer structures to backend: 0.02 ms
[TIMING] Total fit: 1042.48 ms
[TIMING] Test leaf ID extraction: 58.27 ms
[TIMING] Proximity matrix accumulation: 7812.19 ms
[TIMING] Neighbor sorting & quantiles: 52.93 ms
[TIMING] Total compute_uq: 7923.81 ms
[DEBUG DENSITY] mean walked density = 64.0114, min = 56.4741, max = 69.0656
    [TIMING] UQ Calculation (Proximity_Method_B_C): 8.9679 s
    [TIMING] Metrics Calculation: 0.1945 s
    [TIMING] Total Single Evaluation: 42.4833 s

  >>> Starting: Function=multi_modal_9d, Seed=2
    [TIMING] Data Generation: 0.0159 s
    [TIMING] Random Forest Fitting: 4.1194 s
    [TIMING] RF Predicting: 0.0527 s
    [TIMING] Base Aleatoric: 0.0864 s
[TIMING] Random Forest fit/check: 0.00 ms
[TIMING] OOB/In-bag index reconstruction: 343.78 ms
[TIMING] Leaf weights & density precomputation: 97.26 ms
[TIMING] Transfer structures to backend: 0.02 ms
[TIMING] Total fit: 441.06 ms
[TIMING] Test leaf ID extraction: 68.37 ms
[TIMING] Proximity matrix accumulation: 2524.93 ms
[TIMING] Neighbor sorting & quantiles: 211.67 ms
[TIMING] Total compute_uq: 2805.43 ms
    [TIMING] UQ Calculation (Proximity_Baseline): 3.2468 s
[TIMING] Random Forest fit/check: 0.00 ms
[TIMING] OOB/In-bag index reconstruction: 329.94 ms
[TIMING] Leaf weights & density precomputation: 820.53 ms
[TIMING] Transfer structures to backend: 0.03 ms
[TIMING] Total fit: 1150.49 ms
[TIMING] Test leaf ID extraction: 68.30 ms
[TIMING] Proximity matrix accumulation: 6270.21 ms
[TIMING] Neighbor sorting & quantiles: 206.97 ms
[TIMING] Total compute_uq: 6545.92 ms
    [TIMING] UQ Calculation (Proximity_Method_A): 7.6969 s
[TIMING] Random Forest fit/check: 0.00 ms
[TIMING] OOB/In-bag index reconstruction: 448.47 ms
[TIMING] Leaf weights & density precomputation: 1087.74 ms
[TIMING] Transfer structures to backend: 0.02 ms
[TIMING] Total fit: 1536.24 ms
[TIMING] Test leaf ID extraction: 71.09 ms
[TIMING] Proximity matrix accumulation: 6280.99 ms
[TIMING] Neighbor sorting & quantiles: 53.30 ms
[TIMING] Total compute_uq: 6405.82 ms
    [TIMING] UQ Calculation (Proximity_Method_B): 7.9439 s
[TIMING] Random Forest fit/check: 0.00 ms
[TIMING] OOB/In-bag index reconstruction: 330.39 ms
[TIMING] Leaf weights & density precomputation: 1175.09 ms
[TIMING] Transfer structures to backend: 0.02 ms
[TIMING] Total fit: 1505.50 ms
[TIMING] Test leaf ID extraction: 280.43 ms
[TIMING] Proximity matrix accumulation: 7852.95 ms
[TIMING] Neighbor sorting & quantiles: 226.44 ms
[TIMING] Total compute_uq: 8360.38 ms
[DEBUG DENSITY] mean walked density = 64.8375, min = 59.8310, max = 69.5841
    [TIMING] UQ Calculation (Proximity_Method_C): 9.8679 s
[TIMING] Random Forest fit/check: 0.00 ms
[TIMING] OOB/In-bag index reconstruction: 361.84 ms
[TIMING] Leaf weights & density precomputation: 765.30 ms
[TIMING] Transfer structures to backend: 0.02 ms
[TIMING] Total fit: 1127.16 ms
[TIMING] Test leaf ID extraction: 69.39 ms
[TIMING] Proximity matrix accumulation: 7818.97 ms
[TIMING] Neighbor sorting & quantiles: 52.02 ms
[TIMING] Total compute_uq: 7940.80 ms
[DEBUG DENSITY] mean walked density = 64.8375, min = 59.8310, max = 69.5841
    [TIMING] UQ Calculation (Proximity_Method_B_C): 9.0696 s
    [TIMING] Metrics Calculation: 0.2292 s
    [TIMING] Total Single Evaluation: 42.3294 s

  >>> Starting: Function=sin_cos_10d, Seed=2
    [TIMING] Data Generation: 0.0256 s
    [TIMING] Random Forest Fitting: 5.8082 s
    [TIMING] RF Predicting: 0.0637 s
    [TIMING] Base Aleatoric: 0.1154 s
[TIMING] Random Forest fit/check: 0.00 ms
[TIMING] OOB/In-bag index reconstruction: 448.94 ms
[TIMING] Leaf weights & density precomputation: 116.98 ms
[TIMING] Transfer structures to backend: 0.02 ms
[TIMING] Total fit: 565.94 ms
[TIMING] Test leaf ID extraction: 79.66 ms
[TIMING] Proximity matrix accumulation: 3128.47 ms
[TIMING] Neighbor sorting & quantiles: 258.11 ms
[TIMING] Total compute_uq: 3466.59 ms
    [TIMING] UQ Calculation (Proximity_Baseline): 4.0327 s
[TIMING] Random Forest fit/check: 0.00 ms
[TIMING] OOB/In-bag index reconstruction: 340.24 ms
[TIMING] Leaf weights & density precomputation: 847.66 ms
[TIMING] Transfer structures to backend: 0.04 ms
[TIMING] Total fit: 1187.94 ms
[TIMING] Test leaf ID extraction: 80.85 ms
[TIMING] Proximity matrix accumulation: 7732.85 ms
[TIMING] Neighbor sorting & quantiles: 254.50 ms
[TIMING] Total compute_uq: 8068.59 ms
    [TIMING] UQ Calculation (Proximity_Method_A): 9.2571 s
[TIMING] Random Forest fit/check: 0.01 ms
[TIMING] OOB/In-bag index reconstruction: 339.72 ms
[TIMING] Leaf weights & density precomputation: 851.44 ms
[TIMING] Transfer structures to backend: 0.01 ms
[TIMING] Total fit: 1191.17 ms
[TIMING] Test leaf ID extraction: 79.88 ms
[TIMING] Proximity matrix accumulation: 7742.11 ms
[TIMING] Neighbor sorting & quantiles: 62.49 ms
[TIMING] Total compute_uq: 7884.87 ms
    [TIMING] UQ Calculation (Proximity_Method_B): 9.0774 s
[TIMING] Random Forest fit/check: 0.00 ms
[TIMING] OOB/In-bag index reconstruction: 342.13 ms
[TIMING] Leaf weights & density precomputation: 878.55 ms
[TIMING] Transfer structures to backend: 0.02 ms
[TIMING] Total fit: 1220.69 ms
[TIMING] Test leaf ID extraction: 79.09 ms
[TIMING] Proximity matrix accumulation: 9610.15 ms
[TIMING] Neighbor sorting & quantiles: 254.82 ms
[TIMING] Total compute_uq: 9944.54 ms
[DEBUG DENSITY] mean walked density = 64.2904, min = 59.9379, max = 68.0614
    [TIMING] UQ Calculation (Proximity_Method_C): 11.1669 s
[TIMING] Random Forest fit/check: 0.04 ms
[TIMING] OOB/In-bag index reconstruction: 343.52 ms
[TIMING] Leaf weights & density precomputation: 862.47 ms
[TIMING] Transfer structures to backend: 0.02 ms
[TIMING] Total fit: 1206.04 ms
[TIMING] Test leaf ID extraction: 80.42 ms
[TIMING] Proximity matrix accumulation: 9621.67 ms
[TIMING] Neighbor sorting & quantiles: 62.49 ms
[TIMING] Total compute_uq: 9765.05 ms
[DEBUG DENSITY] mean walked density = 64.2904, min = 59.9379, max = 68.0614
    [TIMING] UQ Calculation (Proximity_Method_B_C): 10.9727 s
    [TIMING] Metrics Calculation: 0.1837 s
    [TIMING] Total Single Evaluation: 50.7042 s

  >>> Starting: Function=quadratic_10d, Seed=2
    [TIMING] Data Generation: 0.0154 s
    [TIMING] Random Forest Fitting: 4.3735 s
    [TIMING] RF Predicting: 0.0534 s
    [TIMING] Base Aleatoric: 0.1021 s
[TIMING] Random Forest fit/check: 0.00 ms
[TIMING] OOB/In-bag index reconstruction: 349.53 ms
[TIMING] Leaf weights & density precomputation: 105.02 ms
[TIMING] Transfer structures to backend: 0.02 ms
[TIMING] Total fit: 454.57 ms
[TIMING] Test leaf ID extraction: 68.98 ms
[TIMING] Proximity matrix accumulation: 3128.57 ms
[TIMING] Neighbor sorting & quantiles: 260.92 ms
[TIMING] Total compute_uq: 3459.13 ms
    [TIMING] UQ Calculation (Proximity_Baseline): 3.9141 s
[TIMING] Random Forest fit/check: 0.00 ms
[TIMING] OOB/In-bag index reconstruction: 343.49 ms
[TIMING] Leaf weights & density precomputation: 785.51 ms
[TIMING] Transfer structures to backend: 0.02 ms
[TIMING] Total fit: 1129.02 ms
[TIMING] Test leaf ID extraction: 69.15 ms
[TIMING] Proximity matrix accumulation: 7725.31 ms
[TIMING] Neighbor sorting & quantiles: 254.89 ms
[TIMING] Total compute_uq: 8049.85 ms
    [TIMING] UQ Calculation (Proximity_Method_A): 9.1794 s
[TIMING] Random Forest fit/check: 0.01 ms
[TIMING] OOB/In-bag index reconstruction: 399.50 ms
[TIMING] Leaf weights & density precomputation: 784.22 ms
[TIMING] Transfer structures to backend: 0.03 ms
[TIMING] Total fit: 1183.75 ms
[TIMING] Test leaf ID extraction: 68.70 ms
[TIMING] Proximity matrix accumulation: 7738.94 ms
[TIMING] Neighbor sorting & quantiles: 63.80 ms
[TIMING] Total compute_uq: 7871.84 ms
    [TIMING] UQ Calculation (Proximity_Method_B): 9.0571 s
[TIMING] Random Forest fit/check: 0.01 ms
[TIMING] OOB/In-bag index reconstruction: 332.88 ms
[TIMING] Leaf weights & density precomputation: 779.02 ms
[TIMING] Transfer structures to backend: 0.02 ms
[TIMING] Total fit: 1111.92 ms
[TIMING] Test leaf ID extraction: 68.43 ms
[TIMING] Proximity matrix accumulation: 9615.90 ms
[TIMING] Neighbor sorting & quantiles: 324.42 ms
[TIMING] Total compute_uq: 10009.27 ms
[DEBUG DENSITY] mean walked density = 63.9350, min = 58.8748, max = 69.5054
    [TIMING] UQ Calculation (Proximity_Method_C): 11.1230 s
[TIMING] Random Forest fit/check: 0.00 ms
[TIMING] OOB/In-bag index reconstruction: 1196.14 ms
[TIMING] Leaf weights & density precomputation: 1263.48 ms
[TIMING] Transfer structures to backend: 0.02 ms
[TIMING] Total fit: 2459.64 ms
[TIMING] Test leaf ID extraction: 70.46 ms
[TIMING] Proximity matrix accumulation: 9614.85 ms
[TIMING] Neighbor sorting & quantiles: 62.50 ms
[TIMING] Total compute_uq: 9748.25 ms
[DEBUG DENSITY] mean walked density = 63.9350, min = 58.8748, max = 69.5054
    [TIMING] UQ Calculation (Proximity_Method_B_C): 12.2096 s
    [TIMING] Metrics Calculation: 0.2314 s
    [TIMING] Total Single Evaluation: 50.2598 s

  >>> Starting: Function=friedman_10d, Seed=2
    [TIMING] Data Generation: 0.0215 s
    [TIMING] Random Forest Fitting: 4.1053 s
    [TIMING] RF Predicting: 0.0630 s
    [TIMING] Base Aleatoric: 0.1002 s
[TIMING] Random Forest fit/check: 0.00 ms
[TIMING] OOB/In-bag index reconstruction: 342.72 ms
[TIMING] Leaf weights & density precomputation: 99.68 ms
[TIMING] Transfer structures to backend: 0.02 ms
[TIMING] Total fit: 442.42 ms
[TIMING] Test leaf ID extraction: 79.30 ms
[TIMING] Proximity matrix accumulation: 3129.46 ms
[TIMING] Neighbor sorting & quantiles: 261.07 ms
[TIMING] Total compute_uq: 3470.26 ms
    [TIMING] UQ Calculation (Proximity_Baseline): 3.9129 s
[TIMING] Random Forest fit/check: 0.00 ms
[TIMING] OOB/In-bag index reconstruction: 341.47 ms
[TIMING] Leaf weights & density precomputation: 741.72 ms
[TIMING] Transfer structures to backend: 0.02 ms
[TIMING] Total fit: 1083.21 ms
[TIMING] Test leaf ID extraction: 79.26 ms
[TIMING] Proximity matrix accumulation: 7738.63 ms
[TIMING] Neighbor sorting & quantiles: 254.17 ms
[TIMING] Total compute_uq: 8072.50 ms
    [TIMING] UQ Calculation (Proximity_Method_A): 9.1561 s
[TIMING] Random Forest fit/check: 0.00 ms
[TIMING] OOB/In-bag index reconstruction: 340.32 ms
[TIMING] Leaf weights & density precomputation: 736.61 ms
[TIMING] Transfer structures to backend: 0.02 ms
[TIMING] Total fit: 1076.95 ms
[TIMING] Test leaf ID extraction: 68.87 ms
[TIMING] Proximity matrix accumulation: 7745.98 ms
[TIMING] Neighbor sorting & quantiles: 62.01 ms
[TIMING] Total compute_uq: 7877.26 ms
    [TIMING] UQ Calculation (Proximity_Method_B): 8.9554 s
[TIMING] Random Forest fit/check: 0.01 ms
[TIMING] OOB/In-bag index reconstruction: 343.41 ms
[TIMING] Leaf weights & density precomputation: 741.48 ms
[TIMING] Transfer structures to backend: 0.02 ms
[TIMING] Total fit: 1084.91 ms
[TIMING] Test leaf ID extraction: 78.69 ms
[TIMING] Proximity matrix accumulation: 9614.78 ms
[TIMING] Neighbor sorting & quantiles: 254.32 ms
[TIMING] Total compute_uq: 9948.24 ms
[DEBUG DENSITY] mean walked density = 64.5389, min = 57.9042, max = 69.3442
    [TIMING] UQ Calculation (Proximity_Method_C): 11.0347 s
[TIMING] Random Forest fit/check: 0.00 ms
[TIMING] OOB/In-bag index reconstruction: 341.84 ms
[TIMING] Leaf weights & density precomputation: 734.94 ms
[TIMING] Transfer structures to backend: 0.02 ms
[TIMING] Total fit: 1076.79 ms
[TIMING] Test leaf ID extraction: 79.61 ms
[TIMING] Proximity matrix accumulation: 9626.17 ms
[TIMING] Neighbor sorting & quantiles: 62.24 ms
[TIMING] Total compute_uq: 9768.45 ms
[DEBUG DENSITY] mean walked density = 64.5389, min = 57.9042, max = 69.3442
    [TIMING] UQ Calculation (Proximity_Method_B_C): 10.8468 s
    [TIMING] Metrics Calculation: 0.1673 s
    [TIMING] Total Single Evaluation: 48.3639 s

  >>> Starting: Function=sin_cos_11d, Seed=2
    [TIMING] Data Generation: 0.0219 s
    [TIMING] Random Forest Fitting: 7.0492 s
    [TIMING] RF Predicting: 0.0735 s
    [TIMING] Base Aleatoric: 0.1129 s
[TIMING] Random Forest fit/check: 0.00 ms
[TIMING] OOB/In-bag index reconstruction: 353.76 ms
[TIMING] Leaf weights & density precomputation: 104.29 ms
[TIMING] Transfer structures to backend: 0.02 ms
[TIMING] Total fit: 458.06 ms
[TIMING] Test leaf ID extraction: 79.11 ms
[TIMING] Proximity matrix accumulation: 3810.38 ms
[TIMING] Neighbor sorting & quantiles: 311.10 ms
[TIMING] Total compute_uq: 4201.05 ms
    [TIMING] UQ Calculation (Proximity_Baseline): 4.6593 s
[TIMING] Random Forest fit/check: 0.00 ms
[TIMING] OOB/In-bag index reconstruction: 351.46 ms
[TIMING] Leaf weights & density precomputation: 922.25 ms
[TIMING] Transfer structures to backend: 0.04 ms
[TIMING] Total fit: 1273.75 ms
[TIMING] Test leaf ID extraction: 91.09 ms
[TIMING] Proximity matrix accumulation: 9361.77 ms
[TIMING] Neighbor sorting & quantiles: 313.92 ms
[TIMING] Total compute_uq: 9767.27 ms
    [TIMING] UQ Calculation (Proximity_Method_A): 11.0416 s
[TIMING] Random Forest fit/check: 0.01 ms
[TIMING] OOB/In-bag index reconstruction: 773.29 ms
[TIMING] Leaf weights & density precomputation: 2953.14 ms
[TIMING] Transfer structures to backend: 0.02 ms
[TIMING] Total fit: 3726.47 ms
[TIMING] Test leaf ID extraction: 348.37 ms
[TIMING] Proximity matrix accumulation: 9358.36 ms
[TIMING] Neighbor sorting & quantiles: 88.72 ms
[TIMING] Total compute_uq: 9795.95 ms
    [TIMING] UQ Calculation (Proximity_Method_B): 13.5247 s
[TIMING] Random Forest fit/check: 0.01 ms
[TIMING] OOB/In-bag index reconstruction: 355.00 ms
[TIMING] Leaf weights & density precomputation: 957.82 ms
[TIMING] Transfer structures to backend: 0.02 ms
[TIMING] Total fit: 1312.84 ms
[TIMING] Test leaf ID extraction: 80.34 ms
[TIMING] Proximity matrix accumulation: 11608.86 ms
[TIMING] Neighbor sorting & quantiles: 306.59 ms
[TIMING] Total compute_uq: 11996.30 ms
[DEBUG DENSITY] mean walked density = 64.5428, min = 61.3816, max = 67.9118
    [TIMING] UQ Calculation (Proximity_Method_C): 13.3108 s
[TIMING] Random Forest fit/check: 0.00 ms
[TIMING] OOB/In-bag index reconstruction: 357.91 ms
[TIMING] Leaf weights & density precomputation: 999.59 ms
[TIMING] Transfer structures to backend: 0.02 ms
[TIMING] Total fit: 1357.53 ms
[TIMING] Test leaf ID extraction: 79.95 ms
[TIMING] Proximity matrix accumulation: 11659.77 ms
[TIMING] Neighbor sorting & quantiles: 88.45 ms
[TIMING] Total compute_uq: 11828.71 ms
[DEBUG DENSITY] mean walked density = 64.5428, min = 61.3816, max = 67.9118
    [TIMING] UQ Calculation (Proximity_Method_B_C): 13.1880 s
    [TIMING] Metrics Calculation: 0.2412 s
    [TIMING] Total Single Evaluation: 63.2239 s

  >>> Starting: Function=sin_cos_12d, Seed=2
    [TIMING] Data Generation: 0.0358 s
    [TIMING] Random Forest Fitting: 9.3748 s
    [TIMING] RF Predicting: 0.0732 s
    [TIMING] Base Aleatoric: 0.1148 s
[TIMING] Random Forest fit/check: 0.00 ms
[TIMING] OOB/In-bag index reconstruction: 353.43 ms
[TIMING] Leaf weights & density precomputation: 113.60 ms
[TIMING] Transfer structures to backend: 0.02 ms
[TIMING] Total fit: 467.05 ms
[TIMING] Test leaf ID extraction: 90.23 ms
[TIMING] Proximity matrix accumulation: 4558.78 ms
[TIMING] Neighbor sorting & quantiles: 370.06 ms
[TIMING] Total compute_uq: 5019.64 ms
    [TIMING] UQ Calculation (Proximity_Baseline): 5.4870 s
[TIMING] Random Forest fit/check: 0.00 ms
[TIMING] OOB/In-bag index reconstruction: 381.18 ms
[TIMING] Leaf weights & density precomputation: 1029.15 ms
[TIMING] Transfer structures to backend: 0.03 ms
[TIMING] Total fit: 1410.36 ms
[TIMING] Test leaf ID extraction: 91.69 ms
[TIMING] Proximity matrix accumulation: 11121.59 ms
[TIMING] Neighbor sorting & quantiles: 364.22 ms
[TIMING] Total compute_uq: 11577.97 ms
    [TIMING] UQ Calculation (Proximity_Method_A): 12.9889 s
[TIMING] Random Forest fit/check: 0.01 ms
[TIMING] OOB/In-bag index reconstruction: 353.47 ms
[TIMING] Leaf weights & density precomputation: 1042.32 ms
[TIMING] Transfer structures to backend: 0.02 ms
[TIMING] Total fit: 1395.81 ms
[TIMING] Test leaf ID extraction: 90.68 ms
[TIMING] Proximity matrix accumulation: 11135.14 ms
[TIMING] Neighbor sorting & quantiles: 87.18 ms
[TIMING] Total compute_uq: 11313.47 ms
    [TIMING] UQ Calculation (Proximity_Method_B): 12.7107 s
[TIMING] Random Forest fit/check: 0.01 ms
[TIMING] OOB/In-bag index reconstruction: 356.21 ms
[TIMING] Leaf weights & density precomputation: 1023.66 ms
[TIMING] Transfer structures to backend: 0.02 ms
[TIMING] Total fit: 1379.90 ms
[TIMING] Test leaf ID extraction: 90.54 ms
[TIMING] Proximity matrix accumulation: 13787.82 ms
[TIMING] Neighbor sorting & quantiles: 364.25 ms
[TIMING] Total compute_uq: 14243.15 ms
[DEBUG DENSITY] mean walked density = 64.6160, min = 61.3948, max = 68.1819
    [TIMING] UQ Calculation (Proximity_Method_C): 15.6250 s
[TIMING] Random Forest fit/check: 0.01 ms
[TIMING] OOB/In-bag index reconstruction: 365.86 ms
[TIMING] Leaf weights & density precomputation: 1046.07 ms
[TIMING] Transfer structures to backend: 0.01 ms
[TIMING] Total fit: 1411.95 ms
[TIMING] Test leaf ID extraction: 91.29 ms
[TIMING] Proximity matrix accumulation: 13821.69 ms
[TIMING] Neighbor sorting & quantiles: 87.25 ms
[TIMING] Total compute_uq: 14000.73 ms
[DEBUG DENSITY] mean walked density = 64.6160, min = 61.3948, max = 68.1819
    [TIMING] UQ Calculation (Proximity_Method_B_C): 15.4142 s
    [TIMING] Metrics Calculation: 0.2008 s
    [TIMING] Total Single Evaluation: 72.0259 s

  >>> Starting: Function=sin_cos_13d, Seed=2
    [TIMING] Data Generation: 0.0313 s
    [TIMING] Random Forest Fitting: 10.0257 s
    [TIMING] RF Predicting: 0.0839 s
    [TIMING] Base Aleatoric: 0.1305 s
[TIMING] Random Forest fit/check: 0.00 ms
[TIMING] OOB/In-bag index reconstruction: 369.62 ms
[TIMING] Leaf weights & density precomputation: 114.68 ms
[TIMING] Transfer structures to backend: 0.02 ms
[TIMING] Total fit: 484.32 ms
[TIMING] Test leaf ID extraction: 91.29 ms
[TIMING] Proximity matrix accumulation: 5374.86 ms
[TIMING] Neighbor sorting & quantiles: 433.73 ms
[TIMING] Total compute_uq: 5900.43 ms
    [TIMING] UQ Calculation (Proximity_Baseline): 6.3851 s
[TIMING] Random Forest fit/check: 0.00 ms
[TIMING] OOB/In-bag index reconstruction: 366.10 ms
[TIMING] Leaf weights & density precomputation: 1071.01 ms
[TIMING] Transfer structures to backend: 0.01 ms
[TIMING] Total fit: 1437.13 ms
[TIMING] Test leaf ID extraction: 100.89 ms
[TIMING] Proximity matrix accumulation: 13060.75 ms
[TIMING] Neighbor sorting & quantiles: 426.97 ms
[TIMING] Total compute_uq: 13589.05 ms
    [TIMING] UQ Calculation (Proximity_Method_A): 15.0267 s
[TIMING] Random Forest fit/check: 0.01 ms
[TIMING] OOB/In-bag index reconstruction: 355.92 ms
[TIMING] Leaf weights & density precomputation: 1079.24 ms
[TIMING] Transfer structures to backend: 0.02 ms
[TIMING] Total fit: 1435.19 ms
[TIMING] Test leaf ID extraction: 101.12 ms
[TIMING] Proximity matrix accumulation: 13050.84 ms
[TIMING] Neighbor sorting & quantiles: 101.79 ms
[TIMING] Total compute_uq: 13254.22 ms
    [TIMING] UQ Calculation (Proximity_Method_B): 14.6908 s
[TIMING] Random Forest fit/check: 0.01 ms
[TIMING] OOB/In-bag index reconstruction: 368.76 ms
[TIMING] Leaf weights & density precomputation: 1072.40 ms
[TIMING] Transfer structures to backend: 0.02 ms
[TIMING] Total fit: 1441.19 ms
[TIMING] Test leaf ID extraction: 101.83 ms
[TIMING] Proximity matrix accumulation: 16168.60 ms
[TIMING] Neighbor sorting & quantiles: 426.85 ms
[TIMING] Total compute_uq: 16697.84 ms
[DEBUG DENSITY] mean walked density = 64.6833, min = 61.3515, max = 68.4450
    [TIMING] UQ Calculation (Proximity_Method_C): 18.1410 s
[TIMING] Random Forest fit/check: 0.01 ms
[TIMING] OOB/In-bag index reconstruction: 366.09 ms
[TIMING] Leaf weights & density precomputation: 1149.17 ms
[TIMING] Transfer structures to backend: 0.02 ms
[TIMING] Total fit: 1515.28 ms
[TIMING] Test leaf ID extraction: 90.97 ms
[TIMING] Proximity matrix accumulation: 16170.51 ms
[TIMING] Neighbor sorting & quantiles: 101.42 ms
[TIMING] Total compute_uq: 16363.44 ms
[DEBUG DENSITY] mean walked density = 64.6833, min = 61.3515, max = 68.4450
    [TIMING] UQ Calculation (Proximity_Method_B_C): 17.8806 s
    [TIMING] Metrics Calculation: 7.6438 s
    [TIMING] Total Single Evaluation: 90.0403 s

  >>> Starting: Function=sin_cos_14d, Seed=2
    [TIMING] Data Generation: 0.0483 s
    [TIMING] Random Forest Fitting: 13.1686 s
    [TIMING] RF Predicting: 0.0935 s
    [TIMING] Base Aleatoric: 0.1423 s
[TIMING] Random Forest fit/check: 0.00 ms
[TIMING] OOB/In-bag index reconstruction: 380.52 ms
[TIMING] Leaf weights & density precomputation: 123.00 ms
[TIMING] Transfer structures to backend: 0.02 ms
[TIMING] Total fit: 503.54 ms
[TIMING] Test leaf ID extraction: 112.37 ms
[TIMING] Proximity matrix accumulation: 6245.30 ms
[TIMING] Neighbor sorting & quantiles: 501.70 ms
[TIMING] Total compute_uq: 6859.95 ms
    [TIMING] UQ Calculation (Proximity_Baseline): 7.3640 s
[TIMING] Random Forest fit/check: 0.00 ms
[TIMING] OOB/In-bag index reconstruction: 375.59 ms
[TIMING] Leaf weights & density precomputation: 1192.29 ms
[TIMING] Transfer structures to backend: 0.02 ms
[TIMING] Total fit: 1567.90 ms
[TIMING] Test leaf ID extraction: 113.10 ms
[TIMING] Proximity matrix accumulation: 15123.14 ms
[TIMING] Neighbor sorting & quantiles: 494.10 ms
[TIMING] Total compute_uq: 15730.97 ms
    [TIMING] UQ Calculation (Proximity_Method_A): 17.2995 s
[TIMING] Random Forest fit/check: 0.03 ms
[TIMING] OOB/In-bag index reconstruction: 376.28 ms
[TIMING] Leaf weights & density precomputation: 1206.11 ms
[TIMING] Transfer structures to backend: 0.02 ms
[TIMING] Total fit: 1582.44 ms
[TIMING] Test leaf ID extraction: 103.76 ms
[TIMING] Proximity matrix accumulation: 15127.61 ms
[TIMING] Neighbor sorting & quantiles: 114.94 ms
[TIMING] Total compute_uq: 15346.82 ms
    [TIMING] UQ Calculation (Proximity_Method_B): 16.9310 s
[TIMING] Random Forest fit/check: 0.01 ms
[TIMING] OOB/In-bag index reconstruction: 378.06 ms
[TIMING] Leaf weights & density precomputation: 1201.45 ms
[TIMING] Transfer structures to backend: 0.02 ms
[TIMING] Total fit: 1579.54 ms
[TIMING] Test leaf ID extraction: 114.19 ms
[TIMING] Proximity matrix accumulation: 18771.04 ms
[TIMING] Neighbor sorting & quantiles: 494.21 ms
[TIMING] Total compute_uq: 19380.01 ms
[DEBUG DENSITY] mean walked density = 64.6069, min = 61.3347, max = 68.3482
    [TIMING] UQ Calculation (Proximity_Method_C): 20.9618 s
[TIMING] Random Forest fit/check: 0.01 ms
[TIMING] OOB/In-bag index reconstruction: 379.05 ms
[TIMING] Leaf weights & density precomputation: 1195.79 ms
[TIMING] Transfer structures to backend: 0.02 ms
[TIMING] Total fit: 1574.87 ms
[TIMING] Test leaf ID extraction: 104.96 ms
[TIMING] Proximity matrix accumulation: 18732.67 ms
[TIMING] Neighbor sorting & quantiles: 115.34 ms
[TIMING] Total compute_uq: 18953.56 ms
[DEBUG DENSITY] mean walked density = 64.6069, min = 61.3347, max = 68.3482
    [TIMING] UQ Calculation (Proximity_Method_B_C): 20.5306 s
    [TIMING] Metrics Calculation: 7.9768 s
    [TIMING] Total Single Evaluation: 104.5172 s

  >>> Starting: Function=sin_cos_15d, Seed=2
    [TIMING] Data Generation: 0.0587 s
    [TIMING] Random Forest Fitting: 14.6526 s
    [TIMING] RF Predicting: 0.1044 s
    [TIMING] Base Aleatoric: 0.1424 s
[TIMING] Random Forest fit/check: 0.00 ms
[TIMING] OOB/In-bag index reconstruction: 382.63 ms
[TIMING] Leaf weights & density precomputation: 129.09 ms
[TIMING] Transfer structures to backend: 0.02 ms
[TIMING] Total fit: 511.74 ms
[TIMING] Test leaf ID extraction: 114.73 ms
[TIMING] Proximity matrix accumulation: 7189.53 ms
[TIMING] Neighbor sorting & quantiles: 576.32 ms
[TIMING] Total compute_uq: 7881.19 ms
    [TIMING] UQ Calculation (Proximity_Baseline): 8.3937 s
[TIMING] Random Forest fit/check: 0.00 ms
[TIMING] OOB/In-bag index reconstruction: 373.72 ms
[TIMING] Leaf weights & density precomputation: 1221.80 ms
[TIMING] Transfer structures to backend: 0.02 ms
[TIMING] Total fit: 1595.53 ms
[TIMING] Test leaf ID extraction: 113.03 ms
[TIMING] Proximity matrix accumulation: 17358.62 ms
[TIMING] Neighbor sorting & quantiles: 567.31 ms
[TIMING] Total compute_uq: 18039.55 ms
    [TIMING] UQ Calculation (Proximity_Method_A): 19.6360 s
[TIMING] Random Forest fit/check: 0.01 ms
[TIMING] OOB/In-bag index reconstruction: 380.39 ms
[TIMING] Leaf weights & density precomputation: 1259.67 ms
[TIMING] Transfer structures to backend: 0.02 ms
[TIMING] Total fit: 1640.08 ms
[TIMING] Test leaf ID extraction: 125.56 ms
[TIMING] Proximity matrix accumulation: 17378.43 ms
[TIMING] Neighbor sorting & quantiles: 132.10 ms
[TIMING] Total compute_uq: 17636.70 ms
    [TIMING] UQ Calculation (Proximity_Method_B): 19.2786 s
[TIMING] Random Forest fit/check: 0.01 ms
[TIMING] OOB/In-bag index reconstruction: 391.33 ms
[TIMING] Leaf weights & density precomputation: 1234.51 ms
[TIMING] Transfer structures to backend: 0.02 ms
[TIMING] Total fit: 1625.87 ms
[TIMING] Test leaf ID extraction: 114.00 ms
[TIMING] Proximity matrix accumulation: 21509.05 ms
[TIMING] Neighbor sorting & quantiles: 567.63 ms
[TIMING] Total compute_uq: 22191.29 ms
[DEBUG DENSITY] mean walked density = 64.5266, min = 60.9752, max = 68.5417
    [TIMING] UQ Calculation (Proximity_Method_C): 23.8193 s
[TIMING] Random Forest fit/check: 0.01 ms
[TIMING] OOB/In-bag index reconstruction: 380.34 ms
[TIMING] Leaf weights & density precomputation: 1239.53 ms
[TIMING] Transfer structures to backend: 0.02 ms
[TIMING] Total fit: 1619.89 ms
[TIMING] Test leaf ID extraction: 113.96 ms
[TIMING] Proximity matrix accumulation: 21512.90 ms
[TIMING] Neighbor sorting & quantiles: 131.17 ms
[TIMING] Total compute_uq: 21758.60 ms
[DEBUG DENSITY] mean walked density = 64.5266, min = 60.9752, max = 68.5417
    [TIMING] UQ Calculation (Proximity_Method_B_C): 23.3807 s
    [TIMING] Metrics Calculation: 7.1616 s
    [TIMING] Total Single Evaluation: 116.6290 s
 [OK] (1123.2s, ETA: 74m remaining)
[RUN 4/7] 
  >>> Starting: Function=sin, Seed=3
    [TIMING] Data Generation: 0.0004 s
    [TIMING] Random Forest Fitting: 0.4135 s
    [TIMING] RF Predicting: 0.0430 s
    [TIMING] Base Aleatoric: 0.0378 s
[TIMING] Random Forest fit/check: 0.00 ms
[TIMING] OOB/In-bag index reconstruction: 154.99 ms
[TIMING] Leaf weights & density precomputation: 51.02 ms
[TIMING] Transfer structures to backend: 0.01 ms
[TIMING] Total fit: 206.03 ms
[TIMING] Test leaf ID extraction: 44.63 ms
[TIMING] Proximity matrix accumulation: 36.33 ms
[TIMING] Neighbor sorting & quantiles: 4.18 ms
[TIMING] Total compute_uq: 85.34 ms
    [TIMING] UQ Calculation (Proximity_Baseline): 0.2916 s
[TIMING] Random Forest fit/check: 0.00 ms
[TIMING] OOB/In-bag index reconstruction: 156.23 ms
[TIMING] Leaf weights & density precomputation: 283.45 ms
[TIMING] Transfer structures to backend: 0.01 ms
[TIMING] Total fit: 439.69 ms
[TIMING] Test leaf ID extraction: 34.36 ms
[TIMING] Proximity matrix accumulation: 156.95 ms
[TIMING] Neighbor sorting & quantiles: 4.07 ms
[TIMING] Total compute_uq: 195.56 ms
    [TIMING] UQ Calculation (Proximity_Method_A): 0.6356 s
[TIMING] Random Forest fit/check: 0.00 ms
[TIMING] OOB/In-bag index reconstruction: 175.95 ms
[TIMING] Leaf weights & density precomputation: 287.16 ms
[TIMING] Transfer structures to backend: 0.01 ms
[TIMING] Total fit: 463.12 ms
[TIMING] Test leaf ID extraction: 34.67 ms
[TIMING] Proximity matrix accumulation: 155.21 ms
[TIMING] Neighbor sorting & quantiles: 48.46 ms
[TIMING] Total compute_uq: 238.53 ms
    [TIMING] UQ Calculation (Proximity_Method_B): 0.7027 s
[TIMING] Random Forest fit/check: 0.00 ms
[TIMING] OOB/In-bag index reconstruction: 163.51 ms
[TIMING] Leaf weights & density precomputation: 287.16 ms
[TIMING] Transfer structures to backend: 0.01 ms
[TIMING] Total fit: 450.68 ms
[TIMING] Test leaf ID extraction: 34.68 ms
[TIMING] Proximity matrix accumulation: 208.54 ms
[TIMING] Neighbor sorting & quantiles: 4.08 ms
[TIMING] Total compute_uq: 247.46 ms
[DEBUG DENSITY] mean walked density = 63.0620, min = 59.2878, max = 68.9818
    [TIMING] UQ Calculation (Proximity_Method_C): 0.6994 s
[TIMING] Random Forest fit/check: 0.00 ms
[TIMING] OOB/In-bag index reconstruction: 152.94 ms
[TIMING] Leaf weights & density precomputation: 287.04 ms
[TIMING] Transfer structures to backend: 0.01 ms
[TIMING] Total fit: 439.99 ms
[TIMING] Test leaf ID extraction: 34.77 ms
[TIMING] Proximity matrix accumulation: 211.10 ms
[TIMING] Neighbor sorting & quantiles: 4.84 ms
[TIMING] Total compute_uq: 250.89 ms
[DEBUG DENSITY] mean walked density = 63.0620, min = 59.2878, max = 68.9818
    [TIMING] UQ Calculation (Proximity_Method_B_C): 0.6923 s
    [TIMING] Metrics Calculation: 0.0680 s
    [TIMING] Total Single Evaluation: 3.5846 s

  >>> Starting: Function=cos_trend, Seed=3
    [TIMING] Data Generation: 0.0003 s
    [TIMING] Random Forest Fitting: 0.3515 s
    [TIMING] RF Predicting: 0.0427 s
    [TIMING] Base Aleatoric: 0.0481 s
[TIMING] Random Forest fit/check: 0.00 ms
[TIMING] OOB/In-bag index reconstruction: 157.37 ms
[TIMING] Leaf weights & density precomputation: 50.30 ms
[TIMING] Transfer structures to backend: 0.01 ms
[TIMING] Total fit: 207.69 ms
[TIMING] Test leaf ID extraction: 33.76 ms
[TIMING] Proximity matrix accumulation: 36.71 ms
[TIMING] Neighbor sorting & quantiles: 4.19 ms
[TIMING] Total compute_uq: 74.88 ms
    [TIMING] UQ Calculation (Proximity_Baseline): 0.2827 s
[TIMING] Random Forest fit/check: 0.00 ms
[TIMING] OOB/In-bag index reconstruction: 156.02 ms
[TIMING] Leaf weights & density precomputation: 289.14 ms
[TIMING] Transfer structures to backend: 0.02 ms
[TIMING] Total fit: 445.18 ms
[TIMING] Test leaf ID extraction: 34.18 ms
[TIMING] Proximity matrix accumulation: 158.41 ms
[TIMING] Neighbor sorting & quantiles: 4.09 ms
[TIMING] Total compute_uq: 196.89 ms
    [TIMING] UQ Calculation (Proximity_Method_A): 0.6424 s
[TIMING] Random Forest fit/check: 0.00 ms
[TIMING] OOB/In-bag index reconstruction: 152.31 ms
[TIMING] Leaf weights & density precomputation: 290.43 ms
[TIMING] Transfer structures to backend: 0.02 ms
[TIMING] Total fit: 442.75 ms
[TIMING] Test leaf ID extraction: 33.57 ms
[TIMING] Proximity matrix accumulation: 158.50 ms
[TIMING] Neighbor sorting & quantiles: 4.94 ms
[TIMING] Total compute_uq: 197.22 ms
    [TIMING] UQ Calculation (Proximity_Method_B): 0.6411 s
[TIMING] Random Forest fit/check: 0.00 ms
[TIMING] OOB/In-bag index reconstruction: 163.73 ms
[TIMING] Leaf weights & density precomputation: 284.57 ms
[TIMING] Transfer structures to backend: 0.02 ms
[TIMING] Total fit: 448.32 ms
[TIMING] Test leaf ID extraction: 33.56 ms
[TIMING] Proximity matrix accumulation: 215.03 ms
[TIMING] Neighbor sorting & quantiles: 4.09 ms
[TIMING] Total compute_uq: 252.90 ms
[DEBUG DENSITY] mean walked density = 62.5588, min = 56.1580, max = 68.7088
    [TIMING] UQ Calculation (Proximity_Method_C): 0.7026 s
[TIMING] Random Forest fit/check: 0.00 ms
[TIMING] OOB/In-bag index reconstruction: 152.38 ms
[TIMING] Leaf weights & density precomputation: 288.19 ms
[TIMING] Transfer structures to backend: 0.02 ms
[TIMING] Total fit: 440.59 ms
[TIMING] Test leaf ID extraction: 45.77 ms
[TIMING] Proximity matrix accumulation: 214.92 ms
[TIMING] Neighbor sorting & quantiles: 4.90 ms
[TIMING] Total compute_uq: 265.88 ms
[DEBUG DENSITY] mean walked density = 62.5588, min = 56.1580, max = 68.7088
    [TIMING] UQ Calculation (Proximity_Method_B_C): 0.7078 s
    [TIMING] Metrics Calculation: 0.0681 s
    [TIMING] Total Single Evaluation: 3.4876 s

  >>> Starting: Function=poly, Seed=3
    [TIMING] Data Generation: 0.0003 s
    [TIMING] Random Forest Fitting: 0.3856 s
    [TIMING] RF Predicting: 0.0451 s
    [TIMING] Base Aleatoric: 0.0526 s
[TIMING] Random Forest fit/check: 0.00 ms
[TIMING] OOB/In-bag index reconstruction: 182.11 ms
[TIMING] Leaf weights & density precomputation: 51.06 ms
[TIMING] Transfer structures to backend: 0.02 ms
[TIMING] Total fit: 233.19 ms
[TIMING] Test leaf ID extraction: 34.38 ms
[TIMING] Proximity matrix accumulation: 35.98 ms
[TIMING] Neighbor sorting & quantiles: 4.18 ms
[TIMING] Total compute_uq: 74.75 ms
    [TIMING] UQ Calculation (Proximity_Baseline): 0.3082 s
[TIMING] Random Forest fit/check: 0.00 ms
[TIMING] OOB/In-bag index reconstruction: 156.71 ms
[TIMING] Leaf weights & density precomputation: 291.38 ms
[TIMING] Transfer structures to backend: 0.02 ms
[TIMING] Total fit: 448.11 ms
[TIMING] Test leaf ID extraction: 34.66 ms
[TIMING] Proximity matrix accumulation: 158.61 ms
[TIMING] Neighbor sorting & quantiles: 4.10 ms
[TIMING] Total compute_uq: 197.58 ms
    [TIMING] UQ Calculation (Proximity_Method_A): 0.6461 s
[TIMING] Random Forest fit/check: 0.00 ms
[TIMING] OOB/In-bag index reconstruction: 166.55 ms
[TIMING] Leaf weights & density precomputation: 296.25 ms
[TIMING] Transfer structures to backend: 0.02 ms
[TIMING] Total fit: 462.83 ms
[TIMING] Test leaf ID extraction: 43.86 ms
[TIMING] Proximity matrix accumulation: 158.20 ms
[TIMING] Neighbor sorting & quantiles: 5.08 ms
[TIMING] Total compute_uq: 207.35 ms
    [TIMING] UQ Calculation (Proximity_Method_B): 0.6714 s
[TIMING] Random Forest fit/check: 0.00 ms
[TIMING] OOB/In-bag index reconstruction: 165.29 ms
[TIMING] Leaf weights & density precomputation: 302.46 ms
[TIMING] Transfer structures to backend: 0.02 ms
[TIMING] Total fit: 467.76 ms
[TIMING] Test leaf ID extraction: 45.41 ms
[TIMING] Proximity matrix accumulation: 241.09 ms
[TIMING] Neighbor sorting & quantiles: 4.10 ms
[TIMING] Total compute_uq: 290.84 ms
[DEBUG DENSITY] mean walked density = 63.0678, min = 59.4012, max = 68.7882
    [TIMING] UQ Calculation (Proximity_Method_C): 0.7603 s
[TIMING] Random Forest fit/check: 0.00 ms
[TIMING] OOB/In-bag index reconstruction: 168.18 ms
[TIMING] Leaf weights & density precomputation: 290.54 ms
[TIMING] Transfer structures to backend: 0.02 ms
[TIMING] Total fit: 458.73 ms
[TIMING] Test leaf ID extraction: 44.93 ms
[TIMING] Proximity matrix accumulation: 215.58 ms
[TIMING] Neighbor sorting & quantiles: 4.93 ms
[TIMING] Total compute_uq: 265.67 ms
[DEBUG DENSITY] mean walked density = 63.0678, min = 59.4012, max = 68.7882
    [TIMING] UQ Calculation (Proximity_Method_B_C): 0.7260 s
    [TIMING] Metrics Calculation: 0.0825 s
    [TIMING] Total Single Evaluation: 3.6784 s

  >>> Starting: Function=damped_osc, Seed=3
    [TIMING] Data Generation: 0.0004 s
    [TIMING] Random Forest Fitting: 0.3864 s
    [TIMING] RF Predicting: 0.0429 s
    [TIMING] Base Aleatoric: 0.0387 s
[TIMING] Random Forest fit/check: 0.00 ms
[TIMING] OOB/In-bag index reconstruction: 156.33 ms
[TIMING] Leaf weights & density precomputation: 50.90 ms
[TIMING] Transfer structures to backend: 0.01 ms
[TIMING] Total fit: 207.24 ms
[TIMING] Test leaf ID extraction: 34.38 ms
[TIMING] Proximity matrix accumulation: 36.33 ms
[TIMING] Neighbor sorting & quantiles: 4.18 ms
[TIMING] Total compute_uq: 75.08 ms
    [TIMING] UQ Calculation (Proximity_Baseline): 0.2825 s
[TIMING] Random Forest fit/check: 0.00 ms
[TIMING] OOB/In-bag index reconstruction: 157.99 ms
[TIMING] Leaf weights & density precomputation: 300.17 ms
[TIMING] Transfer structures to backend: 0.02 ms
[TIMING] Total fit: 458.18 ms
[TIMING] Test leaf ID extraction: 44.58 ms
[TIMING] Proximity matrix accumulation: 159.58 ms
[TIMING] Neighbor sorting & quantiles: 4.10 ms
[TIMING] Total compute_uq: 208.48 ms
    [TIMING] UQ Calculation (Proximity_Method_A): 0.6671 s
[TIMING] Random Forest fit/check: 0.00 ms
[TIMING] OOB/In-bag index reconstruction: 170.38 ms
[TIMING] Leaf weights & density precomputation: 300.49 ms
[TIMING] Transfer structures to backend: 0.02 ms
[TIMING] Total fit: 470.90 ms
[TIMING] Test leaf ID extraction: 34.49 ms
[TIMING] Proximity matrix accumulation: 176.50 ms
[TIMING] Neighbor sorting & quantiles: 5.62 ms
[TIMING] Total compute_uq: 216.84 ms
    [TIMING] UQ Calculation (Proximity_Method_B): 0.6893 s
[TIMING] Random Forest fit/check: 0.00 ms
[TIMING] OOB/In-bag index reconstruction: 156.39 ms
[TIMING] Leaf weights & density precomputation: 285.70 ms
[TIMING] Transfer structures to backend: 0.01 ms
[TIMING] Total fit: 442.11 ms
[TIMING] Test leaf ID extraction: 34.54 ms
[TIMING] Proximity matrix accumulation: 211.17 ms
[TIMING] Neighbor sorting & quantiles: 4.08 ms
[TIMING] Total compute_uq: 250.02 ms
[DEBUG DENSITY] mean walked density = 64.0505, min = 60.7578, max = 70.7314
    [TIMING] UQ Calculation (Proximity_Method_C): 0.6934 s
[TIMING] Random Forest fit/check: 0.00 ms
[TIMING] OOB/In-bag index reconstruction: 158.73 ms
[TIMING] Leaf weights & density precomputation: 283.15 ms
[TIMING] Transfer structures to backend: 0.02 ms
[TIMING] Total fit: 441.89 ms
[TIMING] Test leaf ID extraction: 33.70 ms
[TIMING] Proximity matrix accumulation: 213.37 ms
[TIMING] Neighbor sorting & quantiles: 4.93 ms
[TIMING] Total compute_uq: 252.20 ms
[DEBUG DENSITY] mean walked density = 64.0505, min = 60.7578, max = 70.7314
    [TIMING] UQ Calculation (Proximity_Method_B_C): 0.6955 s
    [TIMING] Metrics Calculation: 0.0636 s
    [TIMING] Total Single Evaluation: 3.5601 s

  >>> Starting: Function=log_mod, Seed=3
    [TIMING] Data Generation: 0.0003 s
    [TIMING] Random Forest Fitting: 0.3408 s
    [TIMING] RF Predicting: 0.0440 s
    [TIMING] Base Aleatoric: 0.0379 s
[TIMING] Random Forest fit/check: 0.00 ms
[TIMING] OOB/In-bag index reconstruction: 156.20 ms
[TIMING] Leaf weights & density precomputation: 49.97 ms
[TIMING] Transfer structures to backend: 0.01 ms
[TIMING] Total fit: 206.18 ms
[TIMING] Test leaf ID extraction: 33.12 ms
[TIMING] Proximity matrix accumulation: 36.11 ms
[TIMING] Neighbor sorting & quantiles: 4.18 ms
[TIMING] Total compute_uq: 73.62 ms
    [TIMING] UQ Calculation (Proximity_Baseline): 0.2799 s
[TIMING] Random Forest fit/check: 0.00 ms
[TIMING] OOB/In-bag index reconstruction: 155.42 ms
[TIMING] Leaf weights & density precomputation: 291.35 ms
[TIMING] Transfer structures to backend: 0.01 ms
[TIMING] Total fit: 446.78 ms
[TIMING] Test leaf ID extraction: 34.05 ms
[TIMING] Proximity matrix accumulation: 159.37 ms
[TIMING] Neighbor sorting & quantiles: 4.09 ms
[TIMING] Total compute_uq: 197.72 ms
    [TIMING] UQ Calculation (Proximity_Method_A): 0.6448 s
[TIMING] Random Forest fit/check: 0.00 ms
[TIMING] OOB/In-bag index reconstruction: 155.72 ms
[TIMING] Leaf weights & density precomputation: 378.44 ms
[TIMING] Transfer structures to backend: 0.01 ms
[TIMING] Total fit: 534.18 ms
[TIMING] Test leaf ID extraction: 44.72 ms
[TIMING] Proximity matrix accumulation: 160.99 ms
[TIMING] Neighbor sorting & quantiles: 5.47 ms
[TIMING] Total compute_uq: 211.39 ms
    [TIMING] UQ Calculation (Proximity_Method_B): 0.7465 s
[TIMING] Random Forest fit/check: 0.00 ms
[TIMING] OOB/In-bag index reconstruction: 174.86 ms
[TIMING] Leaf weights & density precomputation: 306.84 ms
[TIMING] Transfer structures to backend: 0.02 ms
[TIMING] Total fit: 481.72 ms
[TIMING] Test leaf ID extraction: 33.45 ms
[TIMING] Proximity matrix accumulation: 218.50 ms
[TIMING] Neighbor sorting & quantiles: 4.09 ms
[TIMING] Total compute_uq: 256.24 ms
[DEBUG DENSITY] mean walked density = 63.0372, min = 58.3811, max = 69.2885
    [TIMING] UQ Calculation (Proximity_Method_C): 0.7394 s
[TIMING] Random Forest fit/check: 0.00 ms
[TIMING] OOB/In-bag index reconstruction: 152.26 ms
[TIMING] Leaf weights & density precomputation: 287.56 ms
[TIMING] Transfer structures to backend: 0.01 ms
[TIMING] Total fit: 439.83 ms
[TIMING] Test leaf ID extraction: 33.73 ms
[TIMING] Proximity matrix accumulation: 214.85 ms
[TIMING] Neighbor sorting & quantiles: 5.05 ms
[TIMING] Total compute_uq: 253.86 ms
[DEBUG DENSITY] mean walked density = 63.0372, min = 58.3811, max = 69.2885
    [TIMING] UQ Calculation (Proximity_Method_B_C): 0.6951 s
    [TIMING] Metrics Calculation: 0.0678 s
    [TIMING] Total Single Evaluation: 3.5968 s

  >>> Starting: Function=sin_cos, Seed=3
    [TIMING] Data Generation: 0.0012 s
    [TIMING] Random Forest Fitting: 0.3764 s
    [TIMING] RF Predicting: 0.0423 s
    [TIMING] Base Aleatoric: 0.0514 s
[TIMING] Random Forest fit/check: 0.00 ms
[TIMING] OOB/In-bag index reconstruction: 176.15 ms
[TIMING] Leaf weights & density precomputation: 58.84 ms
[TIMING] Transfer structures to backend: 0.02 ms
[TIMING] Total fit: 235.02 ms
[TIMING] Test leaf ID extraction: 44.24 ms
[TIMING] Proximity matrix accumulation: 149.49 ms
[TIMING] Neighbor sorting & quantiles: 16.46 ms
[TIMING] Total compute_uq: 210.44 ms
    [TIMING] UQ Calculation (Proximity_Baseline): 0.4456 s
[TIMING] Random Forest fit/check: 0.00 ms
[TIMING] OOB/In-bag index reconstruction: 182.53 ms
[TIMING] Leaf weights & density precomputation: 352.58 ms
[TIMING] Transfer structures to backend: 0.02 ms
[TIMING] Total fit: 535.14 ms
[TIMING] Test leaf ID extraction: 35.25 ms
[TIMING] Proximity matrix accumulation: 427.62 ms
[TIMING] Neighbor sorting & quantiles: 15.93 ms
[TIMING] Total compute_uq: 479.03 ms
    [TIMING] UQ Calculation (Proximity_Method_A): 1.0146 s
[TIMING] Random Forest fit/check: 0.00 ms
[TIMING] OOB/In-bag index reconstruction: 180.98 ms
[TIMING] Leaf weights & density precomputation: 329.46 ms
[TIMING] Transfer structures to backend: 0.02 ms
[TIMING] Total fit: 510.46 ms
[TIMING] Test leaf ID extraction: 46.20 ms
[TIMING] Proximity matrix accumulation: 427.54 ms
[TIMING] Neighbor sorting & quantiles: 8.30 ms
[TIMING] Total compute_uq: 482.30 ms
    [TIMING] UQ Calculation (Proximity_Method_B): 0.9938 s
[TIMING] Random Forest fit/check: 0.00 ms
[TIMING] OOB/In-bag index reconstruction: 184.83 ms
[TIMING] Leaf weights & density precomputation: 325.48 ms
[TIMING] Transfer structures to backend: 0.02 ms
[TIMING] Total fit: 510.33 ms
[TIMING] Test leaf ID extraction: 44.54 ms
[TIMING] Proximity matrix accumulation: 530.82 ms
[TIMING] Neighbor sorting & quantiles: 15.93 ms
[TIMING] Total compute_uq: 591.53 ms
[DEBUG DENSITY] mean walked density = 64.2098, min = 50.2529, max = 73.5392
    [TIMING] UQ Calculation (Proximity_Method_C): 1.1033 s
[TIMING] Random Forest fit/check: 0.00 ms
[TIMING] OOB/In-bag index reconstruction: 181.23 ms
[TIMING] Leaf weights & density precomputation: 328.72 ms
[TIMING] Transfer structures to backend: 0.02 ms
[TIMING] Total fit: 509.97 ms
[TIMING] Test leaf ID extraction: 45.38 ms
[TIMING] Proximity matrix accumulation: 531.26 ms
[TIMING] Neighbor sorting & quantiles: 8.77 ms
[TIMING] Total compute_uq: 585.68 ms
[DEBUG DENSITY] mean walked density = 64.2098, min = 50.2529, max = 73.5392
    [TIMING] UQ Calculation (Proximity_Method_B_C): 1.0970 s
    [TIMING] Metrics Calculation: 0.0683 s
    [TIMING] Total Single Evaluation: 5.1943 s

  >>> Starting: Function=quadratic, Seed=3
    [TIMING] Data Generation: 0.0010 s
    [TIMING] Random Forest Fitting: 0.4174 s
    [TIMING] RF Predicting: 0.0428 s
    [TIMING] Base Aleatoric: 0.0505 s
[TIMING] Random Forest fit/check: 0.00 ms
[TIMING] OOB/In-bag index reconstruction: 187.69 ms
[TIMING] Leaf weights & density precomputation: 59.53 ms
[TIMING] Transfer structures to backend: 0.01 ms
[TIMING] Total fit: 247.23 ms
[TIMING] Test leaf ID extraction: 44.67 ms
[TIMING] Proximity matrix accumulation: 149.50 ms
[TIMING] Neighbor sorting & quantiles: 16.45 ms
[TIMING] Total compute_uq: 210.85 ms
    [TIMING] UQ Calculation (Proximity_Baseline): 0.4582 s
[TIMING] Random Forest fit/check: 0.00 ms
[TIMING] OOB/In-bag index reconstruction: 182.91 ms
[TIMING] Leaf weights & density precomputation: 330.14 ms
[TIMING] Transfer structures to backend: 0.02 ms
[TIMING] Total fit: 513.06 ms
[TIMING] Test leaf ID extraction: 45.10 ms
[TIMING] Proximity matrix accumulation: 427.33 ms
[TIMING] Neighbor sorting & quantiles: 15.91 ms
[TIMING] Total compute_uq: 488.60 ms
    [TIMING] UQ Calculation (Proximity_Method_A): 1.0020 s
[TIMING] Random Forest fit/check: 0.00 ms
[TIMING] OOB/In-bag index reconstruction: 183.65 ms
[TIMING] Leaf weights & density precomputation: 327.02 ms
[TIMING] Transfer structures to backend: 0.02 ms
[TIMING] Total fit: 510.69 ms
[TIMING] Test leaf ID extraction: 44.71 ms
[TIMING] Proximity matrix accumulation: 428.93 ms
[TIMING] Neighbor sorting & quantiles: 8.41 ms
[TIMING] Total compute_uq: 482.30 ms
    [TIMING] UQ Calculation (Proximity_Method_B): 0.9941 s
[TIMING] Random Forest fit/check: 0.00 ms
[TIMING] OOB/In-bag index reconstruction: 178.34 ms
[TIMING] Leaf weights & density precomputation: 323.96 ms
[TIMING] Transfer structures to backend: 0.02 ms
[TIMING] Total fit: 502.32 ms
[TIMING] Test leaf ID extraction: 44.49 ms
[TIMING] Proximity matrix accumulation: 530.47 ms
[TIMING] Neighbor sorting & quantiles: 15.89 ms
[TIMING] Total compute_uq: 591.12 ms
[DEBUG DENSITY] mean walked density = 64.6974, min = 52.5790, max = 69.8018
    [TIMING] UQ Calculation (Proximity_Method_C): 1.0947 s
[TIMING] Random Forest fit/check: 0.00 ms
[TIMING] OOB/In-bag index reconstruction: 181.62 ms
[TIMING] Leaf weights & density precomputation: 322.07 ms
[TIMING] Transfer structures to backend: 0.02 ms
[TIMING] Total fit: 503.71 ms
[TIMING] Test leaf ID extraction: 44.67 ms
[TIMING] Proximity matrix accumulation: 531.35 ms
[TIMING] Neighbor sorting & quantiles: 8.47 ms
[TIMING] Total compute_uq: 584.74 ms
[DEBUG DENSITY] mean walked density = 64.6974, min = 52.5790, max = 69.8018
    [TIMING] UQ Calculation (Proximity_Method_B_C): 1.0898 s
    [TIMING] Metrics Calculation: 0.0787 s
    [TIMING] Total Single Evaluation: 5.2296 s

  >>> Starting: Function=sin_sum_mod, Seed=3
    [TIMING] Data Generation: 0.0011 s
    [TIMING] Random Forest Fitting: 0.4261 s
    [TIMING] RF Predicting: 0.0433 s
    [TIMING] Base Aleatoric: 0.0512 s
[TIMING] Random Forest fit/check: 0.00 ms
[TIMING] OOB/In-bag index reconstruction: 187.14 ms
[TIMING] Leaf weights & density precomputation: 59.08 ms
[TIMING] Transfer structures to backend: 0.01 ms
[TIMING] Total fit: 246.24 ms
[TIMING] Test leaf ID extraction: 45.15 ms
[TIMING] Proximity matrix accumulation: 149.57 ms
[TIMING] Neighbor sorting & quantiles: 16.41 ms
[TIMING] Total compute_uq: 211.40 ms
    [TIMING] UQ Calculation (Proximity_Baseline): 0.4578 s
[TIMING] Random Forest fit/check: 0.00 ms
[TIMING] OOB/In-bag index reconstruction: 182.14 ms
[TIMING] Leaf weights & density precomputation: 349.92 ms
[TIMING] Transfer structures to backend: 0.01 ms
[TIMING] Total fit: 532.08 ms
[TIMING] Test leaf ID extraction: 45.26 ms
[TIMING] Proximity matrix accumulation: 427.46 ms
[TIMING] Neighbor sorting & quantiles: 15.91 ms
[TIMING] Total compute_uq: 488.89 ms
    [TIMING] UQ Calculation (Proximity_Method_A): 1.0213 s
[TIMING] Random Forest fit/check: 0.00 ms
[TIMING] OOB/In-bag index reconstruction: 184.12 ms
[TIMING] Leaf weights & density precomputation: 342.79 ms
[TIMING] Transfer structures to backend: 0.01 ms
[TIMING] Total fit: 526.93 ms
[TIMING] Test leaf ID extraction: 45.03 ms
[TIMING] Proximity matrix accumulation: 428.63 ms
[TIMING] Neighbor sorting & quantiles: 8.52 ms
[TIMING] Total compute_uq: 482.42 ms
    [TIMING] UQ Calculation (Proximity_Method_B): 1.0105 s
[TIMING] Random Forest fit/check: 0.00 ms
[TIMING] OOB/In-bag index reconstruction: 188.35 ms
[TIMING] Leaf weights & density precomputation: 340.18 ms
[TIMING] Transfer structures to backend: 0.02 ms
[TIMING] Total fit: 528.55 ms
[TIMING] Test leaf ID extraction: 44.67 ms
[TIMING] Proximity matrix accumulation: 531.04 ms
[TIMING] Neighbor sorting & quantiles: 15.93 ms
[TIMING] Total compute_uq: 591.91 ms
[DEBUG DENSITY] mean walked density = 63.7565, min = 51.1701, max = 78.5437
    [TIMING] UQ Calculation (Proximity_Method_C): 1.1220 s
[TIMING] Random Forest fit/check: 0.00 ms
[TIMING] OOB/In-bag index reconstruction: 185.86 ms
[TIMING] Leaf weights & density precomputation: 346.25 ms
[TIMING] Transfer structures to backend: 0.02 ms
[TIMING] Total fit: 532.13 ms
[TIMING] Test leaf ID extraction: 44.62 ms
[TIMING] Proximity matrix accumulation: 531.87 ms
[TIMING] Neighbor sorting & quantiles: 8.61 ms
[TIMING] Total compute_uq: 585.36 ms
[DEBUG DENSITY] mean walked density = 63.7565, min = 51.1701, max = 78.5437
    [TIMING] UQ Calculation (Proximity_Method_B_C): 1.1188 s
    [TIMING] Metrics Calculation: 0.0729 s
    [TIMING] Total Single Evaluation: 5.3251 s

  >>> Starting: Function=gaussian, Seed=3
    [TIMING] Data Generation: 0.0011 s
    [TIMING] Random Forest Fitting: 0.4634 s
    [TIMING] RF Predicting: 0.0435 s
    [TIMING] Base Aleatoric: 0.0411 s
[TIMING] Random Forest fit/check: 0.00 ms
[TIMING] OOB/In-bag index reconstruction: 176.69 ms
[TIMING] Leaf weights & density precomputation: 58.99 ms
[TIMING] Transfer structures to backend: 0.01 ms
[TIMING] Total fit: 235.70 ms
[TIMING] Test leaf ID extraction: 34.36 ms
[TIMING] Proximity matrix accumulation: 149.50 ms
[TIMING] Neighbor sorting & quantiles: 16.36 ms
[TIMING] Total compute_uq: 200.45 ms
    [TIMING] UQ Calculation (Proximity_Baseline): 0.4363 s
[TIMING] Random Forest fit/check: 0.00 ms
[TIMING] OOB/In-bag index reconstruction: 177.06 ms
[TIMING] Leaf weights & density precomputation: 329.87 ms
[TIMING] Transfer structures to backend: 0.02 ms
[TIMING] Total fit: 506.95 ms
[TIMING] Test leaf ID extraction: 34.66 ms
[TIMING] Proximity matrix accumulation: 427.63 ms
[TIMING] Neighbor sorting & quantiles: 15.92 ms
[TIMING] Total compute_uq: 478.45 ms
    [TIMING] UQ Calculation (Proximity_Method_A): 0.9857 s
[TIMING] Random Forest fit/check: 0.00 ms
[TIMING] OOB/In-bag index reconstruction: 187.35 ms
[TIMING] Leaf weights & density precomputation: 328.48 ms
[TIMING] Transfer structures to backend: 0.01 ms
[TIMING] Total fit: 515.85 ms
[TIMING] Test leaf ID extraction: 45.50 ms
[TIMING] Proximity matrix accumulation: 428.35 ms
[TIMING] Neighbor sorting & quantiles: 8.34 ms
[TIMING] Total compute_uq: 482.40 ms
    [TIMING] UQ Calculation (Proximity_Method_B): 0.9994 s
[TIMING] Random Forest fit/check: 0.00 ms
[TIMING] OOB/In-bag index reconstruction: 187.61 ms
[TIMING] Leaf weights & density precomputation: 323.57 ms
[TIMING] Transfer structures to backend: 0.01 ms
[TIMING] Total fit: 511.20 ms
[TIMING] Test leaf ID extraction: 45.22 ms
[TIMING] Proximity matrix accumulation: 530.83 ms
[TIMING] Neighbor sorting & quantiles: 15.90 ms
[TIMING] Total compute_uq: 592.19 ms
[DEBUG DENSITY] mean walked density = 65.3390, min = 57.2585, max = 71.8407
    [TIMING] UQ Calculation (Proximity_Method_C): 1.1048 s
[TIMING] Random Forest fit/check: 0.00 ms
[TIMING] OOB/In-bag index reconstruction: 186.30 ms
[TIMING] Leaf weights & density precomputation: 323.28 ms
[TIMING] Transfer structures to backend: 0.01 ms
[TIMING] Total fit: 509.60 ms
[TIMING] Test leaf ID extraction: 46.01 ms
[TIMING] Proximity matrix accumulation: 531.35 ms
[TIMING] Neighbor sorting & quantiles: 8.26 ms
[TIMING] Total compute_uq: 586.07 ms
[DEBUG DENSITY] mean walked density = 65.3390, min = 57.2585, max = 71.8407
    [TIMING] UQ Calculation (Proximity_Method_B_C): 1.0970 s
    [TIMING] Metrics Calculation: 0.0751 s
    [TIMING] Total Single Evaluation: 5.2477 s

  >>> Starting: Function=abs_sin, Seed=3
    [TIMING] Data Generation: 0.0011 s
    [TIMING] Random Forest Fitting: 0.4368 s
    [TIMING] RF Predicting: 0.0533 s
    [TIMING] Base Aleatoric: 0.0527 s
[TIMING] Random Forest fit/check: 0.00 ms
[TIMING] OOB/In-bag index reconstruction: 188.27 ms
[TIMING] Leaf weights & density precomputation: 58.72 ms
[TIMING] Transfer structures to backend: 0.01 ms
[TIMING] Total fit: 247.01 ms
[TIMING] Test leaf ID extraction: 45.27 ms
[TIMING] Proximity matrix accumulation: 149.45 ms
[TIMING] Neighbor sorting & quantiles: 16.53 ms
[TIMING] Total compute_uq: 211.50 ms
    [TIMING] UQ Calculation (Proximity_Baseline): 0.4586 s
[TIMING] Random Forest fit/check: 0.00 ms
[TIMING] OOB/In-bag index reconstruction: 186.90 ms
[TIMING] Leaf weights & density precomputation: 335.35 ms
[TIMING] Transfer structures to backend: 0.02 ms
[TIMING] Total fit: 522.26 ms
[TIMING] Test leaf ID extraction: 45.53 ms
[TIMING] Proximity matrix accumulation: 427.84 ms
[TIMING] Neighbor sorting & quantiles: 15.99 ms
[TIMING] Total compute_uq: 489.62 ms
    [TIMING] UQ Calculation (Proximity_Method_A): 1.0123 s
[TIMING] Random Forest fit/check: 0.00 ms
[TIMING] OOB/In-bag index reconstruction: 188.95 ms
[TIMING] Leaf weights & density precomputation: 333.18 ms
[TIMING] Transfer structures to backend: 0.01 ms
[TIMING] Total fit: 522.14 ms
[TIMING] Test leaf ID extraction: 45.80 ms
[TIMING] Proximity matrix accumulation: 428.06 ms
[TIMING] Neighbor sorting & quantiles: 8.41 ms
[TIMING] Total compute_uq: 482.45 ms
    [TIMING] UQ Calculation (Proximity_Method_B): 1.0057 s
[TIMING] Random Forest fit/check: 0.00 ms
[TIMING] OOB/In-bag index reconstruction: 186.42 ms
[TIMING] Leaf weights & density precomputation: 325.27 ms
[TIMING] Transfer structures to backend: 0.01 ms
[TIMING] Total fit: 511.70 ms
[TIMING] Test leaf ID extraction: 46.99 ms
[TIMING] Proximity matrix accumulation: 531.06 ms
[TIMING] Neighbor sorting & quantiles: 15.90 ms
[TIMING] Total compute_uq: 594.38 ms
[DEBUG DENSITY] mean walked density = 63.3773, min = 46.6799, max = 78.3269
    [TIMING] UQ Calculation (Proximity_Method_C): 1.1073 s
[TIMING] Random Forest fit/check: 0.00 ms
[TIMING] OOB/In-bag index reconstruction: 189.18 ms
[TIMING] Leaf weights & density precomputation: 339.88 ms
[TIMING] Transfer structures to backend: 0.01 ms
[TIMING] Total fit: 529.08 ms
[TIMING] Test leaf ID extraction: 45.99 ms
[TIMING] Proximity matrix accumulation: 531.96 ms
[TIMING] Neighbor sorting & quantiles: 8.36 ms
[TIMING] Total compute_uq: 586.74 ms
[DEBUG DENSITY] mean walked density = 63.3773, min = 46.6799, max = 78.3269
    [TIMING] UQ Calculation (Proximity_Method_B_C): 1.1173 s
    [TIMING] Metrics Calculation: 0.0676 s
    [TIMING] Total Single Evaluation: 5.3130 s

  >>> Starting: Function=sin_cos_sin, Seed=3
    [TIMING] Data Generation: 0.0024 s
    [TIMING] Random Forest Fitting: 0.5085 s
    [TIMING] RF Predicting: 0.0431 s
    [TIMING] Base Aleatoric: 0.0528 s
[TIMING] Random Forest fit/check: 0.00 ms
[TIMING] OOB/In-bag index reconstruction: 188.43 ms
[TIMING] Leaf weights & density precomputation: 61.47 ms
[TIMING] Transfer structures to backend: 0.01 ms
[TIMING] Total fit: 249.92 ms
[TIMING] Test leaf ID extraction: 45.62 ms
[TIMING] Proximity matrix accumulation: 231.82 ms
[TIMING] Neighbor sorting & quantiles: 22.95 ms
[TIMING] Total compute_uq: 300.62 ms
    [TIMING] UQ Calculation (Proximity_Baseline): 0.5507 s
[TIMING] Random Forest fit/check: 0.00 ms
[TIMING] OOB/In-bag index reconstruction: 185.23 ms
[TIMING] Leaf weights & density precomputation: 342.51 ms
[TIMING] Transfer structures to backend: 0.01 ms
[TIMING] Total fit: 527.75 ms
[TIMING] Test leaf ID extraction: 45.89 ms
[TIMING] Proximity matrix accumulation: 702.99 ms
[TIMING] Neighbor sorting & quantiles: 22.39 ms
[TIMING] Total compute_uq: 771.51 ms
    [TIMING] UQ Calculation (Proximity_Method_A): 1.2996 s
[TIMING] Random Forest fit/check: 0.00 ms
[TIMING] OOB/In-bag index reconstruction: 191.44 ms
[TIMING] Leaf weights & density precomputation: 347.98 ms
[TIMING] Transfer structures to backend: 0.02 ms
[TIMING] Total fit: 539.44 ms
[TIMING] Test leaf ID extraction: 47.04 ms
[TIMING] Proximity matrix accumulation: 701.35 ms
[TIMING] Neighbor sorting & quantiles: 9.88 ms
[TIMING] Total compute_uq: 758.49 ms
    [TIMING] UQ Calculation (Proximity_Method_B): 1.2991 s
[TIMING] Random Forest fit/check: 0.00 ms
[TIMING] OOB/In-bag index reconstruction: 190.06 ms
[TIMING] Leaf weights & density precomputation: 341.96 ms
[TIMING] Transfer structures to backend: 0.01 ms
[TIMING] Total fit: 532.04 ms
[TIMING] Test leaf ID extraction: 46.07 ms
[TIMING] Proximity matrix accumulation: 865.66 ms
[TIMING] Neighbor sorting & quantiles: 22.34 ms
[TIMING] Total compute_uq: 934.31 ms
[DEBUG DENSITY] mean walked density = 62.3403, min = 51.0682, max = 74.1948
    [TIMING] UQ Calculation (Proximity_Method_C): 1.4677 s
[TIMING] Random Forest fit/check: 0.00 ms
[TIMING] OOB/In-bag index reconstruction: 177.19 ms
[TIMING] Leaf weights & density precomputation: 352.14 ms
[TIMING] Transfer structures to backend: 0.01 ms
[TIMING] Total fit: 529.35 ms
[TIMING] Test leaf ID extraction: 34.76 ms
[TIMING] Proximity matrix accumulation: 862.31 ms
[TIMING] Neighbor sorting & quantiles: 10.33 ms
[TIMING] Total compute_uq: 907.66 ms
[DEBUG DENSITY] mean walked density = 62.3403, min = 51.0682, max = 74.1948
    [TIMING] UQ Calculation (Proximity_Method_B_C): 1.4384 s
    [TIMING] Metrics Calculation: 0.0728 s
    [TIMING] Total Single Evaluation: 6.7354 s

  >>> Starting: Function=quadratic_3d, Seed=3
    [TIMING] Data Generation: 0.0019 s
    [TIMING] Random Forest Fitting: 0.5226 s
    [TIMING] RF Predicting: 0.0433 s
    [TIMING] Base Aleatoric: 0.0430 s
[TIMING] Random Forest fit/check: 0.00 ms
[TIMING] OOB/In-bag index reconstruction: 189.95 ms
[TIMING] Leaf weights & density precomputation: 61.85 ms
[TIMING] Transfer structures to backend: 0.02 ms
[TIMING] Total fit: 251.81 ms
[TIMING] Test leaf ID extraction: 34.95 ms
[TIMING] Proximity matrix accumulation: 231.86 ms
[TIMING] Neighbor sorting & quantiles: 22.91 ms
[TIMING] Total compute_uq: 289.96 ms
    [TIMING] UQ Calculation (Proximity_Baseline): 0.5419 s
[TIMING] Random Forest fit/check: 0.00 ms
[TIMING] OOB/In-bag index reconstruction: 178.37 ms
[TIMING] Leaf weights & density precomputation: 345.79 ms
[TIMING] Transfer structures to backend: 0.02 ms
[TIMING] Total fit: 524.17 ms
[TIMING] Test leaf ID extraction: 45.73 ms
[TIMING] Proximity matrix accumulation: 701.67 ms
[TIMING] Neighbor sorting & quantiles: 22.46 ms
[TIMING] Total compute_uq: 770.11 ms
    [TIMING] UQ Calculation (Proximity_Method_A): 1.2947 s
[TIMING] Random Forest fit/check: 0.00 ms
[TIMING] OOB/In-bag index reconstruction: 190.15 ms
[TIMING] Leaf weights & density precomputation: 343.43 ms
[TIMING] Transfer structures to backend: 0.02 ms
[TIMING] Total fit: 533.59 ms
[TIMING] Test leaf ID extraction: 46.38 ms
[TIMING] Proximity matrix accumulation: 701.13 ms
[TIMING] Neighbor sorting & quantiles: 10.04 ms
[TIMING] Total compute_uq: 757.79 ms
    [TIMING] UQ Calculation (Proximity_Method_B): 1.2924 s
[TIMING] Random Forest fit/check: 0.00 ms
[TIMING] OOB/In-bag index reconstruction: 190.85 ms
[TIMING] Leaf weights & density precomputation: 344.11 ms
[TIMING] Transfer structures to backend: 0.02 ms
[TIMING] Total fit: 534.98 ms
[TIMING] Test leaf ID extraction: 45.11 ms
[TIMING] Proximity matrix accumulation: 865.86 ms
[TIMING] Neighbor sorting & quantiles: 22.33 ms
[TIMING] Total compute_uq: 933.76 ms
[DEBUG DENSITY] mean walked density = 64.7255, min = 58.2856, max = 71.0252
    [TIMING] UQ Calculation (Proximity_Method_C): 1.4703 s
[TIMING] Random Forest fit/check: 0.00 ms
[TIMING] OOB/In-bag index reconstruction: 172.43 ms
[TIMING] Leaf weights & density precomputation: 349.06 ms
[TIMING] Transfer structures to backend: 0.02 ms
[TIMING] Total fit: 521.51 ms
[TIMING] Test leaf ID extraction: 36.50 ms
[TIMING] Proximity matrix accumulation: 863.94 ms
[TIMING] Neighbor sorting & quantiles: 10.35 ms
[TIMING] Total compute_uq: 911.04 ms
[DEBUG DENSITY] mean walked density = 64.7255, min = 58.2856, max = 71.0252
    [TIMING] UQ Calculation (Proximity_Method_B_C): 1.4340 s
    [TIMING] Metrics Calculation: 0.0800 s
    [TIMING] Total Single Evaluation: 6.7244 s

  >>> Starting: Function=sin_sum_3d, Seed=3
    [TIMING] Data Generation: 0.0021 s
    [TIMING] Random Forest Fitting: 0.5103 s
    [TIMING] RF Predicting: 0.0426 s
    [TIMING] Base Aleatoric: 0.0414 s
[TIMING] Random Forest fit/check: 0.00 ms
[TIMING] OOB/In-bag index reconstruction: 176.57 ms
[TIMING] Leaf weights & density precomputation: 61.45 ms
[TIMING] Transfer structures to backend: 0.01 ms
[TIMING] Total fit: 238.03 ms
[TIMING] Test leaf ID extraction: 34.74 ms
[TIMING] Proximity matrix accumulation: 231.80 ms
[TIMING] Neighbor sorting & quantiles: 22.94 ms
[TIMING] Total compute_uq: 289.72 ms
    [TIMING] UQ Calculation (Proximity_Baseline): 0.5279 s
[TIMING] Random Forest fit/check: 0.00 ms
[TIMING] OOB/In-bag index reconstruction: 176.17 ms
[TIMING] Leaf weights & density precomputation: 341.46 ms
[TIMING] Transfer structures to backend: 0.01 ms
[TIMING] Total fit: 517.64 ms
[TIMING] Test leaf ID extraction: 34.41 ms
[TIMING] Proximity matrix accumulation: 700.81 ms
[TIMING] Neighbor sorting & quantiles: 22.33 ms
[TIMING] Total compute_uq: 757.80 ms
    [TIMING] UQ Calculation (Proximity_Method_A): 1.2758 s
[TIMING] Random Forest fit/check: 0.00 ms
[TIMING] OOB/In-bag index reconstruction: 173.93 ms
[TIMING] Leaf weights & density precomputation: 340.49 ms
[TIMING] Transfer structures to backend: 0.01 ms
[TIMING] Total fit: 514.44 ms
[TIMING] Test leaf ID extraction: 34.97 ms
[TIMING] Proximity matrix accumulation: 702.13 ms
[TIMING] Neighbor sorting & quantiles: 9.56 ms
[TIMING] Total compute_uq: 746.91 ms
    [TIMING] UQ Calculation (Proximity_Method_B): 1.2624 s
[TIMING] Random Forest fit/check: 0.00 ms
[TIMING] OOB/In-bag index reconstruction: 171.34 ms
[TIMING] Leaf weights & density precomputation: 336.11 ms
[TIMING] Transfer structures to backend: 0.01 ms
[TIMING] Total fit: 507.47 ms
[TIMING] Test leaf ID extraction: 34.95 ms
[TIMING] Proximity matrix accumulation: 864.77 ms
[TIMING] Neighbor sorting & quantiles: 22.33 ms
[TIMING] Total compute_uq: 922.30 ms
[DEBUG DENSITY] mean walked density = 64.2632, min = 53.1545, max = 71.8924
    [TIMING] UQ Calculation (Proximity_Method_C): 1.4310 s
[TIMING] Random Forest fit/check: 0.00 ms
[TIMING] OOB/In-bag index reconstruction: 173.07 ms
[TIMING] Leaf weights & density precomputation: 337.72 ms
[TIMING] Transfer structures to backend: 0.02 ms
[TIMING] Total fit: 510.80 ms
[TIMING] Test leaf ID extraction: 34.77 ms
[TIMING] Proximity matrix accumulation: 864.79 ms
[TIMING] Neighbor sorting & quantiles: 10.39 ms
[TIMING] Total compute_uq: 910.20 ms
[DEBUG DENSITY] mean walked density = 64.2632, min = 53.1545, max = 71.8924
    [TIMING] UQ Calculation (Proximity_Method_B_C): 1.4223 s
    [TIMING] Metrics Calculation: 0.0739 s
    [TIMING] Total Single Evaluation: 6.5901 s

  >>> Starting: Function=gaussian_3d, Seed=3
    [TIMING] Data Generation: 0.0019 s
    [TIMING] Random Forest Fitting: 0.5197 s
    [TIMING] RF Predicting: 0.0433 s
    [TIMING] Base Aleatoric: 0.0417 s
[TIMING] Random Forest fit/check: 0.00 ms
[TIMING] OOB/In-bag index reconstruction: 179.72 ms
[TIMING] Leaf weights & density precomputation: 62.25 ms
[TIMING] Transfer structures to backend: 0.02 ms
[TIMING] Total fit: 241.99 ms
[TIMING] Test leaf ID extraction: 56.98 ms
[TIMING] Proximity matrix accumulation: 231.84 ms
[TIMING] Neighbor sorting & quantiles: 23.03 ms
[TIMING] Total compute_uq: 312.10 ms
    [TIMING] UQ Calculation (Proximity_Baseline): 0.5543 s
[TIMING] Random Forest fit/check: 0.00 ms
[TIMING] OOB/In-bag index reconstruction: 170.75 ms
[TIMING] Leaf weights & density precomputation: 349.96 ms
[TIMING] Transfer structures to backend: 0.02 ms
[TIMING] Total fit: 520.73 ms
[TIMING] Test leaf ID extraction: 34.77 ms
[TIMING] Proximity matrix accumulation: 700.78 ms
[TIMING] Neighbor sorting & quantiles: 22.39 ms
[TIMING] Total compute_uq: 758.20 ms
    [TIMING] UQ Calculation (Proximity_Method_A): 1.2794 s
[TIMING] Random Forest fit/check: 0.00 ms
[TIMING] OOB/In-bag index reconstruction: 218.71 ms
[TIMING] Leaf weights & density precomputation: 359.10 ms
[TIMING] Transfer structures to backend: 0.02 ms
[TIMING] Total fit: 577.83 ms
[TIMING] Test leaf ID extraction: 45.92 ms
[TIMING] Proximity matrix accumulation: 701.35 ms
[TIMING] Neighbor sorting & quantiles: 10.17 ms
[TIMING] Total compute_uq: 757.67 ms
    [TIMING] UQ Calculation (Proximity_Method_B): 1.3367 s
[TIMING] Random Forest fit/check: 0.00 ms
[TIMING] OOB/In-bag index reconstruction: 172.75 ms
[TIMING] Leaf weights & density precomputation: 343.96 ms
[TIMING] Transfer structures to backend: 0.01 ms
[TIMING] Total fit: 516.73 ms
[TIMING] Test leaf ID extraction: 35.55 ms
[TIMING] Proximity matrix accumulation: 865.72 ms
[TIMING] Neighbor sorting & quantiles: 22.34 ms
[TIMING] Total compute_uq: 923.86 ms
[DEBUG DENSITY] mean walked density = 63.9404, min = 55.6342, max = 71.7547
    [TIMING] UQ Calculation (Proximity_Method_C): 1.4419 s
[TIMING] Random Forest fit/check: 0.00 ms
[TIMING] OOB/In-bag index reconstruction: 168.17 ms
[TIMING] Leaf weights & density precomputation: 352.24 ms
[TIMING] Transfer structures to backend: 0.01 ms
[TIMING] Total fit: 520.43 ms
[TIMING] Test leaf ID extraction: 34.66 ms
[TIMING] Proximity matrix accumulation: 862.83 ms
[TIMING] Neighbor sorting & quantiles: 9.77 ms
[TIMING] Total compute_uq: 907.52 ms
[DEBUG DENSITY] mean walked density = 63.9404, min = 55.6342, max = 71.7547
    [TIMING] UQ Calculation (Proximity_Method_B_C): 1.4292 s
    [TIMING] Metrics Calculation: 0.0777 s
    [TIMING] Total Single Evaluation: 6.7260 s

  >>> Starting: Function=sin_exp_cos, Seed=3
    [TIMING] Data Generation: 0.0022 s
    [TIMING] Random Forest Fitting: 0.5070 s
    [TIMING] RF Predicting: 0.0536 s
    [TIMING] Base Aleatoric: 0.0428 s
[TIMING] Random Forest fit/check: 0.00 ms
[TIMING] OOB/In-bag index reconstruction: 178.40 ms
[TIMING] Leaf weights & density precomputation: 61.66 ms
[TIMING] Transfer structures to backend: 0.02 ms
[TIMING] Total fit: 240.08 ms
[TIMING] Test leaf ID extraction: 34.12 ms
[TIMING] Proximity matrix accumulation: 231.77 ms
[TIMING] Neighbor sorting & quantiles: 23.00 ms
[TIMING] Total compute_uq: 289.14 ms
    [TIMING] UQ Calculation (Proximity_Baseline): 0.5294 s
[TIMING] Random Forest fit/check: 0.00 ms
[TIMING] OOB/In-bag index reconstruction: 172.45 ms
[TIMING] Leaf weights & density precomputation: 366.28 ms
[TIMING] Transfer structures to backend: 0.01 ms
[TIMING] Total fit: 538.75 ms
[TIMING] Test leaf ID extraction: 35.68 ms
[TIMING] Proximity matrix accumulation: 700.64 ms
[TIMING] Neighbor sorting & quantiles: 22.34 ms
[TIMING] Total compute_uq: 758.92 ms
    [TIMING] UQ Calculation (Proximity_Method_A): 1.2980 s
[TIMING] Random Forest fit/check: 0.00 ms
[TIMING] OOB/In-bag index reconstruction: 173.33 ms
[TIMING] Leaf weights & density precomputation: 348.96 ms
[TIMING] Transfer structures to backend: 0.01 ms
[TIMING] Total fit: 522.31 ms
[TIMING] Test leaf ID extraction: 35.05 ms
[TIMING] Proximity matrix accumulation: 701.43 ms
[TIMING] Neighbor sorting & quantiles: 9.84 ms
[TIMING] Total compute_uq: 746.54 ms
    [TIMING] UQ Calculation (Proximity_Method_B): 1.2699 s
[TIMING] Random Forest fit/check: 0.00 ms
[TIMING] OOB/In-bag index reconstruction: 181.50 ms
[TIMING] Leaf weights & density precomputation: 342.82 ms
[TIMING] Transfer structures to backend: 0.01 ms
[TIMING] Total fit: 524.34 ms
[TIMING] Test leaf ID extraction: 35.39 ms
[TIMING] Proximity matrix accumulation: 866.14 ms
[TIMING] Neighbor sorting & quantiles: 22.33 ms
[TIMING] Total compute_uq: 924.11 ms
[DEBUG DENSITY] mean walked density = 64.3386, min = 54.3113, max = 70.6391
    [TIMING] UQ Calculation (Proximity_Method_C): 1.4497 s
[TIMING] Random Forest fit/check: 0.00 ms
[TIMING] OOB/In-bag index reconstruction: 172.18 ms
[TIMING] Leaf weights & density precomputation: 343.44 ms
[TIMING] Transfer structures to backend: 0.01 ms
[TIMING] Total fit: 515.64 ms
[TIMING] Test leaf ID extraction: 34.58 ms
[TIMING] Proximity matrix accumulation: 862.26 ms
[TIMING] Neighbor sorting & quantiles: 10.39 ms
[TIMING] Total compute_uq: 907.69 ms
[DEBUG DENSITY] mean walked density = 64.3386, min = 54.3113, max = 70.6391
    [TIMING] UQ Calculation (Proximity_Method_B_C): 1.4247 s
    [TIMING] Metrics Calculation: 0.0830 s
    [TIMING] Total Single Evaluation: 6.6606 s

  >>> Starting: Function=sin_cos_4d, Seed=3
    [TIMING] Data Generation: 0.0038 s
    [TIMING] Random Forest Fitting: 0.9400 s
    [TIMING] RF Predicting: 0.0433 s
    [TIMING] Base Aleatoric: 0.0541 s
[TIMING] Random Forest fit/check: 0.00 ms
[TIMING] OOB/In-bag index reconstruction: 180.73 ms
[TIMING] Leaf weights & density precomputation: 68.10 ms
[TIMING] Transfer structures to backend: 0.02 ms
[TIMING] Total fit: 248.85 ms
[TIMING] Test leaf ID extraction: 35.35 ms
[TIMING] Proximity matrix accumulation: 459.54 ms
[TIMING] Neighbor sorting & quantiles: 39.49 ms
[TIMING] Total compute_uq: 534.65 ms
    [TIMING] UQ Calculation (Proximity_Baseline): 0.7837 s
[TIMING] Random Forest fit/check: 0.00 ms
[TIMING] OOB/In-bag index reconstruction: 191.13 ms
[TIMING] Leaf weights & density precomputation: 414.91 ms
[TIMING] Transfer structures to backend: 0.01 ms
[TIMING] Total fit: 606.06 ms
[TIMING] Test leaf ID extraction: 35.35 ms
[TIMING] Proximity matrix accumulation: 1262.48 ms
[TIMING] Neighbor sorting & quantiles: 38.57 ms
[TIMING] Total compute_uq: 1336.67 ms
    [TIMING] UQ Calculation (Proximity_Method_A): 1.9431 s
[TIMING] Random Forest fit/check: 0.00 ms
[TIMING] OOB/In-bag index reconstruction: 180.54 ms
[TIMING] Leaf weights & density precomputation: 418.38 ms
[TIMING] Transfer structures to backend: 0.01 ms
[TIMING] Total fit: 598.94 ms
[TIMING] Test leaf ID extraction: 57.20 ms
[TIMING] Proximity matrix accumulation: 1259.46 ms
[TIMING] Neighbor sorting & quantiles: 13.71 ms
[TIMING] Total compute_uq: 1330.61 ms
    [TIMING] UQ Calculation (Proximity_Method_B): 1.9307 s
[TIMING] Random Forest fit/check: 0.00 ms
[TIMING] OOB/In-bag index reconstruction: 183.40 ms
[TIMING] Leaf weights & density precomputation: 412.16 ms
[TIMING] Transfer structures to backend: 0.02 ms
[TIMING] Total fit: 595.58 ms
[TIMING] Test leaf ID extraction: 45.71 ms
[TIMING] Proximity matrix accumulation: 1559.34 ms
[TIMING] Neighbor sorting & quantiles: 38.57 ms
[TIMING] Total compute_uq: 1643.90 ms
[DEBUG DENSITY] mean walked density = 63.4922, min = 55.0745, max = 67.9986
    [TIMING] UQ Calculation (Proximity_Method_C): 2.2409 s
[TIMING] Random Forest fit/check: 0.00 ms
[TIMING] OOB/In-bag index reconstruction: 187.82 ms
[TIMING] Leaf weights & density precomputation: 414.04 ms
[TIMING] Transfer structures to backend: 0.02 ms
[TIMING] Total fit: 601.88 ms
[TIMING] Test leaf ID extraction: 46.34 ms
[TIMING] Proximity matrix accumulation: 1556.86 ms
[TIMING] Neighbor sorting & quantiles: 13.42 ms
[TIMING] Total compute_uq: 1616.90 ms
[DEBUG DENSITY] mean walked density = 63.4922, min = 55.0745, max = 67.9986
    [TIMING] UQ Calculation (Proximity_Method_B_C): 2.2202 s
    [TIMING] Metrics Calculation: 0.0888 s
    [TIMING] Total Single Evaluation: 10.2489 s

  >>> Starting: Function=quadratic_4d, Seed=3
    [TIMING] Data Generation: 0.0028 s
    [TIMING] Random Forest Fitting: 0.7390 s
    [TIMING] RF Predicting: 0.0429 s
    [TIMING] Base Aleatoric: 0.0441 s
[TIMING] Random Forest fit/check: 0.00 ms
[TIMING] OOB/In-bag index reconstruction: 191.13 ms
[TIMING] Leaf weights & density precomputation: 68.50 ms
[TIMING] Transfer structures to backend: 0.02 ms
[TIMING] Total fit: 259.65 ms
[TIMING] Test leaf ID extraction: 35.47 ms
[TIMING] Proximity matrix accumulation: 459.16 ms
[TIMING] Neighbor sorting & quantiles: 39.63 ms
[TIMING] Total compute_uq: 534.55 ms
    [TIMING] UQ Calculation (Proximity_Baseline): 0.7944 s
[TIMING] Random Forest fit/check: 0.00 ms
[TIMING] OOB/In-bag index reconstruction: 180.84 ms
[TIMING] Leaf weights & density precomputation: 384.68 ms
[TIMING] Transfer structures to backend: 0.02 ms
[TIMING] Total fit: 565.54 ms
[TIMING] Test leaf ID extraction: 35.31 ms
[TIMING] Proximity matrix accumulation: 1263.06 ms
[TIMING] Neighbor sorting & quantiles: 38.52 ms
[TIMING] Total compute_uq: 1337.16 ms
    [TIMING] UQ Calculation (Proximity_Method_A): 1.9030 s
[TIMING] Random Forest fit/check: 0.00 ms
[TIMING] OOB/In-bag index reconstruction: 190.32 ms
[TIMING] Leaf weights & density precomputation: 389.03 ms
[TIMING] Transfer structures to backend: 0.02 ms
[TIMING] Total fit: 579.37 ms
[TIMING] Test leaf ID extraction: 35.62 ms
[TIMING] Proximity matrix accumulation: 1259.73 ms
[TIMING] Neighbor sorting & quantiles: 13.58 ms
[TIMING] Total compute_uq: 1309.19 ms
    [TIMING] UQ Calculation (Proximity_Method_B): 1.8897 s
[TIMING] Random Forest fit/check: 0.00 ms
[TIMING] OOB/In-bag index reconstruction: 182.43 ms
[TIMING] Leaf weights & density precomputation: 389.47 ms
[TIMING] Transfer structures to backend: 0.01 ms
[TIMING] Total fit: 571.92 ms
[TIMING] Test leaf ID extraction: 35.37 ms
[TIMING] Proximity matrix accumulation: 1560.67 ms
[TIMING] Neighbor sorting & quantiles: 38.56 ms
[TIMING] Total compute_uq: 1634.87 ms
[DEBUG DENSITY] mean walked density = 64.1987, min = 56.7845, max = 68.6848
    [TIMING] UQ Calculation (Proximity_Method_C): 2.2082 s
[TIMING] Random Forest fit/check: 0.01 ms
[TIMING] OOB/In-bag index reconstruction: 171.90 ms
[TIMING] Leaf weights & density precomputation: 377.46 ms
[TIMING] Transfer structures to backend: 0.02 ms
[TIMING] Total fit: 549.39 ms
[TIMING] Test leaf ID extraction: 45.39 ms
[TIMING] Proximity matrix accumulation: 1557.30 ms
[TIMING] Neighbor sorting & quantiles: 13.27 ms
[TIMING] Total compute_uq: 1616.22 ms
[DEBUG DENSITY] mean walked density = 64.1987, min = 56.7845, max = 68.6848
    [TIMING] UQ Calculation (Proximity_Method_B_C): 2.1670 s
    [TIMING] Metrics Calculation: 0.0922 s
    [TIMING] Total Single Evaluation: 9.8836 s

  >>> Starting: Function=sin_sum_4d, Seed=3
    [TIMING] Data Generation: 0.0032 s
    [TIMING] Random Forest Fitting: 0.7805 s
    [TIMING] RF Predicting: 0.0433 s
    [TIMING] Base Aleatoric: 0.0448 s
[TIMING] Random Forest fit/check: 0.00 ms
[TIMING] OOB/In-bag index reconstruction: 190.81 ms
[TIMING] Leaf weights & density precomputation: 68.45 ms
[TIMING] Transfer structures to backend: 0.02 ms
[TIMING] Total fit: 259.28 ms
[TIMING] Test leaf ID extraction: 46.23 ms
[TIMING] Proximity matrix accumulation: 459.13 ms
[TIMING] Neighbor sorting & quantiles: 39.64 ms
[TIMING] Total compute_uq: 545.28 ms
    [TIMING] UQ Calculation (Proximity_Baseline): 0.8047 s
[TIMING] Random Forest fit/check: 0.00 ms
[TIMING] OOB/In-bag index reconstruction: 187.33 ms
[TIMING] Leaf weights & density precomputation: 395.56 ms
[TIMING] Transfer structures to backend: 0.02 ms
[TIMING] Total fit: 582.90 ms
[TIMING] Test leaf ID extraction: 45.74 ms
[TIMING] Proximity matrix accumulation: 1261.32 ms
[TIMING] Neighbor sorting & quantiles: 38.56 ms
[TIMING] Total compute_uq: 1345.90 ms
    [TIMING] UQ Calculation (Proximity_Method_A): 1.9293 s
[TIMING] Random Forest fit/check: 0.01 ms
[TIMING] OOB/In-bag index reconstruction: 188.20 ms
[TIMING] Leaf weights & density precomputation: 399.33 ms
[TIMING] Transfer structures to backend: 0.02 ms
[TIMING] Total fit: 587.55 ms
[TIMING] Test leaf ID extraction: 45.87 ms
[TIMING] Proximity matrix accumulation: 1259.42 ms
[TIMING] Neighbor sorting & quantiles: 13.46 ms
[TIMING] Total compute_uq: 1319.03 ms
    [TIMING] UQ Calculation (Proximity_Method_B): 1.9077 s
[TIMING] Random Forest fit/check: 0.00 ms
[TIMING] OOB/In-bag index reconstruction: 188.18 ms
[TIMING] Leaf weights & density precomputation: 449.99 ms
[TIMING] Transfer structures to backend: 0.02 ms
[TIMING] Total fit: 638.19 ms
[TIMING] Test leaf ID extraction: 45.63 ms
[TIMING] Proximity matrix accumulation: 1559.05 ms
[TIMING] Neighbor sorting & quantiles: 38.56 ms
[TIMING] Total compute_uq: 1643.53 ms
[DEBUG DENSITY] mean walked density = 64.3102, min = 52.1237, max = 70.9482
    [TIMING] UQ Calculation (Proximity_Method_C): 2.2831 s
[TIMING] Random Forest fit/check: 0.00 ms
[TIMING] OOB/In-bag index reconstruction: 187.04 ms
[TIMING] Leaf weights & density precomputation: 402.14 ms
[TIMING] Transfer structures to backend: 0.01 ms
[TIMING] Total fit: 589.19 ms
[TIMING] Test leaf ID extraction: 45.88 ms
[TIMING] Proximity matrix accumulation: 1557.24 ms
[TIMING] Neighbor sorting & quantiles: 13.39 ms
[TIMING] Total compute_uq: 1616.79 ms
[DEBUG DENSITY] mean walked density = 64.3102, min = 52.1237, max = 70.9482
    [TIMING] UQ Calculation (Proximity_Method_B_C): 2.2074 s
    [TIMING] Metrics Calculation: 0.1240 s
    [TIMING] Total Single Evaluation: 10.1283 s

  >>> Starting: Function=sin_cos_5d, Seed=3
    [TIMING] Data Generation: 0.0074 s
    [TIMING] Random Forest Fitting: 1.4168 s
    [TIMING] RF Predicting: 0.0425 s
    [TIMING] Base Aleatoric: 0.0624 s
[TIMING] Random Forest fit/check: 0.00 ms
[TIMING] OOB/In-bag index reconstruction: 240.68 ms
[TIMING] Leaf weights & density precomputation: 74.37 ms
[TIMING] Transfer structures to backend: 0.02 ms
[TIMING] Total fit: 315.07 ms
[TIMING] Test leaf ID extraction: 45.36 ms
[TIMING] Proximity matrix accumulation: 748.67 ms
[TIMING] Neighbor sorting & quantiles: 63.20 ms
[TIMING] Total compute_uq: 857.55 ms
    [TIMING] UQ Calculation (Proximity_Baseline): 1.1728 s
[TIMING] Random Forest fit/check: 0.00 ms
[TIMING] OOB/In-bag index reconstruction: 220.76 ms
[TIMING] Leaf weights & density precomputation: 477.38 ms
[TIMING] Transfer structures to backend: 0.02 ms
[TIMING] Total fit: 698.15 ms
[TIMING] Test leaf ID extraction: 46.26 ms
[TIMING] Proximity matrix accumulation: 1964.83 ms
[TIMING] Neighbor sorting & quantiles: 62.23 ms
[TIMING] Total compute_uq: 2073.63 ms
    [TIMING] UQ Calculation (Proximity_Method_A): 2.7722 s
[TIMING] Random Forest fit/check: 0.00 ms
[TIMING] OOB/In-bag index reconstruction: 223.98 ms
[TIMING] Leaf weights & density precomputation: 486.89 ms
[TIMING] Transfer structures to backend: 0.02 ms
[TIMING] Total fit: 710.89 ms
[TIMING] Test leaf ID extraction: 45.79 ms
[TIMING] Proximity matrix accumulation: 1961.78 ms
[TIMING] Neighbor sorting & quantiles: 18.61 ms
[TIMING] Total compute_uq: 2026.47 ms
    [TIMING] UQ Calculation (Proximity_Method_B): 2.7386 s
[TIMING] Random Forest fit/check: 0.00 ms
[TIMING] OOB/In-bag index reconstruction: 223.15 ms
[TIMING] Leaf weights & density precomputation: 520.96 ms
[TIMING] Transfer structures to backend: 0.02 ms
[TIMING] Total fit: 744.13 ms
[TIMING] Test leaf ID extraction: 46.10 ms
[TIMING] Proximity matrix accumulation: 2442.60 ms
[TIMING] Neighbor sorting & quantiles: 62.28 ms
[TIMING] Total compute_uq: 2551.30 ms
[DEBUG DENSITY] mean walked density = 63.9930, min = 59.0544, max = 68.4218
    [TIMING] UQ Calculation (Proximity_Method_C): 3.2969 s
[TIMING] Random Forest fit/check: 0.00 ms
[TIMING] OOB/In-bag index reconstruction: 220.76 ms
[TIMING] Leaf weights & density precomputation: 482.89 ms
[TIMING] Transfer structures to backend: 0.02 ms
[TIMING] Total fit: 703.66 ms
[TIMING] Test leaf ID extraction: 46.14 ms
[TIMING] Proximity matrix accumulation: 2442.45 ms
[TIMING] Neighbor sorting & quantiles: 20.40 ms
[TIMING] Total compute_uq: 2509.34 ms
[DEBUG DENSITY] mean walked density = 63.9930, min = 59.0544, max = 68.4218
    [TIMING] UQ Calculation (Proximity_Method_B_C): 3.2145 s
    [TIMING] Metrics Calculation: 0.1263 s
    [TIMING] Total Single Evaluation: 14.8510 s

  >>> Starting: Function=quadratic_5d, Seed=3
    [TIMING] Data Generation: 0.0062 s
    [TIMING] Random Forest Fitting: 1.1324 s
    [TIMING] RF Predicting: 0.0427 s
    [TIMING] Base Aleatoric: 0.0674 s
[TIMING] Random Forest fit/check: 0.00 ms
[TIMING] OOB/In-bag index reconstruction: 230.97 ms
[TIMING] Leaf weights & density precomputation: 74.05 ms
[TIMING] Transfer structures to backend: 0.02 ms
[TIMING] Total fit: 305.03 ms
[TIMING] Test leaf ID extraction: 47.31 ms
[TIMING] Proximity matrix accumulation: 748.42 ms
[TIMING] Neighbor sorting & quantiles: 63.69 ms
[TIMING] Total compute_uq: 859.72 ms
    [TIMING] UQ Calculation (Proximity_Baseline): 1.1650 s
[TIMING] Random Forest fit/check: 0.00 ms
[TIMING] OOB/In-bag index reconstruction: 230.18 ms
[TIMING] Leaf weights & density precomputation: 448.76 ms
[TIMING] Transfer structures to backend: 0.02 ms
[TIMING] Total fit: 678.96 ms
[TIMING] Test leaf ID extraction: 47.20 ms
[TIMING] Proximity matrix accumulation: 1963.60 ms
[TIMING] Neighbor sorting & quantiles: 62.35 ms
[TIMING] Total compute_uq: 2073.43 ms
    [TIMING] UQ Calculation (Proximity_Method_A): 2.7528 s
[TIMING] Random Forest fit/check: 0.00 ms
[TIMING] OOB/In-bag index reconstruction: 227.07 ms
[TIMING] Leaf weights & density precomputation: 445.21 ms
[TIMING] Transfer structures to backend: 0.02 ms
[TIMING] Total fit: 672.30 ms
[TIMING] Test leaf ID extraction: 46.46 ms
[TIMING] Proximity matrix accumulation: 1962.05 ms
[TIMING] Neighbor sorting & quantiles: 19.52 ms
[TIMING] Total compute_uq: 2028.32 ms
    [TIMING] UQ Calculation (Proximity_Method_B): 2.7018 s
[TIMING] Random Forest fit/check: 0.00 ms
[TIMING] OOB/In-bag index reconstruction: 240.24 ms
[TIMING] Leaf weights & density precomputation: 447.92 ms
[TIMING] Transfer structures to backend: 0.02 ms
[TIMING] Total fit: 688.18 ms
[TIMING] Test leaf ID extraction: 46.10 ms
[TIMING] Proximity matrix accumulation: 2442.27 ms
[TIMING] Neighbor sorting & quantiles: 62.29 ms
[TIMING] Total compute_uq: 2551.01 ms
[DEBUG DENSITY] mean walked density = 63.6902, min = 53.6203, max = 68.4089
    [TIMING] UQ Calculation (Proximity_Method_C): 3.2407 s
[TIMING] Random Forest fit/check: 0.00 ms
[TIMING] OOB/In-bag index reconstruction: 217.81 ms
[TIMING] Leaf weights & density precomputation: 457.14 ms
[TIMING] Transfer structures to backend: 0.02 ms
[TIMING] Total fit: 674.97 ms
[TIMING] Test leaf ID extraction: 47.97 ms
[TIMING] Proximity matrix accumulation: 2442.15 ms
[TIMING] Neighbor sorting & quantiles: 19.27 ms
[TIMING] Total compute_uq: 2509.67 ms
[DEBUG DENSITY] mean walked density = 63.6902, min = 53.6203, max = 68.4089
    [TIMING] UQ Calculation (Proximity_Method_B_C): 3.1863 s
    [TIMING] Metrics Calculation: 0.1316 s
    [TIMING] Total Single Evaluation: 14.4274 s

  >>> Starting: Function=gaussian_5d, Seed=3
    [TIMING] Data Generation: 0.0063 s
    [TIMING] Random Forest Fitting: 1.1091 s
    [TIMING] RF Predicting: 0.0532 s
    [TIMING] Base Aleatoric: 0.0580 s
[TIMING] Random Forest fit/check: 0.00 ms
[TIMING] OOB/In-bag index reconstruction: 228.54 ms
[TIMING] Leaf weights & density precomputation: 73.76 ms
[TIMING] Transfer structures to backend: 0.02 ms
[TIMING] Total fit: 302.31 ms
[TIMING] Test leaf ID extraction: 47.10 ms
[TIMING] Proximity matrix accumulation: 748.33 ms
[TIMING] Neighbor sorting & quantiles: 63.66 ms
[TIMING] Total compute_uq: 859.37 ms
    [TIMING] UQ Calculation (Proximity_Baseline): 1.1618 s
[TIMING] Random Forest fit/check: 0.00 ms
[TIMING] OOB/In-bag index reconstruction: 227.32 ms
[TIMING] Leaf weights & density precomputation: 451.35 ms
[TIMING] Transfer structures to backend: 0.02 ms
[TIMING] Total fit: 678.68 ms
[TIMING] Test leaf ID extraction: 47.41 ms
[TIMING] Proximity matrix accumulation: 1965.63 ms
[TIMING] Neighbor sorting & quantiles: 62.27 ms
[TIMING] Total compute_uq: 2075.63 ms
    [TIMING] UQ Calculation (Proximity_Method_A): 2.7548 s
[TIMING] Random Forest fit/check: 0.00 ms
[TIMING] OOB/In-bag index reconstruction: 228.52 ms
[TIMING] Leaf weights & density precomputation: 446.49 ms
[TIMING] Transfer structures to backend: 0.02 ms
[TIMING] Total fit: 675.02 ms
[TIMING] Test leaf ID extraction: 46.53 ms
[TIMING] Proximity matrix accumulation: 1963.09 ms
[TIMING] Neighbor sorting & quantiles: 19.42 ms
[TIMING] Total compute_uq: 2029.33 ms
    [TIMING] UQ Calculation (Proximity_Method_B): 2.7055 s
[TIMING] Random Forest fit/check: 0.00 ms
[TIMING] OOB/In-bag index reconstruction: 226.78 ms
[TIMING] Leaf weights & density precomputation: 448.90 ms
[TIMING] Transfer structures to backend: 0.03 ms
[TIMING] Total fit: 675.72 ms
[TIMING] Test leaf ID extraction: 57.79 ms
[TIMING] Proximity matrix accumulation: 2443.39 ms
[TIMING] Neighbor sorting & quantiles: 62.24 ms
[TIMING] Total compute_uq: 2563.73 ms
[DEBUG DENSITY] mean walked density = 63.7019, min = 57.8511, max = 71.6892
    [TIMING] UQ Calculation (Proximity_Method_C): 3.2411 s
[TIMING] Random Forest fit/check: 0.00 ms
[TIMING] OOB/In-bag index reconstruction: 220.98 ms
[TIMING] Leaf weights & density precomputation: 445.34 ms
[TIMING] Transfer structures to backend: 0.01 ms
[TIMING] Total fit: 666.35 ms
[TIMING] Test leaf ID extraction: 46.36 ms
[TIMING] Proximity matrix accumulation: 2444.08 ms
[TIMING] Neighbor sorting & quantiles: 18.61 ms
[TIMING] Total compute_uq: 2509.35 ms
[DEBUG DENSITY] mean walked density = 63.7019, min = 57.8511, max = 71.6892
    [TIMING] UQ Calculation (Proximity_Method_B_C): 3.1771 s
    [TIMING] Metrics Calculation: 0.1005 s
    [TIMING] Total Single Evaluation: 14.3678 s

  >>> Starting: Function=sin_cos_6d, Seed=3
    [TIMING] Data Generation: 0.0072 s
    [TIMING] Random Forest Fitting: 2.3188 s
    [TIMING] RF Predicting: 0.0432 s
    [TIMING] Base Aleatoric: 0.0592 s
[TIMING] Random Forest fit/check: 0.00 ms
[TIMING] OOB/In-bag index reconstruction: 229.18 ms
[TIMING] Leaf weights & density precomputation: 78.36 ms
[TIMING] Transfer structures to backend: 0.02 ms
[TIMING] Total fit: 307.56 ms
[TIMING] Test leaf ID extraction: 47.65 ms
[TIMING] Proximity matrix accumulation: 1090.51 ms
[TIMING] Neighbor sorting & quantiles: 90.28 ms
[TIMING] Total compute_uq: 1228.74 ms
    [TIMING] UQ Calculation (Proximity_Baseline): 1.5364 s
[TIMING] Random Forest fit/check: 0.00 ms
[TIMING] OOB/In-bag index reconstruction: 224.04 ms
[TIMING] Leaf weights & density precomputation: 585.25 ms
[TIMING] Transfer structures to backend: 0.01 ms
[TIMING] Total fit: 809.30 ms
[TIMING] Test leaf ID extraction: 47.38 ms
[TIMING] Proximity matrix accumulation: 2815.65 ms
[TIMING] Neighbor sorting & quantiles: 88.85 ms
[TIMING] Total compute_uq: 2952.19 ms
    [TIMING] UQ Calculation (Proximity_Method_A): 3.7619 s
[TIMING] Random Forest fit/check: 0.00 ms
[TIMING] OOB/In-bag index reconstruction: 222.33 ms
[TIMING] Leaf weights & density precomputation: 586.29 ms
[TIMING] Transfer structures to backend: 0.02 ms
[TIMING] Total fit: 808.64 ms
[TIMING] Test leaf ID extraction: 47.53 ms
[TIMING] Proximity matrix accumulation: 2797.29 ms
[TIMING] Neighbor sorting & quantiles: 25.18 ms
[TIMING] Total compute_uq: 2870.32 ms
    [TIMING] UQ Calculation (Proximity_Method_B): 3.6801 s
[TIMING] Random Forest fit/check: 0.00 ms
[TIMING] OOB/In-bag index reconstruction: 223.22 ms
[TIMING] Leaf weights & density precomputation: 594.84 ms
[TIMING] Transfer structures to backend: 0.02 ms
[TIMING] Total fit: 818.08 ms
[TIMING] Test leaf ID extraction: 47.82 ms
[TIMING] Proximity matrix accumulation: 3499.03 ms
[TIMING] Neighbor sorting & quantiles: 88.98 ms
[TIMING] Total compute_uq: 3636.16 ms
[DEBUG DENSITY] mean walked density = 64.0388, min = 60.5982, max = 67.3848
    [TIMING] UQ Calculation (Proximity_Method_C): 4.4557 s
[TIMING] Random Forest fit/check: 0.00 ms
[TIMING] OOB/In-bag index reconstruction: 239.87 ms
[TIMING] Leaf weights & density precomputation: 602.54 ms
[TIMING] Transfer structures to backend: 0.02 ms
[TIMING] Total fit: 842.42 ms
[TIMING] Test leaf ID extraction: 57.25 ms
[TIMING] Proximity matrix accumulation: 3480.03 ms
[TIMING] Neighbor sorting & quantiles: 25.51 ms
[TIMING] Total compute_uq: 3563.16 ms
[DEBUG DENSITY] mean walked density = 64.0388, min = 60.5982, max = 67.3848
    [TIMING] UQ Calculation (Proximity_Method_B_C): 4.4071 s
    [TIMING] Metrics Calculation: 0.1546 s
    [TIMING] Total Single Evaluation: 20.4249 s

  >>> Starting: Function=quadratic_6d, Seed=3
    [TIMING] Data Generation: 0.0080 s
    [TIMING] Random Forest Fitting: 1.6252 s
    [TIMING] RF Predicting: 0.0527 s
    [TIMING] Base Aleatoric: 0.0794 s
[TIMING] Random Forest fit/check: 0.00 ms
[TIMING] OOB/In-bag index reconstruction: 250.98 ms
[TIMING] Leaf weights & density precomputation: 79.98 ms
[TIMING] Transfer structures to backend: 0.02 ms
[TIMING] Total fit: 330.98 ms
[TIMING] Test leaf ID extraction: 58.07 ms
[TIMING] Proximity matrix accumulation: 1090.44 ms
[TIMING] Neighbor sorting & quantiles: 91.08 ms
[TIMING] Total compute_uq: 1239.92 ms
    [TIMING] UQ Calculation (Proximity_Baseline): 1.5711 s
[TIMING] Random Forest fit/check: 0.00 ms
[TIMING] OOB/In-bag index reconstruction: 237.25 ms
[TIMING] Leaf weights & density precomputation: 545.23 ms
[TIMING] Transfer structures to backend: 0.02 ms
[TIMING] Total fit: 782.49 ms
[TIMING] Test leaf ID extraction: 45.98 ms
[TIMING] Proximity matrix accumulation: 2815.55 ms
[TIMING] Neighbor sorting & quantiles: 89.22 ms
[TIMING] Total compute_uq: 2951.11 ms
    [TIMING] UQ Calculation (Proximity_Method_A): 3.7340 s
[TIMING] Random Forest fit/check: 0.00 ms
[TIMING] OOB/In-bag index reconstruction: 228.58 ms
[TIMING] Leaf weights & density precomputation: 526.87 ms
[TIMING] Transfer structures to backend: 0.02 ms
[TIMING] Total fit: 755.47 ms
[TIMING] Test leaf ID extraction: 46.42 ms
[TIMING] Proximity matrix accumulation: 2798.63 ms
[TIMING] Neighbor sorting & quantiles: 26.26 ms
[TIMING] Total compute_uq: 2871.66 ms
    [TIMING] UQ Calculation (Proximity_Method_B): 3.6284 s
[TIMING] Random Forest fit/check: 0.00 ms
[TIMING] OOB/In-bag index reconstruction: 240.50 ms
[TIMING] Leaf weights & density precomputation: 542.01 ms
[TIMING] Transfer structures to backend: 0.02 ms
[TIMING] Total fit: 782.52 ms
[TIMING] Test leaf ID extraction: 56.65 ms
[TIMING] Proximity matrix accumulation: 3499.88 ms
[TIMING] Neighbor sorting & quantiles: 89.02 ms
[TIMING] Total compute_uq: 3645.90 ms
[DEBUG DENSITY] mean walked density = 63.9053, min = 56.4069, max = 69.3015
    [TIMING] UQ Calculation (Proximity_Method_C): 4.4301 s
[TIMING] Random Forest fit/check: 0.00 ms
[TIMING] OOB/In-bag index reconstruction: 290.63 ms
[TIMING] Leaf weights & density precomputation: 525.04 ms
[TIMING] Transfer structures to backend: 0.02 ms
[TIMING] Total fit: 815.69 ms
[TIMING] Test leaf ID extraction: 57.12 ms
[TIMING] Proximity matrix accumulation: 3482.16 ms
[TIMING] Neighbor sorting & quantiles: 25.89 ms
[TIMING] Total compute_uq: 3565.50 ms
[DEBUG DENSITY] mean walked density = 63.9053, min = 56.4069, max = 69.3015
    [TIMING] UQ Calculation (Proximity_Method_B_C): 4.3828 s
    [TIMING] Metrics Calculation: 0.1551 s
    [TIMING] Total Single Evaluation: 19.6674 s

  >>> Starting: Function=friedman_6d, Seed=3
    [TIMING] Data Generation: 0.0085 s
    [TIMING] Random Forest Fitting: 1.4472 s
    [TIMING] RF Predicting: 0.0639 s
    [TIMING] Base Aleatoric: 0.0901 s
[TIMING] Random Forest fit/check: 0.00 ms
[TIMING] OOB/In-bag index reconstruction: 289.57 ms
[TIMING] Leaf weights & density precomputation: 79.38 ms
[TIMING] Transfer structures to backend: 0.02 ms
[TIMING] Total fit: 368.97 ms
[TIMING] Test leaf ID extraction: 58.19 ms
[TIMING] Proximity matrix accumulation: 1090.99 ms
[TIMING] Neighbor sorting & quantiles: 91.03 ms
[TIMING] Total compute_uq: 1240.53 ms
    [TIMING] UQ Calculation (Proximity_Baseline): 1.6097 s
[TIMING] Random Forest fit/check: 0.00 ms
[TIMING] OOB/In-bag index reconstruction: 231.28 ms
[TIMING] Leaf weights & density precomputation: 503.97 ms
[TIMING] Transfer structures to backend: 0.02 ms
[TIMING] Total fit: 735.27 ms
[TIMING] Test leaf ID extraction: 46.43 ms
[TIMING] Proximity matrix accumulation: 2816.83 ms
[TIMING] Neighbor sorting & quantiles: 88.93 ms
[TIMING] Total compute_uq: 2952.54 ms
    [TIMING] UQ Calculation (Proximity_Method_A): 3.6882 s
[TIMING] Random Forest fit/check: 0.00 ms
[TIMING] OOB/In-bag index reconstruction: 222.46 ms
[TIMING] Leaf weights & density precomputation: 501.61 ms
[TIMING] Transfer structures to backend: 0.02 ms
[TIMING] Total fit: 724.09 ms
[TIMING] Test leaf ID extraction: 46.58 ms
[TIMING] Proximity matrix accumulation: 2799.94 ms
[TIMING] Neighbor sorting & quantiles: 25.37 ms
[TIMING] Total compute_uq: 2872.20 ms
    [TIMING] UQ Calculation (Proximity_Method_B): 3.5975 s
[TIMING] Random Forest fit/check: 0.00 ms
[TIMING] OOB/In-bag index reconstruction: 229.58 ms
[TIMING] Leaf weights & density precomputation: 504.62 ms
[TIMING] Transfer structures to backend: 0.02 ms
[TIMING] Total fit: 734.22 ms
[TIMING] Test leaf ID extraction: 46.22 ms
[TIMING] Proximity matrix accumulation: 3498.19 ms
[TIMING] Neighbor sorting & quantiles: 88.94 ms
[TIMING] Total compute_uq: 3633.73 ms
[DEBUG DENSITY] mean walked density = 64.3495, min = 56.5043, max = 69.1489
    [TIMING] UQ Calculation (Proximity_Method_C): 4.3694 s
[TIMING] Random Forest fit/check: 0.00 ms
[TIMING] OOB/In-bag index reconstruction: 227.24 ms
[TIMING] Leaf weights & density precomputation: 522.59 ms
[TIMING] Transfer structures to backend: 0.02 ms
[TIMING] Total fit: 749.85 ms
[TIMING] Test leaf ID extraction: 58.45 ms
[TIMING] Proximity matrix accumulation: 3482.75 ms
[TIMING] Neighbor sorting & quantiles: 25.68 ms
[TIMING] Total compute_uq: 3567.22 ms
[DEBUG DENSITY] mean walked density = 64.3495, min = 56.5043, max = 69.1489
    [TIMING] UQ Calculation (Proximity_Method_B_C): 4.3185 s
    [TIMING] Metrics Calculation: 0.1240 s
    [TIMING] Total Single Evaluation: 19.3175 s

  >>> Starting: Function=sin_cos_7d, Seed=3
    [TIMING] Data Generation: 0.0096 s
    [TIMING] Random Forest Fitting: 2.8321 s
    [TIMING] RF Predicting: 0.0528 s
    [TIMING] Base Aleatoric: 0.0711 s
[TIMING] Random Forest fit/check: 0.00 ms
[TIMING] OOB/In-bag index reconstruction: 239.79 ms
[TIMING] Leaf weights & density precomputation: 85.18 ms
[TIMING] Transfer structures to backend: 0.02 ms
[TIMING] Total fit: 324.99 ms
[TIMING] Test leaf ID extraction: 57.20 ms
[TIMING] Proximity matrix accumulation: 1495.27 ms
[TIMING] Neighbor sorting & quantiles: 121.88 ms
[TIMING] Total compute_uq: 1674.80 ms
    [TIMING] UQ Calculation (Proximity_Baseline): 2.0001 s
[TIMING] Random Forest fit/check: 0.00 ms
[TIMING] OOB/In-bag index reconstruction: 243.01 ms
[TIMING] Leaf weights & density precomputation: 657.43 ms
[TIMING] Transfer structures to backend: 0.02 ms
[TIMING] Total fit: 900.46 ms
[TIMING] Test leaf ID extraction: 57.60 ms
[TIMING] Proximity matrix accumulation: 3815.90 ms
[TIMING] Neighbor sorting & quantiles: 120.11 ms
[TIMING] Total compute_uq: 3993.99 ms
    [TIMING] UQ Calculation (Proximity_Method_A): 4.8949 s
[TIMING] Random Forest fit/check: 0.00 ms
[TIMING] OOB/In-bag index reconstruction: 244.95 ms
[TIMING] Leaf weights & density precomputation: 657.64 ms
[TIMING] Transfer structures to backend: 0.02 ms
[TIMING] Total fit: 902.61 ms
[TIMING] Test leaf ID extraction: 57.13 ms
[TIMING] Proximity matrix accumulation: 3796.36 ms
[TIMING] Neighbor sorting & quantiles: 33.67 ms
[TIMING] Total compute_uq: 3887.52 ms
    [TIMING] UQ Calculation (Proximity_Method_B): 4.7914 s
[TIMING] Random Forest fit/check: 0.03 ms
[TIMING] OOB/In-bag index reconstruction: 234.00 ms
[TIMING] Leaf weights & density precomputation: 644.89 ms
[TIMING] Transfer structures to backend: 0.02 ms
[TIMING] Total fit: 878.94 ms
[TIMING] Test leaf ID extraction: 56.95 ms
[TIMING] Proximity matrix accumulation: 4738.97 ms
[TIMING] Neighbor sorting & quantiles: 120.05 ms
[TIMING] Total compute_uq: 4916.37 ms
[DEBUG DENSITY] mean walked density = 64.4934, min = 60.9546, max = 67.8817
    [TIMING] UQ Calculation (Proximity_Method_C): 5.7970 s
[TIMING] Random Forest fit/check: 0.00 ms
[TIMING] OOB/In-bag index reconstruction: 243.20 ms
[TIMING] Leaf weights & density precomputation: 667.26 ms
[TIMING] Transfer structures to backend: 0.02 ms
[TIMING] Total fit: 910.47 ms
[TIMING] Test leaf ID extraction: 58.64 ms
[TIMING] Proximity matrix accumulation: 4725.40 ms
[TIMING] Neighbor sorting & quantiles: 33.69 ms
[TIMING] Total compute_uq: 4818.10 ms
[DEBUG DENSITY] mean walked density = 64.4934, min = 60.9546, max = 67.8817
    [TIMING] UQ Calculation (Proximity_Method_B_C): 5.7301 s
    [TIMING] Metrics Calculation: 0.1316 s
    [TIMING] Total Single Evaluation: 26.3116 s

  >>> Starting: Function=quadratic_7d, Seed=3
    [TIMING] Data Generation: 0.0081 s
    [TIMING] Random Forest Fitting: 2.0468 s
    [TIMING] RF Predicting: 0.0425 s
    [TIMING] Base Aleatoric: 0.0607 s
[TIMING] Random Forest fit/check: 0.00 ms
[TIMING] OOB/In-bag index reconstruction: 241.07 ms
[TIMING] Leaf weights & density precomputation: 85.38 ms
[TIMING] Transfer structures to backend: 0.02 ms
[TIMING] Total fit: 326.47 ms
[TIMING] Test leaf ID extraction: 57.60 ms
[TIMING] Proximity matrix accumulation: 1495.04 ms
[TIMING] Neighbor sorting & quantiles: 122.53 ms
[TIMING] Total compute_uq: 1675.53 ms
    [TIMING] UQ Calculation (Proximity_Baseline): 2.0022 s
[TIMING] Random Forest fit/check: 0.00 ms
[TIMING] OOB/In-bag index reconstruction: 228.78 ms
[TIMING] Leaf weights & density precomputation: 596.45 ms
[TIMING] Transfer structures to backend: 0.02 ms
[TIMING] Total fit: 825.25 ms
[TIMING] Test leaf ID extraction: 47.33 ms
[TIMING] Proximity matrix accumulation: 3810.92 ms
[TIMING] Neighbor sorting & quantiles: 119.91 ms
[TIMING] Total compute_uq: 3978.52 ms
    [TIMING] UQ Calculation (Proximity_Method_A): 4.8042 s
[TIMING] Random Forest fit/check: 0.00 ms
[TIMING] OOB/In-bag index reconstruction: 230.50 ms
[TIMING] Leaf weights & density precomputation: 601.47 ms
[TIMING] Transfer structures to backend: 0.02 ms
[TIMING] Total fit: 831.99 ms
[TIMING] Test leaf ID extraction: 48.12 ms
[TIMING] Proximity matrix accumulation: 3796.63 ms
[TIMING] Neighbor sorting & quantiles: 34.31 ms
[TIMING] Total compute_uq: 3879.42 ms
    [TIMING] UQ Calculation (Proximity_Method_B): 4.7126 s
[TIMING] Random Forest fit/check: 0.00 ms
[TIMING] OOB/In-bag index reconstruction: 249.71 ms
[TIMING] Leaf weights & density precomputation: 572.36 ms
[TIMING] Transfer structures to backend: 0.02 ms
[TIMING] Total fit: 822.10 ms
[TIMING] Test leaf ID extraction: 57.60 ms
[TIMING] Proximity matrix accumulation: 4738.76 ms
[TIMING] Neighbor sorting & quantiles: 119.90 ms
[TIMING] Total compute_uq: 4916.63 ms
[DEBUG DENSITY] mean walked density = 63.6149, min = 56.1972, max = 68.7847
    [TIMING] UQ Calculation (Proximity_Method_C): 5.7404 s
[TIMING] Random Forest fit/check: 0.01 ms
[TIMING] OOB/In-bag index reconstruction: 234.56 ms
[TIMING] Leaf weights & density precomputation: 616.51 ms
[TIMING] Transfer structures to backend: 0.02 ms
[TIMING] Total fit: 851.10 ms
[TIMING] Test leaf ID extraction: 46.79 ms
[TIMING] Proximity matrix accumulation: 4723.58 ms
[TIMING] Neighbor sorting & quantiles: 33.89 ms
[TIMING] Total compute_uq: 4804.59 ms
[DEBUG DENSITY] mean walked density = 63.6149, min = 56.1972, max = 68.7847
    [TIMING] UQ Calculation (Proximity_Method_B_C): 5.6573 s
    [TIMING] Metrics Calculation: 0.1287 s
    [TIMING] Total Single Evaluation: 25.2039 s

  >>> Starting: Function=interaction_7d, Seed=3
    [TIMING] Data Generation: 0.0079 s
    [TIMING] Random Forest Fitting: 1.9590 s
    [TIMING] RF Predicting: 0.0527 s
    [TIMING] Base Aleatoric: 0.0608 s
[TIMING] Random Forest fit/check: 0.00 ms
[TIMING] OOB/In-bag index reconstruction: 241.43 ms
[TIMING] Leaf weights & density precomputation: 85.02 ms
[TIMING] Transfer structures to backend: 0.02 ms
[TIMING] Total fit: 326.47 ms
[TIMING] Test leaf ID extraction: 46.31 ms
[TIMING] Proximity matrix accumulation: 1495.56 ms
[TIMING] Neighbor sorting & quantiles: 122.58 ms
[TIMING] Total compute_uq: 1664.82 ms
    [TIMING] UQ Calculation (Proximity_Baseline): 1.9915 s
[TIMING] Random Forest fit/check: 0.00 ms
[TIMING] OOB/In-bag index reconstruction: 234.62 ms
[TIMING] Leaf weights & density precomputation: 576.27 ms
[TIMING] Transfer structures to backend: 0.02 ms
[TIMING] Total fit: 810.91 ms
[TIMING] Test leaf ID extraction: 47.40 ms
[TIMING] Proximity matrix accumulation: 3812.40 ms
[TIMING] Neighbor sorting & quantiles: 120.53 ms
[TIMING] Total compute_uq: 3980.74 ms
    [TIMING] UQ Calculation (Proximity_Method_A): 4.7922 s
[TIMING] Random Forest fit/check: 0.01 ms
[TIMING] OOB/In-bag index reconstruction: 240.15 ms
[TIMING] Leaf weights & density precomputation: 575.16 ms
[TIMING] Transfer structures to backend: 0.02 ms
[TIMING] Total fit: 815.34 ms
[TIMING] Test leaf ID extraction: 57.21 ms
[TIMING] Proximity matrix accumulation: 3795.41 ms
[TIMING] Neighbor sorting & quantiles: 33.50 ms
[TIMING] Total compute_uq: 3886.45 ms
    [TIMING] UQ Calculation (Proximity_Method_B): 4.7031 s
[TIMING] Random Forest fit/check: 0.00 ms
[TIMING] OOB/In-bag index reconstruction: 236.61 ms
[TIMING] Leaf weights & density precomputation: 574.02 ms
[TIMING] Transfer structures to backend: 0.02 ms
[TIMING] Total fit: 810.65 ms
[TIMING] Test leaf ID extraction: 47.78 ms
[TIMING] Proximity matrix accumulation: 4737.39 ms
[TIMING] Neighbor sorting & quantiles: 120.07 ms
[TIMING] Total compute_uq: 4905.65 ms
[DEBUG DENSITY] mean walked density = 63.7136, min = 57.0709, max = 68.2191
    [TIMING] UQ Calculation (Proximity_Method_C): 5.7179 s
[TIMING] Random Forest fit/check: 0.00 ms
[TIMING] OOB/In-bag index reconstruction: 241.25 ms
[TIMING] Leaf weights & density precomputation: 582.78 ms
[TIMING] Transfer structures to backend: 0.02 ms
[TIMING] Total fit: 824.05 ms
[TIMING] Test leaf ID extraction: 58.03 ms
[TIMING] Proximity matrix accumulation: 4724.68 ms
[TIMING] Neighbor sorting & quantiles: 33.78 ms
[TIMING] Total compute_uq: 4816.86 ms
[DEBUG DENSITY] mean walked density = 63.7136, min = 57.0709, max = 68.2191
    [TIMING] UQ Calculation (Proximity_Method_B_C): 5.6424 s
    [TIMING] Metrics Calculation: 0.1085 s
    [TIMING] Total Single Evaluation: 25.0366 s

  >>> Starting: Function=sin_cos_8d, Seed=3
    [TIMING] Data Generation: 0.0121 s
    [TIMING] Random Forest Fitting: 3.5215 s
    [TIMING] RF Predicting: 0.0526 s
    [TIMING] Base Aleatoric: 0.0735 s
[TIMING] Random Forest fit/check: 0.00 ms
[TIMING] OOB/In-bag index reconstruction: 264.74 ms
[TIMING] Leaf weights & density precomputation: 90.27 ms
[TIMING] Transfer structures to backend: 0.02 ms
[TIMING] Total fit: 355.03 ms
[TIMING] Test leaf ID extraction: 59.05 ms
[TIMING] Proximity matrix accumulation: 1971.67 ms
[TIMING] Neighbor sorting & quantiles: 158.24 ms
[TIMING] Total compute_uq: 2189.35 ms
    [TIMING] UQ Calculation (Proximity_Baseline): 2.5445 s
[TIMING] Random Forest fit/check: 0.00 ms
[TIMING] OOB/In-bag index reconstruction: 241.42 ms
[TIMING] Leaf weights & density precomputation: 699.33 ms
[TIMING] Transfer structures to backend: 0.04 ms
[TIMING] Total fit: 940.80 ms
[TIMING] Test leaf ID extraction: 70.96 ms
[TIMING] Proximity matrix accumulation: 4958.76 ms
[TIMING] Neighbor sorting & quantiles: 155.82 ms
[TIMING] Total compute_uq: 5185.94 ms
    [TIMING] UQ Calculation (Proximity_Method_A): 6.1273 s
[TIMING] Random Forest fit/check: 0.01 ms
[TIMING] OOB/In-bag index reconstruction: 251.56 ms
[TIMING] Leaf weights & density precomputation: 709.51 ms
[TIMING] Transfer structures to backend: 0.02 ms
[TIMING] Total fit: 961.09 ms
[TIMING] Test leaf ID extraction: 60.04 ms
[TIMING] Proximity matrix accumulation: 4979.38 ms
[TIMING] Neighbor sorting & quantiles: 42.76 ms
[TIMING] Total compute_uq: 5082.56 ms
    [TIMING] UQ Calculation (Proximity_Method_B): 6.0450 s
[TIMING] Random Forest fit/check: 0.00 ms
[TIMING] OOB/In-bag index reconstruction: 254.21 ms
[TIMING] Leaf weights & density precomputation: 696.03 ms
[TIMING] Transfer structures to backend: 0.02 ms
[TIMING] Total fit: 950.26 ms
[TIMING] Test leaf ID extraction: 59.39 ms
[TIMING] Proximity matrix accumulation: 6160.44 ms
[TIMING] Neighbor sorting & quantiles: 156.03 ms
[TIMING] Total compute_uq: 6376.26 ms
[DEBUG DENSITY] mean walked density = 64.4949, min = 61.1516, max = 67.8647
    [TIMING] UQ Calculation (Proximity_Method_C): 7.3283 s
[TIMING] Random Forest fit/check: 0.01 ms
[TIMING] OOB/In-bag index reconstruction: 349.05 ms
[TIMING] Leaf weights & density precomputation: 749.54 ms
[TIMING] Transfer structures to backend: 0.02 ms
[TIMING] Total fit: 1098.62 ms
[TIMING] Test leaf ID extraction: 59.79 ms
[TIMING] Proximity matrix accumulation: 6188.01 ms
[TIMING] Neighbor sorting & quantiles: 83.22 ms
[TIMING] Total compute_uq: 6331.53 ms
[DEBUG DENSITY] mean walked density = 64.4949, min = 61.1516, max = 67.8647
    [TIMING] UQ Calculation (Proximity_Method_B_C): 7.4319 s
    [TIMING] Metrics Calculation: 3.1429 s
    [TIMING] Total Single Evaluation: 36.2803 s

  >>> Starting: Function=quadratic_8d, Seed=3
    [TIMING] Data Generation: 0.0272 s
    [TIMING] Random Forest Fitting: 3.7519 s
    [TIMING] RF Predicting: 0.0544 s
    [TIMING] Base Aleatoric: 0.0879 s
[TIMING] Random Forest fit/check: 0.00 ms
[TIMING] OOB/In-bag index reconstruction: 365.88 ms
[TIMING] Leaf weights & density precomputation: 115.04 ms
[TIMING] Transfer structures to backend: 0.02 ms
[TIMING] Total fit: 480.94 ms
[TIMING] Test leaf ID extraction: 60.48 ms
[TIMING] Proximity matrix accumulation: 1971.94 ms
[TIMING] Neighbor sorting & quantiles: 159.58 ms
[TIMING] Total compute_uq: 2192.41 ms
    [TIMING] UQ Calculation (Proximity_Baseline): 2.6737 s
[TIMING] Random Forest fit/check: 0.00 ms
[TIMING] OOB/In-bag index reconstruction: 246.03 ms
[TIMING] Leaf weights & density precomputation: 665.23 ms
[TIMING] Transfer structures to backend: 0.02 ms
[TIMING] Total fit: 911.28 ms
[TIMING] Test leaf ID extraction: 59.81 ms
[TIMING] Proximity matrix accumulation: 4960.63 ms
[TIMING] Neighbor sorting & quantiles: 155.91 ms
[TIMING] Total compute_uq: 5176.73 ms
    [TIMING] UQ Calculation (Proximity_Method_A): 6.0884 s
[TIMING] Random Forest fit/check: 0.00 ms
[TIMING] OOB/In-bag index reconstruction: 248.22 ms
[TIMING] Leaf weights & density precomputation: 661.69 ms
[TIMING] Transfer structures to backend: 0.02 ms
[TIMING] Total fit: 909.94 ms
[TIMING] Test leaf ID extraction: 59.46 ms
[TIMING] Proximity matrix accumulation: 4980.17 ms
[TIMING] Neighbor sorting & quantiles: 42.83 ms
[TIMING] Total compute_uq: 5082.87 ms
    [TIMING] UQ Calculation (Proximity_Method_B): 5.9942 s
[TIMING] Random Forest fit/check: 0.01 ms
[TIMING] OOB/In-bag index reconstruction: 244.76 ms
[TIMING] Leaf weights & density precomputation: 651.42 ms
[TIMING] Transfer structures to backend: 0.02 ms
[TIMING] Total fit: 896.20 ms
[TIMING] Test leaf ID extraction: 72.20 ms
[TIMING] Proximity matrix accumulation: 6159.98 ms
[TIMING] Neighbor sorting & quantiles: 155.88 ms
[TIMING] Total compute_uq: 6388.43 ms
[DEBUG DENSITY] mean walked density = 63.5433, min = 57.4870, max = 68.4290
    [TIMING] UQ Calculation (Proximity_Method_C): 7.2867 s
[TIMING] Random Forest fit/check: 0.00 ms
[TIMING] OOB/In-bag index reconstruction: 244.05 ms
[TIMING] Leaf weights & density precomputation: 651.96 ms
[TIMING] Transfer structures to backend: 0.01 ms
[TIMING] Total fit: 896.04 ms
[TIMING] Test leaf ID extraction: 60.18 ms
[TIMING] Proximity matrix accumulation: 6172.99 ms
[TIMING] Neighbor sorting & quantiles: 42.18 ms
[TIMING] Total compute_uq: 6275.73 ms
[DEBUG DENSITY] mean walked density = 63.5433, min = 57.4870, max = 68.4290
    [TIMING] UQ Calculation (Proximity_Method_B_C): 7.1732 s
    [TIMING] Metrics Calculation: 0.1416 s
    [TIMING] Total Single Evaluation: 33.2800 s

  >>> Starting: Function=exp_sum_8d, Seed=3
    [TIMING] Data Generation: 0.0100 s
    [TIMING] Random Forest Fitting: 2.8794 s
    [TIMING] RF Predicting: 0.0531 s
    [TIMING] Base Aleatoric: 0.0751 s
[TIMING] Random Forest fit/check: 0.00 ms
[TIMING] OOB/In-bag index reconstruction: 245.18 ms
[TIMING] Leaf weights & density precomputation: 90.27 ms
[TIMING] Transfer structures to backend: 0.02 ms
[TIMING] Total fit: 335.47 ms
[TIMING] Test leaf ID extraction: 59.67 ms
[TIMING] Proximity matrix accumulation: 1972.72 ms
[TIMING] Neighbor sorting & quantiles: 158.78 ms
[TIMING] Total compute_uq: 2191.55 ms
    [TIMING] UQ Calculation (Proximity_Baseline): 2.5272 s
[TIMING] Random Forest fit/check: 0.00 ms
[TIMING] OOB/In-bag index reconstruction: 245.21 ms
[TIMING] Leaf weights & density precomputation: 667.16 ms
[TIMING] Transfer structures to backend: 0.03 ms
[TIMING] Total fit: 912.40 ms
[TIMING] Test leaf ID extraction: 60.49 ms
[TIMING] Proximity matrix accumulation: 4964.90 ms
[TIMING] Neighbor sorting & quantiles: 155.77 ms
[TIMING] Total compute_uq: 5181.55 ms
    [TIMING] UQ Calculation (Proximity_Method_A): 6.0945 s
[TIMING] Random Forest fit/check: 0.01 ms
[TIMING] OOB/In-bag index reconstruction: 258.09 ms
[TIMING] Leaf weights & density precomputation: 670.26 ms
[TIMING] Transfer structures to backend: 0.02 ms
[TIMING] Total fit: 928.38 ms
[TIMING] Test leaf ID extraction: 60.31 ms
[TIMING] Proximity matrix accumulation: 4984.47 ms
[TIMING] Neighbor sorting & quantiles: 41.78 ms
[TIMING] Total compute_uq: 5086.93 ms
    [TIMING] UQ Calculation (Proximity_Method_B): 6.0166 s
[TIMING] Random Forest fit/check: 0.00 ms
[TIMING] OOB/In-bag index reconstruction: 245.65 ms
[TIMING] Leaf weights & density precomputation: 663.50 ms
[TIMING] Transfer structures to backend: 0.02 ms
[TIMING] Total fit: 909.17 ms
[TIMING] Test leaf ID extraction: 60.97 ms
[TIMING] Proximity matrix accumulation: 6167.13 ms
[TIMING] Neighbor sorting & quantiles: 155.89 ms
[TIMING] Total compute_uq: 6384.37 ms
[DEBUG DENSITY] mean walked density = 63.9808, min = 59.0011, max = 69.5357
    [TIMING] UQ Calculation (Proximity_Method_C): 7.2951 s
[TIMING] Random Forest fit/check: 0.00 ms
[TIMING] OOB/In-bag index reconstruction: 244.09 ms
[TIMING] Leaf weights & density precomputation: 672.81 ms
[TIMING] Transfer structures to backend: 0.01 ms
[TIMING] Total fit: 916.92 ms
[TIMING] Test leaf ID extraction: 60.41 ms
[TIMING] Proximity matrix accumulation: 6179.68 ms
[TIMING] Neighbor sorting & quantiles: 42.05 ms
[TIMING] Total compute_uq: 6282.50 ms
[DEBUG DENSITY] mean walked density = 63.9808, min = 59.0011, max = 69.5357
    [TIMING] UQ Calculation (Proximity_Method_B_C): 7.2011 s
    [TIMING] Metrics Calculation: 0.1494 s
    [TIMING] Total Single Evaluation: 32.3023 s

  >>> Starting: Function=sin_cos_9d, Seed=3
    [TIMING] Data Generation: 0.0151 s
    [TIMING] Random Forest Fitting: 4.5720 s
    [TIMING] RF Predicting: 0.0637 s
    [TIMING] Base Aleatoric: 0.0973 s
[TIMING] Random Forest fit/check: 0.00 ms
[TIMING] OOB/In-bag index reconstruction: 325.67 ms
[TIMING] Leaf weights & density precomputation: 94.83 ms
[TIMING] Transfer structures to backend: 0.02 ms
[TIMING] Total fit: 420.52 ms
[TIMING] Test leaf ID extraction: 69.08 ms
[TIMING] Proximity matrix accumulation: 2525.73 ms
[TIMING] Neighbor sorting & quantiles: 209.85 ms
[TIMING] Total compute_uq: 2805.05 ms
    [TIMING] UQ Calculation (Proximity_Baseline): 3.2258 s
[TIMING] Random Forest fit/check: 0.00 ms
[TIMING] OOB/In-bag index reconstruction: 329.07 ms
[TIMING] Leaf weights & density precomputation: 779.78 ms
[TIMING] Transfer structures to backend: 0.02 ms
[TIMING] Total fit: 1108.87 ms
[TIMING] Test leaf ID extraction: 69.30 ms
[TIMING] Proximity matrix accumulation: 6273.44 ms
[TIMING] Neighbor sorting & quantiles: 206.66 ms
[TIMING] Total compute_uq: 6549.79 ms
    [TIMING] UQ Calculation (Proximity_Method_A): 7.6591 s
[TIMING] Random Forest fit/check: 0.00 ms
[TIMING] OOB/In-bag index reconstruction: 333.07 ms
[TIMING] Leaf weights & density precomputation: 779.27 ms
[TIMING] Transfer structures to backend: 0.02 ms
[TIMING] Total fit: 1112.36 ms
[TIMING] Test leaf ID extraction: 68.38 ms
[TIMING] Proximity matrix accumulation: 6284.68 ms
[TIMING] Neighbor sorting & quantiles: 51.85 ms
[TIMING] Total compute_uq: 6405.32 ms
    [TIMING] UQ Calculation (Proximity_Method_B): 7.5189 s
[TIMING] Random Forest fit/check: 0.00 ms
[TIMING] OOB/In-bag index reconstruction: 339.22 ms
[TIMING] Leaf weights & density precomputation: 772.41 ms
[TIMING] Transfer structures to backend: 0.02 ms
[TIMING] Total fit: 1111.64 ms
[TIMING] Test leaf ID extraction: 79.91 ms
[TIMING] Proximity matrix accumulation: 7807.97 ms
[TIMING] Neighbor sorting & quantiles: 206.67 ms
[TIMING] Total compute_uq: 8094.97 ms
[DEBUG DENSITY] mean walked density = 64.5443, min = 61.2282, max = 67.7850
    [TIMING] UQ Calculation (Proximity_Method_C): 9.2083 s
[TIMING] Random Forest fit/check: 0.01 ms
[TIMING] OOB/In-bag index reconstruction: 328.47 ms
[TIMING] Leaf weights & density precomputation: 781.01 ms
[TIMING] Transfer structures to backend: 0.02 ms
[TIMING] Total fit: 1109.50 ms
[TIMING] Test leaf ID extraction: 68.71 ms
[TIMING] Proximity matrix accumulation: 7824.57 ms
[TIMING] Neighbor sorting & quantiles: 51.80 ms
[TIMING] Total compute_uq: 7945.48 ms
[DEBUG DENSITY] mean walked density = 64.5443, min = 61.2282, max = 67.7850
    [TIMING] UQ Calculation (Proximity_Method_B_C): 9.0566 s
    [TIMING] Metrics Calculation: 0.1487 s
    [TIMING] Total Single Evaluation: 41.5660 s

  >>> Starting: Function=quadratic_9d, Seed=3
    [TIMING] Data Generation: 0.0123 s
    [TIMING] Random Forest Fitting: 3.5367 s
    [TIMING] RF Predicting: 0.0528 s
    [TIMING] Base Aleatoric: 0.0866 s
[TIMING] Random Forest fit/check: 0.00 ms
[TIMING] OOB/In-bag index reconstruction: 326.30 ms
[TIMING] Leaf weights & density precomputation: 96.82 ms
[TIMING] Transfer structures to backend: 0.02 ms
[TIMING] Total fit: 423.14 ms
[TIMING] Test leaf ID extraction: 58.30 ms
[TIMING] Proximity matrix accumulation: 2526.60 ms
[TIMING] Neighbor sorting & quantiles: 211.77 ms
[TIMING] Total compute_uq: 2797.05 ms
    [TIMING] UQ Calculation (Proximity_Baseline): 3.2204 s
[TIMING] Random Forest fit/check: 0.00 ms
[TIMING] OOB/In-bag index reconstruction: 329.39 ms
[TIMING] Leaf weights & density precomputation: 724.83 ms
[TIMING] Transfer structures to backend: 0.02 ms
[TIMING] Total fit: 1054.24 ms
[TIMING] Test leaf ID extraction: 58.76 ms
[TIMING] Proximity matrix accumulation: 6266.54 ms
[TIMING] Neighbor sorting & quantiles: 206.59 ms
[TIMING] Total compute_uq: 6532.35 ms
    [TIMING] UQ Calculation (Proximity_Method_A): 7.5870 s
[TIMING] Random Forest fit/check: 0.00 ms
[TIMING] OOB/In-bag index reconstruction: 329.19 ms
[TIMING] Leaf weights & density precomputation: 726.14 ms
[TIMING] Transfer structures to backend: 0.02 ms
[TIMING] Total fit: 1055.34 ms
[TIMING] Test leaf ID extraction: 59.00 ms
[TIMING] Proximity matrix accumulation: 6278.30 ms
[TIMING] Neighbor sorting & quantiles: 51.53 ms
[TIMING] Total compute_uq: 6389.18 ms
    [TIMING] UQ Calculation (Proximity_Method_B): 7.4457 s
[TIMING] Random Forest fit/check: 0.00 ms
[TIMING] OOB/In-bag index reconstruction: 328.95 ms
[TIMING] Leaf weights & density precomputation: 715.39 ms
[TIMING] Transfer structures to backend: 0.02 ms
[TIMING] Total fit: 1044.35 ms
[TIMING] Test leaf ID extraction: 58.93 ms
[TIMING] Proximity matrix accumulation: 7801.67 ms
[TIMING] Neighbor sorting & quantiles: 207.07 ms
[TIMING] Total compute_uq: 8068.07 ms
[DEBUG DENSITY] mean walked density = 63.7710, min = 57.0505, max = 68.1588
    [TIMING] UQ Calculation (Proximity_Method_C): 9.1140 s
[TIMING] Random Forest fit/check: 0.01 ms
[TIMING] OOB/In-bag index reconstruction: 339.83 ms
[TIMING] Leaf weights & density precomputation: 722.74 ms
[TIMING] Transfer structures to backend: 0.02 ms
[TIMING] Total fit: 1062.59 ms
[TIMING] Test leaf ID extraction: 59.44 ms
[TIMING] Proximity matrix accumulation: 7815.52 ms
[TIMING] Neighbor sorting & quantiles: 52.00 ms
[TIMING] Total compute_uq: 7927.36 ms
[DEBUG DENSITY] mean walked density = 63.7710, min = 57.0505, max = 68.1588
    [TIMING] UQ Calculation (Proximity_Method_B_C): 8.9916 s
    [TIMING] Metrics Calculation: 0.1706 s
    [TIMING] Total Single Evaluation: 40.2184 s

  >>> Starting: Function=multi_modal_9d, Seed=3
    [TIMING] Data Generation: 0.0162 s
    [TIMING] Random Forest Fitting: 4.1323 s
    [TIMING] RF Predicting: 0.0631 s
    [TIMING] Base Aleatoric: 0.0867 s
[TIMING] Random Forest fit/check: 0.00 ms
[TIMING] OOB/In-bag index reconstruction: 326.61 ms
[TIMING] Leaf weights & density precomputation: 95.33 ms
[TIMING] Transfer structures to backend: 0.02 ms
[TIMING] Total fit: 421.96 ms
[TIMING] Test leaf ID extraction: 132.25 ms
[TIMING] Proximity matrix accumulation: 2526.44 ms
[TIMING] Neighbor sorting & quantiles: 211.24 ms
[TIMING] Total compute_uq: 2870.31 ms
    [TIMING] UQ Calculation (Proximity_Baseline): 3.2924 s
[TIMING] Random Forest fit/check: 0.00 ms
[TIMING] OOB/In-bag index reconstruction: 328.87 ms
[TIMING] Leaf weights & density precomputation: 759.01 ms
[TIMING] Transfer structures to backend: 0.04 ms
[TIMING] Total fit: 1087.92 ms
[TIMING] Test leaf ID extraction: 69.93 ms
[TIMING] Proximity matrix accumulation: 6271.96 ms
[TIMING] Neighbor sorting & quantiles: 206.62 ms
[TIMING] Total compute_uq: 6548.97 ms
    [TIMING] UQ Calculation (Proximity_Method_A): 7.6374 s
[TIMING] Random Forest fit/check: 0.01 ms
[TIMING] OOB/In-bag index reconstruction: 328.06 ms
[TIMING] Leaf weights & density precomputation: 754.74 ms
[TIMING] Transfer structures to backend: 0.02 ms
[TIMING] Total fit: 1082.82 ms
[TIMING] Test leaf ID extraction: 69.06 ms
[TIMING] Proximity matrix accumulation: 6281.79 ms
[TIMING] Neighbor sorting & quantiles: 51.98 ms
[TIMING] Total compute_uq: 6403.22 ms
    [TIMING] UQ Calculation (Proximity_Method_B): 7.4874 s
[TIMING] Random Forest fit/check: 0.00 ms
[TIMING] OOB/In-bag index reconstruction: 326.62 ms
[TIMING] Leaf weights & density precomputation: 752.74 ms
[TIMING] Transfer structures to backend: 0.02 ms
[TIMING] Total fit: 1079.38 ms
[TIMING] Test leaf ID extraction: 68.43 ms
[TIMING] Proximity matrix accumulation: 7837.61 ms
[TIMING] Neighbor sorting & quantiles: 290.09 ms
[TIMING] Total compute_uq: 8196.60 ms
[DEBUG DENSITY] mean walked density = 64.5287, min = 58.9712, max = 68.8585
    [TIMING] UQ Calculation (Proximity_Method_C): 9.2777 s
[TIMING] Random Forest fit/check: 0.01 ms
[TIMING] OOB/In-bag index reconstruction: 752.10 ms
[TIMING] Leaf weights & density precomputation: 1886.21 ms
[TIMING] Transfer structures to backend: 0.02 ms
[TIMING] Total fit: 2638.34 ms
[TIMING] Test leaf ID extraction: 332.39 ms
[TIMING] Proximity matrix accumulation: 7892.70 ms
[TIMING] Neighbor sorting & quantiles: 92.53 ms
[TIMING] Total compute_uq: 8318.15 ms
[DEBUG DENSITY] mean walked density = 64.5287, min = 58.9712, max = 68.8585
    [TIMING] UQ Calculation (Proximity_Method_B_C): 10.9585 s
    [TIMING] Metrics Calculation: 0.2241 s
    [TIMING] Total Single Evaluation: 43.1766 s

  >>> Starting: Function=sin_cos_10d, Seed=3
    [TIMING] Data Generation: 0.0250 s
    [TIMING] Random Forest Fitting: 6.5273 s
    [TIMING] RF Predicting: 0.0740 s
    [TIMING] Base Aleatoric: 0.1105 s
[TIMING] Random Forest fit/check: 0.00 ms
[TIMING] OOB/In-bag index reconstruction: 353.44 ms
[TIMING] Leaf weights & density precomputation: 110.35 ms
[TIMING] Transfer structures to backend: 0.02 ms
[TIMING] Total fit: 463.81 ms
[TIMING] Test leaf ID extraction: 79.53 ms
[TIMING] Proximity matrix accumulation: 3128.86 ms
[TIMING] Neighbor sorting & quantiles: 258.23 ms
[TIMING] Total compute_uq: 3467.03 ms
    [TIMING] UQ Calculation (Proximity_Baseline): 3.9312 s
[TIMING] Random Forest fit/check: 0.00 ms
[TIMING] OOB/In-bag index reconstruction: 345.12 ms
[TIMING] Leaf weights & density precomputation: 877.59 ms
[TIMING] Transfer structures to backend: 0.01 ms
[TIMING] Total fit: 1222.73 ms
[TIMING] Test leaf ID extraction: 79.58 ms
[TIMING] Proximity matrix accumulation: 7737.49 ms
[TIMING] Neighbor sorting & quantiles: 254.58 ms
[TIMING] Total compute_uq: 8072.14 ms
    [TIMING] UQ Calculation (Proximity_Method_A): 9.2953 s
[TIMING] Random Forest fit/check: 0.01 ms
[TIMING] OOB/In-bag index reconstruction: 459.63 ms
[TIMING] Leaf weights & density precomputation: 1281.08 ms
[TIMING] Transfer structures to backend: 0.02 ms
[TIMING] Total fit: 1740.73 ms
[TIMING] Test leaf ID extraction: 79.67 ms
[TIMING] Proximity matrix accumulation: 7746.80 ms
[TIMING] Neighbor sorting & quantiles: 63.22 ms
[TIMING] Total compute_uq: 7890.12 ms
    [TIMING] UQ Calculation (Proximity_Method_B): 9.6326 s
[TIMING] Random Forest fit/check: 0.00 ms
[TIMING] OOB/In-bag index reconstruction: 339.06 ms
[TIMING] Leaf weights & density precomputation: 877.63 ms
[TIMING] Transfer structures to backend: 0.02 ms
[TIMING] Total fit: 1216.72 ms
[TIMING] Test leaf ID extraction: 79.85 ms
[TIMING] Proximity matrix accumulation: 9613.68 ms
[TIMING] Neighbor sorting & quantiles: 254.41 ms
[TIMING] Total compute_uq: 9948.40 ms
[DEBUG DENSITY] mean walked density = 64.3309, min = 61.3350, max = 67.7751
    [TIMING] UQ Calculation (Proximity_Method_C): 11.1667 s
[TIMING] Random Forest fit/check: 0.01 ms
[TIMING] OOB/In-bag index reconstruction: 341.96 ms
[TIMING] Leaf weights & density precomputation: 876.71 ms
[TIMING] Transfer structures to backend: 0.02 ms
[TIMING] Total fit: 1218.69 ms
[TIMING] Test leaf ID extraction: 79.77 ms
[TIMING] Proximity matrix accumulation: 9624.86 ms
[TIMING] Neighbor sorting & quantiles: 62.13 ms
[TIMING] Total compute_uq: 9767.19 ms
[DEBUG DENSITY] mean walked density = 64.3309, min = 61.3350, max = 67.7751
    [TIMING] UQ Calculation (Proximity_Method_B_C): 10.9875 s
    [TIMING] Metrics Calculation: 0.1707 s
    [TIMING] Total Single Evaluation: 51.9216 s

  >>> Starting: Function=quadratic_10d, Seed=3
    [TIMING] Data Generation: 0.0153 s
    [TIMING] Random Forest Fitting: 4.5837 s
    [TIMING] RF Predicting: 0.0629 s
    [TIMING] Base Aleatoric: 0.0887 s
[TIMING] Random Forest fit/check: 0.00 ms
[TIMING] OOB/In-bag index reconstruction: 330.64 ms
[TIMING] Leaf weights & density precomputation: 101.12 ms
[TIMING] Transfer structures to backend: 0.02 ms
[TIMING] Total fit: 431.78 ms
[TIMING] Test leaf ID extraction: 68.81 ms
[TIMING] Proximity matrix accumulation: 3130.07 ms
[TIMING] Neighbor sorting & quantiles: 260.63 ms
[TIMING] Total compute_uq: 3459.91 ms
    [TIMING] UQ Calculation (Proximity_Baseline): 3.8919 s
[TIMING] Random Forest fit/check: 0.00 ms
[TIMING] OOB/In-bag index reconstruction: 328.02 ms
[TIMING] Leaf weights & density precomputation: 806.90 ms
[TIMING] Transfer structures to backend: 0.02 ms
[TIMING] Total fit: 1134.94 ms
[TIMING] Test leaf ID extraction: 69.87 ms
[TIMING] Proximity matrix accumulation: 7727.81 ms
[TIMING] Neighbor sorting & quantiles: 254.59 ms
[TIMING] Total compute_uq: 8052.76 ms
    [TIMING] UQ Calculation (Proximity_Method_A): 9.1882 s
[TIMING] Random Forest fit/check: 0.04 ms
[TIMING] OOB/In-bag index reconstruction: 345.30 ms
[TIMING] Leaf weights & density precomputation: 795.76 ms
[TIMING] Transfer structures to backend: 0.02 ms
[TIMING] Total fit: 1141.11 ms
[TIMING] Test leaf ID extraction: 68.92 ms
[TIMING] Proximity matrix accumulation: 7738.49 ms
[TIMING] Neighbor sorting & quantiles: 62.19 ms
[TIMING] Total compute_uq: 7870.03 ms
    [TIMING] UQ Calculation (Proximity_Method_B): 9.0123 s
[TIMING] Random Forest fit/check: 0.00 ms
[TIMING] OOB/In-bag index reconstruction: 330.29 ms
[TIMING] Leaf weights & density precomputation: 779.29 ms
[TIMING] Transfer structures to backend: 0.02 ms
[TIMING] Total fit: 1109.60 ms
[TIMING] Test leaf ID extraction: 69.28 ms
[TIMING] Proximity matrix accumulation: 9601.65 ms
[TIMING] Neighbor sorting & quantiles: 254.45 ms
[TIMING] Total compute_uq: 9925.82 ms
[DEBUG DENSITY] mean walked density = 64.0169, min = 58.3311, max = 68.3791
    [TIMING] UQ Calculation (Proximity_Method_C): 11.0371 s
[TIMING] Random Forest fit/check: 0.01 ms
[TIMING] OOB/In-bag index reconstruction: 346.07 ms
[TIMING] Leaf weights & density precomputation: 790.64 ms
[TIMING] Transfer structures to backend: 0.02 ms
[TIMING] Total fit: 1136.73 ms
[TIMING] Test leaf ID extraction: 69.91 ms
[TIMING] Proximity matrix accumulation: 9674.33 ms
[TIMING] Neighbor sorting & quantiles: 64.49 ms
[TIMING] Total compute_uq: 9809.16 ms
[DEBUG DENSITY] mean walked density = 64.0169, min = 58.3311, max = 68.3791
    [TIMING] UQ Calculation (Proximity_Method_B_C): 10.9476 s
    [TIMING] Metrics Calculation: 1.2772 s
    [TIMING] Total Single Evaluation: 50.1056 s

  >>> Starting: Function=friedman_10d, Seed=3
    [TIMING] Data Generation: 0.0163 s
    [TIMING] Random Forest Fitting: 3.9077 s
    [TIMING] RF Predicting: 0.0634 s
    [TIMING] Base Aleatoric: 0.0987 s
[TIMING] Random Forest fit/check: 0.00 ms
[TIMING] OOB/In-bag index reconstruction: 340.72 ms
[TIMING] Leaf weights & density precomputation: 101.38 ms
[TIMING] Transfer structures to backend: 0.02 ms
[TIMING] Total fit: 442.12 ms
[TIMING] Test leaf ID extraction: 69.42 ms
[TIMING] Proximity matrix accumulation: 3129.31 ms
[TIMING] Neighbor sorting & quantiles: 261.28 ms
[TIMING] Total compute_uq: 3460.42 ms
    [TIMING] UQ Calculation (Proximity_Baseline): 3.9027 s
[TIMING] Random Forest fit/check: 0.00 ms
[TIMING] OOB/In-bag index reconstruction: 341.19 ms
[TIMING] Leaf weights & density precomputation: 746.77 ms
[TIMING] Transfer structures to backend: 0.02 ms
[TIMING] Total fit: 1087.97 ms
[TIMING] Test leaf ID extraction: 78.95 ms
[TIMING] Proximity matrix accumulation: 7741.35 ms
[TIMING] Neighbor sorting & quantiles: 254.37 ms
[TIMING] Total compute_uq: 8075.26 ms
    [TIMING] UQ Calculation (Proximity_Method_A): 9.1637 s
[TIMING] Random Forest fit/check: 0.00 ms
[TIMING] OOB/In-bag index reconstruction: 342.68 ms
[TIMING] Leaf weights & density precomputation: 739.04 ms
[TIMING] Transfer structures to backend: 0.02 ms
[TIMING] Total fit: 1081.73 ms
[TIMING] Test leaf ID extraction: 68.23 ms
[TIMING] Proximity matrix accumulation: 7750.17 ms
[TIMING] Neighbor sorting & quantiles: 62.35 ms
[TIMING] Total compute_uq: 7881.15 ms
    [TIMING] UQ Calculation (Proximity_Method_B): 8.9642 s
[TIMING] Random Forest fit/check: 0.01 ms
[TIMING] OOB/In-bag index reconstruction: 342.33 ms
[TIMING] Leaf weights & density precomputation: 737.02 ms
[TIMING] Transfer structures to backend: 0.01 ms
[TIMING] Total fit: 1079.37 ms
[TIMING] Test leaf ID extraction: 79.86 ms
[TIMING] Proximity matrix accumulation: 9618.44 ms
[TIMING] Neighbor sorting & quantiles: 254.33 ms
[TIMING] Total compute_uq: 9953.12 ms
[DEBUG DENSITY] mean walked density = 64.4455, min = 55.8810, max = 69.9757
    [TIMING] UQ Calculation (Proximity_Method_C): 11.0340 s
[TIMING] Random Forest fit/check: 0.00 ms
[TIMING] OOB/In-bag index reconstruction: 342.40 ms
[TIMING] Leaf weights & density precomputation: 735.22 ms
[TIMING] Transfer structures to backend: 0.02 ms
[TIMING] Total fit: 1077.64 ms
[TIMING] Test leaf ID extraction: 79.42 ms
[TIMING] Proximity matrix accumulation: 9628.80 ms
[TIMING] Neighbor sorting & quantiles: 63.46 ms
[TIMING] Total compute_uq: 9772.13 ms
[DEBUG DENSITY] mean walked density = 64.4455, min = 55.8810, max = 69.9757
    [TIMING] UQ Calculation (Proximity_Method_B_C): 10.8515 s
    [TIMING] Metrics Calculation: 1.8068 s
    [TIMING] Total Single Evaluation: 49.8097 s

  >>> Starting: Function=sin_cos_11d, Seed=3
    [TIMING] Data Generation: 0.0306 s
    [TIMING] Random Forest Fitting: 7.4567 s
    [TIMING] RF Predicting: 0.0738 s
    [TIMING] Base Aleatoric: 0.1132 s
[TIMING] Random Forest fit/check: 0.00 ms
[TIMING] OOB/In-bag index reconstruction: 352.99 ms
[TIMING] Leaf weights & density precomputation: 108.60 ms
[TIMING] Transfer structures to backend: 0.02 ms
[TIMING] Total fit: 461.61 ms
[TIMING] Test leaf ID extraction: 79.60 ms
[TIMING] Proximity matrix accumulation: 3811.98 ms
[TIMING] Neighbor sorting & quantiles: 311.68 ms
[TIMING] Total compute_uq: 4203.76 ms
    [TIMING] UQ Calculation (Proximity_Baseline): 4.6657 s
[TIMING] Random Forest fit/check: 0.00 ms
[TIMING] OOB/In-bag index reconstruction: 353.14 ms
[TIMING] Leaf weights & density precomputation: 928.28 ms
[TIMING] Transfer structures to backend: 0.02 ms
[TIMING] Total fit: 1281.45 ms
[TIMING] Test leaf ID extraction: 80.00 ms
[TIMING] Proximity matrix accumulation: 9360.62 ms
[TIMING] Neighbor sorting & quantiles: 306.81 ms
[TIMING] Total compute_uq: 9747.91 ms
    [TIMING] UQ Calculation (Proximity_Method_A): 11.0299 s
[TIMING] Random Forest fit/check: 0.00 ms
[TIMING] OOB/In-bag index reconstruction: 344.86 ms
[TIMING] Leaf weights & density precomputation: 938.31 ms
[TIMING] Transfer structures to backend: 0.02 ms
[TIMING] Total fit: 1283.19 ms
[TIMING] Test leaf ID extraction: 80.42 ms
[TIMING] Proximity matrix accumulation: 9357.43 ms
[TIMING] Neighbor sorting & quantiles: 75.69 ms
[TIMING] Total compute_uq: 9513.96 ms
    [TIMING] UQ Calculation (Proximity_Method_B): 10.7984 s
[TIMING] Random Forest fit/check: 0.01 ms
[TIMING] OOB/In-bag index reconstruction: 717.53 ms
[TIMING] Leaf weights & density precomputation: 1250.39 ms
[TIMING] Transfer structures to backend: 0.02 ms
[TIMING] Total fit: 1967.95 ms
[TIMING] Test leaf ID extraction: 318.25 ms
[TIMING] Proximity matrix accumulation: 11609.73 ms
[TIMING] Neighbor sorting & quantiles: 306.72 ms
[TIMING] Total compute_uq: 12235.27 ms
[DEBUG DENSITY] mean walked density = 64.3390, min = 60.6016, max = 67.9417
    [TIMING] UQ Calculation (Proximity_Method_C): 14.2053 s
[TIMING] Random Forest fit/check: 0.00 ms
[TIMING] OOB/In-bag index reconstruction: 346.79 ms
[TIMING] Leaf weights & density precomputation: 935.72 ms
[TIMING] Transfer structures to backend: 0.01 ms
[TIMING] Total fit: 1282.53 ms
[TIMING] Test leaf ID extraction: 79.36 ms
[TIMING] Proximity matrix accumulation: 11626.35 ms
[TIMING] Neighbor sorting & quantiles: 75.01 ms
[TIMING] Total compute_uq: 11781.16 ms
[DEBUG DENSITY] mean walked density = 64.3390, min = 60.6016, max = 67.9417
    [TIMING] UQ Calculation (Proximity_Method_B_C): 13.0652 s
    [TIMING] Metrics Calculation: 0.1826 s
    [TIMING] Total Single Evaluation: 61.6223 s

  >>> Starting: Function=sin_cos_12d, Seed=3
    [TIMING] Data Generation: 0.0269 s
    [TIMING] Random Forest Fitting: 11.7848 s
    [TIMING] RF Predicting: 0.4411 s
    [TIMING] Base Aleatoric: 0.4116 s
[TIMING] Random Forest fit/check: 0.00 ms
[TIMING] OOB/In-bag index reconstruction: 1198.28 ms
[TIMING] Leaf weights & density precomputation: 326.76 ms
[TIMING] Transfer structures to backend: 0.02 ms
[TIMING] Total fit: 1525.06 ms
[TIMING] Test leaf ID extraction: 149.49 ms
[TIMING] Proximity matrix accumulation: 4561.22 ms
[TIMING] Neighbor sorting & quantiles: 370.59 ms
[TIMING] Total compute_uq: 5081.88 ms
    [TIMING] UQ Calculation (Proximity_Baseline): 6.6073 s
[TIMING] Random Forest fit/check: 0.01 ms
[TIMING] OOB/In-bag index reconstruction: 354.84 ms
[TIMING] Leaf weights & density precomputation: 1042.72 ms
[TIMING] Transfer structures to backend: 0.02 ms
[TIMING] Total fit: 1397.58 ms
[TIMING] Test leaf ID extraction: 90.73 ms
[TIMING] Proximity matrix accumulation: 11128.27 ms
[TIMING] Neighbor sorting & quantiles: 365.26 ms
[TIMING] Total compute_uq: 11584.86 ms
    [TIMING] UQ Calculation (Proximity_Method_A): 12.9830 s
[TIMING] Random Forest fit/check: 0.01 ms
[TIMING] OOB/In-bag index reconstruction: 360.64 ms
[TIMING] Leaf weights & density precomputation: 1030.64 ms
[TIMING] Transfer structures to backend: 0.02 ms
[TIMING] Total fit: 1391.31 ms
[TIMING] Test leaf ID extraction: 90.60 ms
[TIMING] Proximity matrix accumulation: 11142.43 ms
[TIMING] Neighbor sorting & quantiles: 89.70 ms
[TIMING] Total compute_uq: 11323.24 ms
    [TIMING] UQ Calculation (Proximity_Method_B): 12.7161 s
[TIMING] Random Forest fit/check: 0.01 ms
[TIMING] OOB/In-bag index reconstruction: 356.39 ms
[TIMING] Leaf weights & density precomputation: 1036.85 ms
[TIMING] Transfer structures to backend: 0.02 ms
[TIMING] Total fit: 1393.27 ms
[TIMING] Test leaf ID extraction: 90.48 ms
[TIMING] Proximity matrix accumulation: 13792.55 ms
[TIMING] Neighbor sorting & quantiles: 365.19 ms
[TIMING] Total compute_uq: 14248.77 ms
[DEBUG DENSITY] mean walked density = 64.4144, min = 61.2948, max = 68.4412
    [TIMING] UQ Calculation (Proximity_Method_C): 15.6440 s
[TIMING] Random Forest fit/check: 0.00 ms
[TIMING] OOB/In-bag index reconstruction: 355.27 ms
[TIMING] Leaf weights & density precomputation: 1032.08 ms
[TIMING] Transfer structures to backend: 0.02 ms
[TIMING] Total fit: 1387.37 ms
[TIMING] Test leaf ID extraction: 91.03 ms
[TIMING] Proximity matrix accumulation: 13827.90 ms
[TIMING] Neighbor sorting & quantiles: 89.90 ms
[TIMING] Total compute_uq: 14009.42 ms
[DEBUG DENSITY] mean walked density = 64.4144, min = 61.2948, max = 68.4412
    [TIMING] UQ Calculation (Proximity_Method_B_C): 15.3986 s
    [TIMING] Metrics Calculation: 0.1915 s
    [TIMING] Total Single Evaluation: 76.2058 s

  >>> Starting: Function=sin_cos_13d, Seed=3
    [TIMING] Data Generation: 0.0313 s
    [TIMING] Random Forest Fitting: 10.7051 s
    [TIMING] RF Predicting: 0.0839 s
    [TIMING] Base Aleatoric: 0.1310 s
[TIMING] Random Forest fit/check: 0.00 ms
[TIMING] OOB/In-bag index reconstruction: 367.98 ms
[TIMING] Leaf weights & density precomputation: 115.61 ms
[TIMING] Transfer structures to backend: 0.02 ms
[TIMING] Total fit: 483.61 ms
[TIMING] Test leaf ID extraction: 101.44 ms
[TIMING] Proximity matrix accumulation: 5375.43 ms
[TIMING] Neighbor sorting & quantiles: 433.61 ms
[TIMING] Total compute_uq: 5910.99 ms
    [TIMING] UQ Calculation (Proximity_Baseline): 6.3949 s
[TIMING] Random Forest fit/check: 0.00 ms
[TIMING] OOB/In-bag index reconstruction: 362.38 ms
[TIMING] Leaf weights & density precomputation: 1091.72 ms
[TIMING] Transfer structures to backend: 0.01 ms
[TIMING] Total fit: 1454.12 ms
[TIMING] Test leaf ID extraction: 101.62 ms
[TIMING] Proximity matrix accumulation: 13061.26 ms
[TIMING] Neighbor sorting & quantiles: 426.80 ms
[TIMING] Total compute_uq: 13590.23 ms
    [TIMING] UQ Calculation (Proximity_Method_A): 15.0450 s
[TIMING] Random Forest fit/check: 0.01 ms
[TIMING] OOB/In-bag index reconstruction: 369.48 ms
[TIMING] Leaf weights & density precomputation: 1088.93 ms
[TIMING] Transfer structures to backend: 0.02 ms
[TIMING] Total fit: 1458.44 ms
[TIMING] Test leaf ID extraction: 100.83 ms
[TIMING] Proximity matrix accumulation: 13066.18 ms
[TIMING] Neighbor sorting & quantiles: 119.50 ms
[TIMING] Total compute_uq: 13287.02 ms
    [TIMING] UQ Calculation (Proximity_Method_B): 14.7469 s
[TIMING] Random Forest fit/check: 0.00 ms
[TIMING] OOB/In-bag index reconstruction: 365.00 ms
[TIMING] Leaf weights & density precomputation: 1089.30 ms
[TIMING] Transfer structures to backend: 0.01 ms
[TIMING] Total fit: 1454.32 ms
[TIMING] Test leaf ID extraction: 90.51 ms
[TIMING] Proximity matrix accumulation: 16171.75 ms
[TIMING] Neighbor sorting & quantiles: 426.92 ms
[TIMING] Total compute_uq: 16689.85 ms
[DEBUG DENSITY] mean walked density = 64.4579, min = 60.8281, max = 67.9549
    [TIMING] UQ Calculation (Proximity_Method_C): 18.1459 s
[TIMING] Random Forest fit/check: 0.01 ms
[TIMING] OOB/In-bag index reconstruction: 368.18 ms
[TIMING] Leaf weights & density precomputation: 1095.11 ms
[TIMING] Transfer structures to backend: 0.02 ms
[TIMING] Total fit: 1463.32 ms
[TIMING] Test leaf ID extraction: 101.12 ms
[TIMING] Proximity matrix accumulation: 16179.44 ms
[TIMING] Neighbor sorting & quantiles: 103.08 ms
[TIMING] Total compute_uq: 16384.13 ms
[DEBUG DENSITY] mean walked density = 64.4579, min = 60.8281, max = 67.9549
    [TIMING] UQ Calculation (Proximity_Method_B_C): 17.8493 s
    [TIMING] Metrics Calculation: 8.7794 s
    [TIMING] Total Single Evaluation: 91.9135 s

  >>> Starting: Function=sin_cos_14d, Seed=3
    [TIMING] Data Generation: 0.0497 s
    [TIMING] Random Forest Fitting: 11.2024 s
    [TIMING] RF Predicting: 0.0938 s
    [TIMING] Base Aleatoric: 0.1397 s
[TIMING] Random Forest fit/check: 0.00 ms
[TIMING] OOB/In-bag index reconstruction: 382.29 ms
[TIMING] Leaf weights & density precomputation: 122.04 ms
[TIMING] Transfer structures to backend: 0.02 ms
[TIMING] Total fit: 504.35 ms
[TIMING] Test leaf ID extraction: 112.79 ms
[TIMING] Proximity matrix accumulation: 6248.72 ms
[TIMING] Neighbor sorting & quantiles: 502.48 ms
[TIMING] Total compute_uq: 6864.61 ms
    [TIMING] UQ Calculation (Proximity_Baseline): 7.3695 s
[TIMING] Random Forest fit/check: 0.00 ms
[TIMING] OOB/In-bag index reconstruction: 378.64 ms
[TIMING] Leaf weights & density precomputation: 1129.85 ms
[TIMING] Transfer structures to backend: 0.02 ms
[TIMING] Total fit: 1508.51 ms
[TIMING] Test leaf ID extraction: 113.39 ms
[TIMING] Proximity matrix accumulation: 15132.31 ms
[TIMING] Neighbor sorting & quantiles: 495.26 ms
[TIMING] Total compute_uq: 15741.61 ms
    [TIMING] UQ Calculation (Proximity_Method_A): 17.2510 s
[TIMING] Random Forest fit/check: 0.01 ms
[TIMING] OOB/In-bag index reconstruction: 386.31 ms
[TIMING] Leaf weights & density precomputation: 1160.30 ms
[TIMING] Transfer structures to backend: 0.02 ms
[TIMING] Total fit: 1546.64 ms
[TIMING] Test leaf ID extraction: 113.06 ms
[TIMING] Proximity matrix accumulation: 15133.19 ms
[TIMING] Neighbor sorting & quantiles: 118.46 ms
[TIMING] Total compute_uq: 15365.28 ms
    [TIMING] UQ Calculation (Proximity_Method_B): 16.9137 s
[TIMING] Random Forest fit/check: 0.00 ms
[TIMING] OOB/In-bag index reconstruction: 379.15 ms
[TIMING] Leaf weights & density precomputation: 1123.40 ms
[TIMING] Transfer structures to backend: 0.03 ms
[TIMING] Total fit: 1502.58 ms
[TIMING] Test leaf ID extraction: 102.88 ms
[TIMING] Proximity matrix accumulation: 18738.73 ms
[TIMING] Neighbor sorting & quantiles: 495.31 ms
[TIMING] Total compute_uq: 19337.59 ms
[DEBUG DENSITY] mean walked density = 64.5420, min = 61.2017, max = 67.9651
    [TIMING] UQ Calculation (Proximity_Method_C): 20.8422 s
[TIMING] Random Forest fit/check: 0.01 ms
[TIMING] OOB/In-bag index reconstruction: 383.12 ms
[TIMING] Leaf weights & density precomputation: 1123.34 ms
[TIMING] Transfer structures to backend: 0.04 ms
[TIMING] Total fit: 1506.51 ms
[TIMING] Test leaf ID extraction: 113.70 ms
[TIMING] Proximity matrix accumulation: 18746.00 ms
[TIMING] Neighbor sorting & quantiles: 117.91 ms
[TIMING] Total compute_uq: 18978.20 ms
[DEBUG DENSITY] mean walked density = 64.5420, min = 61.2017, max = 67.9651
    [TIMING] UQ Calculation (Proximity_Method_B_C): 20.4871 s
    [TIMING] Metrics Calculation: 7.5546 s
    [TIMING] Total Single Evaluation: 101.9046 s

  >>> Starting: Function=sin_cos_15d, Seed=3
    [TIMING] Data Generation: 0.0868 s
    [TIMING] Random Forest Fitting: 15.8458 s
    [TIMING] RF Predicting: 0.1047 s
    [TIMING] Base Aleatoric: 0.1404 s
[TIMING] Random Forest fit/check: 0.00 ms
[TIMING] OOB/In-bag index reconstruction: 390.69 ms
[TIMING] Leaf weights & density precomputation: 128.52 ms
[TIMING] Transfer structures to backend: 0.02 ms
[TIMING] Total fit: 519.24 ms
[TIMING] Test leaf ID extraction: 124.60 ms
[TIMING] Proximity matrix accumulation: 7191.52 ms
[TIMING] Neighbor sorting & quantiles: 576.35 ms
[TIMING] Total compute_uq: 7893.09 ms
    [TIMING] UQ Calculation (Proximity_Baseline): 8.4130 s
[TIMING] Random Forest fit/check: 0.00 ms
[TIMING] OOB/In-bag index reconstruction: 390.83 ms
[TIMING] Leaf weights & density precomputation: 1283.64 ms
[TIMING] Transfer structures to backend: 0.02 ms
[TIMING] Total fit: 1674.49 ms
[TIMING] Test leaf ID extraction: 113.96 ms
[TIMING] Proximity matrix accumulation: 17360.37 ms
[TIMING] Neighbor sorting & quantiles: 567.50 ms
[TIMING] Total compute_uq: 18042.46 ms
    [TIMING] UQ Calculation (Proximity_Method_A): 19.7178 s
[TIMING] Random Forest fit/check: 0.01 ms
[TIMING] OOB/In-bag index reconstruction: 384.72 ms
[TIMING] Leaf weights & density precomputation: 1282.78 ms
[TIMING] Transfer structures to backend: 0.02 ms
[TIMING] Total fit: 1667.52 ms
[TIMING] Test leaf ID extraction: 113.94 ms
[TIMING] Proximity matrix accumulation: 17365.15 ms
[TIMING] Neighbor sorting & quantiles: 132.58 ms
[TIMING] Total compute_uq: 17612.26 ms
    [TIMING] UQ Calculation (Proximity_Method_B): 19.2816 s
[TIMING] Random Forest fit/check: 0.01 ms
[TIMING] OOB/In-bag index reconstruction: 435.20 ms
[TIMING] Leaf weights & density precomputation: 1283.65 ms
[TIMING] Transfer structures to backend: 0.02 ms
[TIMING] Total fit: 1718.87 ms
[TIMING] Test leaf ID extraction: 124.97 ms
[TIMING] Proximity matrix accumulation: 21515.82 ms
[TIMING] Neighbor sorting & quantiles: 568.34 ms
[TIMING] Total compute_uq: 22209.87 ms
[DEBUG DENSITY] mean walked density = 64.6506, min = 61.1883, max = 68.5049
    [TIMING] UQ Calculation (Proximity_Method_C): 23.9311 s
[TIMING] Random Forest fit/check: 0.01 ms
[TIMING] OOB/In-bag index reconstruction: 391.48 ms
[TIMING] Leaf weights & density precomputation: 1322.51 ms
[TIMING] Transfer structures to backend: 0.02 ms
[TIMING] Total fit: 1714.02 ms
[TIMING] Test leaf ID extraction: 114.14 ms
[TIMING] Proximity matrix accumulation: 21513.09 ms
[TIMING] Neighbor sorting & quantiles: 132.78 ms
[TIMING] Total compute_uq: 21760.60 ms
[DEBUG DENSITY] mean walked density = 64.6506, min = 61.1883, max = 68.5049
    [TIMING] UQ Calculation (Proximity_Method_B_C): 23.4768 s
    [TIMING] Metrics Calculation: 9.1575 s
    [TIMING] Total Single Evaluation: 120.1563 s
 [OK] (1118.1s, ETA: 55m remaining)
[RUN 5/7] 
  >>> Starting: Function=sin, Seed=4
    [TIMING] Data Generation: 0.0004 s
    [TIMING] Random Forest Fitting: 0.4467 s
    [TIMING] RF Predicting: 0.0431 s
    [TIMING] Base Aleatoric: 0.0498 s
[TIMING] Random Forest fit/check: 0.00 ms
[TIMING] OOB/In-bag index reconstruction: 165.24 ms
[TIMING] Leaf weights & density precomputation: 50.63 ms
[TIMING] Transfer structures to backend: 0.01 ms
[TIMING] Total fit: 215.88 ms
[TIMING] Test leaf ID extraction: 44.83 ms
[TIMING] Proximity matrix accumulation: 36.13 ms
[TIMING] Neighbor sorting & quantiles: 4.20 ms
[TIMING] Total compute_uq: 85.45 ms
    [TIMING] UQ Calculation (Proximity_Baseline): 0.3015 s
[TIMING] Random Forest fit/check: 0.00 ms
[TIMING] OOB/In-bag index reconstruction: 167.36 ms
[TIMING] Leaf weights & density precomputation: 296.35 ms
[TIMING] Transfer structures to backend: 0.01 ms
[TIMING] Total fit: 463.72 ms
[TIMING] Test leaf ID extraction: 44.41 ms
[TIMING] Proximity matrix accumulation: 159.89 ms
[TIMING] Neighbor sorting & quantiles: 4.08 ms
[TIMING] Total compute_uq: 208.56 ms
    [TIMING] UQ Calculation (Proximity_Method_A): 0.6726 s
[TIMING] Random Forest fit/check: 0.00 ms
[TIMING] OOB/In-bag index reconstruction: 166.99 ms
[TIMING] Leaf weights & density precomputation: 294.91 ms
[TIMING] Transfer structures to backend: 0.01 ms
[TIMING] Total fit: 461.91 ms
[TIMING] Test leaf ID extraction: 44.92 ms
[TIMING] Proximity matrix accumulation: 157.08 ms
[TIMING] Neighbor sorting & quantiles: 4.92 ms
[TIMING] Total compute_uq: 207.11 ms
    [TIMING] UQ Calculation (Proximity_Method_B): 0.6701 s
[TIMING] Random Forest fit/check: 0.00 ms
[TIMING] OOB/In-bag index reconstruction: 166.20 ms
[TIMING] Leaf weights & density precomputation: 294.63 ms
[TIMING] Transfer structures to backend: 0.01 ms
[TIMING] Total fit: 460.84 ms
[TIMING] Test leaf ID extraction: 33.76 ms
[TIMING] Proximity matrix accumulation: 229.11 ms
[TIMING] Neighbor sorting & quantiles: 4.10 ms
[TIMING] Total compute_uq: 267.21 ms
[DEBUG DENSITY] mean walked density = 61.0036, min = 54.7645, max = 73.3512
    [TIMING] UQ Calculation (Proximity_Method_C): 0.7293 s
[TIMING] Random Forest fit/check: 0.00 ms
[TIMING] OOB/In-bag index reconstruction: 167.06 ms
[TIMING] Leaf weights & density precomputation: 293.37 ms
[TIMING] Transfer structures to backend: 0.01 ms
[TIMING] Total fit: 460.45 ms
[TIMING] Test leaf ID extraction: 45.18 ms
[TIMING] Proximity matrix accumulation: 214.24 ms
[TIMING] Neighbor sorting & quantiles: 4.85 ms
[TIMING] Total compute_uq: 264.46 ms
[DEBUG DENSITY] mean walked density = 61.0036, min = 54.7645, max = 73.3512
    [TIMING] UQ Calculation (Proximity_Method_B_C): 0.7262 s
    [TIMING] Metrics Calculation: 0.0689 s
    [TIMING] Total Single Evaluation: 3.7090 s

  >>> Starting: Function=cos_trend, Seed=4
    [TIMING] Data Generation: 0.0003 s
    [TIMING] Random Forest Fitting: 0.3597 s
    [TIMING] RF Predicting: 0.0438 s
    [TIMING] Base Aleatoric: 0.0486 s
[TIMING] Random Forest fit/check: 0.00 ms
[TIMING] OOB/In-bag index reconstruction: 155.21 ms
[TIMING] Leaf weights & density precomputation: 49.52 ms
[TIMING] Transfer structures to backend: 0.01 ms
[TIMING] Total fit: 204.74 ms
[TIMING] Test leaf ID extraction: 44.14 ms
[TIMING] Proximity matrix accumulation: 36.42 ms
[TIMING] Neighbor sorting & quantiles: 4.18 ms
[TIMING] Total compute_uq: 84.92 ms
    [TIMING] UQ Calculation (Proximity_Baseline): 0.2898 s
[TIMING] Random Forest fit/check: 0.00 ms
[TIMING] OOB/In-bag index reconstruction: 167.84 ms
[TIMING] Leaf weights & density precomputation: 288.07 ms
[TIMING] Transfer structures to backend: 0.01 ms
[TIMING] Total fit: 455.92 ms
[TIMING] Test leaf ID extraction: 44.61 ms
[TIMING] Proximity matrix accumulation: 158.08 ms
[TIMING] Neighbor sorting & quantiles: 4.08 ms
[TIMING] Total compute_uq: 206.98 ms
    [TIMING] UQ Calculation (Proximity_Method_A): 0.6632 s
[TIMING] Random Forest fit/check: 0.00 ms
[TIMING] OOB/In-bag index reconstruction: 166.83 ms
[TIMING] Leaf weights & density precomputation: 289.70 ms
[TIMING] Transfer structures to backend: 0.01 ms
[TIMING] Total fit: 456.55 ms
[TIMING] Test leaf ID extraction: 44.53 ms
[TIMING] Proximity matrix accumulation: 158.34 ms
[TIMING] Neighbor sorting & quantiles: 4.89 ms
[TIMING] Total compute_uq: 207.91 ms
    [TIMING] UQ Calculation (Proximity_Method_B): 0.6656 s
[TIMING] Random Forest fit/check: 0.00 ms
[TIMING] OOB/In-bag index reconstruction: 166.84 ms
[TIMING] Leaf weights & density precomputation: 288.35 ms
[TIMING] Transfer structures to backend: 0.01 ms
[TIMING] Total fit: 455.21 ms
[TIMING] Test leaf ID extraction: 34.38 ms
[TIMING] Proximity matrix accumulation: 215.94 ms
[TIMING] Neighbor sorting & quantiles: 4.10 ms
[TIMING] Total compute_uq: 254.61 ms
[DEBUG DENSITY] mean walked density = 60.6764, min = 52.8401, max = 72.4114
    [TIMING] UQ Calculation (Proximity_Method_C): 0.7111 s
[TIMING] Random Forest fit/check: 0.00 ms
[TIMING] OOB/In-bag index reconstruction: 165.43 ms
[TIMING] Leaf weights & density precomputation: 291.78 ms
[TIMING] Transfer structures to backend: 0.01 ms
[TIMING] Total fit: 457.22 ms
[TIMING] Test leaf ID extraction: 44.79 ms
[TIMING] Proximity matrix accumulation: 215.23 ms
[TIMING] Neighbor sorting & quantiles: 4.85 ms
[TIMING] Total compute_uq: 265.06 ms
[DEBUG DENSITY] mean walked density = 60.6764, min = 52.8401, max = 72.4114
    [TIMING] UQ Calculation (Proximity_Method_B_C): 0.7235 s
    [TIMING] Metrics Calculation: 0.0919 s
    [TIMING] Total Single Evaluation: 3.5978 s

  >>> Starting: Function=poly, Seed=4
    [TIMING] Data Generation: 0.0004 s
    [TIMING] Random Forest Fitting: 0.4385 s
    [TIMING] RF Predicting: 0.0329 s
    [TIMING] Base Aleatoric: 0.0377 s
[TIMING] Random Forest fit/check: 0.00 ms
[TIMING] OOB/In-bag index reconstruction: 168.32 ms
[TIMING] Leaf weights & density precomputation: 50.18 ms
[TIMING] Transfer structures to backend: 0.01 ms
[TIMING] Total fit: 218.51 ms
[TIMING] Test leaf ID extraction: 44.83 ms
[TIMING] Proximity matrix accumulation: 36.24 ms
[TIMING] Neighbor sorting & quantiles: 4.18 ms
[TIMING] Total compute_uq: 85.47 ms
    [TIMING] UQ Calculation (Proximity_Baseline): 0.3041 s
[TIMING] Random Forest fit/check: 0.00 ms
[TIMING] OOB/In-bag index reconstruction: 156.39 ms
[TIMING] Leaf weights & density precomputation: 296.43 ms
[TIMING] Transfer structures to backend: 0.03 ms
[TIMING] Total fit: 452.85 ms
[TIMING] Test leaf ID extraction: 34.88 ms
[TIMING] Proximity matrix accumulation: 158.67 ms
[TIMING] Neighbor sorting & quantiles: 4.10 ms
[TIMING] Total compute_uq: 197.85 ms
    [TIMING] UQ Calculation (Proximity_Method_A): 0.6511 s
[TIMING] Random Forest fit/check: 0.00 ms
[TIMING] OOB/In-bag index reconstruction: 154.46 ms
[TIMING] Leaf weights & density precomputation: 293.25 ms
[TIMING] Transfer structures to backend: 0.01 ms
[TIMING] Total fit: 447.72 ms
[TIMING] Test leaf ID extraction: 44.63 ms
[TIMING] Proximity matrix accumulation: 156.86 ms
[TIMING] Neighbor sorting & quantiles: 4.93 ms
[TIMING] Total compute_uq: 206.61 ms
    [TIMING] UQ Calculation (Proximity_Method_B): 0.6554 s
[TIMING] Random Forest fit/check: 0.00 ms
[TIMING] OOB/In-bag index reconstruction: 156.69 ms
[TIMING] Leaf weights & density precomputation: 298.18 ms
[TIMING] Transfer structures to backend: 0.01 ms
[TIMING] Total fit: 454.89 ms
[TIMING] Test leaf ID extraction: 44.14 ms
[TIMING] Proximity matrix accumulation: 213.44 ms
[TIMING] Neighbor sorting & quantiles: 4.09 ms
[TIMING] Total compute_uq: 261.87 ms
[DEBUG DENSITY] mean walked density = 61.0029, min = 54.6812, max = 72.9512
    [TIMING] UQ Calculation (Proximity_Method_C): 0.7181 s
[TIMING] Random Forest fit/check: 0.00 ms
[TIMING] OOB/In-bag index reconstruction: 166.64 ms
[TIMING] Leaf weights & density precomputation: 305.49 ms
[TIMING] Transfer structures to backend: 0.01 ms
[TIMING] Total fit: 472.15 ms
[TIMING] Test leaf ID extraction: 44.84 ms
[TIMING] Proximity matrix accumulation: 213.02 ms
[TIMING] Neighbor sorting & quantiles: 4.81 ms
[TIMING] Total compute_uq: 262.84 ms
[DEBUG DENSITY] mean walked density = 61.0029, min = 54.6812, max = 72.9512
    [TIMING] UQ Calculation (Proximity_Method_B_C): 0.7363 s
    [TIMING] Metrics Calculation: 0.0684 s
    [TIMING] Total Single Evaluation: 3.6431 s

  >>> Starting: Function=damped_osc, Seed=4
    [TIMING] Data Generation: 0.0004 s
    [TIMING] Random Forest Fitting: 0.3682 s
    [TIMING] RF Predicting: 0.0433 s
    [TIMING] Base Aleatoric: 0.0390 s
[TIMING] Random Forest fit/check: 0.00 ms
[TIMING] OOB/In-bag index reconstruction: 155.61 ms
[TIMING] Leaf weights & density precomputation: 49.74 ms
[TIMING] Transfer structures to backend: 0.01 ms
[TIMING] Total fit: 205.35 ms
[TIMING] Test leaf ID extraction: 43.90 ms
[TIMING] Proximity matrix accumulation: 36.24 ms
[TIMING] Neighbor sorting & quantiles: 4.17 ms
[TIMING] Total compute_uq: 84.50 ms
    [TIMING] UQ Calculation (Proximity_Baseline): 0.2900 s
[TIMING] Random Forest fit/check: 0.00 ms
[TIMING] OOB/In-bag index reconstruction: 167.95 ms
[TIMING] Leaf weights & density precomputation: 286.33 ms
[TIMING] Transfer structures to backend: 0.01 ms
[TIMING] Total fit: 454.29 ms
[TIMING] Test leaf ID extraction: 34.09 ms
[TIMING] Proximity matrix accumulation: 157.15 ms
[TIMING] Neighbor sorting & quantiles: 4.08 ms
[TIMING] Total compute_uq: 195.50 ms
    [TIMING] UQ Calculation (Proximity_Method_A): 0.6501 s
[TIMING] Random Forest fit/check: 0.00 ms
[TIMING] OOB/In-bag index reconstruction: 165.87 ms
[TIMING] Leaf weights & density precomputation: 286.60 ms
[TIMING] Transfer structures to backend: 0.01 ms
[TIMING] Total fit: 452.49 ms
[TIMING] Test leaf ID extraction: 34.20 ms
[TIMING] Proximity matrix accumulation: 156.09 ms
[TIMING] Neighbor sorting & quantiles: 4.84 ms
[TIMING] Total compute_uq: 195.29 ms
    [TIMING] UQ Calculation (Proximity_Method_B): 0.6487 s
[TIMING] Random Forest fit/check: 0.00 ms
[TIMING] OOB/In-bag index reconstruction: 156.21 ms
[TIMING] Leaf weights & density precomputation: 285.50 ms
[TIMING] Transfer structures to backend: 0.01 ms
[TIMING] Total fit: 441.73 ms
[TIMING] Test leaf ID extraction: 34.48 ms
[TIMING] Proximity matrix accumulation: 213.37 ms
[TIMING] Neighbor sorting & quantiles: 4.25 ms
[TIMING] Total compute_uq: 252.28 ms
[DEBUG DENSITY] mean walked density = 62.6845, min = 57.2148, max = 73.3521
    [TIMING] UQ Calculation (Proximity_Method_C): 0.6952 s
[TIMING] Random Forest fit/check: 0.00 ms
[TIMING] OOB/In-bag index reconstruction: 156.45 ms
[TIMING] Leaf weights & density precomputation: 286.92 ms
[TIMING] Transfer structures to backend: 0.01 ms
[TIMING] Total fit: 443.38 ms
[TIMING] Test leaf ID extraction: 34.46 ms
[TIMING] Proximity matrix accumulation: 212.63 ms
[TIMING] Neighbor sorting & quantiles: 4.82 ms
[TIMING] Total compute_uq: 252.11 ms
[DEBUG DENSITY] mean walked density = 62.6845, min = 57.2148, max = 73.3521
    [TIMING] UQ Calculation (Proximity_Method_B_C): 0.6968 s
    [TIMING] Metrics Calculation: 0.0880 s
    [TIMING] Total Single Evaluation: 3.5199 s

  >>> Starting: Function=log_mod, Seed=4
    [TIMING] Data Generation: 0.0004 s
    [TIMING] Random Forest Fitting: 0.3692 s
    [TIMING] RF Predicting: 0.0430 s
    [TIMING] Base Aleatoric: 0.0391 s
[TIMING] Random Forest fit/check: 0.00 ms
[TIMING] OOB/In-bag index reconstruction: 155.88 ms
[TIMING] Leaf weights & density precomputation: 49.82 ms
[TIMING] Transfer structures to backend: 0.01 ms
[TIMING] Total fit: 205.71 ms
[TIMING] Test leaf ID extraction: 44.37 ms
[TIMING] Proximity matrix accumulation: 36.08 ms
[TIMING] Neighbor sorting & quantiles: 4.16 ms
[TIMING] Total compute_uq: 84.75 ms
    [TIMING] UQ Calculation (Proximity_Baseline): 0.2906 s
[TIMING] Random Forest fit/check: 0.00 ms
[TIMING] OOB/In-bag index reconstruction: 156.47 ms
[TIMING] Leaf weights & density precomputation: 289.37 ms
[TIMING] Transfer structures to backend: 0.01 ms
[TIMING] Total fit: 445.85 ms
[TIMING] Test leaf ID extraction: 34.43 ms
[TIMING] Proximity matrix accumulation: 158.15 ms
[TIMING] Neighbor sorting & quantiles: 4.08 ms
[TIMING] Total compute_uq: 196.84 ms
    [TIMING] UQ Calculation (Proximity_Method_A): 0.6430 s
[TIMING] Random Forest fit/check: 0.00 ms
[TIMING] OOB/In-bag index reconstruction: 155.78 ms
[TIMING] Leaf weights & density precomputation: 349.05 ms
[TIMING] Transfer structures to backend: 0.01 ms
[TIMING] Total fit: 504.84 ms
[TIMING] Test leaf ID extraction: 46.52 ms
[TIMING] Proximity matrix accumulation: 155.65 ms
[TIMING] Neighbor sorting & quantiles: 4.83 ms
[TIMING] Total compute_uq: 207.20 ms
    [TIMING] UQ Calculation (Proximity_Method_B): 0.7130 s
[TIMING] Random Forest fit/check: 0.00 ms
[TIMING] OOB/In-bag index reconstruction: 154.20 ms
[TIMING] Leaf weights & density precomputation: 289.78 ms
[TIMING] Transfer structures to backend: 0.01 ms
[TIMING] Total fit: 443.99 ms
[TIMING] Test leaf ID extraction: 44.35 ms
[TIMING] Proximity matrix accumulation: 217.29 ms
[TIMING] Neighbor sorting & quantiles: 4.08 ms
[TIMING] Total compute_uq: 265.91 ms
[DEBUG DENSITY] mean walked density = 61.0535, min = 54.3476, max = 73.5278
    [TIMING] UQ Calculation (Proximity_Method_C): 0.7112 s
[TIMING] Random Forest fit/check: 0.00 ms
[TIMING] OOB/In-bag index reconstruction: 167.10 ms
[TIMING] Leaf weights & density precomputation: 287.92 ms
[TIMING] Transfer structures to backend: 0.01 ms
[TIMING] Total fit: 455.02 ms
[TIMING] Test leaf ID extraction: 34.54 ms
[TIMING] Proximity matrix accumulation: 211.69 ms
[TIMING] Neighbor sorting & quantiles: 4.75 ms
[TIMING] Total compute_uq: 251.17 ms
[DEBUG DENSITY] mean walked density = 61.0535, min = 54.3476, max = 73.5278
    [TIMING] UQ Calculation (Proximity_Method_B_C): 0.7075 s
    [TIMING] Metrics Calculation: 0.0837 s
    [TIMING] Total Single Evaluation: 3.6010 s

  >>> Starting: Function=sin_cos, Seed=4
    [TIMING] Data Generation: 0.0016 s
    [TIMING] Random Forest Fitting: 0.4182 s
    [TIMING] RF Predicting: 0.0431 s
    [TIMING] Base Aleatoric: 0.0519 s
[TIMING] Random Forest fit/check: 0.00 ms
[TIMING] OOB/In-bag index reconstruction: 185.84 ms
[TIMING] Leaf weights & density precomputation: 58.38 ms
[TIMING] Transfer structures to backend: 0.01 ms
[TIMING] Total fit: 244.24 ms
[TIMING] Test leaf ID extraction: 36.38 ms
[TIMING] Proximity matrix accumulation: 149.33 ms
[TIMING] Neighbor sorting & quantiles: 16.32 ms
[TIMING] Total compute_uq: 202.26 ms
    [TIMING] UQ Calculation (Proximity_Baseline): 0.4466 s
[TIMING] Random Forest fit/check: 0.00 ms
[TIMING] OOB/In-bag index reconstruction: 186.49 ms
[TIMING] Leaf weights & density precomputation: 324.35 ms
[TIMING] Transfer structures to backend: 0.01 ms
[TIMING] Total fit: 510.86 ms
[TIMING] Test leaf ID extraction: 35.11 ms
[TIMING] Proximity matrix accumulation: 427.84 ms
[TIMING] Neighbor sorting & quantiles: 15.87 ms
[TIMING] Total compute_uq: 479.06 ms
    [TIMING] UQ Calculation (Proximity_Method_A): 0.9902 s
[TIMING] Random Forest fit/check: 0.00 ms
[TIMING] OOB/In-bag index reconstruction: 176.15 ms
[TIMING] Leaf weights & density precomputation: 326.90 ms
[TIMING] Transfer structures to backend: 0.02 ms
[TIMING] Total fit: 503.07 ms
[TIMING] Test leaf ID extraction: 45.93 ms
[TIMING] Proximity matrix accumulation: 427.24 ms
[TIMING] Neighbor sorting & quantiles: 8.44 ms
[TIMING] Total compute_uq: 481.84 ms
    [TIMING] UQ Calculation (Proximity_Method_B): 0.9862 s
[TIMING] Random Forest fit/check: 0.00 ms
[TIMING] OOB/In-bag index reconstruction: 186.91 ms
[TIMING] Leaf weights & density precomputation: 371.73 ms
[TIMING] Transfer structures to backend: 0.02 ms
[TIMING] Total fit: 558.66 ms
[TIMING] Test leaf ID extraction: 56.74 ms
[TIMING] Proximity matrix accumulation: 533.75 ms
[TIMING] Neighbor sorting & quantiles: 16.07 ms
[TIMING] Total compute_uq: 606.84 ms
[DEBUG DENSITY] mean walked density = 65.4540, min = 56.4297, max = 75.7337
    [TIMING] UQ Calculation (Proximity_Method_C): 1.1674 s
[TIMING] Random Forest fit/check: 0.00 ms
[TIMING] OOB/In-bag index reconstruction: 186.11 ms
[TIMING] Leaf weights & density precomputation: 335.55 ms
[TIMING] Transfer structures to backend: 0.02 ms
[TIMING] Total fit: 521.67 ms
[TIMING] Test leaf ID extraction: 45.50 ms
[TIMING] Proximity matrix accumulation: 530.49 ms
[TIMING] Neighbor sorting & quantiles: 9.41 ms
[TIMING] Total compute_uq: 585.66 ms
[DEBUG DENSITY] mean walked density = 65.4540, min = 56.4297, max = 75.7337
    [TIMING] UQ Calculation (Proximity_Method_B_C): 1.1088 s
    [TIMING] Metrics Calculation: 0.0749 s
    [TIMING] Total Single Evaluation: 5.2894 s

  >>> Starting: Function=quadratic, Seed=4
    [TIMING] Data Generation: 0.0011 s
    [TIMING] Random Forest Fitting: 0.4210 s
    [TIMING] RF Predicting: 0.0533 s
    [TIMING] Base Aleatoric: 0.0529 s
[TIMING] Random Forest fit/check: 0.00 ms
[TIMING] OOB/In-bag index reconstruction: 200.09 ms
[TIMING] Leaf weights & density precomputation: 73.88 ms
[TIMING] Transfer structures to backend: 0.02 ms
[TIMING] Total fit: 274.00 ms
[TIMING] Test leaf ID extraction: 56.92 ms
[TIMING] Proximity matrix accumulation: 149.48 ms
[TIMING] Neighbor sorting & quantiles: 16.36 ms
[TIMING] Total compute_uq: 223.22 ms
    [TIMING] UQ Calculation (Proximity_Baseline): 0.4974 s
[TIMING] Random Forest fit/check: 0.00 ms
[TIMING] OOB/In-bag index reconstruction: 187.02 ms
[TIMING] Leaf weights & density precomputation: 330.32 ms
[TIMING] Transfer structures to backend: 0.02 ms
[TIMING] Total fit: 517.36 ms
[TIMING] Test leaf ID extraction: 45.67 ms
[TIMING] Proximity matrix accumulation: 426.63 ms
[TIMING] Neighbor sorting & quantiles: 15.87 ms
[TIMING] Total compute_uq: 488.41 ms
    [TIMING] UQ Calculation (Proximity_Method_A): 1.0061 s
[TIMING] Random Forest fit/check: 0.00 ms
[TIMING] OOB/In-bag index reconstruction: 187.11 ms
[TIMING] Leaf weights & density precomputation: 331.68 ms
[TIMING] Transfer structures to backend: 0.01 ms
[TIMING] Total fit: 518.81 ms
[TIMING] Test leaf ID extraction: 45.38 ms
[TIMING] Proximity matrix accumulation: 429.20 ms
[TIMING] Neighbor sorting & quantiles: 8.76 ms
[TIMING] Total compute_uq: 483.59 ms
    [TIMING] UQ Calculation (Proximity_Method_B): 1.0035 s
[TIMING] Random Forest fit/check: 0.00 ms
[TIMING] OOB/In-bag index reconstruction: 187.31 ms
[TIMING] Leaf weights & density precomputation: 329.51 ms
[TIMING] Transfer structures to backend: 0.01 ms
[TIMING] Total fit: 516.83 ms
[TIMING] Test leaf ID extraction: 45.39 ms
[TIMING] Proximity matrix accumulation: 531.57 ms
[TIMING] Neighbor sorting & quantiles: 15.98 ms
[TIMING] Total compute_uq: 593.40 ms
[DEBUG DENSITY] mean walked density = 64.4304, min = 56.4870, max = 70.5052
    [TIMING] UQ Calculation (Proximity_Method_C): 1.1115 s
[TIMING] Random Forest fit/check: 0.00 ms
[TIMING] OOB/In-bag index reconstruction: 188.70 ms
[TIMING] Leaf weights & density precomputation: 329.66 ms
[TIMING] Transfer structures to backend: 0.01 ms
[TIMING] Total fit: 518.37 ms
[TIMING] Test leaf ID extraction: 45.78 ms
[TIMING] Proximity matrix accumulation: 532.70 ms
[TIMING] Neighbor sorting & quantiles: 8.31 ms
[TIMING] Total compute_uq: 587.01 ms
[DEBUG DENSITY] mean walked density = 64.4304, min = 56.4870, max = 70.5052
    [TIMING] UQ Calculation (Proximity_Method_B_C): 1.1067 s
    [TIMING] Metrics Calculation: 0.0742 s
    [TIMING] Total Single Evaluation: 5.3280 s

  >>> Starting: Function=sin_sum_mod, Seed=4
    [TIMING] Data Generation: 0.0011 s
    [TIMING] Random Forest Fitting: 0.4588 s
    [TIMING] RF Predicting: 0.0430 s
    [TIMING] Base Aleatoric: 0.0517 s
[TIMING] Random Forest fit/check: 0.00 ms
[TIMING] OOB/In-bag index reconstruction: 186.45 ms
[TIMING] Leaf weights & density precomputation: 59.50 ms
[TIMING] Transfer structures to backend: 0.01 ms
[TIMING] Total fit: 245.96 ms
[TIMING] Test leaf ID extraction: 45.68 ms
[TIMING] Proximity matrix accumulation: 149.66 ms
[TIMING] Neighbor sorting & quantiles: 16.38 ms
[TIMING] Total compute_uq: 212.15 ms
    [TIMING] UQ Calculation (Proximity_Baseline): 0.4582 s
[TIMING] Random Forest fit/check: 0.00 ms
[TIMING] OOB/In-bag index reconstruction: 188.24 ms
[TIMING] Leaf weights & density precomputation: 348.43 ms
[TIMING] Transfer structures to backend: 0.01 ms
[TIMING] Total fit: 536.68 ms
[TIMING] Test leaf ID extraction: 45.66 ms
[TIMING] Proximity matrix accumulation: 426.37 ms
[TIMING] Neighbor sorting & quantiles: 15.92 ms
[TIMING] Total compute_uq: 488.18 ms
    [TIMING] UQ Calculation (Proximity_Method_A): 1.0252 s
[TIMING] Random Forest fit/check: 0.00 ms
[TIMING] OOB/In-bag index reconstruction: 186.64 ms
[TIMING] Leaf weights & density precomputation: 348.60 ms
[TIMING] Transfer structures to backend: 0.01 ms
[TIMING] Total fit: 535.26 ms
[TIMING] Test leaf ID extraction: 45.32 ms
[TIMING] Proximity matrix accumulation: 428.16 ms
[TIMING] Neighbor sorting & quantiles: 8.42 ms
[TIMING] Total compute_uq: 482.09 ms
    [TIMING] UQ Calculation (Proximity_Method_B): 1.0185 s
[TIMING] Random Forest fit/check: 0.00 ms
[TIMING] OOB/In-bag index reconstruction: 187.50 ms
[TIMING] Leaf weights & density precomputation: 350.78 ms
[TIMING] Transfer structures to backend: 0.04 ms
[TIMING] Total fit: 538.31 ms
[TIMING] Test leaf ID extraction: 46.18 ms
[TIMING] Proximity matrix accumulation: 531.41 ms
[TIMING] Neighbor sorting & quantiles: 16.08 ms
[TIMING] Total compute_uq: 593.90 ms
[DEBUG DENSITY] mean walked density = 63.5741, min = 53.1934, max = 74.2836
    [TIMING] UQ Calculation (Proximity_Method_C): 1.1338 s
[TIMING] Random Forest fit/check: 0.00 ms
[TIMING] OOB/In-bag index reconstruction: 188.05 ms
[TIMING] Leaf weights & density precomputation: 345.22 ms
[TIMING] Transfer structures to backend: 0.01 ms
[TIMING] Total fit: 533.28 ms
[TIMING] Test leaf ID extraction: 45.93 ms
[TIMING] Proximity matrix accumulation: 531.28 ms
[TIMING] Neighbor sorting & quantiles: 8.42 ms
[TIMING] Total compute_uq: 585.87 ms
[DEBUG DENSITY] mean walked density = 63.5741, min = 53.1934, max = 74.2836
    [TIMING] UQ Calculation (Proximity_Method_B_C): 1.1204 s
    [TIMING] Metrics Calculation: 0.0728 s
    [TIMING] Total Single Evaluation: 5.3837 s

  >>> Starting: Function=gaussian, Seed=4
    [TIMING] Data Generation: 0.0011 s
    [TIMING] Random Forest Fitting: 0.4252 s
    [TIMING] RF Predicting: 0.0536 s
    [TIMING] Base Aleatoric: 0.0531 s
[TIMING] Random Forest fit/check: 0.00 ms
[TIMING] OOB/In-bag index reconstruction: 198.39 ms
[TIMING] Leaf weights & density precomputation: 59.54 ms
[TIMING] Transfer structures to backend: 0.01 ms
[TIMING] Total fit: 257.94 ms
[TIMING] Test leaf ID extraction: 46.01 ms
[TIMING] Proximity matrix accumulation: 149.58 ms
[TIMING] Neighbor sorting & quantiles: 16.50 ms
[TIMING] Total compute_uq: 212.32 ms
    [TIMING] UQ Calculation (Proximity_Baseline): 0.4704 s
[TIMING] Random Forest fit/check: 0.00 ms
[TIMING] OOB/In-bag index reconstruction: 187.36 ms
[TIMING] Leaf weights & density precomputation: 328.07 ms
[TIMING] Transfer structures to backend: 0.01 ms
[TIMING] Total fit: 515.44 ms
[TIMING] Test leaf ID extraction: 45.96 ms
[TIMING] Proximity matrix accumulation: 427.90 ms
[TIMING] Neighbor sorting & quantiles: 15.89 ms
[TIMING] Total compute_uq: 489.98 ms
    [TIMING] UQ Calculation (Proximity_Method_A): 1.0058 s
[TIMING] Random Forest fit/check: 0.00 ms
[TIMING] OOB/In-bag index reconstruction: 189.63 ms
[TIMING] Leaf weights & density precomputation: 333.79 ms
[TIMING] Transfer structures to backend: 0.01 ms
[TIMING] Total fit: 523.43 ms
[TIMING] Test leaf ID extraction: 46.51 ms
[TIMING] Proximity matrix accumulation: 426.27 ms
[TIMING] Neighbor sorting & quantiles: 8.40 ms
[TIMING] Total compute_uq: 481.37 ms
    [TIMING] UQ Calculation (Proximity_Method_B): 1.0058 s
[TIMING] Random Forest fit/check: 0.00 ms
[TIMING] OOB/In-bag index reconstruction: 186.55 ms
[TIMING] Leaf weights & density precomputation: 327.16 ms
[TIMING] Transfer structures to backend: 0.01 ms
[TIMING] Total fit: 513.73 ms
[TIMING] Test leaf ID extraction: 45.54 ms
[TIMING] Proximity matrix accumulation: 529.95 ms
[TIMING] Neighbor sorting & quantiles: 15.92 ms
[TIMING] Total compute_uq: 591.65 ms
[DEBUG DENSITY] mean walked density = 64.6172, min = 57.9495, max = 72.5356
    [TIMING] UQ Calculation (Proximity_Method_C): 1.1067 s
[TIMING] Random Forest fit/check: 0.00 ms
[TIMING] OOB/In-bag index reconstruction: 186.85 ms
[TIMING] Leaf weights & density precomputation: 331.08 ms
[TIMING] Transfer structures to backend: 0.01 ms
[TIMING] Total fit: 517.95 ms
[TIMING] Test leaf ID extraction: 45.46 ms
[TIMING] Proximity matrix accumulation: 529.56 ms
[TIMING] Neighbor sorting & quantiles: 8.35 ms
[TIMING] Total compute_uq: 583.60 ms
[DEBUG DENSITY] mean walked density = 64.6172, min = 57.9495, max = 72.5356
    [TIMING] UQ Calculation (Proximity_Method_B_C): 1.1029 s
    [TIMING] Metrics Calculation: 0.0797 s
    [TIMING] Total Single Evaluation: 5.3046 s

  >>> Starting: Function=abs_sin, Seed=4
    [TIMING] Data Generation: 0.0010 s
    [TIMING] Random Forest Fitting: 0.4099 s
    [TIMING] RF Predicting: 0.0547 s
    [TIMING] Base Aleatoric: 0.0516 s
[TIMING] Random Forest fit/check: 0.00 ms
[TIMING] OOB/In-bag index reconstruction: 187.29 ms
[TIMING] Leaf weights & density precomputation: 59.35 ms
[TIMING] Transfer structures to backend: 0.01 ms
[TIMING] Total fit: 246.66 ms
[TIMING] Test leaf ID extraction: 46.17 ms
[TIMING] Proximity matrix accumulation: 149.38 ms
[TIMING] Neighbor sorting & quantiles: 16.35 ms
[TIMING] Total compute_uq: 212.13 ms
    [TIMING] UQ Calculation (Proximity_Baseline): 0.4589 s
[TIMING] Random Forest fit/check: 0.00 ms
[TIMING] OOB/In-bag index reconstruction: 187.83 ms
[TIMING] Leaf weights & density precomputation: 332.19 ms
[TIMING] Transfer structures to backend: 0.01 ms
[TIMING] Total fit: 520.03 ms
[TIMING] Test leaf ID extraction: 45.46 ms
[TIMING] Proximity matrix accumulation: 427.90 ms
[TIMING] Neighbor sorting & quantiles: 15.89 ms
[TIMING] Total compute_uq: 489.49 ms
    [TIMING] UQ Calculation (Proximity_Method_A): 1.0099 s
[TIMING] Random Forest fit/check: 0.00 ms
[TIMING] OOB/In-bag index reconstruction: 186.19 ms
[TIMING] Leaf weights & density precomputation: 332.89 ms
[TIMING] Transfer structures to backend: 0.01 ms
[TIMING] Total fit: 519.09 ms
[TIMING] Test leaf ID extraction: 45.98 ms
[TIMING] Proximity matrix accumulation: 429.34 ms
[TIMING] Neighbor sorting & quantiles: 8.33 ms
[TIMING] Total compute_uq: 483.88 ms
    [TIMING] UQ Calculation (Proximity_Method_B): 1.0041 s
[TIMING] Random Forest fit/check: 0.00 ms
[TIMING] OOB/In-bag index reconstruction: 188.20 ms
[TIMING] Leaf weights & density precomputation: 331.24 ms
[TIMING] Transfer structures to backend: 0.02 ms
[TIMING] Total fit: 519.45 ms
[TIMING] Test leaf ID extraction: 46.56 ms
[TIMING] Proximity matrix accumulation: 530.89 ms
[TIMING] Neighbor sorting & quantiles: 15.95 ms
[TIMING] Total compute_uq: 593.63 ms
[DEBUG DENSITY] mean walked density = 63.7676, min = 46.9266, max = 78.2287
    [TIMING] UQ Calculation (Proximity_Method_C): 1.1145 s
[TIMING] Random Forest fit/check: 0.00 ms
[TIMING] OOB/In-bag index reconstruction: 339.61 ms
[TIMING] Leaf weights & density precomputation: 1149.80 ms
[TIMING] Transfer structures to backend: 0.02 ms
[TIMING] Total fit: 1489.42 ms
[TIMING] Test leaf ID extraction: 199.99 ms
[TIMING] Proximity matrix accumulation: 1264.44 ms
[TIMING] Neighbor sorting & quantiles: 28.95 ms
[TIMING] Total compute_uq: 1493.68 ms
[DEBUG DENSITY] mean walked density = 63.7676, min = 46.9266, max = 78.2287
    [TIMING] UQ Calculation (Proximity_Method_B_C): 2.9855 s
    [TIMING] Metrics Calculation: 1.8020 s
    [TIMING] Total Single Evaluation: 8.8925 s

  >>> Starting: Function=sin_cos_sin, Seed=4
    [TIMING] Data Generation: 0.0300 s
    [TIMING] Random Forest Fitting: 1.6345 s
    [TIMING] RF Predicting: 0.1500 s
    [TIMING] Base Aleatoric: 0.1602 s
[TIMING] Random Forest fit/check: 0.00 ms
[TIMING] OOB/In-bag index reconstruction: 550.99 ms
[TIMING] Leaf weights & density precomputation: 126.63 ms
[TIMING] Transfer structures to backend: 0.02 ms
[TIMING] Total fit: 677.65 ms
[TIMING] Test leaf ID extraction: 129.40 ms
[TIMING] Proximity matrix accumulation: 239.83 ms
[TIMING] Neighbor sorting & quantiles: 23.16 ms
[TIMING] Total compute_uq: 392.72 ms
    [TIMING] UQ Calculation (Proximity_Baseline): 1.0706 s
[TIMING] Random Forest fit/check: 0.00 ms
[TIMING] OOB/In-bag index reconstruction: 353.59 ms
[TIMING] Leaf weights & density precomputation: 461.69 ms
[TIMING] Transfer structures to backend: 0.02 ms
[TIMING] Total fit: 815.30 ms
[TIMING] Test leaf ID extraction: 137.62 ms
[TIMING] Proximity matrix accumulation: 769.12 ms
[TIMING] Neighbor sorting & quantiles: 22.51 ms
[TIMING] Total compute_uq: 929.57 ms
    [TIMING] UQ Calculation (Proximity_Method_A): 1.7459 s
[TIMING] Random Forest fit/check: 0.00 ms
[TIMING] OOB/In-bag index reconstruction: 481.15 ms
[TIMING] Leaf weights & density precomputation: 926.55 ms
[TIMING] Transfer structures to backend: 0.02 ms
[TIMING] Total fit: 1407.72 ms
[TIMING] Test leaf ID extraction: 177.57 ms
[TIMING] Proximity matrix accumulation: 704.13 ms
[TIMING] Neighbor sorting & quantiles: 13.49 ms
[TIMING] Total compute_uq: 895.47 ms
    [TIMING] UQ Calculation (Proximity_Method_B): 2.3047 s
[TIMING] Random Forest fit/check: 0.01 ms
[TIMING] OOB/In-bag index reconstruction: 256.37 ms
[TIMING] Leaf weights & density precomputation: 352.52 ms
[TIMING] Transfer structures to backend: 0.01 ms
[TIMING] Total fit: 608.92 ms
[TIMING] Test leaf ID extraction: 34.68 ms
[TIMING] Proximity matrix accumulation: 865.93 ms
[TIMING] Neighbor sorting & quantiles: 22.48 ms
[TIMING] Total compute_uq: 923.37 ms
[DEBUG DENSITY] mean walked density = 62.4645, min = 49.1834, max = 73.3680
    [TIMING] UQ Calculation (Proximity_Method_C): 1.5336 s
[TIMING] Random Forest fit/check: 0.00 ms
[TIMING] OOB/In-bag index reconstruction: 176.69 ms
[TIMING] Leaf weights & density precomputation: 353.60 ms
[TIMING] Transfer structures to backend: 0.02 ms
[TIMING] Total fit: 530.30 ms
[TIMING] Test leaf ID extraction: 44.97 ms
[TIMING] Proximity matrix accumulation: 864.41 ms
[TIMING] Neighbor sorting & quantiles: 10.04 ms
[TIMING] Total compute_uq: 919.69 ms
[DEBUG DENSITY] mean walked density = 62.4645, min = 49.1834, max = 73.3680
    [TIMING] UQ Calculation (Proximity_Method_B_C): 1.4513 s
    [TIMING] Metrics Calculation: 0.0958 s
    [TIMING] Total Single Evaluation: 10.1772 s

  >>> Starting: Function=quadratic_3d, Seed=4
    [TIMING] Data Generation: 0.0025 s
    [TIMING] Random Forest Fitting: 0.5247 s
    [TIMING] RF Predicting: 0.0435 s
    [TIMING] Base Aleatoric: 0.0515 s
[TIMING] Random Forest fit/check: 0.00 ms
[TIMING] OOB/In-bag index reconstruction: 178.26 ms
[TIMING] Leaf weights & density precomputation: 68.85 ms
[TIMING] Transfer structures to backend: 0.02 ms
[TIMING] Total fit: 247.13 ms
[TIMING] Test leaf ID extraction: 34.28 ms
[TIMING] Proximity matrix accumulation: 231.75 ms
[TIMING] Neighbor sorting & quantiles: 22.96 ms
[TIMING] Total compute_uq: 289.24 ms
    [TIMING] UQ Calculation (Proximity_Baseline): 0.5365 s
[TIMING] Random Forest fit/check: 0.00 ms
[TIMING] OOB/In-bag index reconstruction: 177.64 ms
[TIMING] Leaf weights & density precomputation: 345.21 ms
[TIMING] Transfer structures to backend: 0.01 ms
[TIMING] Total fit: 522.86 ms
[TIMING] Test leaf ID extraction: 35.02 ms
[TIMING] Proximity matrix accumulation: 700.59 ms
[TIMING] Neighbor sorting & quantiles: 22.31 ms
[TIMING] Total compute_uq: 758.22 ms
    [TIMING] UQ Calculation (Proximity_Method_A): 1.2814 s
[TIMING] Random Forest fit/check: 0.00 ms
[TIMING] OOB/In-bag index reconstruction: 178.30 ms
[TIMING] Leaf weights & density precomputation: 346.76 ms
[TIMING] Transfer structures to backend: 0.01 ms
[TIMING] Total fit: 525.07 ms
[TIMING] Test leaf ID extraction: 34.26 ms
[TIMING] Proximity matrix accumulation: 701.65 ms
[TIMING] Neighbor sorting & quantiles: 10.99 ms
[TIMING] Total compute_uq: 747.16 ms
    [TIMING] UQ Calculation (Proximity_Method_B): 1.2732 s
[TIMING] Random Forest fit/check: 0.01 ms
[TIMING] OOB/In-bag index reconstruction: 189.11 ms
[TIMING] Leaf weights & density precomputation: 341.83 ms
[TIMING] Transfer structures to backend: 0.02 ms
[TIMING] Total fit: 530.96 ms
[TIMING] Test leaf ID extraction: 45.22 ms
[TIMING] Proximity matrix accumulation: 865.09 ms
[TIMING] Neighbor sorting & quantiles: 22.33 ms
[TIMING] Total compute_uq: 932.92 ms
[DEBUG DENSITY] mean walked density = 64.1611, min = 51.4746, max = 69.7784
    [TIMING] UQ Calculation (Proximity_Method_C): 1.4653 s
[TIMING] Random Forest fit/check: 0.00 ms
[TIMING] OOB/In-bag index reconstruction: 177.63 ms
[TIMING] Leaf weights & density precomputation: 348.47 ms
[TIMING] Transfer structures to backend: 0.01 ms
[TIMING] Total fit: 526.11 ms
[TIMING] Test leaf ID extraction: 56.26 ms
[TIMING] Proximity matrix accumulation: 863.85 ms
[TIMING] Neighbor sorting & quantiles: 11.11 ms
[TIMING] Total compute_uq: 931.48 ms
[DEBUG DENSITY] mean walked density = 64.1611, min = 51.4746, max = 69.7784
    [TIMING] UQ Calculation (Proximity_Method_B_C): 1.4590 s
    [TIMING] Metrics Calculation: 2.8571 s
    [TIMING] Total Single Evaluation: 9.4951 s

  >>> Starting: Function=sin_sum_3d, Seed=4
    [TIMING] Data Generation: 0.0029 s
    [TIMING] Random Forest Fitting: 1.4401 s
    [TIMING] RF Predicting: 0.1650 s
    [TIMING] Base Aleatoric: 0.1591 s
[TIMING] Random Forest fit/check: 0.00 ms
[TIMING] OOB/In-bag index reconstruction: 343.49 ms
[TIMING] Leaf weights & density precomputation: 220.46 ms
[TIMING] Transfer structures to backend: 0.02 ms
[TIMING] Total fit: 563.97 ms
[TIMING] Test leaf ID extraction: 156.12 ms
[TIMING] Proximity matrix accumulation: 273.19 ms
[TIMING] Neighbor sorting & quantiles: 23.15 ms
[TIMING] Total compute_uq: 452.81 ms
    [TIMING] UQ Calculation (Proximity_Baseline): 1.0170 s
[TIMING] Random Forest fit/check: 0.00 ms
[TIMING] OOB/In-bag index reconstruction: 616.80 ms
[TIMING] Leaf weights & density precomputation: 472.08 ms
[TIMING] Transfer structures to backend: 0.02 ms
[TIMING] Total fit: 1088.90 ms
[TIMING] Test leaf ID extraction: 185.88 ms
[TIMING] Proximity matrix accumulation: 701.54 ms
[TIMING] Neighbor sorting & quantiles: 22.35 ms
[TIMING] Total compute_uq: 910.06 ms
    [TIMING] UQ Calculation (Proximity_Method_A): 1.9994 s
[TIMING] Random Forest fit/check: 0.00 ms
[TIMING] OOB/In-bag index reconstruction: 189.89 ms
[TIMING] Leaf weights & density precomputation: 351.01 ms
[TIMING] Transfer structures to backend: 0.02 ms
[TIMING] Total fit: 540.92 ms
[TIMING] Test leaf ID extraction: 46.42 ms
[TIMING] Proximity matrix accumulation: 703.25 ms
[TIMING] Neighbor sorting & quantiles: 10.09 ms
[TIMING] Total compute_uq: 759.98 ms
    [TIMING] UQ Calculation (Proximity_Method_B): 1.3020 s
[TIMING] Random Forest fit/check: 0.00 ms
[TIMING] OOB/In-bag index reconstruction: 178.14 ms
[TIMING] Leaf weights & density precomputation: 353.73 ms
[TIMING] Transfer structures to backend: 0.02 ms
[TIMING] Total fit: 531.88 ms
[TIMING] Test leaf ID extraction: 34.75 ms
[TIMING] Proximity matrix accumulation: 866.62 ms
[TIMING] Neighbor sorting & quantiles: 22.38 ms
[TIMING] Total compute_uq: 924.02 ms
[DEBUG DENSITY] mean walked density = 65.0285, min = 55.5681, max = 73.6326
    [TIMING] UQ Calculation (Proximity_Method_C): 1.4571 s
[TIMING] Random Forest fit/check: 0.00 ms
[TIMING] OOB/In-bag index reconstruction: 189.64 ms
[TIMING] Leaf weights & density precomputation: 348.48 ms
[TIMING] Transfer structures to backend: 0.02 ms
[TIMING] Total fit: 538.14 ms
[TIMING] Test leaf ID extraction: 45.81 ms
[TIMING] Proximity matrix accumulation: 865.33 ms
[TIMING] Neighbor sorting & quantiles: 10.28 ms
[TIMING] Total compute_uq: 921.68 ms
[DEBUG DENSITY] mean walked density = 65.0285, min = 55.5681, max = 73.6326
    [TIMING] UQ Calculation (Proximity_Method_B_C): 1.4612 s
    [TIMING] Metrics Calculation: 0.0752 s
    [TIMING] Total Single Evaluation: 9.0794 s

  >>> Starting: Function=gaussian_3d, Seed=4
    [TIMING] Data Generation: 0.0020 s
    [TIMING] Random Forest Fitting: 0.5186 s
    [TIMING] RF Predicting: 0.0429 s
    [TIMING] Base Aleatoric: 0.0414 s
[TIMING] Random Forest fit/check: 0.00 ms
[TIMING] OOB/In-bag index reconstruction: 176.76 ms
[TIMING] Leaf weights & density precomputation: 63.38 ms
[TIMING] Transfer structures to backend: 0.02 ms
[TIMING] Total fit: 240.16 ms
[TIMING] Test leaf ID extraction: 34.87 ms
[TIMING] Proximity matrix accumulation: 232.23 ms
[TIMING] Neighbor sorting & quantiles: 23.10 ms
[TIMING] Total compute_uq: 290.47 ms
    [TIMING] UQ Calculation (Proximity_Baseline): 0.5308 s
[TIMING] Random Forest fit/check: 0.00 ms
[TIMING] OOB/In-bag index reconstruction: 177.21 ms
[TIMING] Leaf weights & density precomputation: 352.88 ms
[TIMING] Transfer structures to backend: 0.02 ms
[TIMING] Total fit: 530.10 ms
[TIMING] Test leaf ID extraction: 34.67 ms
[TIMING] Proximity matrix accumulation: 703.42 ms
[TIMING] Neighbor sorting & quantiles: 22.37 ms
[TIMING] Total compute_uq: 760.72 ms
    [TIMING] UQ Calculation (Proximity_Method_A): 1.2912 s
[TIMING] Random Forest fit/check: 0.00 ms
[TIMING] OOB/In-bag index reconstruction: 176.55 ms
[TIMING] Leaf weights & density precomputation: 354.61 ms
[TIMING] Transfer structures to backend: 0.01 ms
[TIMING] Total fit: 531.17 ms
[TIMING] Test leaf ID extraction: 34.47 ms
[TIMING] Proximity matrix accumulation: 702.50 ms
[TIMING] Neighbor sorting & quantiles: 10.08 ms
[TIMING] Total compute_uq: 747.50 ms
    [TIMING] UQ Calculation (Proximity_Method_B): 1.2797 s
[TIMING] Random Forest fit/check: 0.00 ms
[TIMING] OOB/In-bag index reconstruction: 176.63 ms
[TIMING] Leaf weights & density precomputation: 352.90 ms
[TIMING] Transfer structures to backend: 0.02 ms
[TIMING] Total fit: 529.55 ms
[TIMING] Test leaf ID extraction: 34.34 ms
[TIMING] Proximity matrix accumulation: 866.80 ms
[TIMING] Neighbor sorting & quantiles: 22.36 ms
[TIMING] Total compute_uq: 923.76 ms
[DEBUG DENSITY] mean walked density = 63.7085, min = 54.4574, max = 69.4415
    [TIMING] UQ Calculation (Proximity_Method_C): 1.4546 s
[TIMING] Random Forest fit/check: 0.00 ms
[TIMING] OOB/In-bag index reconstruction: 177.90 ms
[TIMING] Leaf weights & density precomputation: 353.89 ms
[TIMING] Transfer structures to backend: 0.01 ms
[TIMING] Total fit: 531.81 ms
[TIMING] Test leaf ID extraction: 34.26 ms
[TIMING] Proximity matrix accumulation: 864.00 ms
[TIMING] Neighbor sorting & quantiles: 10.18 ms
[TIMING] Total compute_uq: 908.71 ms
[DEBUG DENSITY] mean walked density = 63.7085, min = 54.4574, max = 69.4415
    [TIMING] UQ Calculation (Proximity_Method_B_C): 1.4417 s
    [TIMING] Metrics Calculation: 0.0810 s
    [TIMING] Total Single Evaluation: 6.6843 s

  >>> Starting: Function=sin_exp_cos, Seed=4
    [TIMING] Data Generation: 0.0022 s
    [TIMING] Random Forest Fitting: 0.5335 s
    [TIMING] RF Predicting: 0.0431 s
    [TIMING] Base Aleatoric: 0.0536 s
[TIMING] Random Forest fit/check: 0.00 ms
[TIMING] OOB/In-bag index reconstruction: 206.57 ms
[TIMING] Leaf weights & density precomputation: 63.35 ms
[TIMING] Transfer structures to backend: 0.01 ms
[TIMING] Total fit: 269.94 ms
[TIMING] Test leaf ID extraction: 57.10 ms
[TIMING] Proximity matrix accumulation: 232.14 ms
[TIMING] Neighbor sorting & quantiles: 22.99 ms
[TIMING] Total compute_uq: 312.48 ms
    [TIMING] UQ Calculation (Proximity_Baseline): 0.5826 s
[TIMING] Random Forest fit/check: 0.00 ms
[TIMING] OOB/In-bag index reconstruction: 190.57 ms
[TIMING] Leaf weights & density precomputation: 353.09 ms
[TIMING] Transfer structures to backend: 0.02 ms
[TIMING] Total fit: 543.68 ms
[TIMING] Test leaf ID extraction: 45.74 ms
[TIMING] Proximity matrix accumulation: 703.04 ms
[TIMING] Neighbor sorting & quantiles: 22.37 ms
[TIMING] Total compute_uq: 771.42 ms
    [TIMING] UQ Calculation (Proximity_Method_A): 1.3155 s
[TIMING] Random Forest fit/check: 0.00 ms
[TIMING] OOB/In-bag index reconstruction: 177.26 ms
[TIMING] Leaf weights & density precomputation: 349.50 ms
[TIMING] Transfer structures to backend: 0.02 ms
[TIMING] Total fit: 526.78 ms
[TIMING] Test leaf ID extraction: 44.85 ms
[TIMING] Proximity matrix accumulation: 701.74 ms
[TIMING] Neighbor sorting & quantiles: 10.58 ms
[TIMING] Total compute_uq: 757.42 ms
    [TIMING] UQ Calculation (Proximity_Method_B): 1.2853 s
[TIMING] Random Forest fit/check: 0.00 ms
[TIMING] OOB/In-bag index reconstruction: 189.03 ms
[TIMING] Leaf weights & density precomputation: 348.00 ms
[TIMING] Transfer structures to backend: 0.01 ms
[TIMING] Total fit: 537.05 ms
[TIMING] Test leaf ID extraction: 48.51 ms
[TIMING] Proximity matrix accumulation: 866.35 ms
[TIMING] Neighbor sorting & quantiles: 22.36 ms
[TIMING] Total compute_uq: 937.49 ms
[DEBUG DENSITY] mean walked density = 64.2712, min = 55.0549, max = 72.6718
    [TIMING] UQ Calculation (Proximity_Method_C): 1.4761 s
[TIMING] Random Forest fit/check: 0.01 ms
[TIMING] OOB/In-bag index reconstruction: 188.46 ms
[TIMING] Leaf weights & density precomputation: 350.62 ms
[TIMING] Transfer structures to backend: 0.01 ms
[TIMING] Total fit: 539.10 ms
[TIMING] Test leaf ID extraction: 34.63 ms
[TIMING] Proximity matrix accumulation: 863.88 ms
[TIMING] Neighbor sorting & quantiles: 10.11 ms
[TIMING] Total compute_uq: 908.87 ms
[DEBUG DENSITY] mean walked density = 64.2712, min = 55.0549, max = 72.6718
    [TIMING] UQ Calculation (Proximity_Method_B_C): 1.4494 s
    [TIMING] Metrics Calculation: 0.0789 s
    [TIMING] Total Single Evaluation: 6.8204 s

  >>> Starting: Function=sin_cos_4d, Seed=4
    [TIMING] Data Generation: 0.0038 s
    [TIMING] Random Forest Fitting: 0.9197 s
    [TIMING] RF Predicting: 0.0430 s
    [TIMING] Base Aleatoric: 0.0434 s
[TIMING] Random Forest fit/check: 0.00 ms
[TIMING] OOB/In-bag index reconstruction: 179.54 ms
[TIMING] Leaf weights & density precomputation: 68.40 ms
[TIMING] Transfer structures to backend: 0.02 ms
[TIMING] Total fit: 247.96 ms
[TIMING] Test leaf ID extraction: 35.24 ms
[TIMING] Proximity matrix accumulation: 459.76 ms
[TIMING] Neighbor sorting & quantiles: 39.47 ms
[TIMING] Total compute_uq: 534.73 ms
    [TIMING] UQ Calculation (Proximity_Baseline): 0.7828 s
[TIMING] Random Forest fit/check: 0.00 ms
[TIMING] OOB/In-bag index reconstruction: 180.53 ms
[TIMING] Leaf weights & density precomputation: 414.54 ms
[TIMING] Transfer structures to backend: 0.02 ms
[TIMING] Total fit: 595.08 ms
[TIMING] Test leaf ID extraction: 57.45 ms
[TIMING] Proximity matrix accumulation: 1261.59 ms
[TIMING] Neighbor sorting & quantiles: 38.50 ms
[TIMING] Total compute_uq: 1357.83 ms
    [TIMING] UQ Calculation (Proximity_Method_A): 1.9533 s
[TIMING] Random Forest fit/check: 0.00 ms
[TIMING] OOB/In-bag index reconstruction: 191.02 ms
[TIMING] Leaf weights & density precomputation: 418.90 ms
[TIMING] Transfer structures to backend: 0.02 ms
[TIMING] Total fit: 609.94 ms
[TIMING] Test leaf ID extraction: 46.55 ms
[TIMING] Proximity matrix accumulation: 1259.85 ms
[TIMING] Neighbor sorting & quantiles: 13.82 ms
[TIMING] Total compute_uq: 1320.46 ms
    [TIMING] UQ Calculation (Proximity_Method_B): 1.9316 s
[TIMING] Random Forest fit/check: 0.00 ms
[TIMING] OOB/In-bag index reconstruction: 180.33 ms
[TIMING] Leaf weights & density precomputation: 453.56 ms
[TIMING] Transfer structures to backend: 0.01 ms
[TIMING] Total fit: 633.91 ms
[TIMING] Test leaf ID extraction: 35.29 ms
[TIMING] Proximity matrix accumulation: 1561.33 ms
[TIMING] Neighbor sorting & quantiles: 38.55 ms
[TIMING] Total compute_uq: 1635.45 ms
[DEBUG DENSITY] mean walked density = 64.0522, min = 56.4174, max = 69.1611
    [TIMING] UQ Calculation (Proximity_Method_C): 2.2708 s
[TIMING] Random Forest fit/check: 0.00 ms
[TIMING] OOB/In-bag index reconstruction: 178.50 ms
[TIMING] Leaf weights & density precomputation: 415.09 ms
[TIMING] Transfer structures to backend: 0.01 ms
[TIMING] Total fit: 593.61 ms
[TIMING] Test leaf ID extraction: 35.23 ms
[TIMING] Proximity matrix accumulation: 1557.42 ms
[TIMING] Neighbor sorting & quantiles: 13.88 ms
[TIMING] Total compute_uq: 1606.82 ms
[DEBUG DENSITY] mean walked density = 64.0522, min = 56.4174, max = 69.1611
    [TIMING] UQ Calculation (Proximity_Method_B_C): 2.2018 s
    [TIMING] Metrics Calculation: 0.0917 s
    [TIMING] Total Single Evaluation: 10.2424 s

  >>> Starting: Function=quadratic_4d, Seed=4
    [TIMING] Data Generation: 0.0034 s
    [TIMING] Random Forest Fitting: 0.7089 s
    [TIMING] RF Predicting: 0.0432 s
    [TIMING] Base Aleatoric: 0.0546 s
[TIMING] Random Forest fit/check: 0.00 ms
[TIMING] OOB/In-bag index reconstruction: 191.06 ms
[TIMING] Leaf weights & density precomputation: 68.90 ms
[TIMING] Transfer structures to backend: 0.02 ms
[TIMING] Total fit: 259.98 ms
[TIMING] Test leaf ID extraction: 45.94 ms
[TIMING] Proximity matrix accumulation: 459.40 ms
[TIMING] Neighbor sorting & quantiles: 39.71 ms
[TIMING] Total compute_uq: 545.30 ms
    [TIMING] UQ Calculation (Proximity_Baseline): 0.8055 s
[TIMING] Random Forest fit/check: 0.00 ms
[TIMING] OOB/In-bag index reconstruction: 193.74 ms
[TIMING] Leaf weights & density precomputation: 389.86 ms
[TIMING] Transfer structures to backend: 0.02 ms
[TIMING] Total fit: 583.62 ms
[TIMING] Test leaf ID extraction: 46.41 ms
[TIMING] Proximity matrix accumulation: 1260.78 ms
[TIMING] Neighbor sorting & quantiles: 38.59 ms
[TIMING] Total compute_uq: 1346.05 ms
    [TIMING] UQ Calculation (Proximity_Method_A): 1.9300 s
[TIMING] Random Forest fit/check: 0.00 ms
[TIMING] OOB/In-bag index reconstruction: 180.38 ms
[TIMING] Leaf weights & density precomputation: 391.70 ms
[TIMING] Transfer structures to backend: 0.01 ms
[TIMING] Total fit: 572.09 ms
[TIMING] Test leaf ID extraction: 46.57 ms
[TIMING] Proximity matrix accumulation: 1260.54 ms
[TIMING] Neighbor sorting & quantiles: 13.35 ms
[TIMING] Total compute_uq: 1320.68 ms
    [TIMING] UQ Calculation (Proximity_Method_B): 1.8939 s
[TIMING] Random Forest fit/check: 0.00 ms
[TIMING] OOB/In-bag index reconstruction: 191.34 ms
[TIMING] Leaf weights & density precomputation: 386.99 ms
[TIMING] Transfer structures to backend: 0.01 ms
[TIMING] Total fit: 578.34 ms
[TIMING] Test leaf ID extraction: 46.14 ms
[TIMING] Proximity matrix accumulation: 1559.79 ms
[TIMING] Neighbor sorting & quantiles: 38.55 ms
[TIMING] Total compute_uq: 1644.76 ms
[DEBUG DENSITY] mean walked density = 64.7433, min = 53.2072, max = 69.7018
    [TIMING] UQ Calculation (Proximity_Method_C): 2.2244 s
[TIMING] Random Forest fit/check: 0.00 ms
[TIMING] OOB/In-bag index reconstruction: 190.68 ms
[TIMING] Leaf weights & density precomputation: 391.73 ms
[TIMING] Transfer structures to backend: 0.02 ms
[TIMING] Total fit: 582.42 ms
[TIMING] Test leaf ID extraction: 46.57 ms
[TIMING] Proximity matrix accumulation: 1557.71 ms
[TIMING] Neighbor sorting & quantiles: 13.82 ms
[TIMING] Total compute_uq: 1618.39 ms
[DEBUG DENSITY] mean walked density = 64.7433, min = 53.2072, max = 69.7018
    [TIMING] UQ Calculation (Proximity_Method_B_C): 2.2023 s
    [TIMING] Metrics Calculation: 0.0877 s
    [TIMING] Total Single Evaluation: 9.9544 s

  >>> Starting: Function=sin_sum_4d, Seed=4
    [TIMING] Data Generation: 0.0031 s
    [TIMING] Random Forest Fitting: 0.7599 s
    [TIMING] RF Predicting: 0.0534 s
    [TIMING] Base Aleatoric: 0.0552 s
[TIMING] Random Forest fit/check: 0.00 ms
[TIMING] OOB/In-bag index reconstruction: 191.15 ms
[TIMING] Leaf weights & density precomputation: 69.34 ms
[TIMING] Transfer structures to backend: 0.02 ms
[TIMING] Total fit: 260.50 ms
[TIMING] Test leaf ID extraction: 46.36 ms
[TIMING] Proximity matrix accumulation: 459.32 ms
[TIMING] Neighbor sorting & quantiles: 39.68 ms
[TIMING] Total compute_uq: 545.62 ms
    [TIMING] UQ Calculation (Proximity_Baseline): 0.8063 s
[TIMING] Random Forest fit/check: 0.00 ms
[TIMING] OOB/In-bag index reconstruction: 192.72 ms
[TIMING] Leaf weights & density precomputation: 403.12 ms
[TIMING] Transfer structures to backend: 0.01 ms
[TIMING] Total fit: 595.86 ms
[TIMING] Test leaf ID extraction: 46.30 ms
[TIMING] Proximity matrix accumulation: 1262.05 ms
[TIMING] Neighbor sorting & quantiles: 38.59 ms
[TIMING] Total compute_uq: 1347.19 ms
    [TIMING] UQ Calculation (Proximity_Method_A): 1.9434 s
[TIMING] Random Forest fit/check: 0.00 ms
[TIMING] OOB/In-bag index reconstruction: 190.55 ms
[TIMING] Leaf weights & density precomputation: 394.99 ms
[TIMING] Transfer structures to backend: 0.02 ms
[TIMING] Total fit: 585.56 ms
[TIMING] Test leaf ID extraction: 46.60 ms
[TIMING] Proximity matrix accumulation: 1260.39 ms
[TIMING] Neighbor sorting & quantiles: 13.49 ms
[TIMING] Total compute_uq: 1320.73 ms
    [TIMING] UQ Calculation (Proximity_Method_B): 1.9073 s
[TIMING] Random Forest fit/check: 0.00 ms
[TIMING] OOB/In-bag index reconstruction: 192.06 ms
[TIMING] Leaf weights & density precomputation: 454.45 ms
[TIMING] Transfer structures to backend: 0.01 ms
[TIMING] Total fit: 646.53 ms
[TIMING] Test leaf ID extraction: 46.55 ms
[TIMING] Proximity matrix accumulation: 1560.66 ms
[TIMING] Neighbor sorting & quantiles: 38.80 ms
[TIMING] Total compute_uq: 1646.28 ms
[DEBUG DENSITY] mean walked density = 64.2307, min = 54.5909, max = 72.3685
    [TIMING] UQ Calculation (Proximity_Method_C): 2.2942 s
[TIMING] Random Forest fit/check: 0.00 ms
[TIMING] OOB/In-bag index reconstruction: 192.56 ms
[TIMING] Leaf weights & density precomputation: 392.73 ms
[TIMING] Transfer structures to backend: 0.02 ms
[TIMING] Total fit: 585.31 ms
[TIMING] Test leaf ID extraction: 56.65 ms
[TIMING] Proximity matrix accumulation: 1557.73 ms
[TIMING] Neighbor sorting & quantiles: 13.66 ms
[TIMING] Total compute_uq: 1628.30 ms
[DEBUG DENSITY] mean walked density = 64.2307, min = 54.5909, max = 72.3685
    [TIMING] UQ Calculation (Proximity_Method_B_C): 2.2150 s
    [TIMING] Metrics Calculation: 0.1147 s
    [TIMING] Total Single Evaluation: 10.1529 s

  >>> Starting: Function=sin_cos_5d, Seed=4
    [TIMING] Data Generation: 0.0054 s
    [TIMING] Random Forest Fitting: 1.4261 s
    [TIMING] RF Predicting: 0.0434 s
    [TIMING] Base Aleatoric: 0.0571 s
[TIMING] Random Forest fit/check: 0.00 ms
[TIMING] OOB/In-bag index reconstruction: 226.98 ms
[TIMING] Leaf weights & density precomputation: 75.28 ms
[TIMING] Transfer structures to backend: 0.02 ms
[TIMING] Total fit: 302.28 ms
[TIMING] Test leaf ID extraction: 47.13 ms
[TIMING] Proximity matrix accumulation: 748.66 ms
[TIMING] Neighbor sorting & quantiles: 63.22 ms
[TIMING] Total compute_uq: 859.26 ms
    [TIMING] UQ Calculation (Proximity_Baseline): 1.1617 s
[TIMING] Random Forest fit/check: 0.00 ms
[TIMING] OOB/In-bag index reconstruction: 230.52 ms
[TIMING] Leaf weights & density precomputation: 491.85 ms
[TIMING] Transfer structures to backend: 0.02 ms
[TIMING] Total fit: 722.38 ms
[TIMING] Test leaf ID extraction: 46.10 ms
[TIMING] Proximity matrix accumulation: 1964.40 ms
[TIMING] Neighbor sorting & quantiles: 62.26 ms
[TIMING] Total compute_uq: 2073.06 ms
    [TIMING] UQ Calculation (Proximity_Method_A): 2.7958 s
[TIMING] Random Forest fit/check: 0.00 ms
[TIMING] OOB/In-bag index reconstruction: 227.52 ms
[TIMING] Leaf weights & density precomputation: 488.21 ms
[TIMING] Transfer structures to backend: 0.02 ms
[TIMING] Total fit: 715.75 ms
[TIMING] Test leaf ID extraction: 47.14 ms
[TIMING] Proximity matrix accumulation: 1964.10 ms
[TIMING] Neighbor sorting & quantiles: 18.87 ms
[TIMING] Total compute_uq: 2030.39 ms
    [TIMING] UQ Calculation (Proximity_Method_B): 2.7473 s
[TIMING] Random Forest fit/check: 0.00 ms
[TIMING] OOB/In-bag index reconstruction: 228.51 ms
[TIMING] Leaf weights & density precomputation: 485.72 ms
[TIMING] Transfer structures to backend: 0.02 ms
[TIMING] Total fit: 714.24 ms
[TIMING] Test leaf ID extraction: 47.05 ms
[TIMING] Proximity matrix accumulation: 2444.33 ms
[TIMING] Neighbor sorting & quantiles: 62.27 ms
[TIMING] Total compute_uq: 2553.94 ms
[DEBUG DENSITY] mean walked density = 64.2149, min = 60.4746, max = 67.4087
    [TIMING] UQ Calculation (Proximity_Method_C): 3.2696 s
[TIMING] Random Forest fit/check: 0.00 ms
[TIMING] OOB/In-bag index reconstruction: 227.18 ms
[TIMING] Leaf weights & density precomputation: 488.35 ms
[TIMING] Transfer structures to backend: 0.02 ms
[TIMING] Total fit: 715.55 ms
[TIMING] Test leaf ID extraction: 47.16 ms
[TIMING] Proximity matrix accumulation: 2442.75 ms
[TIMING] Neighbor sorting & quantiles: 19.10 ms
[TIMING] Total compute_uq: 2509.32 ms
[DEBUG DENSITY] mean walked density = 64.2149, min = 60.4746, max = 67.4087
    [TIMING] UQ Calculation (Proximity_Method_B_C): 3.2263 s
    [TIMING] Metrics Calculation: 0.0928 s
    [TIMING] Total Single Evaluation: 14.8259 s

  >>> Starting: Function=quadratic_5d, Seed=4
    [TIMING] Data Generation: 0.0045 s
    [TIMING] Random Forest Fitting: 1.0562 s
    [TIMING] RF Predicting: 0.0430 s
    [TIMING] Base Aleatoric: 0.0668 s
[TIMING] Random Forest fit/check: 0.00 ms
[TIMING] OOB/In-bag index reconstruction: 226.93 ms
[TIMING] Leaf weights & density precomputation: 73.02 ms
[TIMING] Transfer structures to backend: 0.02 ms
[TIMING] Total fit: 299.96 ms
[TIMING] Test leaf ID extraction: 46.78 ms
[TIMING] Proximity matrix accumulation: 748.67 ms
[TIMING] Neighbor sorting & quantiles: 63.65 ms
[TIMING] Total compute_uq: 859.38 ms
    [TIMING] UQ Calculation (Proximity_Baseline): 1.1595 s
[TIMING] Random Forest fit/check: 0.00 ms
[TIMING] OOB/In-bag index reconstruction: 228.87 ms
[TIMING] Leaf weights & density precomputation: 445.37 ms
[TIMING] Transfer structures to backend: 0.01 ms
[TIMING] Total fit: 674.25 ms
[TIMING] Test leaf ID extraction: 46.07 ms
[TIMING] Proximity matrix accumulation: 1965.28 ms
[TIMING] Neighbor sorting & quantiles: 62.22 ms
[TIMING] Total compute_uq: 2073.87 ms
    [TIMING] UQ Calculation (Proximity_Method_A): 2.7485 s
[TIMING] Random Forest fit/check: 0.00 ms
[TIMING] OOB/In-bag index reconstruction: 225.66 ms
[TIMING] Leaf weights & density precomputation: 452.45 ms
[TIMING] Transfer structures to backend: 0.02 ms
[TIMING] Total fit: 678.13 ms
[TIMING] Test leaf ID extraction: 47.37 ms
[TIMING] Proximity matrix accumulation: 1964.18 ms
[TIMING] Neighbor sorting & quantiles: 18.77 ms
[TIMING] Total compute_uq: 2030.60 ms
    [TIMING] UQ Calculation (Proximity_Method_B): 2.7099 s
[TIMING] Random Forest fit/check: 0.00 ms
[TIMING] OOB/In-bag index reconstruction: 226.59 ms
[TIMING] Leaf weights & density precomputation: 450.65 ms
[TIMING] Transfer structures to backend: 0.01 ms
[TIMING] Total fit: 677.25 ms
[TIMING] Test leaf ID extraction: 46.20 ms
[TIMING] Proximity matrix accumulation: 2444.82 ms
[TIMING] Neighbor sorting & quantiles: 62.42 ms
[TIMING] Total compute_uq: 2553.74 ms
[DEBUG DENSITY] mean walked density = 63.9133, min = 55.8539, max = 71.5019
    [TIMING] UQ Calculation (Proximity_Method_C): 3.2324 s
[TIMING] Random Forest fit/check: 0.00 ms
[TIMING] OOB/In-bag index reconstruction: 228.15 ms
[TIMING] Leaf weights & density precomputation: 452.13 ms
[TIMING] Transfer structures to backend: 0.02 ms
[TIMING] Total fit: 680.29 ms
[TIMING] Test leaf ID extraction: 48.02 ms
[TIMING] Proximity matrix accumulation: 2442.24 ms
[TIMING] Neighbor sorting & quantiles: 18.69 ms
[TIMING] Total compute_uq: 2509.24 ms
[DEBUG DENSITY] mean walked density = 63.9133, min = 55.8539, max = 71.5019
    [TIMING] UQ Calculation (Proximity_Method_B_C): 3.1910 s
    [TIMING] Metrics Calculation: 0.1262 s
    [TIMING] Total Single Evaluation: 14.3385 s

  >>> Starting: Function=gaussian_5d, Seed=4
    [TIMING] Data Generation: 0.0063 s
    [TIMING] Random Forest Fitting: 1.1457 s
    [TIMING] RF Predicting: 0.0533 s
    [TIMING] Base Aleatoric: 0.0577 s
[TIMING] Random Forest fit/check: 0.00 ms
[TIMING] OOB/In-bag index reconstruction: 227.29 ms
[TIMING] Leaf weights & density precomputation: 73.15 ms
[TIMING] Transfer structures to backend: 0.02 ms
[TIMING] Total fit: 300.46 ms
[TIMING] Test leaf ID extraction: 46.93 ms
[TIMING] Proximity matrix accumulation: 748.87 ms
[TIMING] Neighbor sorting & quantiles: 63.70 ms
[TIMING] Total compute_uq: 859.79 ms
    [TIMING] UQ Calculation (Proximity_Baseline): 1.1604 s
[TIMING] Random Forest fit/check: 0.00 ms
[TIMING] OOB/In-bag index reconstruction: 228.64 ms
[TIMING] Leaf weights & density precomputation: 459.12 ms
[TIMING] Transfer structures to backend: 0.02 ms
[TIMING] Total fit: 687.78 ms
[TIMING] Test leaf ID extraction: 46.95 ms
[TIMING] Proximity matrix accumulation: 1966.54 ms
[TIMING] Neighbor sorting & quantiles: 62.37 ms
[TIMING] Total compute_uq: 2076.14 ms
    [TIMING] UQ Calculation (Proximity_Method_A): 2.7643 s
[TIMING] Random Forest fit/check: 0.00 ms
[TIMING] OOB/In-bag index reconstruction: 321.11 ms
[TIMING] Leaf weights & density precomputation: 626.68 ms
[TIMING] Transfer structures to backend: 0.02 ms
[TIMING] Total fit: 947.81 ms
[TIMING] Test leaf ID extraction: 47.20 ms
[TIMING] Proximity matrix accumulation: 1963.81 ms
[TIMING] Neighbor sorting & quantiles: 21.80 ms
[TIMING] Total compute_uq: 2033.20 ms
    [TIMING] UQ Calculation (Proximity_Method_B): 2.9826 s
[TIMING] Random Forest fit/check: 0.01 ms
[TIMING] OOB/In-bag index reconstruction: 332.79 ms
[TIMING] Leaf weights & density precomputation: 622.88 ms
[TIMING] Transfer structures to backend: 0.02 ms
[TIMING] Total fit: 955.69 ms
[TIMING] Test leaf ID extraction: 58.02 ms
[TIMING] Proximity matrix accumulation: 2445.09 ms
[TIMING] Neighbor sorting & quantiles: 62.33 ms
[TIMING] Total compute_uq: 2565.83 ms
[DEBUG DENSITY] mean walked density = 63.3747, min = 56.7309, max = 68.8988
    [TIMING] UQ Calculation (Proximity_Method_C): 3.5236 s
[TIMING] Random Forest fit/check: 0.00 ms
[TIMING] OOB/In-bag index reconstruction: 226.48 ms
[TIMING] Leaf weights & density precomputation: 458.12 ms
[TIMING] Transfer structures to backend: 0.02 ms
[TIMING] Total fit: 684.62 ms
[TIMING] Test leaf ID extraction: 47.55 ms
[TIMING] Proximity matrix accumulation: 2442.29 ms
[TIMING] Neighbor sorting & quantiles: 18.80 ms
[TIMING] Total compute_uq: 2508.92 ms
[DEBUG DENSITY] mean walked density = 63.3747, min = 56.7309, max = 68.8988
    [TIMING] UQ Calculation (Proximity_Method_B_C): 3.1950 s
    [TIMING] Metrics Calculation: 0.1303 s
    [TIMING] Total Single Evaluation: 15.0195 s

  >>> Starting: Function=sin_cos_6d, Seed=4
    [TIMING] Data Generation: 0.0097 s
    [TIMING] Random Forest Fitting: 2.1618 s
    [TIMING] RF Predicting: 0.0533 s
    [TIMING] Base Aleatoric: 0.0597 s
[TIMING] Random Forest fit/check: 0.00 ms
[TIMING] OOB/In-bag index reconstruction: 233.25 ms
[TIMING] Leaf weights & density precomputation: 80.03 ms
[TIMING] Transfer structures to backend: 0.02 ms
[TIMING] Total fit: 313.30 ms
[TIMING] Test leaf ID extraction: 47.39 ms
[TIMING] Proximity matrix accumulation: 1092.05 ms
[TIMING] Neighbor sorting & quantiles: 90.51 ms
[TIMING] Total compute_uq: 1230.28 ms
    [TIMING] UQ Calculation (Proximity_Baseline): 1.5438 s
[TIMING] Random Forest fit/check: 0.00 ms
[TIMING] OOB/In-bag index reconstruction: 244.08 ms
[TIMING] Leaf weights & density precomputation: 589.41 ms
[TIMING] Transfer structures to backend: 0.02 ms
[TIMING] Total fit: 833.52 ms
[TIMING] Test leaf ID extraction: 46.98 ms
[TIMING] Proximity matrix accumulation: 2817.33 ms
[TIMING] Neighbor sorting & quantiles: 89.37 ms
[TIMING] Total compute_uq: 2954.10 ms
    [TIMING] UQ Calculation (Proximity_Method_A): 3.7882 s
[TIMING] Random Forest fit/check: 0.00 ms
[TIMING] OOB/In-bag index reconstruction: 246.27 ms
[TIMING] Leaf weights & density precomputation: 615.72 ms
[TIMING] Transfer structures to backend: 0.02 ms
[TIMING] Total fit: 862.02 ms
[TIMING] Test leaf ID extraction: 46.93 ms
[TIMING] Proximity matrix accumulation: 2799.33 ms
[TIMING] Neighbor sorting & quantiles: 26.93 ms
[TIMING] Total compute_uq: 2873.52 ms
    [TIMING] UQ Calculation (Proximity_Method_B): 3.7369 s
[TIMING] Random Forest fit/check: 0.00 ms
[TIMING] OOB/In-bag index reconstruction: 233.63 ms
[TIMING] Leaf weights & density precomputation: 585.36 ms
[TIMING] Transfer structures to backend: 0.02 ms
[TIMING] Total fit: 819.01 ms
[TIMING] Test leaf ID extraction: 46.78 ms
[TIMING] Proximity matrix accumulation: 3500.80 ms
[TIMING] Neighbor sorting & quantiles: 89.53 ms
[TIMING] Total compute_uq: 3637.51 ms
[DEBUG DENSITY] mean walked density = 63.7893, min = 60.2848, max = 67.9919
    [TIMING] UQ Calculation (Proximity_Method_C): 4.4583 s
[TIMING] Random Forest fit/check: 0.01 ms
[TIMING] OOB/In-bag index reconstruction: 244.48 ms
[TIMING] Leaf weights & density precomputation: 587.87 ms
[TIMING] Transfer structures to backend: 0.02 ms
[TIMING] Total fit: 832.38 ms
[TIMING] Test leaf ID extraction: 57.06 ms
[TIMING] Proximity matrix accumulation: 3481.48 ms
[TIMING] Neighbor sorting & quantiles: 26.45 ms
[TIMING] Total compute_uq: 3565.35 ms
[DEBUG DENSITY] mean walked density = 63.7893, min = 60.2848, max = 67.9919
    [TIMING] UQ Calculation (Proximity_Method_B_C): 4.3995 s
    [TIMING] Metrics Calculation: 0.1209 s
    [TIMING] Total Single Evaluation: 20.3327 s

  >>> Starting: Function=quadratic_6d, Seed=4
    [TIMING] Data Generation: 0.0059 s
    [TIMING] Random Forest Fitting: 1.4662 s
    [TIMING] RF Predicting: 0.0528 s
    [TIMING] Base Aleatoric: 0.0588 s
[TIMING] Random Forest fit/check: 0.00 ms
[TIMING] OOB/In-bag index reconstruction: 233.48 ms
[TIMING] Leaf weights & density precomputation: 82.67 ms
[TIMING] Transfer structures to backend: 0.02 ms
[TIMING] Total fit: 316.16 ms
[TIMING] Test leaf ID extraction: 46.07 ms
[TIMING] Proximity matrix accumulation: 1090.84 ms
[TIMING] Neighbor sorting & quantiles: 91.43 ms
[TIMING] Total compute_uq: 1228.68 ms
    [TIMING] UQ Calculation (Proximity_Baseline): 1.5450 s
[TIMING] Random Forest fit/check: 0.00 ms
[TIMING] OOB/In-bag index reconstruction: 231.82 ms
[TIMING] Leaf weights & density precomputation: 527.15 ms
[TIMING] Transfer structures to backend: 0.02 ms
[TIMING] Total fit: 758.99 ms
[TIMING] Test leaf ID extraction: 46.46 ms
[TIMING] Proximity matrix accumulation: 2818.50 ms
[TIMING] Neighbor sorting & quantiles: 89.51 ms
[TIMING] Total compute_uq: 2954.84 ms
    [TIMING] UQ Calculation (Proximity_Method_A): 3.7143 s
[TIMING] Random Forest fit/check: 0.00 ms
[TIMING] OOB/In-bag index reconstruction: 233.43 ms
[TIMING] Leaf weights & density precomputation: 535.34 ms
[TIMING] Transfer structures to backend: 0.02 ms
[TIMING] Total fit: 768.80 ms
[TIMING] Test leaf ID extraction: 47.25 ms
[TIMING] Proximity matrix accumulation: 2798.90 ms
[TIMING] Neighbor sorting & quantiles: 26.94 ms
[TIMING] Total compute_uq: 2873.45 ms
    [TIMING] UQ Calculation (Proximity_Method_B): 3.6436 s
[TIMING] Random Forest fit/check: 0.00 ms
[TIMING] OOB/In-bag index reconstruction: 232.75 ms
[TIMING] Leaf weights & density precomputation: 528.51 ms
[TIMING] Transfer structures to backend: 0.02 ms
[TIMING] Total fit: 761.28 ms
[TIMING] Test leaf ID extraction: 46.27 ms
[TIMING] Proximity matrix accumulation: 3501.66 ms
[TIMING] Neighbor sorting & quantiles: 89.20 ms
[TIMING] Total compute_uq: 3637.54 ms
[DEBUG DENSITY] mean walked density = 63.7427, min = 52.3035, max = 69.5790
    [TIMING] UQ Calculation (Proximity_Method_C): 4.4006 s
[TIMING] Random Forest fit/check: 0.00 ms
[TIMING] OOB/In-bag index reconstruction: 347.30 ms
[TIMING] Leaf weights & density precomputation: 718.68 ms
[TIMING] Transfer structures to backend: 0.05 ms
[TIMING] Total fit: 1066.03 ms
[TIMING] Test leaf ID extraction: 69.67 ms
[TIMING] Proximity matrix accumulation: 3483.92 ms
[TIMING] Neighbor sorting & quantiles: 25.64 ms
[TIMING] Total compute_uq: 3579.51 ms
[DEBUG DENSITY] mean walked density = 63.7427, min = 52.3035, max = 69.5790
    [TIMING] UQ Calculation (Proximity_Method_B_C): 4.6480 s
    [TIMING] Metrics Calculation: 0.1459 s
    [TIMING] Total Single Evaluation: 19.6816 s

  >>> Starting: Function=friedman_6d, Seed=4
    [TIMING] Data Generation: 0.0085 s
    [TIMING] Random Forest Fitting: 1.4444 s
    [TIMING] RF Predicting: 0.0532 s
    [TIMING] Base Aleatoric: 0.0688 s
[TIMING] Random Forest fit/check: 0.00 ms
[TIMING] OOB/In-bag index reconstruction: 230.00 ms
[TIMING] Leaf weights & density precomputation: 79.34 ms
[TIMING] Transfer structures to backend: 0.02 ms
[TIMING] Total fit: 309.35 ms
[TIMING] Test leaf ID extraction: 47.48 ms
[TIMING] Proximity matrix accumulation: 1090.93 ms
[TIMING] Neighbor sorting & quantiles: 91.11 ms
[TIMING] Total compute_uq: 1229.83 ms
    [TIMING] UQ Calculation (Proximity_Baseline): 1.5394 s
[TIMING] Random Forest fit/check: 0.00 ms
[TIMING] OOB/In-bag index reconstruction: 230.22 ms
[TIMING] Leaf weights & density precomputation: 502.31 ms
[TIMING] Transfer structures to backend: 0.02 ms
[TIMING] Total fit: 732.55 ms
[TIMING] Test leaf ID extraction: 47.23 ms
[TIMING] Proximity matrix accumulation: 2821.03 ms
[TIMING] Neighbor sorting & quantiles: 88.86 ms
[TIMING] Total compute_uq: 2957.39 ms
    [TIMING] UQ Calculation (Proximity_Method_A): 3.6903 s
[TIMING] Random Forest fit/check: 0.00 ms
[TIMING] OOB/In-bag index reconstruction: 228.28 ms
[TIMING] Leaf weights & density precomputation: 505.22 ms
[TIMING] Transfer structures to backend: 0.01 ms
[TIMING] Total fit: 733.51 ms
[TIMING] Test leaf ID extraction: 46.84 ms
[TIMING] Proximity matrix accumulation: 2800.46 ms
[TIMING] Neighbor sorting & quantiles: 25.42 ms
[TIMING] Total compute_uq: 2873.03 ms
    [TIMING] UQ Calculation (Proximity_Method_B): 3.6077 s
[TIMING] Random Forest fit/check: 0.00 ms
[TIMING] OOB/In-bag index reconstruction: 229.23 ms
[TIMING] Leaf weights & density precomputation: 504.17 ms
[TIMING] Transfer structures to backend: 0.02 ms
[TIMING] Total fit: 733.42 ms
[TIMING] Test leaf ID extraction: 47.46 ms
[TIMING] Proximity matrix accumulation: 3499.99 ms
[TIMING] Neighbor sorting & quantiles: 88.88 ms
[TIMING] Total compute_uq: 3636.66 ms
[DEBUG DENSITY] mean walked density = 64.2888, min = 56.8682, max = 69.2589
    [TIMING] UQ Calculation (Proximity_Method_C): 4.3715 s
[TIMING] Random Forest fit/check: 0.00 ms
[TIMING] OOB/In-bag index reconstruction: 229.57 ms
[TIMING] Leaf weights & density precomputation: 503.86 ms
[TIMING] Transfer structures to backend: 0.02 ms
[TIMING] Total fit: 733.46 ms
[TIMING] Test leaf ID extraction: 47.38 ms
[TIMING] Proximity matrix accumulation: 3485.33 ms
[TIMING] Neighbor sorting & quantiles: 26.00 ms
[TIMING] Total compute_uq: 3559.02 ms
[DEBUG DENSITY] mean walked density = 64.2888, min = 56.8682, max = 69.2589
    [TIMING] UQ Calculation (Proximity_Method_B_C): 4.2940 s
    [TIMING] Metrics Calculation: 0.1410 s
    [TIMING] Total Single Evaluation: 19.2193 s

  >>> Starting: Function=sin_cos_7d, Seed=4
    [TIMING] Data Generation: 0.0096 s
    [TIMING] Random Forest Fitting: 2.6510 s
    [TIMING] RF Predicting: 0.0532 s
    [TIMING] Base Aleatoric: 0.0819 s
[TIMING] Random Forest fit/check: 0.00 ms
[TIMING] OOB/In-bag index reconstruction: 240.26 ms
[TIMING] Leaf weights & density precomputation: 84.79 ms
[TIMING] Transfer structures to backend: 0.02 ms
[TIMING] Total fit: 325.07 ms
[TIMING] Test leaf ID extraction: 57.34 ms
[TIMING] Proximity matrix accumulation: 1495.53 ms
[TIMING] Neighbor sorting & quantiles: 121.74 ms
[TIMING] Total compute_uq: 1674.96 ms
    [TIMING] UQ Calculation (Proximity_Baseline): 2.0002 s
[TIMING] Random Forest fit/check: 0.00 ms
[TIMING] OOB/In-bag index reconstruction: 241.92 ms
[TIMING] Leaf weights & density precomputation: 634.50 ms
[TIMING] Transfer structures to backend: 0.02 ms
[TIMING] Total fit: 876.44 ms
[TIMING] Test leaf ID extraction: 57.92 ms
[TIMING] Proximity matrix accumulation: 3817.38 ms
[TIMING] Neighbor sorting & quantiles: 120.02 ms
[TIMING] Total compute_uq: 3995.67 ms
    [TIMING] UQ Calculation (Proximity_Method_A): 4.8725 s
[TIMING] Random Forest fit/check: 0.00 ms
[TIMING] OOB/In-bag index reconstruction: 242.22 ms
[TIMING] Leaf weights & density precomputation: 638.48 ms
[TIMING] Transfer structures to backend: 0.01 ms
[TIMING] Total fit: 880.71 ms
[TIMING] Test leaf ID extraction: 57.70 ms
[TIMING] Proximity matrix accumulation: 3797.57 ms
[TIMING] Neighbor sorting & quantiles: 33.45 ms
[TIMING] Total compute_uq: 3889.06 ms
    [TIMING] UQ Calculation (Proximity_Method_B): 4.7711 s
[TIMING] Random Forest fit/check: 0.00 ms
[TIMING] OOB/In-bag index reconstruction: 242.24 ms
[TIMING] Leaf weights & density precomputation: 632.79 ms
[TIMING] Transfer structures to backend: 0.01 ms
[TIMING] Total fit: 875.05 ms
[TIMING] Test leaf ID extraction: 58.21 ms
[TIMING] Proximity matrix accumulation: 4742.65 ms
[TIMING] Neighbor sorting & quantiles: 119.97 ms
[TIMING] Total compute_uq: 4921.18 ms
[DEBUG DENSITY] mean walked density = 64.2884, min = 61.1513, max = 67.9817
    [TIMING] UQ Calculation (Proximity_Method_C): 5.7977 s
[TIMING] Random Forest fit/check: 0.00 ms
[TIMING] OOB/In-bag index reconstruction: 241.90 ms
[TIMING] Leaf weights & density precomputation: 633.71 ms
[TIMING] Transfer structures to backend: 0.02 ms
[TIMING] Total fit: 875.63 ms
[TIMING] Test leaf ID extraction: 58.99 ms
[TIMING] Proximity matrix accumulation: 4728.74 ms
[TIMING] Neighbor sorting & quantiles: 33.42 ms
[TIMING] Total compute_uq: 4821.50 ms
[DEBUG DENSITY] mean walked density = 64.2884, min = 61.1513, max = 67.9817
    [TIMING] UQ Calculation (Proximity_Method_B_C): 5.6986 s
    [TIMING] Metrics Calculation: 0.1568 s
    [TIMING] Total Single Evaluation: 26.0934 s

  >>> Starting: Function=quadratic_7d, Seed=4
    [TIMING] Data Generation: 0.0107 s
    [TIMING] Random Forest Fitting: 2.0212 s
    [TIMING] RF Predicting: 0.0532 s
    [TIMING] Base Aleatoric: 0.0726 s
[TIMING] Random Forest fit/check: 0.00 ms
[TIMING] OOB/In-bag index reconstruction: 241.35 ms
[TIMING] Leaf weights & density precomputation: 84.19 ms
[TIMING] Transfer structures to backend: 0.02 ms
[TIMING] Total fit: 325.55 ms
[TIMING] Test leaf ID extraction: 47.64 ms
[TIMING] Proximity matrix accumulation: 1495.43 ms
[TIMING] Neighbor sorting & quantiles: 122.62 ms
[TIMING] Total compute_uq: 1666.04 ms
    [TIMING] UQ Calculation (Proximity_Baseline): 1.9918 s
[TIMING] Random Forest fit/check: 0.00 ms
[TIMING] OOB/In-bag index reconstruction: 232.95 ms
[TIMING] Leaf weights & density precomputation: 582.70 ms
[TIMING] Transfer structures to backend: 0.01 ms
[TIMING] Total fit: 815.66 ms
[TIMING] Test leaf ID extraction: 47.59 ms
[TIMING] Proximity matrix accumulation: 3812.91 ms
[TIMING] Neighbor sorting & quantiles: 119.91 ms
[TIMING] Total compute_uq: 3980.74 ms
    [TIMING] UQ Calculation (Proximity_Method_A): 4.7968 s
[TIMING] Random Forest fit/check: 0.00 ms
[TIMING] OOB/In-bag index reconstruction: 243.08 ms
[TIMING] Leaf weights & density precomputation: 585.74 ms
[TIMING] Transfer structures to backend: 0.02 ms
[TIMING] Total fit: 828.85 ms
[TIMING] Test leaf ID extraction: 47.24 ms
[TIMING] Proximity matrix accumulation: 3798.85 ms
[TIMING] Neighbor sorting & quantiles: 33.55 ms
[TIMING] Total compute_uq: 3879.96 ms
    [TIMING] UQ Calculation (Proximity_Method_B): 4.7104 s
[TIMING] Random Forest fit/check: 0.00 ms
[TIMING] OOB/In-bag index reconstruction: 230.73 ms
[TIMING] Leaf weights & density precomputation: 583.18 ms
[TIMING] Transfer structures to backend: 0.01 ms
[TIMING] Total fit: 813.93 ms
[TIMING] Test leaf ID extraction: 46.32 ms
[TIMING] Proximity matrix accumulation: 4742.38 ms
[TIMING] Neighbor sorting & quantiles: 120.03 ms
[TIMING] Total compute_uq: 4909.15 ms
[DEBUG DENSITY] mean walked density = 64.1658, min = 55.7907, max = 70.9223
    [TIMING] UQ Calculation (Proximity_Method_C): 5.7246 s
[TIMING] Random Forest fit/check: 0.01 ms
[TIMING] OOB/In-bag index reconstruction: 241.42 ms
[TIMING] Leaf weights & density precomputation: 583.94 ms
[TIMING] Transfer structures to backend: 0.02 ms
[TIMING] Total fit: 825.38 ms
[TIMING] Test leaf ID extraction: 46.87 ms
[TIMING] Proximity matrix accumulation: 4729.04 ms
[TIMING] Neighbor sorting & quantiles: 33.31 ms
[TIMING] Total compute_uq: 4809.60 ms
[DEBUG DENSITY] mean walked density = 64.1658, min = 55.7907, max = 70.9223
    [TIMING] UQ Calculation (Proximity_Method_B_C): 5.6366 s
    [TIMING] Metrics Calculation: 0.1191 s
    [TIMING] Total Single Evaluation: 25.1374 s

  >>> Starting: Function=interaction_7d, Seed=4
    [TIMING] Data Generation: 0.0081 s
    [TIMING] Random Forest Fitting: 1.9916 s
    [TIMING] RF Predicting: 0.0529 s
    [TIMING] Base Aleatoric: 0.0718 s
[TIMING] Random Forest fit/check: 0.00 ms
[TIMING] OOB/In-bag index reconstruction: 240.41 ms
[TIMING] Leaf weights & density precomputation: 84.82 ms
[TIMING] Transfer structures to backend: 0.02 ms
[TIMING] Total fit: 325.25 ms
[TIMING] Test leaf ID extraction: 47.49 ms
[TIMING] Proximity matrix accumulation: 1496.96 ms
[TIMING] Neighbor sorting & quantiles: 122.56 ms
[TIMING] Total compute_uq: 1667.30 ms
    [TIMING] UQ Calculation (Proximity_Baseline): 1.9927 s
[TIMING] Random Forest fit/check: 0.00 ms
[TIMING] OOB/In-bag index reconstruction: 241.53 ms
[TIMING] Leaf weights & density precomputation: 579.97 ms
[TIMING] Transfer structures to backend: 0.02 ms
[TIMING] Total fit: 821.51 ms
[TIMING] Test leaf ID extraction: 47.92 ms
[TIMING] Proximity matrix accumulation: 3813.06 ms
[TIMING] Neighbor sorting & quantiles: 119.87 ms
[TIMING] Total compute_uq: 3981.20 ms
    [TIMING] UQ Calculation (Proximity_Method_A): 4.8031 s
[TIMING] Random Forest fit/check: 0.00 ms
[TIMING] OOB/In-bag index reconstruction: 242.47 ms
[TIMING] Leaf weights & density precomputation: 584.91 ms
[TIMING] Transfer structures to backend: 0.02 ms
[TIMING] Total fit: 827.40 ms
[TIMING] Test leaf ID extraction: 47.57 ms
[TIMING] Proximity matrix accumulation: 3796.46 ms
[TIMING] Neighbor sorting & quantiles: 33.45 ms
[TIMING] Total compute_uq: 3877.80 ms
    [TIMING] UQ Calculation (Proximity_Method_B): 4.7065 s
[TIMING] Random Forest fit/check: 0.00 ms
[TIMING] OOB/In-bag index reconstruction: 234.03 ms
[TIMING] Leaf weights & density precomputation: 581.69 ms
[TIMING] Transfer structures to backend: 0.02 ms
[TIMING] Total fit: 815.74 ms
[TIMING] Test leaf ID extraction: 47.95 ms
[TIMING] Proximity matrix accumulation: 4740.10 ms
[TIMING] Neighbor sorting & quantiles: 119.98 ms
[TIMING] Total compute_uq: 4908.39 ms
[DEBUG DENSITY] mean walked density = 63.5965, min = 56.9507, max = 68.8455
    [TIMING] UQ Calculation (Proximity_Method_C): 5.7258 s
[TIMING] Random Forest fit/check: 0.00 ms
[TIMING] OOB/In-bag index reconstruction: 253.14 ms
[TIMING] Leaf weights & density precomputation: 582.46 ms
[TIMING] Transfer structures to backend: 0.02 ms
[TIMING] Total fit: 835.62 ms
[TIMING] Test leaf ID extraction: 58.14 ms
[TIMING] Proximity matrix accumulation: 4725.17 ms
[TIMING] Neighbor sorting & quantiles: 33.52 ms
[TIMING] Total compute_uq: 4817.18 ms
[DEBUG DENSITY] mean walked density = 63.5965, min = 56.9507, max = 68.8455
    [TIMING] UQ Calculation (Proximity_Method_B_C): 5.6544 s
    [TIMING] Metrics Calculation: 0.1055 s
    [TIMING] Total Single Evaluation: 25.1130 s

  >>> Starting: Function=sin_cos_8d, Seed=4
    [TIMING] Data Generation: 0.0124 s
    [TIMING] Random Forest Fitting: 3.6911 s
    [TIMING] RF Predicting: 0.0531 s
    [TIMING] Base Aleatoric: 0.0752 s
[TIMING] Random Forest fit/check: 0.00 ms
[TIMING] OOB/In-bag index reconstruction: 256.77 ms
[TIMING] Leaf weights & density precomputation: 91.71 ms
[TIMING] Transfer structures to backend: 0.01 ms
[TIMING] Total fit: 348.50 ms
[TIMING] Test leaf ID extraction: 59.25 ms
[TIMING] Proximity matrix accumulation: 1972.18 ms
[TIMING] Neighbor sorting & quantiles: 158.04 ms
[TIMING] Total compute_uq: 2189.84 ms
    [TIMING] UQ Calculation (Proximity_Baseline): 2.5385 s
[TIMING] Random Forest fit/check: 0.00 ms
[TIMING] OOB/In-bag index reconstruction: 255.88 ms
[TIMING] Leaf weights & density precomputation: 711.45 ms
[TIMING] Transfer structures to backend: 0.01 ms
[TIMING] Total fit: 967.35 ms
[TIMING] Test leaf ID extraction: 59.44 ms
[TIMING] Proximity matrix accumulation: 4961.16 ms
[TIMING] Neighbor sorting & quantiles: 155.76 ms
[TIMING] Total compute_uq: 5176.73 ms
    [TIMING] UQ Calculation (Proximity_Method_A): 6.1444 s
[TIMING] Random Forest fit/check: 0.00 ms
[TIMING] OOB/In-bag index reconstruction: 255.33 ms
[TIMING] Leaf weights & density precomputation: 711.10 ms
[TIMING] Transfer structures to backend: 0.02 ms
[TIMING] Total fit: 966.46 ms
[TIMING] Test leaf ID extraction: 60.61 ms
[TIMING] Proximity matrix accumulation: 4978.49 ms
[TIMING] Neighbor sorting & quantiles: 41.79 ms
[TIMING] Total compute_uq: 5081.23 ms
    [TIMING] UQ Calculation (Proximity_Method_B): 6.0490 s
[TIMING] Random Forest fit/check: 0.01 ms
[TIMING] OOB/In-bag index reconstruction: 267.53 ms
[TIMING] Leaf weights & density precomputation: 709.74 ms
[TIMING] Transfer structures to backend: 0.02 ms
[TIMING] Total fit: 977.29 ms
[TIMING] Test leaf ID extraction: 70.89 ms
[TIMING] Proximity matrix accumulation: 6162.01 ms
[TIMING] Neighbor sorting & quantiles: 155.75 ms
[TIMING] Total compute_uq: 6389.03 ms
[DEBUG DENSITY] mean walked density = 64.2048, min = 61.1310, max = 67.6417
    [TIMING] UQ Calculation (Proximity_Method_C): 7.3680 s
[TIMING] Random Forest fit/check: 0.00 ms
[TIMING] OOB/In-bag index reconstruction: 255.96 ms
[TIMING] Leaf weights & density precomputation: 698.70 ms
[TIMING] Transfer structures to backend: 0.02 ms
[TIMING] Total fit: 954.68 ms
[TIMING] Test leaf ID extraction: 59.94 ms
[TIMING] Proximity matrix accumulation: 6175.14 ms
[TIMING] Neighbor sorting & quantiles: 41.85 ms
[TIMING] Total compute_uq: 6277.30 ms
[DEBUG DENSITY] mean walked density = 64.2048, min = 61.1310, max = 67.6417
    [TIMING] UQ Calculation (Proximity_Method_B_C): 7.2335 s
    [TIMING] Metrics Calculation: 0.1630 s
    [TIMING] Total Single Evaluation: 33.3289 s

  >>> Starting: Function=quadratic_8d, Seed=4
    [TIMING] Data Generation: 0.0096 s
    [TIMING] Random Forest Fitting: 2.7076 s
    [TIMING] RF Predicting: 0.0536 s
    [TIMING] Base Aleatoric: 0.0741 s
[TIMING] Random Forest fit/check: 0.00 ms
[TIMING] OOB/In-bag index reconstruction: 245.83 ms
[TIMING] Leaf weights & density precomputation: 90.13 ms
[TIMING] Transfer structures to backend: 0.02 ms
[TIMING] Total fit: 335.98 ms
[TIMING] Test leaf ID extraction: 59.88 ms
[TIMING] Proximity matrix accumulation: 1972.70 ms
[TIMING] Neighbor sorting & quantiles: 159.29 ms
[TIMING] Total compute_uq: 2192.23 ms
    [TIMING] UQ Calculation (Proximity_Baseline): 2.5285 s
[TIMING] Random Forest fit/check: 0.00 ms
[TIMING] OOB/In-bag index reconstruction: 246.61 ms
[TIMING] Leaf weights & density precomputation: 661.04 ms
[TIMING] Transfer structures to backend: 0.02 ms
[TIMING] Total fit: 907.68 ms
[TIMING] Test leaf ID extraction: 59.92 ms
[TIMING] Proximity matrix accumulation: 4960.07 ms
[TIMING] Neighbor sorting & quantiles: 156.29 ms
[TIMING] Total compute_uq: 5176.70 ms
    [TIMING] UQ Calculation (Proximity_Method_A): 6.0849 s
[TIMING] Random Forest fit/check: 0.00 ms
[TIMING] OOB/In-bag index reconstruction: 247.84 ms
[TIMING] Leaf weights & density precomputation: 658.63 ms
[TIMING] Transfer structures to backend: 0.02 ms
[TIMING] Total fit: 906.48 ms
[TIMING] Test leaf ID extraction: 59.28 ms
[TIMING] Proximity matrix accumulation: 4979.91 ms
[TIMING] Neighbor sorting & quantiles: 44.68 ms
[TIMING] Total compute_uq: 5084.29 ms
    [TIMING] UQ Calculation (Proximity_Method_B): 5.9920 s
[TIMING] Random Forest fit/check: 0.00 ms
[TIMING] OOB/In-bag index reconstruction: 258.62 ms
[TIMING] Leaf weights & density precomputation: 687.17 ms
[TIMING] Transfer structures to backend: 0.02 ms
[TIMING] Total fit: 945.81 ms
[TIMING] Test leaf ID extraction: 60.34 ms
[TIMING] Proximity matrix accumulation: 6161.64 ms
[TIMING] Neighbor sorting & quantiles: 156.59 ms
[TIMING] Total compute_uq: 6379.00 ms
[DEBUG DENSITY] mean walked density = 64.3603, min = 56.5606, max = 69.7656
    [TIMING] UQ Calculation (Proximity_Method_C): 7.3267 s
[TIMING] Random Forest fit/check: 0.01 ms
[TIMING] OOB/In-bag index reconstruction: 511.59 ms
[TIMING] Leaf weights & density precomputation: 1679.48 ms
[TIMING] Transfer structures to backend: 0.01 ms
[TIMING] Total fit: 2191.09 ms
[TIMING] Test leaf ID extraction: 60.58 ms
[TIMING] Proximity matrix accumulation: 6198.58 ms
[TIMING] Neighbor sorting & quantiles: 42.52 ms
[TIMING] Total compute_uq: 6302.04 ms
[DEBUG DENSITY] mean walked density = 64.3603, min = 56.5606, max = 69.7656
    [TIMING] UQ Calculation (Proximity_Method_B_C): 8.4948 s
    [TIMING] Metrics Calculation: 5.7433 s
    [TIMING] Total Single Evaluation: 39.0158 s

  >>> Starting: Function=exp_sum_8d, Seed=4
    [TIMING] Data Generation: 0.0503 s
    [TIMING] Random Forest Fitting: 4.1368 s
    [TIMING] RF Predicting: 0.0641 s
    [TIMING] Base Aleatoric: 0.1052 s
[TIMING] Random Forest fit/check: 0.00 ms
[TIMING] OOB/In-bag index reconstruction: 361.88 ms
[TIMING] Leaf weights & density precomputation: 120.82 ms
[TIMING] Transfer structures to backend: 0.02 ms
[TIMING] Total fit: 482.71 ms
[TIMING] Test leaf ID extraction: 60.65 ms
[TIMING] Proximity matrix accumulation: 1972.05 ms
[TIMING] Neighbor sorting & quantiles: 159.05 ms
[TIMING] Total compute_uq: 2192.18 ms
    [TIMING] UQ Calculation (Proximity_Baseline): 2.6752 s
[TIMING] Random Forest fit/check: 0.00 ms
[TIMING] OOB/In-bag index reconstruction: 348.36 ms
[TIMING] Leaf weights & density precomputation: 927.72 ms
[TIMING] Transfer structures to backend: 0.02 ms
[TIMING] Total fit: 1276.11 ms
[TIMING] Test leaf ID extraction: 61.13 ms
[TIMING] Proximity matrix accumulation: 4966.89 ms
[TIMING] Neighbor sorting & quantiles: 156.01 ms
[TIMING] Total compute_uq: 5184.47 ms
    [TIMING] UQ Calculation (Proximity_Method_A): 6.4611 s
[TIMING] Random Forest fit/check: 0.00 ms
[TIMING] OOB/In-bag index reconstruction: 245.33 ms
[TIMING] Leaf weights & density precomputation: 677.65 ms
[TIMING] Transfer structures to backend: 0.02 ms
[TIMING] Total fit: 923.00 ms
[TIMING] Test leaf ID extraction: 59.29 ms
[TIMING] Proximity matrix accumulation: 4985.46 ms
[TIMING] Neighbor sorting & quantiles: 42.34 ms
[TIMING] Total compute_uq: 5087.45 ms
    [TIMING] UQ Calculation (Proximity_Method_B): 6.0117 s
[TIMING] Random Forest fit/check: 0.00 ms
[TIMING] OOB/In-bag index reconstruction: 245.45 ms
[TIMING] Leaf weights & density precomputation: 674.79 ms
[TIMING] Transfer structures to backend: 0.02 ms
[TIMING] Total fit: 920.26 ms
[TIMING] Test leaf ID extraction: 59.55 ms
[TIMING] Proximity matrix accumulation: 6167.94 ms
[TIMING] Neighbor sorting & quantiles: 155.99 ms
[TIMING] Total compute_uq: 6383.94 ms
[DEBUG DENSITY] mean walked density = 64.0718, min = 59.7781, max = 69.4454
    [TIMING] UQ Calculation (Proximity_Method_C): 7.3058 s
[TIMING] Random Forest fit/check: 0.01 ms
[TIMING] OOB/In-bag index reconstruction: 257.26 ms
[TIMING] Leaf weights & density precomputation: 662.47 ms
[TIMING] Transfer structures to backend: 0.02 ms
[TIMING] Total fit: 919.75 ms
[TIMING] Test leaf ID extraction: 60.26 ms
[TIMING] Proximity matrix accumulation: 6180.43 ms
[TIMING] Neighbor sorting & quantiles: 43.36 ms
[TIMING] Total compute_uq: 6284.45 ms
[DEBUG DENSITY] mean walked density = 64.0718, min = 59.7781, max = 69.4454
    [TIMING] UQ Calculation (Proximity_Method_B_C): 7.2058 s
    [TIMING] Metrics Calculation: 0.1609 s
    [TIMING] Total Single Evaluation: 34.1777 s

  >>> Starting: Function=sin_cos_9d, Seed=4
    [TIMING] Data Generation: 0.0203 s
    [TIMING] Random Forest Fitting: 4.6015 s
    [TIMING] RF Predicting: 0.0636 s
    [TIMING] Base Aleatoric: 0.0889 s
[TIMING] Random Forest fit/check: 0.00 ms
[TIMING] OOB/In-bag index reconstruction: 332.77 ms
[TIMING] Leaf weights & density precomputation: 97.51 ms
[TIMING] Transfer structures to backend: 0.02 ms
[TIMING] Total fit: 430.29 ms
[TIMING] Test leaf ID extraction: 70.26 ms
[TIMING] Proximity matrix accumulation: 2526.52 ms
[TIMING] Neighbor sorting & quantiles: 210.70 ms
[TIMING] Total compute_uq: 2807.96 ms
    [TIMING] UQ Calculation (Proximity_Baseline): 3.2385 s
[TIMING] Random Forest fit/check: 0.00 ms
[TIMING] OOB/In-bag index reconstruction: 343.77 ms
[TIMING] Leaf weights & density precomputation: 785.64 ms
[TIMING] Transfer structures to backend: 0.02 ms
[TIMING] Total fit: 1129.44 ms
[TIMING] Test leaf ID extraction: 68.05 ms
[TIMING] Proximity matrix accumulation: 6276.09 ms
[TIMING] Neighbor sorting & quantiles: 207.02 ms
[TIMING] Total compute_uq: 6551.61 ms
    [TIMING] UQ Calculation (Proximity_Method_A): 7.6816 s
[TIMING] Random Forest fit/check: 0.01 ms
[TIMING] OOB/In-bag index reconstruction: 330.83 ms
[TIMING] Leaf weights & density precomputation: 791.03 ms
[TIMING] Transfer structures to backend: 0.02 ms
[TIMING] Total fit: 1121.89 ms
[TIMING] Test leaf ID extraction: 80.82 ms
[TIMING] Proximity matrix accumulation: 6285.15 ms
[TIMING] Neighbor sorting & quantiles: 53.22 ms
[TIMING] Total compute_uq: 6419.63 ms
    [TIMING] UQ Calculation (Proximity_Method_B): 7.5429 s
[TIMING] Random Forest fit/check: 0.00 ms
[TIMING] OOB/In-bag index reconstruction: 330.53 ms
[TIMING] Leaf weights & density precomputation: 776.16 ms
[TIMING] Transfer structures to backend: 0.02 ms
[TIMING] Total fit: 1106.71 ms
[TIMING] Test leaf ID extraction: 69.50 ms
[TIMING] Proximity matrix accumulation: 7808.95 ms
[TIMING] Neighbor sorting & quantiles: 207.14 ms
[TIMING] Total compute_uq: 8086.12 ms
[DEBUG DENSITY] mean walked density = 64.4210, min = 61.3815, max = 68.3749
    [TIMING] UQ Calculation (Proximity_Method_C): 9.1946 s
[TIMING] Random Forest fit/check: 0.00 ms
[TIMING] OOB/In-bag index reconstruction: 342.00 ms
[TIMING] Leaf weights & density precomputation: 795.34 ms
[TIMING] Transfer structures to backend: 0.02 ms
[TIMING] Total fit: 1137.36 ms
[TIMING] Test leaf ID extraction: 68.97 ms
[TIMING] Proximity matrix accumulation: 7822.18 ms
[TIMING] Neighbor sorting & quantiles: 52.74 ms
[TIMING] Total compute_uq: 7944.31 ms
[DEBUG DENSITY] mean walked density = 64.4210, min = 61.3815, max = 68.3749
    [TIMING] UQ Calculation (Proximity_Method_B_C): 9.0834 s
    [TIMING] Metrics Calculation: 0.2383 s
    [TIMING] Total Single Evaluation: 41.7546 s

  >>> Starting: Function=quadratic_9d, Seed=4
    [TIMING] Data Generation: 0.0175 s
    [TIMING] Random Forest Fitting: 3.6492 s
    [TIMING] RF Predicting: 0.0531 s
    [TIMING] Base Aleatoric: 0.0770 s
[TIMING] Random Forest fit/check: 0.00 ms
[TIMING] OOB/In-bag index reconstruction: 317.91 ms
[TIMING] Leaf weights & density precomputation: 95.78 ms
[TIMING] Transfer structures to backend: 0.02 ms
[TIMING] Total fit: 413.71 ms
[TIMING] Test leaf ID extraction: 58.48 ms
[TIMING] Proximity matrix accumulation: 2526.43 ms
[TIMING] Neighbor sorting & quantiles: 211.98 ms
[TIMING] Total compute_uq: 2797.33 ms
    [TIMING] UQ Calculation (Proximity_Baseline): 3.2112 s
[TIMING] Random Forest fit/check: 0.00 ms
[TIMING] OOB/In-bag index reconstruction: 326.20 ms
[TIMING] Leaf weights & density precomputation: 713.94 ms
[TIMING] Transfer structures to backend: 0.02 ms
[TIMING] Total fit: 1040.16 ms
[TIMING] Test leaf ID extraction: 57.91 ms
[TIMING] Proximity matrix accumulation: 6268.17 ms
[TIMING] Neighbor sorting & quantiles: 206.64 ms
[TIMING] Total compute_uq: 6533.14 ms
    [TIMING] UQ Calculation (Proximity_Method_A): 7.5738 s
[TIMING] Random Forest fit/check: 0.00 ms
[TIMING] OOB/In-bag index reconstruction: 328.47 ms
[TIMING] Leaf weights & density precomputation: 718.81 ms
[TIMING] Transfer structures to backend: 0.02 ms
[TIMING] Total fit: 1047.29 ms
[TIMING] Test leaf ID extraction: 68.44 ms
[TIMING] Proximity matrix accumulation: 6276.87 ms
[TIMING] Neighbor sorting & quantiles: 52.10 ms
[TIMING] Total compute_uq: 6397.83 ms
    [TIMING] UQ Calculation (Proximity_Method_B): 7.4465 s
[TIMING] Random Forest fit/check: 0.01 ms
[TIMING] OOB/In-bag index reconstruction: 328.60 ms
[TIMING] Leaf weights & density precomputation: 806.17 ms
[TIMING] Transfer structures to backend: 0.02 ms
[TIMING] Total fit: 1134.79 ms
[TIMING] Test leaf ID extraction: 58.29 ms
[TIMING] Proximity matrix accumulation: 7801.81 ms
[TIMING] Neighbor sorting & quantiles: 206.91 ms
[TIMING] Total compute_uq: 8067.45 ms
[DEBUG DENSITY] mean walked density = 63.8645, min = 57.2042, max = 71.2353
    [TIMING] UQ Calculation (Proximity_Method_C): 9.2039 s
[TIMING] Random Forest fit/check: 0.01 ms
[TIMING] OOB/In-bag index reconstruction: 340.08 ms
[TIMING] Leaf weights & density precomputation: 726.45 ms
[TIMING] Transfer structures to backend: 0.02 ms
[TIMING] Total fit: 1066.56 ms
[TIMING] Test leaf ID extraction: 68.47 ms
[TIMING] Proximity matrix accumulation: 7817.05 ms
[TIMING] Neighbor sorting & quantiles: 52.05 ms
[TIMING] Total compute_uq: 7938.04 ms
[DEBUG DENSITY] mean walked density = 63.8645, min = 57.2042, max = 71.2353
    [TIMING] UQ Calculation (Proximity_Method_B_C): 9.0062 s
    [TIMING] Metrics Calculation: 0.2083 s
    [TIMING] Total Single Evaluation: 40.4473 s

  >>> Starting: Function=multi_modal_9d, Seed=4
    [TIMING] Data Generation: 0.0212 s
    [TIMING] Random Forest Fitting: 4.1346 s
    [TIMING] RF Predicting: 0.0637 s
    [TIMING] Base Aleatoric: 0.0881 s
[TIMING] Random Forest fit/check: 0.00 ms
[TIMING] OOB/In-bag index reconstruction: 333.63 ms
[TIMING] Leaf weights & density precomputation: 102.67 ms
[TIMING] Transfer structures to backend: 0.02 ms
[TIMING] Total fit: 436.32 ms
[TIMING] Test leaf ID extraction: 131.76 ms
[TIMING] Proximity matrix accumulation: 2526.77 ms
[TIMING] Neighbor sorting & quantiles: 211.79 ms
[TIMING] Total compute_uq: 2870.74 ms
    [TIMING] UQ Calculation (Proximity_Baseline): 3.3074 s
[TIMING] Random Forest fit/check: 0.00 ms
[TIMING] OOB/In-bag index reconstruction: 402.75 ms
[TIMING] Leaf weights & density precomputation: 1073.26 ms
[TIMING] Transfer structures to backend: 0.03 ms
[TIMING] Total fit: 1476.03 ms
[TIMING] Test leaf ID extraction: 70.78 ms
[TIMING] Proximity matrix accumulation: 6276.43 ms
[TIMING] Neighbor sorting & quantiles: 207.42 ms
[TIMING] Total compute_uq: 6555.16 ms
    [TIMING] UQ Calculation (Proximity_Method_A): 8.0318 s
[TIMING] Random Forest fit/check: 0.00 ms
[TIMING] OOB/In-bag index reconstruction: 330.71 ms
[TIMING] Leaf weights & density precomputation: 765.17 ms
[TIMING] Transfer structures to backend: 0.02 ms
[TIMING] Total fit: 1095.90 ms
[TIMING] Test leaf ID extraction: 68.68 ms
[TIMING] Proximity matrix accumulation: 6286.34 ms
[TIMING] Neighbor sorting & quantiles: 53.36 ms
[TIMING] Total compute_uq: 6408.79 ms
    [TIMING] UQ Calculation (Proximity_Method_B): 7.5066 s
[TIMING] Random Forest fit/check: 0.00 ms
[TIMING] OOB/In-bag index reconstruction: 332.51 ms
[TIMING] Leaf weights & density precomputation: 755.28 ms
[TIMING] Transfer structures to backend: 0.02 ms
[TIMING] Total fit: 1087.81 ms
[TIMING] Test leaf ID extraction: 68.56 ms
[TIMING] Proximity matrix accumulation: 7812.25 ms
[TIMING] Neighbor sorting & quantiles: 207.11 ms
[TIMING] Total compute_uq: 8088.42 ms
[DEBUG DENSITY] mean walked density = 64.3527, min = 58.4052, max = 68.4615
    [TIMING] UQ Calculation (Proximity_Method_C): 9.1780 s
[TIMING] Random Forest fit/check: 0.01 ms
[TIMING] OOB/In-bag index reconstruction: 332.67 ms
[TIMING] Leaf weights & density precomputation: 761.60 ms
[TIMING] Transfer structures to backend: 0.02 ms
[TIMING] Total fit: 1094.30 ms
[TIMING] Test leaf ID extraction: 68.52 ms
[TIMING] Proximity matrix accumulation: 7838.95 ms
[TIMING] Neighbor sorting & quantiles: 54.43 ms
[TIMING] Total compute_uq: 7962.36 ms
[DEBUG DENSITY] mean walked density = 64.3527, min = 58.4052, max = 68.4615
    [TIMING] UQ Calculation (Proximity_Method_B_C): 9.0585 s
    [TIMING] Metrics Calculation: 4.4891 s
    [TIMING] Total Single Evaluation: 45.8797 s

  >>> Starting: Function=sin_cos_10d, Seed=4
    [TIMING] Data Generation: 0.0268 s
    [TIMING] Random Forest Fitting: 6.0919 s
    [TIMING] RF Predicting: 0.0640 s
    [TIMING] Base Aleatoric: 0.1153 s
[TIMING] Random Forest fit/check: 0.00 ms
[TIMING] OOB/In-bag index reconstruction: 459.26 ms
[TIMING] Leaf weights & density precomputation: 127.46 ms
[TIMING] Transfer structures to backend: 0.02 ms
[TIMING] Total fit: 586.74 ms
[TIMING] Test leaf ID extraction: 71.31 ms
[TIMING] Proximity matrix accumulation: 3129.73 ms
[TIMING] Neighbor sorting & quantiles: 259.18 ms
[TIMING] Total compute_uq: 3461.02 ms
    [TIMING] UQ Calculation (Proximity_Baseline): 4.0482 s
[TIMING] Random Forest fit/check: 0.00 ms
[TIMING] OOB/In-bag index reconstruction: 343.80 ms
[TIMING] Leaf weights & density precomputation: 888.39 ms
[TIMING] Transfer structures to backend: 0.02 ms
[TIMING] Total fit: 1232.21 ms
[TIMING] Test leaf ID extraction: 79.28 ms
[TIMING] Proximity matrix accumulation: 7738.03 ms
[TIMING] Neighbor sorting & quantiles: 255.18 ms
[TIMING] Total compute_uq: 8073.07 ms
    [TIMING] UQ Calculation (Proximity_Method_A): 9.3059 s
[TIMING] Random Forest fit/check: 0.01 ms
[TIMING] OOB/In-bag index reconstruction: 342.34 ms
[TIMING] Leaf weights & density precomputation: 874.59 ms
[TIMING] Transfer structures to backend: 0.02 ms
[TIMING] Total fit: 1216.96 ms
[TIMING] Test leaf ID extraction: 79.05 ms
[TIMING] Proximity matrix accumulation: 7745.39 ms
[TIMING] Neighbor sorting & quantiles: 63.98 ms
[TIMING] Total compute_uq: 7888.83 ms
    [TIMING] UQ Calculation (Proximity_Method_B): 9.1071 s
[TIMING] Random Forest fit/check: 0.00 ms
[TIMING] OOB/In-bag index reconstruction: 345.65 ms
[TIMING] Leaf weights & density precomputation: 893.85 ms
[TIMING] Transfer structures to backend: 0.05 ms
[TIMING] Total fit: 1239.55 ms
[TIMING] Test leaf ID extraction: 80.27 ms
[TIMING] Proximity matrix accumulation: 9616.42 ms
[TIMING] Neighbor sorting & quantiles: 254.92 ms
[TIMING] Total compute_uq: 9952.14 ms
[DEBUG DENSITY] mean walked density = 64.3832, min = 60.9881, max = 68.1084
    [TIMING] UQ Calculation (Proximity_Method_C): 11.1937 s
[TIMING] Random Forest fit/check: 0.01 ms
[TIMING] OOB/In-bag index reconstruction: 342.50 ms
[TIMING] Leaf weights & density precomputation: 878.04 ms
[TIMING] Transfer structures to backend: 0.02 ms
[TIMING] Total fit: 1220.57 ms
[TIMING] Test leaf ID extraction: 79.56 ms
[TIMING] Proximity matrix accumulation: 9629.89 ms
[TIMING] Neighbor sorting & quantiles: 64.33 ms
[TIMING] Total compute_uq: 9774.23 ms
[DEBUG DENSITY] mean walked density = 64.3832, min = 60.9881, max = 68.1084
    [TIMING] UQ Calculation (Proximity_Method_B_C): 10.9966 s
    [TIMING] Metrics Calculation: 0.2327 s
    [TIMING] Total Single Evaluation: 51.1831 s

  >>> Starting: Function=quadratic_10d, Seed=4
    [TIMING] Data Generation: 0.0211 s
    [TIMING] Random Forest Fitting: 4.5973 s
    [TIMING] RF Predicting: 0.0637 s
    [TIMING] Base Aleatoric: 0.1059 s
[TIMING] Random Forest fit/check: 0.00 ms
[TIMING] OOB/In-bag index reconstruction: 342.23 ms
[TIMING] Leaf weights & density precomputation: 101.72 ms
[TIMING] Transfer structures to backend: 0.02 ms
[TIMING] Total fit: 443.97 ms
[TIMING] Test leaf ID extraction: 68.72 ms
[TIMING] Proximity matrix accumulation: 3129.85 ms
[TIMING] Neighbor sorting & quantiles: 261.47 ms
[TIMING] Total compute_uq: 3460.54 ms
    [TIMING] UQ Calculation (Proximity_Baseline): 3.9048 s
[TIMING] Random Forest fit/check: 0.00 ms
[TIMING] OOB/In-bag index reconstruction: 745.18 ms
[TIMING] Leaf weights & density precomputation: 1368.49 ms
[TIMING] Transfer structures to backend: 0.02 ms
[TIMING] Total fit: 2113.69 ms
[TIMING] Test leaf ID extraction: 273.16 ms
[TIMING] Proximity matrix accumulation: 7747.87 ms
[TIMING] Neighbor sorting & quantiles: 312.31 ms
[TIMING] Total compute_uq: 8333.85 ms
    [TIMING] UQ Calculation (Proximity_Method_A): 10.4480 s
[TIMING] Random Forest fit/check: 0.00 ms
[TIMING] OOB/In-bag index reconstruction: 333.14 ms
[TIMING] Leaf weights & density precomputation: 808.54 ms
[TIMING] Transfer structures to backend: 0.01 ms
[TIMING] Total fit: 1141.69 ms
[TIMING] Test leaf ID extraction: 69.01 ms
[TIMING] Proximity matrix accumulation: 7739.07 ms
[TIMING] Neighbor sorting & quantiles: 62.41 ms
[TIMING] Total compute_uq: 7870.94 ms
    [TIMING] UQ Calculation (Proximity_Method_B): 9.0137 s
[TIMING] Random Forest fit/check: 0.01 ms
[TIMING] OOB/In-bag index reconstruction: 343.70 ms
[TIMING] Leaf weights & density precomputation: 791.59 ms
[TIMING] Transfer structures to backend: 0.02 ms
[TIMING] Total fit: 1135.31 ms
[TIMING] Test leaf ID extraction: 68.59 ms
[TIMING] Proximity matrix accumulation: 9604.77 ms
[TIMING] Neighbor sorting & quantiles: 254.58 ms
[TIMING] Total compute_uq: 9928.37 ms
[DEBUG DENSITY] mean walked density = 63.4201, min = 55.4272, max = 68.9689
    [TIMING] UQ Calculation (Proximity_Method_C): 11.0653 s
[TIMING] Random Forest fit/check: 0.00 ms
[TIMING] OOB/In-bag index reconstruction: 331.43 ms
[TIMING] Leaf weights & density precomputation: 783.25 ms
[TIMING] Transfer structures to backend: 0.01 ms
[TIMING] Total fit: 1114.70 ms
[TIMING] Test leaf ID extraction: 68.74 ms
[TIMING] Proximity matrix accumulation: 9671.39 ms
[TIMING] Neighbor sorting & quantiles: 64.05 ms
[TIMING] Total compute_uq: 9804.67 ms
[DEBUG DENSITY] mean walked density = 63.4201, min = 55.4272, max = 68.9689
    [TIMING] UQ Calculation (Proximity_Method_B_C): 10.9210 s
    [TIMING] Metrics Calculation: 1.8270 s
    [TIMING] Total Single Evaluation: 51.9686 s

  >>> Starting: Function=friedman_10d, Seed=4
    [TIMING] Data Generation: 0.0151 s
    [TIMING] Random Forest Fitting: 4.0052 s
    [TIMING] RF Predicting: 0.0630 s
    [TIMING] Base Aleatoric: 0.0999 s
[TIMING] Random Forest fit/check: 0.00 ms
[TIMING] OOB/In-bag index reconstruction: 342.43 ms
[TIMING] Leaf weights & density precomputation: 104.58 ms
[TIMING] Transfer structures to backend: 0.02 ms
[TIMING] Total fit: 447.03 ms
[TIMING] Test leaf ID extraction: 79.07 ms
[TIMING] Proximity matrix accumulation: 3128.32 ms
[TIMING] Neighbor sorting & quantiles: 262.00 ms
[TIMING] Total compute_uq: 3469.88 ms
    [TIMING] UQ Calculation (Proximity_Baseline): 3.9171 s
[TIMING] Random Forest fit/check: 0.00 ms
[TIMING] OOB/In-bag index reconstruction: 343.33 ms
[TIMING] Leaf weights & density precomputation: 770.08 ms
[TIMING] Transfer structures to backend: 0.03 ms
[TIMING] Total fit: 1113.44 ms
[TIMING] Test leaf ID extraction: 78.67 ms
[TIMING] Proximity matrix accumulation: 7742.62 ms
[TIMING] Neighbor sorting & quantiles: 255.17 ms
[TIMING] Total compute_uq: 8076.96 ms
    [TIMING] UQ Calculation (Proximity_Method_A): 9.1909 s
[TIMING] Random Forest fit/check: 0.00 ms
[TIMING] OOB/In-bag index reconstruction: 343.25 ms
[TIMING] Leaf weights & density precomputation: 739.92 ms
[TIMING] Transfer structures to backend: 0.02 ms
[TIMING] Total fit: 1083.20 ms
[TIMING] Test leaf ID extraction: 78.92 ms
[TIMING] Proximity matrix accumulation: 7750.19 ms
[TIMING] Neighbor sorting & quantiles: 64.26 ms
[TIMING] Total compute_uq: 7893.84 ms
    [TIMING] UQ Calculation (Proximity_Method_B): 8.9785 s
[TIMING] Random Forest fit/check: 0.03 ms
[TIMING] OOB/In-bag index reconstruction: 344.21 ms
[TIMING] Leaf weights & density precomputation: 748.70 ms
[TIMING] Transfer structures to backend: 0.02 ms
[TIMING] Total fit: 1092.96 ms
[TIMING] Test leaf ID extraction: 79.37 ms
[TIMING] Proximity matrix accumulation: 9613.42 ms
[TIMING] Neighbor sorting & quantiles: 255.21 ms
[TIMING] Total compute_uq: 9948.58 ms
[DEBUG DENSITY] mean walked density = 64.5709, min = 52.9507, max = 70.2791
    [TIMING] UQ Calculation (Proximity_Method_C): 11.0433 s
[TIMING] Random Forest fit/check: 0.00 ms
[TIMING] OOB/In-bag index reconstruction: 369.21 ms
[TIMING] Leaf weights & density precomputation: 747.27 ms
[TIMING] Transfer structures to backend: 0.02 ms
[TIMING] Total fit: 1116.50 ms
[TIMING] Test leaf ID extraction: 78.55 ms
[TIMING] Proximity matrix accumulation: 9635.29 ms
[TIMING] Neighbor sorting & quantiles: 63.93 ms
[TIMING] Total compute_uq: 9778.23 ms
[DEBUG DENSITY] mean walked density = 64.5709, min = 52.9507, max = 70.2791
    [TIMING] UQ Calculation (Proximity_Method_B_C): 10.8965 s
    [TIMING] Metrics Calculation: 0.2336 s
    [TIMING] Total Single Evaluation: 48.4438 s

  >>> Starting: Function=sin_cos_11d, Seed=4
    [TIMING] Data Generation: 0.0305 s
    [TIMING] Random Forest Fitting: 7.7788 s
    [TIMING] RF Predicting: 0.0749 s
    [TIMING] Base Aleatoric: 0.1299 s
[TIMING] Random Forest fit/check: 0.00 ms
[TIMING] OOB/In-bag index reconstruction: 488.34 ms
[TIMING] Leaf weights & density precomputation: 140.25 ms
[TIMING] Transfer structures to backend: 0.02 ms
[TIMING] Total fit: 628.61 ms
[TIMING] Test leaf ID extraction: 81.79 ms
[TIMING] Proximity matrix accumulation: 3811.55 ms
[TIMING] Neighbor sorting & quantiles: 312.55 ms
[TIMING] Total compute_uq: 4206.52 ms
    [TIMING] UQ Calculation (Proximity_Baseline): 4.8356 s
[TIMING] Random Forest fit/check: 0.00 ms
[TIMING] OOB/In-bag index reconstruction: 354.84 ms
[TIMING] Leaf weights & density precomputation: 950.36 ms
[TIMING] Transfer structures to backend: 0.02 ms
[TIMING] Total fit: 1305.22 ms
[TIMING] Test leaf ID extraction: 89.66 ms
[TIMING] Proximity matrix accumulation: 9360.95 ms
[TIMING] Neighbor sorting & quantiles: 307.55 ms
[TIMING] Total compute_uq: 9758.70 ms
    [TIMING] UQ Calculation (Proximity_Method_A): 11.0645 s
[TIMING] Random Forest fit/check: 0.00 ms
[TIMING] OOB/In-bag index reconstruction: 352.94 ms
[TIMING] Leaf weights & density precomputation: 950.68 ms
[TIMING] Transfer structures to backend: 0.02 ms
[TIMING] Total fit: 1303.64 ms
[TIMING] Test leaf ID extraction: 89.78 ms
[TIMING] Proximity matrix accumulation: 9361.44 ms
[TIMING] Neighbor sorting & quantiles: 76.06 ms
[TIMING] Total compute_uq: 9527.78 ms
    [TIMING] UQ Calculation (Proximity_Method_B): 10.8328 s
[TIMING] Random Forest fit/check: 0.01 ms
[TIMING] OOB/In-bag index reconstruction: 371.61 ms
[TIMING] Leaf weights & density precomputation: 951.60 ms
[TIMING] Transfer structures to backend: 0.02 ms
[TIMING] Total fit: 1323.24 ms
[TIMING] Test leaf ID extraction: 89.81 ms
[TIMING] Proximity matrix accumulation: 11612.47 ms
[TIMING] Neighbor sorting & quantiles: 306.90 ms
[TIMING] Total compute_uq: 12009.72 ms
[DEBUG DENSITY] mean walked density = 64.4440, min = 60.9548, max = 67.4615
    [TIMING] UQ Calculation (Proximity_Method_C): 13.3348 s
[TIMING] Random Forest fit/check: 0.00 ms
[TIMING] OOB/In-bag index reconstruction: 354.19 ms
[TIMING] Leaf weights & density precomputation: 950.69 ms
[TIMING] Transfer structures to backend: 0.02 ms
[TIMING] Total fit: 1304.90 ms
[TIMING] Test leaf ID extraction: 90.60 ms
[TIMING] Proximity matrix accumulation: 11623.91 ms
[TIMING] Neighbor sorting & quantiles: 76.30 ms
[TIMING] Total compute_uq: 11791.39 ms
[DEBUG DENSITY] mean walked density = 64.4440, min = 60.9548, max = 67.4615
    [TIMING] UQ Calculation (Proximity_Method_B_C): 13.0981 s
    [TIMING] Metrics Calculation: 0.2430 s
    [TIMING] Total Single Evaluation: 61.4238 s

  >>> Starting: Function=sin_cos_12d, Seed=4
    [TIMING] Data Generation: 0.0358 s
    [TIMING] Random Forest Fitting: 12.0043 s
    [TIMING] RF Predicting: 0.0842 s
    [TIMING] Base Aleatoric: 0.1266 s
[TIMING] Random Forest fit/check: 0.00 ms
[TIMING] OOB/In-bag index reconstruction: 353.85 ms
[TIMING] Leaf weights & density precomputation: 112.90 ms
[TIMING] Transfer structures to backend: 0.02 ms
[TIMING] Total fit: 466.77 ms
[TIMING] Test leaf ID extraction: 91.32 ms
[TIMING] Proximity matrix accumulation: 4561.81 ms
[TIMING] Neighbor sorting & quantiles: 369.89 ms
[TIMING] Total compute_uq: 5023.49 ms
    [TIMING] UQ Calculation (Proximity_Baseline): 5.4906 s
[TIMING] Random Forest fit/check: 0.00 ms
[TIMING] OOB/In-bag index reconstruction: 352.04 ms
[TIMING] Leaf weights & density precomputation: 1089.74 ms
[TIMING] Transfer structures to backend: 0.02 ms
[TIMING] Total fit: 1441.79 ms
[TIMING] Test leaf ID extraction: 91.10 ms
[TIMING] Proximity matrix accumulation: 11128.98 ms
[TIMING] Neighbor sorting & quantiles: 364.20 ms
[TIMING] Total compute_uq: 11584.83 ms
    [TIMING] UQ Calculation (Proximity_Method_A): 13.0271 s
[TIMING] Random Forest fit/check: 0.00 ms
[TIMING] OOB/In-bag index reconstruction: 408.14 ms
[TIMING] Leaf weights & density precomputation: 1028.48 ms
[TIMING] Transfer structures to backend: 0.02 ms
[TIMING] Total fit: 1436.64 ms
[TIMING] Test leaf ID extraction: 91.24 ms
[TIMING] Proximity matrix accumulation: 11168.60 ms
[TIMING] Neighbor sorting & quantiles: 87.39 ms
[TIMING] Total compute_uq: 11347.68 ms
    [TIMING] UQ Calculation (Proximity_Method_B): 12.7858 s
[TIMING] Random Forest fit/check: 0.01 ms
[TIMING] OOB/In-bag index reconstruction: 372.88 ms
[TIMING] Leaf weights & density precomputation: 1019.10 ms
[TIMING] Transfer structures to backend: 0.02 ms
[TIMING] Total fit: 1392.01 ms
[TIMING] Test leaf ID extraction: 91.50 ms
[TIMING] Proximity matrix accumulation: 13790.42 ms
[TIMING] Neighbor sorting & quantiles: 364.27 ms
[TIMING] Total compute_uq: 14246.70 ms
[DEBUG DENSITY] mean walked density = 64.5089, min = 61.1719, max = 68.0319
    [TIMING] UQ Calculation (Proximity_Method_C): 15.6404 s
[TIMING] Random Forest fit/check: 0.01 ms
[TIMING] OOB/In-bag index reconstruction: 353.49 ms
[TIMING] Leaf weights & density precomputation: 1032.58 ms
[TIMING] Transfer structures to backend: 0.01 ms
[TIMING] Total fit: 1386.09 ms
[TIMING] Test leaf ID extraction: 90.25 ms
[TIMING] Proximity matrix accumulation: 13823.22 ms
[TIMING] Neighbor sorting & quantiles: 88.95 ms
[TIMING] Total compute_uq: 14002.92 ms
[DEBUG DENSITY] mean walked density = 64.5089, min = 61.1719, max = 68.0319
    [TIMING] UQ Calculation (Proximity_Method_B_C): 15.3909 s
    [TIMING] Metrics Calculation: 5.0900 s
    [TIMING] Total Single Evaluation: 79.6764 s

  >>> Starting: Function=sin_cos_13d, Seed=4
    [TIMING] Data Generation: 0.1125 s
    [TIMING] Random Forest Fitting: 13.6916 s
    [TIMING] RF Predicting: 0.0844 s
    [TIMING] Base Aleatoric: 0.1501 s
[TIMING] Random Forest fit/check: 0.00 ms
[TIMING] OOB/In-bag index reconstruction: 367.93 ms
[TIMING] Leaf weights & density precomputation: 466.89 ms
[TIMING] Transfer structures to backend: 0.02 ms
[TIMING] Total fit: 834.85 ms
[TIMING] Test leaf ID extraction: 91.92 ms
[TIMING] Proximity matrix accumulation: 9501.16 ms
[TIMING] Neighbor sorting & quantiles: 794.78 ms
[TIMING] Total compute_uq: 10388.47 ms
    [TIMING] UQ Calculation (Proximity_Baseline): 11.2237 s
[TIMING] Random Forest fit/check: 0.00 ms
[TIMING] OOB/In-bag index reconstruction: 364.99 ms
[TIMING] Leaf weights & density precomputation: 1254.45 ms
[TIMING] Transfer structures to backend: 0.02 ms
[TIMING] Total fit: 1619.45 ms
[TIMING] Test leaf ID extraction: 100.83 ms
[TIMING] Proximity matrix accumulation: 23864.09 ms
[TIMING] Neighbor sorting & quantiles: 814.71 ms
[TIMING] Total compute_uq: 24782.07 ms
    [TIMING] UQ Calculation (Proximity_Method_A): 26.4044 s
[TIMING] Random Forest fit/check: 0.01 ms
[TIMING] OOB/In-bag index reconstruction: 369.02 ms
[TIMING] Leaf weights & density precomputation: 1431.39 ms
[TIMING] Transfer structures to backend: 0.02 ms
[TIMING] Total fit: 1800.44 ms
[TIMING] Test leaf ID extraction: 90.88 ms
[TIMING] Proximity matrix accumulation: 24647.99 ms
[TIMING] Neighbor sorting & quantiles: 223.65 ms
[TIMING] Total compute_uq: 24963.40 ms
    [TIMING] UQ Calculation (Proximity_Method_B): 26.7654 s
[TIMING] Random Forest fit/check: 0.01 ms
[TIMING] OOB/In-bag index reconstruction: 405.12 ms
[TIMING] Leaf weights & density precomputation: 1313.63 ms
[TIMING] Transfer structures to backend: 0.02 ms
[TIMING] Total fit: 1718.78 ms
[TIMING] Test leaf ID extraction: 101.86 ms
[TIMING] Proximity matrix accumulation: 30836.73 ms
[TIMING] Neighbor sorting & quantiles: 875.09 ms
[TIMING] Total compute_uq: 31814.24 ms
[DEBUG DENSITY] mean walked density = 64.5635, min = 61.0682, max = 68.7750
    [TIMING] UQ Calculation (Proximity_Method_C): 33.5443 s
[TIMING] Random Forest fit/check: 0.01 ms
[TIMING] OOB/In-bag index reconstruction: 365.99 ms
[TIMING] Leaf weights & density precomputation: 1347.16 ms
[TIMING] Transfer structures to backend: 0.04 ms
[TIMING] Total fit: 1713.20 ms
[TIMING] Test leaf ID extraction: 91.17 ms
[TIMING] Proximity matrix accumulation: 32308.21 ms
[TIMING] Neighbor sorting & quantiles: 251.22 ms
[TIMING] Total compute_uq: 32653.00 ms
[DEBUG DENSITY] mean walked density = 64.5635, min = 61.0682, max = 68.7750
    [TIMING] UQ Calculation (Proximity_Method_B_C): 34.3741 s
    [TIMING] Metrics Calculation: 7.9224 s
    [TIMING] Total Single Evaluation: 154.2737 s

  >>> Starting: Function=sin_cos_14d, Seed=4
    [TIMING] Data Generation: 0.0485 s
    [TIMING] Random Forest Fitting: 13.8830 s
    [TIMING] RF Predicting: 0.0942 s
    [TIMING] Base Aleatoric: 0.1398 s
[TIMING] Random Forest fit/check: 0.00 ms
[TIMING] OOB/In-bag index reconstruction: 378.06 ms
[TIMING] Leaf weights & density precomputation: 824.77 ms
[TIMING] Transfer structures to backend: 0.02 ms
[TIMING] Total fit: 1202.85 ms
[TIMING] Test leaf ID extraction: 104.43 ms
[TIMING] Proximity matrix accumulation: 12671.28 ms
[TIMING] Neighbor sorting & quantiles: 987.83 ms
[TIMING] Total compute_uq: 13764.54 ms
    [TIMING] UQ Calculation (Proximity_Baseline): 14.9679 s
[TIMING] Random Forest fit/check: 0.00 ms
[TIMING] OOB/In-bag index reconstruction: 375.10 ms
[TIMING] Leaf weights & density precomputation: 1486.50 ms
[TIMING] Transfer structures to backend: 0.01 ms
[TIMING] Total fit: 1861.61 ms
[TIMING] Test leaf ID extraction: 102.49 ms
[TIMING] Proximity matrix accumulation: 30361.39 ms
[TIMING] Neighbor sorting & quantiles: 1009.78 ms
[TIMING] Total compute_uq: 31474.73 ms
    [TIMING] UQ Calculation (Proximity_Method_A): 33.3372 s
[TIMING] Random Forest fit/check: 0.01 ms
[TIMING] OOB/In-bag index reconstruction: 378.83 ms
[TIMING] Leaf weights & density precomputation: 1517.76 ms
[TIMING] Transfer structures to backend: 0.03 ms
[TIMING] Total fit: 1896.62 ms
[TIMING] Test leaf ID extraction: 104.60 ms
[TIMING] Proximity matrix accumulation: 30695.82 ms
[TIMING] Neighbor sorting & quantiles: 263.89 ms
[TIMING] Total compute_uq: 31066.02 ms
    [TIMING] UQ Calculation (Proximity_Method_B): 32.9645 s
[TIMING] Random Forest fit/check: 0.01 ms
[TIMING] OOB/In-bag index reconstruction: 369.43 ms
[TIMING] Leaf weights & density precomputation: 1441.86 ms
[TIMING] Transfer structures to backend: 0.02 ms
[TIMING] Total fit: 1811.31 ms
[TIMING] Test leaf ID extraction: 102.89 ms
[TIMING] Proximity matrix accumulation: 37728.12 ms
[TIMING] Neighbor sorting & quantiles: 1007.41 ms
[TIMING] Total compute_uq: 38839.93 ms
[DEBUG DENSITY] mean walked density = 64.7099, min = 61.4449, max = 68.4984
    [TIMING] UQ Calculation (Proximity_Method_C): 40.6628 s
[TIMING] Random Forest fit/check: 0.01 ms
[TIMING] OOB/In-bag index reconstruction: 379.04 ms
[TIMING] Leaf weights & density precomputation: 1519.66 ms
[TIMING] Transfer structures to backend: 0.03 ms
[TIMING] Total fit: 1898.73 ms
[TIMING] Test leaf ID extraction: 103.20 ms
[TIMING] Proximity matrix accumulation: 37894.61 ms
[TIMING] Neighbor sorting & quantiles: 272.11 ms
[TIMING] Total compute_uq: 38272.35 ms
[DEBUG DENSITY] mean walked density = 64.7099, min = 61.4449, max = 68.4984
    [TIMING] UQ Calculation (Proximity_Method_B_C): 40.1831 s
    [TIMING] Metrics Calculation: 10.2970 s
    [TIMING] Total Single Evaluation: 186.5788 s

  >>> Starting: Function=sin_cos_15d, Seed=4
    [TIMING] Data Generation: 0.0568 s
    [TIMING] Random Forest Fitting: 15.8173 s
    [TIMING] RF Predicting: 0.1046 s
    [TIMING] Base Aleatoric: 0.1511 s
[TIMING] Random Forest fit/check: 0.00 ms
[TIMING] OOB/In-bag index reconstruction: 461.08 ms
[TIMING] Leaf weights & density precomputation: 126.55 ms
[TIMING] Transfer structures to backend: 0.02 ms
[TIMING] Total fit: 587.66 ms
[TIMING] Test leaf ID extraction: 123.51 ms
[TIMING] Proximity matrix accumulation: 12170.32 ms
[TIMING] Neighbor sorting & quantiles: 982.00 ms
[TIMING] Total compute_uq: 13276.53 ms
    [TIMING] UQ Calculation (Proximity_Baseline): 13.8661 s
[TIMING] Random Forest fit/check: 0.00 ms
[TIMING] OOB/In-bag index reconstruction: 394.92 ms
[TIMING] Leaf weights & density precomputation: 1864.22 ms
[TIMING] Transfer structures to backend: 0.02 ms
[TIMING] Total fit: 2259.16 ms
[TIMING] Test leaf ID extraction: 117.19 ms
[TIMING] Proximity matrix accumulation: 34829.99 ms
[TIMING] Neighbor sorting & quantiles: 1155.12 ms
[TIMING] Total compute_uq: 36104.73 ms
    [TIMING] UQ Calculation (Proximity_Method_A): 38.3663 s
[TIMING] Random Forest fit/check: 0.01 ms
[TIMING] OOB/In-bag index reconstruction: 390.58 ms
[TIMING] Leaf weights & density precomputation: 1496.85 ms
[TIMING] Transfer structures to backend: 0.03 ms
[TIMING] Total fit: 1887.47 ms
[TIMING] Test leaf ID extraction: 115.69 ms
[TIMING] Proximity matrix accumulation: 35517.41 ms
[TIMING] Neighbor sorting & quantiles: 310.98 ms
[TIMING] Total compute_uq: 35945.30 ms
    [TIMING] UQ Calculation (Proximity_Method_B): 37.8367 s
[TIMING] Random Forest fit/check: 0.01 ms
[TIMING] OOB/In-bag index reconstruction: 388.64 ms
[TIMING] Leaf weights & density precomputation: 1538.68 ms
[TIMING] Transfer structures to backend: 0.01 ms
[TIMING] Total fit: 1927.35 ms
[TIMING] Test leaf ID extraction: 114.81 ms
[TIMING] Proximity matrix accumulation: 41998.22 ms
[TIMING] Neighbor sorting & quantiles: 1171.65 ms
[TIMING] Total compute_uq: 43286.02 ms
[DEBUG DENSITY] mean walked density = 64.5469, min = 61.2718, max = 68.1086
    [TIMING] UQ Calculation (Proximity_Method_C): 45.2224 s
[TIMING] Random Forest fit/check: 0.01 ms
[TIMING] OOB/In-bag index reconstruction: 1514.47 ms
[TIMING] Leaf weights & density precomputation: 2438.39 ms
[TIMING] Transfer structures to backend: 0.03 ms
[TIMING] Total fit: 3952.90 ms
[TIMING] Test leaf ID extraction: 128.27 ms
[TIMING] Proximity matrix accumulation: 43296.13 ms
[TIMING] Neighbor sorting & quantiles: 295.29 ms
[TIMING] Total compute_uq: 43720.62 ms
[DEBUG DENSITY] mean walked density = 64.5469, min = 61.2718, max = 68.1086
    [TIMING] UQ Calculation (Proximity_Method_B_C): 47.6818 s
    [TIMING] Metrics Calculation: 9.9561 s
    [TIMING] Total Single Evaluation: 209.0602 s
 [OK] (1378.0s, ETA: 45m remaining)
[RUN 6/7] 
  >>> Starting: Function=sin, Seed=5
    [TIMING] Data Generation: 0.0004 s
    [TIMING] Random Forest Fitting: 0.7161 s
    [TIMING] RF Predicting: 0.1727 s
    [TIMING] Base Aleatoric: 0.1550 s
[TIMING] Random Forest fit/check: 0.00 ms
[TIMING] OOB/In-bag index reconstruction: 467.32 ms
[TIMING] Leaf weights & density precomputation: 300.36 ms
[TIMING] Transfer structures to backend: 0.04 ms
[TIMING] Total fit: 767.72 ms
[TIMING] Test leaf ID extraction: 144.67 ms
[TIMING] Proximity matrix accumulation: 109.60 ms
[TIMING] Neighbor sorting & quantiles: 23.63 ms
[TIMING] Total compute_uq: 278.29 ms
    [TIMING] UQ Calculation (Proximity_Baseline): 1.0487 s
[TIMING] Random Forest fit/check: 0.00 ms
[TIMING] OOB/In-bag index reconstruction: 502.91 ms
[TIMING] Leaf weights & density precomputation: 905.26 ms
[TIMING] Transfer structures to backend: 0.02 ms
[TIMING] Total fit: 1408.19 ms
[TIMING] Test leaf ID extraction: 118.25 ms
[TIMING] Proximity matrix accumulation: 416.76 ms
[TIMING] Neighbor sorting & quantiles: 16.03 ms
[TIMING] Total compute_uq: 552.38 ms
    [TIMING] UQ Calculation (Proximity_Method_A): 1.9634 s
[TIMING] Random Forest fit/check: 0.00 ms
[TIMING] OOB/In-bag index reconstruction: 542.99 ms
[TIMING] Leaf weights & density precomputation: 920.98 ms
[TIMING] Transfer structures to backend: 0.02 ms
[TIMING] Total fit: 1463.99 ms
[TIMING] Test leaf ID extraction: 125.22 ms
[TIMING] Proximity matrix accumulation: 550.46 ms
[TIMING] Neighbor sorting & quantiles: 52.87 ms
[TIMING] Total compute_uq: 729.66 ms
    [TIMING] UQ Calculation (Proximity_Method_B): 2.2159 s
[TIMING] Random Forest fit/check: 0.00 ms
[TIMING] OOB/In-bag index reconstruction: 691.91 ms
[TIMING] Leaf weights & density precomputation: 1044.90 ms
[TIMING] Transfer structures to backend: 0.02 ms
[TIMING] Total fit: 1736.83 ms
[TIMING] Test leaf ID extraction: 144.25 ms
[TIMING] Proximity matrix accumulation: 498.29 ms
[TIMING] Neighbor sorting & quantiles: 10.10 ms
[TIMING] Total compute_uq: 653.12 ms
[DEBUG DENSITY] mean walked density = 62.0908, min = 54.7840, max = 67.3681
    [TIMING] UQ Calculation (Proximity_Method_C): 2.4192 s
[TIMING] Random Forest fit/check: 0.00 ms
[TIMING] OOB/In-bag index reconstruction: 235.01 ms
[TIMING] Leaf weights & density precomputation: 669.59 ms
[TIMING] Transfer structures to backend: 0.01 ms
[TIMING] Total fit: 904.63 ms
[TIMING] Test leaf ID extraction: 45.05 ms
[TIMING] Proximity matrix accumulation: 228.77 ms
[TIMING] Neighbor sorting & quantiles: 4.97 ms
[TIMING] Total compute_uq: 279.22 ms
[DEBUG DENSITY] mean walked density = 62.0908, min = 54.7840, max = 67.3681
    [TIMING] UQ Calculation (Proximity_Method_B_C): 1.1853 s
    [TIMING] Metrics Calculation: 0.1673 s
    [TIMING] Total Single Evaluation: 10.0444 s

  >>> Starting: Function=cos_trend, Seed=5
    [TIMING] Data Generation: 0.0005 s
    [TIMING] Random Forest Fitting: 0.5004 s
    [TIMING] RF Predicting: 0.0431 s
    [TIMING] Base Aleatoric: 0.0540 s
[TIMING] Random Forest fit/check: 0.00 ms
[TIMING] OOB/In-bag index reconstruction: 191.61 ms
[TIMING] Leaf weights & density precomputation: 62.24 ms
[TIMING] Transfer structures to backend: 0.02 ms
[TIMING] Total fit: 253.87 ms
[TIMING] Test leaf ID extraction: 44.62 ms
[TIMING] Proximity matrix accumulation: 36.06 ms
[TIMING] Neighbor sorting & quantiles: 4.17 ms
[TIMING] Total compute_uq: 85.06 ms
    [TIMING] UQ Calculation (Proximity_Baseline): 0.3391 s
[TIMING] Random Forest fit/check: 0.00 ms
[TIMING] OOB/In-bag index reconstruction: 168.77 ms
[TIMING] Leaf weights & density precomputation: 290.41 ms
[TIMING] Transfer structures to backend: 0.01 ms
[TIMING] Total fit: 459.19 ms
[TIMING] Test leaf ID extraction: 45.01 ms
[TIMING] Proximity matrix accumulation: 159.27 ms
[TIMING] Neighbor sorting & quantiles: 4.10 ms
[TIMING] Total compute_uq: 208.58 ms
    [TIMING] UQ Calculation (Proximity_Method_A): 0.6682 s
[TIMING] Random Forest fit/check: 0.00 ms
[TIMING] OOB/In-bag index reconstruction: 166.90 ms
[TIMING] Leaf weights & density precomputation: 292.25 ms
[TIMING] Transfer structures to backend: 0.01 ms
[TIMING] Total fit: 459.17 ms
[TIMING] Test leaf ID extraction: 44.70 ms
[TIMING] Proximity matrix accumulation: 159.08 ms
[TIMING] Neighbor sorting & quantiles: 5.28 ms
[TIMING] Total compute_uq: 209.27 ms
    [TIMING] UQ Calculation (Proximity_Method_B): 0.6697 s
[TIMING] Random Forest fit/check: 0.00 ms
[TIMING] OOB/In-bag index reconstruction: 169.97 ms
[TIMING] Leaf weights & density precomputation: 495.80 ms
[TIMING] Transfer structures to backend: 0.02 ms
[TIMING] Total fit: 665.79 ms
[TIMING] Test leaf ID extraction: 46.33 ms
[TIMING] Proximity matrix accumulation: 259.87 ms
[TIMING] Neighbor sorting & quantiles: 7.83 ms
[TIMING] Total compute_uq: 314.80 ms
[DEBUG DENSITY] mean walked density = 61.5556, min = 56.0279, max = 67.5183
    [TIMING] UQ Calculation (Proximity_Method_C): 0.9892 s
[TIMING] Random Forest fit/check: 0.00 ms
[TIMING] OOB/In-bag index reconstruction: 180.50 ms
[TIMING] Leaf weights & density precomputation: 607.08 ms
[TIMING] Transfer structures to backend: 0.02 ms
[TIMING] Total fit: 787.60 ms
[TIMING] Test leaf ID extraction: 45.86 ms
[TIMING] Proximity matrix accumulation: 257.90 ms
[TIMING] Neighbor sorting & quantiles: 16.13 ms
[TIMING] Total compute_uq: 320.17 ms
[DEBUG DENSITY] mean walked density = 61.5556, min = 56.0279, max = 67.5183
    [TIMING] UQ Calculation (Proximity_Method_B_C): 1.1173 s
    [TIMING] Metrics Calculation: 0.0663 s
    [TIMING] Total Single Evaluation: 4.4480 s

  >>> Starting: Function=poly, Seed=5
    [TIMING] Data Generation: 0.0003 s
    [TIMING] Random Forest Fitting: 0.3824 s
    [TIMING] RF Predicting: 0.0437 s
    [TIMING] Base Aleatoric: 0.0488 s
[TIMING] Random Forest fit/check: 0.00 ms
[TIMING] OOB/In-bag index reconstruction: 168.12 ms
[TIMING] Leaf weights & density precomputation: 550.98 ms
[TIMING] Transfer structures to backend: 0.03 ms
[TIMING] Total fit: 719.12 ms
[TIMING] Test leaf ID extraction: 45.36 ms
[TIMING] Proximity matrix accumulation: 58.64 ms
[TIMING] Neighbor sorting & quantiles: 5.95 ms
[TIMING] Total compute_uq: 111.70 ms
    [TIMING] UQ Calculation (Proximity_Baseline): 0.8334 s
[TIMING] Random Forest fit/check: 0.00 ms
[TIMING] OOB/In-bag index reconstruction: 166.72 ms
[TIMING] Leaf weights & density precomputation: 609.37 ms
[TIMING] Transfer structures to backend: 0.02 ms
[TIMING] Total fit: 776.10 ms
[TIMING] Test leaf ID extraction: 45.80 ms
[TIMING] Proximity matrix accumulation: 207.67 ms
[TIMING] Neighbor sorting & quantiles: 9.96 ms
[TIMING] Total compute_uq: 264.28 ms
    [TIMING] UQ Calculation (Proximity_Method_A): 1.0413 s
[TIMING] Random Forest fit/check: 0.00 ms
[TIMING] OOB/In-bag index reconstruction: 166.98 ms
[TIMING] Leaf weights & density precomputation: 605.75 ms
[TIMING] Transfer structures to backend: 0.02 ms
[TIMING] Total fit: 772.75 ms
[TIMING] Test leaf ID extraction: 46.17 ms
[TIMING] Proximity matrix accumulation: 207.17 ms
[TIMING] Neighbor sorting & quantiles: 19.81 ms
[TIMING] Total compute_uq: 273.89 ms
    [TIMING] UQ Calculation (Proximity_Method_B): 1.0500 s
[TIMING] Random Forest fit/check: 0.00 ms
[TIMING] OOB/In-bag index reconstruction: 168.04 ms
[TIMING] Leaf weights & density precomputation: 607.13 ms
[TIMING] Transfer structures to backend: 0.01 ms
[TIMING] Total fit: 775.19 ms
[TIMING] Test leaf ID extraction: 45.23 ms
[TIMING] Proximity matrix accumulation: 260.08 ms
[TIMING] Neighbor sorting & quantiles: 5.85 ms
[TIMING] Total compute_uq: 312.83 ms
[DEBUG DENSITY] mean walked density = 62.1632, min = 54.8607, max = 68.5147
    [TIMING] UQ Calculation (Proximity_Method_C): 1.0966 s
[TIMING] Random Forest fit/check: 0.00 ms
[TIMING] OOB/In-bag index reconstruction: 167.35 ms
[TIMING] Leaf weights & density precomputation: 375.71 ms
[TIMING] Transfer structures to backend: 0.01 ms
[TIMING] Total fit: 543.07 ms
[TIMING] Test leaf ID extraction: 44.63 ms
[TIMING] Proximity matrix accumulation: 291.88 ms
[TIMING] Neighbor sorting & quantiles: 24.14 ms
[TIMING] Total compute_uq: 361.73 ms
[DEBUG DENSITY] mean walked density = 62.1632, min = 54.8607, max = 68.5147
    [TIMING] UQ Calculation (Proximity_Method_B_C): 0.9155 s
    [TIMING] Metrics Calculation: 0.0664 s
    [TIMING] Total Single Evaluation: 5.4788 s

  >>> Starting: Function=damped_osc, Seed=5
    [TIMING] Data Generation: 0.0004 s
    [TIMING] Random Forest Fitting: 0.3948 s
    [TIMING] RF Predicting: 0.0437 s
    [TIMING] Base Aleatoric: 0.0497 s
[TIMING] Random Forest fit/check: 0.00 ms
[TIMING] OOB/In-bag index reconstruction: 167.83 ms
[TIMING] Leaf weights & density precomputation: 763.04 ms
[TIMING] Transfer structures to backend: 0.03 ms
[TIMING] Total fit: 930.90 ms
[TIMING] Test leaf ID extraction: 46.41 ms
[TIMING] Proximity matrix accumulation: 50.05 ms
[TIMING] Neighbor sorting & quantiles: 9.03 ms
[TIMING] Total compute_uq: 107.64 ms
    [TIMING] UQ Calculation (Proximity_Baseline): 1.0411 s
[TIMING] Random Forest fit/check: 0.00 ms
[TIMING] OOB/In-bag index reconstruction: 165.52 ms
[TIMING] Leaf weights & density precomputation: 826.93 ms
[TIMING] Transfer structures to backend: 0.01 ms
[TIMING] Total fit: 992.47 ms
[TIMING] Test leaf ID extraction: 45.29 ms
[TIMING] Proximity matrix accumulation: 230.72 ms
[TIMING] Neighbor sorting & quantiles: 11.30 ms
[TIMING] Total compute_uq: 287.53 ms
    [TIMING] UQ Calculation (Proximity_Method_A): 1.2827 s
[TIMING] Random Forest fit/check: 0.00 ms
[TIMING] OOB/In-bag index reconstruction: 167.32 ms
[TIMING] Leaf weights & density precomputation: 495.26 ms
[TIMING] Transfer structures to backend: 0.01 ms
[TIMING] Total fit: 662.59 ms
[TIMING] Test leaf ID extraction: 45.35 ms
[TIMING] Proximity matrix accumulation: 234.44 ms
[TIMING] Neighbor sorting & quantiles: 24.09 ms
[TIMING] Total compute_uq: 306.16 ms
    [TIMING] UQ Calculation (Proximity_Method_B): 0.9723 s
[TIMING] Random Forest fit/check: 0.00 ms
[TIMING] OOB/In-bag index reconstruction: 167.96 ms
[TIMING] Leaf weights & density precomputation: 641.86 ms
[TIMING] Transfer structures to backend: 0.01 ms
[TIMING] Total fit: 809.83 ms
[TIMING] Test leaf ID extraction: 45.51 ms
[TIMING] Proximity matrix accumulation: 291.08 ms
[TIMING] Neighbor sorting & quantiles: 11.43 ms
[TIMING] Total compute_uq: 350.19 ms
[DEBUG DENSITY] mean walked density = 62.2357, min = 55.3305, max = 67.4649
    [TIMING] UQ Calculation (Proximity_Method_C): 1.1709 s
[TIMING] Random Forest fit/check: 0.00 ms
[TIMING] OOB/In-bag index reconstruction: 166.75 ms
[TIMING] Leaf weights & density precomputation: 655.52 ms
[TIMING] Transfer structures to backend: 0.01 ms
[TIMING] Total fit: 822.28 ms
[TIMING] Test leaf ID extraction: 45.19 ms
[TIMING] Proximity matrix accumulation: 249.04 ms
[TIMING] Neighbor sorting & quantiles: 17.63 ms
[TIMING] Total compute_uq: 312.26 ms
[DEBUG DENSITY] mean walked density = 62.2357, min = 55.3305, max = 67.4649
    [TIMING] UQ Calculation (Proximity_Method_B_C): 1.1454 s
    [TIMING] Metrics Calculation: 0.0673 s
    [TIMING] Total Single Evaluation: 6.1685 s

  >>> Starting: Function=log_mod, Seed=5
    [TIMING] Data Generation: 0.0004 s
    [TIMING] Random Forest Fitting: 0.3634 s
    [TIMING] RF Predicting: 0.0425 s
    [TIMING] Base Aleatoric: 0.0385 s
[TIMING] Random Forest fit/check: 0.00 ms
[TIMING] OOB/In-bag index reconstruction: 167.11 ms
[TIMING] Leaf weights & density precomputation: 728.45 ms
[TIMING] Transfer structures to backend: 0.02 ms
[TIMING] Total fit: 895.59 ms
[TIMING] Test leaf ID extraction: 108.66 ms
[TIMING] Proximity matrix accumulation: 65.38 ms
[TIMING] Neighbor sorting & quantiles: 11.44 ms
[TIMING] Total compute_uq: 186.62 ms
    [TIMING] UQ Calculation (Proximity_Baseline): 1.0848 s
[TIMING] Random Forest fit/check: 0.00 ms
[TIMING] OOB/In-bag index reconstruction: 167.93 ms
[TIMING] Leaf weights & density precomputation: 654.40 ms
[TIMING] Transfer structures to backend: 0.03 ms
[TIMING] Total fit: 822.36 ms
[TIMING] Test leaf ID extraction: 45.31 ms
[TIMING] Proximity matrix accumulation: 238.41 ms
[TIMING] Neighbor sorting & quantiles: 11.38 ms
[TIMING] Total compute_uq: 295.94 ms
    [TIMING] UQ Calculation (Proximity_Method_A): 1.1212 s
[TIMING] Random Forest fit/check: 0.01 ms
[TIMING] OOB/In-bag index reconstruction: 166.86 ms
[TIMING] Leaf weights & density precomputation: 655.39 ms
[TIMING] Transfer structures to backend: 0.02 ms
[TIMING] Total fit: 822.27 ms
[TIMING] Test leaf ID extraction: 44.14 ms
[TIMING] Proximity matrix accumulation: 237.83 ms
[TIMING] Neighbor sorting & quantiles: 24.10 ms
[TIMING] Total compute_uq: 307.29 ms
    [TIMING] UQ Calculation (Proximity_Method_B): 1.1332 s
[TIMING] Random Forest fit/check: 0.00 ms
[TIMING] OOB/In-bag index reconstruction: 168.48 ms
[TIMING] Leaf weights & density precomputation: 719.64 ms
[TIMING] Transfer structures to backend: 0.02 ms
[TIMING] Total fit: 888.14 ms
[TIMING] Test leaf ID extraction: 45.31 ms
[TIMING] Proximity matrix accumulation: 291.99 ms
[TIMING] Neighbor sorting & quantiles: 11.36 ms
[TIMING] Total compute_uq: 350.79 ms
[DEBUG DENSITY] mean walked density = 61.9073, min = 54.6806, max = 67.1549
    [TIMING] UQ Calculation (Proximity_Method_C): 1.2500 s
[TIMING] Random Forest fit/check: 0.00 ms
[TIMING] OOB/In-bag index reconstruction: 169.14 ms
[TIMING] Leaf weights & density precomputation: 665.63 ms
[TIMING] Transfer structures to backend: 0.02 ms
[TIMING] Total fit: 834.79 ms
[TIMING] Test leaf ID extraction: 34.31 ms
[TIMING] Proximity matrix accumulation: 292.10 ms
[TIMING] Neighbor sorting & quantiles: 24.06 ms
[TIMING] Total compute_uq: 351.02 ms
[DEBUG DENSITY] mean walked density = 61.9073, min = 54.6806, max = 67.1549
    [TIMING] UQ Calculation (Proximity_Method_B_C): 1.1969 s
    [TIMING] Metrics Calculation: 0.0824 s
    [TIMING] Total Single Evaluation: 6.3136 s

  >>> Starting: Function=sin_cos, Seed=5
    [TIMING] Data Generation: 0.0014 s
    [TIMING] Random Forest Fitting: 0.3989 s
    [TIMING] RF Predicting: 0.0431 s
    [TIMING] Base Aleatoric: 0.0518 s
[TIMING] Random Forest fit/check: 0.00 ms
[TIMING] OOB/In-bag index reconstruction: 188.00 ms
[TIMING] Leaf weights & density precomputation: 79.28 ms
[TIMING] Transfer structures to backend: 0.02 ms
[TIMING] Total fit: 267.30 ms
[TIMING] Test leaf ID extraction: 45.12 ms
[TIMING] Proximity matrix accumulation: 339.01 ms
[TIMING] Neighbor sorting & quantiles: 41.27 ms
[TIMING] Total compute_uq: 425.67 ms
    [TIMING] UQ Calculation (Proximity_Baseline): 0.6955 s
[TIMING] Random Forest fit/check: 0.00 ms
[TIMING] OOB/In-bag index reconstruction: 188.10 ms
[TIMING] Leaf weights & density precomputation: 699.87 ms
[TIMING] Transfer structures to backend: 0.02 ms
[TIMING] Total fit: 887.99 ms
[TIMING] Test leaf ID extraction: 45.00 ms
[TIMING] Proximity matrix accumulation: 958.54 ms
[TIMING] Neighbor sorting & quantiles: 40.61 ms
[TIMING] Total compute_uq: 1044.95 ms
    [TIMING] UQ Calculation (Proximity_Method_A): 1.9357 s
[TIMING] Random Forest fit/check: 0.00 ms
[TIMING] OOB/In-bag index reconstruction: 189.72 ms
[TIMING] Leaf weights & density precomputation: 706.65 ms
[TIMING] Transfer structures to backend: 0.02 ms
[TIMING] Total fit: 896.39 ms
[TIMING] Test leaf ID extraction: 45.74 ms
[TIMING] Proximity matrix accumulation: 953.55 ms
[TIMING] Neighbor sorting & quantiles: 42.10 ms
[TIMING] Total compute_uq: 1043.27 ms
    [TIMING] UQ Calculation (Proximity_Method_B): 1.9432 s
[TIMING] Random Forest fit/check: 0.00 ms
[TIMING] OOB/In-bag index reconstruction: 188.00 ms
[TIMING] Leaf weights & density precomputation: 708.95 ms
[TIMING] Transfer structures to backend: 0.02 ms
[TIMING] Total fit: 896.98 ms
[TIMING] Test leaf ID extraction: 45.47 ms
[TIMING] Proximity matrix accumulation: 1063.91 ms
[TIMING] Neighbor sorting & quantiles: 30.73 ms
[TIMING] Total compute_uq: 1142.37 ms
[DEBUG DENSITY] mean walked density = 64.8782, min = 55.6233, max = 74.5085
    [TIMING] UQ Calculation (Proximity_Method_C): 2.0409 s
[TIMING] Random Forest fit/check: 0.00 ms
[TIMING] OOB/In-bag index reconstruction: 190.52 ms
[TIMING] Leaf weights & density precomputation: 455.47 ms
[TIMING] Transfer structures to backend: 0.02 ms
[TIMING] Total fit: 646.01 ms
[TIMING] Test leaf ID extraction: 46.69 ms
[TIMING] Proximity matrix accumulation: 530.30 ms
[TIMING] Neighbor sorting & quantiles: 10.64 ms
[TIMING] Total compute_uq: 587.93 ms
[DEBUG DENSITY] mean walked density = 64.8782, min = 55.6233, max = 74.5085
    [TIMING] UQ Calculation (Proximity_Method_B_C): 1.2359 s
    [TIMING] Metrics Calculation: 0.0888 s
    [TIMING] Total Single Evaluation: 8.4356 s

  >>> Starting: Function=quadratic, Seed=5
    [TIMING] Data Generation: 0.0016 s
    [TIMING] Random Forest Fitting: 0.4785 s
    [TIMING] RF Predicting: 0.0536 s
    [TIMING] Base Aleatoric: 0.0529 s
[TIMING] Random Forest fit/check: 0.00 ms
[TIMING] OOB/In-bag index reconstruction: 189.47 ms
[TIMING] Leaf weights & density precomputation: 60.95 ms
[TIMING] Transfer structures to backend: 0.02 ms
[TIMING] Total fit: 250.44 ms
[TIMING] Test leaf ID extraction: 45.90 ms
[TIMING] Proximity matrix accumulation: 149.67 ms
[TIMING] Neighbor sorting & quantiles: 16.43 ms
[TIMING] Total compute_uq: 212.27 ms
    [TIMING] UQ Calculation (Proximity_Baseline): 0.4629 s
[TIMING] Random Forest fit/check: 0.00 ms
[TIMING] OOB/In-bag index reconstruction: 180.30 ms
[TIMING] Leaf weights & density precomputation: 346.18 ms
[TIMING] Transfer structures to backend: 0.02 ms
[TIMING] Total fit: 526.50 ms
[TIMING] Test leaf ID extraction: 45.57 ms
[TIMING] Proximity matrix accumulation: 427.03 ms
[TIMING] Neighbor sorting & quantiles: 16.04 ms
[TIMING] Total compute_uq: 488.89 ms
    [TIMING] UQ Calculation (Proximity_Method_A): 1.0159 s
[TIMING] Random Forest fit/check: 0.00 ms
[TIMING] OOB/In-bag index reconstruction: 188.45 ms
[TIMING] Leaf weights & density precomputation: 345.73 ms
[TIMING] Transfer structures to backend: 0.02 ms
[TIMING] Total fit: 534.20 ms
[TIMING] Test leaf ID extraction: 45.87 ms
[TIMING] Proximity matrix accumulation: 588.39 ms
[TIMING] Neighbor sorting & quantiles: 26.96 ms
[TIMING] Total compute_uq: 661.50 ms
    [TIMING] UQ Calculation (Proximity_Method_B): 1.1992 s
[TIMING] Random Forest fit/check: 0.00 ms
[TIMING] OOB/In-bag index reconstruction: 203.11 ms
[TIMING] Leaf weights & density precomputation: 648.28 ms
[TIMING] Transfer structures to backend: 0.02 ms
[TIMING] Total fit: 851.41 ms
[TIMING] Test leaf ID extraction: 35.49 ms
[TIMING] Proximity matrix accumulation: 1013.43 ms
[TIMING] Neighbor sorting & quantiles: 32.30 ms
[TIMING] Total compute_uq: 1082.48 ms
[DEBUG DENSITY] mean walked density = 64.2036, min = 58.0418, max = 71.7957
    [TIMING] UQ Calculation (Proximity_Method_C): 1.9424 s
[TIMING] Random Forest fit/check: 0.00 ms
[TIMING] OOB/In-bag index reconstruction: 177.90 ms
[TIMING] Leaf weights & density precomputation: 648.60 ms
[TIMING] Transfer structures to backend: 0.03 ms
[TIMING] Total fit: 826.53 ms
[TIMING] Test leaf ID extraction: 35.53 ms
[TIMING] Proximity matrix accumulation: 1015.64 ms
[TIMING] Neighbor sorting & quantiles: 33.52 ms
[TIMING] Total compute_uq: 1085.15 ms
[DEBUG DENSITY] mean walked density = 64.2036, min = 58.0418, max = 71.7957
    [TIMING] UQ Calculation (Proximity_Method_B_C): 1.9204 s
    [TIMING] Metrics Calculation: 0.0795 s
    [TIMING] Total Single Evaluation: 7.2073 s

  >>> Starting: Function=sin_sum_mod, Seed=5
    [TIMING] Data Generation: 0.0011 s
    [TIMING] Random Forest Fitting: 0.4049 s
    [TIMING] RF Predicting: 0.0428 s
    [TIMING] Base Aleatoric: 0.0410 s
[TIMING] Random Forest fit/check: 0.00 ms
[TIMING] OOB/In-bag index reconstruction: 188.35 ms
[TIMING] Leaf weights & density precomputation: 557.20 ms
[TIMING] Transfer structures to backend: 0.03 ms
[TIMING] Total fit: 745.58 ms
[TIMING] Test leaf ID extraction: 36.04 ms
[TIMING] Proximity matrix accumulation: 282.73 ms
[TIMING] Neighbor sorting & quantiles: 35.50 ms
[TIMING] Total compute_uq: 355.31 ms
    [TIMING] UQ Calculation (Proximity_Baseline): 1.1023 s
[TIMING] Random Forest fit/check: 0.00 ms
[TIMING] OOB/In-bag index reconstruction: 178.35 ms
[TIMING] Leaf weights & density precomputation: 650.75 ms
[TIMING] Transfer structures to backend: 0.05 ms
[TIMING] Total fit: 829.14 ms
[TIMING] Test leaf ID extraction: 46.43 ms
[TIMING] Proximity matrix accumulation: 812.55 ms
[TIMING] Neighbor sorting & quantiles: 35.80 ms
[TIMING] Total compute_uq: 895.77 ms
    [TIMING] UQ Calculation (Proximity_Method_A): 1.7267 s
[TIMING] Random Forest fit/check: 0.01 ms
[TIMING] OOB/In-bag index reconstruction: 187.80 ms
[TIMING] Leaf weights & density precomputation: 650.75 ms
[TIMING] Transfer structures to backend: 0.02 ms
[TIMING] Total fit: 838.57 ms
[TIMING] Test leaf ID extraction: 34.90 ms
[TIMING] Proximity matrix accumulation: 813.05 ms
[TIMING] Neighbor sorting & quantiles: 35.14 ms
[TIMING] Total compute_uq: 884.97 ms
    [TIMING] UQ Calculation (Proximity_Method_B): 1.7270 s
[TIMING] Random Forest fit/check: 0.00 ms
[TIMING] OOB/In-bag index reconstruction: 198.41 ms
[TIMING] Leaf weights & density precomputation: 878.05 ms
[TIMING] Transfer structures to backend: 0.02 ms
[TIMING] Total fit: 1076.49 ms
[TIMING] Test leaf ID extraction: 35.57 ms
[TIMING] Proximity matrix accumulation: 1187.92 ms
[TIMING] Neighbor sorting & quantiles: 35.76 ms
[TIMING] Total compute_uq: 1260.70 ms
[DEBUG DENSITY] mean walked density = 64.5554, min = 52.3573, max = 75.8197
    [TIMING] UQ Calculation (Proximity_Method_C): 2.3483 s
[TIMING] Random Forest fit/check: 0.00 ms
[TIMING] OOB/In-bag index reconstruction: 177.98 ms
[TIMING] Leaf weights & density precomputation: 696.09 ms
[TIMING] Transfer structures to backend: 0.02 ms
[TIMING] Total fit: 874.09 ms
[TIMING] Test leaf ID extraction: 35.15 ms
[TIMING] Proximity matrix accumulation: 1204.88 ms
[TIMING] Neighbor sorting & quantiles: 42.19 ms
[TIMING] Total compute_uq: 1284.10 ms
[DEBUG DENSITY] mean walked density = 64.5554, min = 52.3573, max = 75.8197
    [TIMING] UQ Calculation (Proximity_Method_B_C): 2.1661 s
    [TIMING] Metrics Calculation: 0.0746 s
    [TIMING] Total Single Evaluation: 9.6352 s

  >>> Starting: Function=gaussian, Seed=5
    [TIMING] Data Generation: 0.0011 s
    [TIMING] Random Forest Fitting: 0.3978 s
    [TIMING] RF Predicting: 0.0427 s
    [TIMING] Base Aleatoric: 0.0408 s
[TIMING] Random Forest fit/check: 0.00 ms
[TIMING] OOB/In-bag index reconstruction: 191.98 ms
[TIMING] Leaf weights & density precomputation: 150.68 ms
[TIMING] Transfer structures to backend: 0.03 ms
[TIMING] Total fit: 342.70 ms
[TIMING] Test leaf ID extraction: 48.22 ms
[TIMING] Proximity matrix accumulation: 309.64 ms
[TIMING] Neighbor sorting & quantiles: 41.27 ms
[TIMING] Total compute_uq: 399.44 ms
    [TIMING] UQ Calculation (Proximity_Baseline): 0.7447 s
[TIMING] Random Forest fit/check: 0.00 ms
[TIMING] OOB/In-bag index reconstruction: 188.84 ms
[TIMING] Leaf weights & density precomputation: 699.05 ms
[TIMING] Transfer structures to backend: 0.03 ms
[TIMING] Total fit: 887.92 ms
[TIMING] Test leaf ID extraction: 45.51 ms
[TIMING] Proximity matrix accumulation: 950.92 ms
[TIMING] Neighbor sorting & quantiles: 40.73 ms
[TIMING] Total compute_uq: 1037.88 ms
    [TIMING] UQ Calculation (Proximity_Method_A): 1.9286 s
[TIMING] Random Forest fit/check: 0.00 ms
[TIMING] OOB/In-bag index reconstruction: 187.32 ms
[TIMING] Leaf weights & density precomputation: 700.96 ms
[TIMING] Transfer structures to backend: 0.02 ms
[TIMING] Total fit: 888.31 ms
[TIMING] Test leaf ID extraction: 45.77 ms
[TIMING] Proximity matrix accumulation: 892.05 ms
[TIMING] Neighbor sorting & quantiles: 35.72 ms
[TIMING] Total compute_uq: 975.20 ms
    [TIMING] UQ Calculation (Proximity_Method_B): 1.8672 s
[TIMING] Random Forest fit/check: 0.00 ms
[TIMING] OOB/In-bag index reconstruction: 187.76 ms
[TIMING] Leaf weights & density precomputation: 707.05 ms
[TIMING] Transfer structures to backend: 0.02 ms
[TIMING] Total fit: 894.83 ms
[TIMING] Test leaf ID extraction: 45.45 ms
[TIMING] Proximity matrix accumulation: 1195.70 ms
[TIMING] Neighbor sorting & quantiles: 35.78 ms
[TIMING] Total compute_uq: 1278.98 ms
[DEBUG DENSITY] mean walked density = 64.5446, min = 57.0827, max = 71.0420
    [TIMING] UQ Calculation (Proximity_Method_C): 2.1849 s
[TIMING] Random Forest fit/check: 0.00 ms
[TIMING] OOB/In-bag index reconstruction: 187.42 ms
[TIMING] Leaf weights & density precomputation: 707.71 ms
[TIMING] Transfer structures to backend: 0.02 ms
[TIMING] Total fit: 895.14 ms
[TIMING] Test leaf ID extraction: 45.40 ms
[TIMING] Proximity matrix accumulation: 1194.21 ms
[TIMING] Neighbor sorting & quantiles: 42.07 ms
[TIMING] Total compute_uq: 1283.82 ms
[DEBUG DENSITY] mean walked density = 64.5446, min = 57.0827, max = 71.0420
    [TIMING] UQ Calculation (Proximity_Method_B_C): 2.1900 s
    [TIMING] Metrics Calculation: 0.0923 s
    [TIMING] Total Single Evaluation: 9.4907 s

  >>> Starting: Function=abs_sin, Seed=5
    [TIMING] Data Generation: 0.0012 s
    [TIMING] Random Forest Fitting: 0.4051 s
    [TIMING] RF Predicting: 0.0429 s
    [TIMING] Base Aleatoric: 0.0569 s
[TIMING] Random Forest fit/check: 0.00 ms
[TIMING] OOB/In-bag index reconstruction: 189.65 ms
[TIMING] Leaf weights & density precomputation: 486.57 ms
[TIMING] Transfer structures to backend: 0.03 ms
[TIMING] Total fit: 676.25 ms
[TIMING] Test leaf ID extraction: 46.55 ms
[TIMING] Proximity matrix accumulation: 346.11 ms
[TIMING] Neighbor sorting & quantiles: 41.26 ms
[TIMING] Total compute_uq: 434.36 ms
    [TIMING] UQ Calculation (Proximity_Baseline): 1.1132 s
[TIMING] Random Forest fit/check: 0.00 ms
[TIMING] OOB/In-bag index reconstruction: 184.67 ms
[TIMING] Leaf weights & density precomputation: 705.95 ms
[TIMING] Transfer structures to backend: 0.02 ms
[TIMING] Total fit: 890.64 ms
[TIMING] Test leaf ID extraction: 45.05 ms
[TIMING] Proximity matrix accumulation: 958.53 ms
[TIMING] Neighbor sorting & quantiles: 40.63 ms
[TIMING] Total compute_uq: 1045.36 ms
    [TIMING] UQ Calculation (Proximity_Method_A): 1.9388 s
[TIMING] Random Forest fit/check: 0.00 ms
[TIMING] OOB/In-bag index reconstruction: 187.17 ms
[TIMING] Leaf weights & density precomputation: 707.28 ms
[TIMING] Transfer structures to backend: 0.02 ms
[TIMING] Total fit: 894.47 ms
[TIMING] Test leaf ID extraction: 45.84 ms
[TIMING] Proximity matrix accumulation: 885.65 ms
[TIMING] Neighbor sorting & quantiles: 38.03 ms
[TIMING] Total compute_uq: 971.18 ms
    [TIMING] UQ Calculation (Proximity_Method_B): 1.8693 s
[TIMING] Random Forest fit/check: 0.01 ms
[TIMING] OOB/In-bag index reconstruction: 188.90 ms
[TIMING] Leaf weights & density precomputation: 705.08 ms
[TIMING] Transfer structures to backend: 0.02 ms
[TIMING] Total fit: 894.00 ms
[TIMING] Test leaf ID extraction: 45.42 ms
[TIMING] Proximity matrix accumulation: 1194.02 ms
[TIMING] Neighbor sorting & quantiles: 39.87 ms
[TIMING] Total compute_uq: 1281.38 ms
[DEBUG DENSITY] mean walked density = 64.5257, min = 46.8267, max = 78.6754
    [TIMING] UQ Calculation (Proximity_Method_C): 2.1771 s
[TIMING] Random Forest fit/check: 0.00 ms
[TIMING] OOB/In-bag index reconstruction: 187.89 ms
[TIMING] Leaf weights & density precomputation: 706.80 ms
[TIMING] Transfer structures to backend: 0.02 ms
[TIMING] Total fit: 894.72 ms
[TIMING] Test leaf ID extraction: 45.78 ms
[TIMING] Proximity matrix accumulation: 1195.63 ms
[TIMING] Neighbor sorting & quantiles: 42.17 ms
[TIMING] Total compute_uq: 1285.37 ms
[DEBUG DENSITY] mean walked density = 64.5257, min = 46.8267, max = 78.6754
    [TIMING] UQ Calculation (Proximity_Method_B_C): 2.1911 s
    [TIMING] Metrics Calculation: 0.0684 s
    [TIMING] Total Single Evaluation: 9.8645 s

  >>> Starting: Function=sin_cos_sin, Seed=5
    [TIMING] Data Generation: 0.0023 s
    [TIMING] Random Forest Fitting: 0.5339 s
    [TIMING] RF Predicting: 0.0431 s
    [TIMING] Base Aleatoric: 0.0519 s
[TIMING] Random Forest fit/check: 0.00 ms
[TIMING] OOB/In-bag index reconstruction: 189.51 ms
[TIMING] Leaf weights & density precomputation: 571.49 ms
[TIMING] Transfer structures to backend: 0.03 ms
[TIMING] Total fit: 761.03 ms
[TIMING] Test leaf ID extraction: 46.49 ms
[TIMING] Proximity matrix accumulation: 532.48 ms
[TIMING] Neighbor sorting & quantiles: 52.96 ms
[TIMING] Total compute_uq: 632.47 ms
    [TIMING] UQ Calculation (Proximity_Baseline): 1.3961 s
[TIMING] Random Forest fit/check: 0.00 ms
[TIMING] OOB/In-bag index reconstruction: 190.32 ms
[TIMING] Leaf weights & density precomputation: 396.30 ms
[TIMING] Transfer structures to backend: 0.02 ms
[TIMING] Total fit: 586.64 ms
[TIMING] Test leaf ID extraction: 46.88 ms
[TIMING] Proximity matrix accumulation: 700.82 ms
[TIMING] Neighbor sorting & quantiles: 22.56 ms
[TIMING] Total compute_uq: 770.57 ms
    [TIMING] UQ Calculation (Proximity_Method_A): 1.3577 s
[TIMING] Random Forest fit/check: 0.00 ms
[TIMING] OOB/In-bag index reconstruction: 190.03 ms
[TIMING] Leaf weights & density precomputation: 360.04 ms
[TIMING] Transfer structures to backend: 0.02 ms
[TIMING] Total fit: 550.09 ms
[TIMING] Test leaf ID extraction: 46.37 ms
[TIMING] Proximity matrix accumulation: 700.56 ms
[TIMING] Neighbor sorting & quantiles: 11.19 ms
[TIMING] Total compute_uq: 758.38 ms
    [TIMING] UQ Calculation (Proximity_Method_B): 1.3097 s
[TIMING] Random Forest fit/check: 0.00 ms
[TIMING] OOB/In-bag index reconstruction: 190.48 ms
[TIMING] Leaf weights & density precomputation: 380.90 ms
[TIMING] Transfer structures to backend: 0.02 ms
[TIMING] Total fit: 571.40 ms
[TIMING] Test leaf ID extraction: 56.00 ms
[TIMING] Proximity matrix accumulation: 1425.09 ms
[TIMING] Neighbor sorting & quantiles: 35.51 ms
[TIMING] Total compute_uq: 1516.88 ms
[DEBUG DENSITY] mean walked density = 62.4726, min = 49.2037, max = 72.9155
    [TIMING] UQ Calculation (Proximity_Method_C): 2.0979 s
[TIMING] Random Forest fit/check: 0.00 ms
[TIMING] OOB/In-bag index reconstruction: 192.75 ms
[TIMING] Leaf weights & density precomputation: 665.14 ms
[TIMING] Transfer structures to backend: 0.02 ms
[TIMING] Total fit: 857.91 ms
[TIMING] Test leaf ID extraction: 36.58 ms
[TIMING] Proximity matrix accumulation: 1642.44 ms
[TIMING] Neighbor sorting & quantiles: 42.65 ms
[TIMING] Total compute_uq: 1723.67 ms
[DEBUG DENSITY] mean walked density = 62.4726, min = 49.2037, max = 72.9155
    [TIMING] UQ Calculation (Proximity_Method_B_C): 2.5894 s
    [TIMING] Metrics Calculation: 0.0708 s
    [TIMING] Total Single Evaluation: 9.4532 s

  >>> Starting: Function=quadratic_3d, Seed=5
    [TIMING] Data Generation: 0.0020 s
    [TIMING] Random Forest Fitting: 0.4778 s
    [TIMING] RF Predicting: 0.0427 s
    [TIMING] Base Aleatoric: 0.0521 s
[TIMING] Random Forest fit/check: 0.00 ms
[TIMING] OOB/In-bag index reconstruction: 178.31 ms
[TIMING] Leaf weights & density precomputation: 560.07 ms
[TIMING] Transfer structures to backend: 0.03 ms
[TIMING] Total fit: 738.41 ms
[TIMING] Test leaf ID extraction: 45.91 ms
[TIMING] Proximity matrix accumulation: 448.88 ms
[TIMING] Neighbor sorting & quantiles: 43.35 ms
[TIMING] Total compute_uq: 539.73 ms
    [TIMING] UQ Calculation (Proximity_Baseline): 1.2807 s
[TIMING] Random Forest fit/check: 0.00 ms
[TIMING] OOB/In-bag index reconstruction: 179.47 ms
[TIMING] Leaf weights & density precomputation: 668.71 ms
[TIMING] Transfer structures to backend: 0.02 ms
[TIMING] Total fit: 848.21 ms
[TIMING] Test leaf ID extraction: 45.79 ms
[TIMING] Proximity matrix accumulation: 1344.20 ms
[TIMING] Neighbor sorting & quantiles: 43.78 ms
[TIMING] Total compute_uq: 1435.02 ms
    [TIMING] UQ Calculation (Proximity_Method_A): 2.2839 s
[TIMING] Random Forest fit/check: 0.00 ms
[TIMING] OOB/In-bag index reconstruction: 190.15 ms
[TIMING] Leaf weights & density precomputation: 667.68 ms
[TIMING] Transfer structures to backend: 0.02 ms
[TIMING] Total fit: 857.85 ms
[TIMING] Test leaf ID extraction: 45.77 ms
[TIMING] Proximity matrix accumulation: 1337.37 ms
[TIMING] Neighbor sorting & quantiles: 35.12 ms
[TIMING] Total compute_uq: 1418.62 ms
    [TIMING] UQ Calculation (Proximity_Method_B): 2.2776 s
[TIMING] Random Forest fit/check: 0.00 ms
[TIMING] OOB/In-bag index reconstruction: 205.85 ms
[TIMING] Leaf weights & density precomputation: 898.29 ms
[TIMING] Transfer structures to backend: 0.04 ms
[TIMING] Total fit: 1104.19 ms
[TIMING] Test leaf ID extraction: 46.72 ms
[TIMING] Proximity matrix accumulation: 1938.59 ms
[TIMING] Neighbor sorting & quantiles: 52.19 ms
[TIMING] Total compute_uq: 2038.22 ms
[DEBUG DENSITY] mean walked density = 64.4610, min = 57.3884, max = 70.3941
    [TIMING] UQ Calculation (Proximity_Method_C): 3.1537 s
[TIMING] Random Forest fit/check: 0.01 ms
[TIMING] OOB/In-bag index reconstruction: 189.33 ms
[TIMING] Leaf weights & density precomputation: 896.53 ms
[TIMING] Transfer structures to backend: 0.02 ms
[TIMING] Total fit: 1085.89 ms
[TIMING] Test leaf ID extraction: 45.16 ms
[TIMING] Proximity matrix accumulation: 1931.08 ms
[TIMING] Neighbor sorting & quantiles: 44.52 ms
[TIMING] Total compute_uq: 2023.13 ms
[DEBUG DENSITY] mean walked density = 64.4610, min = 57.3884, max = 70.3941
    [TIMING] UQ Calculation (Proximity_Method_B_C): 3.1106 s
    [TIMING] Metrics Calculation: 0.0954 s
    [TIMING] Total Single Evaluation: 12.7769 s

  >>> Starting: Function=sin_sum_3d, Seed=5
    [TIMING] Data Generation: 0.0021 s
    [TIMING] Random Forest Fitting: 0.4649 s
    [TIMING] RF Predicting: 0.0432 s
    [TIMING] Base Aleatoric: 0.0528 s
[TIMING] Random Forest fit/check: 0.00 ms
[TIMING] OOB/In-bag index reconstruction: 189.31 ms
[TIMING] Leaf weights & density precomputation: 189.00 ms
[TIMING] Transfer structures to backend: 0.03 ms
[TIMING] Total fit: 378.34 ms
[TIMING] Test leaf ID extraction: 45.60 ms
[TIMING] Proximity matrix accumulation: 532.87 ms
[TIMING] Neighbor sorting & quantiles: 52.79 ms
[TIMING] Total compute_uq: 632.38 ms
    [TIMING] UQ Calculation (Proximity_Baseline): 1.0133 s
[TIMING] Random Forest fit/check: 0.00 ms
[TIMING] OOB/In-bag index reconstruction: 177.94 ms
[TIMING] Leaf weights & density precomputation: 721.17 ms
[TIMING] Transfer structures to backend: 0.02 ms
[TIMING] Total fit: 899.13 ms
[TIMING] Test leaf ID extraction: 35.26 ms
[TIMING] Proximity matrix accumulation: 1519.44 ms
[TIMING] Neighbor sorting & quantiles: 52.18 ms
[TIMING] Total compute_uq: 1607.42 ms
    [TIMING] UQ Calculation (Proximity_Method_A): 2.5093 s
[TIMING] Random Forest fit/check: 0.00 ms
[TIMING] OOB/In-bag index reconstruction: 179.93 ms
[TIMING] Leaf weights & density precomputation: 745.66 ms
[TIMING] Transfer structures to backend: 0.02 ms
[TIMING] Total fit: 925.61 ms
[TIMING] Test leaf ID extraction: 45.64 ms
[TIMING] Proximity matrix accumulation: 1586.90 ms
[TIMING] Neighbor sorting & quantiles: 50.86 ms
[TIMING] Total compute_uq: 1685.29 ms
    [TIMING] UQ Calculation (Proximity_Method_B): 2.6146 s
[TIMING] Random Forest fit/check: 0.00 ms
[TIMING] OOB/In-bag index reconstruction: 190.87 ms
[TIMING] Leaf weights & density precomputation: 879.74 ms
[TIMING] Transfer structures to backend: 0.02 ms
[TIMING] Total fit: 1070.64 ms
[TIMING] Test leaf ID extraction: 46.96 ms
[TIMING] Proximity matrix accumulation: 1941.02 ms
[TIMING] Neighbor sorting & quantiles: 52.17 ms
[TIMING] Total compute_uq: 2040.65 ms
[DEBUG DENSITY] mean walked density = 64.1568, min = 54.9915, max = 71.1552
    [TIMING] UQ Calculation (Proximity_Method_C): 3.1224 s
[TIMING] Random Forest fit/check: 0.00 ms
[TIMING] OOB/In-bag index reconstruction: 190.63 ms
[TIMING] Leaf weights & density precomputation: 726.95 ms
[TIMING] Transfer structures to backend: 0.02 ms
[TIMING] Total fit: 917.61 ms
[TIMING] Test leaf ID extraction: 35.62 ms
[TIMING] Proximity matrix accumulation: 1945.06 ms
[TIMING] Neighbor sorting & quantiles: 44.32 ms
[TIMING] Total compute_uq: 2026.39 ms
[DEBUG DENSITY] mean walked density = 64.1568, min = 54.9915, max = 71.1552
    [TIMING] UQ Calculation (Proximity_Method_B_C): 2.9551 s
    [TIMING] Metrics Calculation: 0.0760 s
    [TIMING] Total Single Evaluation: 12.8542 s

  >>> Starting: Function=gaussian_3d, Seed=5
    [TIMING] Data Generation: 0.0020 s
    [TIMING] Random Forest Fitting: 0.4976 s
    [TIMING] RF Predicting: 0.0427 s
    [TIMING] Base Aleatoric: 0.0527 s
[TIMING] Random Forest fit/check: 0.00 ms
[TIMING] OOB/In-bag index reconstruction: 177.74 ms
[TIMING] Leaf weights & density precomputation: 563.40 ms
[TIMING] Transfer structures to backend: 0.03 ms
[TIMING] Total fit: 741.16 ms
[TIMING] Test leaf ID extraction: 38.06 ms
[TIMING] Proximity matrix accumulation: 504.68 ms
[TIMING] Neighbor sorting & quantiles: 52.97 ms
[TIMING] Total compute_uq: 596.03 ms
    [TIMING] UQ Calculation (Proximity_Baseline): 1.3398 s
[TIMING] Random Forest fit/check: 0.00 ms
[TIMING] OOB/In-bag index reconstruction: 179.60 ms
[TIMING] Leaf weights & density precomputation: 720.34 ms
[TIMING] Transfer structures to backend: 0.02 ms
[TIMING] Total fit: 899.97 ms
[TIMING] Test leaf ID extraction: 35.52 ms
[TIMING] Proximity matrix accumulation: 1591.39 ms
[TIMING] Neighbor sorting & quantiles: 52.25 ms
[TIMING] Total compute_uq: 1681.47 ms
    [TIMING] UQ Calculation (Proximity_Method_A): 2.5843 s
[TIMING] Random Forest fit/check: 0.01 ms
[TIMING] OOB/In-bag index reconstruction: 192.05 ms
[TIMING] Leaf weights & density precomputation: 731.10 ms
[TIMING] Transfer structures to backend: 0.02 ms
[TIMING] Total fit: 923.18 ms
[TIMING] Test leaf ID extraction: 45.98 ms
[TIMING] Proximity matrix accumulation: 1582.99 ms
[TIMING] Neighbor sorting & quantiles: 51.08 ms
[TIMING] Total compute_uq: 1681.58 ms
    [TIMING] UQ Calculation (Proximity_Method_B): 2.6085 s
[TIMING] Random Forest fit/check: 0.00 ms
[TIMING] OOB/In-bag index reconstruction: 189.62 ms
[TIMING] Leaf weights & density precomputation: 830.34 ms
[TIMING] Transfer structures to backend: 0.02 ms
[TIMING] Total fit: 1019.99 ms
[TIMING] Test leaf ID extraction: 180.48 ms
[TIMING] Proximity matrix accumulation: 1016.60 ms
[TIMING] Neighbor sorting & quantiles: 22.42 ms
[TIMING] Total compute_uq: 1220.53 ms
[DEBUG DENSITY] mean walked density = 64.1663, min = 55.4572, max = 70.9819
    [TIMING] UQ Calculation (Proximity_Method_C): 2.2425 s
[TIMING] Random Forest fit/check: 0.00 ms
[TIMING] OOB/In-bag index reconstruction: 351.30 ms
[TIMING] Leaf weights & density precomputation: 945.18 ms
[TIMING] Transfer structures to backend: 0.02 ms
[TIMING] Total fit: 1296.51 ms
[TIMING] Test leaf ID extraction: 146.02 ms
[TIMING] Proximity matrix accumulation: 899.84 ms
[TIMING] Neighbor sorting & quantiles: 12.82 ms
[TIMING] Total compute_uq: 1059.01 ms
[DEBUG DENSITY] mean walked density = 64.1663, min = 55.4572, max = 70.9819
    [TIMING] UQ Calculation (Proximity_Method_B_C): 2.3577 s
    [TIMING] Metrics Calculation: 1.8536 s
    [TIMING] Total Single Evaluation: 13.5818 s

  >>> Starting: Function=sin_exp_cos, Seed=5
    [TIMING] Data Generation: 0.0032 s
    [TIMING] Random Forest Fitting: 1.4075 s
    [TIMING] RF Predicting: 0.1246 s
    [TIMING] Base Aleatoric: 0.1740 s
[TIMING] Random Forest fit/check: 0.00 ms
[TIMING] OOB/In-bag index reconstruction: 436.61 ms
[TIMING] Leaf weights & density precomputation: 145.33 ms
[TIMING] Transfer structures to backend: 0.02 ms
[TIMING] Total fit: 581.96 ms
[TIMING] Test leaf ID extraction: 170.21 ms
[TIMING] Proximity matrix accumulation: 299.85 ms
[TIMING] Neighbor sorting & quantiles: 58.15 ms
[TIMING] Total compute_uq: 528.52 ms
    [TIMING] UQ Calculation (Proximity_Baseline): 1.1107 s
[TIMING] Random Forest fit/check: 0.00 ms
[TIMING] OOB/In-bag index reconstruction: 729.33 ms
[TIMING] Leaf weights & density precomputation: 535.80 ms
[TIMING] Transfer structures to backend: 0.02 ms
[TIMING] Total fit: 1265.15 ms
[TIMING] Test leaf ID extraction: 173.36 ms
[TIMING] Proximity matrix accumulation: 790.47 ms
[TIMING] Neighbor sorting & quantiles: 22.51 ms
[TIMING] Total compute_uq: 986.68 ms
    [TIMING] UQ Calculation (Proximity_Method_A): 2.2523 s
[TIMING] Random Forest fit/check: 0.00 ms
[TIMING] OOB/In-bag index reconstruction: 555.44 ms
[TIMING] Leaf weights & density precomputation: 532.15 ms
[TIMING] Transfer structures to backend: 0.02 ms
[TIMING] Total fit: 1087.61 ms
[TIMING] Test leaf ID extraction: 47.17 ms
[TIMING] Proximity matrix accumulation: 701.39 ms
[TIMING] Neighbor sorting & quantiles: 13.68 ms
[TIMING] Total compute_uq: 762.53 ms
    [TIMING] UQ Calculation (Proximity_Method_B): 1.8524 s
[TIMING] Random Forest fit/check: 0.00 ms
[TIMING] OOB/In-bag index reconstruction: 262.16 ms
[TIMING] Leaf weights & density precomputation: 485.04 ms
[TIMING] Transfer structures to backend: 0.02 ms
[TIMING] Total fit: 747.22 ms
[TIMING] Test leaf ID extraction: 36.60 ms
[TIMING] Proximity matrix accumulation: 866.62 ms
[TIMING] Neighbor sorting & quantiles: 22.61 ms
[TIMING] Total compute_uq: 926.18 ms
[DEBUG DENSITY] mean walked density = 64.3467, min = 52.0371, max = 73.7015
    [TIMING] UQ Calculation (Proximity_Method_C): 1.6756 s
[TIMING] Random Forest fit/check: 0.00 ms
[TIMING] OOB/In-bag index reconstruction: 262.10 ms
[TIMING] Leaf weights & density precomputation: 586.59 ms
[TIMING] Transfer structures to backend: 0.02 ms
[TIMING] Total fit: 848.72 ms
[TIMING] Test leaf ID extraction: 151.75 ms
[TIMING] Proximity matrix accumulation: 1442.74 ms
[TIMING] Neighbor sorting & quantiles: 40.14 ms
[TIMING] Total compute_uq: 1635.29 ms
[DEBUG DENSITY] mean walked density = 64.3467, min = 52.0371, max = 73.7015
    [TIMING] UQ Calculation (Proximity_Method_B_C): 2.4860 s
    [TIMING] Metrics Calculation: 2.3609 s
    [TIMING] Total Single Evaluation: 13.4477 s

  >>> Starting: Function=sin_cos_4d, Seed=5
    [TIMING] Data Generation: 0.0181 s
    [TIMING] Random Forest Fitting: 3.4586 s
    [TIMING] RF Predicting: 0.1915 s
    [TIMING] Base Aleatoric: 0.1939 s
[TIMING] Random Forest fit/check: 0.00 ms
[TIMING] OOB/In-bag index reconstruction: 643.22 ms
[TIMING] Leaf weights & density precomputation: 329.42 ms
[TIMING] Transfer structures to backend: 0.02 ms
[TIMING] Total fit: 972.66 ms
[TIMING] Test leaf ID extraction: 48.89 ms
[TIMING] Proximity matrix accumulation: 890.11 ms
[TIMING] Neighbor sorting & quantiles: 82.74 ms
[TIMING] Total compute_uq: 1022.07 ms
    [TIMING] UQ Calculation (Proximity_Baseline): 1.9973 s
[TIMING] Random Forest fit/check: 0.00 ms
[TIMING] OOB/In-bag index reconstruction: 192.84 ms
[TIMING] Leaf weights & density precomputation: 762.51 ms
[TIMING] Transfer structures to backend: 0.02 ms
[TIMING] Total fit: 955.37 ms
[TIMING] Test leaf ID extraction: 47.26 ms
[TIMING] Proximity matrix accumulation: 2828.64 ms
[TIMING] Neighbor sorting & quantiles: 95.88 ms
[TIMING] Total compute_uq: 2972.99 ms
    [TIMING] UQ Calculation (Proximity_Method_A): 3.9311 s
[TIMING] Random Forest fit/check: 0.01 ms
[TIMING] OOB/In-bag index reconstruction: 193.92 ms
[TIMING] Leaf weights & density precomputation: 947.48 ms
[TIMING] Transfer structures to backend: 0.02 ms
[TIMING] Total fit: 1141.43 ms
[TIMING] Test leaf ID extraction: 36.66 ms
[TIMING] Proximity matrix accumulation: 2726.81 ms
[TIMING] Neighbor sorting & quantiles: 69.95 ms
[TIMING] Total compute_uq: 2834.07 ms
    [TIMING] UQ Calculation (Proximity_Method_B): 3.9790 s
[TIMING] Random Forest fit/check: 0.00 ms
[TIMING] OOB/In-bag index reconstruction: 191.73 ms
[TIMING] Leaf weights & density precomputation: 777.46 ms
[TIMING] Transfer structures to backend: 0.02 ms
[TIMING] Total fit: 969.21 ms
[TIMING] Test leaf ID extraction: 47.33 ms
[TIMING] Proximity matrix accumulation: 3443.92 ms
[TIMING] Neighbor sorting & quantiles: 95.93 ms
[TIMING] Total compute_uq: 3589.58 ms
[DEBUG DENSITY] mean walked density = 64.0322, min = 55.1842, max = 69.5415
    [TIMING] UQ Calculation (Proximity_Method_C): 4.5698 s
[TIMING] Random Forest fit/check: 0.00 ms
[TIMING] OOB/In-bag index reconstruction: 196.05 ms
[TIMING] Leaf weights & density precomputation: 905.58 ms
[TIMING] Transfer structures to backend: 0.01 ms
[TIMING] Total fit: 1101.64 ms
[TIMING] Test leaf ID extraction: 47.78 ms
[TIMING] Proximity matrix accumulation: 3510.61 ms
[TIMING] Neighbor sorting & quantiles: 69.82 ms
[TIMING] Total compute_uq: 3630.29 ms
[DEBUG DENSITY] mean walked density = 64.0322, min = 55.1842, max = 69.5415
    [TIMING] UQ Calculation (Proximity_Method_B_C): 4.7430 s
    [TIMING] Metrics Calculation: 0.0935 s
    [TIMING] Total Single Evaluation: 23.1764 s

  >>> Starting: Function=quadratic_4d, Seed=5
    [TIMING] Data Generation: 0.0030 s
    [TIMING] Random Forest Fitting: 0.6939 s
    [TIMING] RF Predicting: 0.0433 s
    [TIMING] Base Aleatoric: 0.0451 s
[TIMING] Random Forest fit/check: 0.00 ms
[TIMING] OOB/In-bag index reconstruction: 190.74 ms
[TIMING] Leaf weights & density precomputation: 779.22 ms
[TIMING] Transfer structures to backend: 0.03 ms
[TIMING] Total fit: 969.98 ms
[TIMING] Test leaf ID extraction: 37.92 ms
[TIMING] Proximity matrix accumulation: 1043.18 ms
[TIMING] Neighbor sorting & quantiles: 97.22 ms
[TIMING] Total compute_uq: 1178.81 ms
    [TIMING] UQ Calculation (Proximity_Baseline): 2.1514 s
[TIMING] Random Forest fit/check: 0.00 ms
[TIMING] OOB/In-bag index reconstruction: 192.25 ms
[TIMING] Leaf weights & density precomputation: 697.70 ms
[TIMING] Transfer structures to backend: 0.02 ms
[TIMING] Total fit: 889.97 ms
[TIMING] Test leaf ID extraction: 45.57 ms
[TIMING] Proximity matrix accumulation: 2827.14 ms
[TIMING] Neighbor sorting & quantiles: 90.98 ms
[TIMING] Total compute_uq: 2964.51 ms
    [TIMING] UQ Calculation (Proximity_Method_A): 3.8572 s
[TIMING] Random Forest fit/check: 0.00 ms
[TIMING] OOB/In-bag index reconstruction: 231.77 ms
[TIMING] Leaf weights & density precomputation: 778.65 ms
[TIMING] Transfer structures to backend: 0.02 ms
[TIMING] Total fit: 1010.45 ms
[TIMING] Test leaf ID extraction: 46.30 ms
[TIMING] Proximity matrix accumulation: 2824.49 ms
[TIMING] Neighbor sorting & quantiles: 63.08 ms
[TIMING] Total compute_uq: 2935.04 ms
    [TIMING] UQ Calculation (Proximity_Method_B): 3.9492 s
[TIMING] Random Forest fit/check: 0.00 ms
[TIMING] OOB/In-bag index reconstruction: 190.21 ms
[TIMING] Leaf weights & density precomputation: 826.79 ms
[TIMING] Transfer structures to backend: 0.02 ms
[TIMING] Total fit: 1017.02 ms
[TIMING] Test leaf ID extraction: 46.75 ms
[TIMING] Proximity matrix accumulation: 1607.02 ms
[TIMING] Neighbor sorting & quantiles: 38.75 ms
[TIMING] Total compute_uq: 1693.27 ms
[DEBUG DENSITY] mean walked density = 63.6794, min = 57.5272, max = 70.2189
    [TIMING] UQ Calculation (Proximity_Method_C): 2.7119 s
[TIMING] Random Forest fit/check: 0.00 ms
[TIMING] OOB/In-bag index reconstruction: 194.54 ms
[TIMING] Leaf weights & density precomputation: 395.33 ms
[TIMING] Transfer structures to backend: 0.02 ms
[TIMING] Total fit: 589.89 ms
[TIMING] Test leaf ID extraction: 46.02 ms
[TIMING] Proximity matrix accumulation: 1558.00 ms
[TIMING] Neighbor sorting & quantiles: 15.47 ms
[TIMING] Total compute_uq: 1619.78 ms
[DEBUG DENSITY] mean walked density = 63.6794, min = 57.5272, max = 70.2189
    [TIMING] UQ Calculation (Proximity_Method_B_C): 2.2112 s
    [TIMING] Metrics Calculation: 0.1396 s
    [TIMING] Total Single Evaluation: 15.8064 s

  >>> Starting: Function=sin_sum_4d, Seed=5
    [TIMING] Data Generation: 0.0045 s
    [TIMING] Random Forest Fitting: 0.7394 s
    [TIMING] RF Predicting: 0.0538 s
    [TIMING] Base Aleatoric: 0.0559 s
[TIMING] Random Forest fit/check: 0.00 ms
[TIMING] OOB/In-bag index reconstruction: 195.01 ms
[TIMING] Leaf weights & density precomputation: 73.97 ms
[TIMING] Transfer structures to backend: 0.02 ms
[TIMING] Total fit: 269.00 ms
[TIMING] Test leaf ID extraction: 45.73 ms
[TIMING] Proximity matrix accumulation: 591.96 ms
[TIMING] Neighbor sorting & quantiles: 52.77 ms
[TIMING] Total compute_uq: 690.74 ms
    [TIMING] UQ Calculation (Proximity_Baseline): 0.9623 s
[TIMING] Random Forest fit/check: 0.00 ms
[TIMING] OOB/In-bag index reconstruction: 192.38 ms
[TIMING] Leaf weights & density precomputation: 706.15 ms
[TIMING] Transfer structures to backend: 0.03 ms
[TIMING] Total fit: 898.56 ms
[TIMING] Test leaf ID extraction: 47.32 ms
[TIMING] Proximity matrix accumulation: 2405.77 ms
[TIMING] Neighbor sorting & quantiles: 80.62 ms
[TIMING] Total compute_uq: 2535.41 ms
    [TIMING] UQ Calculation (Proximity_Method_A): 3.4368 s
[TIMING] Random Forest fit/check: 0.00 ms
[TIMING] OOB/In-bag index reconstruction: 194.80 ms
[TIMING] Leaf weights & density precomputation: 714.61 ms
[TIMING] Transfer structures to backend: 0.02 ms
[TIMING] Total fit: 909.43 ms
[TIMING] Test leaf ID extraction: 47.25 ms
[TIMING] Proximity matrix accumulation: 2410.07 ms
[TIMING] Neighbor sorting & quantiles: 52.71 ms
[TIMING] Total compute_uq: 2510.44 ms
    [TIMING] UQ Calculation (Proximity_Method_B): 3.4235 s
[TIMING] Random Forest fit/check: 0.00 ms
[TIMING] OOB/In-bag index reconstruction: 194.20 ms
[TIMING] Leaf weights & density precomputation: 707.36 ms
[TIMING] Transfer structures to backend: 0.02 ms
[TIMING] Total fit: 901.58 ms
[TIMING] Test leaf ID extraction: 46.56 ms
[TIMING] Proximity matrix accumulation: 2975.75 ms
[TIMING] Neighbor sorting & quantiles: 80.41 ms
[TIMING] Total compute_uq: 3104.37 ms
[DEBUG DENSITY] mean walked density = 63.4638, min = 50.3404, max = 71.5123
    [TIMING] UQ Calculation (Proximity_Method_C): 4.0156 s
[TIMING] Random Forest fit/check: 0.01 ms
[TIMING] OOB/In-bag index reconstruction: 204.75 ms
[TIMING] Leaf weights & density precomputation: 700.65 ms
[TIMING] Transfer structures to backend: 0.02 ms
[TIMING] Total fit: 905.43 ms
[TIMING] Test leaf ID extraction: 45.97 ms
[TIMING] Proximity matrix accumulation: 3134.48 ms
[TIMING] Neighbor sorting & quantiles: 60.84 ms
[TIMING] Total compute_uq: 3243.66 ms
[DEBUG DENSITY] mean walked density = 63.4638, min = 50.3404, max = 71.5123
    [TIMING] UQ Calculation (Proximity_Method_B_C): 4.1602 s
    [TIMING] Metrics Calculation: 0.1519 s
    [TIMING] Total Single Evaluation: 17.0044 s

  >>> Starting: Function=sin_cos_5d, Seed=5
    [TIMING] Data Generation: 0.0078 s
    [TIMING] Random Forest Fitting: 1.4883 s
    [TIMING] RF Predicting: 0.0432 s
    [TIMING] Base Aleatoric: 0.0569 s
[TIMING] Random Forest fit/check: 0.00 ms
[TIMING] OOB/In-bag index reconstruction: 227.91 ms
[TIMING] Leaf weights & density precomputation: 769.78 ms
[TIMING] Transfer structures to backend: 0.02 ms
[TIMING] Total fit: 997.71 ms
[TIMING] Test leaf ID extraction: 47.54 ms
[TIMING] Proximity matrix accumulation: 1609.71 ms
[TIMING] Neighbor sorting & quantiles: 151.49 ms
[TIMING] Total compute_uq: 1810.09 ms
    [TIMING] UQ Calculation (Proximity_Baseline): 2.8104 s
[TIMING] Random Forest fit/check: 0.00 ms
[TIMING] OOB/In-bag index reconstruction: 230.79 ms
[TIMING] Leaf weights & density precomputation: 825.57 ms
[TIMING] Transfer structures to backend: 0.01 ms
[TIMING] Total fit: 1056.38 ms
[TIMING] Test leaf ID extraction: 47.47 ms
[TIMING] Proximity matrix accumulation: 4324.88 ms
[TIMING] Neighbor sorting & quantiles: 149.76 ms
[TIMING] Total compute_uq: 4523.10 ms
    [TIMING] UQ Calculation (Proximity_Method_A): 5.5823 s
[TIMING] Random Forest fit/check: 0.00 ms
[TIMING] OOB/In-bag index reconstruction: 231.34 ms
[TIMING] Leaf weights & density precomputation: 833.82 ms
[TIMING] Transfer structures to backend: 0.01 ms
[TIMING] Total fit: 1065.18 ms
[TIMING] Test leaf ID extraction: 46.92 ms
[TIMING] Proximity matrix accumulation: 4427.85 ms
[TIMING] Neighbor sorting & quantiles: 89.77 ms
[TIMING] Total compute_uq: 4565.18 ms
    [TIMING] UQ Calculation (Proximity_Method_B): 5.6340 s
[TIMING] Random Forest fit/check: 0.00 ms
[TIMING] OOB/In-bag index reconstruction: 220.82 ms
[TIMING] Leaf weights & density precomputation: 831.61 ms
[TIMING] Transfer structures to backend: 0.01 ms
[TIMING] Total fit: 1052.45 ms
[TIMING] Test leaf ID extraction: 47.00 ms
[TIMING] Proximity matrix accumulation: 5494.47 ms
[TIMING] Neighbor sorting & quantiles: 159.90 ms
[TIMING] Total compute_uq: 5702.15 ms
[DEBUG DENSITY] mean walked density = 63.9362, min = 59.3978, max = 67.2420
    [TIMING] UQ Calculation (Proximity_Method_C): 6.7655 s
[TIMING] Random Forest fit/check: 0.01 ms
[TIMING] OOB/In-bag index reconstruction: 242.15 ms
[TIMING] Leaf weights & density precomputation: 765.42 ms
[TIMING] Transfer structures to backend: 0.02 ms
[TIMING] Total fit: 1007.61 ms
[TIMING] Test leaf ID extraction: 46.32 ms
[TIMING] Proximity matrix accumulation: 5501.65 ms
[TIMING] Neighbor sorting & quantiles: 85.36 ms
[TIMING] Total compute_uq: 5634.31 ms
[DEBUG DENSITY] mean walked density = 63.9362, min = 59.3978, max = 67.2420
    [TIMING] UQ Calculation (Proximity_Method_B_C): 6.6533 s
    [TIMING] Metrics Calculation: 0.1092 s
    [TIMING] Total Single Evaluation: 29.1516 s

  >>> Starting: Function=quadratic_5d, Seed=5
    [TIMING] Data Generation: 0.0045 s
    [TIMING] Random Forest Fitting: 1.0657 s
    [TIMING] RF Predicting: 0.0426 s
    [TIMING] Base Aleatoric: 0.0564 s
[TIMING] Random Forest fit/check: 0.00 ms
[TIMING] OOB/In-bag index reconstruction: 229.71 ms
[TIMING] Leaf weights & density precomputation: 430.76 ms
[TIMING] Transfer structures to backend: 0.04 ms
[TIMING] Total fit: 660.52 ms
[TIMING] Test leaf ID extraction: 47.07 ms
[TIMING] Proximity matrix accumulation: 1208.36 ms
[TIMING] Neighbor sorting & quantiles: 103.55 ms
[TIMING] Total compute_uq: 1360.16 ms
    [TIMING] UQ Calculation (Proximity_Baseline): 2.0209 s
[TIMING] Random Forest fit/check: 0.00 ms
[TIMING] OOB/In-bag index reconstruction: 243.47 ms
[TIMING] Leaf weights & density precomputation: 547.45 ms
[TIMING] Transfer structures to backend: 0.01 ms
[TIMING] Total fit: 790.93 ms
[TIMING] Test leaf ID extraction: 47.51 ms
[TIMING] Proximity matrix accumulation: 1966.20 ms
[TIMING] Neighbor sorting & quantiles: 62.35 ms
[TIMING] Total compute_uq: 2076.37 ms
    [TIMING] UQ Calculation (Proximity_Method_A): 2.8677 s
[TIMING] Random Forest fit/check: 0.00 ms
[TIMING] OOB/In-bag index reconstruction: 228.42 ms
[TIMING] Leaf weights & density precomputation: 452.54 ms
[TIMING] Transfer structures to backend: 0.02 ms
[TIMING] Total fit: 680.99 ms
[TIMING] Test leaf ID extraction: 57.11 ms
[TIMING] Proximity matrix accumulation: 3560.16 ms
[TIMING] Neighbor sorting & quantiles: 61.26 ms
[TIMING] Total compute_uq: 3678.84 ms
    [TIMING] UQ Calculation (Proximity_Method_B): 4.3633 s
[TIMING] Random Forest fit/check: 0.01 ms
[TIMING] OOB/In-bag index reconstruction: 230.46 ms
[TIMING] Leaf weights & density precomputation: 754.56 ms
[TIMING] Transfer structures to backend: 0.02 ms
[TIMING] Total fit: 985.04 ms
[TIMING] Test leaf ID extraction: 48.23 ms
[TIMING] Proximity matrix accumulation: 4649.05 ms
[TIMING] Neighbor sorting & quantiles: 133.87 ms
[TIMING] Total compute_uq: 4832.11 ms
[DEBUG DENSITY] mean walked density = 64.0815, min = 52.8104, max = 68.2824
    [TIMING] UQ Calculation (Proximity_Method_C): 5.8249 s
[TIMING] Random Forest fit/check: 0.00 ms
[TIMING] OOB/In-bag index reconstruction: 228.48 ms
[TIMING] Leaf weights & density precomputation: 752.60 ms
[TIMING] Transfer structures to backend: 0.02 ms
[TIMING] Total fit: 981.10 ms
[TIMING] Test leaf ID extraction: 47.51 ms
[TIMING] Proximity matrix accumulation: 4650.94 ms
[TIMING] Neighbor sorting & quantiles: 68.55 ms
[TIMING] Total compute_uq: 4767.83 ms
[DEBUG DENSITY] mean walked density = 64.0815, min = 52.8104, max = 68.2824
    [TIMING] UQ Calculation (Proximity_Method_B_C): 5.7565 s
    [TIMING] Metrics Calculation: 0.1055 s
    [TIMING] Total Single Evaluation: 22.1087 s

  >>> Starting: Function=gaussian_5d, Seed=5
    [TIMING] Data Generation: 0.0051 s
    [TIMING] Random Forest Fitting: 1.0864 s
    [TIMING] RF Predicting: 0.0537 s
    [TIMING] Base Aleatoric: 0.0579 s
[TIMING] Random Forest fit/check: 0.00 ms
[TIMING] OOB/In-bag index reconstruction: 227.99 ms
[TIMING] Leaf weights & density precomputation: 562.02 ms
[TIMING] Transfer structures to backend: 0.02 ms
[TIMING] Total fit: 790.03 ms
[TIMING] Test leaf ID extraction: 57.99 ms
[TIMING] Proximity matrix accumulation: 1700.80 ms
[TIMING] Neighbor sorting & quantiles: 153.44 ms
[TIMING] Total compute_uq: 1912.74 ms
    [TIMING] UQ Calculation (Proximity_Baseline): 2.7029 s
[TIMING] Random Forest fit/check: 0.00 ms
[TIMING] OOB/In-bag index reconstruction: 230.43 ms
[TIMING] Leaf weights & density precomputation: 979.91 ms
[TIMING] Transfer structures to backend: 0.01 ms
[TIMING] Total fit: 1210.35 ms
[TIMING] Test leaf ID extraction: 46.97 ms
[TIMING] Proximity matrix accumulation: 4330.05 ms
[TIMING] Neighbor sorting & quantiles: 150.30 ms
[TIMING] Total compute_uq: 4528.82 ms
    [TIMING] UQ Calculation (Proximity_Method_A): 5.7419 s
[TIMING] Random Forest fit/check: 0.00 ms
[TIMING] OOB/In-bag index reconstruction: 239.56 ms
[TIMING] Leaf weights & density precomputation: 825.00 ms
[TIMING] Transfer structures to backend: 0.01 ms
[TIMING] Total fit: 1064.58 ms
[TIMING] Test leaf ID extraction: 47.15 ms
[TIMING] Proximity matrix accumulation: 4356.16 ms
[TIMING] Neighbor sorting & quantiles: 83.34 ms
[TIMING] Total compute_uq: 4487.11 ms
    [TIMING] UQ Calculation (Proximity_Method_B): 5.5554 s
[TIMING] Random Forest fit/check: 0.01 ms
[TIMING] OOB/In-bag index reconstruction: 230.01 ms
[TIMING] Leaf weights & density precomputation: 902.95 ms
[TIMING] Transfer structures to backend: 0.01 ms
[TIMING] Total fit: 1132.98 ms
[TIMING] Test leaf ID extraction: 48.25 ms
[TIMING] Proximity matrix accumulation: 5508.45 ms
[TIMING] Neighbor sorting & quantiles: 159.85 ms
[TIMING] Total compute_uq: 5718.03 ms
[DEBUG DENSITY] mean walked density = 63.6862, min = 58.1181, max = 69.4624
    [TIMING] UQ Calculation (Proximity_Method_C): 6.8620 s
[TIMING] Random Forest fit/check: 0.00 ms
[TIMING] OOB/In-bag index reconstruction: 228.72 ms
[TIMING] Leaf weights & density precomputation: 886.76 ms
[TIMING] Transfer structures to backend: 0.01 ms
[TIMING] Total fit: 1115.49 ms
[TIMING] Test leaf ID extraction: 47.76 ms
[TIMING] Proximity matrix accumulation: 5146.13 ms
[TIMING] Neighbor sorting & quantiles: 82.74 ms
[TIMING] Total compute_uq: 5278.62 ms
[DEBUG DENSITY] mean walked density = 63.6862, min = 58.1181, max = 69.4624
    [TIMING] UQ Calculation (Proximity_Method_B_C): 6.4052 s
    [TIMING] Metrics Calculation: 1.9866 s
    [TIMING] Total Single Evaluation: 30.4577 s

  >>> Starting: Function=sin_cos_6d, Seed=5
    [TIMING] Data Generation: 0.0359 s
    [TIMING] Random Forest Fitting: 6.1946 s
    [TIMING] RF Predicting: 0.2445 s
    [TIMING] Base Aleatoric: 0.2474 s
[TIMING] Random Forest fit/check: 0.00 ms
[TIMING] OOB/In-bag index reconstruction: 827.24 ms
[TIMING] Leaf weights & density precomputation: 94.23 ms
[TIMING] Transfer structures to backend: 0.02 ms
[TIMING] Total fit: 921.49 ms
[TIMING] Test leaf ID extraction: 200.11 ms
[TIMING] Proximity matrix accumulation: 1091.64 ms
[TIMING] Neighbor sorting & quantiles: 100.24 ms
[TIMING] Total compute_uq: 1392.40 ms
    [TIMING] UQ Calculation (Proximity_Baseline): 2.3142 s
[TIMING] Random Forest fit/check: 0.00 ms
[TIMING] OOB/In-bag index reconstruction: 645.64 ms
[TIMING] Leaf weights & density precomputation: 801.20 ms
[TIMING] Transfer structures to backend: 0.02 ms
[TIMING] Total fit: 1446.86 ms
[TIMING] Test leaf ID extraction: 274.70 ms
[TIMING] Proximity matrix accumulation: 3123.82 ms
[TIMING] Neighbor sorting & quantiles: 233.22 ms
[TIMING] Total compute_uq: 3632.24 ms
    [TIMING] UQ Calculation (Proximity_Method_A): 5.0796 s
[TIMING] Random Forest fit/check: 0.00 ms
[TIMING] OOB/In-bag index reconstruction: 632.14 ms
[TIMING] Leaf weights & density precomputation: 848.62 ms
[TIMING] Transfer structures to backend: 0.03 ms
[TIMING] Total fit: 1480.78 ms
[TIMING] Test leaf ID extraction: 60.67 ms
[TIMING] Proximity matrix accumulation: 2798.59 ms
[TIMING] Neighbor sorting & quantiles: 28.31 ms
[TIMING] Total compute_uq: 2887.96 ms
    [TIMING] UQ Calculation (Proximity_Method_B): 4.3706 s
[TIMING] Random Forest fit/check: 0.00 ms
[TIMING] OOB/In-bag index reconstruction: 243.78 ms
[TIMING] Leaf weights & density precomputation: 704.78 ms
[TIMING] Transfer structures to backend: 0.02 ms
[TIMING] Total fit: 948.58 ms
[TIMING] Test leaf ID extraction: 57.41 ms
[TIMING] Proximity matrix accumulation: 6686.80 ms
[TIMING] Neighbor sorting & quantiles: 175.47 ms
[TIMING] Total compute_uq: 6920.40 ms
[DEBUG DENSITY] mean walked density = 63.8681, min = 58.1718, max = 68.0083
    [TIMING] UQ Calculation (Proximity_Method_C): 7.8786 s
[TIMING] Random Forest fit/check: 0.00 ms
[TIMING] OOB/In-bag index reconstruction: 245.39 ms
[TIMING] Leaf weights & density precomputation: 823.16 ms
[TIMING] Transfer structures to backend: 0.02 ms
[TIMING] Total fit: 1068.56 ms
[TIMING] Test leaf ID extraction: 58.67 ms
[TIMING] Proximity matrix accumulation: 6647.99 ms
[TIMING] Neighbor sorting & quantiles: 84.54 ms
[TIMING] Total compute_uq: 6792.77 ms
[DEBUG DENSITY] mean walked density = 63.8681, min = 58.1718, max = 68.0083
    [TIMING] UQ Calculation (Proximity_Method_B_C): 7.8710 s
    [TIMING] Metrics Calculation: 0.1318 s
    [TIMING] Total Single Evaluation: 34.3689 s

  >>> Starting: Function=quadratic_6d, Seed=5
    [TIMING] Data Generation: 0.0062 s
    [TIMING] Random Forest Fitting: 1.5687 s
    [TIMING] RF Predicting: 0.0536 s
    [TIMING] Base Aleatoric: 0.0698 s
[TIMING] Random Forest fit/check: 0.00 ms
[TIMING] OOB/In-bag index reconstruction: 240.60 ms
[TIMING] Leaf weights & density precomputation: 441.42 ms
[TIMING] Transfer structures to backend: 0.02 ms
[TIMING] Total fit: 682.04 ms
[TIMING] Test leaf ID extraction: 49.89 ms
[TIMING] Proximity matrix accumulation: 2456.72 ms
[TIMING] Neighbor sorting & quantiles: 209.55 ms
[TIMING] Total compute_uq: 2717.34 ms
    [TIMING] UQ Calculation (Proximity_Baseline): 3.4020 s
[TIMING] Random Forest fit/check: 0.00 ms
[TIMING] OOB/In-bag index reconstruction: 230.82 ms
[TIMING] Leaf weights & density precomputation: 908.69 ms
[TIMING] Transfer structures to backend: 0.02 ms
[TIMING] Total fit: 1139.53 ms
[TIMING] Test leaf ID extraction: 46.64 ms
[TIMING] Proximity matrix accumulation: 6103.83 ms
[TIMING] Neighbor sorting & quantiles: 187.66 ms
[TIMING] Total compute_uq: 6339.97 ms
    [TIMING] UQ Calculation (Proximity_Method_A): 7.4823 s
[TIMING] Random Forest fit/check: 0.00 ms
[TIMING] OOB/In-bag index reconstruction: 230.78 ms
[TIMING] Leaf weights & density precomputation: 907.92 ms
[TIMING] Transfer structures to backend: 0.01 ms
[TIMING] Total fit: 1138.72 ms
[TIMING] Test leaf ID extraction: 46.54 ms
[TIMING] Proximity matrix accumulation: 6292.54 ms
[TIMING] Neighbor sorting & quantiles: 110.79 ms
[TIMING] Total compute_uq: 6451.08 ms
    [TIMING] UQ Calculation (Proximity_Method_B): 7.5933 s
[TIMING] Random Forest fit/check: 0.01 ms
[TIMING] OOB/In-bag index reconstruction: 234.29 ms
[TIMING] Leaf weights & density precomputation: 1064.11 ms
[TIMING] Transfer structures to backend: 0.02 ms
[TIMING] Total fit: 1298.42 ms
[TIMING] Test leaf ID extraction: 46.79 ms
[TIMING] Proximity matrix accumulation: 7801.60 ms
[TIMING] Neighbor sorting & quantiles: 207.47 ms
[TIMING] Total compute_uq: 8056.89 ms
[DEBUG DENSITY] mean walked density = 64.1005, min = 52.6069, max = 69.7843
    [TIMING] UQ Calculation (Proximity_Method_C): 9.3663 s
[TIMING] Random Forest fit/check: 0.00 ms
[TIMING] OOB/In-bag index reconstruction: 229.09 ms
[TIMING] Leaf weights & density precomputation: 906.10 ms
[TIMING] Transfer structures to backend: 0.02 ms
[TIMING] Total fit: 1135.21 ms
[TIMING] Test leaf ID extraction: 46.62 ms
[TIMING] Proximity matrix accumulation: 7365.87 ms
[TIMING] Neighbor sorting & quantiles: 80.00 ms
[TIMING] Total compute_uq: 7492.85 ms
[DEBUG DENSITY] mean walked density = 64.1005, min = 52.6069, max = 69.7843
    [TIMING] UQ Calculation (Proximity_Method_B_C): 8.6296 s
    [TIMING] Metrics Calculation: 0.1530 s
    [TIMING] Total Single Evaluation: 38.3255 s

  >>> Starting: Function=friedman_6d, Seed=5
    [TIMING] Data Generation: 0.0095 s
    [TIMING] Random Forest Fitting: 1.4392 s
    [TIMING] RF Predicting: 0.0533 s
    [TIMING] Base Aleatoric: 0.0694 s
[TIMING] Random Forest fit/check: 0.00 ms
[TIMING] OOB/In-bag index reconstruction: 241.83 ms
[TIMING] Leaf weights & density precomputation: 80.40 ms
[TIMING] Transfer structures to backend: 0.02 ms
[TIMING] Total fit: 322.25 ms
[TIMING] Test leaf ID extraction: 58.07 ms
[TIMING] Proximity matrix accumulation: 1090.97 ms
[TIMING] Neighbor sorting & quantiles: 91.06 ms
[TIMING] Total compute_uq: 1240.42 ms
    [TIMING] UQ Calculation (Proximity_Baseline): 1.5629 s
[TIMING] Random Forest fit/check: 0.00 ms
[TIMING] OOB/In-bag index reconstruction: 231.98 ms
[TIMING] Leaf weights & density precomputation: 503.36 ms
[TIMING] Transfer structures to backend: 0.02 ms
[TIMING] Total fit: 735.36 ms
[TIMING] Test leaf ID extraction: 48.26 ms
[TIMING] Proximity matrix accumulation: 3516.93 ms
[TIMING] Neighbor sorting & quantiles: 115.96 ms
[TIMING] Total compute_uq: 3681.43 ms
    [TIMING] UQ Calculation (Proximity_Method_A): 4.4196 s
[TIMING] Random Forest fit/check: 0.00 ms
[TIMING] OOB/In-bag index reconstruction: 229.43 ms
[TIMING] Leaf weights & density precomputation: 816.34 ms
[TIMING] Transfer structures to backend: 0.01 ms
[TIMING] Total fit: 1045.79 ms
[TIMING] Test leaf ID extraction: 46.57 ms
[TIMING] Proximity matrix accumulation: 5342.00 ms
[TIMING] Neighbor sorting & quantiles: 86.88 ms
[TIMING] Total compute_uq: 5477.53 ms
    [TIMING] UQ Calculation (Proximity_Method_B): 6.5265 s
[TIMING] Random Forest fit/check: 0.00 ms
[TIMING] OOB/In-bag index reconstruction: 230.20 ms
[TIMING] Leaf weights & density precomputation: 818.97 ms
[TIMING] Transfer structures to backend: 0.02 ms
[TIMING] Total fit: 1049.19 ms
[TIMING] Test leaf ID extraction: 46.64 ms
[TIMING] Proximity matrix accumulation: 6697.35 ms
[TIMING] Neighbor sorting & quantiles: 165.93 ms
[TIMING] Total compute_uq: 6911.87 ms
[DEBUG DENSITY] mean walked density = 64.2347, min = 56.1873, max = 69.4189
    [TIMING] UQ Calculation (Proximity_Method_C): 7.9684 s
[TIMING] Random Forest fit/check: 0.01 ms
[TIMING] OOB/In-bag index reconstruction: 242.09 ms
[TIMING] Leaf weights & density precomputation: 636.78 ms
[TIMING] Transfer structures to backend: 0.02 ms
[TIMING] Total fit: 878.89 ms
[TIMING] Test leaf ID extraction: 46.17 ms
[TIMING] Proximity matrix accumulation: 7816.72 ms
[TIMING] Neighbor sorting & quantiles: 110.56 ms
[TIMING] Total compute_uq: 7974.90 ms
[DEBUG DENSITY] mean walked density = 64.2347, min = 56.1873, max = 69.4189
    [TIMING] UQ Calculation (Proximity_Method_B_C): 8.8649 s
    [TIMING] Metrics Calculation: 0.1263 s
    [TIMING] Total Single Evaluation: 31.0404 s

  >>> Starting: Function=sin_cos_7d, Seed=5
    [TIMING] Data Generation: 0.0099 s
    [TIMING] Random Forest Fitting: 2.5011 s
    [TIMING] RF Predicting: 0.0534 s
    [TIMING] Base Aleatoric: 0.0724 s
[TIMING] Random Forest fit/check: 0.00 ms
[TIMING] OOB/In-bag index reconstruction: 246.09 ms
[TIMING] Leaf weights & density precomputation: 138.23 ms
[TIMING] Transfer structures to backend: 0.02 ms
[TIMING] Total fit: 384.34 ms
[TIMING] Test leaf ID extraction: 58.51 ms
[TIMING] Proximity matrix accumulation: 3257.59 ms
[TIMING] Neighbor sorting & quantiles: 280.18 ms
[TIMING] Total compute_uq: 3597.41 ms
    [TIMING] UQ Calculation (Proximity_Baseline): 3.9843 s
[TIMING] Random Forest fit/check: 0.00 ms
[TIMING] OOB/In-bag index reconstruction: 514.11 ms
[TIMING] Leaf weights & density precomputation: 1292.73 ms
[TIMING] Transfer structures to backend: 0.02 ms
[TIMING] Total fit: 1806.86 ms
[TIMING] Test leaf ID extraction: 242.49 ms
[TIMING] Proximity matrix accumulation: 8502.31 ms
[TIMING] Neighbor sorting & quantiles: 363.26 ms
[TIMING] Total compute_uq: 9108.67 ms
    [TIMING] UQ Calculation (Proximity_Method_A): 10.9255 s
[TIMING] Random Forest fit/check: 0.01 ms
[TIMING] OOB/In-bag index reconstruction: 872.39 ms
[TIMING] Leaf weights & density precomputation: 1336.73 ms
[TIMING] Transfer structures to backend: 0.02 ms
[TIMING] Total fit: 2209.15 ms
[TIMING] Test leaf ID extraction: 170.52 ms
[TIMING] Proximity matrix accumulation: 8478.94 ms
[TIMING] Neighbor sorting & quantiles: 124.69 ms
[TIMING] Total compute_uq: 8776.45 ms
    [TIMING] UQ Calculation (Proximity_Method_B): 10.9895 s
[TIMING] Random Forest fit/check: 0.00 ms
[TIMING] OOB/In-bag index reconstruction: 247.88 ms
[TIMING] Leaf weights & density precomputation: 978.35 ms
[TIMING] Transfer structures to backend: 0.02 ms
[TIMING] Total fit: 1226.26 ms
[TIMING] Test leaf ID extraction: 58.70 ms
[TIMING] Proximity matrix accumulation: 5435.31 ms
[TIMING] Neighbor sorting & quantiles: 133.45 ms
[TIMING] Total compute_uq: 5629.02 ms
[DEBUG DENSITY] mean walked density = 64.2799, min = 60.6947, max = 67.6383
    [TIMING] UQ Calculation (Proximity_Method_C): 6.8573 s
[TIMING] Random Forest fit/check: 0.01 ms
[TIMING] OOB/In-bag index reconstruction: 255.62 ms
[TIMING] Leaf weights & density precomputation: 623.72 ms
[TIMING] Transfer structures to backend: 0.02 ms
[TIMING] Total fit: 879.37 ms
[TIMING] Test leaf ID extraction: 57.21 ms
[TIMING] Proximity matrix accumulation: 8643.57 ms
[TIMING] Neighbor sorting & quantiles: 98.95 ms
[TIMING] Total compute_uq: 8800.12 ms
[DEBUG DENSITY] mean walked density = 64.2799, min = 60.6947, max = 67.6383
    [TIMING] UQ Calculation (Proximity_Method_B_C): 9.6874 s
    [TIMING] Metrics Calculation: 0.1230 s
    [TIMING] Total Single Evaluation: 45.2046 s

  >>> Starting: Function=quadratic_7d, Seed=5
    [TIMING] Data Generation: 0.0081 s
    [TIMING] Random Forest Fitting: 2.0591 s
    [TIMING] RF Predicting: 0.0532 s
    [TIMING] Base Aleatoric: 0.0616 s
[TIMING] Random Forest fit/check: 0.00 ms
[TIMING] OOB/In-bag index reconstruction: 243.71 ms
[TIMING] Leaf weights & density precomputation: 573.76 ms
[TIMING] Transfer structures to backend: 0.03 ms
[TIMING] Total fit: 817.50 ms
[TIMING] Test leaf ID extraction: 48.04 ms
[TIMING] Proximity matrix accumulation: 2868.99 ms
[TIMING] Neighbor sorting & quantiles: 241.33 ms
[TIMING] Total compute_uq: 3158.77 ms
    [TIMING] UQ Calculation (Proximity_Baseline): 3.9765 s
[TIMING] Random Forest fit/check: 0.00 ms
[TIMING] OOB/In-bag index reconstruction: 264.72 ms
[TIMING] Leaf weights & density precomputation: 1110.53 ms
[TIMING] Transfer structures to backend: 0.02 ms
[TIMING] Total fit: 1375.28 ms
[TIMING] Test leaf ID extraction: 49.15 ms
[TIMING] Proximity matrix accumulation: 8491.87 ms
[TIMING] Neighbor sorting & quantiles: 278.49 ms
[TIMING] Total compute_uq: 8821.10 ms
    [TIMING] UQ Calculation (Proximity_Method_A): 10.1992 s
[TIMING] Random Forest fit/check: 0.01 ms
[TIMING] OOB/In-bag index reconstruction: 244.13 ms
[TIMING] Leaf weights & density precomputation: 957.37 ms
[TIMING] Transfer structures to backend: 0.02 ms
[TIMING] Total fit: 1201.53 ms
[TIMING] Test leaf ID extraction: 57.50 ms
[TIMING] Proximity matrix accumulation: 8421.13 ms
[TIMING] Neighbor sorting & quantiles: 126.33 ms
[TIMING] Total compute_uq: 8605.44 ms
    [TIMING] UQ Calculation (Proximity_Method_B): 9.8108 s
[TIMING] Random Forest fit/check: 0.00 ms
[TIMING] OOB/In-bag index reconstruction: 232.03 ms
[TIMING] Leaf weights & density precomputation: 966.50 ms
[TIMING] Transfer structures to backend: 0.02 ms
[TIMING] Total fit: 1198.56 ms
[TIMING] Test leaf ID extraction: 47.76 ms
[TIMING] Proximity matrix accumulation: 10658.79 ms
[TIMING] Neighbor sorting & quantiles: 291.06 ms
[TIMING] Total compute_uq: 10999.57 ms
[DEBUG DENSITY] mean walked density = 63.3785, min = 54.5736, max = 67.9881
    [TIMING] UQ Calculation (Proximity_Method_C): 12.2092 s
[TIMING] Random Forest fit/check: 0.03 ms
[TIMING] OOB/In-bag index reconstruction: 246.39 ms
[TIMING] Leaf weights & density precomputation: 987.55 ms
[TIMING] Transfer structures to backend: 0.02 ms
[TIMING] Total fit: 1233.99 ms
[TIMING] Test leaf ID extraction: 58.47 ms
[TIMING] Proximity matrix accumulation: 10461.94 ms
[TIMING] Neighbor sorting & quantiles: 135.27 ms
[TIMING] Total compute_uq: 10656.81 ms
[DEBUG DENSITY] mean walked density = 63.3785, min = 54.5736, max = 67.9881
    [TIMING] UQ Calculation (Proximity_Method_B_C): 11.9026 s
    [TIMING] Metrics Calculation: 3.5524 s
    [TIMING] Total Single Evaluation: 53.8335 s

  >>> Starting: Function=interaction_7d, Seed=5
    [TIMING] Data Generation: 0.0083 s
    [TIMING] Random Forest Fitting: 2.2617 s
    [TIMING] RF Predicting: 0.0535 s
    [TIMING] Base Aleatoric: 0.0717 s
[TIMING] Random Forest fit/check: 0.00 ms
[TIMING] OOB/In-bag index reconstruction: 243.03 ms
[TIMING] Leaf weights & density precomputation: 85.36 ms
[TIMING] Transfer structures to backend: 0.02 ms
[TIMING] Total fit: 328.40 ms
[TIMING] Test leaf ID extraction: 58.39 ms
[TIMING] Proximity matrix accumulation: 1496.15 ms
[TIMING] Neighbor sorting & quantiles: 123.09 ms
[TIMING] Total compute_uq: 1678.01 ms
    [TIMING] UQ Calculation (Proximity_Baseline): 2.0067 s
[TIMING] Random Forest fit/check: 0.00 ms
[TIMING] OOB/In-bag index reconstruction: 242.66 ms
[TIMING] Leaf weights & density precomputation: 870.66 ms
[TIMING] Transfer structures to backend: 0.02 ms
[TIMING] Total fit: 1113.33 ms
[TIMING] Test leaf ID extraction: 50.04 ms
[TIMING] Proximity matrix accumulation: 8580.85 ms
[TIMING] Neighbor sorting & quantiles: 244.43 ms
[TIMING] Total compute_uq: 8875.72 ms
    [TIMING] UQ Calculation (Proximity_Method_A): 9.9918 s
[TIMING] Random Forest fit/check: 0.00 ms
[TIMING] OOB/In-bag index reconstruction: 234.47 ms
[TIMING] Leaf weights & density precomputation: 866.33 ms
[TIMING] Transfer structures to backend: 0.02 ms
[TIMING] Total fit: 1100.82 ms
[TIMING] Test leaf ID extraction: 58.40 ms
[TIMING] Proximity matrix accumulation: 7263.07 ms
[TIMING] Neighbor sorting & quantiles: 102.26 ms
[TIMING] Total compute_uq: 7425.55 ms
    [TIMING] UQ Calculation (Proximity_Method_B): 8.5299 s
[TIMING] Random Forest fit/check: 0.00 ms
[TIMING] OOB/In-bag index reconstruction: 243.68 ms
[TIMING] Leaf weights & density precomputation: 582.96 ms
[TIMING] Transfer structures to backend: 0.01 ms
[TIMING] Total fit: 826.65 ms
[TIMING] Test leaf ID extraction: 58.49 ms
[TIMING] Proximity matrix accumulation: 10037.04 ms
[TIMING] Neighbor sorting & quantiles: 278.80 ms
[TIMING] Total compute_uq: 10374.76 ms
[DEBUG DENSITY] mean walked density = 63.4244, min = 56.9440, max = 68.4417
    [TIMING] UQ Calculation (Proximity_Method_C): 11.2123 s
[TIMING] Random Forest fit/check: 0.00 ms
[TIMING] OOB/In-bag index reconstruction: 257.07 ms
[TIMING] Leaf weights & density precomputation: 960.52 ms
[TIMING] Transfer structures to backend: 0.02 ms
[TIMING] Total fit: 1217.61 ms
[TIMING] Test leaf ID extraction: 58.29 ms
[TIMING] Proximity matrix accumulation: 10094.56 ms
[TIMING] Neighbor sorting & quantiles: 161.83 ms
[TIMING] Total compute_uq: 10316.67 ms
[DEBUG DENSITY] mean walked density = 63.4244, min = 56.9440, max = 68.4417
    [TIMING] UQ Calculation (Proximity_Method_B_C): 11.5454 s
    [TIMING] Metrics Calculation: 0.1063 s
    [TIMING] Total Single Evaluation: 45.7882 s

  >>> Starting: Function=sin_cos_8d, Seed=5
    [TIMING] Data Generation: 0.0124 s
    [TIMING] Random Forest Fitting: 3.9320 s
    [TIMING] RF Predicting: 0.0534 s
    [TIMING] Base Aleatoric: 0.0880 s
[TIMING] Random Forest fit/check: 0.00 ms
[TIMING] OOB/In-bag index reconstruction: 262.75 ms
[TIMING] Leaf weights & density precomputation: 796.25 ms
[TIMING] Transfer structures to backend: 0.02 ms
[TIMING] Total fit: 1059.02 ms
[TIMING] Test leaf ID extraction: 61.19 ms
[TIMING] Proximity matrix accumulation: 4328.27 ms
[TIMING] Neighbor sorting & quantiles: 357.42 ms
[TIMING] Total compute_uq: 4747.39 ms
    [TIMING] UQ Calculation (Proximity_Baseline): 5.8091 s
[TIMING] Random Forest fit/check: 0.00 ms
[TIMING] OOB/In-bag index reconstruction: 259.51 ms
[TIMING] Leaf weights & density precomputation: 1030.52 ms
[TIMING] Transfer structures to backend: 0.02 ms
[TIMING] Total fit: 1290.04 ms
[TIMING] Test leaf ID extraction: 61.89 ms
[TIMING] Proximity matrix accumulation: 8922.81 ms
[TIMING] Neighbor sorting & quantiles: 281.76 ms
[TIMING] Total compute_uq: 9267.69 ms
    [TIMING] UQ Calculation (Proximity_Method_A): 10.5583 s
[TIMING] Random Forest fit/check: 0.00 ms
[TIMING] OOB/In-bag index reconstruction: 270.08 ms
[TIMING] Leaf weights & density precomputation: 732.57 ms
[TIMING] Transfer structures to backend: 0.02 ms
[TIMING] Total fit: 1002.67 ms
[TIMING] Test leaf ID extraction: 70.30 ms
[TIMING] Proximity matrix accumulation: 4983.76 ms
[TIMING] Neighbor sorting & quantiles: 43.19 ms
[TIMING] Total compute_uq: 5097.66 ms
    [TIMING] UQ Calculation (Proximity_Method_B): 6.1017 s
[TIMING] Random Forest fit/check: 0.01 ms
[TIMING] OOB/In-bag index reconstruction: 258.81 ms
[TIMING] Leaf weights & density precomputation: 956.89 ms
[TIMING] Transfer structures to backend: 0.02 ms
[TIMING] Total fit: 1215.73 ms
[TIMING] Test leaf ID extraction: 60.49 ms
[TIMING] Proximity matrix accumulation: 11778.82 ms
[TIMING] Neighbor sorting & quantiles: 300.38 ms
[TIMING] Total compute_uq: 12142.05 ms
[DEBUG DENSITY] mean walked density = 64.0519, min = 60.0212, max = 69.1711
    [TIMING] UQ Calculation (Proximity_Method_C): 13.3657 s
[TIMING] Random Forest fit/check: 0.01 ms
[TIMING] OOB/In-bag index reconstruction: 261.41 ms
[TIMING] Leaf weights & density precomputation: 929.65 ms
[TIMING] Transfer structures to backend: 0.02 ms
[TIMING] Total fit: 1191.09 ms
[TIMING] Test leaf ID extraction: 71.42 ms
[TIMING] Proximity matrix accumulation: 12717.90 ms
[TIMING] Neighbor sorting & quantiles: 127.36 ms
[TIMING] Total compute_uq: 12918.53 ms
[DEBUG DENSITY] mean walked density = 64.0519, min = 60.0212, max = 69.1711
    [TIMING] UQ Calculation (Proximity_Method_B_C): 14.1211 s
    [TIMING] Metrics Calculation: 0.1540 s
    [TIMING] Total Single Evaluation: 54.1964 s

  >>> Starting: Function=quadratic_8d, Seed=5
    [TIMING] Data Generation: 0.0099 s
    [TIMING] Random Forest Fitting: 2.9562 s
    [TIMING] RF Predicting: 0.0526 s
    [TIMING] Base Aleatoric: 0.0738 s
[TIMING] Random Forest fit/check: 0.00 ms
[TIMING] OOB/In-bag index reconstruction: 268.36 ms
[TIMING] Leaf weights & density precomputation: 549.39 ms
[TIMING] Transfer structures to backend: 0.02 ms
[TIMING] Total fit: 817.77 ms
[TIMING] Test leaf ID extraction: 61.20 ms
[TIMING] Proximity matrix accumulation: 4351.69 ms
[TIMING] Neighbor sorting & quantiles: 340.44 ms
[TIMING] Total compute_uq: 4754.35 ms
    [TIMING] UQ Calculation (Proximity_Baseline): 5.5747 s
[TIMING] Random Forest fit/check: 0.00 ms
[TIMING] OOB/In-bag index reconstruction: 265.71 ms
[TIMING] Leaf weights & density precomputation: 1018.49 ms
[TIMING] Transfer structures to backend: 0.02 ms
[TIMING] Total fit: 1284.22 ms
[TIMING] Test leaf ID extraction: 59.73 ms
[TIMING] Proximity matrix accumulation: 11139.14 ms
[TIMING] Neighbor sorting & quantiles: 355.58 ms
[TIMING] Total compute_uq: 11555.89 ms
    [TIMING] UQ Calculation (Proximity_Method_A): 12.8430 s
[TIMING] Random Forest fit/check: 0.01 ms
[TIMING] OOB/In-bag index reconstruction: 245.75 ms
[TIMING] Leaf weights & density precomputation: 1129.82 ms
[TIMING] Transfer structures to backend: 0.02 ms
[TIMING] Total fit: 1375.59 ms
[TIMING] Test leaf ID extraction: 60.48 ms
[TIMING] Proximity matrix accumulation: 11049.94 ms
[TIMING] Neighbor sorting & quantiles: 155.35 ms
[TIMING] Total compute_uq: 11267.74 ms
    [TIMING] UQ Calculation (Proximity_Method_B): 12.6469 s
[TIMING] Random Forest fit/check: 0.01 ms
[TIMING] OOB/In-bag index reconstruction: 258.10 ms
[TIMING] Leaf weights & density precomputation: 1010.25 ms
[TIMING] Transfer structures to backend: 0.01 ms
[TIMING] Total fit: 1268.37 ms
[TIMING] Test leaf ID extraction: 60.06 ms
[TIMING] Proximity matrix accumulation: 7231.10 ms
[TIMING] Neighbor sorting & quantiles: 181.27 ms
[TIMING] Total compute_uq: 7474.88 ms
[DEBUG DENSITY] mean walked density = 63.6056, min = 55.6639, max = 69.2954
    [TIMING] UQ Calculation (Proximity_Method_C): 8.7448 s
[TIMING] Random Forest fit/check: 0.00 ms
[TIMING] OOB/In-bag index reconstruction: 248.23 ms
[TIMING] Leaf weights & density precomputation: 650.41 ms
[TIMING] Transfer structures to backend: 0.02 ms
[TIMING] Total fit: 898.67 ms
[TIMING] Test leaf ID extraction: 59.69 ms
[TIMING] Proximity matrix accumulation: 8300.88 ms
[TIMING] Neighbor sorting & quantiles: 78.50 ms
[TIMING] Total compute_uq: 8439.53 ms
[DEBUG DENSITY] mean walked density = 63.6056, min = 55.6639, max = 69.2954
    [TIMING] UQ Calculation (Proximity_Method_B_C): 9.3468 s
    [TIMING] Metrics Calculation: 0.1341 s
    [TIMING] Total Single Evaluation: 52.3835 s

  >>> Starting: Function=exp_sum_8d, Seed=5
    [TIMING] Data Generation: 0.0100 s
    [TIMING] Random Forest Fitting: 3.0808 s
    [TIMING] RF Predicting: 0.0528 s
    [TIMING] Base Aleatoric: 0.0846 s
[TIMING] Random Forest fit/check: 0.00 ms
[TIMING] OOB/In-bag index reconstruction: 254.68 ms
[TIMING] Leaf weights & density precomputation: 588.53 ms
[TIMING] Transfer structures to backend: 0.02 ms
[TIMING] Total fit: 843.23 ms
[TIMING] Test leaf ID extraction: 61.35 ms
[TIMING] Proximity matrix accumulation: 3779.52 ms
[TIMING] Neighbor sorting & quantiles: 301.77 ms
[TIMING] Total compute_uq: 4144.21 ms
    [TIMING] UQ Calculation (Proximity_Baseline): 4.9899 s
[TIMING] Random Forest fit/check: 0.00 ms
[TIMING] OOB/In-bag index reconstruction: 247.73 ms
[TIMING] Leaf weights & density precomputation: 915.74 ms
[TIMING] Transfer structures to backend: 0.02 ms
[TIMING] Total fit: 1163.48 ms
[TIMING] Test leaf ID extraction: 60.74 ms
[TIMING] Proximity matrix accumulation: 10676.34 ms
[TIMING] Neighbor sorting & quantiles: 347.88 ms
[TIMING] Total compute_uq: 11086.29 ms
    [TIMING] UQ Calculation (Proximity_Method_A): 12.2526 s
[TIMING] Random Forest fit/check: 0.01 ms
[TIMING] OOB/In-bag index reconstruction: 258.08 ms
[TIMING] Leaf weights & density precomputation: 1179.07 ms
[TIMING] Transfer structures to backend: 0.02 ms
[TIMING] Total fit: 1437.18 ms
[TIMING] Test leaf ID extraction: 70.86 ms
[TIMING] Proximity matrix accumulation: 10953.37 ms
[TIMING] Neighbor sorting & quantiles: 148.51 ms
[TIMING] Total compute_uq: 11173.13 ms
    [TIMING] UQ Calculation (Proximity_Method_B): 12.6140 s
[TIMING] Random Forest fit/check: 0.00 ms
[TIMING] OOB/In-bag index reconstruction: 247.81 ms
[TIMING] Leaf weights & density precomputation: 1025.74 ms
[TIMING] Transfer structures to backend: 0.01 ms
[TIMING] Total fit: 1273.57 ms
[TIMING] Test leaf ID extraction: 60.66 ms
[TIMING] Proximity matrix accumulation: 13902.16 ms
[TIMING] Neighbor sorting & quantiles: 355.08 ms
[TIMING] Total compute_uq: 14319.67 ms
[DEBUG DENSITY] mean walked density = 64.1203, min = 60.0379, max = 70.8456
    [TIMING] UQ Calculation (Proximity_Method_C): 15.6043 s
[TIMING] Random Forest fit/check: 0.01 ms
[TIMING] OOB/In-bag index reconstruction: 260.15 ms
[TIMING] Leaf weights & density precomputation: 1106.02 ms
[TIMING] Transfer structures to backend: 0.01 ms
[TIMING] Total fit: 1366.19 ms
[TIMING] Test leaf ID extraction: 70.60 ms
[TIMING] Proximity matrix accumulation: 13767.34 ms
[TIMING] Neighbor sorting & quantiles: 155.78 ms
[TIMING] Total compute_uq: 13996.01 ms
[DEBUG DENSITY] mean walked density = 64.1203, min = 60.0379, max = 70.8456
    [TIMING] UQ Calculation (Proximity_Method_B_C): 15.3733 s
    [TIMING] Metrics Calculation: 0.1241 s
    [TIMING] Total Single Evaluation: 64.1873 s

  >>> Starting: Function=sin_cos_9d, Seed=5
    [TIMING] Data Generation: 0.0150 s
    [TIMING] Random Forest Fitting: 5.0127 s
    [TIMING] RF Predicting: 0.0627 s
    [TIMING] Base Aleatoric: 0.0869 s
[TIMING] Random Forest fit/check: 0.00 ms
[TIMING] OOB/In-bag index reconstruction: 343.81 ms
[TIMING] Leaf weights & density precomputation: 96.80 ms
[TIMING] Transfer structures to backend: 0.02 ms
[TIMING] Total fit: 440.63 ms
[TIMING] Test leaf ID extraction: 69.30 ms
[TIMING] Proximity matrix accumulation: 2525.72 ms
[TIMING] Neighbor sorting & quantiles: 209.90 ms
[TIMING] Total compute_uq: 2805.30 ms
    [TIMING] UQ Calculation (Proximity_Baseline): 3.2461 s
[TIMING] Random Forest fit/check: 0.00 ms
[TIMING] OOB/In-bag index reconstruction: 331.33 ms
[TIMING] Leaf weights & density precomputation: 792.63 ms
[TIMING] Transfer structures to backend: 0.02 ms
[TIMING] Total fit: 1123.97 ms
[TIMING] Test leaf ID extraction: 68.49 ms
[TIMING] Proximity matrix accumulation: 9525.55 ms
[TIMING] Neighbor sorting & quantiles: 322.76 ms
[TIMING] Total compute_uq: 9917.19 ms
    [TIMING] UQ Calculation (Proximity_Method_A): 11.0437 s
[TIMING] Random Forest fit/check: 0.00 ms
[TIMING] OOB/In-bag index reconstruction: 331.42 ms
[TIMING] Leaf weights & density precomputation: 963.62 ms
[TIMING] Transfer structures to backend: 0.04 ms
[TIMING] Total fit: 1295.08 ms
[TIMING] Test leaf ID extraction: 80.40 ms
[TIMING] Proximity matrix accumulation: 12018.15 ms
[TIMING] Neighbor sorting & quantiles: 144.93 ms
[TIMING] Total compute_uq: 12243.89 ms
    [TIMING] UQ Calculation (Proximity_Method_B): 13.5405 s
[TIMING] Random Forest fit/check: 0.01 ms
[TIMING] OOB/In-bag index reconstruction: 331.96 ms
[TIMING] Leaf weights & density precomputation: 965.69 ms
[TIMING] Transfer structures to backend: 0.01 ms
[TIMING] Total fit: 1297.67 ms
[TIMING] Test leaf ID extraction: 69.02 ms
[TIMING] Proximity matrix accumulation: 17075.72 ms
[TIMING] Neighbor sorting & quantiles: 436.83 ms
[TIMING] Total compute_uq: 17583.96 ms
[DEBUG DENSITY] mean walked density = 64.2647, min = 59.3911, max = 67.5950
    [TIMING] UQ Calculation (Proximity_Method_C): 18.8928 s
[TIMING] Random Forest fit/check: 0.01 ms
[TIMING] OOB/In-bag index reconstruction: 344.21 ms
[TIMING] Leaf weights & density precomputation: 1074.92 ms
[TIMING] Transfer structures to backend: 0.01 ms
[TIMING] Total fit: 1419.15 ms
[TIMING] Test leaf ID extraction: 68.87 ms
[TIMING] Proximity matrix accumulation: 17453.56 ms
[TIMING] Neighbor sorting & quantiles: 172.57 ms
[TIMING] Total compute_uq: 17696.98 ms
[DEBUG DENSITY] mean walked density = 64.2647, min = 59.3911, max = 67.5950
    [TIMING] UQ Calculation (Proximity_Method_B_C): 19.1272 s
    [TIMING] Metrics Calculation: 0.1484 s
    [TIMING] Total Single Evaluation: 71.1768 s

  >>> Starting: Function=quadratic_9d, Seed=5
    [TIMING] Data Generation: 0.0125 s
    [TIMING] Random Forest Fitting: 3.6612 s
    [TIMING] RF Predicting: 0.0533 s
    [TIMING] Base Aleatoric: 0.0878 s
[TIMING] Random Forest fit/check: 0.00 ms
[TIMING] OOB/In-bag index reconstruction: 330.05 ms
[TIMING] Leaf weights & density precomputation: 483.25 ms
[TIMING] Transfer structures to backend: 0.02 ms
[TIMING] Total fit: 813.32 ms
[TIMING] Test leaf ID extraction: 59.09 ms
[TIMING] Proximity matrix accumulation: 5706.77 ms
[TIMING] Neighbor sorting & quantiles: 473.87 ms
[TIMING] Total compute_uq: 6240.59 ms
    [TIMING] UQ Calculation (Proximity_Baseline): 7.0565 s
[TIMING] Random Forest fit/check: 0.00 ms
[TIMING] OOB/In-bag index reconstruction: 327.86 ms
[TIMING] Leaf weights & density precomputation: 1113.69 ms
[TIMING] Transfer structures to backend: 0.02 ms
[TIMING] Total fit: 1441.58 ms
[TIMING] Test leaf ID extraction: 59.27 ms
[TIMING] Proximity matrix accumulation: 9618.11 ms
[TIMING] Neighbor sorting & quantiles: 312.48 ms
[TIMING] Total compute_uq: 9991.69 ms
    [TIMING] UQ Calculation (Proximity_Method_A): 11.4339 s
[TIMING] Random Forest fit/check: 0.01 ms
[TIMING] OOB/In-bag index reconstruction: 665.27 ms
[TIMING] Leaf weights & density precomputation: 1068.48 ms
[TIMING] Transfer structures to backend: 0.02 ms
[TIMING] Total fit: 1733.78 ms
[TIMING] Test leaf ID extraction: 259.11 ms
[TIMING] Proximity matrix accumulation: 6329.98 ms
[TIMING] Neighbor sorting & quantiles: 54.25 ms
[TIMING] Total compute_uq: 6644.07 ms
    [TIMING] UQ Calculation (Proximity_Method_B): 8.3801 s
[TIMING] Random Forest fit/check: 0.00 ms
[TIMING] OOB/In-bag index reconstruction: 693.52 ms
[TIMING] Leaf weights & density precomputation: 790.84 ms
[TIMING] Transfer structures to backend: 0.01 ms
[TIMING] Total fit: 1484.37 ms
[TIMING] Test leaf ID extraction: 58.01 ms
[TIMING] Proximity matrix accumulation: 7802.50 ms
[TIMING] Neighbor sorting & quantiles: 207.12 ms
[TIMING] Total compute_uq: 8068.12 ms
[DEBUG DENSITY] mean walked density = 63.8872, min = 57.0906, max = 68.3212
    [TIMING] UQ Calculation (Proximity_Method_C): 9.5540 s
[TIMING] Random Forest fit/check: 0.01 ms
[TIMING] OOB/In-bag index reconstruction: 340.24 ms
[TIMING] Leaf weights & density precomputation: 725.43 ms
[TIMING] Transfer structures to backend: 0.01 ms
[TIMING] Total fit: 1065.69 ms
[TIMING] Test leaf ID extraction: 69.70 ms
[TIMING] Proximity matrix accumulation: 11751.13 ms
[TIMING] Neighbor sorting & quantiles: 104.87 ms
[TIMING] Total compute_uq: 11926.20 ms
[DEBUG DENSITY] mean walked density = 63.8872, min = 57.0906, max = 68.3212
    [TIMING] UQ Calculation (Proximity_Method_B_C): 13.0016 s
    [TIMING] Metrics Calculation: 0.1530 s
    [TIMING] Total Single Evaluation: 53.3946 s

  >>> Starting: Function=multi_modal_9d, Seed=5
    [TIMING] Data Generation: 0.0164 s
    [TIMING] Random Forest Fitting: 4.5551 s
    [TIMING] RF Predicting: 0.0636 s
    [TIMING] Base Aleatoric: 0.0977 s
[TIMING] Random Forest fit/check: 0.00 ms
[TIMING] OOB/In-bag index reconstruction: 333.46 ms
[TIMING] Leaf weights & density precomputation: 590.85 ms
[TIMING] Transfer structures to backend: 0.02 ms
[TIMING] Total fit: 924.33 ms
[TIMING] Test leaf ID extraction: 68.31 ms
[TIMING] Proximity matrix accumulation: 4850.99 ms
[TIMING] Neighbor sorting & quantiles: 399.67 ms
[TIMING] Total compute_uq: 5320.41 ms
    [TIMING] UQ Calculation (Proximity_Baseline): 6.2474 s
[TIMING] Random Forest fit/check: 0.00 ms
[TIMING] OOB/In-bag index reconstruction: 329.91 ms
[TIMING] Leaf weights & density precomputation: 1239.72 ms
[TIMING] Transfer structures to backend: 0.01 ms
[TIMING] Total fit: 1569.65 ms
[TIMING] Test leaf ID extraction: 68.90 ms
[TIMING] Proximity matrix accumulation: 13912.28 ms
[TIMING] Neighbor sorting & quantiles: 458.49 ms
[TIMING] Total compute_uq: 14441.61 ms
    [TIMING] UQ Calculation (Proximity_Method_A): 16.0141 s
[TIMING] Random Forest fit/check: 0.00 ms
[TIMING] OOB/In-bag index reconstruction: 330.87 ms
[TIMING] Leaf weights & density precomputation: 1078.70 ms
[TIMING] Transfer structures to backend: 0.04 ms
[TIMING] Total fit: 1409.61 ms
[TIMING] Test leaf ID extraction: 69.65 ms
[TIMING] Proximity matrix accumulation: 13642.04 ms
[TIMING] Neighbor sorting & quantiles: 203.52 ms
[TIMING] Total compute_uq: 13916.17 ms
    [TIMING] UQ Calculation (Proximity_Method_B): 15.3296 s
[TIMING] Random Forest fit/check: 0.01 ms
[TIMING] OOB/In-bag index reconstruction: 333.27 ms
[TIMING] Leaf weights & density precomputation: 1190.87 ms
[TIMING] Transfer structures to backend: 0.02 ms
[TIMING] Total fit: 1524.16 ms
[TIMING] Test leaf ID extraction: 70.89 ms
[TIMING] Proximity matrix accumulation: 17409.56 ms
[TIMING] Neighbor sorting & quantiles: 473.99 ms
[TIMING] Total compute_uq: 17956.28 ms
[DEBUG DENSITY] mean walked density = 64.7215, min = 58.9746, max = 68.5517
    [TIMING] UQ Calculation (Proximity_Method_C): 19.4918 s
[TIMING] Random Forest fit/check: 0.01 ms
[TIMING] OOB/In-bag index reconstruction: 322.65 ms
[TIMING] Leaf weights & density precomputation: 1086.26 ms
[TIMING] Transfer structures to backend: 0.03 ms
[TIMING] Total fit: 1408.94 ms
[TIMING] Test leaf ID extraction: 68.04 ms
[TIMING] Proximity matrix accumulation: 13059.29 ms
[TIMING] Neighbor sorting & quantiles: 142.90 ms
[TIMING] Total compute_uq: 13272.37 ms
[DEBUG DENSITY] mean walked density = 64.7215, min = 58.9746, max = 68.5517
    [TIMING] UQ Calculation (Proximity_Method_B_C): 14.6837 s
    [TIMING] Metrics Calculation: 0.3907 s
    [TIMING] Total Single Evaluation: 76.8910 s

  >>> Starting: Function=sin_cos_10d, Seed=5
    [TIMING] Data Generation: 0.0245 s
    [TIMING] Random Forest Fitting: 6.5322 s
    [TIMING] RF Predicting: 0.0731 s
    [TIMING] Base Aleatoric: 0.0987 s
[TIMING] Random Forest fit/check: 0.00 ms
[TIMING] OOB/In-bag index reconstruction: 342.49 ms
[TIMING] Leaf weights & density precomputation: 102.41 ms
[TIMING] Transfer structures to backend: 0.02 ms
[TIMING] Total fit: 444.92 ms
[TIMING] Test leaf ID extraction: 78.58 ms
[TIMING] Proximity matrix accumulation: 3128.38 ms
[TIMING] Neighbor sorting & quantiles: 258.30 ms
[TIMING] Total compute_uq: 3465.71 ms
    [TIMING] UQ Calculation (Proximity_Baseline): 3.9108 s
[TIMING] Random Forest fit/check: 0.00 ms
[TIMING] OOB/In-bag index reconstruction: 344.48 ms
[TIMING] Leaf weights & density precomputation: 886.48 ms
[TIMING] Transfer structures to backend: 0.01 ms
[TIMING] Total fit: 1230.98 ms
[TIMING] Test leaf ID extraction: 79.75 ms
[TIMING] Proximity matrix accumulation: 11070.98 ms
[TIMING] Neighbor sorting & quantiles: 370.98 ms
[TIMING] Total compute_uq: 11522.15 ms
    [TIMING] UQ Calculation (Proximity_Method_A): 12.7538 s
[TIMING] Random Forest fit/check: 0.00 ms
[TIMING] OOB/In-bag index reconstruction: 383.62 ms
[TIMING] Leaf weights & density precomputation: 1082.21 ms
[TIMING] Transfer structures to backend: 0.01 ms
[TIMING] Total fit: 1465.85 ms
[TIMING] Test leaf ID extraction: 78.99 ms
[TIMING] Proximity matrix accumulation: 14820.35 ms
[TIMING] Neighbor sorting & quantiles: 162.56 ms
[TIMING] Total compute_uq: 15063.73 ms
    [TIMING] UQ Calculation (Proximity_Method_B): 16.5310 s
[TIMING] Random Forest fit/check: 0.01 ms
[TIMING] OOB/In-bag index reconstruction: 344.73 ms
[TIMING] Leaf weights & density precomputation: 1055.28 ms
[TIMING] Transfer structures to backend: 0.02 ms
[TIMING] Total fit: 1400.04 ms
[TIMING] Test leaf ID extraction: 78.33 ms
[TIMING] Proximity matrix accumulation: 20947.48 ms
[TIMING] Neighbor sorting & quantiles: 596.68 ms
[TIMING] Total compute_uq: 21624.02 ms
[DEBUG DENSITY] mean walked density = 64.6168, min = 61.0116, max = 67.9713
    [TIMING] UQ Calculation (Proximity_Method_C): 23.0353 s
[TIMING] Random Forest fit/check: 0.01 ms
[TIMING] OOB/In-bag index reconstruction: 344.03 ms
[TIMING] Leaf weights & density precomputation: 1198.68 ms
[TIMING] Transfer structures to backend: 0.02 ms
[TIMING] Total fit: 1542.73 ms
[TIMING] Test leaf ID extraction: 69.07 ms
[TIMING] Proximity matrix accumulation: 21518.71 ms
[TIMING] Neighbor sorting & quantiles: 204.25 ms
[TIMING] Total compute_uq: 21793.74 ms
[DEBUG DENSITY] mean walked density = 64.6168, min = 61.0116, max = 67.9713
    [TIMING] UQ Calculation (Proximity_Method_B_C): 23.3477 s
    [TIMING] Metrics Calculation: 0.1699 s
    [TIMING] Total Single Evaluation: 86.4779 s

  >>> Starting: Function=quadratic_10d, Seed=5
    [TIMING] Data Generation: 0.0155 s
    [TIMING] Random Forest Fitting: 4.3930 s
    [TIMING] RF Predicting: 0.0635 s
    [TIMING] Base Aleatoric: 0.1004 s
[TIMING] Random Forest fit/check: 0.00 ms
[TIMING] OOB/In-bag index reconstruction: 344.82 ms
[TIMING] Leaf weights & density precomputation: 260.47 ms
[TIMING] Transfer structures to backend: 0.02 ms
[TIMING] Total fit: 605.31 ms
[TIMING] Test leaf ID extraction: 70.29 ms
[TIMING] Proximity matrix accumulation: 7065.17 ms
[TIMING] Neighbor sorting & quantiles: 598.79 ms
[TIMING] Total compute_uq: 7736.65 ms
    [TIMING] UQ Calculation (Proximity_Baseline): 8.3446 s
[TIMING] Random Forest fit/check: 0.00 ms
[TIMING] OOB/In-bag index reconstruction: 331.90 ms
[TIMING] Leaf weights & density precomputation: 1159.98 ms
[TIMING] Transfer structures to backend: 0.04 ms
[TIMING] Total fit: 1491.93 ms
[TIMING] Test leaf ID extraction: 70.95 ms
[TIMING] Proximity matrix accumulation: 11327.09 ms
[TIMING] Neighbor sorting & quantiles: 364.22 ms
[TIMING] Total compute_uq: 11764.86 ms
    [TIMING] UQ Calculation (Proximity_Method_A): 13.2598 s
[TIMING] Random Forest fit/check: 0.00 ms
[TIMING] OOB/In-bag index reconstruction: 346.23 ms
[TIMING] Leaf weights & density precomputation: 1188.75 ms
[TIMING] Transfer structures to backend: 0.02 ms
[TIMING] Total fit: 1535.00 ms
[TIMING] Test leaf ID extraction: 70.08 ms
[TIMING] Proximity matrix accumulation: 13906.79 ms
[TIMING] Neighbor sorting & quantiles: 150.08 ms
[TIMING] Total compute_uq: 14127.51 ms
    [TIMING] UQ Calculation (Proximity_Method_B): 15.6640 s
[TIMING] Random Forest fit/check: 0.01 ms
[TIMING] OOB/In-bag index reconstruction: 401.43 ms
[TIMING] Leaf weights & density precomputation: 1047.90 ms
[TIMING] Transfer structures to backend: 0.02 ms
[TIMING] Total fit: 1449.36 ms
[TIMING] Test leaf ID extraction: 69.47 ms
[TIMING] Proximity matrix accumulation: 17485.89 ms
[TIMING] Neighbor sorting & quantiles: 493.91 ms
[TIMING] Total compute_uq: 18049.98 ms
[DEBUG DENSITY] mean walked density = 63.6950, min = 57.7206, max = 70.2123
    [TIMING] UQ Calculation (Proximity_Method_C): 19.5012 s
[TIMING] Random Forest fit/check: 0.01 ms
[TIMING] OOB/In-bag index reconstruction: 345.41 ms
[TIMING] Leaf weights & density precomputation: 1249.90 ms
[TIMING] Transfer structures to backend: 0.02 ms
[TIMING] Total fit: 1595.33 ms
[TIMING] Test leaf ID extraction: 70.55 ms
[TIMING] Proximity matrix accumulation: 17693.05 ms
[TIMING] Neighbor sorting & quantiles: 157.68 ms
[TIMING] Total compute_uq: 17924.23 ms
[DEBUG DENSITY] mean walked density = 63.6950, min = 57.7206, max = 70.2123
    [TIMING] UQ Calculation (Proximity_Method_B_C): 19.5293 s
    [TIMING] Metrics Calculation: 0.2315 s
    [TIMING] Total Single Evaluation: 81.1034 s

  >>> Starting: Function=friedman_10d, Seed=5
    [TIMING] Data Generation: 0.0227 s
    [TIMING] Random Forest Fitting: 3.7730 s
    [TIMING] RF Predicting: 0.0627 s
    [TIMING] Base Aleatoric: 0.1291 s
[TIMING] Random Forest fit/check: 0.00 ms
[TIMING] OOB/In-bag index reconstruction: 370.27 ms
[TIMING] Leaf weights & density precomputation: 116.04 ms
[TIMING] Transfer structures to backend: 0.02 ms
[TIMING] Total fit: 486.34 ms
[TIMING] Test leaf ID extraction: 80.80 ms
[TIMING] Proximity matrix accumulation: 5990.86 ms
[TIMING] Neighbor sorting & quantiles: 495.82 ms
[TIMING] Total compute_uq: 6567.99 ms
    [TIMING] UQ Calculation (Proximity_Baseline): 7.0546 s
[TIMING] Random Forest fit/check: 0.00 ms
[TIMING] OOB/In-bag index reconstruction: 343.73 ms
[TIMING] Leaf weights & density precomputation: 1258.49 ms
[TIMING] Transfer structures to backend: 0.02 ms
[TIMING] Total fit: 1602.24 ms
[TIMING] Test leaf ID extraction: 79.37 ms
[TIMING] Proximity matrix accumulation: 14577.58 ms
[TIMING] Neighbor sorting & quantiles: 490.96 ms
[TIMING] Total compute_uq: 15148.96 ms
    [TIMING] UQ Calculation (Proximity_Method_A): 16.7517 s
[TIMING] Random Forest fit/check: 0.01 ms
[TIMING] OOB/In-bag index reconstruction: 366.02 ms
[TIMING] Leaf weights & density precomputation: 990.32 ms
[TIMING] Transfer structures to backend: 0.02 ms
[TIMING] Total fit: 1356.36 ms
[TIMING] Test leaf ID extraction: 69.68 ms
[TIMING] Proximity matrix accumulation: 16412.15 ms
[TIMING] Neighbor sorting & quantiles: 186.47 ms
[TIMING] Total compute_uq: 16668.98 ms
    [TIMING] UQ Calculation (Proximity_Method_B): 18.0294 s
[TIMING] Random Forest fit/check: 0.01 ms
[TIMING] OOB/In-bag index reconstruction: 345.02 ms
[TIMING] Leaf weights & density precomputation: 1065.99 ms
[TIMING] Transfer structures to backend: 0.02 ms
[TIMING] Total fit: 1411.03 ms
[TIMING] Test leaf ID extraction: 80.66 ms
[TIMING] Proximity matrix accumulation: 19382.68 ms
[TIMING] Neighbor sorting & quantiles: 555.75 ms
[TIMING] Total compute_uq: 20019.65 ms
[DEBUG DENSITY] mean walked density = 64.3810, min = 55.8411, max = 70.1554
    [TIMING] UQ Calculation (Proximity_Method_C): 21.4418 s
[TIMING] Random Forest fit/check: 0.03 ms
[TIMING] OOB/In-bag index reconstruction: 346.45 ms
[TIMING] Leaf weights & density precomputation: 736.44 ms
[TIMING] Transfer structures to backend: 0.02 ms
[TIMING] Total fit: 1082.94 ms
[TIMING] Test leaf ID extraction: 79.42 ms
[TIMING] Proximity matrix accumulation: 19786.45 ms
[TIMING] Neighbor sorting & quantiles: 170.33 ms
[TIMING] Total compute_uq: 20036.68 ms
[DEBUG DENSITY] mean walked density = 64.3810, min = 55.8411, max = 70.1554
    [TIMING] UQ Calculation (Proximity_Method_B_C): 21.1309 s
    [TIMING] Metrics Calculation: 0.1700 s
    [TIMING] Total Single Evaluation: 88.5665 s

  >>> Starting: Function=sin_cos_11d, Seed=5
    [TIMING] Data Generation: 0.0226 s
    [TIMING] Random Forest Fitting: 6.6921 s
    [TIMING] RF Predicting: 0.0741 s
    [TIMING] Base Aleatoric: 0.1020 s
[TIMING] Random Forest fit/check: 0.00 ms
[TIMING] OOB/In-bag index reconstruction: 342.55 ms
[TIMING] Leaf weights & density precomputation: 665.30 ms
[TIMING] Transfer structures to backend: 0.02 ms
[TIMING] Total fit: 1007.87 ms
[TIMING] Test leaf ID extraction: 80.30 ms
[TIMING] Proximity matrix accumulation: 7070.34 ms
[TIMING] Neighbor sorting & quantiles: 573.76 ms
[TIMING] Total compute_uq: 7725.06 ms
    [TIMING] UQ Calculation (Proximity_Baseline): 8.7354 s
[TIMING] Random Forest fit/check: 0.00 ms
[TIMING] OOB/In-bag index reconstruction: 342.32 ms
[TIMING] Leaf weights & density precomputation: 1097.83 ms
[TIMING] Transfer structures to backend: 0.02 ms
[TIMING] Total fit: 1440.17 ms
[TIMING] Test leaf ID extraction: 79.36 ms
[TIMING] Proximity matrix accumulation: 18573.36 ms
[TIMING] Neighbor sorting & quantiles: 592.20 ms
[TIMING] Total compute_uq: 19245.45 ms
    [TIMING] UQ Calculation (Proximity_Method_A): 20.6884 s
[TIMING] Random Forest fit/check: 0.01 ms
[TIMING] OOB/In-bag index reconstruction: 357.32 ms
[TIMING] Leaf weights & density precomputation: 1109.60 ms
[TIMING] Transfer structures to backend: 0.02 ms
[TIMING] Total fit: 1466.94 ms
[TIMING] Test leaf ID extraction: 79.40 ms
[TIMING] Proximity matrix accumulation: 20359.27 ms
[TIMING] Neighbor sorting & quantiles: 217.57 ms
[TIMING] Total compute_uq: 20657.82 ms
    [TIMING] UQ Calculation (Proximity_Method_B): 22.1285 s
[TIMING] Random Forest fit/check: 0.01 ms
[TIMING] OOB/In-bag index reconstruction: 354.46 ms
[TIMING] Leaf weights & density precomputation: 912.05 ms
[TIMING] Transfer structures to backend: 0.01 ms
[TIMING] Total fit: 1266.54 ms
[TIMING] Test leaf ID extraction: 89.46 ms
[TIMING] Proximity matrix accumulation: 23783.63 ms
[TIMING] Neighbor sorting & quantiles: 627.48 ms
[TIMING] Total compute_uq: 24501.11 ms
[DEBUG DENSITY] mean walked density = 64.5822, min = 61.2519, max = 68.3983
    [TIMING] UQ Calculation (Proximity_Method_C): 25.7788 s
[TIMING] Random Forest fit/check: 0.01 ms
[TIMING] OOB/In-bag index reconstruction: 354.78 ms
[TIMING] Leaf weights & density precomputation: 1252.71 ms
[TIMING] Transfer structures to backend: 0.02 ms
[TIMING] Total fit: 1607.52 ms
[TIMING] Test leaf ID extraction: 90.06 ms
[TIMING] Proximity matrix accumulation: 22919.43 ms
[TIMING] Neighbor sorting & quantiles: 193.16 ms
[TIMING] Total compute_uq: 23204.33 ms
[DEBUG DENSITY] mean walked density = 64.5822, min = 61.2519, max = 68.3983
    [TIMING] UQ Calculation (Proximity_Method_B_C): 24.8231 s
    [TIMING] Metrics Calculation: 0.2465 s
    [TIMING] Total Single Evaluation: 109.2923 s

  >>> Starting: Function=sin_cos_12d, Seed=5
    [TIMING] Data Generation: 0.0379 s
    [TIMING] Random Forest Fitting: 8.7364 s
    [TIMING] RF Predicting: 0.0837 s
    [TIMING] Base Aleatoric: 0.1155 s
[TIMING] Random Forest fit/check: 0.00 ms
[TIMING] OOB/In-bag index reconstruction: 350.72 ms
[TIMING] Leaf weights & density precomputation: 254.11 ms
[TIMING] Transfer structures to backend: 0.02 ms
[TIMING] Total fit: 604.85 ms
[TIMING] Test leaf ID extraction: 91.59 ms
[TIMING] Proximity matrix accumulation: 10207.44 ms
[TIMING] Neighbor sorting & quantiles: 806.47 ms
[TIMING] Total compute_uq: 11108.03 ms
    [TIMING] UQ Calculation (Proximity_Baseline): 11.7156 s
[TIMING] Random Forest fit/check: 0.00 ms
[TIMING] OOB/In-bag index reconstruction: 353.21 ms
[TIMING] Leaf weights & density precomputation: 1369.87 ms
[TIMING] Transfer structures to backend: 0.02 ms
[TIMING] Total fit: 1723.09 ms
[TIMING] Test leaf ID extraction: 90.53 ms
[TIMING] Proximity matrix accumulation: 21201.76 ms
[TIMING] Neighbor sorting & quantiles: 702.83 ms
[TIMING] Total compute_uq: 21996.47 ms
    [TIMING] UQ Calculation (Proximity_Method_A): 23.7224 s
[TIMING] Random Forest fit/check: 0.01 ms
[TIMING] OOB/In-bag index reconstruction: 365.31 ms
[TIMING] Leaf weights & density precomputation: 1281.40 ms
[TIMING] Transfer structures to backend: 0.01 ms
[TIMING] Total fit: 1646.74 ms
[TIMING] Test leaf ID extraction: 91.47 ms
[TIMING] Proximity matrix accumulation: 22585.45 ms
[TIMING] Neighbor sorting & quantiles: 224.03 ms
[TIMING] Total compute_uq: 22903.32 ms
    [TIMING] UQ Calculation (Proximity_Method_B): 24.5537 s
[TIMING] Random Forest fit/check: 0.02 ms
[TIMING] OOB/In-bag index reconstruction: 368.35 ms
[TIMING] Leaf weights & density precomputation: 1209.07 ms
[TIMING] Transfer structures to backend: 0.04 ms
[TIMING] Total fit: 1577.47 ms
[TIMING] Test leaf ID extraction: 103.09 ms
[TIMING] Proximity matrix accumulation: 28468.86 ms
[TIMING] Neighbor sorting & quantiles: 776.13 ms
[TIMING] Total compute_uq: 29350.62 ms
[DEBUG DENSITY] mean walked density = 64.5253, min = 61.3816, max = 67.7952
    [TIMING] UQ Calculation (Proximity_Method_C): 30.9301 s
[TIMING] Random Forest fit/check: 0.01 ms
[TIMING] OOB/In-bag index reconstruction: 356.85 ms
[TIMING] Leaf weights & density precomputation: 991.68 ms
[TIMING] Transfer structures to backend: 0.02 ms
[TIMING] Total fit: 1348.56 ms
[TIMING] Test leaf ID extraction: 92.01 ms
[TIMING] Proximity matrix accumulation: 28495.79 ms
[TIMING] Neighbor sorting & quantiles: 235.99 ms
[TIMING] Total compute_uq: 28824.38 ms
[DEBUG DENSITY] mean walked density = 64.5253, min = 61.3816, max = 67.7952
    [TIMING] UQ Calculation (Proximity_Method_B_C): 30.1843 s
    [TIMING] Metrics Calculation: 0.2857 s
    [TIMING] Total Single Evaluation: 130.3662 s

  >>> Starting: Function=sin_cos_13d, Seed=5
    [TIMING] Data Generation: 0.0437 s
    [TIMING] Random Forest Fitting: 10.8140 s
    [TIMING] RF Predicting: 0.0937 s
    [TIMING] Base Aleatoric: 0.1209 s
[TIMING] Random Forest fit/check: 0.00 ms
[TIMING] OOB/In-bag index reconstruction: 371.35 ms
[TIMING] Leaf weights & density precomputation: 613.47 ms
[TIMING] Transfer structures to backend: 0.03 ms
[TIMING] Total fit: 984.85 ms
[TIMING] Test leaf ID extraction: 104.52 ms
[TIMING] Proximity matrix accumulation: 11771.73 ms
[TIMING] Neighbor sorting & quantiles: 992.37 ms
[TIMING] Total compute_uq: 12869.22 ms
    [TIMING] UQ Calculation (Proximity_Baseline): 13.8568 s
[TIMING] Random Forest fit/check: 0.00 ms
[TIMING] OOB/In-bag index reconstruction: 805.15 ms
[TIMING] Leaf weights & density precomputation: 1778.37 ms
[TIMING] Transfer structures to backend: 0.02 ms
[TIMING] Total fit: 2583.54 ms
[TIMING] Test leaf ID extraction: 415.00 ms
[TIMING] Proximity matrix accumulation: 24825.86 ms
[TIMING] Neighbor sorting & quantiles: 841.01 ms
[TIMING] Total compute_uq: 26083.40 ms
    [TIMING] UQ Calculation (Proximity_Method_A): 28.6700 s
[TIMING] Random Forest fit/check: 0.01 ms
[TIMING] OOB/In-bag index reconstruction: 353.27 ms
[TIMING] Leaf weights & density precomputation: 1438.63 ms
[TIMING] Transfer structures to backend: 0.02 ms
[TIMING] Total fit: 1791.93 ms
[TIMING] Test leaf ID extraction: 102.35 ms
[TIMING] Proximity matrix accumulation: 26482.95 ms
[TIMING] Neighbor sorting & quantiles: 248.80 ms
[TIMING] Total compute_uq: 26836.35 ms
    [TIMING] UQ Calculation (Proximity_Method_B): 28.6296 s
[TIMING] Random Forest fit/check: 0.01 ms
[TIMING] OOB/In-bag index reconstruction: 506.14 ms
[TIMING] Leaf weights & density precomputation: 1312.73 ms
[TIMING] Transfer structures to backend: 0.09 ms
[TIMING] Total fit: 1818.97 ms
[TIMING] Test leaf ID extraction: 102.82 ms
[TIMING] Proximity matrix accumulation: 33881.55 ms
[TIMING] Neighbor sorting & quantiles: 945.37 ms
[TIMING] Total compute_uq: 34932.35 ms
[DEBUG DENSITY] mean walked density = 64.4484, min = 61.0482, max = 67.8184
    [TIMING] UQ Calculation (Proximity_Method_C): 36.7629 s
[TIMING] Random Forest fit/check: 0.01 ms
[TIMING] OOB/In-bag index reconstruction: 377.68 ms
[TIMING] Leaf weights & density precomputation: 1405.52 ms
[TIMING] Transfer structures to backend: 0.02 ms
[TIMING] Total fit: 1783.23 ms
[TIMING] Test leaf ID extraction: 102.56 ms
[TIMING] Proximity matrix accumulation: 25812.79 ms
[TIMING] Neighbor sorting & quantiles: 244.58 ms
[TIMING] Total compute_uq: 26160.49 ms
[DEBUG DENSITY] mean walked density = 64.4484, min = 61.0482, max = 67.8184
    [TIMING] UQ Calculation (Proximity_Method_B_C): 27.9517 s
    [TIMING] Metrics Calculation: 7.4187 s
    [TIMING] Total Single Evaluation: 154.3628 s

  >>> Starting: Function=sin_cos_14d, Seed=5
    [TIMING] Data Generation: 0.0484 s
    [TIMING] Random Forest Fitting: 13.0159 s
    [TIMING] RF Predicting: 0.0937 s
    [TIMING] Base Aleatoric: 0.1395 s
[TIMING] Random Forest fit/check: 0.00 ms
[TIMING] OOB/In-bag index reconstruction: 379.18 ms
[TIMING] Leaf weights & density precomputation: 613.60 ms
[TIMING] Transfer structures to backend: 0.02 ms
[TIMING] Total fit: 992.80 ms
[TIMING] Test leaf ID extraction: 104.72 ms
[TIMING] Proximity matrix accumulation: 12428.08 ms
[TIMING] Neighbor sorting & quantiles: 1001.98 ms
[TIMING] Total compute_uq: 13536.92 ms
    [TIMING] UQ Calculation (Proximity_Baseline): 14.5327 s
[TIMING] Random Forest fit/check: 0.03 ms
[TIMING] OOB/In-bag index reconstruction: 377.64 ms
[TIMING] Leaf weights & density precomputation: 1518.45 ms
[TIMING] Transfer structures to backend: 0.01 ms
[TIMING] Total fit: 1896.14 ms
[TIMING] Test leaf ID extraction: 113.82 ms
[TIMING] Proximity matrix accumulation: 29427.98 ms
[TIMING] Neighbor sorting & quantiles: 951.64 ms
[TIMING] Total compute_uq: 30494.03 ms
    [TIMING] UQ Calculation (Proximity_Method_A): 32.3911 s
[TIMING] Random Forest fit/check: 0.01 ms
[TIMING] OOB/In-bag index reconstruction: 381.12 ms
[TIMING] Leaf weights & density precomputation: 1436.19 ms
[TIMING] Transfer structures to backend: 0.01 ms
[TIMING] Total fit: 1817.33 ms
[TIMING] Test leaf ID extraction: 113.91 ms
[TIMING] Proximity matrix accumulation: 31230.37 ms
[TIMING] Neighbor sorting & quantiles: 279.50 ms
[TIMING] Total compute_uq: 31625.41 ms
    [TIMING] UQ Calculation (Proximity_Method_B): 33.4467 s
[TIMING] Random Forest fit/check: 0.01 ms
[TIMING] OOB/In-bag index reconstruction: 371.79 ms
[TIMING] Leaf weights & density precomputation: 1505.38 ms
[TIMING] Transfer structures to backend: 0.02 ms
[TIMING] Total fit: 1877.20 ms
[TIMING] Test leaf ID extraction: 102.90 ms
[TIMING] Proximity matrix accumulation: 34601.68 ms
[TIMING] Neighbor sorting & quantiles: 894.47 ms
[TIMING] Total compute_uq: 35600.50 ms
[DEBUG DENSITY] mean walked density = 64.4647, min = 61.0815, max = 68.0350
    [TIMING] UQ Calculation (Proximity_Method_C): 37.4809 s
[TIMING] Random Forest fit/check: 0.00 ms
[TIMING] OOB/In-bag index reconstruction: 766.22 ms
[TIMING] Leaf weights & density precomputation: 2855.31 ms
[TIMING] Transfer structures to backend: 0.02 ms
[TIMING] Total fit: 3621.55 ms
[TIMING] Test leaf ID extraction: 452.69 ms
[TIMING] Proximity matrix accumulation: 38233.98 ms
[TIMING] Neighbor sorting & quantiles: 271.88 ms
[TIMING] Total compute_uq: 38961.04 ms
[DEBUG DENSITY] mean walked density = 64.4647, min = 61.0815, max = 68.0350
    [TIMING] UQ Calculation (Proximity_Method_B_C): 42.5853 s
    [TIMING] Metrics Calculation: 8.6098 s
    [TIMING] Total Single Evaluation: 182.3448 s

  >>> Starting: Function=sin_cos_15d, Seed=5
    [TIMING] Data Generation: 0.1226 s
    [TIMING] Random Forest Fitting: 15.3266 s
    [TIMING] RF Predicting: 0.1042 s
    [TIMING] Base Aleatoric: 0.1398 s
[TIMING] Random Forest fit/check: 0.00 ms
[TIMING] OOB/In-bag index reconstruction: 377.51 ms
[TIMING] Leaf weights & density precomputation: 137.11 ms
[TIMING] Transfer structures to backend: 0.02 ms
[TIMING] Total fit: 514.64 ms
[TIMING] Test leaf ID extraction: 113.81 ms
[TIMING] Proximity matrix accumulation: 11141.28 ms
[TIMING] Neighbor sorting & quantiles: 870.76 ms
[TIMING] Total compute_uq: 12128.38 ms
    [TIMING] UQ Calculation (Proximity_Baseline): 12.6438 s
[TIMING] Random Forest fit/check: 0.00 ms
[TIMING] OOB/In-bag index reconstruction: 392.53 ms
[TIMING] Leaf weights & density precomputation: 1531.60 ms
[TIMING] Transfer structures to backend: 0.02 ms
[TIMING] Total fit: 1924.15 ms
[TIMING] Test leaf ID extraction: 113.60 ms
[TIMING] Proximity matrix accumulation: 35966.58 ms
[TIMING] Neighbor sorting & quantiles: 1167.87 ms
[TIMING] Total compute_uq: 37250.42 ms
    [TIMING] UQ Calculation (Proximity_Method_A): 39.1778 s
[TIMING] Random Forest fit/check: 0.01 ms
[TIMING] OOB/In-bag index reconstruction: 391.97 ms
[TIMING] Leaf weights & density precomputation: 1639.55 ms
[TIMING] Transfer structures to backend: 0.02 ms
[TIMING] Total fit: 2031.55 ms
[TIMING] Test leaf ID extraction: 124.74 ms
[TIMING] Proximity matrix accumulation: 32115.97 ms
[TIMING] Neighbor sorting & quantiles: 273.67 ms
[TIMING] Total compute_uq: 32517.02 ms
    [TIMING] UQ Calculation (Proximity_Method_B): 34.5532 s
[TIMING] Random Forest fit/check: 0.01 ms
[TIMING] OOB/In-bag index reconstruction: 382.29 ms
[TIMING] Leaf weights & density precomputation: 1497.10 ms
[TIMING] Transfer structures to backend: 0.02 ms
[TIMING] Total fit: 1879.41 ms
[TIMING] Test leaf ID extraction: 115.57 ms
[TIMING] Proximity matrix accumulation: 46984.53 ms
[TIMING] Neighbor sorting & quantiles: 1264.79 ms
[TIMING] Total compute_uq: 48366.92 ms
[DEBUG DENSITY] mean walked density = 64.5848, min = 61.2583, max = 67.7884
    [TIMING] UQ Calculation (Proximity_Method_C): 50.2493 s
[TIMING] Random Forest fit/check: 0.00 ms
[TIMING] OOB/In-bag index reconstruction: 489.71 ms
[TIMING] Leaf weights & density precomputation: 1266.27 ms
[TIMING] Transfer structures to backend: 0.01 ms
[TIMING] Total fit: 1755.99 ms
[TIMING] Test leaf ID extraction: 125.43 ms
[TIMING] Proximity matrix accumulation: 41336.15 ms
[TIMING] Neighbor sorting & quantiles: 292.33 ms
[TIMING] Total compute_uq: 41754.52 ms
[DEBUG DENSITY] mean walked density = 64.5848, min = 61.2583, max = 67.7884
    [TIMING] UQ Calculation (Proximity_Method_B_C): 43.5219 s
    [TIMING] Metrics Calculation: 7.2714 s
    [TIMING] Total Single Evaluation: 203.1115 s
 [OK] (1933.4s, ETA: 32m remaining)
[RUN 7/7] 
  >>> Starting: Function=sin, Seed=6
    [TIMING] Data Generation: 0.0004 s
    [TIMING] Random Forest Fitting: 0.4131 s
    [TIMING] RF Predicting: 0.0432 s
    [TIMING] Base Aleatoric: 0.0381 s
[TIMING] Random Forest fit/check: 0.00 ms
[TIMING] OOB/In-bag index reconstruction: 156.88 ms
[TIMING] Leaf weights & density precomputation: 125.40 ms
[TIMING] Transfer structures to backend: 0.02 ms
[TIMING] Total fit: 282.30 ms
[TIMING] Test leaf ID extraction: 35.16 ms
[TIMING] Proximity matrix accumulation: 65.29 ms
[TIMING] Neighbor sorting & quantiles: 11.58 ms
[TIMING] Total compute_uq: 113.77 ms
    [TIMING] UQ Calculation (Proximity_Baseline): 0.3987 s
[TIMING] Random Forest fit/check: 0.00 ms
[TIMING] OOB/In-bag index reconstruction: 157.44 ms
[TIMING] Leaf weights & density precomputation: 650.79 ms
[TIMING] Transfer structures to backend: 0.01 ms
[TIMING] Total fit: 808.24 ms
[TIMING] Test leaf ID extraction: 34.36 ms
[TIMING] Proximity matrix accumulation: 235.52 ms
[TIMING] Neighbor sorting & quantiles: 11.38 ms
[TIMING] Total compute_uq: 282.68 ms
    [TIMING] UQ Calculation (Proximity_Method_A): 1.0937 s
[TIMING] Random Forest fit/check: 0.00 ms
[TIMING] OOB/In-bag index reconstruction: 157.28 ms
[TIMING] Leaf weights & density precomputation: 650.44 ms
[TIMING] Transfer structures to backend: 0.01 ms
[TIMING] Total fit: 807.73 ms
[TIMING] Test leaf ID extraction: 34.16 ms
[TIMING] Proximity matrix accumulation: 235.30 ms
[TIMING] Neighbor sorting & quantiles: 24.00 ms
[TIMING] Total compute_uq: 294.30 ms
    [TIMING] UQ Calculation (Proximity_Method_B): 1.1056 s
[TIMING] Random Forest fit/check: 0.00 ms
[TIMING] OOB/In-bag index reconstruction: 156.42 ms
[TIMING] Leaf weights & density precomputation: 562.96 ms
[TIMING] Transfer structures to backend: 0.01 ms
[TIMING] Total fit: 719.39 ms
[TIMING] Test leaf ID extraction: 44.34 ms
[TIMING] Proximity matrix accumulation: 213.88 ms
[TIMING] Neighbor sorting & quantiles: 4.13 ms
[TIMING] Total compute_uq: 262.56 ms
[DEBUG DENSITY] mean walked density = 62.9701, min = 58.7648, max = 68.9220
    [TIMING] UQ Calculation (Proximity_Method_C): 0.9834 s
[TIMING] Random Forest fit/check: 0.00 ms
[TIMING] OOB/In-bag index reconstruction: 169.16 ms
[TIMING] Leaf weights & density precomputation: 290.74 ms
[TIMING] Transfer structures to backend: 0.01 ms
[TIMING] Total fit: 459.91 ms
[TIMING] Test leaf ID extraction: 44.57 ms
[TIMING] Proximity matrix accumulation: 212.57 ms
[TIMING] Neighbor sorting & quantiles: 4.82 ms
[TIMING] Total compute_uq: 262.18 ms
[DEBUG DENSITY] mean walked density = 62.9701, min = 58.7648, max = 68.9220
    [TIMING] UQ Calculation (Proximity_Method_B_C): 0.7235 s
    [TIMING] Metrics Calculation: 0.0673 s
    [TIMING] Total Single Evaluation: 4.8673 s

  >>> Starting: Function=cos_trend, Seed=6
    [TIMING] Data Generation: 0.0003 s
    [TIMING] Random Forest Fitting: 0.3832 s
    [TIMING] RF Predicting: 0.0431 s
    [TIMING] Base Aleatoric: 0.0377 s
[TIMING] Random Forest fit/check: 0.00 ms
[TIMING] OOB/In-bag index reconstruction: 174.45 ms
[TIMING] Leaf weights & density precomputation: 64.05 ms
[TIMING] Transfer structures to backend: 0.01 ms
[TIMING] Total fit: 238.52 ms
[TIMING] Test leaf ID extraction: 96.79 ms
[TIMING] Proximity matrix accumulation: 35.31 ms
[TIMING] Neighbor sorting & quantiles: 4.18 ms
[TIMING] Total compute_uq: 136.45 ms
    [TIMING] UQ Calculation (Proximity_Baseline): 0.3751 s
[TIMING] Random Forest fit/check: 0.00 ms
[TIMING] OOB/In-bag index reconstruction: 160.71 ms
[TIMING] Leaf weights & density precomputation: 289.99 ms
[TIMING] Transfer structures to backend: 0.01 ms
[TIMING] Total fit: 450.72 ms
[TIMING] Test leaf ID extraction: 45.58 ms
[TIMING] Proximity matrix accumulation: 158.38 ms
[TIMING] Neighbor sorting & quantiles: 4.09 ms
[TIMING] Total compute_uq: 208.19 ms
    [TIMING] UQ Calculation (Proximity_Method_A): 0.6593 s
[TIMING] Random Forest fit/check: 0.00 ms
[TIMING] OOB/In-bag index reconstruction: 157.60 ms
[TIMING] Leaf weights & density precomputation: 293.28 ms
[TIMING] Transfer structures to backend: 0.02 ms
[TIMING] Total fit: 450.89 ms
[TIMING] Test leaf ID extraction: 33.86 ms
[TIMING] Proximity matrix accumulation: 157.06 ms
[TIMING] Neighbor sorting & quantiles: 5.02 ms
[TIMING] Total compute_uq: 196.12 ms
    [TIMING] UQ Calculation (Proximity_Method_B): 0.6483 s
[TIMING] Random Forest fit/check: 0.00 ms
[TIMING] OOB/In-bag index reconstruction: 157.94 ms
[TIMING] Leaf weights & density precomputation: 290.64 ms
[TIMING] Transfer structures to backend: 0.01 ms
[TIMING] Total fit: 448.59 ms
[TIMING] Test leaf ID extraction: 33.76 ms
[TIMING] Proximity matrix accumulation: 213.96 ms
[TIMING] Neighbor sorting & quantiles: 4.10 ms
[TIMING] Total compute_uq: 252.01 ms
[DEBUG DENSITY] mean walked density = 62.0568, min = 54.6975, max = 70.2154
    [TIMING] UQ Calculation (Proximity_Method_C): 0.7020 s
[TIMING] Random Forest fit/check: 0.00 ms
[TIMING] OOB/In-bag index reconstruction: 165.32 ms
[TIMING] Leaf weights & density precomputation: 309.30 ms
[TIMING] Transfer structures to backend: 0.01 ms
[TIMING] Total fit: 474.63 ms
[TIMING] Test leaf ID extraction: 34.02 ms
[TIMING] Proximity matrix accumulation: 214.45 ms
[TIMING] Neighbor sorting & quantiles: 5.05 ms
[TIMING] Total compute_uq: 253.73 ms
[DEBUG DENSITY] mean walked density = 62.0568, min = 54.6975, max = 70.2154
    [TIMING] UQ Calculation (Proximity_Method_B_C): 0.7297 s
    [TIMING] Metrics Calculation: 0.0668 s
    [TIMING] Total Single Evaluation: 3.6460 s

  >>> Starting: Function=poly, Seed=6
    [TIMING] Data Generation: 0.0003 s
    [TIMING] Random Forest Fitting: 0.3953 s
    [TIMING] RF Predicting: 0.0331 s
    [TIMING] Base Aleatoric: 0.0378 s
[TIMING] Random Forest fit/check: 0.00 ms
[TIMING] OOB/In-bag index reconstruction: 168.93 ms
[TIMING] Leaf weights & density precomputation: 50.42 ms
[TIMING] Transfer structures to backend: 0.01 ms
[TIMING] Total fit: 219.37 ms
[TIMING] Test leaf ID extraction: 33.25 ms
[TIMING] Proximity matrix accumulation: 36.37 ms
[TIMING] Neighbor sorting & quantiles: 4.18 ms
[TIMING] Total compute_uq: 73.96 ms
    [TIMING] UQ Calculation (Proximity_Baseline): 0.2935 s
[TIMING] Random Forest fit/check: 0.00 ms
[TIMING] OOB/In-bag index reconstruction: 158.33 ms
[TIMING] Leaf weights & density precomputation: 292.23 ms
[TIMING] Transfer structures to backend: 0.01 ms
[TIMING] Total fit: 450.57 ms
[TIMING] Test leaf ID extraction: 44.68 ms
[TIMING] Proximity matrix accumulation: 178.62 ms
[TIMING] Neighbor sorting & quantiles: 4.09 ms
[TIMING] Total compute_uq: 227.58 ms
    [TIMING] UQ Calculation (Proximity_Method_A): 0.6784 s
[TIMING] Random Forest fit/check: 0.00 ms
[TIMING] OOB/In-bag index reconstruction: 169.12 ms
[TIMING] Leaf weights & density precomputation: 294.48 ms
[TIMING] Transfer structures to backend: 0.03 ms
[TIMING] Total fit: 463.62 ms
[TIMING] Test leaf ID extraction: 45.02 ms
[TIMING] Proximity matrix accumulation: 158.35 ms
[TIMING] Neighbor sorting & quantiles: 9.09 ms
[TIMING] Total compute_uq: 212.64 ms
    [TIMING] UQ Calculation (Proximity_Method_B): 0.6793 s
[TIMING] Random Forest fit/check: 0.01 ms
[TIMING] OOB/In-bag index reconstruction: 159.06 ms
[TIMING] Leaf weights & density precomputation: 607.27 ms
[TIMING] Transfer structures to backend: 0.01 ms
[TIMING] Total fit: 766.35 ms
[TIMING] Test leaf ID extraction: 34.93 ms
[TIMING] Proximity matrix accumulation: 255.90 ms
[TIMING] Neighbor sorting & quantiles: 7.01 ms
[TIMING] Total compute_uq: 299.03 ms
[DEBUG DENSITY] mean walked density = 63.2782, min = 60.1579, max = 68.8086
    [TIMING] UQ Calculation (Proximity_Method_C): 1.0728 s
[TIMING] Random Forest fit/check: 0.00 ms
[TIMING] OOB/In-bag index reconstruction: 153.59 ms
[TIMING] Leaf weights & density precomputation: 605.39 ms
[TIMING] Transfer structures to backend: 0.01 ms
[TIMING] Total fit: 759.00 ms
[TIMING] Test leaf ID extraction: 35.35 ms
[TIMING] Proximity matrix accumulation: 253.63 ms
[TIMING] Neighbor sorting & quantiles: 21.43 ms
[TIMING] Total compute_uq: 310.97 ms
[DEBUG DENSITY] mean walked density = 63.2782, min = 60.1579, max = 68.8086
    [TIMING] UQ Calculation (Proximity_Method_B_C): 1.0775 s
    [TIMING] Metrics Calculation: 0.0828 s
    [TIMING] Total Single Evaluation: 4.3509 s

  >>> Starting: Function=damped_osc, Seed=6
    [TIMING] Data Generation: 0.0005 s
    [TIMING] Random Forest Fitting: 0.3701 s
    [TIMING] RF Predicting: 0.0435 s
    [TIMING] Base Aleatoric: 0.0389 s
[TIMING] Random Forest fit/check: 0.00 ms
[TIMING] OOB/In-bag index reconstruction: 157.74 ms
[TIMING] Leaf weights & density precomputation: 550.97 ms
[TIMING] Transfer structures to backend: 0.02 ms
[TIMING] Total fit: 708.72 ms
[TIMING] Test leaf ID extraction: 45.02 ms
[TIMING] Proximity matrix accumulation: 56.51 ms
[TIMING] Neighbor sorting & quantiles: 7.92 ms
[TIMING] Total compute_uq: 111.61 ms
    [TIMING] UQ Calculation (Proximity_Baseline): 0.8207 s
[TIMING] Random Forest fit/check: 0.00 ms
[TIMING] OOB/In-bag index reconstruction: 155.82 ms
[TIMING] Leaf weights & density precomputation: 605.38 ms
[TIMING] Transfer structures to backend: 0.01 ms
[TIMING] Total fit: 761.22 ms
[TIMING] Test leaf ID extraction: 35.27 ms
[TIMING] Proximity matrix accumulation: 206.91 ms
[TIMING] Neighbor sorting & quantiles: 7.80 ms
[TIMING] Total compute_uq: 251.18 ms
    [TIMING] UQ Calculation (Proximity_Method_A): 1.0151 s
[TIMING] Random Forest fit/check: 0.00 ms
[TIMING] OOB/In-bag index reconstruction: 153.33 ms
[TIMING] Leaf weights & density precomputation: 604.56 ms
[TIMING] Transfer structures to backend: 0.02 ms
[TIMING] Total fit: 757.91 ms
[TIMING] Test leaf ID extraction: 34.14 ms
[TIMING] Proximity matrix accumulation: 207.03 ms
[TIMING] Neighbor sorting & quantiles: 19.49 ms
[TIMING] Total compute_uq: 261.83 ms
    [TIMING] UQ Calculation (Proximity_Method_B): 1.0224 s
[TIMING] Random Forest fit/check: 0.00 ms
[TIMING] OOB/In-bag index reconstruction: 152.23 ms
[TIMING] Leaf weights & density precomputation: 605.70 ms
[TIMING] Transfer structures to backend: 0.02 ms
[TIMING] Total fit: 757.95 ms
[TIMING] Test leaf ID extraction: 35.10 ms
[TIMING] Proximity matrix accumulation: 256.97 ms
[TIMING] Neighbor sorting & quantiles: 7.01 ms
[TIMING] Total compute_uq: 300.07 ms
[DEBUG DENSITY] mean walked density = 63.4157, min = 58.8886, max = 68.3985
    [TIMING] UQ Calculation (Proximity_Method_C): 1.0654 s
[TIMING] Random Forest fit/check: 0.00 ms
[TIMING] OOB/In-bag index reconstruction: 165.84 ms
[TIMING] Leaf weights & density precomputation: 606.89 ms
[TIMING] Transfer structures to backend: 0.02 ms
[TIMING] Total fit: 772.75 ms
[TIMING] Test leaf ID extraction: 34.05 ms
[TIMING] Proximity matrix accumulation: 255.84 ms
[TIMING] Neighbor sorting & quantiles: 15.87 ms
[TIMING] Total compute_uq: 306.28 ms
[DEBUG DENSITY] mean walked density = 63.4157, min = 58.8886, max = 68.3985
    [TIMING] UQ Calculation (Proximity_Method_B_C): 1.0887 s
    [TIMING] Metrics Calculation: 0.0693 s
    [TIMING] Total Single Evaluation: 5.5350 s

  >>> Starting: Function=log_mod, Seed=6
    [TIMING] Data Generation: 0.0004 s
    [TIMING] Random Forest Fitting: 0.3459 s
    [TIMING] RF Predicting: 0.0425 s
    [TIMING] Base Aleatoric: 0.0482 s
[TIMING] Random Forest fit/check: 0.00 ms
[TIMING] OOB/In-bag index reconstruction: 168.57 ms
[TIMING] Leaf weights & density precomputation: 553.14 ms
[TIMING] Transfer structures to backend: 0.03 ms
[TIMING] Total fit: 721.74 ms
[TIMING] Test leaf ID extraction: 35.00 ms
[TIMING] Proximity matrix accumulation: 58.86 ms
[TIMING] Neighbor sorting & quantiles: 5.93 ms
[TIMING] Total compute_uq: 100.43 ms
    [TIMING] UQ Calculation (Proximity_Baseline): 0.8248 s
[TIMING] Random Forest fit/check: 0.00 ms
[TIMING] OOB/In-bag index reconstruction: 162.58 ms
[TIMING] Leaf weights & density precomputation: 291.00 ms
[TIMING] Transfer structures to backend: 0.02 ms
[TIMING] Total fit: 453.60 ms
[TIMING] Test leaf ID extraction: 33.29 ms
[TIMING] Proximity matrix accumulation: 238.17 ms
[TIMING] Neighbor sorting & quantiles: 11.24 ms
[TIMING] Total compute_uq: 283.09 ms
    [TIMING] UQ Calculation (Proximity_Method_A): 0.7394 s
[TIMING] Random Forest fit/check: 0.00 ms
[TIMING] OOB/In-bag index reconstruction: 206.54 ms
[TIMING] Leaf weights & density precomputation: 667.21 ms
[TIMING] Transfer structures to backend: 0.01 ms
[TIMING] Total fit: 873.77 ms
[TIMING] Test leaf ID extraction: 34.39 ms
[TIMING] Proximity matrix accumulation: 235.81 ms
[TIMING] Neighbor sorting & quantiles: 24.16 ms
[TIMING] Total compute_uq: 295.05 ms
    [TIMING] UQ Calculation (Proximity_Method_B): 1.1723 s
[TIMING] Random Forest fit/check: 0.00 ms
[TIMING] OOB/In-bag index reconstruction: 152.50 ms
[TIMING] Leaf weights & density precomputation: 704.01 ms
[TIMING] Transfer structures to backend: 0.01 ms
[TIMING] Total fit: 856.53 ms
[TIMING] Test leaf ID extraction: 34.36 ms
[TIMING] Proximity matrix accumulation: 288.55 ms
[TIMING] Neighbor sorting & quantiles: 11.38 ms
[TIMING] Total compute_uq: 335.08 ms
[DEBUG DENSITY] mean walked density = 62.6718, min = 56.8377, max = 68.8685
    [TIMING] UQ Calculation (Proximity_Method_C): 1.2024 s
[TIMING] Random Forest fit/check: 0.00 ms
[TIMING] OOB/In-bag index reconstruction: 151.93 ms
[TIMING] Leaf weights & density precomputation: 686.04 ms
[TIMING] Transfer structures to backend: 0.02 ms
[TIMING] Total fit: 837.99 ms
[TIMING] Test leaf ID extraction: 33.48 ms
[TIMING] Proximity matrix accumulation: 291.53 ms
[TIMING] Neighbor sorting & quantiles: 24.06 ms
[TIMING] Total compute_uq: 350.61 ms
[DEBUG DENSITY] mean walked density = 62.6718, min = 56.8377, max = 68.8685
    [TIMING] UQ Calculation (Proximity_Method_B_C): 1.1996 s
    [TIMING] Metrics Calculation: 0.0669 s
    [TIMING] Total Single Evaluation: 5.6427 s

  >>> Starting: Function=sin_cos, Seed=6
    [TIMING] Data Generation: 0.0013 s
    [TIMING] Random Forest Fitting: 0.3960 s
    [TIMING] RF Predicting: 0.0444 s
    [TIMING] Base Aleatoric: 0.0511 s
[TIMING] Random Forest fit/check: 0.00 ms
[TIMING] OOB/In-bag index reconstruction: 189.56 ms
[TIMING] Leaf weights & density precomputation: 772.19 ms
[TIMING] Transfer structures to backend: 0.03 ms
[TIMING] Total fit: 961.77 ms
[TIMING] Test leaf ID extraction: 35.10 ms
[TIMING] Proximity matrix accumulation: 265.96 ms
[TIMING] Neighbor sorting & quantiles: 26.33 ms
[TIMING] Total compute_uq: 328.29 ms
    [TIMING] UQ Calculation (Proximity_Baseline): 1.2902 s
[TIMING] Random Forest fit/check: 0.00 ms
[TIMING] OOB/In-bag index reconstruction: 178.54 ms
[TIMING] Leaf weights & density precomputation: 692.56 ms
[TIMING] Transfer structures to backend: 0.02 ms
[TIMING] Total fit: 871.11 ms
[TIMING] Test leaf ID extraction: 45.93 ms
[TIMING] Proximity matrix accumulation: 953.08 ms
[TIMING] Neighbor sorting & quantiles: 40.80 ms
[TIMING] Total compute_uq: 1040.17 ms
    [TIMING] UQ Calculation (Proximity_Method_A): 1.9140 s
[TIMING] Random Forest fit/check: 0.00 ms
[TIMING] OOB/In-bag index reconstruction: 172.28 ms
[TIMING] Leaf weights & density precomputation: 703.46 ms
[TIMING] Transfer structures to backend: 0.02 ms
[TIMING] Total fit: 875.76 ms
[TIMING] Test leaf ID extraction: 44.84 ms
[TIMING] Proximity matrix accumulation: 952.75 ms
[TIMING] Neighbor sorting & quantiles: 42.09 ms
[TIMING] Total compute_uq: 1040.08 ms
    [TIMING] UQ Calculation (Proximity_Method_B): 1.9197 s
[TIMING] Random Forest fit/check: 0.00 ms
[TIMING] OOB/In-bag index reconstruction: 179.43 ms
[TIMING] Leaf weights & density precomputation: 480.06 ms
[TIMING] Transfer structures to backend: 0.02 ms
[TIMING] Total fit: 659.51 ms
[TIMING] Test leaf ID extraction: 34.52 ms
[TIMING] Proximity matrix accumulation: 1203.79 ms
[TIMING] Neighbor sorting & quantiles: 40.65 ms
[TIMING] Total compute_uq: 1279.51 ms
[DEBUG DENSITY] mean walked density = 65.0356, min = 51.8504, max = 73.9257
    [TIMING] UQ Calculation (Proximity_Method_C): 1.9500 s
[TIMING] Random Forest fit/check: 0.00 ms
[TIMING] OOB/In-bag index reconstruction: 177.68 ms
[TIMING] Leaf weights & density precomputation: 789.00 ms
[TIMING] Transfer structures to backend: 0.02 ms
[TIMING] Total fit: 966.70 ms
[TIMING] Test leaf ID extraction: 45.79 ms
[TIMING] Proximity matrix accumulation: 1205.84 ms
[TIMING] Neighbor sorting & quantiles: 42.15 ms
[TIMING] Total compute_uq: 1295.68 ms
[DEBUG DENSITY] mean walked density = 65.0356, min = 51.8504, max = 73.9257
    [TIMING] UQ Calculation (Proximity_Method_B_C): 2.2734 s
    [TIMING] Metrics Calculation: 0.0695 s
    [TIMING] Total Single Evaluation: 9.9101 s

  >>> Starting: Function=quadratic, Seed=6
    [TIMING] Data Generation: 0.0011 s
    [TIMING] Random Forest Fitting: 0.3965 s
    [TIMING] RF Predicting: 0.0435 s
    [TIMING] Base Aleatoric: 0.0404 s
[TIMING] Random Forest fit/check: 0.00 ms
[TIMING] OOB/In-bag index reconstruction: 188.52 ms
[TIMING] Leaf weights & density precomputation: 770.15 ms
[TIMING] Transfer structures to backend: 0.03 ms
[TIMING] Total fit: 958.70 ms
[TIMING] Test leaf ID extraction: 35.67 ms
[TIMING] Proximity matrix accumulation: 334.64 ms
[TIMING] Neighbor sorting & quantiles: 41.24 ms
[TIMING] Total compute_uq: 413.95 ms
    [TIMING] UQ Calculation (Proximity_Baseline): 1.3752 s
[TIMING] Random Forest fit/check: 0.00 ms
[TIMING] OOB/In-bag index reconstruction: 178.56 ms
[TIMING] Leaf weights & density precomputation: 701.83 ms
[TIMING] Transfer structures to backend: 0.02 ms
[TIMING] Total fit: 880.41 ms
[TIMING] Test leaf ID extraction: 44.78 ms
[TIMING] Proximity matrix accumulation: 967.72 ms
[TIMING] Neighbor sorting & quantiles: 36.85 ms
[TIMING] Total compute_uq: 1050.88 ms
    [TIMING] UQ Calculation (Proximity_Method_A): 1.9317 s
[TIMING] Random Forest fit/check: 0.00 ms
[TIMING] OOB/In-bag index reconstruction: 178.72 ms
[TIMING] Leaf weights & density precomputation: 724.51 ms
[TIMING] Transfer structures to backend: 0.02 ms
[TIMING] Total fit: 903.24 ms
[TIMING] Test leaf ID extraction: 45.86 ms
[TIMING] Proximity matrix accumulation: 972.43 ms
[TIMING] Neighbor sorting & quantiles: 42.11 ms
[TIMING] Total compute_uq: 1062.27 ms
    [TIMING] UQ Calculation (Proximity_Method_B): 1.9690 s
[TIMING] Random Forest fit/check: 0.00 ms
[TIMING] OOB/In-bag index reconstruction: 185.79 ms
[TIMING] Leaf weights & density precomputation: 867.96 ms
[TIMING] Transfer structures to backend: 0.04 ms
[TIMING] Total fit: 1053.79 ms
[TIMING] Test leaf ID extraction: 46.29 ms
[TIMING] Proximity matrix accumulation: 1203.49 ms
[TIMING] Neighbor sorting & quantiles: 40.72 ms
[TIMING] Total compute_uq: 1291.61 ms
[DEBUG DENSITY] mean walked density = 63.4955, min = 52.6839, max = 70.3982
    [TIMING] UQ Calculation (Proximity_Method_C): 2.3565 s
[TIMING] Random Forest fit/check: 0.01 ms
[TIMING] OOB/In-bag index reconstruction: 183.61 ms
[TIMING] Leaf weights & density precomputation: 779.25 ms
[TIMING] Transfer structures to backend: 0.02 ms
[TIMING] Total fit: 962.88 ms
[TIMING] Test leaf ID extraction: 34.64 ms
[TIMING] Proximity matrix accumulation: 1102.74 ms
[TIMING] Neighbor sorting & quantiles: 35.71 ms
[TIMING] Total compute_uq: 1173.51 ms
[DEBUG DENSITY] mean walked density = 63.4955, min = 52.6839, max = 70.3982
    [TIMING] UQ Calculation (Proximity_Method_B_C): 2.1474 s
    [TIMING] Metrics Calculation: 0.0754 s
    [TIMING] Total Single Evaluation: 10.3371 s

  >>> Starting: Function=sin_sum_mod, Seed=6
    [TIMING] Data Generation: 0.0012 s
    [TIMING] Random Forest Fitting: 0.3936 s
    [TIMING] RF Predicting: 0.0426 s
    [TIMING] Base Aleatoric: 0.0402 s
[TIMING] Random Forest fit/check: 0.00 ms
[TIMING] OOB/In-bag index reconstruction: 179.68 ms
[TIMING] Leaf weights & density precomputation: 252.54 ms
[TIMING] Transfer structures to backend: 0.02 ms
[TIMING] Total fit: 432.25 ms
[TIMING] Test leaf ID extraction: 35.10 ms
[TIMING] Proximity matrix accumulation: 344.77 ms
[TIMING] Neighbor sorting & quantiles: 41.38 ms
[TIMING] Total compute_uq: 423.05 ms
    [TIMING] UQ Calculation (Proximity_Baseline): 0.8579 s
[TIMING] Random Forest fit/check: 0.00 ms
[TIMING] OOB/In-bag index reconstruction: 175.87 ms
[TIMING] Leaf weights & density precomputation: 717.87 ms
[TIMING] Transfer structures to backend: 0.02 ms
[TIMING] Total fit: 893.76 ms
[TIMING] Test leaf ID extraction: 35.70 ms
[TIMING] Proximity matrix accumulation: 951.57 ms
[TIMING] Neighbor sorting & quantiles: 40.72 ms
[TIMING] Total compute_uq: 1030.20 ms
    [TIMING] UQ Calculation (Proximity_Method_A): 1.9267 s
[TIMING] Random Forest fit/check: 0.00 ms
[TIMING] OOB/In-bag index reconstruction: 179.01 ms
[TIMING] Leaf weights & density precomputation: 705.45 ms
[TIMING] Transfer structures to backend: 0.02 ms
[TIMING] Total fit: 884.48 ms
[TIMING] Test leaf ID extraction: 34.79 ms
[TIMING] Proximity matrix accumulation: 962.53 ms
[TIMING] Neighbor sorting & quantiles: 42.17 ms
[TIMING] Total compute_uq: 1041.81 ms
    [TIMING] UQ Calculation (Proximity_Method_B): 1.9299 s
[TIMING] Random Forest fit/check: 0.00 ms
[TIMING] OOB/In-bag index reconstruction: 174.48 ms
[TIMING] Leaf weights & density precomputation: 709.66 ms
[TIMING] Transfer structures to backend: 0.02 ms
[TIMING] Total fit: 884.17 ms
[TIMING] Test leaf ID extraction: 35.48 ms
[TIMING] Proximity matrix accumulation: 1196.26 ms
[TIMING] Neighbor sorting & quantiles: 38.25 ms
[TIMING] Total compute_uq: 1271.58 ms
[DEBUG DENSITY] mean walked density = 64.1728, min = 51.2863, max = 78.4337
    [TIMING] UQ Calculation (Proximity_Method_C): 2.1668 s
[TIMING] Random Forest fit/check: 0.01 ms
[TIMING] OOB/In-bag index reconstruction: 485.94 ms
[TIMING] Leaf weights & density precomputation: 1204.37 ms
[TIMING] Transfer structures to backend: 0.02 ms
[TIMING] Total fit: 1690.33 ms
[TIMING] Test leaf ID extraction: 198.11 ms
[TIMING] Proximity matrix accumulation: 1137.43 ms
[TIMING] Neighbor sorting & quantiles: 10.89 ms
[TIMING] Total compute_uq: 1346.77 ms
[DEBUG DENSITY] mean walked density = 64.1728, min = 51.2863, max = 78.4337
    [TIMING] UQ Calculation (Proximity_Method_B_C): 3.0387 s
    [TIMING] Metrics Calculation: 1.2263 s
    [TIMING] Total Single Evaluation: 11.6242 s

  >>> Starting: Function=gaussian, Seed=6
    [TIMING] Data Generation: 0.0014 s
    [TIMING] Random Forest Fitting: 0.4509 s
    [TIMING] RF Predicting: 0.0444 s
    [TIMING] Base Aleatoric: 0.0573 s
[TIMING] Random Forest fit/check: 0.00 ms
[TIMING] OOB/In-bag index reconstruction: 280.77 ms
[TIMING] Leaf weights & density precomputation: 71.69 ms
[TIMING] Transfer structures to backend: 0.02 ms
[TIMING] Total fit: 352.48 ms
[TIMING] Test leaf ID extraction: 36.40 ms
[TIMING] Proximity matrix accumulation: 149.36 ms
[TIMING] Neighbor sorting & quantiles: 16.40 ms
[TIMING] Total compute_uq: 202.43 ms
    [TIMING] UQ Calculation (Proximity_Baseline): 0.5551 s
[TIMING] Random Forest fit/check: 0.00 ms
[TIMING] OOB/In-bag index reconstruction: 270.27 ms
[TIMING] Leaf weights & density precomputation: 484.49 ms
[TIMING] Transfer structures to backend: 0.02 ms
[TIMING] Total fit: 754.77 ms
[TIMING] Test leaf ID extraction: 46.79 ms
[TIMING] Proximity matrix accumulation: 427.33 ms
[TIMING] Neighbor sorting & quantiles: 16.00 ms
[TIMING] Total compute_uq: 490.40 ms
    [TIMING] UQ Calculation (Proximity_Method_A): 1.2457 s
[TIMING] Random Forest fit/check: 0.00 ms
[TIMING] OOB/In-bag index reconstruction: 273.62 ms
[TIMING] Leaf weights & density precomputation: 487.21 ms
[TIMING] Transfer structures to backend: 0.02 ms
[TIMING] Total fit: 760.85 ms
[TIMING] Test leaf ID extraction: 47.29 ms
[TIMING] Proximity matrix accumulation: 445.63 ms
[TIMING] Neighbor sorting & quantiles: 11.30 ms
[TIMING] Total compute_uq: 504.49 ms
    [TIMING] UQ Calculation (Proximity_Method_B): 1.2670 s
[TIMING] Random Forest fit/check: 0.00 ms
[TIMING] OOB/In-bag index reconstruction: 270.43 ms
[TIMING] Leaf weights & density precomputation: 345.48 ms
[TIMING] Transfer structures to backend: 0.01 ms
[TIMING] Total fit: 615.92 ms
[TIMING] Test leaf ID extraction: 44.38 ms
[TIMING] Proximity matrix accumulation: 661.28 ms
[TIMING] Neighbor sorting & quantiles: 23.61 ms
[TIMING] Total compute_uq: 729.51 ms
[DEBUG DENSITY] mean walked density = 65.0347, min = 59.1753, max = 72.0356
    [TIMING] UQ Calculation (Proximity_Method_C): 1.3550 s
[TIMING] Random Forest fit/check: 0.00 ms
[TIMING] OOB/In-bag index reconstruction: 178.45 ms
[TIMING] Leaf weights & density precomputation: 648.17 ms
[TIMING] Transfer structures to backend: 0.02 ms
[TIMING] Total fit: 826.64 ms
[TIMING] Test leaf ID extraction: 45.37 ms
[TIMING] Proximity matrix accumulation: 1013.72 ms
[TIMING] Neighbor sorting & quantiles: 32.24 ms
[TIMING] Total compute_uq: 1093.13 ms
[DEBUG DENSITY] mean walked density = 65.0347, min = 59.1753, max = 72.0356
    [TIMING] UQ Calculation (Proximity_Method_B_C): 1.9273 s
    [TIMING] Metrics Calculation: 0.0961 s
    [TIMING] Total Single Evaluation: 7.0005 s

  >>> Starting: Function=abs_sin, Seed=6
    [TIMING] Data Generation: 0.0016 s
    [TIMING] Random Forest Fitting: 0.5323 s
    [TIMING] RF Predicting: 0.0534 s
    [TIMING] Base Aleatoric: 0.0663 s
[TIMING] Random Forest fit/check: 0.00 ms
[TIMING] OOB/In-bag index reconstruction: 279.37 ms
[TIMING] Leaf weights & density precomputation: 560.55 ms
[TIMING] Transfer structures to backend: 0.02 ms
[TIMING] Total fit: 839.94 ms
[TIMING] Test leaf ID extraction: 46.20 ms
[TIMING] Proximity matrix accumulation: 290.00 ms
[TIMING] Neighbor sorting & quantiles: 34.24 ms
[TIMING] Total compute_uq: 372.51 ms
    [TIMING] UQ Calculation (Proximity_Baseline): 1.2148 s
[TIMING] Random Forest fit/check: 0.00 ms
[TIMING] OOB/In-bag index reconstruction: 191.68 ms
[TIMING] Leaf weights & density precomputation: 658.61 ms
[TIMING] Transfer structures to backend: 0.04 ms
[TIMING] Total fit: 850.32 ms
[TIMING] Test leaf ID extraction: 56.30 ms
[TIMING] Proximity matrix accumulation: 814.06 ms
[TIMING] Neighbor sorting & quantiles: 38.17 ms
[TIMING] Total compute_uq: 909.98 ms
    [TIMING] UQ Calculation (Proximity_Method_A): 1.7630 s
[TIMING] Random Forest fit/check: 0.00 ms
[TIMING] OOB/In-bag index reconstruction: 268.88 ms
[TIMING] Leaf weights & density precomputation: 662.39 ms
[TIMING] Transfer structures to backend: 0.03 ms
[TIMING] Total fit: 931.31 ms
[TIMING] Test leaf ID extraction: 48.33 ms
[TIMING] Proximity matrix accumulation: 815.10 ms
[TIMING] Neighbor sorting & quantiles: 34.47 ms
[TIMING] Total compute_uq: 898.24 ms
    [TIMING] UQ Calculation (Proximity_Method_B): 1.8316 s
[TIMING] Random Forest fit/check: 0.01 ms
[TIMING] OOB/In-bag index reconstruction: 257.99 ms
[TIMING] Leaf weights & density precomputation: 653.42 ms
[TIMING] Transfer structures to backend: 0.02 ms
[TIMING] Total fit: 911.45 ms
[TIMING] Test leaf ID extraction: 56.54 ms
[TIMING] Proximity matrix accumulation: 1014.20 ms
[TIMING] Neighbor sorting & quantiles: 34.40 ms
[TIMING] Total compute_uq: 1106.26 ms
[DEBUG DENSITY] mean walked density = 62.3116, min = 47.3792, max = 77.4754
    [TIMING] UQ Calculation (Proximity_Method_C): 2.0269 s
[TIMING] Random Forest fit/check: 0.00 ms
[TIMING] OOB/In-bag index reconstruction: 178.53 ms
[TIMING] Leaf weights & density precomputation: 647.92 ms
[TIMING] Transfer structures to backend: 0.01 ms
[TIMING] Total fit: 826.47 ms
[TIMING] Test leaf ID extraction: 45.59 ms
[TIMING] Proximity matrix accumulation: 945.73 ms
[TIMING] Neighbor sorting & quantiles: 26.96 ms
[TIMING] Total compute_uq: 1018.96 ms
[DEBUG DENSITY] mean walked density = 62.3116, min = 47.3792, max = 77.4754
    [TIMING] UQ Calculation (Proximity_Method_B_C): 1.8469 s
    [TIMING] Metrics Calculation: 0.0905 s
    [TIMING] Total Single Evaluation: 9.4277 s

  >>> Starting: Function=sin_cos_sin, Seed=6
    [TIMING] Data Generation: 0.0031 s
    [TIMING] Random Forest Fitting: 0.5422 s
    [TIMING] RF Predicting: 0.0538 s
    [TIMING] Base Aleatoric: 0.0515 s
[TIMING] Random Forest fit/check: 0.00 ms
[TIMING] OOB/In-bag index reconstruction: 189.96 ms
[TIMING] Leaf weights & density precomputation: 778.55 ms
[TIMING] Transfer structures to backend: 0.02 ms
[TIMING] Total fit: 968.53 ms
[TIMING] Test leaf ID extraction: 45.79 ms
[TIMING] Proximity matrix accumulation: 518.48 ms
[TIMING] Neighbor sorting & quantiles: 48.16 ms
[TIMING] Total compute_uq: 613.17 ms
    [TIMING] UQ Calculation (Proximity_Baseline): 1.5842 s
[TIMING] Random Forest fit/check: 0.00 ms
[TIMING] OOB/In-bag index reconstruction: 185.37 ms
[TIMING] Leaf weights & density precomputation: 877.31 ms
[TIMING] Transfer structures to backend: 0.02 ms
[TIMING] Total fit: 1062.70 ms
[TIMING] Test leaf ID extraction: 46.57 ms
[TIMING] Proximity matrix accumulation: 1599.39 ms
[TIMING] Neighbor sorting & quantiles: 52.24 ms
[TIMING] Total compute_uq: 1700.02 ms
    [TIMING] UQ Calculation (Proximity_Method_A): 2.7655 s
[TIMING] Random Forest fit/check: 0.00 ms
[TIMING] OOB/In-bag index reconstruction: 184.95 ms
[TIMING] Leaf weights & density precomputation: 900.94 ms
[TIMING] Transfer structures to backend: 0.01 ms
[TIMING] Total fit: 1085.91 ms
[TIMING] Test leaf ID extraction: 46.57 ms
[TIMING] Proximity matrix accumulation: 1472.35 ms
[TIMING] Neighbor sorting & quantiles: 51.03 ms
[TIMING] Total compute_uq: 1571.02 ms
    [TIMING] UQ Calculation (Proximity_Method_B): 2.6604 s
[TIMING] Random Forest fit/check: 0.00 ms
[TIMING] OOB/In-bag index reconstruction: 183.73 ms
[TIMING] Leaf weights & density precomputation: 725.89 ms
[TIMING] Transfer structures to backend: 0.01 ms
[TIMING] Total fit: 909.64 ms
[TIMING] Test leaf ID extraction: 45.60 ms
[TIMING] Proximity matrix accumulation: 1933.33 ms
[TIMING] Neighbor sorting & quantiles: 47.92 ms
[TIMING] Total compute_uq: 2028.27 ms
[DEBUG DENSITY] mean walked density = 62.6651, min = 47.8302, max = 73.6489
    [TIMING] UQ Calculation (Proximity_Method_C): 2.9488 s
[TIMING] Random Forest fit/check: 0.00 ms
[TIMING] OOB/In-bag index reconstruction: 183.63 ms
[TIMING] Leaf weights & density precomputation: 521.10 ms
[TIMING] Transfer structures to backend: 0.01 ms
[TIMING] Total fit: 704.75 ms
[TIMING] Test leaf ID extraction: 45.58 ms
[TIMING] Proximity matrix accumulation: 1694.51 ms
[TIMING] Neighbor sorting & quantiles: 37.49 ms
[TIMING] Total compute_uq: 1778.05 ms
[DEBUG DENSITY] mean walked density = 62.6651, min = 47.8302, max = 73.6489
    [TIMING] UQ Calculation (Proximity_Method_B_C): 2.4840 s
    [TIMING] Metrics Calculation: 0.0891 s
    [TIMING] Total Single Evaluation: 13.1829 s

  >>> Starting: Function=quadratic_3d, Seed=6
    [TIMING] Data Generation: 0.0026 s
    [TIMING] Random Forest Fitting: 0.5216 s
    [TIMING] RF Predicting: 0.0536 s
    [TIMING] Base Aleatoric: 0.0523 s
[TIMING] Random Forest fit/check: 0.00 ms
[TIMING] OOB/In-bag index reconstruction: 188.97 ms
[TIMING] Leaf weights & density precomputation: 572.51 ms
[TIMING] Transfer structures to backend: 0.09 ms
[TIMING] Total fit: 761.57 ms
[TIMING] Test leaf ID extraction: 47.28 ms
[TIMING] Proximity matrix accumulation: 532.36 ms
[TIMING] Neighbor sorting & quantiles: 52.85 ms
[TIMING] Total compute_uq: 634.79 ms
    [TIMING] UQ Calculation (Proximity_Baseline): 1.3990 s
[TIMING] Random Forest fit/check: 0.01 ms
[TIMING] OOB/In-bag index reconstruction: 190.25 ms
[TIMING] Leaf weights & density precomputation: 724.21 ms
[TIMING] Transfer structures to backend: 0.02 ms
[TIMING] Total fit: 914.49 ms
[TIMING] Test leaf ID extraction: 46.81 ms
[TIMING] Proximity matrix accumulation: 1589.44 ms
[TIMING] Neighbor sorting & quantiles: 52.17 ms
[TIMING] Total compute_uq: 1689.99 ms
    [TIMING] UQ Calculation (Proximity_Method_A): 2.6073 s
[TIMING] Random Forest fit/check: 0.00 ms
[TIMING] OOB/In-bag index reconstruction: 185.52 ms
[TIMING] Leaf weights & density precomputation: 803.26 ms
[TIMING] Transfer structures to backend: 0.01 ms
[TIMING] Total fit: 988.80 ms
[TIMING] Test leaf ID extraction: 46.20 ms
[TIMING] Proximity matrix accumulation: 1585.98 ms
[TIMING] Neighbor sorting & quantiles: 51.08 ms
[TIMING] Total compute_uq: 1684.67 ms
    [TIMING] UQ Calculation (Proximity_Method_B): 2.6770 s
[TIMING] Random Forest fit/check: 0.00 ms
[TIMING] OOB/In-bag index reconstruction: 187.86 ms
[TIMING] Leaf weights & density precomputation: 778.92 ms
[TIMING] Transfer structures to backend: 0.01 ms
[TIMING] Total fit: 966.79 ms
[TIMING] Test leaf ID extraction: 45.95 ms
[TIMING] Proximity matrix accumulation: 1943.81 ms
[TIMING] Neighbor sorting & quantiles: 52.11 ms
[TIMING] Total compute_uq: 2043.58 ms
[DEBUG DENSITY] mean walked density = 63.9456, min = 57.7113, max = 69.5120
    [TIMING] UQ Calculation (Proximity_Method_C): 3.0213 s
[TIMING] Random Forest fit/check: 0.00 ms
[TIMING] OOB/In-bag index reconstruction: 188.43 ms
[TIMING] Leaf weights & density precomputation: 728.22 ms
[TIMING] Transfer structures to backend: 0.02 ms
[TIMING] Total fit: 916.67 ms
[TIMING] Test leaf ID extraction: 45.60 ms
[TIMING] Proximity matrix accumulation: 1855.81 ms
[TIMING] Neighbor sorting & quantiles: 44.21 ms
[TIMING] Total compute_uq: 1947.72 ms
[DEBUG DENSITY] mean walked density = 63.9456, min = 57.7113, max = 69.5120
    [TIMING] UQ Calculation (Proximity_Method_B_C): 2.8753 s
    [TIMING] Metrics Calculation: 0.0866 s
    [TIMING] Total Single Evaluation: 13.2973 s

  >>> Starting: Function=sin_sum_3d, Seed=6
    [TIMING] Data Generation: 0.0022 s
    [TIMING] Random Forest Fitting: 0.4586 s
    [TIMING] RF Predicting: 0.0430 s
    [TIMING] Base Aleatoric: 0.0423 s
[TIMING] Random Forest fit/check: 0.00 ms
[TIMING] OOB/In-bag index reconstruction: 179.22 ms
[TIMING] Leaf weights & density precomputation: 186.49 ms
[TIMING] Transfer structures to backend: 0.02 ms
[TIMING] Total fit: 365.73 ms
[TIMING] Test leaf ID extraction: 34.91 ms
[TIMING] Proximity matrix accumulation: 532.75 ms
[TIMING] Neighbor sorting & quantiles: 52.93 ms
[TIMING] Total compute_uq: 622.31 ms
    [TIMING] UQ Calculation (Proximity_Baseline): 0.9906 s
[TIMING] Random Forest fit/check: 0.00 ms
[TIMING] OOB/In-bag index reconstruction: 179.01 ms
[TIMING] Leaf weights & density precomputation: 724.27 ms
[TIMING] Transfer structures to backend: 0.02 ms
[TIMING] Total fit: 903.30 ms
[TIMING] Test leaf ID extraction: 35.53 ms
[TIMING] Proximity matrix accumulation: 1581.94 ms
[TIMING] Neighbor sorting & quantiles: 52.21 ms
[TIMING] Total compute_uq: 1672.08 ms
    [TIMING] UQ Calculation (Proximity_Method_A): 2.5781 s
[TIMING] Random Forest fit/check: 0.00 ms
[TIMING] OOB/In-bag index reconstruction: 176.50 ms
[TIMING] Leaf weights & density precomputation: 727.57 ms
[TIMING] Transfer structures to backend: 0.02 ms
[TIMING] Total fit: 904.09 ms
[TIMING] Test leaf ID extraction: 36.09 ms
[TIMING] Proximity matrix accumulation: 1583.43 ms
[TIMING] Neighbor sorting & quantiles: 51.01 ms
[TIMING] Total compute_uq: 1671.77 ms
    [TIMING] UQ Calculation (Proximity_Method_B): 2.5792 s
[TIMING] Random Forest fit/check: 0.00 ms
[TIMING] OOB/In-bag index reconstruction: 182.94 ms
[TIMING] Leaf weights & density precomputation: 725.85 ms
[TIMING] Transfer structures to backend: 0.02 ms
[TIMING] Total fit: 908.82 ms
[TIMING] Test leaf ID extraction: 35.70 ms
[TIMING] Proximity matrix accumulation: 975.18 ms
[TIMING] Neighbor sorting & quantiles: 22.36 ms
[TIMING] Total compute_uq: 1035.08 ms
[DEBUG DENSITY] mean walked density = 64.3529, min = 54.1076, max = 74.4090
    [TIMING] UQ Calculation (Proximity_Method_C): 1.9453 s
[TIMING] Random Forest fit/check: 0.00 ms
[TIMING] OOB/In-bag index reconstruction: 191.62 ms
[TIMING] Leaf weights & density precomputation: 348.79 ms
[TIMING] Transfer structures to backend: 0.01 ms
[TIMING] Total fit: 540.43 ms
[TIMING] Test leaf ID extraction: 49.27 ms
[TIMING] Proximity matrix accumulation: 862.48 ms
[TIMING] Neighbor sorting & quantiles: 10.31 ms
[TIMING] Total compute_uq: 922.39 ms
[DEBUG DENSITY] mean walked density = 64.3529, min = 54.1076, max = 74.4090
    [TIMING] UQ Calculation (Proximity_Method_B_C): 1.4641 s
    [TIMING] Metrics Calculation: 0.0885 s
    [TIMING] Total Single Evaluation: 10.1924 s

  >>> Starting: Function=gaussian_3d, Seed=6
    [TIMING] Data Generation: 0.0030 s
    [TIMING] Random Forest Fitting: 0.5295 s
    [TIMING] RF Predicting: 0.0540 s
    [TIMING] Base Aleatoric: 0.0526 s
[TIMING] Random Forest fit/check: 0.00 ms
[TIMING] OOB/In-bag index reconstruction: 190.47 ms
[TIMING] Leaf weights & density precomputation: 61.80 ms
[TIMING] Transfer structures to backend: 0.01 ms
[TIMING] Total fit: 252.29 ms
[TIMING] Test leaf ID extraction: 46.12 ms
[TIMING] Proximity matrix accumulation: 231.80 ms
[TIMING] Neighbor sorting & quantiles: 22.99 ms
[TIMING] Total compute_uq: 301.16 ms
    [TIMING] UQ Calculation (Proximity_Baseline): 0.5536 s
[TIMING] Random Forest fit/check: 0.00 ms
[TIMING] OOB/In-bag index reconstruction: 191.68 ms
[TIMING] Leaf weights & density precomputation: 350.14 ms
[TIMING] Transfer structures to backend: 0.02 ms
[TIMING] Total fit: 541.84 ms
[TIMING] Test leaf ID extraction: 46.39 ms
[TIMING] Proximity matrix accumulation: 873.24 ms
[TIMING] Neighbor sorting & quantiles: 27.78 ms
[TIMING] Total compute_uq: 947.66 ms
    [TIMING] UQ Calculation (Proximity_Method_A): 1.4923 s
[TIMING] Random Forest fit/check: 0.00 ms
[TIMING] OOB/In-bag index reconstruction: 178.71 ms
[TIMING] Leaf weights & density precomputation: 667.70 ms
[TIMING] Transfer structures to backend: 0.02 ms
[TIMING] Total fit: 846.43 ms
[TIMING] Test leaf ID extraction: 35.38 ms
[TIMING] Proximity matrix accumulation: 1333.52 ms
[TIMING] Neighbor sorting & quantiles: 43.21 ms
[TIMING] Total compute_uq: 1413.62 ms
    [TIMING] UQ Calculation (Proximity_Method_B): 2.2613 s
[TIMING] Random Forest fit/check: 0.00 ms
[TIMING] OOB/In-bag index reconstruction: 173.83 ms
[TIMING] Leaf weights & density precomputation: 669.17 ms
[TIMING] Transfer structures to backend: 0.02 ms
[TIMING] Total fit: 843.02 ms
[TIMING] Test leaf ID extraction: 35.37 ms
[TIMING] Proximity matrix accumulation: 1649.85 ms
[TIMING] Neighbor sorting & quantiles: 44.11 ms
[TIMING] Total compute_uq: 1730.18 ms
[DEBUG DENSITY] mean walked density = 64.2893, min = 56.0242, max = 70.3890
    [TIMING] UQ Calculation (Proximity_Method_C): 2.5808 s
[TIMING] Random Forest fit/check: 0.01 ms
[TIMING] OOB/In-bag index reconstruction: 173.82 ms
[TIMING] Leaf weights & density precomputation: 667.91 ms
[TIMING] Transfer structures to backend: 0.01 ms
[TIMING] Total fit: 841.75 ms
[TIMING] Test leaf ID extraction: 35.31 ms
[TIMING] Proximity matrix accumulation: 1647.41 ms
[TIMING] Neighbor sorting & quantiles: 39.23 ms
[TIMING] Total compute_uq: 1723.58 ms
[DEBUG DENSITY] mean walked density = 64.2893, min = 56.0242, max = 70.3890
    [TIMING] UQ Calculation (Proximity_Method_B_C): 2.5737 s
    [TIMING] Metrics Calculation: 0.0777 s
    [TIMING] Total Single Evaluation: 10.1787 s

  >>> Starting: Function=sin_exp_cos, Seed=6
    [TIMING] Data Generation: 0.0022 s
    [TIMING] Random Forest Fitting: 0.5103 s
    [TIMING] RF Predicting: 0.0431 s
    [TIMING] Base Aleatoric: 0.0417 s
[TIMING] Random Forest fit/check: 0.00 ms
[TIMING] OOB/In-bag index reconstruction: 179.10 ms
[TIMING] Leaf weights & density precomputation: 558.30 ms
[TIMING] Transfer structures to backend: 0.02 ms
[TIMING] Total fit: 737.42 ms
[TIMING] Test leaf ID extraction: 36.25 ms
[TIMING] Proximity matrix accumulation: 448.67 ms
[TIMING] Neighbor sorting & quantiles: 44.61 ms
[TIMING] Total compute_uq: 530.40 ms
    [TIMING] UQ Calculation (Proximity_Baseline): 1.2702 s
[TIMING] Random Forest fit/check: 0.00 ms
[TIMING] OOB/In-bag index reconstruction: 180.07 ms
[TIMING] Leaf weights & density precomputation: 667.71 ms
[TIMING] Transfer structures to backend: 0.01 ms
[TIMING] Total fit: 847.79 ms
[TIMING] Test leaf ID extraction: 35.41 ms
[TIMING] Proximity matrix accumulation: 1345.80 ms
[TIMING] Neighbor sorting & quantiles: 43.62 ms
[TIMING] Total compute_uq: 1426.97 ms
    [TIMING] UQ Calculation (Proximity_Method_A): 2.2753 s
[TIMING] Random Forest fit/check: 0.00 ms
[TIMING] OOB/In-bag index reconstruction: 173.18 ms
[TIMING] Leaf weights & density precomputation: 468.52 ms
[TIMING] Transfer structures to backend: 0.01 ms
[TIMING] Total fit: 641.72 ms
[TIMING] Test leaf ID extraction: 34.70 ms
[TIMING] Proximity matrix accumulation: 1571.21 ms
[TIMING] Neighbor sorting & quantiles: 50.99 ms
[TIMING] Total compute_uq: 1657.15 ms
    [TIMING] UQ Calculation (Proximity_Method_B): 2.3023 s
[TIMING] Random Forest fit/check: 0.00 ms
[TIMING] OOB/In-bag index reconstruction: 174.62 ms
[TIMING] Leaf weights & density precomputation: 897.89 ms
[TIMING] Transfer structures to backend: 0.02 ms
[TIMING] Total fit: 1072.53 ms
[TIMING] Test leaf ID extraction: 35.73 ms
[TIMING] Proximity matrix accumulation: 1941.45 ms
[TIMING] Neighbor sorting & quantiles: 52.23 ms
[TIMING] Total compute_uq: 2030.98 ms
[DEBUG DENSITY] mean walked density = 63.1201, min = 53.7239, max = 70.6542
    [TIMING] UQ Calculation (Proximity_Method_C): 3.1143 s
[TIMING] Random Forest fit/check: 0.00 ms
[TIMING] OOB/In-bag index reconstruction: 200.24 ms
[TIMING] Leaf weights & density precomputation: 898.80 ms
[TIMING] Transfer structures to backend: 0.04 ms
[TIMING] Total fit: 1099.08 ms
[TIMING] Test leaf ID extraction: 47.65 ms
[TIMING] Proximity matrix accumulation: 1932.51 ms
[TIMING] Neighbor sorting & quantiles: 50.95 ms
[TIMING] Total compute_uq: 2032.96 ms
[DEBUG DENSITY] mean walked density = 63.1201, min = 53.7239, max = 70.6542
    [TIMING] UQ Calculation (Proximity_Method_B_C): 3.1432 s
    [TIMING] Metrics Calculation: 0.0802 s
    [TIMING] Total Single Evaluation: 12.7833 s

  >>> Starting: Function=sin_cos_4d, Seed=6
    [TIMING] Data Generation: 0.0038 s
    [TIMING] Random Forest Fitting: 0.9204 s
    [TIMING] RF Predicting: 0.0430 s
    [TIMING] Base Aleatoric: 0.0555 s
[TIMING] Random Forest fit/check: 0.00 ms
[TIMING] OOB/In-bag index reconstruction: 184.22 ms
[TIMING] Leaf weights & density precomputation: 306.42 ms
[TIMING] Transfer structures to backend: 0.02 ms
[TIMING] Total fit: 490.66 ms
[TIMING] Test leaf ID extraction: 35.73 ms
[TIMING] Proximity matrix accumulation: 1026.80 ms
[TIMING] Neighbor sorting & quantiles: 96.98 ms
[TIMING] Total compute_uq: 1161.16 ms
    [TIMING] UQ Calculation (Proximity_Baseline): 1.6544 s
[TIMING] Random Forest fit/check: 0.00 ms
[TIMING] OOB/In-bag index reconstruction: 177.39 ms
[TIMING] Leaf weights & density precomputation: 767.43 ms
[TIMING] Transfer structures to backend: 0.02 ms
[TIMING] Total fit: 944.85 ms
[TIMING] Test leaf ID extraction: 189.34 ms
[TIMING] Proximity matrix accumulation: 2523.84 ms
[TIMING] Neighbor sorting & quantiles: 115.29 ms
[TIMING] Total compute_uq: 2828.82 ms
    [TIMING] UQ Calculation (Proximity_Method_A): 3.7759 s
[TIMING] Random Forest fit/check: 0.00 ms
[TIMING] OOB/In-bag index reconstruction: 473.67 ms
[TIMING] Leaf weights & density precomputation: 1041.30 ms
[TIMING] Transfer structures to backend: 0.02 ms
[TIMING] Total fit: 1514.99 ms
[TIMING] Test leaf ID extraction: 187.92 ms
[TIMING] Proximity matrix accumulation: 2879.93 ms
[TIMING] Neighbor sorting & quantiles: 99.17 ms
[TIMING] Total compute_uq: 3169.03 ms
    [TIMING] UQ Calculation (Proximity_Method_B): 4.6880 s
[TIMING] Random Forest fit/check: 0.00 ms
[TIMING] OOB/In-bag index reconstruction: 763.83 ms
[TIMING] Leaf weights & density precomputation: 1418.99 ms
[TIMING] Transfer structures to backend: 0.02 ms
[TIMING] Total fit: 2182.85 ms
[TIMING] Test leaf ID extraction: 220.12 ms
[TIMING] Proximity matrix accumulation: 3494.20 ms
[TIMING] Neighbor sorting & quantiles: 124.18 ms
[TIMING] Total compute_uq: 3839.76 ms
[DEBUG DENSITY] mean walked density = 64.9971, min = 54.7507, max = 72.4174
    [TIMING] UQ Calculation (Proximity_Method_C): 6.0266 s
[TIMING] Random Forest fit/check: 0.00 ms
[TIMING] OOB/In-bag index reconstruction: 447.59 ms
[TIMING] Leaf weights & density precomputation: 1301.57 ms
[TIMING] Transfer structures to backend: 0.02 ms
[TIMING] Total fit: 1749.19 ms
[TIMING] Test leaf ID extraction: 200.08 ms
[TIMING] Proximity matrix accumulation: 3498.72 ms
[TIMING] Neighbor sorting & quantiles: 69.84 ms
[TIMING] Total compute_uq: 3771.04 ms
[DEBUG DENSITY] mean walked density = 64.9971, min = 54.7507, max = 72.4174
    [TIMING] UQ Calculation (Proximity_Method_B_C): 5.5319 s
    [TIMING] Metrics Calculation: 0.1127 s
    [TIMING] Total Single Evaluation: 22.8128 s

  >>> Starting: Function=quadratic_4d, Seed=6
    [TIMING] Data Generation: 0.0042 s
    [TIMING] Random Forest Fitting: 0.7380 s
    [TIMING] RF Predicting: 0.0426 s
    [TIMING] Base Aleatoric: 0.0531 s
[TIMING] Random Forest fit/check: 0.00 ms
[TIMING] OOB/In-bag index reconstruction: 192.76 ms
[TIMING] Leaf weights & density precomputation: 362.05 ms
[TIMING] Transfer structures to backend: 0.03 ms
[TIMING] Total fit: 554.83 ms
[TIMING] Test leaf ID extraction: 47.87 ms
[TIMING] Proximity matrix accumulation: 1034.45 ms
[TIMING] Neighbor sorting & quantiles: 97.32 ms
[TIMING] Total compute_uq: 1180.20 ms
    [TIMING] UQ Calculation (Proximity_Baseline): 1.7376 s
[TIMING] Random Forest fit/check: 0.00 ms
[TIMING] OOB/In-bag index reconstruction: 193.94 ms
[TIMING] Leaf weights & density precomputation: 768.06 ms
[TIMING] Transfer structures to backend: 0.02 ms
[TIMING] Total fit: 962.01 ms
[TIMING] Test leaf ID extraction: 47.33 ms
[TIMING] Proximity matrix accumulation: 1913.51 ms
[TIMING] Neighbor sorting & quantiles: 61.09 ms
[TIMING] Total compute_uq: 2023.04 ms
    [TIMING] UQ Calculation (Proximity_Method_A): 2.9855 s
[TIMING] Random Forest fit/check: 0.00 ms
[TIMING] OOB/In-bag index reconstruction: 228.73 ms
[TIMING] Leaf weights & density precomputation: 398.35 ms
[TIMING] Transfer structures to backend: 0.02 ms
[TIMING] Total fit: 627.09 ms
[TIMING] Test leaf ID extraction: 57.29 ms
[TIMING] Proximity matrix accumulation: 1259.72 ms
[TIMING] Neighbor sorting & quantiles: 13.80 ms
[TIMING] Total compute_uq: 1331.15 ms
    [TIMING] UQ Calculation (Proximity_Method_B): 1.9595 s
[TIMING] Random Forest fit/check: 0.01 ms
[TIMING] OOB/In-bag index reconstruction: 193.41 ms
[TIMING] Leaf weights & density precomputation: 388.80 ms
[TIMING] Transfer structures to backend: 0.02 ms
[TIMING] Total fit: 582.24 ms
[TIMING] Test leaf ID extraction: 45.81 ms
[TIMING] Proximity matrix accumulation: 1560.08 ms
[TIMING] Neighbor sorting & quantiles: 38.62 ms
[TIMING] Total compute_uq: 1644.81 ms
[DEBUG DENSITY] mean walked density = 64.1139, min = 54.6705, max = 71.2957
    [TIMING] UQ Calculation (Proximity_Method_C): 2.2285 s
[TIMING] Random Forest fit/check: 0.00 ms
[TIMING] OOB/In-bag index reconstruction: 192.20 ms
[TIMING] Leaf weights & density precomputation: 432.97 ms
[TIMING] Transfer structures to backend: 0.01 ms
[TIMING] Total fit: 625.18 ms
[TIMING] Test leaf ID extraction: 34.93 ms
[TIMING] Proximity matrix accumulation: 1556.98 ms
[TIMING] Neighbor sorting & quantiles: 13.36 ms
[TIMING] Total compute_uq: 1605.53 ms
[DEBUG DENSITY] mean walked density = 64.1139, min = 54.6705, max = 71.2957
    [TIMING] UQ Calculation (Proximity_Method_B_C): 2.2322 s
    [TIMING] Metrics Calculation: 0.0955 s
    [TIMING] Total Single Evaluation: 12.0772 s

  >>> Starting: Function=sin_sum_4d, Seed=6
    [TIMING] Data Generation: 0.0031 s
    [TIMING] Random Forest Fitting: 0.7193 s
    [TIMING] RF Predicting: 0.0432 s
    [TIMING] Base Aleatoric: 0.0544 s
[TIMING] Random Forest fit/check: 0.00 ms
[TIMING] OOB/In-bag index reconstruction: 193.62 ms
[TIMING] Leaf weights & density precomputation: 565.27 ms
[TIMING] Transfer structures to backend: 0.02 ms
[TIMING] Total fit: 758.92 ms
[TIMING] Test leaf ID extraction: 47.21 ms
[TIMING] Proximity matrix accumulation: 878.95 ms
[TIMING] Neighbor sorting & quantiles: 80.73 ms
[TIMING] Total compute_uq: 1008.96 ms
    [TIMING] UQ Calculation (Proximity_Baseline): 1.7704 s
[TIMING] Random Forest fit/check: 0.00 ms
[TIMING] OOB/In-bag index reconstruction: 191.40 ms
[TIMING] Leaf weights & density precomputation: 702.77 ms
[TIMING] Transfer structures to backend: 0.02 ms
[TIMING] Total fit: 894.19 ms
[TIMING] Test leaf ID extraction: 47.72 ms
[TIMING] Proximity matrix accumulation: 2409.36 ms
[TIMING] Neighbor sorting & quantiles: 80.95 ms
[TIMING] Total compute_uq: 2539.64 ms
    [TIMING] UQ Calculation (Proximity_Method_A): 3.4354 s
[TIMING] Random Forest fit/check: 0.00 ms
[TIMING] OOB/In-bag index reconstruction: 188.71 ms
[TIMING] Leaf weights & density precomputation: 704.53 ms
[TIMING] Transfer structures to backend: 0.02 ms
[TIMING] Total fit: 893.26 ms
[TIMING] Test leaf ID extraction: 57.37 ms
[TIMING] Proximity matrix accumulation: 2409.26 ms
[TIMING] Neighbor sorting & quantiles: 53.27 ms
[TIMING] Total compute_uq: 2521.29 ms
    [TIMING] UQ Calculation (Proximity_Method_B): 3.4180 s
[TIMING] Random Forest fit/check: 0.00 ms
[TIMING] OOB/In-bag index reconstruction: 193.97 ms
[TIMING] Leaf weights & density precomputation: 714.57 ms
[TIMING] Transfer structures to backend: 0.01 ms
[TIMING] Total fit: 908.56 ms
[TIMING] Test leaf ID extraction: 46.71 ms
[TIMING] Proximity matrix accumulation: 2975.20 ms
[TIMING] Neighbor sorting & quantiles: 79.07 ms
[TIMING] Total compute_uq: 3101.57 ms
[DEBUG DENSITY] mean walked density = 63.7722, min = 53.9813, max = 72.1120
    [TIMING] UQ Calculation (Proximity_Method_C): 4.0178 s
[TIMING] Random Forest fit/check: 0.00 ms
[TIMING] OOB/In-bag index reconstruction: 188.62 ms
[TIMING] Leaf weights & density precomputation: 702.37 ms
[TIMING] Transfer structures to backend: 0.04 ms
[TIMING] Total fit: 891.03 ms
[TIMING] Test leaf ID extraction: 48.27 ms
[TIMING] Proximity matrix accumulation: 3045.21 ms
[TIMING] Neighbor sorting & quantiles: 52.04 ms
[TIMING] Total compute_uq: 3146.10 ms
[DEBUG DENSITY] mean walked density = 63.7722, min = 53.9813, max = 72.1120
    [TIMING] UQ Calculation (Proximity_Method_B_C): 4.0486 s
    [TIMING] Metrics Calculation: 0.1110 s
    [TIMING] Total Single Evaluation: 17.6217 s

  >>> Starting: Function=sin_cos_5d, Seed=6
    [TIMING] Data Generation: 0.0057 s
    [TIMING] Random Forest Fitting: 1.5033 s
    [TIMING] RF Predicting: 0.0425 s
    [TIMING] Base Aleatoric: 0.0557 s
[TIMING] Random Forest fit/check: 0.00 ms
[TIMING] OOB/In-bag index reconstruction: 231.42 ms
[TIMING] Leaf weights & density precomputation: 341.96 ms
[TIMING] Transfer structures to backend: 0.03 ms
[TIMING] Total fit: 573.40 ms
[TIMING] Test leaf ID extraction: 46.78 ms
[TIMING] Proximity matrix accumulation: 1690.84 ms
[TIMING] Neighbor sorting & quantiles: 154.56 ms
[TIMING] Total compute_uq: 1894.05 ms
    [TIMING] UQ Calculation (Proximity_Baseline): 2.4701 s
[TIMING] Random Forest fit/check: 0.00 ms
[TIMING] OOB/In-bag index reconstruction: 233.18 ms
[TIMING] Leaf weights & density precomputation: 827.95 ms
[TIMING] Transfer structures to backend: 0.02 ms
[TIMING] Total fit: 1061.15 ms
[TIMING] Test leaf ID extraction: 46.21 ms
[TIMING] Proximity matrix accumulation: 4293.49 ms
[TIMING] Neighbor sorting & quantiles: 150.01 ms
[TIMING] Total compute_uq: 4491.99 ms
    [TIMING] UQ Calculation (Proximity_Method_A): 5.5559 s
[TIMING] Random Forest fit/check: 0.00 ms
[TIMING] OOB/In-bag index reconstruction: 221.80 ms
[TIMING] Leaf weights & density precomputation: 830.27 ms
[TIMING] Transfer structures to backend: 0.02 ms
[TIMING] Total fit: 1052.10 ms
[TIMING] Test leaf ID extraction: 46.42 ms
[TIMING] Proximity matrix accumulation: 4323.21 ms
[TIMING] Neighbor sorting & quantiles: 89.73 ms
[TIMING] Total compute_uq: 4460.49 ms
    [TIMING] UQ Calculation (Proximity_Method_B): 5.5162 s
[TIMING] Random Forest fit/check: 0.00 ms
[TIMING] OOB/In-bag index reconstruction: 225.59 ms
[TIMING] Leaf weights & density precomputation: 832.02 ms
[TIMING] Transfer structures to backend: 0.02 ms
[TIMING] Total fit: 1057.62 ms
[TIMING] Test leaf ID extraction: 46.49 ms
[TIMING] Proximity matrix accumulation: 5512.03 ms
[TIMING] Neighbor sorting & quantiles: 159.90 ms
[TIMING] Total compute_uq: 5719.58 ms
[DEBUG DENSITY] mean walked density = 64.3997, min = 60.2784, max = 68.5916
    [TIMING] UQ Calculation (Proximity_Method_C): 6.7822 s
[TIMING] Random Forest fit/check: 0.01 ms
[TIMING] OOB/In-bag index reconstruction: 242.93 ms
[TIMING] Leaf weights & density precomputation: 835.49 ms
[TIMING] Transfer structures to backend: 0.02 ms
[TIMING] Total fit: 1078.44 ms
[TIMING] Test leaf ID extraction: 56.57 ms
[TIMING] Proximity matrix accumulation: 5501.61 ms
[TIMING] Neighbor sorting & quantiles: 89.95 ms
[TIMING] Total compute_uq: 5649.55 ms
[DEBUG DENSITY] mean walked density = 64.3997, min = 60.2784, max = 68.5916
    [TIMING] UQ Calculation (Proximity_Method_B_C): 6.7392 s
    [TIMING] Metrics Calculation: 0.0977 s
    [TIMING] Total Single Evaluation: 28.7692 s

  >>> Starting: Function=quadratic_5d, Seed=6
    [TIMING] Data Generation: 0.0056 s
    [TIMING] Random Forest Fitting: 1.1077 s
    [TIMING] RF Predicting: 0.0434 s
    [TIMING] Base Aleatoric: 0.0573 s
[TIMING] Random Forest fit/check: 0.00 ms
[TIMING] OOB/In-bag index reconstruction: 233.22 ms
[TIMING] Leaf weights & density precomputation: 532.41 ms
[TIMING] Transfer structures to backend: 0.02 ms
[TIMING] Total fit: 765.66 ms
[TIMING] Test leaf ID extraction: 47.46 ms
[TIMING] Proximity matrix accumulation: 1687.66 ms
[TIMING] Neighbor sorting & quantiles: 161.45 ms
[TIMING] Total compute_uq: 1897.51 ms
    [TIMING] UQ Calculation (Proximity_Baseline): 2.6657 s
[TIMING] Random Forest fit/check: 0.00 ms
[TIMING] OOB/In-bag index reconstruction: 234.03 ms
[TIMING] Leaf weights & density precomputation: 829.34 ms
[TIMING] Transfer structures to backend: 0.01 ms
[TIMING] Total fit: 1063.38 ms
[TIMING] Test leaf ID extraction: 47.76 ms
[TIMING] Proximity matrix accumulation: 4416.63 ms
[TIMING] Neighbor sorting & quantiles: 155.22 ms
[TIMING] Total compute_uq: 4620.29 ms
    [TIMING] UQ Calculation (Proximity_Method_A): 5.6865 s
[TIMING] Random Forest fit/check: 0.00 ms
[TIMING] OOB/In-bag index reconstruction: 227.64 ms
[TIMING] Leaf weights & density precomputation: 852.57 ms
[TIMING] Transfer structures to backend: 0.01 ms
[TIMING] Total fit: 1080.23 ms
[TIMING] Test leaf ID extraction: 46.72 ms
[TIMING] Proximity matrix accumulation: 2588.30 ms
[TIMING] Neighbor sorting & quantiles: 32.84 ms
[TIMING] Total compute_uq: 2668.66 ms
    [TIMING] UQ Calculation (Proximity_Method_B): 3.7503 s
[TIMING] Random Forest fit/check: 0.01 ms
[TIMING] OOB/In-bag index reconstruction: 234.26 ms
[TIMING] Leaf weights & density precomputation: 456.78 ms
[TIMING] Transfer structures to backend: 0.02 ms
[TIMING] Total fit: 691.07 ms
[TIMING] Test leaf ID extraction: 46.15 ms
[TIMING] Proximity matrix accumulation: 2442.50 ms
[TIMING] Neighbor sorting & quantiles: 62.30 ms
[TIMING] Total compute_uq: 2551.31 ms
[DEBUG DENSITY] mean walked density = 64.3552, min = 54.6907, max = 69.7715
    [TIMING] UQ Calculation (Proximity_Method_C): 3.2439 s
[TIMING] Random Forest fit/check: 0.00 ms
[TIMING] OOB/In-bag index reconstruction: 230.83 ms
[TIMING] Leaf weights & density precomputation: 448.46 ms
[TIMING] Transfer structures to backend: 0.02 ms
[TIMING] Total fit: 679.31 ms
[TIMING] Test leaf ID extraction: 45.98 ms
[TIMING] Proximity matrix accumulation: 2440.90 ms
[TIMING] Neighbor sorting & quantiles: 18.84 ms
[TIMING] Total compute_uq: 2506.03 ms
[DEBUG DENSITY] mean walked density = 64.3552, min = 54.6907, max = 69.7715
    [TIMING] UQ Calculation (Proximity_Method_B_C): 3.1867 s
    [TIMING] Metrics Calculation: 0.1035 s
    [TIMING] Total Single Evaluation: 19.8512 s

  >>> Starting: Function=gaussian_5d, Seed=6
    [TIMING] Data Generation: 0.0041 s
    [TIMING] Random Forest Fitting: 1.1080 s
    [TIMING] RF Predicting: 0.0533 s
    [TIMING] Base Aleatoric: 0.0569 s
[TIMING] Random Forest fit/check: 0.00 ms
[TIMING] OOB/In-bag index reconstruction: 232.00 ms
[TIMING] Leaf weights & density precomputation: 72.46 ms
[TIMING] Transfer structures to backend: 0.02 ms
[TIMING] Total fit: 304.47 ms
[TIMING] Test leaf ID extraction: 35.47 ms
[TIMING] Proximity matrix accumulation: 1037.92 ms
[TIMING] Neighbor sorting & quantiles: 96.88 ms
[TIMING] Total compute_uq: 1170.60 ms
    [TIMING] UQ Calculation (Proximity_Baseline): 1.4755 s
[TIMING] Random Forest fit/check: 0.00 ms
[TIMING] OOB/In-bag index reconstruction: 234.26 ms
[TIMING] Leaf weights & density precomputation: 753.17 ms
[TIMING] Transfer structures to backend: 0.02 ms
[TIMING] Total fit: 987.45 ms
[TIMING] Test leaf ID extraction: 47.74 ms
[TIMING] Proximity matrix accumulation: 3752.27 ms
[TIMING] Neighbor sorting & quantiles: 131.76 ms
[TIMING] Total compute_uq: 3933.30 ms
    [TIMING] UQ Calculation (Proximity_Method_A): 4.9214 s
[TIMING] Random Forest fit/check: 0.00 ms
[TIMING] OOB/In-bag index reconstruction: 230.85 ms
[TIMING] Leaf weights & density precomputation: 751.53 ms
[TIMING] Transfer structures to backend: 0.02 ms
[TIMING] Total fit: 982.40 ms
[TIMING] Test leaf ID extraction: 47.50 ms
[TIMING] Proximity matrix accumulation: 3748.37 ms
[TIMING] Neighbor sorting & quantiles: 67.00 ms
[TIMING] Total compute_uq: 3863.58 ms
    [TIMING] UQ Calculation (Proximity_Method_B): 4.8496 s
[TIMING] Random Forest fit/check: 0.00 ms
[TIMING] OOB/In-bag index reconstruction: 222.96 ms
[TIMING] Leaf weights & density precomputation: 745.79 ms
[TIMING] Transfer structures to backend: 0.04 ms
[TIMING] Total fit: 968.79 ms
[TIMING] Test leaf ID extraction: 58.80 ms
[TIMING] Proximity matrix accumulation: 4662.20 ms
[TIMING] Neighbor sorting & quantiles: 132.57 ms
[TIMING] Total compute_uq: 4855.94 ms
[DEBUG DENSITY] mean walked density = 63.5477, min = 56.9717, max = 70.4054
    [TIMING] UQ Calculation (Proximity_Method_C): 5.8326 s
[TIMING] Random Forest fit/check: 0.01 ms
[TIMING] OOB/In-bag index reconstruction: 242.57 ms
[TIMING] Leaf weights & density precomputation: 754.50 ms
[TIMING] Transfer structures to backend: 0.01 ms
[TIMING] Total fit: 997.09 ms
[TIMING] Test leaf ID extraction: 46.95 ms
[TIMING] Proximity matrix accumulation: 4996.25 ms
[TIMING] Neighbor sorting & quantiles: 85.55 ms
[TIMING] Total compute_uq: 5129.06 ms
[DEBUG DENSITY] mean walked density = 63.5477, min = 56.9717, max = 70.4054
    [TIMING] UQ Calculation (Proximity_Method_B_C): 6.1371 s
    [TIMING] Metrics Calculation: 0.1015 s
    [TIMING] Total Single Evaluation: 24.5404 s

  >>> Starting: Function=sin_cos_6d, Seed=6
    [TIMING] Data Generation: 0.0075 s
    [TIMING] Random Forest Fitting: 2.1695 s
    [TIMING] RF Predicting: 0.0535 s
    [TIMING] Base Aleatoric: 0.0596 s
[TIMING] Random Forest fit/check: 0.00 ms
[TIMING] OOB/In-bag index reconstruction: 277.92 ms
[TIMING] Leaf weights & density precomputation: 267.92 ms
[TIMING] Transfer structures to backend: 0.03 ms
[TIMING] Total fit: 545.86 ms
[TIMING] Test leaf ID extraction: 249.18 ms
[TIMING] Proximity matrix accumulation: 2103.75 ms
[TIMING] Neighbor sorting & quantiles: 185.62 ms
[TIMING] Total compute_uq: 2539.11 ms
    [TIMING] UQ Calculation (Proximity_Baseline): 3.0999 s
[TIMING] Random Forest fit/check: 0.00 ms
[TIMING] OOB/In-bag index reconstruction: 451.99 ms
[TIMING] Leaf weights & density precomputation: 908.15 ms
[TIMING] Transfer structures to backend: 0.02 ms
[TIMING] Total fit: 1360.16 ms
[TIMING] Test leaf ID extraction: 46.86 ms
[TIMING] Proximity matrix accumulation: 6184.80 ms
[TIMING] Neighbor sorting & quantiles: 206.88 ms
[TIMING] Total compute_uq: 6438.98 ms
    [TIMING] UQ Calculation (Proximity_Method_A): 7.8020 s
[TIMING] Random Forest fit/check: 0.00 ms
[TIMING] OOB/In-bag index reconstruction: 243.41 ms
[TIMING] Leaf weights & density precomputation: 921.16 ms
[TIMING] Transfer structures to backend: 0.02 ms
[TIMING] Total fit: 1164.59 ms
[TIMING] Test leaf ID extraction: 47.09 ms
[TIMING] Proximity matrix accumulation: 6307.62 ms
[TIMING] Neighbor sorting & quantiles: 110.82 ms
[TIMING] Total compute_uq: 6466.08 ms
    [TIMING] UQ Calculation (Proximity_Method_B): 7.6345 s
[TIMING] Random Forest fit/check: 0.01 ms
[TIMING] OOB/In-bag index reconstruction: 235.51 ms
[TIMING] Leaf weights & density precomputation: 1063.18 ms
[TIMING] Transfer structures to backend: 0.02 ms
[TIMING] Total fit: 1298.71 ms
[TIMING] Test leaf ID extraction: 49.94 ms
[TIMING] Proximity matrix accumulation: 7891.51 ms
[TIMING] Neighbor sorting & quantiles: 207.40 ms
[TIMING] Total compute_uq: 8150.70 ms
[DEBUG DENSITY] mean walked density = 63.8821, min = 59.7014, max = 67.7216
    [TIMING] UQ Calculation (Proximity_Method_C): 9.4606 s
[TIMING] Random Forest fit/check: 0.00 ms
[TIMING] OOB/In-bag index reconstruction: 491.73 ms
[TIMING] Leaf weights & density precomputation: 1201.78 ms
[TIMING] Transfer structures to backend: 0.02 ms
[TIMING] Total fit: 1693.54 ms
[TIMING] Test leaf ID extraction: 171.56 ms
[TIMING] Proximity matrix accumulation: 7833.79 ms
[TIMING] Neighbor sorting & quantiles: 121.99 ms
[TIMING] Total compute_uq: 8128.91 ms
[DEBUG DENSITY] mean walked density = 63.8821, min = 59.7014, max = 67.7216
    [TIMING] UQ Calculation (Proximity_Method_B_C): 9.8338 s
    [TIMING] Metrics Calculation: 0.1557 s
    [TIMING] Total Single Evaluation: 40.2772 s

  >>> Starting: Function=quadratic_6d, Seed=6
    [TIMING] Data Generation: 0.0080 s
    [TIMING] Random Forest Fitting: 1.5841 s
    [TIMING] RF Predicting: 0.0532 s
    [TIMING] Base Aleatoric: 0.0829 s
[TIMING] Random Forest fit/check: 0.00 ms
[TIMING] OOB/In-bag index reconstruction: 262.40 ms
[TIMING] Leaf weights & density precomputation: 335.58 ms
[TIMING] Transfer structures to backend: 0.02 ms
[TIMING] Total fit: 597.99 ms
[TIMING] Test leaf ID extraction: 48.20 ms
[TIMING] Proximity matrix accumulation: 1379.23 ms
[TIMING] Neighbor sorting & quantiles: 111.43 ms
[TIMING] Total compute_uq: 1539.93 ms
    [TIMING] UQ Calculation (Proximity_Baseline): 2.1382 s
[TIMING] Random Forest fit/check: 0.00 ms
[TIMING] OOB/In-bag index reconstruction: 258.67 ms
[TIMING] Leaf weights & density precomputation: 792.52 ms
[TIMING] Transfer structures to backend: 0.02 ms
[TIMING] Total fit: 1051.21 ms
[TIMING] Test leaf ID extraction: 58.69 ms
[TIMING] Proximity matrix accumulation: 2816.05 ms
[TIMING] Neighbor sorting & quantiles: 89.23 ms
[TIMING] Total compute_uq: 2964.42 ms
    [TIMING] UQ Calculation (Proximity_Method_A): 4.0161 s
[TIMING] Random Forest fit/check: 0.00 ms
[TIMING] OOB/In-bag index reconstruction: 244.47 ms
[TIMING] Leaf weights & density precomputation: 548.99 ms
[TIMING] Transfer structures to backend: 0.02 ms
[TIMING] Total fit: 793.48 ms
[TIMING] Test leaf ID extraction: 57.52 ms
[TIMING] Proximity matrix accumulation: 2798.74 ms
[TIMING] Neighbor sorting & quantiles: 27.66 ms
[TIMING] Total compute_uq: 2884.25 ms
    [TIMING] UQ Calculation (Proximity_Method_B): 3.6791 s
[TIMING] Random Forest fit/check: 0.00 ms
[TIMING] OOB/In-bag index reconstruction: 236.47 ms
[TIMING] Leaf weights & density precomputation: 532.53 ms
[TIMING] Transfer structures to backend: 0.02 ms
[TIMING] Total fit: 769.02 ms
[TIMING] Test leaf ID extraction: 47.26 ms
[TIMING] Proximity matrix accumulation: 5309.28 ms
[TIMING] Neighbor sorting & quantiles: 141.48 ms
[TIMING] Total compute_uq: 5498.44 ms
[DEBUG DENSITY] mean walked density = 64.7567, min = 52.0470, max = 72.0373
    [TIMING] UQ Calculation (Proximity_Method_C): 6.2750 s
[TIMING] Random Forest fit/check: 0.01 ms
[TIMING] OOB/In-bag index reconstruction: 239.00 ms
[TIMING] Leaf weights & density precomputation: 820.56 ms
[TIMING] Transfer structures to backend: 0.02 ms
[TIMING] Total fit: 1059.58 ms
[TIMING] Test leaf ID extraction: 47.91 ms
[TIMING] Proximity matrix accumulation: 6654.82 ms
[TIMING] Neighbor sorting & quantiles: 86.86 ms
[TIMING] Total compute_uq: 6790.12 ms
[DEBUG DENSITY] mean walked density = 64.7567, min = 52.0470, max = 72.0373
    [TIMING] UQ Calculation (Proximity_Method_B_C): 7.8585 s
    [TIMING] Metrics Calculation: 0.1497 s
    [TIMING] Total Single Evaluation: 25.8454 s

  >>> Starting: Function=friedman_6d, Seed=6
    [TIMING] Data Generation: 0.0085 s
    [TIMING] Random Forest Fitting: 1.3394 s
    [TIMING] RF Predicting: 0.0532 s
    [TIMING] Base Aleatoric: 0.0682 s
[TIMING] Random Forest fit/check: 0.00 ms
[TIMING] OOB/In-bag index reconstruction: 233.89 ms
[TIMING] Leaf weights & density precomputation: 573.51 ms
[TIMING] Transfer structures to backend: 0.02 ms
[TIMING] Total fit: 807.42 ms
[TIMING] Test leaf ID extraction: 48.05 ms
[TIMING] Proximity matrix accumulation: 2106.07 ms
[TIMING] Neighbor sorting & quantiles: 168.68 ms
[TIMING] Total compute_uq: 2324.35 ms
    [TIMING] UQ Calculation (Proximity_Baseline): 3.1332 s
[TIMING] Random Forest fit/check: 0.00 ms
[TIMING] OOB/In-bag index reconstruction: 234.41 ms
[TIMING] Leaf weights & density precomputation: 818.47 ms
[TIMING] Transfer structures to backend: 0.02 ms
[TIMING] Total fit: 1052.91 ms
[TIMING] Test leaf ID extraction: 58.14 ms
[TIMING] Proximity matrix accumulation: 5811.03 ms
[TIMING] Neighbor sorting & quantiles: 190.38 ms
[TIMING] Total compute_uq: 6060.70 ms
    [TIMING] UQ Calculation (Proximity_Method_A): 7.1164 s
[TIMING] Random Forest fit/check: 0.00 ms
[TIMING] OOB/In-bag index reconstruction: 228.04 ms
[TIMING] Leaf weights & density precomputation: 942.75 ms
[TIMING] Transfer structures to backend: 0.04 ms
[TIMING] Total fit: 1170.84 ms
[TIMING] Test leaf ID extraction: 60.27 ms
[TIMING] Proximity matrix accumulation: 6285.65 ms
[TIMING] Neighbor sorting & quantiles: 110.90 ms
[TIMING] Total compute_uq: 6458.79 ms
    [TIMING] UQ Calculation (Proximity_Method_B): 7.6333 s
[TIMING] Random Forest fit/check: 0.01 ms
[TIMING] OOB/In-bag index reconstruction: 245.19 ms
[TIMING] Leaf weights & density precomputation: 901.52 ms
[TIMING] Transfer structures to backend: 0.02 ms
[TIMING] Total fit: 1146.73 ms
[TIMING] Test leaf ID extraction: 47.79 ms
[TIMING] Proximity matrix accumulation: 7708.81 ms
[TIMING] Neighbor sorting & quantiles: 207.42 ms
[TIMING] Total compute_uq: 7966.14 ms
[DEBUG DENSITY] mean walked density = 64.5129, min = 58.2977, max = 68.9854
    [TIMING] UQ Calculation (Proximity_Method_C): 9.1239 s
[TIMING] Random Forest fit/check: 0.00 ms
[TIMING] OOB/In-bag index reconstruction: 232.82 ms
[TIMING] Leaf weights & density precomputation: 994.78 ms
[TIMING] Transfer structures to backend: 0.01 ms
[TIMING] Total fit: 1227.62 ms
[TIMING] Test leaf ID extraction: 48.30 ms
[TIMING] Proximity matrix accumulation: 7852.50 ms
[TIMING] Neighbor sorting & quantiles: 109.95 ms
[TIMING] Total compute_uq: 8012.37 ms
[DEBUG DENSITY] mean walked density = 64.5129, min = 58.2977, max = 68.9854
    [TIMING] UQ Calculation (Proximity_Method_B_C): 9.2509 s
    [TIMING] Metrics Calculation: 0.1670 s
    [TIMING] Total Single Evaluation: 37.8946 s

  >>> Starting: Function=sin_cos_7d, Seed=6
    [TIMING] Data Generation: 0.0141 s
    [TIMING] Random Forest Fitting: 2.9444 s
    [TIMING] RF Predicting: 0.0531 s
    [TIMING] Base Aleatoric: 0.0713 s
[TIMING] Random Forest fit/check: 0.00 ms
[TIMING] OOB/In-bag index reconstruction: 243.32 ms
[TIMING] Leaf weights & density precomputation: 472.85 ms
[TIMING] Transfer structures to backend: 0.02 ms
[TIMING] Total fit: 716.19 ms
[TIMING] Test leaf ID extraction: 59.11 ms
[TIMING] Proximity matrix accumulation: 3385.74 ms
[TIMING] Neighbor sorting & quantiles: 292.92 ms
[TIMING] Total compute_uq: 3738.56 ms
    [TIMING] UQ Calculation (Proximity_Baseline): 4.4574 s
[TIMING] Random Forest fit/check: 0.00 ms
[TIMING] OOB/In-bag index reconstruction: 236.30 ms
[TIMING] Leaf weights & density precomputation: 1023.05 ms
[TIMING] Transfer structures to backend: 0.01 ms
[TIMING] Total fit: 1259.36 ms
[TIMING] Test leaf ID extraction: 58.31 ms
[TIMING] Proximity matrix accumulation: 8560.28 ms
[TIMING] Neighbor sorting & quantiles: 291.58 ms
[TIMING] Total compute_uq: 8910.85 ms
    [TIMING] UQ Calculation (Proximity_Method_A): 10.1730 s
[TIMING] Random Forest fit/check: 0.00 ms
[TIMING] OOB/In-bag index reconstruction: 240.00 ms
[TIMING] Leaf weights & density precomputation: 1037.49 ms
[TIMING] Transfer structures to backend: 0.02 ms
[TIMING] Total fit: 1277.51 ms
[TIMING] Test leaf ID extraction: 57.54 ms
[TIMING] Proximity matrix accumulation: 5728.73 ms
[TIMING] Neighbor sorting & quantiles: 73.00 ms
[TIMING] Total compute_uq: 5859.81 ms
    [TIMING] UQ Calculation (Proximity_Method_B): 7.1387 s
[TIMING] Random Forest fit/check: 0.02 ms
[TIMING] OOB/In-bag index reconstruction: 404.94 ms
[TIMING] Leaf weights & density precomputation: 651.04 ms
[TIMING] Transfer structures to backend: 0.02 ms
[TIMING] Total fit: 1056.01 ms
[TIMING] Test leaf ID extraction: 57.35 ms
[TIMING] Proximity matrix accumulation: 4740.41 ms
[TIMING] Neighbor sorting & quantiles: 119.93 ms
[TIMING] Total compute_uq: 4918.04 ms
[DEBUG DENSITY] mean walked density = 64.3247, min = 59.6444, max = 67.6184
    [TIMING] UQ Calculation (Proximity_Method_C): 5.9757 s
[TIMING] Random Forest fit/check: 0.00 ms
[TIMING] OOB/In-bag index reconstruction: 243.61 ms
[TIMING] Leaf weights & density precomputation: 659.07 ms
[TIMING] Transfer structures to backend: 0.02 ms
[TIMING] Total fit: 902.69 ms
[TIMING] Test leaf ID extraction: 57.93 ms
[TIMING] Proximity matrix accumulation: 4722.58 ms
[TIMING] Neighbor sorting & quantiles: 33.53 ms
[TIMING] Total compute_uq: 4814.39 ms
[DEBUG DENSITY] mean walked density = 64.3247, min = 59.6444, max = 67.6184
    [TIMING] UQ Calculation (Proximity_Method_B_C): 5.7186 s
    [TIMING] Metrics Calculation: 0.1549 s
    [TIMING] Total Single Evaluation: 36.7019 s

  >>> Starting: Function=quadratic_7d, Seed=6
    [TIMING] Data Generation: 0.0108 s
    [TIMING] Random Forest Fitting: 2.2042 s
    [TIMING] RF Predicting: 0.0530 s
    [TIMING] Base Aleatoric: 0.0599 s
[TIMING] Random Forest fit/check: 0.00 ms
[TIMING] OOB/In-bag index reconstruction: 245.62 ms
[TIMING] Leaf weights & density precomputation: 581.09 ms
[TIMING] Transfer structures to backend: 0.03 ms
[TIMING] Total fit: 826.74 ms
[TIMING] Test leaf ID extraction: 47.59 ms
[TIMING] Proximity matrix accumulation: 2875.68 ms
[TIMING] Neighbor sorting & quantiles: 246.34 ms
[TIMING] Total compute_uq: 3170.04 ms
    [TIMING] UQ Calculation (Proximity_Baseline): 3.9993 s
[TIMING] Random Forest fit/check: 0.00 ms
[TIMING] OOB/In-bag index reconstruction: 236.80 ms
[TIMING] Leaf weights & density precomputation: 867.83 ms
[TIMING] Transfer structures to backend: 0.02 ms
[TIMING] Total fit: 1104.64 ms
[TIMING] Test leaf ID extraction: 57.55 ms
[TIMING] Proximity matrix accumulation: 7294.87 ms
[TIMING] Neighbor sorting & quantiles: 244.21 ms
[TIMING] Total compute_uq: 7597.96 ms
    [TIMING] UQ Calculation (Proximity_Method_A): 8.7034 s
[TIMING] Random Forest fit/check: 0.01 ms
[TIMING] OOB/In-bag index reconstruction: 235.39 ms
[TIMING] Leaf weights & density precomputation: 878.38 ms
[TIMING] Transfer structures to backend: 0.02 ms
[TIMING] Total fit: 1113.79 ms
[TIMING] Test leaf ID extraction: 47.58 ms
[TIMING] Proximity matrix accumulation: 7257.05 ms
[TIMING] Neighbor sorting & quantiles: 105.50 ms
[TIMING] Total compute_uq: 7411.49 ms
    [TIMING] UQ Calculation (Proximity_Method_B): 8.5287 s
[TIMING] Random Forest fit/check: 0.00 ms
[TIMING] OOB/In-bag index reconstruction: 225.74 ms
[TIMING] Leaf weights & density precomputation: 618.34 ms
[TIMING] Transfer structures to backend: 0.04 ms
[TIMING] Total fit: 844.12 ms
[TIMING] Test leaf ID extraction: 47.56 ms
[TIMING] Proximity matrix accumulation: 10649.42 ms
[TIMING] Neighbor sorting & quantiles: 291.11 ms
[TIMING] Total compute_uq: 10989.90 ms
[DEBUG DENSITY] mean walked density = 64.1514, min = 53.6134, max = 70.0240
    [TIMING] UQ Calculation (Proximity_Method_C): 11.8454 s
[TIMING] Random Forest fit/check: 0.00 ms
[TIMING] OOB/In-bag index reconstruction: 231.50 ms
[TIMING] Leaf weights & density precomputation: 952.58 ms
[TIMING] Transfer structures to backend: 0.02 ms
[TIMING] Total fit: 1184.09 ms
[TIMING] Test leaf ID extraction: 48.04 ms
[TIMING] Proximity matrix accumulation: 10299.10 ms
[TIMING] Neighbor sorting & quantiles: 126.08 ms
[TIMING] Total compute_uq: 10474.85 ms
[DEBUG DENSITY] mean walked density = 64.1514, min = 53.6134, max = 70.0240
    [TIMING] UQ Calculation (Proximity_Method_B_C): 11.6701 s
    [TIMING] Metrics Calculation: 0.1210 s
    [TIMING] Total Single Evaluation: 47.1964 s

  >>> Starting: Function=interaction_7d, Seed=6
    [TIMING] Data Generation: 0.0082 s
    [TIMING] Random Forest Fitting: 1.9790 s
    [TIMING] RF Predicting: 0.0529 s
    [TIMING] Base Aleatoric: 0.0822 s
[TIMING] Random Forest fit/check: 0.00 ms
[TIMING] OOB/In-bag index reconstruction: 252.50 ms
[TIMING] Leaf weights & density precomputation: 455.58 ms
[TIMING] Transfer structures to backend: 0.02 ms
[TIMING] Total fit: 708.10 ms
[TIMING] Test leaf ID extraction: 48.11 ms
[TIMING] Proximity matrix accumulation: 3385.34 ms
[TIMING] Neighbor sorting & quantiles: 294.99 ms
[TIMING] Total compute_uq: 3729.05 ms
    [TIMING] UQ Calculation (Proximity_Baseline): 4.4398 s
[TIMING] Random Forest fit/check: 0.00 ms
[TIMING] OOB/In-bag index reconstruction: 240.40 ms
[TIMING] Leaf weights & density precomputation: 973.56 ms
[TIMING] Transfer structures to backend: 0.02 ms
[TIMING] Total fit: 1213.98 ms
[TIMING] Test leaf ID extraction: 46.94 ms
[TIMING] Proximity matrix accumulation: 8593.40 ms
[TIMING] Neighbor sorting & quantiles: 284.62 ms
[TIMING] Total compute_uq: 8926.52 ms
    [TIMING] UQ Calculation (Proximity_Method_A): 10.1409 s
[TIMING] Random Forest fit/check: 0.00 ms
[TIMING] OOB/In-bag index reconstruction: 229.59 ms
[TIMING] Leaf weights & density precomputation: 973.22 ms
[TIMING] Transfer structures to backend: 0.02 ms
[TIMING] Total fit: 1202.83 ms
[TIMING] Test leaf ID extraction: 47.14 ms
[TIMING] Proximity matrix accumulation: 8404.73 ms
[TIMING] Neighbor sorting & quantiles: 123.94 ms
[TIMING] Total compute_uq: 8576.32 ms
    [TIMING] UQ Calculation (Proximity_Method_B): 9.7828 s
[TIMING] Random Forest fit/check: 0.01 ms
[TIMING] OOB/In-bag index reconstruction: 246.59 ms
[TIMING] Leaf weights & density precomputation: 960.78 ms
[TIMING] Transfer structures to backend: 0.02 ms
[TIMING] Total fit: 1207.40 ms
[TIMING] Test leaf ID extraction: 57.59 ms
[TIMING] Proximity matrix accumulation: 9943.92 ms
[TIMING] Neighbor sorting & quantiles: 263.32 ms
[TIMING] Total compute_uq: 10265.38 ms
[DEBUG DENSITY] mean walked density = 63.6042, min = 55.1712, max = 69.0087
    [TIMING] UQ Calculation (Proximity_Method_C): 11.4746 s
[TIMING] Random Forest fit/check: 0.00 ms
[TIMING] OOB/In-bag index reconstruction: 665.77 ms
[TIMING] Leaf weights & density precomputation: 1212.27 ms
[TIMING] Transfer structures to backend: 0.02 ms
[TIMING] Total fit: 1878.06 ms
[TIMING] Test leaf ID extraction: 194.01 ms
[TIMING] Proximity matrix accumulation: 4813.70 ms
[TIMING] Neighbor sorting & quantiles: 76.75 ms
[TIMING] Total compute_uq: 5084.92 ms
[DEBUG DENSITY] mean walked density = 63.6042, min = 55.1712, max = 69.0087
    [TIMING] UQ Calculation (Proximity_Method_B_C): 6.9652 s
    [TIMING] Metrics Calculation: 1.3851 s
    [TIMING] Total Single Evaluation: 46.3114 s

  >>> Starting: Function=sin_cos_8d, Seed=6
    [TIMING] Data Generation: 0.0533 s
    [TIMING] Random Forest Fitting: 7.2065 s
    [TIMING] RF Predicting: 0.0526 s
    [TIMING] Base Aleatoric: 0.0907 s
[TIMING] Random Forest fit/check: 0.00 ms
[TIMING] OOB/In-bag index reconstruction: 248.17 ms
[TIMING] Leaf weights & density precomputation: 91.34 ms
[TIMING] Transfer structures to backend: 0.02 ms
[TIMING] Total fit: 339.53 ms
[TIMING] Test leaf ID extraction: 59.01 ms
[TIMING] Proximity matrix accumulation: 1971.79 ms
[TIMING] Neighbor sorting & quantiles: 158.32 ms
[TIMING] Total compute_uq: 2189.63 ms
    [TIMING] UQ Calculation (Proximity_Baseline): 2.5294 s
[TIMING] Random Forest fit/check: 0.00 ms
[TIMING] OOB/In-bag index reconstruction: 269.19 ms
[TIMING] Leaf weights & density precomputation: 820.53 ms
[TIMING] Transfer structures to backend: 0.02 ms
[TIMING] Total fit: 1089.74 ms
[TIMING] Test leaf ID extraction: 59.70 ms
[TIMING] Proximity matrix accumulation: 4969.61 ms
[TIMING] Neighbor sorting & quantiles: 155.98 ms
[TIMING] Total compute_uq: 5185.69 ms
    [TIMING] UQ Calculation (Proximity_Method_A): 6.2759 s
[TIMING] Random Forest fit/check: 0.00 ms
[TIMING] OOB/In-bag index reconstruction: 290.88 ms
[TIMING] Leaf weights & density precomputation: 760.03 ms
[TIMING] Transfer structures to backend: 0.02 ms
[TIMING] Total fit: 1050.93 ms
[TIMING] Test leaf ID extraction: 59.70 ms
[TIMING] Proximity matrix accumulation: 5567.63 ms
[TIMING] Neighbor sorting & quantiles: 57.28 ms
[TIMING] Total compute_uq: 5684.98 ms
    [TIMING] UQ Calculation (Proximity_Method_B): 6.7395 s
[TIMING] Random Forest fit/check: 0.00 ms
[TIMING] OOB/In-bag index reconstruction: 297.00 ms
[TIMING] Leaf weights & density precomputation: 923.21 ms
[TIMING] Transfer structures to backend: 0.02 ms
[TIMING] Total fit: 1220.23 ms
[TIMING] Test leaf ID extraction: 71.36 ms
[TIMING] Proximity matrix accumulation: 11795.18 ms
[TIMING] Neighbor sorting & quantiles: 299.67 ms
[TIMING] Total compute_uq: 12168.29 ms
[DEBUG DENSITY] mean walked density = 64.2729, min = 59.9816, max = 67.4716
    [TIMING] UQ Calculation (Proximity_Method_C): 13.3960 s
[TIMING] Random Forest fit/check: 0.03 ms
[TIMING] OOB/In-bag index reconstruction: 245.53 ms
[TIMING] Leaf weights & density precomputation: 926.94 ms
[TIMING] Transfer structures to backend: 0.02 ms
[TIMING] Total fit: 1172.52 ms
[TIMING] Test leaf ID extraction: 59.83 ms
[TIMING] Proximity matrix accumulation: 11731.55 ms
[TIMING] Neighbor sorting & quantiles: 125.84 ms
[TIMING] Total compute_uq: 11918.23 ms
[DEBUG DENSITY] mean walked density = 64.2729, min = 59.9816, max = 67.4716
    [TIMING] UQ Calculation (Proximity_Method_B_C): 13.1018 s
    [TIMING] Metrics Calculation: 0.1517 s
    [TIMING] Total Single Evaluation: 49.5983 s

  >>> Starting: Function=quadratic_8d, Seed=6
    [TIMING] Data Generation: 0.0097 s
    [TIMING] Random Forest Fitting: 2.7984 s
    [TIMING] RF Predicting: 0.0638 s
    [TIMING] Base Aleatoric: 0.0852 s
[TIMING] Random Forest fit/check: 0.00 ms
[TIMING] OOB/In-bag index reconstruction: 260.33 ms
[TIMING] Leaf weights & density precomputation: 796.96 ms
[TIMING] Transfer structures to backend: 0.02 ms
[TIMING] Total fit: 1057.32 ms
[TIMING] Test leaf ID extraction: 50.45 ms
[TIMING] Proximity matrix accumulation: 4429.71 ms
[TIMING] Neighbor sorting & quantiles: 358.26 ms
[TIMING] Total compute_uq: 4839.28 ms
    [TIMING] UQ Calculation (Proximity_Baseline): 5.8992 s
[TIMING] Random Forest fit/check: 0.00 ms
[TIMING] OOB/In-bag index reconstruction: 250.03 ms
[TIMING] Leaf weights & density precomputation: 1018.43 ms
[TIMING] Transfer structures to backend: 0.01 ms
[TIMING] Total fit: 1268.48 ms
[TIMING] Test leaf ID extraction: 49.35 ms
[TIMING] Proximity matrix accumulation: 10950.13 ms
[TIMING] Neighbor sorting & quantiles: 342.73 ms
[TIMING] Total compute_uq: 11343.44 ms
    [TIMING] UQ Calculation (Proximity_Method_A): 12.6148 s
[TIMING] Random Forest fit/check: 0.01 ms
[TIMING] OOB/In-bag index reconstruction: 249.57 ms
[TIMING] Leaf weights & density precomputation: 1022.63 ms
[TIMING] Transfer structures to backend: 0.02 ms
[TIMING] Total fit: 1272.22 ms
[TIMING] Test leaf ID extraction: 60.70 ms
[TIMING] Proximity matrix accumulation: 11208.82 ms
[TIMING] Neighbor sorting & quantiles: 155.58 ms
[TIMING] Total compute_uq: 11426.64 ms
    [TIMING] UQ Calculation (Proximity_Method_B): 12.7027 s
[TIMING] Random Forest fit/check: 0.00 ms
[TIMING] OOB/In-bag index reconstruction: 228.19 ms
[TIMING] Leaf weights & density precomputation: 1033.10 ms
[TIMING] Transfer structures to backend: 0.01 ms
[TIMING] Total fit: 1261.31 ms
[TIMING] Test leaf ID extraction: 60.59 ms
[TIMING] Proximity matrix accumulation: 13738.70 ms
[TIMING] Neighbor sorting & quantiles: 350.77 ms
[TIMING] Total compute_uq: 14151.98 ms
[DEBUG DENSITY] mean walked density = 63.9116, min = 57.1077, max = 69.4057
    [TIMING] UQ Calculation (Proximity_Method_C): 15.4243 s
[TIMING] Random Forest fit/check: 0.00 ms
[TIMING] OOB/In-bag index reconstruction: 228.44 ms
[TIMING] Leaf weights & density precomputation: 1025.79 ms
[TIMING] Transfer structures to backend: 0.02 ms
[TIMING] Total fit: 1254.24 ms
[TIMING] Test leaf ID extraction: 61.55 ms
[TIMING] Proximity matrix accumulation: 12599.30 ms
[TIMING] Neighbor sorting & quantiles: 134.46 ms
[TIMING] Total compute_uq: 12795.97 ms
[DEBUG DENSITY] mean walked density = 63.9116, min = 57.1077, max = 69.4057
    [TIMING] UQ Calculation (Proximity_Method_B_C): 14.0522 s
    [TIMING] Metrics Calculation: 2.7147 s
    [TIMING] Total Single Evaluation: 66.3656 s

  >>> Starting: Function=exp_sum_8d, Seed=6
    [TIMING] Data Generation: 0.0142 s
    [TIMING] Random Forest Fitting: 2.8873 s
    [TIMING] RF Predicting: 0.0635 s
    [TIMING] Base Aleatoric: 0.0744 s
[TIMING] Random Forest fit/check: 0.00 ms
[TIMING] OOB/In-bag index reconstruction: 258.11 ms
[TIMING] Leaf weights & density precomputation: 89.39 ms
[TIMING] Transfer structures to backend: 0.02 ms
[TIMING] Total fit: 347.51 ms
[TIMING] Test leaf ID extraction: 60.51 ms
[TIMING] Proximity matrix accumulation: 3498.65 ms
[TIMING] Neighbor sorting & quantiles: 290.06 ms
[TIMING] Total compute_uq: 3849.65 ms
    [TIMING] UQ Calculation (Proximity_Baseline): 4.1998 s
[TIMING] Random Forest fit/check: 0.00 ms
[TIMING] OOB/In-bag index reconstruction: 238.92 ms
[TIMING] Leaf weights & density precomputation: 993.54 ms
[TIMING] Transfer structures to backend: 0.01 ms
[TIMING] Total fit: 1232.47 ms
[TIMING] Test leaf ID extraction: 60.30 ms
[TIMING] Proximity matrix accumulation: 8369.45 ms
[TIMING] Neighbor sorting & quantiles: 267.13 ms
[TIMING] Total compute_uq: 8697.62 ms
    [TIMING] UQ Calculation (Proximity_Method_A): 9.9329 s
[TIMING] Random Forest fit/check: 0.00 ms
[TIMING] OOB/In-bag index reconstruction: 248.97 ms
[TIMING] Leaf weights & density precomputation: 884.78 ms
[TIMING] Transfer structures to backend: 0.03 ms
[TIMING] Total fit: 1133.79 ms
[TIMING] Test leaf ID extraction: 61.12 ms
[TIMING] Proximity matrix accumulation: 8817.43 ms
[TIMING] Neighbor sorting & quantiles: 93.00 ms
[TIMING] Total compute_uq: 8971.97 ms
    [TIMING] UQ Calculation (Proximity_Method_B): 10.1073 s
[TIMING] Random Forest fit/check: 0.01 ms
[TIMING] OOB/In-bag index reconstruction: 249.20 ms
[TIMING] Leaf weights & density precomputation: 917.54 ms
[TIMING] Transfer structures to backend: 0.02 ms
[TIMING] Total fit: 1166.76 ms
[TIMING] Test leaf ID extraction: 72.06 ms
[TIMING] Proximity matrix accumulation: 11748.59 ms
[TIMING] Neighbor sorting & quantiles: 298.15 ms
[TIMING] Total compute_uq: 12119.75 ms
[DEBUG DENSITY] mean walked density = 64.0352, min = 59.6581, max = 69.3322
    [TIMING] UQ Calculation (Proximity_Method_C): 13.2944 s
[TIMING] Random Forest fit/check: 0.01 ms
[TIMING] OOB/In-bag index reconstruction: 240.24 ms
[TIMING] Leaf weights & density precomputation: 914.09 ms
[TIMING] Transfer structures to backend: 0.01 ms
[TIMING] Total fit: 1154.35 ms
[TIMING] Test leaf ID extraction: 60.86 ms
[TIMING] Proximity matrix accumulation: 11695.49 ms
[TIMING] Neighbor sorting & quantiles: 116.71 ms
[TIMING] Total compute_uq: 11873.54 ms
[DEBUG DENSITY] mean walked density = 64.0352, min = 59.6581, max = 69.3322
    [TIMING] UQ Calculation (Proximity_Method_B_C): 13.0354 s
    [TIMING] Metrics Calculation: 0.1301 s
    [TIMING] Total Single Evaluation: 53.7400 s

  >>> Starting: Function=sin_cos_9d, Seed=6
    [TIMING] Data Generation: 0.0154 s
    [TIMING] Random Forest Fitting: 4.3924 s
    [TIMING] RF Predicting: 0.0633 s
    [TIMING] Base Aleatoric: 0.0882 s
[TIMING] Random Forest fit/check: 0.00 ms
[TIMING] OOB/In-bag index reconstruction: 323.64 ms
[TIMING] Leaf weights & density precomputation: 590.76 ms
[TIMING] Transfer structures to backend: 0.02 ms
[TIMING] Total fit: 914.42 ms
[TIMING] Test leaf ID extraction: 69.84 ms
[TIMING] Proximity matrix accumulation: 5194.70 ms
[TIMING] Neighbor sorting & quantiles: 441.54 ms
[TIMING] Total compute_uq: 5706.65 ms
    [TIMING] UQ Calculation (Proximity_Baseline): 6.6236 s
[TIMING] Random Forest fit/check: 0.00 ms
[TIMING] OOB/In-bag index reconstruction: 310.60 ms
[TIMING] Leaf weights & density precomputation: 1117.22 ms
[TIMING] Transfer structures to backend: 0.01 ms
[TIMING] Total fit: 1427.84 ms
[TIMING] Test leaf ID extraction: 69.59 ms
[TIMING] Proximity matrix accumulation: 11899.61 ms
[TIMING] Neighbor sorting & quantiles: 419.00 ms
[TIMING] Total compute_uq: 12390.15 ms
    [TIMING] UQ Calculation (Proximity_Method_A): 13.8209 s
[TIMING] Random Forest fit/check: 0.00 ms
[TIMING] OOB/In-bag index reconstruction: 361.02 ms
[TIMING] Leaf weights & density precomputation: 964.59 ms
[TIMING] Transfer structures to backend: 0.02 ms
[TIMING] Total fit: 1325.63 ms
[TIMING] Test leaf ID extraction: 69.77 ms
[TIMING] Proximity matrix accumulation: 12539.06 ms
[TIMING] Neighbor sorting & quantiles: 187.82 ms
[TIMING] Total compute_uq: 12798.07 ms
    [TIMING] UQ Calculation (Proximity_Method_B): 14.1274 s
[TIMING] Random Forest fit/check: 0.01 ms
[TIMING] OOB/In-bag index reconstruction: 334.08 ms
[TIMING] Leaf weights & density precomputation: 1168.01 ms
[TIMING] Transfer structures to backend: 0.02 ms
[TIMING] Total fit: 1502.12 ms
[TIMING] Test leaf ID extraction: 69.52 ms
[TIMING] Proximity matrix accumulation: 15160.18 ms
[TIMING] Neighbor sorting & quantiles: 415.75 ms
[TIMING] Total compute_uq: 15645.92 ms
[DEBUG DENSITY] mean walked density = 64.5448, min = 60.9084, max = 67.7353
    [TIMING] UQ Calculation (Proximity_Method_C): 17.1593 s
[TIMING] Random Forest fit/check: 0.01 ms
[TIMING] OOB/In-bag index reconstruction: 320.81 ms
[TIMING] Leaf weights & density precomputation: 1127.42 ms
[TIMING] Transfer structures to backend: 0.01 ms
[TIMING] Total fit: 1448.25 ms
[TIMING] Test leaf ID extraction: 70.38 ms
[TIMING] Proximity matrix accumulation: 15015.83 ms
[TIMING] Neighbor sorting & quantiles: 141.99 ms
[TIMING] Total compute_uq: 15228.67 ms
[DEBUG DENSITY] mean walked density = 64.5448, min = 60.9084, max = 67.7353
    [TIMING] UQ Calculation (Proximity_Method_B_C): 16.6785 s
    [TIMING] Metrics Calculation: 0.1661 s
    [TIMING] Total Single Evaluation: 73.1361 s

  >>> Starting: Function=quadratic_9d, Seed=6
    [TIMING] Data Generation: 0.0125 s
    [TIMING] Random Forest Fitting: 3.4080 s
    [TIMING] RF Predicting: 0.0534 s
    [TIMING] Base Aleatoric: 0.0775 s
[TIMING] Random Forest fit/check: 0.00 ms
[TIMING] OOB/In-bag index reconstruction: 325.70 ms
[TIMING] Leaf weights & density precomputation: 431.91 ms
[TIMING] Transfer structures to backend: 0.02 ms
[TIMING] Total fit: 757.62 ms
[TIMING] Test leaf ID extraction: 59.10 ms
[TIMING] Proximity matrix accumulation: 4907.86 ms
[TIMING] Neighbor sorting & quantiles: 409.69 ms
[TIMING] Total compute_uq: 5377.68 ms
    [TIMING] UQ Calculation (Proximity_Baseline): 6.1357 s
[TIMING] Random Forest fit/check: 0.00 ms
[TIMING] OOB/In-bag index reconstruction: 399.58 ms
[TIMING] Leaf weights & density precomputation: 972.89 ms
[TIMING] Transfer structures to backend: 0.02 ms
[TIMING] Total fit: 1372.49 ms
[TIMING] Test leaf ID extraction: 59.56 ms
[TIMING] Proximity matrix accumulation: 13228.60 ms
[TIMING] Neighbor sorting & quantiles: 440.66 ms
[TIMING] Total compute_uq: 13729.26 ms
    [TIMING] UQ Calculation (Proximity_Method_A): 15.1046 s
[TIMING] Random Forest fit/check: 0.01 ms
[TIMING] OOB/In-bag index reconstruction: 292.16 ms
[TIMING] Leaf weights & density precomputation: 1072.57 ms
[TIMING] Transfer structures to backend: 0.04 ms
[TIMING] Total fit: 1364.78 ms
[TIMING] Test leaf ID extraction: 60.84 ms
[TIMING] Proximity matrix accumulation: 11687.48 ms
[TIMING] Neighbor sorting & quantiles: 141.20 ms
[TIMING] Total compute_uq: 11890.88 ms
    [TIMING] UQ Calculation (Proximity_Method_B): 13.2594 s
[TIMING] Random Forest fit/check: 0.01 ms
[TIMING] OOB/In-bag index reconstruction: 349.31 ms
[TIMING] Leaf weights & density precomputation: 1085.55 ms
[TIMING] Transfer structures to backend: 0.02 ms
[TIMING] Total fit: 1434.88 ms
[TIMING] Test leaf ID extraction: 59.20 ms
[TIMING] Proximity matrix accumulation: 14930.05 ms
[TIMING] Neighbor sorting & quantiles: 404.25 ms
[TIMING] Total compute_uq: 15394.68 ms
[DEBUG DENSITY] mean walked density = 63.7759, min = 57.6439, max = 68.3255
    [TIMING] UQ Calculation (Proximity_Method_C): 16.8392 s
[TIMING] Random Forest fit/check: 0.03 ms
[TIMING] OOB/In-bag index reconstruction: 302.11 ms
[TIMING] Leaf weights & density precomputation: 961.56 ms
[TIMING] Transfer structures to backend: 0.02 ms
[TIMING] Total fit: 1263.70 ms
[TIMING] Test leaf ID extraction: 60.37 ms
[TIMING] Proximity matrix accumulation: 17142.64 ms
[TIMING] Neighbor sorting & quantiles: 170.47 ms
[TIMING] Total compute_uq: 17376.01 ms
[DEBUG DENSITY] mean walked density = 63.7759, min = 57.6439, max = 68.3255
    [TIMING] UQ Calculation (Proximity_Method_B_C): 18.6510 s
    [TIMING] Metrics Calculation: 0.1989 s
    [TIMING] Total Single Evaluation: 73.7409 s

  >>> Starting: Function=multi_modal_9d, Seed=6
    [TIMING] Data Generation: 0.0213 s
    [TIMING] Random Forest Fitting: 4.3166 s
    [TIMING] RF Predicting: 0.0535 s
    [TIMING] Base Aleatoric: 0.0873 s
[TIMING] Random Forest fit/check: 0.00 ms
[TIMING] OOB/In-bag index reconstruction: 329.35 ms
[TIMING] Leaf weights & density precomputation: 592.09 ms
[TIMING] Transfer structures to backend: 0.02 ms
[TIMING] Total fit: 921.46 ms
[TIMING] Test leaf ID extraction: 59.06 ms
[TIMING] Proximity matrix accumulation: 5525.06 ms
[TIMING] Neighbor sorting & quantiles: 479.87 ms
[TIMING] Total compute_uq: 6065.13 ms
    [TIMING] UQ Calculation (Proximity_Baseline): 6.9892 s
[TIMING] Random Forest fit/check: 0.03 ms
[TIMING] OOB/In-bag index reconstruction: 308.01 ms
[TIMING] Leaf weights & density precomputation: 1226.95 ms
[TIMING] Transfer structures to backend: 0.02 ms
[TIMING] Total fit: 1535.01 ms
[TIMING] Test leaf ID extraction: 71.93 ms
[TIMING] Proximity matrix accumulation: 12401.16 ms
[TIMING] Neighbor sorting & quantiles: 404.52 ms
[TIMING] Total compute_uq: 12879.24 ms
    [TIMING] UQ Calculation (Proximity_Method_A): 14.4171 s
[TIMING] Random Forest fit/check: 0.00 ms
[TIMING] OOB/In-bag index reconstruction: 305.92 ms
[TIMING] Leaf weights & density precomputation: 965.54 ms
[TIMING] Transfer structures to backend: 0.04 ms
[TIMING] Total fit: 1271.50 ms
[TIMING] Test leaf ID extraction: 71.86 ms
[TIMING] Proximity matrix accumulation: 13170.44 ms
[TIMING] Neighbor sorting & quantiles: 165.56 ms
[TIMING] Total compute_uq: 13408.58 ms
    [TIMING] UQ Calculation (Proximity_Method_B): 14.6840 s
[TIMING] Random Forest fit/check: 0.01 ms
[TIMING] OOB/In-bag index reconstruction: 306.69 ms
[TIMING] Leaf weights & density precomputation: 1230.72 ms
[TIMING] Transfer structures to backend: 0.02 ms
[TIMING] Total fit: 1537.43 ms
[TIMING] Test leaf ID extraction: 70.08 ms
[TIMING] Proximity matrix accumulation: 11953.24 ms
[TIMING] Neighbor sorting & quantiles: 385.55 ms
[TIMING] Total compute_uq: 12409.67 ms
[DEBUG DENSITY] mean walked density = 64.5259, min = 60.4915, max = 68.8485
    [TIMING] UQ Calculation (Proximity_Method_C): 13.9490 s
[TIMING] Random Forest fit/check: 0.04 ms
[TIMING] OOB/In-bag index reconstruction: 1092.25 ms
[TIMING] Leaf weights & density precomputation: 1998.75 ms
[TIMING] Transfer structures to backend: 0.02 ms
[TIMING] Total fit: 3091.06 ms
[TIMING] Test leaf ID extraction: 310.46 ms
[TIMING] Proximity matrix accumulation: 11887.74 ms
[TIMING] Neighbor sorting & quantiles: 124.11 ms
[TIMING] Total compute_uq: 12322.86 ms
[DEBUG DENSITY] mean walked density = 64.5259, min = 60.4915, max = 68.8485
    [TIMING] UQ Calculation (Proximity_Method_B_C): 15.4221 s
    [TIMING] Metrics Calculation: 0.2874 s
    [TIMING] Total Single Evaluation: 70.2282 s

  >>> Starting: Function=sin_cos_10d, Seed=6
    [TIMING] Data Generation: 0.0258 s
    [TIMING] Random Forest Fitting: 6.0944 s
    [TIMING] RF Predicting: 0.0633 s
    [TIMING] Base Aleatoric: 0.0912 s
[TIMING] Random Forest fit/check: 0.00 ms
[TIMING] OOB/In-bag index reconstruction: 350.20 ms
[TIMING] Leaf weights & density precomputation: 251.08 ms
[TIMING] Transfer structures to backend: 0.02 ms
[TIMING] Total fit: 601.30 ms
[TIMING] Test leaf ID extraction: 70.83 ms
[TIMING] Proximity matrix accumulation: 7029.94 ms
[TIMING] Neighbor sorting & quantiles: 581.10 ms
[TIMING] Total compute_uq: 7683.23 ms
    [TIMING] UQ Calculation (Proximity_Baseline): 8.2871 s
[TIMING] Random Forest fit/check: 0.00 ms
[TIMING] OOB/In-bag index reconstruction: 322.92 ms
[TIMING] Leaf weights & density precomputation: 825.63 ms
[TIMING] Transfer structures to backend: 0.01 ms
[TIMING] Total fit: 1148.56 ms
[TIMING] Test leaf ID extraction: 79.84 ms
[TIMING] Proximity matrix accumulation: 14191.16 ms
[TIMING] Neighbor sorting & quantiles: 504.19 ms
[TIMING] Total compute_uq: 14775.62 ms
    [TIMING] UQ Calculation (Proximity_Method_A): 15.9270 s
[TIMING] Random Forest fit/check: 0.01 ms
[TIMING] OOB/In-bag index reconstruction: 310.37 ms
[TIMING] Leaf weights & density precomputation: 1144.89 ms
[TIMING] Transfer structures to backend: 0.02 ms
[TIMING] Total fit: 1455.29 ms
[TIMING] Test leaf ID extraction: 79.92 ms
[TIMING] Proximity matrix accumulation: 17344.09 ms
[TIMING] Neighbor sorting & quantiles: 196.35 ms
[TIMING] Total compute_uq: 17622.89 ms
    [TIMING] UQ Calculation (Proximity_Method_B): 19.0820 s
[TIMING] Random Forest fit/check: 0.01 ms
[TIMING] OOB/In-bag index reconstruction: 384.53 ms
[TIMING] Leaf weights & density precomputation: 857.14 ms
[TIMING] Transfer structures to backend: 0.02 ms
[TIMING] Total fit: 1241.70 ms
[TIMING] Test leaf ID extraction: 79.57 ms
[TIMING] Proximity matrix accumulation: 19234.58 ms
[TIMING] Neighbor sorting & quantiles: 534.88 ms
[TIMING] Total compute_uq: 19849.51 ms
[DEBUG DENSITY] mean walked density = 64.4488, min = 61.0116, max = 67.8850
    [TIMING] UQ Calculation (Proximity_Method_C): 21.1023 s
[TIMING] Random Forest fit/check: 0.01 ms
[TIMING] OOB/In-bag index reconstruction: 320.24 ms
[TIMING] Leaf weights & density precomputation: 1186.27 ms
[TIMING] Transfer structures to backend: 0.01 ms
[TIMING] Total fit: 1506.54 ms
[TIMING] Test leaf ID extraction: 80.18 ms
[TIMING] Proximity matrix accumulation: 17650.09 ms
[TIMING] Neighbor sorting & quantiles: 154.52 ms
[TIMING] Total compute_uq: 17885.84 ms
[DEBUG DENSITY] mean walked density = 64.4488, min = 61.0116, max = 67.8850
    [TIMING] UQ Calculation (Proximity_Method_B_C): 19.4000 s
    [TIMING] Metrics Calculation: 0.1668 s
    [TIMING] Total Single Evaluation: 90.2408 s

  >>> Starting: Function=quadratic_10d, Seed=6
    [TIMING] Data Generation: 0.0154 s
    [TIMING] Random Forest Fitting: 4.3996 s
    [TIMING] RF Predicting: 0.0738 s
    [TIMING] Base Aleatoric: 0.1096 s
[TIMING] Random Forest fit/check: 0.00 ms
[TIMING] OOB/In-bag index reconstruction: 343.53 ms
[TIMING] Leaf weights & density precomputation: 820.47 ms
[TIMING] Transfer structures to backend: 0.02 ms
[TIMING] Total fit: 1164.02 ms
[TIMING] Test leaf ID extraction: 59.30 ms
[TIMING] Proximity matrix accumulation: 6916.51 ms
[TIMING] Neighbor sorting & quantiles: 572.69 ms
[TIMING] Total compute_uq: 7550.58 ms
    [TIMING] UQ Calculation (Proximity_Baseline): 8.7173 s
[TIMING] Random Forest fit/check: 0.00 ms
[TIMING] OOB/In-bag index reconstruction: 324.40 ms
[TIMING] Leaf weights & density precomputation: 1176.16 ms
[TIMING] Transfer structures to backend: 0.02 ms
[TIMING] Total fit: 1500.57 ms
[TIMING] Test leaf ID extraction: 69.28 ms
[TIMING] Proximity matrix accumulation: 14718.45 ms
[TIMING] Neighbor sorting & quantiles: 484.95 ms
[TIMING] Total compute_uq: 15275.00 ms
    [TIMING] UQ Calculation (Proximity_Method_A): 16.7761 s
[TIMING] Random Forest fit/check: 0.03 ms
[TIMING] OOB/In-bag index reconstruction: 332.36 ms
[TIMING] Leaf weights & density precomputation: 1007.82 ms
[TIMING] Transfer structures to backend: 0.02 ms
[TIMING] Total fit: 1340.23 ms
[TIMING] Test leaf ID extraction: 58.46 ms
[TIMING] Proximity matrix accumulation: 15658.80 ms
[TIMING] Neighbor sorting & quantiles: 174.79 ms
[TIMING] Total compute_uq: 15894.48 ms
    [TIMING] UQ Calculation (Proximity_Method_B): 17.2385 s
[TIMING] Random Forest fit/check: 0.01 ms
[TIMING] OOB/In-bag index reconstruction: 334.92 ms
[TIMING] Leaf weights & density precomputation: 1121.34 ms
[TIMING] Transfer structures to backend: 0.02 ms
[TIMING] Total fit: 1456.29 ms
[TIMING] Test leaf ID extraction: 69.04 ms
[TIMING] Proximity matrix accumulation: 20189.54 ms
[TIMING] Neighbor sorting & quantiles: 556.51 ms
[TIMING] Total compute_uq: 20816.37 ms
[DEBUG DENSITY] mean walked density = 63.9917, min = 59.4913, max = 68.5313
    [TIMING] UQ Calculation (Proximity_Method_C): 22.2749 s
[TIMING] Random Forest fit/check: 0.01 ms
[TIMING] OOB/In-bag index reconstruction: 333.81 ms
[TIMING] Leaf weights & density precomputation: 982.48 ms
[TIMING] Transfer structures to backend: 0.02 ms
[TIMING] Total fit: 1316.31 ms
[TIMING] Test leaf ID extraction: 68.73 ms
[TIMING] Proximity matrix accumulation: 19545.17 ms
[TIMING] Neighbor sorting & quantiles: 168.79 ms
[TIMING] Total compute_uq: 19783.34 ms
[DEBUG DENSITY] mean walked density = 63.9917, min = 59.4913, max = 68.5313
    [TIMING] UQ Calculation (Proximity_Method_B_C): 21.1108 s
    [TIMING] Metrics Calculation: 0.1953 s
    [TIMING] Total Single Evaluation: 90.9122 s

  >>> Starting: Function=friedman_10d, Seed=6
    [TIMING] Data Generation: 0.0157 s
    [TIMING] Random Forest Fitting: 3.9121 s
    [TIMING] RF Predicting: 0.0634 s
    [TIMING] Base Aleatoric: 0.0897 s
[TIMING] Random Forest fit/check: 0.00 ms
[TIMING] OOB/In-bag index reconstruction: 344.51 ms
[TIMING] Leaf weights & density precomputation: 805.24 ms
[TIMING] Transfer structures to backend: 0.02 ms
[TIMING] Total fit: 1149.77 ms
[TIMING] Test leaf ID extraction: 70.87 ms
[TIMING] Proximity matrix accumulation: 6999.27 ms
[TIMING] Neighbor sorting & quantiles: 600.62 ms
[TIMING] Total compute_uq: 7671.23 ms
    [TIMING] UQ Calculation (Proximity_Baseline): 8.8236 s
[TIMING] Random Forest fit/check: 0.00 ms
[TIMING] OOB/In-bag index reconstruction: 636.03 ms
[TIMING] Leaf weights & density precomputation: 2253.23 ms
[TIMING] Transfer structures to backend: 0.02 ms
[TIMING] Total fit: 2889.28 ms
[TIMING] Test leaf ID extraction: 308.72 ms
[TIMING] Proximity matrix accumulation: 10822.55 ms
[TIMING] Neighbor sorting & quantiles: 369.03 ms
[TIMING] Total compute_uq: 11500.83 ms
    [TIMING] UQ Calculation (Proximity_Method_A): 14.3919 s
[TIMING] Random Forest fit/check: 0.00 ms
[TIMING] OOB/In-bag index reconstruction: 334.66 ms
[TIMING] Leaf weights & density precomputation: 1004.43 ms
[TIMING] Transfer structures to backend: 0.01 ms
[TIMING] Total fit: 1339.10 ms
[TIMING] Test leaf ID extraction: 80.13 ms
[TIMING] Proximity matrix accumulation: 16392.71 ms
[TIMING] Neighbor sorting & quantiles: 193.64 ms
[TIMING] Total compute_uq: 16667.64 ms
    [TIMING] UQ Calculation (Proximity_Method_B): 18.0104 s
[TIMING] Random Forest fit/check: 0.01 ms
[TIMING] OOB/In-bag index reconstruction: 337.90 ms
[TIMING] Leaf weights & density precomputation: 1280.63 ms
[TIMING] Transfer structures to backend: 0.02 ms
[TIMING] Total fit: 1618.55 ms
[TIMING] Test leaf ID extraction: 79.87 ms
[TIMING] Proximity matrix accumulation: 19551.47 ms
[TIMING] Neighbor sorting & quantiles: 529.20 ms
[TIMING] Total compute_uq: 20162.01 ms
[DEBUG DENSITY] mean walked density = 64.4037, min = 56.3106, max = 69.9790
    [TIMING] UQ Calculation (Proximity_Method_C): 21.7824 s
[TIMING] Random Forest fit/check: 0.01 ms
[TIMING] OOB/In-bag index reconstruction: 351.77 ms
[TIMING] Leaf weights & density precomputation: 832.44 ms
[TIMING] Transfer structures to backend: 0.02 ms
[TIMING] Total fit: 1184.23 ms
[TIMING] Test leaf ID extraction: 68.37 ms
[TIMING] Proximity matrix accumulation: 19220.38 ms
[TIMING] Neighbor sorting & quantiles: 172.46 ms
[TIMING] Total compute_uq: 19463.58 ms
[DEBUG DENSITY] mean walked density = 64.4037, min = 56.3106, max = 69.9790
    [TIMING] UQ Calculation (Proximity_Method_B_C): 20.6526 s
    [TIMING] Metrics Calculation: 0.1701 s
    [TIMING] Total Single Evaluation: 87.9125 s

  >>> Starting: Function=sin_cos_11d, Seed=6
    [TIMING] Data Generation: 0.0224 s
    [TIMING] Random Forest Fitting: 7.5584 s
    [TIMING] RF Predicting: 0.0728 s
    [TIMING] Base Aleatoric: 0.1015 s
[TIMING] Random Forest fit/check: 0.00 ms
[TIMING] OOB/In-bag index reconstruction: 354.23 ms
[TIMING] Leaf weights & density precomputation: 202.84 ms
[TIMING] Transfer structures to backend: 0.02 ms
[TIMING] Total fit: 557.09 ms
[TIMING] Test leaf ID extraction: 80.22 ms
[TIMING] Proximity matrix accumulation: 8237.39 ms
[TIMING] Neighbor sorting & quantiles: 696.38 ms
[TIMING] Total compute_uq: 9014.95 ms
    [TIMING] UQ Calculation (Proximity_Baseline): 9.5723 s
[TIMING] Random Forest fit/check: 0.00 ms
[TIMING] OOB/In-bag index reconstruction: 453.56 ms
[TIMING] Leaf weights & density precomputation: 1361.11 ms
[TIMING] Transfer structures to backend: 0.02 ms
[TIMING] Total fit: 1814.69 ms
[TIMING] Test leaf ID extraction: 81.54 ms
[TIMING] Proximity matrix accumulation: 17841.89 ms
[TIMING] Neighbor sorting & quantiles: 581.86 ms
[TIMING] Total compute_uq: 18505.89 ms
    [TIMING] UQ Calculation (Proximity_Method_A): 20.3236 s
[TIMING] Random Forest fit/check: 0.01 ms
[TIMING] OOB/In-bag index reconstruction: 352.75 ms
[TIMING] Leaf weights & density precomputation: 1222.62 ms
[TIMING] Transfer structures to backend: 0.02 ms
[TIMING] Total fit: 1575.40 ms
[TIMING] Test leaf ID extraction: 80.26 ms
[TIMING] Proximity matrix accumulation: 20862.97 ms
[TIMING] Neighbor sorting & quantiles: 223.72 ms
[TIMING] Total compute_uq: 21168.14 ms
    [TIMING] UQ Calculation (Proximity_Method_B): 22.7471 s
[TIMING] Random Forest fit/check: 0.01 ms
[TIMING] OOB/In-bag index reconstruction: 359.73 ms
[TIMING] Leaf weights & density precomputation: 1265.32 ms
[TIMING] Transfer structures to backend: 0.02 ms
[TIMING] Total fit: 1625.07 ms
[TIMING] Test leaf ID extraction: 80.01 ms
[TIMING] Proximity matrix accumulation: 18255.28 ms
[TIMING] Neighbor sorting & quantiles: 478.14 ms
[TIMING] Total compute_uq: 18814.76 ms
[DEBUG DENSITY] mean walked density = 64.7687, min = 61.3418, max = 67.8985
    [TIMING] UQ Calculation (Proximity_Method_C): 20.4496 s
[TIMING] Random Forest fit/check: 0.00 ms
[TIMING] OOB/In-bag index reconstruction: 348.90 ms
[TIMING] Leaf weights & density precomputation: 1131.17 ms
[TIMING] Transfer structures to backend: 0.02 ms
[TIMING] Total fit: 1480.09 ms
[TIMING] Test leaf ID extraction: 80.34 ms
[TIMING] Proximity matrix accumulation: 25555.76 ms
[TIMING] Neighbor sorting & quantiles: 229.20 ms
[TIMING] Total compute_uq: 25866.37 ms
[DEBUG DENSITY] mean walked density = 64.7687, min = 61.3418, max = 67.8985
    [TIMING] UQ Calculation (Proximity_Method_B_C): 27.3577 s
    [TIMING] Metrics Calculation: 0.1827 s
    [TIMING] Total Single Evaluation: 108.3889 s

  >>> Starting: Function=sin_cos_12d, Seed=6
    [TIMING] Data Generation: 0.0270 s
    [TIMING] Random Forest Fitting: 16.2962 s
    [TIMING] RF Predicting: 0.0837 s
    [TIMING] Base Aleatoric: 0.1248 s
[TIMING] Random Forest fit/check: 0.00 ms
[TIMING] OOB/In-bag index reconstruction: 356.27 ms
[TIMING] Leaf weights & density precomputation: 124.47 ms
[TIMING] Transfer structures to backend: 0.02 ms
[TIMING] Total fit: 480.76 ms
[TIMING] Test leaf ID extraction: 90.33 ms
[TIMING] Proximity matrix accumulation: 7574.75 ms
[TIMING] Neighbor sorting & quantiles: 623.02 ms
[TIMING] Total compute_uq: 8288.68 ms
    [TIMING] UQ Calculation (Proximity_Baseline): 8.7720 s
[TIMING] Random Forest fit/check: 0.00 ms
[TIMING] OOB/In-bag index reconstruction: 359.06 ms
[TIMING] Leaf weights & density precomputation: 1280.27 ms
[TIMING] Transfer structures to backend: 0.02 ms
[TIMING] Total fit: 1639.35 ms
[TIMING] Test leaf ID extraction: 91.13 ms
[TIMING] Proximity matrix accumulation: 23544.19 ms
[TIMING] Neighbor sorting & quantiles: 772.04 ms
[TIMING] Total compute_uq: 24410.10 ms
    [TIMING] UQ Calculation (Proximity_Method_A): 26.0524 s
[TIMING] Random Forest fit/check: 0.03 ms
[TIMING] OOB/In-bag index reconstruction: 355.87 ms
[TIMING] Leaf weights & density precomputation: 1386.10 ms
[TIMING] Transfer structures to backend: 0.02 ms
[TIMING] Total fit: 1742.02 ms
[TIMING] Test leaf ID extraction: 91.33 ms
[TIMING] Proximity matrix accumulation: 20400.55 ms
[TIMING] Neighbor sorting & quantiles: 194.61 ms
[TIMING] Total compute_uq: 20689.00 ms
    [TIMING] UQ Calculation (Proximity_Method_B): 22.4348 s
[TIMING] Random Forest fit/check: 0.01 ms
[TIMING] OOB/In-bag index reconstruction: 370.47 ms
[TIMING] Leaf weights & density precomputation: 1262.86 ms
[TIMING] Transfer structures to backend: 0.02 ms
[TIMING] Total fit: 1633.36 ms
[TIMING] Test leaf ID extraction: 90.10 ms
[TIMING] Proximity matrix accumulation: 28606.81 ms
[TIMING] Neighbor sorting & quantiles: 785.51 ms
[TIMING] Total compute_uq: 29484.08 ms
[DEBUG DENSITY] mean walked density = 64.5750, min = 60.9815, max = 68.1516
    [TIMING] UQ Calculation (Proximity_Method_C): 31.1287 s
[TIMING] Random Forest fit/check: 0.00 ms
[TIMING] OOB/In-bag index reconstruction: 356.82 ms
[TIMING] Leaf weights & density precomputation: 1393.12 ms
[TIMING] Transfer structures to backend: 0.04 ms
[TIMING] Total fit: 1749.98 ms
[TIMING] Test leaf ID extraction: 92.62 ms
[TIMING] Proximity matrix accumulation: 24775.62 ms
[TIMING] Neighbor sorting & quantiles: 190.26 ms
[TIMING] Total compute_uq: 25059.52 ms
[DEBUG DENSITY] mean walked density = 64.5750, min = 60.9815, max = 68.1516
    [TIMING] UQ Calculation (Proximity_Method_B_C): 26.8186 s
    [TIMING] Metrics Calculation: 0.1860 s
    [TIMING] Total Single Evaluation: 131.9250 s

  >>> Starting: Function=sin_cos_13d, Seed=6
    [TIMING] Data Generation: 0.0321 s
    [TIMING] Random Forest Fitting: 10.7029 s
    [TIMING] RF Predicting: 0.0843 s
    [TIMING] Base Aleatoric: 0.1317 s
[TIMING] Random Forest fit/check: 0.00 ms
[TIMING] OOB/In-bag index reconstruction: 373.41 ms
[TIMING] Leaf weights & density precomputation: 628.52 ms
[TIMING] Transfer structures to backend: 0.03 ms
[TIMING] Total fit: 1001.96 ms
[TIMING] Test leaf ID extraction: 91.76 ms
[TIMING] Proximity matrix accumulation: 12139.95 ms
[TIMING] Neighbor sorting & quantiles: 950.93 ms
[TIMING] Total compute_uq: 13185.10 ms
    [TIMING] UQ Calculation (Proximity_Baseline): 14.1898 s
[TIMING] Random Forest fit/check: 0.00 ms
[TIMING] OOB/In-bag index reconstruction: 374.53 ms
[TIMING] Leaf weights & density precomputation: 1427.83 ms
[TIMING] Transfer structures to backend: 0.02 ms
[TIMING] Total fit: 1802.38 ms
[TIMING] Test leaf ID extraction: 101.17 ms
[TIMING] Proximity matrix accumulation: 22645.83 ms
[TIMING] Neighbor sorting & quantiles: 765.28 ms
[TIMING] Total compute_uq: 23514.26 ms
    [TIMING] UQ Calculation (Proximity_Method_A): 25.3193 s
[TIMING] Random Forest fit/check: 0.00 ms
[TIMING] OOB/In-bag index reconstruction: 366.73 ms
[TIMING] Leaf weights & density precomputation: 1380.59 ms
[TIMING] Transfer structures to backend: 0.02 ms
[TIMING] Total fit: 1747.33 ms
[TIMING] Test leaf ID extraction: 101.03 ms
[TIMING] Proximity matrix accumulation: 27376.65 ms
[TIMING] Neighbor sorting & quantiles: 255.45 ms
[TIMING] Total compute_uq: 27734.83 ms
    [TIMING] UQ Calculation (Proximity_Method_B): 29.4860 s
[TIMING] Random Forest fit/check: 0.01 ms
[TIMING] OOB/In-bag index reconstruction: 370.80 ms
[TIMING] Leaf weights & density precomputation: 1442.51 ms
[TIMING] Transfer structures to backend: 0.02 ms
[TIMING] Total fit: 1813.33 ms
[TIMING] Test leaf ID extraction: 101.24 ms
[TIMING] Proximity matrix accumulation: 29512.75 ms
[TIMING] Neighbor sorting & quantiles: 782.68 ms
[TIMING] Total compute_uq: 30397.78 ms
[DEBUG DENSITY] mean walked density = 64.6600, min = 61.2347, max = 67.8051
    [TIMING] UQ Calculation (Proximity_Method_C): 32.2190 s
[TIMING] Random Forest fit/check: 0.01 ms
[TIMING] OOB/In-bag index reconstruction: 369.52 ms
[TIMING] Leaf weights & density precomputation: 1389.84 ms
[TIMING] Transfer structures to backend: 0.02 ms
[TIMING] Total fit: 1759.39 ms
[TIMING] Test leaf ID extraction: 102.45 ms
[TIMING] Proximity matrix accumulation: 34231.55 ms
[TIMING] Neighbor sorting & quantiles: 268.55 ms
[TIMING] Total compute_uq: 34603.78 ms
[DEBUG DENSITY] mean walked density = 64.6600, min = 61.2347, max = 67.8051
    [TIMING] UQ Calculation (Proximity_Method_B_C): 36.3743 s
    [TIMING] Metrics Calculation: 8.1179 s
    [TIMING] Total Single Evaluation: 156.6582 s

  >>> Starting: Function=sin_cos_14d, Seed=6
    [TIMING] Data Generation: 0.1280 s
    [TIMING] Random Forest Fitting: 12.9719 s
    [TIMING] RF Predicting: 0.0934 s
    [TIMING] Base Aleatoric: 0.1273 s
[TIMING] Random Forest fit/check: 0.00 ms
[TIMING] OOB/In-bag index reconstruction: 369.63 ms
[TIMING] Leaf weights & density precomputation: 614.72 ms
[TIMING] Transfer structures to backend: 0.03 ms
[TIMING] Total fit: 984.38 ms
[TIMING] Test leaf ID extraction: 106.49 ms
[TIMING] Proximity matrix accumulation: 13440.20 ms
[TIMING] Neighbor sorting & quantiles: 1059.65 ms
[TIMING] Total compute_uq: 14607.08 ms
    [TIMING] UQ Calculation (Proximity_Baseline): 15.5945 s
[TIMING] Random Forest fit/check: 0.00 ms
[TIMING] OOB/In-bag index reconstruction: 383.82 ms
[TIMING] Leaf weights & density precomputation: 1517.75 ms
[TIMING] Transfer structures to backend: 0.02 ms
[TIMING] Total fit: 1901.59 ms
[TIMING] Test leaf ID extraction: 102.92 ms
[TIMING] Proximity matrix accumulation: 32832.51 ms
[TIMING] Neighbor sorting & quantiles: 1037.20 ms
[TIMING] Total compute_uq: 33974.84 ms
    [TIMING] UQ Calculation (Proximity_Method_A): 35.8774 s
[TIMING] Random Forest fit/check: 0.03 ms
[TIMING] OOB/In-bag index reconstruction: 381.85 ms
[TIMING] Leaf weights & density precomputation: 1174.24 ms
[TIMING] Transfer structures to backend: 0.01 ms
[TIMING] Total fit: 1556.14 ms
[TIMING] Test leaf ID extraction: 104.50 ms
[TIMING] Proximity matrix accumulation: 27243.35 ms
[TIMING] Neighbor sorting & quantiles: 239.25 ms
[TIMING] Total compute_uq: 27587.67 ms
    [TIMING] UQ Calculation (Proximity_Method_B): 29.1477 s
[TIMING] Random Forest fit/check: 0.01 ms
[TIMING] OOB/In-bag index reconstruction: 384.80 ms
[TIMING] Leaf weights & density precomputation: 1570.53 ms
[TIMING] Transfer structures to backend: 0.02 ms
[TIMING] Total fit: 1955.36 ms
[TIMING] Test leaf ID extraction: 104.46 ms
[TIMING] Proximity matrix accumulation: 40078.55 ms
[TIMING] Neighbor sorting & quantiles: 1053.10 ms
[TIMING] Total compute_uq: 41238.11 ms
[DEBUG DENSITY] mean walked density = 64.6060, min = 61.5013, max = 68.0848
    [TIMING] UQ Calculation (Proximity_Method_C): 43.1956 s
[TIMING] Random Forest fit/check: 0.03 ms
[TIMING] OOB/In-bag index reconstruction: 381.40 ms
[TIMING] Leaf weights & density precomputation: 1179.56 ms
[TIMING] Transfer structures to backend: 0.03 ms
[TIMING] Total fit: 1561.02 ms
[TIMING] Test leaf ID extraction: 115.08 ms
[TIMING] Proximity matrix accumulation: 36793.75 ms
[TIMING] Neighbor sorting & quantiles: 274.51 ms
[TIMING] Total compute_uq: 37183.97 ms
[DEBUG DENSITY] mean walked density = 64.6060, min = 61.5013, max = 68.0848
    [TIMING] UQ Calculation (Proximity_Method_B_C): 38.7566 s
    [TIMING] Metrics Calculation: 9.5862 s
    [TIMING] Total Single Evaluation: 185.4795 s

  >>> Starting: Function=sin_cos_15d, Seed=6
    [TIMING] Data Generation: 0.1367 s
    [TIMING] Random Forest Fitting: 16.9016 s
    [TIMING] RF Predicting: 0.1152 s
    [TIMING] Base Aleatoric: 0.1533 s
[TIMING] Random Forest fit/check: 0.00 ms
[TIMING] OOB/In-bag index reconstruction: 388.21 ms
[TIMING] Leaf weights & density precomputation: 621.46 ms
[TIMING] Transfer structures to backend: 0.02 ms
[TIMING] Total fit: 1009.70 ms
[TIMING] Test leaf ID extraction: 115.43 ms
[TIMING] Proximity matrix accumulation: 14517.61 ms
[TIMING] Neighbor sorting & quantiles: 1143.23 ms
[TIMING] Total compute_uq: 15777.72 ms
    [TIMING] UQ Calculation (Proximity_Baseline): 16.7881 s
[TIMING] Random Forest fit/check: 0.00 ms
[TIMING] OOB/In-bag index reconstruction: 387.16 ms
[TIMING] Leaf weights & density precomputation: 1613.89 ms
[TIMING] Transfer structures to backend: 0.01 ms
[TIMING] Total fit: 2001.06 ms
[TIMING] Test leaf ID extraction: 114.58 ms
[TIMING] Proximity matrix accumulation: 38768.97 ms
[TIMING] Neighbor sorting & quantiles: 1302.53 ms
[TIMING] Total compute_uq: 40187.16 ms
    [TIMING] UQ Calculation (Proximity_Method_A): 42.1914 s
[TIMING] Random Forest fit/check: 0.00 ms
[TIMING] OOB/In-bag index reconstruction: 385.40 ms
[TIMING] Leaf weights & density precomputation: 1610.89 ms
[TIMING] Transfer structures to backend: 0.02 ms
[TIMING] Total fit: 1996.31 ms
[TIMING] Test leaf ID extraction: 114.54 ms
[TIMING] Proximity matrix accumulation: 23910.59 ms
[TIMING] Neighbor sorting & quantiles: 193.38 ms
[TIMING] Total compute_uq: 24220.42 ms
    [TIMING] UQ Calculation (Proximity_Method_B): 26.2207 s
[TIMING] Random Forest fit/check: 0.01 ms
[TIMING] OOB/In-bag index reconstruction: 380.76 ms
[TIMING] Leaf weights & density precomputation: 1525.87 ms
[TIMING] Transfer structures to backend: 0.07 ms
[TIMING] Total fit: 1906.71 ms
[TIMING] Test leaf ID extraction: 117.13 ms
[TIMING] Proximity matrix accumulation: 47013.87 ms
[TIMING] Neighbor sorting & quantiles: 1235.39 ms
[TIMING] Total compute_uq: 48369.52 ms
[DEBUG DENSITY] mean walked density = 64.7730, min = 61.6217, max = 68.4449
    [TIMING] UQ Calculation (Proximity_Method_C): 50.2880 s
[TIMING] Random Forest fit/check: 0.01 ms
[TIMING] OOB/In-bag index reconstruction: 381.32 ms
[TIMING] Leaf weights & density precomputation: 1597.83 ms
[TIMING] Transfer structures to backend: 0.03 ms
[TIMING] Total fit: 1979.18 ms
[TIMING] Test leaf ID extraction: 113.89 ms
[TIMING] Proximity matrix accumulation: 32091.62 ms
[TIMING] Neighbor sorting & quantiles: 213.58 ms
[TIMING] Total compute_uq: 32419.72 ms
[DEBUG DENSITY] mean walked density = 64.7730, min = 61.6217, max = 68.4449
    [TIMING] UQ Calculation (Proximity_Method_B_C): 34.4071 s
    [TIMING] Metrics Calculation: 8.4288 s
    [TIMING] Total Single Evaluation: 195.6322 s
 [OK] (1925.9s, ETA: 0m remaining)

[SUCCESS] Unified test completed in 189.3 minutes


######################################################################
# TEST 1: ALL FUNCTIONS TOGETHER
######################################################################

======================================================================
ALL FUNCTIONS (41 x 7 = 287 tests)
======================================================================

--- AUROC ---
Proximity_Baseline: Mean = 0.5634, Std = 0.1183
Proximity_Method_A: Mean = 0.5645, Std = 0.1184
Proximity_Method_B: Mean = 0.5889, Std = 0.1446
Proximity_Method_C: Mean = 0.6022, Std = 0.1226
Proximity_Method_B_C: Mean = 0.6216, Std = 0.1327

--- FPR95 ---
Proximity_Baseline: Mean = 0.8572, Std = 0.1699
Proximity_Method_A: Mean = 0.8571, Std = 0.1698
Proximity_Method_B: Mean = 0.7941, Std = 0.2066
Proximity_Method_C: Mean = 0.8257, Std = 0.2118
Proximity_Method_B_C: Mean = 0.7892, Std = 0.2313

--- SPEARMAN ---
Proximity_Baseline: Mean = 0.0625, Std = 0.2560
Proximity_Method_A: Mean = 0.0625, Std = 0.2562
Proximity_Method_B: Mean = 0.0316, Std = 0.2716
Proximity_Method_C: Mean = 0.0819, Std = 0.2595
Proximity_Method_B_C: Mean = 0.0629, Std = 0.2705

--- BRIER ---
Proximity_Baseline: Mean = 0.2742, Std = 0.0307
Proximity_Method_A: Mean = 0.2739, Std = 0.0312
Proximity_Method_B: Mean = 0.2635, Std = 0.0434
Proximity_Method_C: Mean = 0.2671, Std = 0.0464
Proximity_Method_B_C: Mean = 0.2613, Std = 0.0524

--- MI ---
Proximity_Baseline: Mean = 0.1669, Std = 0.2109
Proximity_Method_A: Mean = 0.1677, Std = 0.2122
Proximity_Method_B: Mean = 0.2104, Std = 0.2126
Proximity_Method_C: Mean = 0.1642, Std = 0.2220
Proximity_Method_B_C: Mean = 0.1895, Std = 0.2296

--- JSD ---
Proximity_Baseline: Mean = 0.1767, Std = 0.2271
Proximity_Method_A: Mean = 0.1775, Std = 0.2282
Proximity_Method_B: Mean = 0.2253, Std = 0.2290
Proximity_Method_C: Mean = 0.1735, Std = 0.2372
Proximity_Method_B_C: Mean = 0.2008, Std = 0.2448

--- NAURC ---
Proximity_Baseline: Mean = 0.8422, Std = 0.2465
Proximity_Method_A: Mean = 0.8423, Std = 0.2458
Proximity_Method_B: Mean = 0.8121, Std = 0.2904
Proximity_Method_C: Mean = 0.7798, Std = 0.2531
Proximity_Method_B_C: Mean = 0.7575, Std = 0.2664

--- Statistical Validation (alpha = 0.05) ---

AUROC:
  Friedman Test: chi2 = 53.0146, p = 8.4619e-11
  Result: SIGNIFICANT (p < 0.05)
  Bonferroni-corrected alpha = 5.0000e-03
    Proximity_Baseline vs Proximity_Method_A: p = 3.5980e-02 ([NS])
    Proximity_Baseline vs Proximity_Method_B: p = 1.6584e-02 ([NS])
    Proximity_Baseline vs Proximity_Method_C: p = 5.3240e-07 ([SIG])
    Proximity_Baseline vs Proximity_Method_B_C: p = 4.1077e-08 ([SIG])
    Proximity_Method_A vs Proximity_Method_B: p = 1.8533e-02 ([NS])
    Proximity_Method_A vs Proximity_Method_C: p = 1.0306e-06 ([SIG])
    Proximity_Method_A vs Proximity_Method_B_C: p = 4.6214e-08 ([SIG])
    Proximity_Method_B vs Proximity_Method_C: p = 4.7208e-01 ([NS])
    Proximity_Method_B vs Proximity_Method_B_C: p = 4.1018e-02 ([NS])
    Proximity_Method_C vs Proximity_Method_B_C: p = 2.2793e-05 ([SIG])

FPR95:
  Friedman Test: chi2 = 74.8878, p = 2.1045e-15
  Result: SIGNIFICANT (p < 0.05)
  Bonferroni-corrected alpha = 5.0000e-03
    Proximity_Baseline vs Proximity_Method_A: p = 6.6421e-01 ([NS])
    Proximity_Baseline vs Proximity_Method_B: p = 2.5620e-04 ([SIG])
    Proximity_Baseline vs Proximity_Method_C: p = 2.0179e-04 ([SIG])
    Proximity_Baseline vs Proximity_Method_B_C: p = 7.9099e-09 ([SIG])
    Proximity_Method_A vs Proximity_Method_B: p = 4.1369e-04 ([SIG])
    Proximity_Method_A vs Proximity_Method_C: p = 1.7874e-04 ([SIG])
    Proximity_Method_A vs Proximity_Method_B_C: p = 1.3463e-08 ([SIG])
    Proximity_Method_B vs Proximity_Method_C: p = 9.2576e-03 ([NS])
    Proximity_Method_B vs Proximity_Method_B_C: p = 5.2939e-01 ([NS])
    Proximity_Method_C vs Proximity_Method_B_C: p = 2.3947e-06 ([SIG])

SPEARMAN:
  Friedman Test: chi2 = 14.1916, p = 6.7079e-03
  Result: SIGNIFICANT (p < 0.05)
  Bonferroni-corrected alpha = 5.0000e-03
    Proximity_Baseline vs Proximity_Method_A: p = 7.9177e-01 ([NS])
    Proximity_Baseline vs Proximity_Method_B: p = 5.3785e-01 ([NS])
    Proximity_Baseline vs Proximity_Method_C: p = 3.2935e-03 ([SIG])
    Proximity_Baseline vs Proximity_Method_B_C: p = 3.8431e-02 ([NS])
    Proximity_Method_A vs Proximity_Method_B: p = 5.3785e-01 ([NS])
    Proximity_Method_A vs Proximity_Method_C: p = 3.7745e-03 ([SIG])
    Proximity_Method_A vs Proximity_Method_B_C: p = 5.1234e-02 ([NS])
    Proximity_Method_B vs Proximity_Method_C: p = 6.3442e-02 ([NS])
    Proximity_Method_B vs Proximity_Method_B_C: p = 6.5466e-02 ([NS])
    Proximity_Method_C vs Proximity_Method_B_C: p = 6.3506e-01 ([NS])

BRIER:
  Friedman Test: chi2 = 36.5463, p = 2.2337e-07
  Result: SIGNIFICANT (p < 0.05)
  Bonferroni-corrected alpha = 5.0000e-03
    Proximity_Baseline vs Proximity_Method_A: p = 4.5634e-01 ([NS])
    Proximity_Baseline vs Proximity_Method_B: p = 1.0222e-03 ([SIG])
    Proximity_Baseline vs Proximity_Method_C: p = 1.5812e-04 ([SIG])
    Proximity_Baseline vs Proximity_Method_B_C: p = 1.0816e-05 ([SIG])
    Proximity_Method_A vs Proximity_Method_B: p = 9.2104e-04 ([SIG])
    Proximity_Method_A vs Proximity_Method_C: p = 1.3123e-04 ([SIG])
    Proximity_Method_A vs Proximity_Method_B_C: p = 5.3162e-06 ([SIG])
    Proximity_Method_B vs Proximity_Method_C: p = 5.6362e-01 ([NS])
    Proximity_Method_B vs Proximity_Method_B_C: p = 5.0441e-01 ([NS])
    Proximity_Method_C vs Proximity_Method_B_C: p = 2.8814e-04 ([SIG])

MI:
  Friedman Test: chi2 = 41.3073, p = 2.3215e-08
  Result: SIGNIFICANT (p < 0.05)
  Bonferroni-corrected alpha = 5.0000e-03
    Proximity_Baseline vs Proximity_Method_A: p = 1.1159e-01 ([NS])
    Proximity_Baseline vs Proximity_Method_B: p = 2.1090e-06 ([SIG])
    Proximity_Baseline vs Proximity_Method_C: p = 5.8112e-01 ([NS])
    Proximity_Baseline vs Proximity_Method_B_C: p = 4.3054e-04 ([SIG])
    Proximity_Method_A vs Proximity_Method_B: p = 3.2369e-06 ([SIG])
    Proximity_Method_A vs Proximity_Method_C: p = 4.4858e-01 ([NS])
    Proximity_Method_A vs Proximity_Method_B_C: p = 6.3409e-04 ([SIG])
    Proximity_Method_B vs Proximity_Method_C: p = 1.1676e-05 ([SIG])
    Proximity_Method_B vs Proximity_Method_B_C: p = 1.5975e-02 ([NS])
    Proximity_Method_C vs Proximity_Method_B_C: p = 4.1077e-08 ([SIG])

JSD:
  Friedman Test: chi2 = 43.6488, p = 7.5890e-09
  Result: SIGNIFICANT (p < 0.05)
  Bonferroni-corrected alpha = 5.0000e-03
    Proximity_Baseline vs Proximity_Method_A: p = 1.4804e-01 ([NS])
    Proximity_Baseline vs Proximity_Method_B: p = 7.7968e-07 ([SIG])
    Proximity_Baseline vs Proximity_Method_C: p = 5.9887e-01 ([NS])
    Proximity_Baseline vs Proximity_Method_B_C: p = 2.7175e-04 ([SIG])
    Proximity_Method_A vs Proximity_Method_B: p = 1.3543e-06 ([SIG])
    Proximity_Method_A vs Proximity_Method_C: p = 4.4858e-01 ([NS])
    Proximity_Method_A vs Proximity_Method_B_C: p = 4.5542e-04 ([SIG])
    Proximity_Method_B vs Proximity_Method_C: p = 7.3249e-06 ([SIG])
    Proximity_Method_B vs Proximity_Method_B_C: p = 6.6537e-03 ([NS])
    Proximity_Method_C vs Proximity_Method_B_C: p = 1.9757e-08 ([SIG])

NAURC:
  Friedman Test: chi2 = 28.1366, p = 1.1703e-05
  Result: SIGNIFICANT (p < 0.05)
  Bonferroni-corrected alpha = 5.0000e-03
    Proximity_Baseline vs Proximity_Method_A: p = 8.6765e-01 ([NS])
    Proximity_Baseline vs Proximity_Method_B: p = 1.7863e-02 ([NS])
    Proximity_Baseline vs Proximity_Method_C: p = 5.3744e-03 ([NS])
    Proximity_Baseline vs Proximity_Method_B_C: p = 5.3240e-07 ([SIG])
    Proximity_Method_A vs Proximity_Method_B: p = 2.0675e-02 ([NS])
    Proximity_Method_A vs Proximity_Method_C: p = 5.8575e-03 ([NS])
    Proximity_Method_A vs Proximity_Method_B_C: p = 4.8311e-07 ([SIG])
    Proximity_Method_B vs Proximity_Method_C: p = 7.0998e-01 ([NS])
    Proximity_Method_B vs Proximity_Method_B_C: p = 5.9887e-01 ([NS])
    Proximity_Method_C vs Proximity_Method_B_C: p = 4.5122e-03 ([SIG])


######################################################################
# TEST 2: BY DIMENSION
######################################################################


[DIMENSION] 1D Functions
----------------------------------------------------------------------

======================================================================
1D Functions (runs = 7)
======================================================================

--- AUROC ---
Proximity_Baseline: Mean = 0.5642, Std = 0.2101
Proximity_Method_A: Mean = 0.5664, Std = 0.2075
Proximity_Method_B: Mean = 0.5263, Std = 0.2112
Proximity_Method_C: Mean = 0.7116, Std = 0.2038
Proximity_Method_B_C: Mean = 0.7284, Std = 0.1983

--- FPR95 ---
Proximity_Baseline: Mean = 0.5951, Std = 0.2341
Proximity_Method_A: Mean = 0.5915, Std = 0.2312
Proximity_Method_B: Mean = 0.6944, Std = 0.2300
Proximity_Method_C: Mean = 0.4404, Std = 0.2923
Proximity_Method_B_C: Mean = 0.4408, Std = 0.3126

--- SPEARMAN ---
Proximity_Baseline: Mean = 0.0714, Std = 0.5884
Proximity_Method_A: Mean = 0.0639, Std = 0.5893
Proximity_Method_B: Mean = -0.1152, Std = 0.5815
Proximity_Method_C: Mean = 0.0587, Std = 0.5898
Proximity_Method_B_C: Mean = -0.1077, Std = 0.5829

--- BRIER ---
Proximity_Baseline: Mean = 0.2471, Std = 0.0412
Proximity_Method_A: Mean = 0.2476, Std = 0.0402
Proximity_Method_B: Mean = 0.2438, Std = 0.0374
Proximity_Method_C: Mean = 0.2062, Std = 0.0835
Proximity_Method_B_C: Mean = 0.2012, Std = 0.0876

--- MI ---
Proximity_Baseline: Mean = 0.6608, Std = 0.0515
Proximity_Method_A: Mean = 0.6641, Std = 0.0577
Proximity_Method_B: Mean = 0.6453, Std = 0.0505
Proximity_Method_C: Mean = 0.6910, Std = 0.0753
Proximity_Method_B_C: Mean = 0.7103, Std = 0.0645

--- JSD ---
Proximity_Baseline: Mean = 0.7151, Std = 0.0478
Proximity_Method_A: Mean = 0.7182, Std = 0.0538
Proximity_Method_B: Mean = 0.7004, Std = 0.0481
Proximity_Method_C: Mean = 0.7425, Std = 0.0689
Proximity_Method_B_C: Mean = 0.7606, Std = 0.0584

--- NAURC ---
Proximity_Baseline: Mean = 0.7463, Std = 0.4107
Proximity_Method_A: Mean = 0.7410, Std = 0.4058
Proximity_Method_B: Mean = 0.9187, Std = 0.5077
Proximity_Method_C: Mean = 0.4984, Std = 0.3236
Proximity_Method_B_C: Mean = 0.5206, Std = 0.3553

--- Statistical Validation (alpha = 0.05) ---

AUROC:
  Friedman Test: chi2 = 16.4800, p = 2.4383e-03
  Result: SIGNIFICANT (p < 0.05)
  Bonferroni-corrected alpha = 5.0000e-03
    Proximity_Baseline vs Proximity_Method_A: p = 6.2500e-01 ([NS])
    Proximity_Baseline vs Proximity_Method_B: p = 1.2500e-01 ([NS])
    Proximity_Baseline vs Proximity_Method_C: p = 6.2500e-02 ([NS])
    Proximity_Baseline vs Proximity_Method_B_C: p = 6.2500e-02 ([NS])
    Proximity_Method_A vs Proximity_Method_B: p = 1.2500e-01 ([NS])
    Proximity_Method_A vs Proximity_Method_C: p = 6.2500e-02 ([NS])
    Proximity_Method_A vs Proximity_Method_B_C: p = 6.2500e-02 ([NS])
    Proximity_Method_B vs Proximity_Method_C: p = 6.2500e-02 ([NS])
    Proximity_Method_B vs Proximity_Method_B_C: p = 6.2500e-02 ([NS])
    Proximity_Method_C vs Proximity_Method_B_C: p = 1.2500e-01 ([NS])

FPR95:
  Friedman Test: chi2 = 10.5600, p = 3.1980e-02
  Result: SIGNIFICANT (p < 0.05)
  Bonferroni-corrected alpha = 5.0000e-03
    Proximity_Baseline vs Proximity_Method_A: p = 4.3750e-01 ([NS])
    Proximity_Baseline vs Proximity_Method_B: p = 6.2500e-02 ([NS])
    Proximity_Baseline vs Proximity_Method_C: p = 1.2500e-01 ([NS])
    Proximity_Baseline vs Proximity_Method_B_C: p = 1.2500e-01 ([NS])
    Proximity_Method_A vs Proximity_Method_B: p = 6.2500e-02 ([NS])
    Proximity_Method_A vs Proximity_Method_C: p = 1.2500e-01 ([NS])
    Proximity_Method_A vs Proximity_Method_B_C: p = 1.2500e-01 ([NS])
    Proximity_Method_B vs Proximity_Method_C: p = 6.2500e-02 ([NS])
    Proximity_Method_B vs Proximity_Method_B_C: p = 1.2500e-01 ([NS])
    Proximity_Method_C vs Proximity_Method_B_C: p = 8.1250e-01 ([NS])

SPEARMAN:
  Friedman Test: chi2 = 3.4043, p = 4.9259e-01
  Result: NOT SIGNIFICANT (p >= 0.05)

BRIER:
  Friedman Test: chi2 = 8.8000, p = 6.6298e-02
  Result: NOT SIGNIFICANT (p >= 0.05)

MI:
  Friedman Test: chi2 = 17.4400, p = 1.5872e-03
  Result: SIGNIFICANT (p < 0.05)
  Bonferroni-corrected alpha = 5.0000e-03
    Proximity_Baseline vs Proximity_Method_A: p = 3.1250e-01 ([NS])
    Proximity_Baseline vs Proximity_Method_B: p = 1.2500e-01 ([NS])
    Proximity_Baseline vs Proximity_Method_C: p = 6.2500e-02 ([NS])
    Proximity_Baseline vs Proximity_Method_B_C: p = 6.2500e-02 ([NS])
    Proximity_Method_A vs Proximity_Method_B: p = 1.2500e-01 ([NS])
    Proximity_Method_A vs Proximity_Method_C: p = 6.2500e-02 ([NS])
    Proximity_Method_A vs Proximity_Method_B_C: p = 6.2500e-02 ([NS])
    Proximity_Method_B vs Proximity_Method_C: p = 6.2500e-02 ([NS])
    Proximity_Method_B vs Proximity_Method_B_C: p = 6.2500e-02 ([NS])
    Proximity_Method_C vs Proximity_Method_B_C: p = 6.2500e-02 ([NS])

JSD:
  Friedman Test: chi2 = 17.4400, p = 1.5872e-03
  Result: SIGNIFICANT (p < 0.05)
  Bonferroni-corrected alpha = 5.0000e-03
    Proximity_Baseline vs Proximity_Method_A: p = 4.3750e-01 ([NS])
    Proximity_Baseline vs Proximity_Method_B: p = 1.2500e-01 ([NS])
    Proximity_Baseline vs Proximity_Method_C: p = 6.2500e-02 ([NS])
    Proximity_Baseline vs Proximity_Method_B_C: p = 6.2500e-02 ([NS])
    Proximity_Method_A vs Proximity_Method_B: p = 1.2500e-01 ([NS])
    Proximity_Method_A vs Proximity_Method_C: p = 6.2500e-02 ([NS])
    Proximity_Method_A vs Proximity_Method_B_C: p = 6.2500e-02 ([NS])
    Proximity_Method_B vs Proximity_Method_C: p = 6.2500e-02 ([NS])
    Proximity_Method_B vs Proximity_Method_B_C: p = 6.2500e-02 ([NS])
    Proximity_Method_C vs Proximity_Method_B_C: p = 6.2500e-02 ([NS])

NAURC:
  Friedman Test: chi2 = 14.4000, p = 6.1220e-03
  Result: SIGNIFICANT (p < 0.05)
  Bonferroni-corrected alpha = 5.0000e-03
    Proximity_Baseline vs Proximity_Method_A: p = 6.2500e-01 ([NS])
    Proximity_Baseline vs Proximity_Method_B: p = 1.2500e-01 ([NS])
    Proximity_Baseline vs Proximity_Method_C: p = 6.2500e-02 ([NS])
    Proximity_Baseline vs Proximity_Method_B_C: p = 6.2500e-02 ([NS])
    Proximity_Method_A vs Proximity_Method_B: p = 1.2500e-01 ([NS])
    Proximity_Method_A vs Proximity_Method_C: p = 6.2500e-02 ([NS])
    Proximity_Method_A vs Proximity_Method_B_C: p = 6.2500e-02 ([NS])
    Proximity_Method_B vs Proximity_Method_C: p = 6.2500e-02 ([NS])
    Proximity_Method_B vs Proximity_Method_B_C: p = 1.2500e-01 ([NS])
    Proximity_Method_C vs Proximity_Method_B_C: p = 3.1250e-01 ([NS])

[DIMENSION] 2D Functions
----------------------------------------------------------------------

======================================================================
2D Functions (runs = 7)
======================================================================

--- AUROC ---
Proximity_Baseline: Mean = 0.5156, Std = 0.0755
Proximity_Method_A: Mean = 0.5142, Std = 0.0718
Proximity_Method_B: Mean = 0.5121, Std = 0.0652
Proximity_Method_C: Mean = 0.5796, Std = 0.0589
Proximity_Method_B_C: Mean = 0.5981, Std = 0.0519

--- FPR95 ---
Proximity_Baseline: Mean = 0.9115, Std = 0.0648
Proximity_Method_A: Mean = 0.9144, Std = 0.0592
Proximity_Method_B: Mean = 0.8422, Std = 0.0967
Proximity_Method_C: Mean = 0.8671, Std = 0.0754
Proximity_Method_B_C: Mean = 0.8421, Std = 0.0941

--- SPEARMAN ---
Proximity_Baseline: Mean = 0.0424, Std = 0.1599
Proximity_Method_A: Mean = 0.0454, Std = 0.1615
Proximity_Method_B: Mean = 0.0334, Std = 0.1500
Proximity_Method_C: Mean = 0.1201, Std = 0.1837
Proximity_Method_B_C: Mean = 0.1276, Std = 0.1958

--- BRIER ---
Proximity_Baseline: Mean = 0.2857, Std = 0.0108
Proximity_Method_A: Mean = 0.2860, Std = 0.0102
Proximity_Method_B: Mean = 0.2860, Std = 0.0045
Proximity_Method_C: Mean = 0.2850, Std = 0.0069
Proximity_Method_B_C: Mean = 0.2854, Std = 0.0062

--- MI ---
Proximity_Baseline: Mean = 0.2069, Std = 0.0630
Proximity_Method_A: Mean = 0.2072, Std = 0.0690
Proximity_Method_B: Mean = 0.2540, Std = 0.0807
Proximity_Method_C: Mean = 0.1915, Std = 0.0649
Proximity_Method_B_C: Mean = 0.2124, Std = 0.0569

--- JSD ---
Proximity_Baseline: Mean = 0.2170, Std = 0.0654
Proximity_Method_A: Mean = 0.2165, Std = 0.0708
Proximity_Method_B: Mean = 0.2693, Std = 0.0813
Proximity_Method_C: Mean = 0.1997, Std = 0.0670
Proximity_Method_B_C: Mean = 0.2236, Std = 0.0590

--- NAURC ---
Proximity_Baseline: Mean = 0.9344, Std = 0.2016
Proximity_Method_A: Mean = 0.9449, Std = 0.1899
Proximity_Method_B: Mean = 0.8691, Std = 0.1861
Proximity_Method_C: Mean = 0.7811, Std = 0.2100
Proximity_Method_B_C: Mean = 0.7351, Std = 0.2197

--- Statistical Validation (alpha = 0.05) ---

AUROC:
  Friedman Test: chi2 = 16.0000, p = 3.0192e-03
  Result: SIGNIFICANT (p < 0.05)
  Bonferroni-corrected alpha = 5.0000e-03
    Proximity_Baseline vs Proximity_Method_A: p = 8.1250e-01 ([NS])
    Proximity_Baseline vs Proximity_Method_B: p = 6.2500e-01 ([NS])
    Proximity_Baseline vs Proximity_Method_C: p = 6.2500e-02 ([NS])
    Proximity_Baseline vs Proximity_Method_B_C: p = 6.2500e-02 ([NS])
    Proximity_Method_A vs Proximity_Method_B: p = 1.0000e+00 ([NS])
    Proximity_Method_A vs Proximity_Method_C: p = 6.2500e-02 ([NS])
    Proximity_Method_A vs Proximity_Method_B_C: p = 6.2500e-02 ([NS])
    Proximity_Method_B vs Proximity_Method_C: p = 6.2500e-02 ([NS])
    Proximity_Method_B vs Proximity_Method_B_C: p = 6.2500e-02 ([NS])
    Proximity_Method_C vs Proximity_Method_B_C: p = 1.2500e-01 ([NS])

FPR95:
  Friedman Test: chi2 = 16.1600, p = 2.8118e-03
  Result: SIGNIFICANT (p < 0.05)
  Bonferroni-corrected alpha = 5.0000e-03
    Proximity_Baseline vs Proximity_Method_A: p = 8.1250e-01 ([NS])
    Proximity_Baseline vs Proximity_Method_B: p = 6.2500e-02 ([NS])
    Proximity_Baseline vs Proximity_Method_C: p = 6.2500e-02 ([NS])
    Proximity_Baseline vs Proximity_Method_B_C: p = 6.2500e-02 ([NS])
    Proximity_Method_A vs Proximity_Method_B: p = 6.2500e-02 ([NS])
    Proximity_Method_A vs Proximity_Method_C: p = 6.2500e-02 ([NS])
    Proximity_Method_A vs Proximity_Method_B_C: p = 6.2500e-02 ([NS])
    Proximity_Method_B vs Proximity_Method_C: p = 1.8750e-01 ([NS])
    Proximity_Method_B vs Proximity_Method_B_C: p = 1.0000e+00 ([NS])
    Proximity_Method_C vs Proximity_Method_B_C: p = 1.2500e-01 ([NS])

SPEARMAN:
  Friedman Test: chi2 = 5.7600, p = 2.1780e-01
  Result: NOT SIGNIFICANT (p >= 0.05)

BRIER:
  Friedman Test: chi2 = 2.2400, p = 6.9171e-01
  Result: NOT SIGNIFICANT (p >= 0.05)

MI:
  Friedman Test: chi2 = 10.7200, p = 2.9898e-02
  Result: SIGNIFICANT (p < 0.05)
  Bonferroni-corrected alpha = 5.0000e-03
    Proximity_Baseline vs Proximity_Method_A: p = 6.2500e-01 ([NS])
    Proximity_Baseline vs Proximity_Method_B: p = 6.2500e-02 ([NS])
    Proximity_Baseline vs Proximity_Method_C: p = 1.2500e-01 ([NS])
    Proximity_Baseline vs Proximity_Method_B_C: p = 6.2500e-01 ([NS])
    Proximity_Method_A vs Proximity_Method_B: p = 6.2500e-02 ([NS])
    Proximity_Method_A vs Proximity_Method_C: p = 1.8750e-01 ([NS])
    Proximity_Method_A vs Proximity_Method_B_C: p = 8.1250e-01 ([NS])
    Proximity_Method_B vs Proximity_Method_C: p = 6.2500e-02 ([NS])
    Proximity_Method_B vs Proximity_Method_B_C: p = 1.2500e-01 ([NS])
    Proximity_Method_C vs Proximity_Method_B_C: p = 1.2500e-01 ([NS])

JSD:
  Friedman Test: chi2 = 10.7200, p = 2.9898e-02
  Result: SIGNIFICANT (p < 0.05)
  Bonferroni-corrected alpha = 5.0000e-03
    Proximity_Baseline vs Proximity_Method_A: p = 6.2500e-01 ([NS])
    Proximity_Baseline vs Proximity_Method_B: p = 6.2500e-02 ([NS])
    Proximity_Baseline vs Proximity_Method_C: p = 1.8750e-01 ([NS])
    Proximity_Baseline vs Proximity_Method_B_C: p = 6.2500e-01 ([NS])
    Proximity_Method_A vs Proximity_Method_B: p = 6.2500e-02 ([NS])
    Proximity_Method_A vs Proximity_Method_C: p = 1.8750e-01 ([NS])
    Proximity_Method_A vs Proximity_Method_B_C: p = 8.1250e-01 ([NS])
    Proximity_Method_B vs Proximity_Method_C: p = 6.2500e-02 ([NS])
    Proximity_Method_B vs Proximity_Method_B_C: p = 1.2500e-01 ([NS])
    Proximity_Method_C vs Proximity_Method_B_C: p = 1.2500e-01 ([NS])

NAURC:
  Friedman Test: chi2 = 13.2800, p = 9.9857e-03
  Result: SIGNIFICANT (p < 0.05)
  Bonferroni-corrected alpha = 5.0000e-03
    Proximity_Baseline vs Proximity_Method_A: p = 8.1250e-01 ([NS])
    Proximity_Baseline vs Proximity_Method_B: p = 4.3750e-01 ([NS])
    Proximity_Baseline vs Proximity_Method_C: p = 6.2500e-02 ([NS])
    Proximity_Baseline vs Proximity_Method_B_C: p = 6.2500e-02 ([NS])
    Proximity_Method_A vs Proximity_Method_B: p = 4.3750e-01 ([NS])
    Proximity_Method_A vs Proximity_Method_C: p = 6.2500e-02 ([NS])
    Proximity_Method_A vs Proximity_Method_B_C: p = 6.2500e-02 ([NS])
    Proximity_Method_B vs Proximity_Method_C: p = 3.1250e-01 ([NS])
    Proximity_Method_B vs Proximity_Method_B_C: p = 1.2500e-01 ([NS])
    Proximity_Method_C vs Proximity_Method_B_C: p = 1.8750e-01 ([NS])

[DIMENSION] 3D Functions
----------------------------------------------------------------------

======================================================================
3D Functions (runs = 7)
======================================================================

--- AUROC ---
Proximity_Baseline: Mean = 0.5238, Std = 0.0482
Proximity_Method_A: Mean = 0.5266, Std = 0.0496
Proximity_Method_B: Mean = 0.5371, Std = 0.0527
Proximity_Method_C: Mean = 0.5546, Std = 0.0584
Proximity_Method_B_C: Mean = 0.5703, Std = 0.0610

--- FPR95 ---
Proximity_Baseline: Mean = 0.9313, Std = 0.0491
Proximity_Method_A: Mean = 0.9301, Std = 0.0525
Proximity_Method_B: Mean = 0.8898, Std = 0.0608
Proximity_Method_C: Mean = 0.9257, Std = 0.0399
Proximity_Method_B_C: Mean = 0.8825, Std = 0.0562

--- SPEARMAN ---
Proximity_Baseline: Mean = 0.0763, Std = 0.1597
Proximity_Method_A: Mean = 0.0790, Std = 0.1606
Proximity_Method_B: Mean = 0.0928, Std = 0.2097
Proximity_Method_C: Mean = 0.0990, Std = 0.1726
Proximity_Method_B_C: Mean = 0.1046, Std = 0.1646

--- BRIER ---
Proximity_Baseline: Mean = 0.2881, Std = 0.0025
Proximity_Method_A: Mean = 0.2879, Std = 0.0030
Proximity_Method_B: Mean = 0.2869, Std = 0.0046
Proximity_Method_C: Mean = 0.2861, Std = 0.0064
Proximity_Method_B_C: Mean = 0.2849, Std = 0.0083

--- MI ---
Proximity_Baseline: Mean = 0.1063, Std = 0.0608
Proximity_Method_A: Mean = 0.1043, Std = 0.0584
Proximity_Method_B: Mean = 0.1226, Std = 0.0525
Proximity_Method_C: Mean = 0.0843, Std = 0.0476
Proximity_Method_B_C: Mean = 0.1000, Std = 0.0462

--- JSD ---
Proximity_Baseline: Mean = 0.1111, Std = 0.0623
Proximity_Method_A: Mean = 0.1094, Std = 0.0604
Proximity_Method_B: Mean = 0.1303, Std = 0.0542
Proximity_Method_C: Mean = 0.0884, Std = 0.0489
Proximity_Method_B_C: Mean = 0.1048, Std = 0.0464

--- NAURC ---
Proximity_Baseline: Mean = 0.8191, Std = 0.1981
Proximity_Method_A: Mean = 0.8150, Std = 0.2000
Proximity_Method_B: Mean = 0.7578, Std = 0.2251
Proximity_Method_C: Mean = 0.7707, Std = 0.1631
Proximity_Method_B_C: Mean = 0.7262, Std = 0.1320

--- Statistical Validation (alpha = 0.05) ---

AUROC:
  Friedman Test: chi2 = 13.6000, p = 8.6874e-03
  Result: SIGNIFICANT (p < 0.05)
  Bonferroni-corrected alpha = 5.0000e-03
    Proximity_Baseline vs Proximity_Method_A: p = 1.2500e-01 ([NS])
    Proximity_Baseline vs Proximity_Method_B: p = 4.3750e-01 ([NS])
    Proximity_Baseline vs Proximity_Method_C: p = 6.2500e-02 ([NS])
    Proximity_Baseline vs Proximity_Method_B_C: p = 6.2500e-02 ([NS])
    Proximity_Method_A vs Proximity_Method_B: p = 6.2500e-01 ([NS])
    Proximity_Method_A vs Proximity_Method_C: p = 6.2500e-02 ([NS])
    Proximity_Method_A vs Proximity_Method_B_C: p = 6.2500e-02 ([NS])
    Proximity_Method_B vs Proximity_Method_C: p = 3.1250e-01 ([NS])
    Proximity_Method_B vs Proximity_Method_B_C: p = 1.8750e-01 ([NS])
    Proximity_Method_C vs Proximity_Method_B_C: p = 1.8750e-01 ([NS])

FPR95:
  Friedman Test: chi2 = 11.6800, p = 1.9896e-02
  Result: SIGNIFICANT (p < 0.05)
  Bonferroni-corrected alpha = 5.0000e-03
    Proximity_Baseline vs Proximity_Method_A: p = 8.1250e-01 ([NS])
    Proximity_Baseline vs Proximity_Method_B: p = 6.2500e-02 ([NS])
    Proximity_Baseline vs Proximity_Method_C: p = 6.2500e-01 ([NS])
    Proximity_Baseline vs Proximity_Method_B_C: p = 6.2500e-02 ([NS])
    Proximity_Method_A vs Proximity_Method_B: p = 6.2500e-02 ([NS])
    Proximity_Method_A vs Proximity_Method_C: p = 8.1250e-01 ([NS])
    Proximity_Method_A vs Proximity_Method_B_C: p = 1.2500e-01 ([NS])
    Proximity_Method_B vs Proximity_Method_C: p = 1.8750e-01 ([NS])
    Proximity_Method_B vs Proximity_Method_B_C: p = 8.1250e-01 ([NS])
    Proximity_Method_C vs Proximity_Method_B_C: p = 6.2500e-02 ([NS])

SPEARMAN:
  Friedman Test: chi2 = 6.8800, p = 1.4237e-01
  Result: NOT SIGNIFICANT (p >= 0.05)

BRIER:
  Friedman Test: chi2 = 5.2800, p = 2.5976e-01
  Result: NOT SIGNIFICANT (p >= 0.05)

MI:
  Friedman Test: chi2 = 14.5600, p = 5.7065e-03
  Result: SIGNIFICANT (p < 0.05)
  Bonferroni-corrected alpha = 5.0000e-03
    Proximity_Baseline vs Proximity_Method_A: p = 8.1250e-01 ([NS])
    Proximity_Baseline vs Proximity_Method_B: p = 6.2500e-02 ([NS])
    Proximity_Baseline vs Proximity_Method_C: p = 6.2500e-02 ([NS])
    Proximity_Baseline vs Proximity_Method_B_C: p = 6.2500e-01 ([NS])
    Proximity_Method_A vs Proximity_Method_B: p = 6.2500e-02 ([NS])
    Proximity_Method_A vs Proximity_Method_C: p = 6.2500e-02 ([NS])
    Proximity_Method_A vs Proximity_Method_B_C: p = 8.1250e-01 ([NS])
    Proximity_Method_B vs Proximity_Method_C: p = 6.2500e-02 ([NS])
    Proximity_Method_B vs Proximity_Method_B_C: p = 1.8750e-01 ([NS])
    Proximity_Method_C vs Proximity_Method_B_C: p = 6.2500e-02 ([NS])

JSD:
  Friedman Test: chi2 = 14.5600, p = 5.7065e-03
  Result: SIGNIFICANT (p < 0.05)
  Bonferroni-corrected alpha = 5.0000e-03
    Proximity_Baseline vs Proximity_Method_A: p = 1.0000e+00 ([NS])
    Proximity_Baseline vs Proximity_Method_B: p = 6.2500e-02 ([NS])
    Proximity_Baseline vs Proximity_Method_C: p = 6.2500e-02 ([NS])
    Proximity_Baseline vs Proximity_Method_B_C: p = 6.2500e-01 ([NS])
    Proximity_Method_A vs Proximity_Method_B: p = 6.2500e-02 ([NS])
    Proximity_Method_A vs Proximity_Method_C: p = 6.2500e-02 ([NS])
    Proximity_Method_A vs Proximity_Method_B_C: p = 8.1250e-01 ([NS])
    Proximity_Method_B vs Proximity_Method_C: p = 6.2500e-02 ([NS])
    Proximity_Method_B vs Proximity_Method_B_C: p = 1.8750e-01 ([NS])
    Proximity_Method_C vs Proximity_Method_B_C: p = 6.2500e-02 ([NS])

NAURC:
  Friedman Test: chi2 = 5.9200, p = 2.0520e-01
  Result: NOT SIGNIFICANT (p >= 0.05)

[DIMENSION] 4D Functions
----------------------------------------------------------------------

======================================================================
4D Functions (runs = 7)
======================================================================

--- AUROC ---
Proximity_Baseline: Mean = 0.5951, Std = 0.1476
Proximity_Method_A: Mean = 0.5994, Std = 0.1518
Proximity_Method_B: Mean = 0.6320, Std = 0.1853
Proximity_Method_C: Mean = 0.6153, Std = 0.1257
Proximity_Method_B_C: Mean = 0.6525, Std = 0.1445

--- FPR95 ---
Proximity_Baseline: Mean = 0.7946, Std = 0.2312
Proximity_Method_A: Mean = 0.7984, Std = 0.2261
Proximity_Method_B: Mean = 0.7306, Std = 0.3098
Proximity_Method_C: Mean = 0.8162, Std = 0.2049
Proximity_Method_B_C: Mean = 0.7540, Std = 0.2711

--- SPEARMAN ---
Proximity_Baseline: Mean = 0.2152, Std = 0.3329
Proximity_Method_A: Mean = 0.2220, Std = 0.3257
Proximity_Method_B: Mean = 0.1623, Std = 0.3806
Proximity_Method_C: Mean = 0.2357, Std = 0.3282
Proximity_Method_B_C: Mean = 0.2333, Std = 0.3380

--- BRIER ---
Proximity_Baseline: Mean = 0.2660, Std = 0.0351
Proximity_Method_A: Mean = 0.2631, Std = 0.0400
Proximity_Method_B: Mean = 0.2417, Std = 0.0657
Proximity_Method_C: Mean = 0.2661, Std = 0.0333
Proximity_Method_B_C: Mean = 0.2523, Std = 0.0511

--- MI ---
Proximity_Baseline: Mean = 0.1874, Std = 0.1566
Proximity_Method_A: Mean = 0.1891, Std = 0.1574
Proximity_Method_B: Mean = 0.2418, Std = 0.1947
Proximity_Method_C: Mean = 0.1596, Std = 0.1481
Proximity_Method_B_C: Mean = 0.2016, Std = 0.1858

--- JSD ---
Proximity_Baseline: Mean = 0.1950, Std = 0.1638
Proximity_Method_A: Mean = 0.1962, Std = 0.1640
Proximity_Method_B: Mean = 0.2526, Std = 0.2039
Proximity_Method_C: Mean = 0.1647, Std = 0.1538
Proximity_Method_B_C: Mean = 0.2107, Std = 0.1958

--- NAURC ---
Proximity_Baseline: Mean = 0.7211, Std = 0.3191
Proximity_Method_A: Mean = 0.7185, Std = 0.3209
Proximity_Method_B: Mean = 0.7053, Std = 0.3940
Proximity_Method_C: Mean = 0.6481, Std = 0.3029
Proximity_Method_B_C: Mean = 0.6013, Std = 0.2945

--- Statistical Validation (alpha = 0.05) ---

AUROC:
  Friedman Test: chi2 = 4.5333, p = 3.3861e-01
  Result: NOT SIGNIFICANT (p >= 0.05)

FPR95:
  Friedman Test: chi2 = 3.4667, p = 4.8296e-01
  Result: NOT SIGNIFICANT (p >= 0.05)

SPEARMAN:
  Friedman Test: chi2 = 9.3333, p = 5.3287e-02
  Result: NOT SIGNIFICANT (p >= 0.05)

BRIER:
  Friedman Test: chi2 = 7.7333, p = 1.0185e-01
  Result: NOT SIGNIFICANT (p >= 0.05)

MI:
  Friedman Test: chi2 = 8.2667, p = 8.2284e-02
  Result: NOT SIGNIFICANT (p >= 0.05)

JSD:
  Friedman Test: chi2 = 8.2667, p = 8.2284e-02
  Result: NOT SIGNIFICANT (p >= 0.05)

NAURC:
  Friedman Test: chi2 = 6.6667, p = 1.5459e-01
  Result: NOT SIGNIFICANT (p >= 0.05)

[DIMENSION] 5D Functions
----------------------------------------------------------------------

======================================================================
5D Functions (runs = 7)
======================================================================

--- AUROC ---
Proximity_Baseline: Mean = 0.5127, Std = 0.0357
Proximity_Method_A: Mean = 0.5121, Std = 0.0358
Proximity_Method_B: Mean = 0.5177, Std = 0.0569
Proximity_Method_C: Mean = 0.5506, Std = 0.0537
Proximity_Method_B_C: Mean = 0.5639, Std = 0.0614

--- FPR95 ---
Proximity_Baseline: Mean = 0.9372, Std = 0.0253
Proximity_Method_A: Mean = 0.9375, Std = 0.0250
Proximity_Method_B: Mean = 0.9136, Std = 0.0666
Proximity_Method_C: Mean = 0.9220, Std = 0.0331
Proximity_Method_B_C: Mean = 0.8842, Std = 0.0619

--- SPEARMAN ---
Proximity_Baseline: Mean = 0.0139, Std = 0.1350
Proximity_Method_A: Mean = 0.0137, Std = 0.1363
Proximity_Method_B: Mean = 0.0326, Std = 0.1744
Proximity_Method_C: Mean = 0.0688, Std = 0.1163
Proximity_Method_B_C: Mean = 0.0844, Std = 0.1235

--- BRIER ---
Proximity_Baseline: Mean = 0.2891, Std = 0.0020
Proximity_Method_A: Mean = 0.2891, Std = 0.0020
Proximity_Method_B: Mean = 0.2874, Std = 0.0077
Proximity_Method_C: Mean = 0.2864, Std = 0.0048
Proximity_Method_B_C: Mean = 0.2843, Std = 0.0102

--- MI ---
Proximity_Baseline: Mean = 0.0334, Std = 0.0277
Proximity_Method_A: Mean = 0.0349, Std = 0.0309
Proximity_Method_B: Mean = 0.0526, Std = 0.0573
Proximity_Method_C: Mean = 0.0320, Std = 0.0301
Proximity_Method_B_C: Mean = 0.0496, Std = 0.0469

--- JSD ---
Proximity_Baseline: Mean = 0.0348, Std = 0.0285
Proximity_Method_A: Mean = 0.0363, Std = 0.0316
Proximity_Method_B: Mean = 0.0558, Std = 0.0604
Proximity_Method_C: Mean = 0.0337, Std = 0.0315
Proximity_Method_B_C: Mean = 0.0524, Std = 0.0477

--- NAURC ---
Proximity_Baseline: Mean = 0.8352, Std = 0.2906
Proximity_Method_A: Mean = 0.8371, Std = 0.2914
Proximity_Method_B: Mean = 0.7858, Std = 0.3021
Proximity_Method_C: Mean = 0.7832, Std = 0.2789
Proximity_Method_B_C: Mean = 0.7453, Std = 0.2758

--- Statistical Validation (alpha = 0.05) ---

AUROC:
  Friedman Test: chi2 = 9.8667, p = 4.2735e-02
  Result: SIGNIFICANT (p < 0.05)
  Bonferroni-corrected alpha = 5.0000e-03
    Proximity_Baseline vs Proximity_Method_A: p = 2.5000e-01 ([NS])
    Proximity_Baseline vs Proximity_Method_B: p = 7.5000e-01 ([NS])
    Proximity_Baseline vs Proximity_Method_C: p = 2.5000e-01 ([NS])
    Proximity_Baseline vs Proximity_Method_B_C: p = 2.5000e-01 ([NS])
    Proximity_Method_A vs Proximity_Method_B: p = 7.5000e-01 ([NS])
    Proximity_Method_A vs Proximity_Method_C: p = 2.5000e-01 ([NS])
    Proximity_Method_A vs Proximity_Method_B_C: p = 2.5000e-01 ([NS])
    Proximity_Method_B vs Proximity_Method_C: p = 2.5000e-01 ([NS])
    Proximity_Method_B vs Proximity_Method_B_C: p = 2.5000e-01 ([NS])
    Proximity_Method_C vs Proximity_Method_B_C: p = 5.0000e-01 ([NS])

FPR95:
  Friedman Test: chi2 = 10.9333, p = 2.7324e-02
  Result: SIGNIFICANT (p < 0.05)
  Bonferroni-corrected alpha = 5.0000e-03
    Proximity_Baseline vs Proximity_Method_A: p = 5.0000e-01 ([NS])
    Proximity_Baseline vs Proximity_Method_B: p = 2.5000e-01 ([NS])
    Proximity_Baseline vs Proximity_Method_C: p = 2.5000e-01 ([NS])
    Proximity_Baseline vs Proximity_Method_B_C: p = 2.5000e-01 ([NS])
    Proximity_Method_A vs Proximity_Method_B: p = 2.5000e-01 ([NS])
    Proximity_Method_A vs Proximity_Method_C: p = 2.5000e-01 ([NS])
    Proximity_Method_A vs Proximity_Method_B_C: p = 2.5000e-01 ([NS])
    Proximity_Method_B vs Proximity_Method_C: p = 5.0000e-01 ([NS])
    Proximity_Method_B vs Proximity_Method_B_C: p = 2.5000e-01 ([NS])
    Proximity_Method_C vs Proximity_Method_B_C: p = 2.5000e-01 ([NS])

SPEARMAN:
  Friedman Test: chi2 = 5.3333, p = 2.5477e-01
  Result: NOT SIGNIFICANT (p >= 0.05)

BRIER:
  Friedman Test: chi2 = 9.8667, p = 4.2735e-02
  Result: SIGNIFICANT (p < 0.05)
  Bonferroni-corrected alpha = 5.0000e-03
    Proximity_Baseline vs Proximity_Method_A: p = 7.5000e-01 ([NS])
    Proximity_Baseline vs Proximity_Method_B: p = 5.0000e-01 ([NS])
    Proximity_Baseline vs Proximity_Method_C: p = 2.5000e-01 ([NS])
    Proximity_Baseline vs Proximity_Method_B_C: p = 2.5000e-01 ([NS])
    Proximity_Method_A vs Proximity_Method_B: p = 5.0000e-01 ([NS])
    Proximity_Method_A vs Proximity_Method_C: p = 2.5000e-01 ([NS])
    Proximity_Method_A vs Proximity_Method_B_C: p = 2.5000e-01 ([NS])
    Proximity_Method_B vs Proximity_Method_C: p = 2.5000e-01 ([NS])
    Proximity_Method_B vs Proximity_Method_B_C: p = 2.5000e-01 ([NS])
    Proximity_Method_C vs Proximity_Method_B_C: p = 2.5000e-01 ([NS])

MI:
  Friedman Test: chi2 = 9.3333, p = 5.3287e-02
  Result: NOT SIGNIFICANT (p >= 0.05)

JSD:
  Friedman Test: chi2 = 9.3333, p = 5.3287e-02
  Result: NOT SIGNIFICANT (p >= 0.05)

NAURC:
  Friedman Test: chi2 = 5.0667, p = 2.8053e-01
  Result: NOT SIGNIFICANT (p >= 0.05)

[DIMENSION] 6D Functions
----------------------------------------------------------------------

======================================================================
6D Functions (runs = 7)
======================================================================

--- AUROC ---
Proximity_Baseline: Mean = 0.6412, Std = 0.1777
Proximity_Method_A: Mean = 0.6430, Std = 0.1780
Proximity_Method_B: Mean = 0.6479, Std = 0.1928
Proximity_Method_C: Mean = 0.6380, Std = 0.1953
Proximity_Method_B_C: Mean = 0.6424, Std = 0.2124

--- FPR95 ---
Proximity_Baseline: Mean = 0.7634, Std = 0.2425
Proximity_Method_A: Mean = 0.7614, Std = 0.2443
Proximity_Method_B: Mean = 0.6832, Std = 0.3519
Proximity_Method_C: Mean = 0.7458, Std = 0.2774
Proximity_Method_B_C: Mean = 0.6776, Std = 0.3655

--- SPEARMAN ---
Proximity_Baseline: Mean = 0.0262, Std = 0.0928
Proximity_Method_A: Mean = 0.0279, Std = 0.0928
Proximity_Method_B: Mean = 0.0080, Std = 0.1285
Proximity_Method_C: Mean = 0.0197, Std = 0.1172
Proximity_Method_B_C: Mean = 0.0106, Std = 0.1396

--- BRIER ---
Proximity_Baseline: Mean = 0.2446, Std = 0.0624
Proximity_Method_A: Mean = 0.2439, Std = 0.0630
Proximity_Method_B: Mean = 0.2357, Std = 0.0787
Proximity_Method_C: Mean = 0.2381, Std = 0.0726
Proximity_Method_B_C: Mean = 0.2284, Std = 0.0839

--- MI ---
Proximity_Baseline: Mean = 0.1678, Std = 0.1875
Proximity_Method_A: Mean = 0.1705, Std = 0.1874
Proximity_Method_B: Mean = 0.2174, Std = 0.2406
Proximity_Method_C: Mean = 0.1709, Std = 0.2133
Proximity_Method_B_C: Mean = 0.2139, Std = 0.2570

--- JSD ---
Proximity_Baseline: Mean = 0.1729, Std = 0.1925
Proximity_Method_A: Mean = 0.1757, Std = 0.1925
Proximity_Method_B: Mean = 0.2325, Std = 0.2569
Proximity_Method_C: Mean = 0.1768, Std = 0.2188
Proximity_Method_B_C: Mean = 0.2276, Std = 0.2718

--- NAURC ---
Proximity_Baseline: Mean = 0.7961, Std = 0.1464
Proximity_Method_A: Mean = 0.7936, Std = 0.1431
Proximity_Method_B: Mean = 0.7802, Std = 0.1750
Proximity_Method_C: Mean = 0.8107, Std = 0.1789
Proximity_Method_B_C: Mean = 0.8219, Std = 0.2367

--- Statistical Validation (alpha = 0.05) ---

AUROC:
  Friedman Test: chi2 = 1.3333, p = 8.5570e-01
  Result: NOT SIGNIFICANT (p >= 0.05)

FPR95:
  Friedman Test: chi2 = 2.6667, p = 6.1506e-01
  Result: NOT SIGNIFICANT (p >= 0.05)

SPEARMAN:
  Friedman Test: chi2 = 1.3333, p = 8.5570e-01
  Result: NOT SIGNIFICANT (p >= 0.05)

BRIER:
  Friedman Test: chi2 = 7.2000, p = 1.2569e-01
  Result: NOT SIGNIFICANT (p >= 0.05)

MI:
  Friedman Test: chi2 = 2.9333, p = 5.6904e-01
  Result: NOT SIGNIFICANT (p >= 0.05)

JSD:
  Friedman Test: chi2 = 2.9333, p = 5.6904e-01
  Result: NOT SIGNIFICANT (p >= 0.05)

NAURC:
  Friedman Test: chi2 = 1.3333, p = 8.5570e-01
  Result: NOT SIGNIFICANT (p >= 0.05)

[DIMENSION] 7D Functions
----------------------------------------------------------------------

======================================================================
7D Functions (runs = 7)
======================================================================

--- AUROC ---
Proximity_Baseline: Mean = 0.5699, Std = 0.0592
Proximity_Method_A: Mean = 0.5696, Std = 0.0577
Proximity_Method_B: Mean = 0.5685, Std = 0.0685
Proximity_Method_C: Mean = 0.5717, Std = 0.0704
Proximity_Method_B_C: Mean = 0.5730, Std = 0.0862

--- FPR95 ---
Proximity_Baseline: Mean = 0.9272, Std = 0.0318
Proximity_Method_A: Mean = 0.9278, Std = 0.0316
Proximity_Method_B: Mean = 0.8702, Std = 0.1019
Proximity_Method_C: Mean = 0.9097, Std = 0.0409
Proximity_Method_B_C: Mean = 0.8862, Std = 0.0859

--- SPEARMAN ---
Proximity_Baseline: Mean = 0.1872, Std = 0.1624
Proximity_Method_A: Mean = 0.1846, Std = 0.1639
Proximity_Method_B: Mean = 0.1634, Std = 0.1929
Proximity_Method_C: Mean = 0.1833, Std = 0.1545
Proximity_Method_B_C: Mean = 0.1741, Std = 0.1849

--- BRIER ---
Proximity_Baseline: Mean = 0.2807, Std = 0.0112
Proximity_Method_A: Mean = 0.2810, Std = 0.0108
Proximity_Method_B: Mean = 0.2776, Std = 0.0147
Proximity_Method_C: Mean = 0.2804, Std = 0.0094
Proximity_Method_B_C: Mean = 0.2779, Std = 0.0165

--- MI ---
Proximity_Baseline: Mean = 0.0602, Std = 0.0562
Proximity_Method_A: Mean = 0.0611, Std = 0.0545
Proximity_Method_B: Mean = 0.1252, Std = 0.1086
Proximity_Method_C: Mean = 0.0456, Std = 0.0319
Proximity_Method_B_C: Mean = 0.0766, Std = 0.0684

--- JSD ---
Proximity_Baseline: Mean = 0.0617, Std = 0.0558
Proximity_Method_A: Mean = 0.0627, Std = 0.0541
Proximity_Method_B: Mean = 0.1333, Std = 0.1129
Proximity_Method_C: Mean = 0.0476, Std = 0.0328
Proximity_Method_B_C: Mean = 0.0805, Std = 0.0711

--- NAURC ---
Proximity_Baseline: Mean = 0.6702, Std = 0.1882
Proximity_Method_A: Mean = 0.6737, Std = 0.1887
Proximity_Method_B: Mean = 0.5893, Std = 0.1612
Proximity_Method_C: Mean = 0.6753, Std = 0.1915
Proximity_Method_B_C: Mean = 0.6358, Std = 0.2066

--- Statistical Validation (alpha = 0.05) ---

AUROC:
  Friedman Test: chi2 = 0.2667, p = 9.9186e-01
  Result: NOT SIGNIFICANT (p >= 0.05)

FPR95:
  Friedman Test: chi2 = 10.1333, p = 3.8241e-02
  Result: SIGNIFICANT (p < 0.05)
  Bonferroni-corrected alpha = 5.0000e-03
    Proximity_Baseline vs Proximity_Method_A: p = 5.0000e-01 ([NS])
    Proximity_Baseline vs Proximity_Method_B: p = 2.5000e-01 ([NS])
    Proximity_Baseline vs Proximity_Method_C: p = 2.5000e-01 ([NS])
    Proximity_Baseline vs Proximity_Method_B_C: p = 2.5000e-01 ([NS])
    Proximity_Method_A vs Proximity_Method_B: p = 2.5000e-01 ([NS])
    Proximity_Method_A vs Proximity_Method_C: p = 2.5000e-01 ([NS])
    Proximity_Method_A vs Proximity_Method_B_C: p = 2.5000e-01 ([NS])
    Proximity_Method_B vs Proximity_Method_C: p = 7.5000e-01 ([NS])
    Proximity_Method_B vs Proximity_Method_B_C: p = 1.0000e+00 ([NS])
    Proximity_Method_C vs Proximity_Method_B_C: p = 2.5000e-01 ([NS])

SPEARMAN:
  Friedman Test: chi2 = 1.3333, p = 8.5570e-01
  Result: NOT SIGNIFICANT (p >= 0.05)

BRIER:
  Friedman Test: chi2 = 1.3333, p = 8.5570e-01
  Result: NOT SIGNIFICANT (p >= 0.05)

MI:
  Friedman Test: chi2 = 7.2000, p = 1.2569e-01
  Result: NOT SIGNIFICANT (p >= 0.05)

JSD:
  Friedman Test: chi2 = 7.2000, p = 1.2569e-01
  Result: NOT SIGNIFICANT (p >= 0.05)

NAURC:
  Friedman Test: chi2 = 10.6667, p = 3.0577e-02
  Result: SIGNIFICANT (p < 0.05)
  Bonferroni-corrected alpha = 5.0000e-03
    Proximity_Baseline vs Proximity_Method_A: p = 2.5000e-01 ([NS])
    Proximity_Baseline vs Proximity_Method_B: p = 2.5000e-01 ([NS])
    Proximity_Baseline vs Proximity_Method_C: p = 7.5000e-01 ([NS])
    Proximity_Baseline vs Proximity_Method_B_C: p = 2.5000e-01 ([NS])
    Proximity_Method_A vs Proximity_Method_B: p = 2.5000e-01 ([NS])
    Proximity_Method_A vs Proximity_Method_C: p = 1.0000e+00 ([NS])
    Proximity_Method_A vs Proximity_Method_B_C: p = 2.5000e-01 ([NS])
    Proximity_Method_B vs Proximity_Method_C: p = 2.5000e-01 ([NS])
    Proximity_Method_B vs Proximity_Method_B_C: p = 2.5000e-01 ([NS])
    Proximity_Method_C vs Proximity_Method_B_C: p = 2.5000e-01 ([NS])

[DIMENSION] 8D Functions
----------------------------------------------------------------------

======================================================================
8D Functions (runs = 7)
======================================================================

--- AUROC ---
Proximity_Baseline: Mean = 0.6062, Std = 0.1068
Proximity_Method_A: Mean = 0.6078, Std = 0.1097
Proximity_Method_B: Mean = 0.6679, Std = 0.1521
Proximity_Method_C: Mean = 0.6214, Std = 0.1205
Proximity_Method_B_C: Mean = 0.6460, Std = 0.1516

--- FPR95 ---
Proximity_Baseline: Mean = 0.8822, Std = 0.0857
Proximity_Method_A: Mean = 0.8803, Std = 0.0879
Proximity_Method_B: Mean = 0.6877, Std = 0.2281
Proximity_Method_C: Mean = 0.8512, Std = 0.1166
Proximity_Method_B_C: Mean = 0.7931, Std = 0.1618

--- SPEARMAN ---
Proximity_Baseline: Mean = 0.0166, Std = 0.0597
Proximity_Method_A: Mean = 0.0166, Std = 0.0613
Proximity_Method_B: Mean = -0.0156, Std = 0.0702
Proximity_Method_C: Mean = 0.0355, Std = 0.0783
Proximity_Method_B_C: Mean = 0.0266, Std = 0.1054

--- BRIER ---
Proximity_Baseline: Mean = 0.2695, Std = 0.0285
Proximity_Method_A: Mean = 0.2687, Std = 0.0298
Proximity_Method_B: Mean = 0.2480, Std = 0.0504
Proximity_Method_C: Mean = 0.2642, Std = 0.0341
Proximity_Method_B_C: Mean = 0.2525, Std = 0.0465

--- MI ---
Proximity_Baseline: Mean = 0.0726, Std = 0.0758
Proximity_Method_A: Mean = 0.0744, Std = 0.0794
Proximity_Method_B: Mean = 0.1609, Std = 0.1471
Proximity_Method_C: Mean = 0.0806, Std = 0.0905
Proximity_Method_B_C: Mean = 0.1222, Std = 0.1240

--- JSD ---
Proximity_Baseline: Mean = 0.0742, Std = 0.0772
Proximity_Method_A: Mean = 0.0763, Std = 0.0810
Proximity_Method_B: Mean = 0.1745, Std = 0.1576
Proximity_Method_C: Mean = 0.0831, Std = 0.0925
Proximity_Method_B_C: Mean = 0.1279, Std = 0.1271

--- NAURC ---
Proximity_Baseline: Mean = 0.9094, Std = 0.1274
Proximity_Method_A: Mean = 0.9076, Std = 0.1287
Proximity_Method_B: Mean = 0.8330, Std = 0.1696
Proximity_Method_C: Mean = 0.9003, Std = 0.1545
Proximity_Method_B_C: Mean = 0.8970, Std = 0.2096

--- Statistical Validation (alpha = 0.05) ---

AUROC:
  Friedman Test: chi2 = 5.3333, p = 2.5477e-01
  Result: NOT SIGNIFICANT (p >= 0.05)

FPR95:
  Friedman Test: chi2 = 10.9333, p = 2.7324e-02
  Result: SIGNIFICANT (p < 0.05)
  Bonferroni-corrected alpha = 5.0000e-03
    Proximity_Baseline vs Proximity_Method_A: p = 5.0000e-01 ([NS])
    Proximity_Baseline vs Proximity_Method_B: p = 2.5000e-01 ([NS])
    Proximity_Baseline vs Proximity_Method_C: p = 2.5000e-01 ([NS])
    Proximity_Baseline vs Proximity_Method_B_C: p = 2.5000e-01 ([NS])
    Proximity_Method_A vs Proximity_Method_B: p = 2.5000e-01 ([NS])
    Proximity_Method_A vs Proximity_Method_C: p = 2.5000e-01 ([NS])
    Proximity_Method_A vs Proximity_Method_B_C: p = 2.5000e-01 ([NS])
    Proximity_Method_B vs Proximity_Method_C: p = 2.5000e-01 ([NS])
    Proximity_Method_B vs Proximity_Method_B_C: p = 5.0000e-01 ([NS])
    Proximity_Method_C vs Proximity_Method_B_C: p = 2.5000e-01 ([NS])

SPEARMAN:
  Friedman Test: chi2 = 0.2667, p = 9.9186e-01
  Result: NOT SIGNIFICANT (p >= 0.05)

BRIER:
  Friedman Test: chi2 = 8.8000, p = 6.6298e-02
  Result: NOT SIGNIFICANT (p >= 0.05)

MI:
  Friedman Test: chi2 = 5.8667, p = 2.0933e-01
  Result: NOT SIGNIFICANT (p >= 0.05)

JSD:
  Friedman Test: chi2 = 7.7333, p = 1.0185e-01
  Result: NOT SIGNIFICANT (p >= 0.05)

NAURC:
  Friedman Test: chi2 = 7.7333, p = 1.0185e-01
  Result: NOT SIGNIFICANT (p >= 0.05)

[DIMENSION] 9D Functions
----------------------------------------------------------------------

======================================================================
9D Functions (runs = 7)
======================================================================

--- AUROC ---
Proximity_Baseline: Mean = 0.5606, Std = 0.0519
Proximity_Method_A: Mean = 0.5600, Std = 0.0541
Proximity_Method_B: Mean = 0.6458, Std = 0.1213
Proximity_Method_C: Mean = 0.5742, Std = 0.0670
Proximity_Method_B_C: Mean = 0.6181, Std = 0.0876

--- FPR95 ---
Proximity_Baseline: Mean = 0.9136, Std = 0.0497
Proximity_Method_A: Mean = 0.9146, Std = 0.0499
Proximity_Method_B: Mean = 0.7473, Std = 0.2235
Proximity_Method_C: Mean = 0.9058, Std = 0.0561
Proximity_Method_B_C: Mean = 0.8516, Std = 0.0924

--- SPEARMAN ---
Proximity_Baseline: Mean = 0.0131, Std = 0.0590
Proximity_Method_A: Mean = 0.0089, Std = 0.0597
Proximity_Method_B: Mean = 0.0091, Std = 0.0867
Proximity_Method_C: Mean = 0.0252, Std = 0.0708
Proximity_Method_B_C: Mean = 0.0255, Std = 0.1015

--- BRIER ---
Proximity_Baseline: Mean = 0.2844, Std = 0.0078
Proximity_Method_A: Mean = 0.2843, Std = 0.0079
Proximity_Method_B: Mean = 0.2600, Std = 0.0401
Proximity_Method_C: Mean = 0.2813, Std = 0.0094
Proximity_Method_B_C: Mean = 0.2719, Std = 0.0182

--- MI ---
Proximity_Baseline: Mean = 0.0291, Std = 0.0258
Proximity_Method_A: Mean = 0.0300, Std = 0.0267
Proximity_Method_B: Mean = 0.1220, Std = 0.1468
Proximity_Method_C: Mean = 0.0336, Std = 0.0275
Proximity_Method_B_C: Mean = 0.0621, Std = 0.0560

--- JSD ---
Proximity_Baseline: Mean = 0.0303, Std = 0.0272
Proximity_Method_A: Mean = 0.0313, Std = 0.0281
Proximity_Method_B: Mean = 0.1336, Std = 0.1614
Proximity_Method_C: Mean = 0.0351, Std = 0.0289
Proximity_Method_B_C: Mean = 0.0666, Std = 0.0606

--- NAURC ---
Proximity_Baseline: Mean = 0.9213, Std = 0.1291
Proximity_Method_A: Mean = 0.9249, Std = 0.1318
Proximity_Method_B: Mean = 0.7739, Std = 0.2280
Proximity_Method_C: Mean = 0.9264, Std = 0.1631
Proximity_Method_B_C: Mean = 0.8794, Std = 0.2130

--- Statistical Validation (alpha = 0.05) ---

AUROC:
  Friedman Test: chi2 = 7.7333, p = 1.0185e-01
  Result: NOT SIGNIFICANT (p >= 0.05)

FPR95:
  Friedman Test: chi2 = 10.9333, p = 2.7324e-02
  Result: SIGNIFICANT (p < 0.05)
  Bonferroni-corrected alpha = 5.0000e-03
    Proximity_Baseline vs Proximity_Method_A: p = 7.5000e-01 ([NS])
    Proximity_Baseline vs Proximity_Method_B: p = 2.5000e-01 ([NS])
    Proximity_Baseline vs Proximity_Method_C: p = 2.5000e-01 ([NS])
    Proximity_Baseline vs Proximity_Method_B_C: p = 2.5000e-01 ([NS])
    Proximity_Method_A vs Proximity_Method_B: p = 2.5000e-01 ([NS])
    Proximity_Method_A vs Proximity_Method_C: p = 2.5000e-01 ([NS])
    Proximity_Method_A vs Proximity_Method_B_C: p = 2.5000e-01 ([NS])
    Proximity_Method_B vs Proximity_Method_C: p = 2.5000e-01 ([NS])
    Proximity_Method_B vs Proximity_Method_B_C: p = 5.0000e-01 ([NS])
    Proximity_Method_C vs Proximity_Method_B_C: p = 2.5000e-01 ([NS])

SPEARMAN:
  Friedman Test: chi2 = 6.1333, p = 1.8941e-01
  Result: NOT SIGNIFICANT (p >= 0.05)

BRIER:
  Friedman Test: chi2 = 9.8667, p = 4.2735e-02
  Result: SIGNIFICANT (p < 0.05)
  Bonferroni-corrected alpha = 5.0000e-03
    Proximity_Baseline vs Proximity_Method_A: p = 7.5000e-01 ([NS])
    Proximity_Baseline vs Proximity_Method_B: p = 2.5000e-01 ([NS])
    Proximity_Baseline vs Proximity_Method_C: p = 2.5000e-01 ([NS])
    Proximity_Baseline vs Proximity_Method_B_C: p = 2.5000e-01 ([NS])
    Proximity_Method_A vs Proximity_Method_B: p = 2.5000e-01 ([NS])
    Proximity_Method_A vs Proximity_Method_C: p = 2.5000e-01 ([NS])
    Proximity_Method_A vs Proximity_Method_B_C: p = 2.5000e-01 ([NS])
    Proximity_Method_B vs Proximity_Method_C: p = 5.0000e-01 ([NS])
    Proximity_Method_B vs Proximity_Method_B_C: p = 7.5000e-01 ([NS])
    Proximity_Method_C vs Proximity_Method_B_C: p = 2.5000e-01 ([NS])

MI:
  Friedman Test: chi2 = 9.3333, p = 5.3287e-02
  Result: NOT SIGNIFICANT (p >= 0.05)

JSD:
  Friedman Test: chi2 = 9.3333, p = 5.3287e-02
  Result: NOT SIGNIFICANT (p >= 0.05)

NAURC:
  Friedman Test: chi2 = 10.4000, p = 3.4203e-02
  Result: SIGNIFICANT (p < 0.05)
  Bonferroni-corrected alpha = 5.0000e-03
    Proximity_Baseline vs Proximity_Method_A: p = 2.5000e-01 ([NS])
    Proximity_Baseline vs Proximity_Method_B: p = 2.5000e-01 ([NS])
    Proximity_Baseline vs Proximity_Method_C: p = 7.5000e-01 ([NS])
    Proximity_Baseline vs Proximity_Method_B_C: p = 2.5000e-01 ([NS])
    Proximity_Method_A vs Proximity_Method_B: p = 2.5000e-01 ([NS])
    Proximity_Method_A vs Proximity_Method_C: p = 7.5000e-01 ([NS])
    Proximity_Method_A vs Proximity_Method_B_C: p = 2.5000e-01 ([NS])
    Proximity_Method_B vs Proximity_Method_C: p = 2.5000e-01 ([NS])
    Proximity_Method_B vs Proximity_Method_B_C: p = 2.5000e-01 ([NS])
    Proximity_Method_C vs Proximity_Method_B_C: p = 2.5000e-01 ([NS])

[DIMENSION] 10D Functions
----------------------------------------------------------------------

======================================================================
10D Functions (runs = 7)
======================================================================

--- AUROC ---
Proximity_Baseline: Mean = 0.5778, Std = 0.0760
Proximity_Method_A: Mean = 0.5796, Std = 0.0770
Proximity_Method_B: Mean = 0.6811, Std = 0.1400
Proximity_Method_C: Mean = 0.5927, Std = 0.0741
Proximity_Method_B_C: Mean = 0.6353, Std = 0.1221

--- FPR95 ---
Proximity_Baseline: Mean = 0.9127, Std = 0.0426
Proximity_Method_A: Mean = 0.9131, Std = 0.0424
Proximity_Method_B: Mean = 0.7656, Std = 0.1963
Proximity_Method_C: Mean = 0.9069, Std = 0.0599
Proximity_Method_B_C: Mean = 0.8502, Std = 0.1176

--- SPEARMAN ---
Proximity_Baseline: Mean = 0.0632, Std = 0.0855
Proximity_Method_A: Mean = 0.0647, Std = 0.0880
Proximity_Method_B: Mean = 0.0506, Std = 0.0989
Proximity_Method_C: Mean = 0.0852, Std = 0.0785
Proximity_Method_B_C: Mean = 0.0942, Std = 0.0850

--- BRIER ---
Proximity_Baseline: Mean = 0.2784, Std = 0.0103
Proximity_Method_A: Mean = 0.2781, Std = 0.0108
Proximity_Method_B: Mean = 0.2435, Std = 0.0456
Proximity_Method_C: Mean = 0.2757, Std = 0.0154
Proximity_Method_B_C: Mean = 0.2594, Std = 0.0328

--- MI ---
Proximity_Baseline: Mean = 0.0481, Std = 0.0375
Proximity_Method_A: Mean = 0.0484, Std = 0.0380
Proximity_Method_B: Mean = 0.1450, Std = 0.1395
Proximity_Method_C: Mean = 0.0498, Std = 0.0404
Proximity_Method_B_C: Mean = 0.0942, Std = 0.0875

--- JSD ---
Proximity_Baseline: Mean = 0.0484, Std = 0.0375
Proximity_Method_A: Mean = 0.0488, Std = 0.0380
Proximity_Method_B: Mean = 0.1537, Std = 0.1491
Proximity_Method_C: Mean = 0.0503, Std = 0.0396
Proximity_Method_B_C: Mean = 0.0964, Std = 0.0887

--- NAURC ---
Proximity_Baseline: Mean = 0.8360, Std = 0.1200
Proximity_Method_A: Mean = 0.8332, Std = 0.1238
Proximity_Method_B: Mean = 0.7334, Std = 0.2038
Proximity_Method_C: Mean = 0.8405, Std = 0.1301
Proximity_Method_B_C: Mean = 0.8067, Std = 0.1644

--- Statistical Validation (alpha = 0.05) ---

AUROC:
  Friedman Test: chi2 = 3.4667, p = 4.8296e-01
  Result: NOT SIGNIFICANT (p >= 0.05)

FPR95:
  Friedman Test: chi2 = 4.5333, p = 3.3861e-01
  Result: NOT SIGNIFICANT (p >= 0.05)

SPEARMAN:
  Friedman Test: chi2 = 2.1333, p = 7.1125e-01
  Result: NOT SIGNIFICANT (p >= 0.05)

BRIER:
  Friedman Test: chi2 = 5.6000, p = 2.3108e-01
  Result: NOT SIGNIFICANT (p >= 0.05)

MI:
  Friedman Test: chi2 = 6.6667, p = 1.5459e-01
  Result: NOT SIGNIFICANT (p >= 0.05)

JSD:
  Friedman Test: chi2 = 6.6667, p = 1.5459e-01
  Result: NOT SIGNIFICANT (p >= 0.05)

NAURC:
  Friedman Test: chi2 = 7.7333, p = 1.0185e-01
  Result: NOT SIGNIFICANT (p >= 0.05)

[DIMENSION] 11D Functions
----------------------------------------------------------------------

======================================================================
11D Functions (runs = 7)
======================================================================

--- AUROC ---
Proximity_Baseline: Mean = 0.6262, Std = 0.0877
Proximity_Method_A: Mean = 0.6256, Std = 0.0879
Proximity_Method_B: Mean = 0.6338, Std = 0.0633
Proximity_Method_C: Mean = 0.6388, Std = 0.0828
Proximity_Method_B_C: Mean = 0.6027, Std = 0.0740

--- FPR95 ---
Proximity_Baseline: Mean = 0.8886, Std = 0.0507
Proximity_Method_A: Mean = 0.8905, Std = 0.0489
Proximity_Method_B: Mean = 0.8461, Std = 0.0736
Proximity_Method_C: Mean = 0.8723, Std = 0.0638
Proximity_Method_B_C: Mean = 0.8797, Std = 0.0471

--- SPEARMAN ---
Proximity_Baseline: Mean = 0.0051, Std = 0.0223
Proximity_Method_A: Mean = 0.0035, Std = 0.0233
Proximity_Method_B: Mean = 0.0090, Std = 0.0160
Proximity_Method_C: Mean = 0.0070, Std = 0.0212
Proximity_Method_B_C: Mean = 0.0060, Std = 0.0195

--- BRIER ---
Proximity_Baseline: Mean = 0.2681, Std = 0.0223
Proximity_Method_A: Mean = 0.2683, Std = 0.0223
Proximity_Method_B: Mean = 0.2708, Std = 0.0143
Proximity_Method_C: Mean = 0.2668, Std = 0.0220
Proximity_Method_B_C: Mean = 0.2756, Std = 0.0113

--- MI ---
Proximity_Baseline: Mean = 0.0582, Std = 0.0565
Proximity_Method_A: Mean = 0.0579, Std = 0.0560
Proximity_Method_B: Mean = 0.0550, Std = 0.0390
Proximity_Method_C: Mean = 0.0613, Std = 0.0558
Proximity_Method_B_C: Mean = 0.0388, Std = 0.0271

--- JSD ---
Proximity_Baseline: Mean = 0.0595, Std = 0.0572
Proximity_Method_A: Mean = 0.0592, Std = 0.0567
Proximity_Method_B: Mean = 0.0587, Std = 0.0423
Proximity_Method_C: Mean = 0.0636, Std = 0.0576
Proximity_Method_B_C: Mean = 0.0410, Std = 0.0285

--- NAURC ---
Proximity_Baseline: Mean = 0.9867, Std = 0.0121
Proximity_Method_A: Mean = 0.9864, Std = 0.0152
Proximity_Method_B: Mean = 0.9727, Std = 0.0090
Proximity_Method_C: Mean = 0.9900, Std = 0.0114
Proximity_Method_B_C: Mean = 0.9928, Std = 0.0065

--- Statistical Validation (alpha = 0.05) ---

AUROC:
  Result: NOT ENOUGH VALID DATA FOR Paired Testing (Requires >= 3 independent functions)

FPR95:
  Result: NOT ENOUGH VALID DATA FOR Paired Testing (Requires >= 3 independent functions)

SPEARMAN:
  Result: NOT ENOUGH VALID DATA FOR Paired Testing (Requires >= 3 independent functions)

BRIER:
  Result: NOT ENOUGH VALID DATA FOR Paired Testing (Requires >= 3 independent functions)

MI:
  Result: NOT ENOUGH VALID DATA FOR Paired Testing (Requires >= 3 independent functions)

JSD:
  Result: NOT ENOUGH VALID DATA FOR Paired Testing (Requires >= 3 independent functions)

NAURC:
  Result: NOT ENOUGH VALID DATA FOR Paired Testing (Requires >= 3 independent functions)

[DIMENSION] 12D Functions
----------------------------------------------------------------------

======================================================================
12D Functions (runs = 7)
======================================================================

--- AUROC ---
Proximity_Baseline: Mean = 0.5643, Std = 0.0387
Proximity_Method_A: Mean = 0.5669, Std = 0.0397
Proximity_Method_B: Mean = 0.6190, Std = 0.0682
Proximity_Method_C: Mean = 0.5912, Std = 0.0451
Proximity_Method_B_C: Mean = 0.6212, Std = 0.0669

--- FPR95 ---
Proximity_Baseline: Mean = 0.9199, Std = 0.0228
Proximity_Method_A: Mean = 0.9154, Std = 0.0244
Proximity_Method_B: Mean = 0.8506, Std = 0.0631
Proximity_Method_C: Mean = 0.9044, Std = 0.0365
Proximity_Method_B_C: Mean = 0.8770, Std = 0.0448

--- SPEARMAN ---
Proximity_Baseline: Mean = -0.0024, Std = 0.0255
Proximity_Method_A: Mean = -0.0047, Std = 0.0236
Proximity_Method_B: Mean = -0.0027, Std = 0.0195
Proximity_Method_C: Mean = -0.0002, Std = 0.0249
Proximity_Method_B_C: Mean = -0.0007, Std = 0.0125

--- BRIER ---
Proximity_Baseline: Mean = 0.2849, Std = 0.0051
Proximity_Method_A: Mean = 0.2845, Std = 0.0058
Proximity_Method_B: Mean = 0.2736, Std = 0.0166
Proximity_Method_C: Mean = 0.2805, Std = 0.0098
Proximity_Method_B_C: Mean = 0.2724, Std = 0.0172

--- MI ---
Proximity_Baseline: Mean = 0.0162, Std = 0.0123
Proximity_Method_A: Mean = 0.0168, Std = 0.0139
Proximity_Method_B: Mean = 0.0490, Std = 0.0429
Proximity_Method_C: Mean = 0.0260, Std = 0.0235
Proximity_Method_B_C: Mean = 0.0461, Std = 0.0416

--- JSD ---
Proximity_Baseline: Mean = 0.0169, Std = 0.0131
Proximity_Method_A: Mean = 0.0176, Std = 0.0147
Proximity_Method_B: Mean = 0.0523, Std = 0.0455
Proximity_Method_C: Mean = 0.0272, Std = 0.0247
Proximity_Method_B_C: Mean = 0.0479, Std = 0.0427

--- NAURC ---
Proximity_Baseline: Mean = 0.9944, Std = 0.0157
Proximity_Method_A: Mean = 0.9947, Std = 0.0139
Proximity_Method_B: Mean = 0.9979, Std = 0.0126
Proximity_Method_C: Mean = 0.9942, Std = 0.0158
Proximity_Method_B_C: Mean = 0.9984, Std = 0.0139

--- Statistical Validation (alpha = 0.05) ---

AUROC:
  Result: NOT ENOUGH VALID DATA FOR Paired Testing (Requires >= 3 independent functions)

FPR95:
  Result: NOT ENOUGH VALID DATA FOR Paired Testing (Requires >= 3 independent functions)

SPEARMAN:
  Result: NOT ENOUGH VALID DATA FOR Paired Testing (Requires >= 3 independent functions)

BRIER:
  Result: NOT ENOUGH VALID DATA FOR Paired Testing (Requires >= 3 independent functions)

MI:
  Result: NOT ENOUGH VALID DATA FOR Paired Testing (Requires >= 3 independent functions)

JSD:
  Result: NOT ENOUGH VALID DATA FOR Paired Testing (Requires >= 3 independent functions)

NAURC:
  Result: NOT ENOUGH VALID DATA FOR Paired Testing (Requires >= 3 independent functions)

[DIMENSION] 13D Functions
----------------------------------------------------------------------

======================================================================
13D Functions (runs = 7)
======================================================================

--- AUROC ---
Proximity_Baseline: Mean = 0.5961, Std = 0.0573
Proximity_Method_A: Mean = 0.5965, Std = 0.0540
Proximity_Method_B: Mean = 0.6393, Std = 0.0604
Proximity_Method_C: Mean = 0.6016, Std = 0.0626
Proximity_Method_B_C: Mean = 0.5864, Std = 0.0711

--- FPR95 ---
Proximity_Baseline: Mean = 0.9199, Std = 0.0254
Proximity_Method_A: Mean = 0.9184, Std = 0.0270
Proximity_Method_B: Mean = 0.8552, Std = 0.0203
Proximity_Method_C: Mean = 0.9182, Std = 0.0281
Proximity_Method_B_C: Mean = 0.9074, Std = 0.0340

--- SPEARMAN ---
Proximity_Baseline: Mean = 0.0030, Std = 0.0223
Proximity_Method_A: Mean = 0.0054, Std = 0.0226
Proximity_Method_B: Mean = -0.0055, Std = 0.0127
Proximity_Method_C: Mean = 0.0018, Std = 0.0236
Proximity_Method_B_C: Mean = 0.0004, Std = 0.0147

--- BRIER ---
Proximity_Baseline: Mean = 0.2764, Std = 0.0176
Proximity_Method_A: Mean = 0.2769, Std = 0.0163
Proximity_Method_B: Mean = 0.2681, Std = 0.0204
Proximity_Method_C: Mean = 0.2745, Std = 0.0191
Proximity_Method_B_C: Mean = 0.2778, Std = 0.0126

--- MI ---
Proximity_Baseline: Mean = 0.0426, Std = 0.0500
Proximity_Method_A: Mean = 0.0414, Std = 0.0459
Proximity_Method_B: Mean = 0.0623, Std = 0.0480
Proximity_Method_C: Mean = 0.0462, Std = 0.0535
Proximity_Method_B_C: Mean = 0.0321, Std = 0.0295

--- JSD ---
Proximity_Baseline: Mean = 0.0419, Std = 0.0468
Proximity_Method_A: Mean = 0.0410, Std = 0.0432
Proximity_Method_B: Mean = 0.0642, Std = 0.0465
Proximity_Method_C: Mean = 0.0453, Std = 0.0501
Proximity_Method_B_C: Mean = 0.0329, Std = 0.0296

--- NAURC ---
Proximity_Baseline: Mean = 0.9904, Std = 0.0088
Proximity_Method_A: Mean = 0.9896, Std = 0.0090
Proximity_Method_B: Mean = 1.0008, Std = 0.0054
Proximity_Method_C: Mean = 0.9912, Std = 0.0084
Proximity_Method_B_C: Mean = 0.9967, Std = 0.0134

--- Statistical Validation (alpha = 0.05) ---

AUROC:
  Result: NOT ENOUGH VALID DATA FOR Paired Testing (Requires >= 3 independent functions)

FPR95:
  Result: NOT ENOUGH VALID DATA FOR Paired Testing (Requires >= 3 independent functions)

SPEARMAN:
  Result: NOT ENOUGH VALID DATA FOR Paired Testing (Requires >= 3 independent functions)

BRIER:
  Result: NOT ENOUGH VALID DATA FOR Paired Testing (Requires >= 3 independent functions)

MI:
  Result: NOT ENOUGH VALID DATA FOR Paired Testing (Requires >= 3 independent functions)

JSD:
  Result: NOT ENOUGH VALID DATA FOR Paired Testing (Requires >= 3 independent functions)

NAURC:
  Result: NOT ENOUGH VALID DATA FOR Paired Testing (Requires >= 3 independent functions)

[DIMENSION] 14D Functions
----------------------------------------------------------------------

======================================================================
14D Functions (runs = 7)
======================================================================

--- AUROC ---
Proximity_Baseline: Mean = 0.5222, Std = 0.0478
Proximity_Method_A: Mean = 0.5233, Std = 0.0483
Proximity_Method_B: Mean = 0.6468, Std = 0.0872
Proximity_Method_C: Mean = 0.5451, Std = 0.0485
Proximity_Method_B_C: Mean = 0.6115, Std = 0.0902

--- FPR95 ---
Proximity_Baseline: Mean = 0.9228, Std = 0.0227
Proximity_Method_A: Mean = 0.9244, Std = 0.0231
Proximity_Method_B: Mean = 0.8461, Std = 0.0499
Proximity_Method_C: Mean = 0.9128, Std = 0.0264
Proximity_Method_B_C: Mean = 0.8828, Std = 0.0599

--- SPEARMAN ---
Proximity_Baseline: Mean = 0.0097, Std = 0.0114
Proximity_Method_A: Mean = 0.0080, Std = 0.0150
Proximity_Method_B: Mean = 0.0135, Std = 0.0115
Proximity_Method_C: Mean = 0.0104, Std = 0.0124
Proximity_Method_B_C: Mean = 0.0019, Std = 0.0059

--- BRIER ---
Proximity_Baseline: Mean = 0.2877, Std = 0.0034
Proximity_Method_A: Mean = 0.2877, Std = 0.0031
Proximity_Method_B: Mean = 0.2623, Std = 0.0404
Proximity_Method_C: Mean = 0.2860, Std = 0.0043
Proximity_Method_B_C: Mean = 0.2702, Std = 0.0310

--- MI ---
Proximity_Baseline: Mean = 0.0338, Std = 0.0418
Proximity_Method_A: Mean = 0.0325, Std = 0.0396
Proximity_Method_B: Mean = 0.0831, Std = 0.1184
Proximity_Method_C: Mean = 0.0200, Std = 0.0160
Proximity_Method_B_C: Mean = 0.0538, Std = 0.0821

--- JSD ---
Proximity_Baseline: Mean = 0.0343, Std = 0.0421
Proximity_Method_A: Mean = 0.0332, Std = 0.0400
Proximity_Method_B: Mean = 0.0828, Std = 0.1111
Proximity_Method_C: Mean = 0.0211, Std = 0.0169
Proximity_Method_B_C: Mean = 0.0540, Std = 0.0805

--- NAURC ---
Proximity_Baseline: Mean = 0.9962, Std = 0.0162
Proximity_Method_A: Mean = 0.9990, Std = 0.0171
Proximity_Method_B: Mean = 0.9929, Std = 0.0122
Proximity_Method_C: Mean = 0.9946, Std = 0.0141
Proximity_Method_B_C: Mean = 0.9984, Std = 0.0120

--- Statistical Validation (alpha = 0.05) ---

AUROC:
  Result: NOT ENOUGH VALID DATA FOR Paired Testing (Requires >= 3 independent functions)

FPR95:
  Result: NOT ENOUGH VALID DATA FOR Paired Testing (Requires >= 3 independent functions)

SPEARMAN:
  Result: NOT ENOUGH VALID DATA FOR Paired Testing (Requires >= 3 independent functions)

BRIER:
  Result: NOT ENOUGH VALID DATA FOR Paired Testing (Requires >= 3 independent functions)

MI:
  Result: NOT ENOUGH VALID DATA FOR Paired Testing (Requires >= 3 independent functions)

JSD:
  Result: NOT ENOUGH VALID DATA FOR Paired Testing (Requires >= 3 independent functions)

NAURC:
  Result: NOT ENOUGH VALID DATA FOR Paired Testing (Requires >= 3 independent functions)

[DIMENSION] 15D Functions
----------------------------------------------------------------------

======================================================================
15D Functions (runs = 7)
======================================================================

--- AUROC ---
Proximity_Baseline: Mean = 0.5820, Std = 0.0538
Proximity_Method_A: Mean = 0.5822, Std = 0.0541
Proximity_Method_B: Mean = 0.6442, Std = 0.0855
Proximity_Method_C: Mean = 0.5917, Std = 0.0549
Proximity_Method_B_C: Mean = 0.5871, Std = 0.0516

--- FPR95 ---
Proximity_Baseline: Mean = 0.9130, Std = 0.0239
Proximity_Method_A: Mean = 0.9138, Std = 0.0230
Proximity_Method_B: Mean = 0.8319, Std = 0.0976
Proximity_Method_C: Mean = 0.9059, Std = 0.0283
Proximity_Method_B_C: Mean = 0.8930, Std = 0.0382

--- SPEARMAN ---
Proximity_Baseline: Mean = -0.0117, Std = 0.0124
Proximity_Method_A: Mean = -0.0074, Std = 0.0135
Proximity_Method_B: Mean = -0.0068, Std = 0.0249
Proximity_Method_C: Mean = -0.0095, Std = 0.0138
Proximity_Method_B_C: Mean = 0.0008, Std = 0.0122

--- BRIER ---
Proximity_Baseline: Mean = 0.2809, Std = 0.0133
Proximity_Method_A: Mean = 0.2808, Std = 0.0134
Proximity_Method_B: Mean = 0.2651, Std = 0.0326
Proximity_Method_C: Mean = 0.2791, Std = 0.0144
Proximity_Method_B_C: Mean = 0.2809, Std = 0.0086

--- MI ---
Proximity_Baseline: Mean = 0.0253, Std = 0.0342
Proximity_Method_A: Mean = 0.0252, Std = 0.0340
Proximity_Method_B: Mean = 0.0706, Std = 0.0903
Proximity_Method_C: Mean = 0.0286, Std = 0.0350
Proximity_Method_B_C: Mean = 0.0253, Std = 0.0216

--- JSD ---
Proximity_Baseline: Mean = 0.0259, Std = 0.0345
Proximity_Method_A: Mean = 0.0258, Std = 0.0344
Proximity_Method_B: Mean = 0.0737, Std = 0.0923
Proximity_Method_C: Mean = 0.0294, Std = 0.0354
Proximity_Method_B_C: Mean = 0.0268, Std = 0.0229

--- NAURC ---
Proximity_Baseline: Mean = 0.9970, Std = 0.0134
Proximity_Method_A: Mean = 0.9932, Std = 0.0131
Proximity_Method_B: Mean = 1.0005, Std = 0.0168
Proximity_Method_C: Mean = 0.9986, Std = 0.0167
Proximity_Method_B_C: Mean = 0.9989, Std = 0.0097

--- Statistical Validation (alpha = 0.05) ---

AUROC:
  Result: NOT ENOUGH VALID DATA FOR Paired Testing (Requires >= 3 independent functions)

FPR95:
  Result: NOT ENOUGH VALID DATA FOR Paired Testing (Requires >= 3 independent functions)

SPEARMAN:
  Result: NOT ENOUGH VALID DATA FOR Paired Testing (Requires >= 3 independent functions)

BRIER:
  Result: NOT ENOUGH VALID DATA FOR Paired Testing (Requires >= 3 independent functions)

MI:
  Result: NOT ENOUGH VALID DATA FOR Paired Testing (Requires >= 3 independent functions)

JSD:
  Result: NOT ENOUGH VALID DATA FOR Paired Testing (Requires >= 3 independent functions)

NAURC:
  Result: NOT ENOUGH VALID DATA FOR Paired Testing (Requires >= 3 independent functions)


======================================================================
EPISTEMIC UQ BENCHMARKS - PERFORMANCE PROFILING REPORT
======================================================================
Component                           | Total Time (s) | % of Total
----------------------------------------------------------------------
Data Generation                     |       3.82 s    |     0.0%
Random Forest Fitting               |     876.51 s    |     7.7%
RF Inference (Predicting)           |      18.17 s    |     0.2%
Base Aleatoric Extraction           |      23.11 s    |     0.2%
Metrics Calculation                 |     294.46 s    |     2.6%
Statistical Validation Tests        |       0.47 s    |     0.0%
----------------------------------------------------------------------
Epistemic UQ Calculations:
  - Proximity_Baseline              |     941.16 s    |     8.3%
  - Proximity_Method_A              |    2118.33 s    |    18.7%
  - Proximity_Method_B              |    2069.10 s    |    18.2%
  - Proximity_Method_C              |    2532.90 s    |    22.3%
  - Proximity_Method_B_C            |    2479.59 s    |    21.8%
----------------------------------------------------------------------
Total Profiler Tracked Time         |   11357.63 s    |   100.0%
Total Suite Execution Time          |   11357.99 s    | 100.0%
======================================================================



======================================================================
[SUCCESS] ALL TESTS COMPLETED SUCCESSFULLY
======================================================================
Total Runtime: 189.3 minutes (3.15 hours)
Evaluations: 287 tests (single-pass optimization)
Finished: 2026-07-11 23:10:20
======================================================================



================================================================================
COMPREHENSIVE STATISTICAL SUMMARY
================================================================================


--------------------------------------------------------------------------------
METRIC: AUROC
--------------------------------------------------------------------------------

                             DESCRIPTIVE STATISTICS                             
                     Proximity_Baseline Proximity_Method_A Proximity_Method_B Proximity_Method_C Proximity_Method_B_C
--------------------------------------------------------------------------------
All Functions        0.5634+/-0.1183   0.5645+/-0.1184   0.5889+/-0.1446   0.6022+/-0.1226   0.6216+/-0.1327  
1D Functions         0.5642+/-0.2101   0.5664+/-0.2075   0.5263+/-0.2112   0.7116+/-0.2038   0.7284+/-0.1983  
2D Functions         0.5156+/-0.0755   0.5142+/-0.0718   0.5121+/-0.0652   0.5796+/-0.0589   0.5981+/-0.0519  
3D Functions         0.5238+/-0.0482   0.5266+/-0.0496   0.5371+/-0.0527   0.5546+/-0.0584   0.5703+/-0.0610  
4D Functions         0.5951+/-0.1476   0.5994+/-0.1518   0.6320+/-0.1853   0.6153+/-0.1257   0.6525+/-0.1445  
5D Functions         0.5127+/-0.0357   0.5121+/-0.0358   0.5177+/-0.0569   0.5506+/-0.0537   0.5639+/-0.0614  
6D Functions         0.6412+/-0.1777   0.6430+/-0.1780   0.6479+/-0.1928   0.6380+/-0.1953   0.6424+/-0.2124  
7D Functions         0.5699+/-0.0592   0.5696+/-0.0577   0.5685+/-0.0685   0.5717+/-0.0704   0.5730+/-0.0862  
8D Functions         0.6062+/-0.1068   0.6078+/-0.1097   0.6679+/-0.1521   0.6214+/-0.1205   0.6460+/-0.1516  
9D Functions         0.5606+/-0.0519   0.5600+/-0.0541   0.6458+/-0.1213   0.5742+/-0.0670   0.6181+/-0.0876  
10D Functions        0.5778+/-0.0760   0.5796+/-0.0770   0.6811+/-0.1400   0.5927+/-0.0741   0.6353+/-0.1221  

          STATISTICAL TESTS (Friedman + Bonferroni-corrected Wilcoxon)          

> All Functions
  Friedman: chi2 =  53.0146, p = 8.4619e-11 ***
  Bonferroni alpha = 5.0000e-03
  Pairwise Comparisons           p-value         Significant?   
  -----------------------------------------------------------------
  Proximity_Baseline vs Proximity_Method_A     3.5980e-02            [NS]
  Proximity_Baseline vs Proximity_Method_B     1.6584e-02            [NS]
  Proximity_Baseline vs Proximity_Method_C     5.3240e-07           [SIG]
  Proximity_Baseline vs Proximity_Method_B_C     4.1077e-08           [SIG]
  Proximity_Method_A vs Proximity_Method_B     1.8533e-02            [NS]
  Proximity_Method_A vs Proximity_Method_C     1.0306e-06           [SIG]
  Proximity_Method_A vs Proximity_Method_B_C     4.6214e-08           [SIG]
  Proximity_Method_B vs Proximity_Method_C     4.7208e-01            [NS]
  Proximity_Method_B vs Proximity_Method_B_C     4.1018e-02            [NS]
  Proximity_Method_C vs Proximity_Method_B_C     2.2793e-05           [SIG]

> 1D Functions
  Friedman: chi2 =  16.4800, p = 2.4383e-03 **
  Bonferroni alpha = 5.0000e-03
  Pairwise Comparisons           p-value         Significant?   
  -----------------------------------------------------------------
  Proximity_Baseline vs Proximity_Method_A     6.2500e-01            [NS]
  Proximity_Baseline vs Proximity_Method_B     1.2500e-01            [NS]
  Proximity_Baseline vs Proximity_Method_C     6.2500e-02            [NS]
  Proximity_Baseline vs Proximity_Method_B_C     6.2500e-02            [NS]
  Proximity_Method_A vs Proximity_Method_B     1.2500e-01            [NS]
  Proximity_Method_A vs Proximity_Method_C     6.2500e-02            [NS]
  Proximity_Method_A vs Proximity_Method_B_C     6.2500e-02            [NS]
  Proximity_Method_B vs Proximity_Method_C     6.2500e-02            [NS]
  Proximity_Method_B vs Proximity_Method_B_C     6.2500e-02            [NS]
  Proximity_Method_C vs Proximity_Method_B_C     1.2500e-01            [NS]

> 2D Functions
  Friedman: chi2 =  16.0000, p = 3.0192e-03 **
  Bonferroni alpha = 5.0000e-03
  Pairwise Comparisons           p-value         Significant?   
  -----------------------------------------------------------------
  Proximity_Baseline vs Proximity_Method_A     8.1250e-01            [NS]
  Proximity_Baseline vs Proximity_Method_B     6.2500e-01            [NS]
  Proximity_Baseline vs Proximity_Method_C     6.2500e-02            [NS]
  Proximity_Baseline vs Proximity_Method_B_C     6.2500e-02            [NS]
  Proximity_Method_A vs Proximity_Method_B     1.0000e+00            [NS]
  Proximity_Method_A vs Proximity_Method_C     6.2500e-02            [NS]
  Proximity_Method_A vs Proximity_Method_B_C     6.2500e-02            [NS]
  Proximity_Method_B vs Proximity_Method_C     6.2500e-02            [NS]
  Proximity_Method_B vs Proximity_Method_B_C     6.2500e-02            [NS]
  Proximity_Method_C vs Proximity_Method_B_C     1.2500e-01            [NS]

> 3D Functions
  Friedman: chi2 =  13.6000, p = 8.6874e-03 **
  Bonferroni alpha = 5.0000e-03
  Pairwise Comparisons           p-value         Significant?   
  -----------------------------------------------------------------
  Proximity_Baseline vs Proximity_Method_A     1.2500e-01            [NS]
  Proximity_Baseline vs Proximity_Method_B     4.3750e-01            [NS]
  Proximity_Baseline vs Proximity_Method_C     6.2500e-02            [NS]
  Proximity_Baseline vs Proximity_Method_B_C     6.2500e-02            [NS]
  Proximity_Method_A vs Proximity_Method_B     6.2500e-01            [NS]
  Proximity_Method_A vs Proximity_Method_C     6.2500e-02            [NS]
  Proximity_Method_A vs Proximity_Method_B_C     6.2500e-02            [NS]
  Proximity_Method_B vs Proximity_Method_C     3.1250e-01            [NS]
  Proximity_Method_B vs Proximity_Method_B_C     1.8750e-01            [NS]
  Proximity_Method_C vs Proximity_Method_B_C     1.8750e-01            [NS]

> 4D Functions
  Friedman: chi2 =   4.5333, p = 3.3861e-01 ns
  -> No significant difference across methods (Friedman p >= 0.05)

> 5D Functions
  Friedman: chi2 =   9.8667, p = 4.2735e-02 *
  Bonferroni alpha = 5.0000e-03
  Pairwise Comparisons           p-value         Significant?   
  -----------------------------------------------------------------
  Proximity_Baseline vs Proximity_Method_A     2.5000e-01            [NS]
  Proximity_Baseline vs Proximity_Method_B     7.5000e-01            [NS]
  Proximity_Baseline vs Proximity_Method_C     2.5000e-01            [NS]
  Proximity_Baseline vs Proximity_Method_B_C     2.5000e-01            [NS]
  Proximity_Method_A vs Proximity_Method_B     7.5000e-01            [NS]
  Proximity_Method_A vs Proximity_Method_C     2.5000e-01            [NS]
  Proximity_Method_A vs Proximity_Method_B_C     2.5000e-01            [NS]
  Proximity_Method_B vs Proximity_Method_C     2.5000e-01            [NS]
  Proximity_Method_B vs Proximity_Method_B_C     2.5000e-01            [NS]
  Proximity_Method_C vs Proximity_Method_B_C     5.0000e-01            [NS]

> 6D Functions
  Friedman: chi2 =   1.3333, p = 8.5570e-01 ns
  -> No significant difference across methods (Friedman p >= 0.05)

> 7D Functions
  Friedman: chi2 =   0.2667, p = 9.9186e-01 ns
  -> No significant difference across methods (Friedman p >= 0.05)

> 8D Functions
  Friedman: chi2 =   5.3333, p = 2.5477e-01 ns
  -> No significant difference across methods (Friedman p >= 0.05)

> 9D Functions
  Friedman: chi2 =   7.7333, p = 1.0185e-01 ns
  -> No significant difference across methods (Friedman p >= 0.05)

> 10D Functions
  Friedman: chi2 =   3.4667, p = 4.8296e-01 ns
  -> No significant difference across methods (Friedman p >= 0.05)


--------------------------------------------------------------------------------
METRIC: FPR95
--------------------------------------------------------------------------------

                             DESCRIPTIVE STATISTICS                             
                     Proximity_Baseline Proximity_Method_A Proximity_Method_B Proximity_Method_C Proximity_Method_B_C
--------------------------------------------------------------------------------
All Functions        0.8572+/-0.1699   0.8571+/-0.1698   0.7941+/-0.2066   0.8257+/-0.2118   0.7892+/-0.2313  
1D Functions         0.5951+/-0.2341   0.5915+/-0.2312   0.6944+/-0.2300   0.4404+/-0.2923   0.4408+/-0.3126  
2D Functions         0.9115+/-0.0648   0.9144+/-0.0592   0.8422+/-0.0967   0.8671+/-0.0754   0.8421+/-0.0941  
3D Functions         0.9313+/-0.0491   0.9301+/-0.0525   0.8898+/-0.0608   0.9257+/-0.0399   0.8825+/-0.0562  
4D Functions         0.7946+/-0.2312   0.7984+/-0.2261   0.7306+/-0.3098   0.8162+/-0.2049   0.7540+/-0.2711  
5D Functions         0.9372+/-0.0253   0.9375+/-0.0250   0.9136+/-0.0666   0.9220+/-0.0331   0.8842+/-0.0619  
6D Functions         0.7634+/-0.2425   0.7614+/-0.2443   0.6832+/-0.3519   0.7458+/-0.2774   0.6776+/-0.3655  
7D Functions         0.9272+/-0.0318   0.9278+/-0.0316   0.8702+/-0.1019   0.9097+/-0.0409   0.8862+/-0.0859  
8D Functions         0.8822+/-0.0857   0.8803+/-0.0879   0.6877+/-0.2281   0.8512+/-0.1166   0.7931+/-0.1618  
9D Functions         0.9136+/-0.0497   0.9146+/-0.0499   0.7473+/-0.2235   0.9058+/-0.0561   0.8516+/-0.0924  
10D Functions        0.9127+/-0.0426   0.9131+/-0.0424   0.7656+/-0.1963   0.9069+/-0.0599   0.8502+/-0.1176  

          STATISTICAL TESTS (Friedman + Bonferroni-corrected Wilcoxon)          

> All Functions
  Friedman: chi2 =  74.8878, p = 2.1045e-15 ***
  Bonferroni alpha = 5.0000e-03
  Pairwise Comparisons           p-value         Significant?   
  -----------------------------------------------------------------
  Proximity_Baseline vs Proximity_Method_A     6.6421e-01            [NS]
  Proximity_Baseline vs Proximity_Method_B     2.5620e-04           [SIG]
  Proximity_Baseline vs Proximity_Method_C     2.0179e-04           [SIG]
  Proximity_Baseline vs Proximity_Method_B_C     7.9099e-09           [SIG]
  Proximity_Method_A vs Proximity_Method_B     4.1369e-04           [SIG]
  Proximity_Method_A vs Proximity_Method_C     1.7874e-04           [SIG]
  Proximity_Method_A vs Proximity_Method_B_C     1.3463e-08           [SIG]
  Proximity_Method_B vs Proximity_Method_C     9.2576e-03            [NS]
  Proximity_Method_B vs Proximity_Method_B_C     5.2939e-01            [NS]
  Proximity_Method_C vs Proximity_Method_B_C     2.3947e-06           [SIG]

> 1D Functions
  Friedman: chi2 =  10.5600, p = 3.1980e-02 *
  Bonferroni alpha = 5.0000e-03
  Pairwise Comparisons           p-value         Significant?   
  -----------------------------------------------------------------
  Proximity_Baseline vs Proximity_Method_A     4.3750e-01            [NS]
  Proximity_Baseline vs Proximity_Method_B     6.2500e-02            [NS]
  Proximity_Baseline vs Proximity_Method_C     1.2500e-01            [NS]
  Proximity_Baseline vs Proximity_Method_B_C     1.2500e-01            [NS]
  Proximity_Method_A vs Proximity_Method_B     6.2500e-02            [NS]
  Proximity_Method_A vs Proximity_Method_C     1.2500e-01            [NS]
  Proximity_Method_A vs Proximity_Method_B_C     1.2500e-01            [NS]
  Proximity_Method_B vs Proximity_Method_C     6.2500e-02            [NS]
  Proximity_Method_B vs Proximity_Method_B_C     1.2500e-01            [NS]
  Proximity_Method_C vs Proximity_Method_B_C     8.1250e-01            [NS]

> 2D Functions
  Friedman: chi2 =  16.1600, p = 2.8118e-03 **
  Bonferroni alpha = 5.0000e-03
  Pairwise Comparisons           p-value         Significant?   
  -----------------------------------------------------------------
  Proximity_Baseline vs Proximity_Method_A     8.1250e-01            [NS]
  Proximity_Baseline vs Proximity_Method_B     6.2500e-02            [NS]
  Proximity_Baseline vs Proximity_Method_C     6.2500e-02            [NS]
  Proximity_Baseline vs Proximity_Method_B_C     6.2500e-02            [NS]
  Proximity_Method_A vs Proximity_Method_B     6.2500e-02            [NS]
  Proximity_Method_A vs Proximity_Method_C     6.2500e-02            [NS]
  Proximity_Method_A vs Proximity_Method_B_C     6.2500e-02            [NS]
  Proximity_Method_B vs Proximity_Method_C     1.8750e-01            [NS]
  Proximity_Method_B vs Proximity_Method_B_C     1.0000e+00            [NS]
  Proximity_Method_C vs Proximity_Method_B_C     1.2500e-01            [NS]

> 3D Functions
  Friedman: chi2 =  11.6800, p = 1.9896e-02 *
  Bonferroni alpha = 5.0000e-03
  Pairwise Comparisons           p-value         Significant?   
  -----------------------------------------------------------------
  Proximity_Baseline vs Proximity_Method_A     8.1250e-01            [NS]
  Proximity_Baseline vs Proximity_Method_B     6.2500e-02            [NS]
  Proximity_Baseline vs Proximity_Method_C     6.2500e-01            [NS]
  Proximity_Baseline vs Proximity_Method_B_C     6.2500e-02            [NS]
  Proximity_Method_A vs Proximity_Method_B     6.2500e-02            [NS]
  Proximity_Method_A vs Proximity_Method_C     8.1250e-01            [NS]
  Proximity_Method_A vs Proximity_Method_B_C     1.2500e-01            [NS]
  Proximity_Method_B vs Proximity_Method_C     1.8750e-01            [NS]
  Proximity_Method_B vs Proximity_Method_B_C     8.1250e-01            [NS]
  Proximity_Method_C vs Proximity_Method_B_C     6.2500e-02            [NS]

> 4D Functions
  Friedman: chi2 =   3.4667, p = 4.8296e-01 ns
  -> No significant difference across methods (Friedman p >= 0.05)

> 5D Functions
  Friedman: chi2 =  10.9333, p = 2.7324e-02 *
  Bonferroni alpha = 5.0000e-03
  Pairwise Comparisons           p-value         Significant?   
  -----------------------------------------------------------------
  Proximity_Baseline vs Proximity_Method_A     5.0000e-01            [NS]
  Proximity_Baseline vs Proximity_Method_B     2.5000e-01            [NS]
  Proximity_Baseline vs Proximity_Method_C     2.5000e-01            [NS]
  Proximity_Baseline vs Proximity_Method_B_C     2.5000e-01            [NS]
  Proximity_Method_A vs Proximity_Method_B     2.5000e-01            [NS]
  Proximity_Method_A vs Proximity_Method_C     2.5000e-01            [NS]
  Proximity_Method_A vs Proximity_Method_B_C     2.5000e-01            [NS]
  Proximity_Method_B vs Proximity_Method_C     5.0000e-01            [NS]
  Proximity_Method_B vs Proximity_Method_B_C     2.5000e-01            [NS]
  Proximity_Method_C vs Proximity_Method_B_C     2.5000e-01            [NS]

> 6D Functions
  Friedman: chi2 =   2.6667, p = 6.1506e-01 ns
  -> No significant difference across methods (Friedman p >= 0.05)

> 7D Functions
  Friedman: chi2 =  10.1333, p = 3.8241e-02 *
  Bonferroni alpha = 5.0000e-03
  Pairwise Comparisons           p-value         Significant?   
  -----------------------------------------------------------------
  Proximity_Baseline vs Proximity_Method_A     5.0000e-01            [NS]
  Proximity_Baseline vs Proximity_Method_B     2.5000e-01            [NS]
  Proximity_Baseline vs Proximity_Method_C     2.5000e-01            [NS]
  Proximity_Baseline vs Proximity_Method_B_C     2.5000e-01            [NS]
  Proximity_Method_A vs Proximity_Method_B     2.5000e-01            [NS]
  Proximity_Method_A vs Proximity_Method_C     2.5000e-01            [NS]
  Proximity_Method_A vs Proximity_Method_B_C     2.5000e-01            [NS]
  Proximity_Method_B vs Proximity_Method_C     7.5000e-01            [NS]
  Proximity_Method_B vs Proximity_Method_B_C     1.0000e+00            [NS]
  Proximity_Method_C vs Proximity_Method_B_C     2.5000e-01            [NS]

> 8D Functions
  Friedman: chi2 =  10.9333, p = 2.7324e-02 *
  Bonferroni alpha = 5.0000e-03
  Pairwise Comparisons           p-value         Significant?   
  -----------------------------------------------------------------
  Proximity_Baseline vs Proximity_Method_A     5.0000e-01            [NS]
  Proximity_Baseline vs Proximity_Method_B     2.5000e-01            [NS]
  Proximity_Baseline vs Proximity_Method_C     2.5000e-01            [NS]
  Proximity_Baseline vs Proximity_Method_B_C     2.5000e-01            [NS]
  Proximity_Method_A vs Proximity_Method_B     2.5000e-01            [NS]
  Proximity_Method_A vs Proximity_Method_C     2.5000e-01            [NS]
  Proximity_Method_A vs Proximity_Method_B_C     2.5000e-01            [NS]
  Proximity_Method_B vs Proximity_Method_C     2.5000e-01            [NS]
  Proximity_Method_B vs Proximity_Method_B_C     5.0000e-01            [NS]
  Proximity_Method_C vs Proximity_Method_B_C     2.5000e-01            [NS]

> 9D Functions
  Friedman: chi2 =  10.9333, p = 2.7324e-02 *
  Bonferroni alpha = 5.0000e-03
  Pairwise Comparisons           p-value         Significant?   
  -----------------------------------------------------------------
  Proximity_Baseline vs Proximity_Method_A     7.5000e-01            [NS]
  Proximity_Baseline vs Proximity_Method_B     2.5000e-01            [NS]
  Proximity_Baseline vs Proximity_Method_C     2.5000e-01            [NS]
  Proximity_Baseline vs Proximity_Method_B_C     2.5000e-01            [NS]
  Proximity_Method_A vs Proximity_Method_B     2.5000e-01            [NS]
  Proximity_Method_A vs Proximity_Method_C     2.5000e-01            [NS]
  Proximity_Method_A vs Proximity_Method_B_C     2.5000e-01            [NS]
  Proximity_Method_B vs Proximity_Method_C     2.5000e-01            [NS]
  Proximity_Method_B vs Proximity_Method_B_C     5.0000e-01            [NS]
  Proximity_Method_C vs Proximity_Method_B_C     2.5000e-01            [NS]

> 10D Functions
  Friedman: chi2 =   4.5333, p = 3.3861e-01 ns
  -> No significant difference across methods (Friedman p >= 0.05)


--------------------------------------------------------------------------------
METRIC: AUPR
--------------------------------------------------------------------------------

                             DESCRIPTIVE STATISTICS                             
                     Proximity_Baseline Proximity_Method_A Proximity_Method_B Proximity_Method_C Proximity_Method_B_C
--------------------------------------------------------------------------------
All Functions        0.3790+/-0.1135   0.3801+/-0.1150   0.3981+/-0.1447   0.4070+/-0.1420   0.4231+/-0.1570  
1D Functions         0.4698+/-0.1496   0.4705+/-0.1495   0.4819+/-0.1746   0.6050+/-0.1938   0.6295+/-0.1931  
2D Functions         0.3311+/-0.0472   0.3305+/-0.0472   0.3031+/-0.0413   0.3542+/-0.0418   0.3596+/-0.0392  
3D Functions         0.3203+/-0.0373   0.3227+/-0.0408   0.3149+/-0.0426   0.3342+/-0.0478   0.3417+/-0.0573  
4D Functions         0.3979+/-0.1267   0.4061+/-0.1379   0.4395+/-0.1907   0.4105+/-0.1147   0.4520+/-0.1563  
5D Functions         0.3115+/-0.0213   0.3110+/-0.0218   0.3062+/-0.0379   0.3348+/-0.0412   0.3403+/-0.0583  
6D Functions         0.4622+/-0.2048   0.4642+/-0.2054   0.4501+/-0.2066   0.4618+/-0.2343   0.4593+/-0.2392  
7D Functions         0.3726+/-0.0735   0.3717+/-0.0720   0.3801+/-0.1021   0.3641+/-0.0694   0.3685+/-0.0999  
8D Functions         0.4098+/-0.1201   0.4115+/-0.1233   0.4454+/-0.1598   0.4241+/-0.1412   0.4455+/-0.1713  
9D Functions         0.3501+/-0.0439   0.3500+/-0.0448   0.4100+/-0.1131   0.3648+/-0.0537   0.3996+/-0.0776  
10D Functions        0.3821+/-0.0737   0.3831+/-0.0746   0.4794+/-0.1471   0.4004+/-0.0846   0.4465+/-0.1423  

          STATISTICAL TESTS (Friedman + Bonferroni-corrected Wilcoxon)          

> All Functions
  Friedman: chi2 =  27.0829, p = 1.9126e-05 ***
  Bonferroni alpha = 5.0000e-03
  Pairwise Comparisons           p-value         Significant?   
  -----------------------------------------------------------------
  Proximity_Baseline vs Proximity_Method_A     6.5363e-02            [NS]
  Proximity_Baseline vs Proximity_Method_B     1.9724e-01            [NS]
  Proximity_Baseline vs Proximity_Method_C     2.1197e-05           [SIG]
  Proximity_Baseline vs Proximity_Method_B_C     1.8309e-05           [SIG]
  Proximity_Method_A vs Proximity_Method_B     1.9724e-01            [NS]
  Proximity_Method_A vs Proximity_Method_C     8.3947e-05           [SIG]
  Proximity_Method_A vs Proximity_Method_B_C     2.2793e-05           [SIG]
  Proximity_Method_B vs Proximity_Method_C     3.0946e-01            [NS]
  Proximity_Method_B vs Proximity_Method_B_C     2.5595e-02            [NS]
  Proximity_Method_C vs Proximity_Method_B_C     2.6117e-03           [SIG]

> 1D Functions
  Friedman: chi2 =  16.4800, p = 2.4383e-03 **
  Bonferroni alpha = 5.0000e-03
  Pairwise Comparisons           p-value         Significant?   
  -----------------------------------------------------------------
  Proximity_Baseline vs Proximity_Method_A     4.3750e-01            [NS]
  Proximity_Baseline vs Proximity_Method_B     4.3750e-01            [NS]
  Proximity_Baseline vs Proximity_Method_C     6.2500e-02            [NS]
  Proximity_Baseline vs Proximity_Method_B_C     6.2500e-02            [NS]
  Proximity_Method_A vs Proximity_Method_B     4.3750e-01            [NS]
  Proximity_Method_A vs Proximity_Method_C     6.2500e-02            [NS]
  Proximity_Method_A vs Proximity_Method_B_C     6.2500e-02            [NS]
  Proximity_Method_B vs Proximity_Method_C     6.2500e-02            [NS]
  Proximity_Method_B vs Proximity_Method_B_C     6.2500e-02            [NS]
  Proximity_Method_C vs Proximity_Method_B_C     1.2500e-01            [NS]

> 2D Functions
  Friedman: chi2 =  13.2800, p = 9.9857e-03 **
  Bonferroni alpha = 5.0000e-03
  Pairwise Comparisons           p-value         Significant?   
  -----------------------------------------------------------------
  Proximity_Baseline vs Proximity_Method_A     6.2500e-01            [NS]
  Proximity_Baseline vs Proximity_Method_B     6.2500e-02            [NS]
  Proximity_Baseline vs Proximity_Method_C     1.8750e-01            [NS]
  Proximity_Baseline vs Proximity_Method_B_C     1.2500e-01            [NS]
  Proximity_Method_A vs Proximity_Method_B     6.2500e-02            [NS]
  Proximity_Method_A vs Proximity_Method_C     1.2500e-01            [NS]
  Proximity_Method_A vs Proximity_Method_B_C     1.2500e-01            [NS]
  Proximity_Method_B vs Proximity_Method_C     6.2500e-02            [NS]
  Proximity_Method_B vs Proximity_Method_B_C     6.2500e-02            [NS]
  Proximity_Method_C vs Proximity_Method_B_C     3.1250e-01            [NS]

> 3D Functions
  Friedman: chi2 =   2.7200, p = 6.0572e-01 ns
  -> No significant difference across methods (Friedman p >= 0.05)

> 4D Functions
  Friedman: chi2 =   5.0667, p = 2.8053e-01 ns
  -> No significant difference across methods (Friedman p >= 0.05)

> 5D Functions
  Friedman: chi2 =   9.3333, p = 5.3287e-02 ns
  -> No significant difference across methods (Friedman p >= 0.05)

> 6D Functions
  Friedman: chi2 =   4.5333, p = 3.3861e-01 ns
  -> No significant difference across methods (Friedman p >= 0.05)

> 7D Functions
  Friedman: chi2 =   0.2667, p = 9.9186e-01 ns
  -> No significant difference across methods (Friedman p >= 0.05)

> 8D Functions
  Friedman: chi2 =   1.3333, p = 8.5570e-01 ns
  -> No significant difference across methods (Friedman p >= 0.05)

> 9D Functions
  Friedman: chi2 =   6.9333, p = 1.3945e-01 ns
  -> No significant difference across methods (Friedman p >= 0.05)

> 10D Functions
  Friedman: chi2 =   5.6000, p = 2.3108e-01 ns
  -> No significant difference across methods (Friedman p >= 0.05)


--------------------------------------------------------------------------------
METRIC: SPEARMAN
--------------------------------------------------------------------------------

                             DESCRIPTIVE STATISTICS                             
                     Proximity_Baseline Proximity_Method_A Proximity_Method_B Proximity_Method_C Proximity_Method_B_C
--------------------------------------------------------------------------------
All Functions        0.0625+/-0.2560   0.0625+/-0.2562   0.0316+/-0.2716   0.0819+/-0.2595   0.0629+/-0.2705  
1D Functions         0.0714+/-0.5884   0.0639+/-0.5893   -0.1152+/-0.5815   0.0587+/-0.5898   -0.1077+/-0.5829  
2D Functions         0.0424+/-0.1599   0.0454+/-0.1615   0.0334+/-0.1500   0.1201+/-0.1837   0.1276+/-0.1958  
3D Functions         0.0763+/-0.1597   0.0790+/-0.1606   0.0928+/-0.2097   0.0990+/-0.1726   0.1046+/-0.1646  
4D Functions         0.2152+/-0.3329   0.2220+/-0.3257   0.1623+/-0.3806   0.2357+/-0.3282   0.2333+/-0.3380  
5D Functions         0.0139+/-0.1350   0.0137+/-0.1363   0.0326+/-0.1744   0.0688+/-0.1163   0.0844+/-0.1235  
6D Functions         0.0262+/-0.0928   0.0279+/-0.0928   0.0080+/-0.1285   0.0197+/-0.1172   0.0106+/-0.1396  
7D Functions         0.1872+/-0.1624   0.1846+/-0.1639   0.1634+/-0.1929   0.1833+/-0.1545   0.1741+/-0.1849  
8D Functions         0.0166+/-0.0597   0.0166+/-0.0613   -0.0156+/-0.0702   0.0355+/-0.0783   0.0266+/-0.1054  
9D Functions         0.0131+/-0.0590   0.0089+/-0.0597   0.0091+/-0.0867   0.0252+/-0.0708   0.0255+/-0.1015  
10D Functions        0.0632+/-0.0855   0.0647+/-0.0880   0.0506+/-0.0989   0.0852+/-0.0785   0.0942+/-0.0850  

          STATISTICAL TESTS (Friedman + Bonferroni-corrected Wilcoxon)          

> All Functions
  Friedman: chi2 =  14.1916, p = 6.7079e-03 **
  Bonferroni alpha = 5.0000e-03
  Pairwise Comparisons           p-value         Significant?   
  -----------------------------------------------------------------
  Proximity_Baseline vs Proximity_Method_A     7.9177e-01            [NS]
  Proximity_Baseline vs Proximity_Method_B     5.3785e-01            [NS]
  Proximity_Baseline vs Proximity_Method_C     3.2935e-03           [SIG]
  Proximity_Baseline vs Proximity_Method_B_C     3.8431e-02            [NS]
  Proximity_Method_A vs Proximity_Method_B     5.3785e-01            [NS]
  Proximity_Method_A vs Proximity_Method_C     3.7745e-03           [SIG]
  Proximity_Method_A vs Proximity_Method_B_C     5.1234e-02            [NS]
  Proximity_Method_B vs Proximity_Method_C     6.3442e-02            [NS]
  Proximity_Method_B vs Proximity_Method_B_C     6.5466e-02            [NS]
  Proximity_Method_C vs Proximity_Method_B_C     6.3506e-01            [NS]

> 1D Functions
  Friedman: chi2 =   3.4043, p = 4.9259e-01 ns
  -> No significant difference across methods (Friedman p >= 0.05)

> 2D Functions
  Friedman: chi2 =   5.7600, p = 2.1780e-01 ns
  -> No significant difference across methods (Friedman p >= 0.05)

> 3D Functions
  Friedman: chi2 =   6.8800, p = 1.4237e-01 ns
  -> No significant difference across methods (Friedman p >= 0.05)

> 4D Functions
  Friedman: chi2 =   9.3333, p = 5.3287e-02 ns
  -> No significant difference across methods (Friedman p >= 0.05)

> 5D Functions
  Friedman: chi2 =   5.3333, p = 2.5477e-01 ns
  -> No significant difference across methods (Friedman p >= 0.05)

> 6D Functions
  Friedman: chi2 =   1.3333, p = 8.5570e-01 ns
  -> No significant difference across methods (Friedman p >= 0.05)

> 7D Functions
  Friedman: chi2 =   1.3333, p = 8.5570e-01 ns
  -> No significant difference across methods (Friedman p >= 0.05)

> 8D Functions
  Friedman: chi2 =   0.2667, p = 9.9186e-01 ns
  -> No significant difference across methods (Friedman p >= 0.05)

> 9D Functions
  Friedman: chi2 =   6.1333, p = 1.8941e-01 ns
  -> No significant difference across methods (Friedman p >= 0.05)

> 10D Functions
  Friedman: chi2 =   2.1333, p = 7.1125e-01 ns
  -> No significant difference across methods (Friedman p >= 0.05)


--------------------------------------------------------------------------------
METRIC: BRIER
--------------------------------------------------------------------------------

                             DESCRIPTIVE STATISTICS                             
                     Proximity_Baseline Proximity_Method_A Proximity_Method_B Proximity_Method_C Proximity_Method_B_C
--------------------------------------------------------------------------------
All Functions        0.2742+/-0.0307   0.2739+/-0.0312   0.2635+/-0.0434   0.2671+/-0.0464   0.2613+/-0.0524  
1D Functions         0.2471+/-0.0412   0.2476+/-0.0402   0.2438+/-0.0374   0.2062+/-0.0835   0.2012+/-0.0876  
2D Functions         0.2857+/-0.0108   0.2860+/-0.0102   0.2860+/-0.0045   0.2850+/-0.0069   0.2854+/-0.0062  
3D Functions         0.2881+/-0.0025   0.2879+/-0.0030   0.2869+/-0.0046   0.2861+/-0.0064   0.2849+/-0.0083  
4D Functions         0.2660+/-0.0351   0.2631+/-0.0400   0.2417+/-0.0657   0.2661+/-0.0333   0.2523+/-0.0511  
5D Functions         0.2891+/-0.0020   0.2891+/-0.0020   0.2874+/-0.0077   0.2864+/-0.0048   0.2843+/-0.0102  
6D Functions         0.2446+/-0.0624   0.2439+/-0.0630   0.2357+/-0.0787   0.2381+/-0.0726   0.2284+/-0.0839  
7D Functions         0.2807+/-0.0112   0.2810+/-0.0108   0.2776+/-0.0147   0.2804+/-0.0094   0.2779+/-0.0165  
8D Functions         0.2695+/-0.0285   0.2687+/-0.0298   0.2480+/-0.0504   0.2642+/-0.0341   0.2525+/-0.0465  
9D Functions         0.2844+/-0.0078   0.2843+/-0.0079   0.2600+/-0.0401   0.2813+/-0.0094   0.2719+/-0.0182  
10D Functions        0.2784+/-0.0103   0.2781+/-0.0108   0.2435+/-0.0456   0.2757+/-0.0154   0.2594+/-0.0328  

          STATISTICAL TESTS (Friedman + Bonferroni-corrected Wilcoxon)          

> All Functions
  Friedman: chi2 =  36.5463, p = 2.2337e-07 ***
  Bonferroni alpha = 5.0000e-03
  Pairwise Comparisons           p-value         Significant?   
  -----------------------------------------------------------------
  Proximity_Baseline vs Proximity_Method_A     4.5634e-01            [NS]
  Proximity_Baseline vs Proximity_Method_B     1.0222e-03           [SIG]
  Proximity_Baseline vs Proximity_Method_C     1.5812e-04           [SIG]
  Proximity_Baseline vs Proximity_Method_B_C     1.0816e-05           [SIG]
  Proximity_Method_A vs Proximity_Method_B     9.2104e-04           [SIG]
  Proximity_Method_A vs Proximity_Method_C     1.3123e-04           [SIG]
  Proximity_Method_A vs Proximity_Method_B_C     5.3162e-06           [SIG]
  Proximity_Method_B vs Proximity_Method_C     5.6362e-01            [NS]
  Proximity_Method_B vs Proximity_Method_B_C     5.0441e-01            [NS]
  Proximity_Method_C vs Proximity_Method_B_C     2.8814e-04           [SIG]

> 1D Functions
  Friedman: chi2 =   8.8000, p = 6.6298e-02 ns
  -> No significant difference across methods (Friedman p >= 0.05)

> 2D Functions
  Friedman: chi2 =   2.2400, p = 6.9171e-01 ns
  -> No significant difference across methods (Friedman p >= 0.05)

> 3D Functions
  Friedman: chi2 =   5.2800, p = 2.5976e-01 ns
  -> No significant difference across methods (Friedman p >= 0.05)

> 4D Functions
  Friedman: chi2 =   7.7333, p = 1.0185e-01 ns
  -> No significant difference across methods (Friedman p >= 0.05)

> 5D Functions
  Friedman: chi2 =   9.8667, p = 4.2735e-02 *
  Bonferroni alpha = 5.0000e-03
  Pairwise Comparisons           p-value         Significant?   
  -----------------------------------------------------------------
  Proximity_Baseline vs Proximity_Method_A     7.5000e-01            [NS]
  Proximity_Baseline vs Proximity_Method_B     5.0000e-01            [NS]
  Proximity_Baseline vs Proximity_Method_C     2.5000e-01            [NS]
  Proximity_Baseline vs Proximity_Method_B_C     2.5000e-01            [NS]
  Proximity_Method_A vs Proximity_Method_B     5.0000e-01            [NS]
  Proximity_Method_A vs Proximity_Method_C     2.5000e-01            [NS]
  Proximity_Method_A vs Proximity_Method_B_C     2.5000e-01            [NS]
  Proximity_Method_B vs Proximity_Method_C     2.5000e-01            [NS]
  Proximity_Method_B vs Proximity_Method_B_C     2.5000e-01            [NS]
  Proximity_Method_C vs Proximity_Method_B_C     2.5000e-01            [NS]

> 6D Functions
  Friedman: chi2 =   7.2000, p = 1.2569e-01 ns
  -> No significant difference across methods (Friedman p >= 0.05)

> 7D Functions
  Friedman: chi2 =   1.3333, p = 8.5570e-01 ns
  -> No significant difference across methods (Friedman p >= 0.05)

> 8D Functions
  Friedman: chi2 =   8.8000, p = 6.6298e-02 ns
  -> No significant difference across methods (Friedman p >= 0.05)

> 9D Functions
  Friedman: chi2 =   9.8667, p = 4.2735e-02 *
  Bonferroni alpha = 5.0000e-03
  Pairwise Comparisons           p-value         Significant?   
  -----------------------------------------------------------------
  Proximity_Baseline vs Proximity_Method_A     7.5000e-01            [NS]
  Proximity_Baseline vs Proximity_Method_B     2.5000e-01            [NS]
  Proximity_Baseline vs Proximity_Method_C     2.5000e-01            [NS]
  Proximity_Baseline vs Proximity_Method_B_C     2.5000e-01            [NS]
  Proximity_Method_A vs Proximity_Method_B     2.5000e-01            [NS]
  Proximity_Method_A vs Proximity_Method_C     2.5000e-01            [NS]
  Proximity_Method_A vs Proximity_Method_B_C     2.5000e-01            [NS]
  Proximity_Method_B vs Proximity_Method_C     5.0000e-01            [NS]
  Proximity_Method_B vs Proximity_Method_B_C     7.5000e-01            [NS]
  Proximity_Method_C vs Proximity_Method_B_C     2.5000e-01            [NS]

> 10D Functions
  Friedman: chi2 =   5.6000, p = 2.3108e-01 ns
  -> No significant difference across methods (Friedman p >= 0.05)


--------------------------------------------------------------------------------
METRIC: MI
--------------------------------------------------------------------------------

                             DESCRIPTIVE STATISTICS                             
                     Proximity_Baseline Proximity_Method_A Proximity_Method_B Proximity_Method_C Proximity_Method_B_C
--------------------------------------------------------------------------------
All Functions        0.1669+/-0.2109   0.1677+/-0.2122   0.2104+/-0.2126   0.1642+/-0.2220   0.1895+/-0.2296  
1D Functions         0.6608+/-0.0515   0.6641+/-0.0577   0.6453+/-0.0505   0.6910+/-0.0753   0.7103+/-0.0645  
2D Functions         0.2069+/-0.0630   0.2072+/-0.0690   0.2540+/-0.0807   0.1915+/-0.0649   0.2124+/-0.0569  
3D Functions         0.1063+/-0.0608   0.1043+/-0.0584   0.1226+/-0.0525   0.0843+/-0.0476   0.1000+/-0.0462  
4D Functions         0.1874+/-0.1566   0.1891+/-0.1574   0.2418+/-0.1947   0.1596+/-0.1481   0.2016+/-0.1858  
5D Functions         0.0334+/-0.0277   0.0349+/-0.0309   0.0526+/-0.0573   0.0320+/-0.0301   0.0496+/-0.0469  
6D Functions         0.1678+/-0.1875   0.1705+/-0.1874   0.2174+/-0.2406   0.1709+/-0.2133   0.2139+/-0.2570  
7D Functions         0.0602+/-0.0562   0.0611+/-0.0545   0.1252+/-0.1086   0.0456+/-0.0319   0.0766+/-0.0684  
8D Functions         0.0726+/-0.0758   0.0744+/-0.0794   0.1609+/-0.1471   0.0806+/-0.0905   0.1222+/-0.1240  
9D Functions         0.0291+/-0.0258   0.0300+/-0.0267   0.1220+/-0.1468   0.0336+/-0.0275   0.0621+/-0.0560  
10D Functions        0.0481+/-0.0375   0.0484+/-0.0380   0.1450+/-0.1395   0.0498+/-0.0404   0.0942+/-0.0875  

          STATISTICAL TESTS (Friedman + Bonferroni-corrected Wilcoxon)          

> All Functions
  Friedman: chi2 =  41.3073, p = 2.3215e-08 ***
  Bonferroni alpha = 5.0000e-03
  Pairwise Comparisons           p-value         Significant?   
  -----------------------------------------------------------------
  Proximity_Baseline vs Proximity_Method_A     1.1159e-01            [NS]
  Proximity_Baseline vs Proximity_Method_B     2.1090e-06           [SIG]
  Proximity_Baseline vs Proximity_Method_C     5.8112e-01            [NS]
  Proximity_Baseline vs Proximity_Method_B_C     4.3054e-04           [SIG]
  Proximity_Method_A vs Proximity_Method_B     3.2369e-06           [SIG]
  Proximity_Method_A vs Proximity_Method_C     4.4858e-01            [NS]
  Proximity_Method_A vs Proximity_Method_B_C     6.3409e-04           [SIG]
  Proximity_Method_B vs Proximity_Method_C     1.1676e-05           [SIG]
  Proximity_Method_B vs Proximity_Method_B_C     1.5975e-02            [NS]
  Proximity_Method_C vs Proximity_Method_B_C     4.1077e-08           [SIG]

> 1D Functions
  Friedman: chi2 =  17.4400, p = 1.5872e-03 **
  Bonferroni alpha = 5.0000e-03
  Pairwise Comparisons           p-value         Significant?   
  -----------------------------------------------------------------
  Proximity_Baseline vs Proximity_Method_A     3.1250e-01            [NS]
  Proximity_Baseline vs Proximity_Method_B     1.2500e-01            [NS]
  Proximity_Baseline vs Proximity_Method_C     6.2500e-02            [NS]
  Proximity_Baseline vs Proximity_Method_B_C     6.2500e-02            [NS]
  Proximity_Method_A vs Proximity_Method_B     1.2500e-01            [NS]
  Proximity_Method_A vs Proximity_Method_C     6.2500e-02            [NS]
  Proximity_Method_A vs Proximity_Method_B_C     6.2500e-02            [NS]
  Proximity_Method_B vs Proximity_Method_C     6.2500e-02            [NS]
  Proximity_Method_B vs Proximity_Method_B_C     6.2500e-02            [NS]
  Proximity_Method_C vs Proximity_Method_B_C     6.2500e-02            [NS]

> 2D Functions
  Friedman: chi2 =  10.7200, p = 2.9898e-02 *
  Bonferroni alpha = 5.0000e-03
  Pairwise Comparisons           p-value         Significant?   
  -----------------------------------------------------------------
  Proximity_Baseline vs Proximity_Method_A     6.2500e-01            [NS]
  Proximity_Baseline vs Proximity_Method_B     6.2500e-02            [NS]
  Proximity_Baseline vs Proximity_Method_C     1.2500e-01            [NS]
  Proximity_Baseline vs Proximity_Method_B_C     6.2500e-01            [NS]
  Proximity_Method_A vs Proximity_Method_B     6.2500e-02            [NS]
  Proximity_Method_A vs Proximity_Method_C     1.8750e-01            [NS]
  Proximity_Method_A vs Proximity_Method_B_C     8.1250e-01            [NS]
  Proximity_Method_B vs Proximity_Method_C     6.2500e-02            [NS]
  Proximity_Method_B vs Proximity_Method_B_C     1.2500e-01            [NS]
  Proximity_Method_C vs Proximity_Method_B_C     1.2500e-01            [NS]

> 3D Functions
  Friedman: chi2 =  14.5600, p = 5.7065e-03 **
  Bonferroni alpha = 5.0000e-03
  Pairwise Comparisons           p-value         Significant?   
  -----------------------------------------------------------------
  Proximity_Baseline vs Proximity_Method_A     8.1250e-01            [NS]
  Proximity_Baseline vs Proximity_Method_B     6.2500e-02            [NS]
  Proximity_Baseline vs Proximity_Method_C     6.2500e-02            [NS]
  Proximity_Baseline vs Proximity_Method_B_C     6.2500e-01            [NS]
  Proximity_Method_A vs Proximity_Method_B     6.2500e-02            [NS]
  Proximity_Method_A vs Proximity_Method_C     6.2500e-02            [NS]
  Proximity_Method_A vs Proximity_Method_B_C     8.1250e-01            [NS]
  Proximity_Method_B vs Proximity_Method_C     6.2500e-02            [NS]
  Proximity_Method_B vs Proximity_Method_B_C     1.8750e-01            [NS]
  Proximity_Method_C vs Proximity_Method_B_C     6.2500e-02            [NS]

> 4D Functions
  Friedman: chi2 =   8.2667, p = 8.2284e-02 ns
  -> No significant difference across methods (Friedman p >= 0.05)

> 5D Functions
  Friedman: chi2 =   9.3333, p = 5.3287e-02 ns
  -> No significant difference across methods (Friedman p >= 0.05)

> 6D Functions
  Friedman: chi2 =   2.9333, p = 5.6904e-01 ns
  -> No significant difference across methods (Friedman p >= 0.05)

> 7D Functions
  Friedman: chi2 =   7.2000, p = 1.2569e-01 ns
  -> No significant difference across methods (Friedman p >= 0.05)

> 8D Functions
  Friedman: chi2 =   5.8667, p = 2.0933e-01 ns
  -> No significant difference across methods (Friedman p >= 0.05)

> 9D Functions
  Friedman: chi2 =   9.3333, p = 5.3287e-02 ns
  -> No significant difference across methods (Friedman p >= 0.05)

> 10D Functions
  Friedman: chi2 =   6.6667, p = 1.5459e-01 ns
  -> No significant difference across methods (Friedman p >= 0.05)


--------------------------------------------------------------------------------
METRIC: JSD
--------------------------------------------------------------------------------

                             DESCRIPTIVE STATISTICS                             
                     Proximity_Baseline Proximity_Method_A Proximity_Method_B Proximity_Method_C Proximity_Method_B_C
--------------------------------------------------------------------------------
All Functions        0.1767+/-0.2271   0.1775+/-0.2282   0.2253+/-0.2290   0.1735+/-0.2372   0.2008+/-0.2448  
1D Functions         0.7151+/-0.0478   0.7182+/-0.0538   0.7004+/-0.0481   0.7425+/-0.0689   0.7606+/-0.0584  
2D Functions         0.2170+/-0.0654   0.2165+/-0.0708   0.2693+/-0.0813   0.1997+/-0.0670   0.2236+/-0.0590  
3D Functions         0.1111+/-0.0623   0.1094+/-0.0604   0.1303+/-0.0542   0.0884+/-0.0489   0.1048+/-0.0464  
4D Functions         0.1950+/-0.1638   0.1962+/-0.1640   0.2526+/-0.2039   0.1647+/-0.1538   0.2107+/-0.1958  
5D Functions         0.0348+/-0.0285   0.0363+/-0.0316   0.0558+/-0.0604   0.0337+/-0.0315   0.0524+/-0.0477  
6D Functions         0.1729+/-0.1925   0.1757+/-0.1925   0.2325+/-0.2569   0.1768+/-0.2188   0.2276+/-0.2718  
7D Functions         0.0617+/-0.0558   0.0627+/-0.0541   0.1333+/-0.1129   0.0476+/-0.0328   0.0805+/-0.0711  
8D Functions         0.0742+/-0.0772   0.0763+/-0.0810   0.1745+/-0.1576   0.0831+/-0.0925   0.1279+/-0.1271  
9D Functions         0.0303+/-0.0272   0.0313+/-0.0281   0.1336+/-0.1614   0.0351+/-0.0289   0.0666+/-0.0606  
10D Functions        0.0484+/-0.0375   0.0488+/-0.0380   0.1537+/-0.1491   0.0503+/-0.0396   0.0964+/-0.0887  

          STATISTICAL TESTS (Friedman + Bonferroni-corrected Wilcoxon)          

> All Functions
  Friedman: chi2 =  43.6488, p = 7.5890e-09 ***
  Bonferroni alpha = 5.0000e-03
  Pairwise Comparisons           p-value         Significant?   
  -----------------------------------------------------------------
  Proximity_Baseline vs Proximity_Method_A     1.4804e-01            [NS]
  Proximity_Baseline vs Proximity_Method_B     7.7968e-07           [SIG]
  Proximity_Baseline vs Proximity_Method_C     5.9887e-01            [NS]
  Proximity_Baseline vs Proximity_Method_B_C     2.7175e-04           [SIG]
  Proximity_Method_A vs Proximity_Method_B     1.3543e-06           [SIG]
  Proximity_Method_A vs Proximity_Method_C     4.4858e-01            [NS]
  Proximity_Method_A vs Proximity_Method_B_C     4.5542e-04           [SIG]
  Proximity_Method_B vs Proximity_Method_C     7.3249e-06           [SIG]
  Proximity_Method_B vs Proximity_Method_B_C     6.6537e-03            [NS]
  Proximity_Method_C vs Proximity_Method_B_C     1.9757e-08           [SIG]

> 1D Functions
  Friedman: chi2 =  17.4400, p = 1.5872e-03 **
  Bonferroni alpha = 5.0000e-03
  Pairwise Comparisons           p-value         Significant?   
  -----------------------------------------------------------------
  Proximity_Baseline vs Proximity_Method_A     4.3750e-01            [NS]
  Proximity_Baseline vs Proximity_Method_B     1.2500e-01            [NS]
  Proximity_Baseline vs Proximity_Method_C     6.2500e-02            [NS]
  Proximity_Baseline vs Proximity_Method_B_C     6.2500e-02            [NS]
  Proximity_Method_A vs Proximity_Method_B     1.2500e-01            [NS]
  Proximity_Method_A vs Proximity_Method_C     6.2500e-02            [NS]
  Proximity_Method_A vs Proximity_Method_B_C     6.2500e-02            [NS]
  Proximity_Method_B vs Proximity_Method_C     6.2500e-02            [NS]
  Proximity_Method_B vs Proximity_Method_B_C     6.2500e-02            [NS]
  Proximity_Method_C vs Proximity_Method_B_C     6.2500e-02            [NS]

> 2D Functions
  Friedman: chi2 =  10.7200, p = 2.9898e-02 *
  Bonferroni alpha = 5.0000e-03
  Pairwise Comparisons           p-value         Significant?   
  -----------------------------------------------------------------
  Proximity_Baseline vs Proximity_Method_A     6.2500e-01            [NS]
  Proximity_Baseline vs Proximity_Method_B     6.2500e-02            [NS]
  Proximity_Baseline vs Proximity_Method_C     1.8750e-01            [NS]
  Proximity_Baseline vs Proximity_Method_B_C     6.2500e-01            [NS]
  Proximity_Method_A vs Proximity_Method_B     6.2500e-02            [NS]
  Proximity_Method_A vs Proximity_Method_C     1.8750e-01            [NS]
  Proximity_Method_A vs Proximity_Method_B_C     8.1250e-01            [NS]
  Proximity_Method_B vs Proximity_Method_C     6.2500e-02            [NS]
  Proximity_Method_B vs Proximity_Method_B_C     1.2500e-01            [NS]
  Proximity_Method_C vs Proximity_Method_B_C     1.2500e-01            [NS]

> 3D Functions
  Friedman: chi2 =  14.5600, p = 5.7065e-03 **
  Bonferroni alpha = 5.0000e-03
  Pairwise Comparisons           p-value         Significant?   
  -----------------------------------------------------------------
  Proximity_Baseline vs Proximity_Method_A     1.0000e+00            [NS]
  Proximity_Baseline vs Proximity_Method_B     6.2500e-02            [NS]
  Proximity_Baseline vs Proximity_Method_C     6.2500e-02            [NS]
  Proximity_Baseline vs Proximity_Method_B_C     6.2500e-01            [NS]
  Proximity_Method_A vs Proximity_Method_B     6.2500e-02            [NS]
  Proximity_Method_A vs Proximity_Method_C     6.2500e-02            [NS]
  Proximity_Method_A vs Proximity_Method_B_C     8.1250e-01            [NS]
  Proximity_Method_B vs Proximity_Method_C     6.2500e-02            [NS]
  Proximity_Method_B vs Proximity_Method_B_C     1.8750e-01            [NS]
  Proximity_Method_C vs Proximity_Method_B_C     6.2500e-02            [NS]

> 4D Functions
  Friedman: chi2 =   8.2667, p = 8.2284e-02 ns
  -> No significant difference across methods (Friedman p >= 0.05)

> 5D Functions
  Friedman: chi2 =   9.3333, p = 5.3287e-02 ns
  -> No significant difference across methods (Friedman p >= 0.05)

> 6D Functions
  Friedman: chi2 =   2.9333, p = 5.6904e-01 ns
  -> No significant difference across methods (Friedman p >= 0.05)

> 7D Functions
  Friedman: chi2 =   7.2000, p = 1.2569e-01 ns
  -> No significant difference across methods (Friedman p >= 0.05)

> 8D Functions
  Friedman: chi2 =   7.7333, p = 1.0185e-01 ns
  -> No significant difference across methods (Friedman p >= 0.05)

> 9D Functions
  Friedman: chi2 =   9.3333, p = 5.3287e-02 ns
  -> No significant difference across methods (Friedman p >= 0.05)

> 10D Functions
  Friedman: chi2 =   6.6667, p = 1.5459e-01 ns
  -> No significant difference across methods (Friedman p >= 0.05)


--------------------------------------------------------------------------------
METRIC: NAURC
--------------------------------------------------------------------------------

                             DESCRIPTIVE STATISTICS                             
                     Proximity_Baseline Proximity_Method_A Proximity_Method_B Proximity_Method_C Proximity_Method_B_C
--------------------------------------------------------------------------------
All Functions        0.8422+/-0.2465   0.8423+/-0.2458   0.8121+/-0.2904   0.7798+/-0.2531   0.7575+/-0.2664  
1D Functions         0.7463+/-0.4107   0.7410+/-0.4058   0.9187+/-0.5077   0.4984+/-0.3236   0.5206+/-0.3553  
2D Functions         0.9344+/-0.2016   0.9449+/-0.1899   0.8691+/-0.1861   0.7811+/-0.2100   0.7351+/-0.2197  
3D Functions         0.8191+/-0.1981   0.8150+/-0.2000   0.7578+/-0.2251   0.7707+/-0.1631   0.7262+/-0.1320  
4D Functions         0.7211+/-0.3191   0.7185+/-0.3209   0.7053+/-0.3940   0.6481+/-0.3029   0.6013+/-0.2945  
5D Functions         0.8352+/-0.2906   0.8371+/-0.2914   0.7858+/-0.3021   0.7832+/-0.2789   0.7453+/-0.2758  
6D Functions         0.7961+/-0.1464   0.7936+/-0.1431   0.7802+/-0.1750   0.8107+/-0.1789   0.8219+/-0.2367  
7D Functions         0.6702+/-0.1882   0.6737+/-0.1887   0.5893+/-0.1612   0.6753+/-0.1915   0.6358+/-0.2066  
8D Functions         0.9094+/-0.1274   0.9076+/-0.1287   0.8330+/-0.1696   0.9003+/-0.1545   0.8970+/-0.2096  
9D Functions         0.9213+/-0.1291   0.9249+/-0.1318   0.7739+/-0.2280   0.9264+/-0.1631   0.8794+/-0.2130  
10D Functions        0.8360+/-0.1200   0.8332+/-0.1238   0.7334+/-0.2038   0.8405+/-0.1301   0.8067+/-0.1644  

          STATISTICAL TESTS (Friedman + Bonferroni-corrected Wilcoxon)          

> All Functions
  Friedman: chi2 =  28.1366, p = 1.1703e-05 ***
  Bonferroni alpha = 5.0000e-03
  Pairwise Comparisons           p-value         Significant?   
  -----------------------------------------------------------------
  Proximity_Baseline vs Proximity_Method_A     8.6765e-01            [NS]
  Proximity_Baseline vs Proximity_Method_B     1.7863e-02            [NS]
  Proximity_Baseline vs Proximity_Method_C     5.3744e-03            [NS]
  Proximity_Baseline vs Proximity_Method_B_C     5.3240e-07           [SIG]
  Proximity_Method_A vs Proximity_Method_B     2.0675e-02            [NS]
  Proximity_Method_A vs Proximity_Method_C     5.8575e-03            [NS]
  Proximity_Method_A vs Proximity_Method_B_C     4.8311e-07           [SIG]
  Proximity_Method_B vs Proximity_Method_C     7.0998e-01            [NS]
  Proximity_Method_B vs Proximity_Method_B_C     5.9887e-01            [NS]
  Proximity_Method_C vs Proximity_Method_B_C     4.5122e-03           [SIG]

> 1D Functions
  Friedman: chi2 =  14.4000, p = 6.1220e-03 **
  Bonferroni alpha = 5.0000e-03
  Pairwise Comparisons           p-value         Significant?   
  -----------------------------------------------------------------
  Proximity_Baseline vs Proximity_Method_A     6.2500e-01            [NS]
  Proximity_Baseline vs Proximity_Method_B     1.2500e-01            [NS]
  Proximity_Baseline vs Proximity_Method_C     6.2500e-02            [NS]
  Proximity_Baseline vs Proximity_Method_B_C     6.2500e-02            [NS]
  Proximity_Method_A vs Proximity_Method_B     1.2500e-01            [NS]
  Proximity_Method_A vs Proximity_Method_C     6.2500e-02            [NS]
  Proximity_Method_A vs Proximity_Method_B_C     6.2500e-02            [NS]
  Proximity_Method_B vs Proximity_Method_C     6.2500e-02            [NS]
  Proximity_Method_B vs Proximity_Method_B_C     1.2500e-01            [NS]
  Proximity_Method_C vs Proximity_Method_B_C     3.1250e-01            [NS]

> 2D Functions
  Friedman: chi2 =  13.2800, p = 9.9857e-03 **
  Bonferroni alpha = 5.0000e-03
  Pairwise Comparisons           p-value         Significant?   
  -----------------------------------------------------------------
  Proximity_Baseline vs Proximity_Method_A     8.1250e-01            [NS]
  Proximity_Baseline vs Proximity_Method_B     4.3750e-01            [NS]
  Proximity_Baseline vs Proximity_Method_C     6.2500e-02            [NS]
  Proximity_Baseline vs Proximity_Method_B_C     6.2500e-02            [NS]
  Proximity_Method_A vs Proximity_Method_B     4.3750e-01            [NS]
  Proximity_Method_A vs Proximity_Method_C     6.2500e-02            [NS]
  Proximity_Method_A vs Proximity_Method_B_C     6.2500e-02            [NS]
  Proximity_Method_B vs Proximity_Method_C     3.1250e-01            [NS]
  Proximity_Method_B vs Proximity_Method_B_C     1.2500e-01            [NS]
  Proximity_Method_C vs Proximity_Method_B_C     1.8750e-01            [NS]

> 3D Functions
  Friedman: chi2 =   5.9200, p = 2.0520e-01 ns
  -> No significant difference across methods (Friedman p >= 0.05)

> 4D Functions
  Friedman: chi2 =   6.6667, p = 1.5459e-01 ns
  -> No significant difference across methods (Friedman p >= 0.05)

> 5D Functions
  Friedman: chi2 =   5.0667, p = 2.8053e-01 ns
  -> No significant difference across methods (Friedman p >= 0.05)

> 6D Functions
  Friedman: chi2 =   1.3333, p = 8.5570e-01 ns
  -> No significant difference across methods (Friedman p >= 0.05)

> 7D Functions
  Friedman: chi2 =  10.6667, p = 3.0577e-02 *
  Bonferroni alpha = 5.0000e-03
  Pairwise Comparisons           p-value         Significant?   
  -----------------------------------------------------------------
  Proximity_Baseline vs Proximity_Method_A     2.5000e-01            [NS]
  Proximity_Baseline vs Proximity_Method_B     2.5000e-01            [NS]
  Proximity_Baseline vs Proximity_Method_C     7.5000e-01            [NS]
  Proximity_Baseline vs Proximity_Method_B_C     2.5000e-01            [NS]
  Proximity_Method_A vs Proximity_Method_B     2.5000e-01            [NS]
  Proximity_Method_A vs Proximity_Method_C     1.0000e+00            [NS]
  Proximity_Method_A vs Proximity_Method_B_C     2.5000e-01            [NS]
  Proximity_Method_B vs Proximity_Method_C     2.5000e-01            [NS]
  Proximity_Method_B vs Proximity_Method_B_C     2.5000e-01            [NS]
  Proximity_Method_C vs Proximity_Method_B_C     2.5000e-01            [NS]

> 8D Functions
  Friedman: chi2 =   7.7333, p = 1.0185e-01 ns
  -> No significant difference across methods (Friedman p >= 0.05)

> 9D Functions
  Friedman: chi2 =  10.4000, p = 3.4203e-02 *
  Bonferroni alpha = 5.0000e-03
  Pairwise Comparisons           p-value         Significant?   
  -----------------------------------------------------------------
  Proximity_Baseline vs Proximity_Method_A     2.5000e-01            [NS]
  Proximity_Baseline vs Proximity_Method_B     2.5000e-01            [NS]
  Proximity_Baseline vs Proximity_Method_C     7.5000e-01            [NS]
  Proximity_Baseline vs Proximity_Method_B_C     2.5000e-01            [NS]
  Proximity_Method_A vs Proximity_Method_B     2.5000e-01            [NS]
  Proximity_Method_A vs Proximity_Method_C     7.5000e-01            [NS]
  Proximity_Method_A vs Proximity_Method_B_C     2.5000e-01            [NS]
  Proximity_Method_B vs Proximity_Method_C     2.5000e-01            [NS]
  Proximity_Method_B vs Proximity_Method_B_C     2.5000e-01            [NS]
  Proximity_Method_C vs Proximity_Method_B_C     2.5000e-01            [NS]

> 10D Functions
  Friedman: chi2 =   7.7333, p = 1.0185e-01 ns
  -> No significant difference across methods (Friedman p >= 0.05)

================================================================================
Legend: *** p<0.001, ** p<0.01, * p<0.05, ns = not significant
================================================================================


[Report] Results saved to: results/sweep_20260711_140514/uncertainty_quantification_results_rf5_k20_sparse_m50_linear_manifold_20260711_231020.txt and results/sweep_20260711_140514/uncertainty_quantification_results_rf5_k20_sparse_m50_linear_manifold_20260711_231020.json
