==================================================
Array Job ID: 7558695 | Task Index: 604
Running arguments: +optimizer=dyrf_epistemic_hpobench optimizer.extractor_name=chen_variance +task/YAHPO/SO=cfg_rbv2_super_1063 task.optimization_resources.n_trials=50 seed=4 optimizer.telemetry_path=results/telemetry_chen_variance_cfg_rbv2_super_1063_seed4.json optimizer_id=CARPSDynamicRF optimizer_container_id=CARPSDynamicRF
==================================================
==================================================
Running CARP-S HPOBench Dynamic BO Benchmark Sweep
Using python: python3
==================================================
[[36m2026-07-19 20:43:16,126[0m][[34m/bigwork/nhwpseis/.conda/envs/dyrf/lib/python3.13/site-packages/carps/run.py[0m][[32mINFO[0m] - Runcommand: `python -m carps.run +optimizer=dyrf_epistemic_hpobench optimizer.extractor_name=chen_variance +task/YAHPO/SO=cfg_rbv2_super_1063 task.optimization_resources.n_trials=50 seed=4 optimizer.telemetry_path=results/telemetry_chen_variance_cfg_rbv2_super_1063_seed4.json optimizer_id=CARPSDynamicRF optimizer_container_id=CARPSDynamicRF`[0m
{
    'seed': 4,
    'task': {
        '_target_': 'carps.utils.task.Task',
        'name': 'yahpo/so/rbv2_super/1063/None',
        'seed': 4,
        'objective_function': {
            '_target_': 
'carps.objective_functions.yahpo.YahpoObjectiveFunction',
            'bench': 'rbv2_super',
            'instance': '1063',
            'budget_type': None,
            'metric': ['acc'],
            'seed': 4
        },
        'input_space': {
            '_target_': 'carps.utils.task.InputSpace',
            'configuration_space': {
                '_target_': 
'ConfigSpace.configuration_space.ConfigurationSpace.from_serialized_dict',
                '_convert_': 'object',
                'd': {
                    'name': None,
                    'hyperparameters': [
                        {
                            'type': 'categorical',
                            'name': 'learner_id',
                            'choices': [
                                'aknn',
                                'glmnet',
                                'ranger',
                                'rpart',
                                'svm',
                                'xgboost'
                            ],
                            'weights': None,
                            'default_value': 'aknn',
                            'meta': None
                        },
                        {
                            'type': 'categorical',
                            'name': 'num.impute.selected.cpo',
                            'choices': [
                                'impute.mean',
                                'impute.median',
                                'impute.hist'
                            ],
                            'weights': None,
                            'default_value': 'impute.mean',
                            'meta': None
                        },
                        {
                            'type': 'constant',
                            'name': 'task_id',
                            'value': '1063',
                            'meta': None
                        },
                        {
                            'type': 'uniform_int',
                            'name': 'aknn.M',
                            'lower': 18,
                            'upper': 50,
                            'default_value': 34,
                            'log': False,
                            'meta': None
                        },
                        {
                            'type': 'categorical',
                            'name': 'aknn.distance',
                            'choices': ['l2', 'cosine', 'ip'],
                            'weights': None,
                            'default_value': 'l2',
                            'meta': None
                        },
                        {
                            'type': 'uniform_int',
                            'name': 'aknn.ef',
                            'lower': 8,
                            'upper': 256,
                            'default_value': 48,
                            'log': True,
                            'meta': None
                        },
                        {
                            'type': 'uniform_int',
                            'name': 'aknn.ef_construction',
                            'lower': 8,
                            'upper': 512,
                            'default_value': 96,
                            'log': True,
                            'meta': None
                        },
                        {
                            'type': 'uniform_int',
                            'name': 'aknn.k',
                            'lower': 1,
                            'upper': 50,
                            'default_value': 26,
                            'log': False,
                            'meta': None
                        },
                        {
                            'type': 'uniform_float',
                            'name': 'glmnet.alpha',
                            'lower': 0.0,
                            'upper': 1.0,
                            'default_value': 1.0,
                            'log': False,
                            'meta': None
                        },
                        {
                            'type': 'uniform_float',
                            'name': 'glmnet.s',
                            'lower': 0.0009118819656,
                            'upper': 1096.6331584284585,
                            'default_value': 1.0,
                            'log': True,
                            'meta': None
                        },
                        {
                            'type': 'uniform_int',
                            'name': 'ranger.min.node.size',
                            'lower': 1,
                            'upper': 100,
                            'default_value': 50,
                            'log': False,
                            'meta': None
                        },
                        {
                            'type': 'uniform_float',
                            'name': 'ranger.mtry.power',
                            'lower': 0.0,
                            'upper': 1.0,
                            'default_value': 0.0,
                            'log': False,
                            'meta': None
                        },
                        {
                            'type': 'uniform_int',
                            'name': 'ranger.num.trees',
                            'lower': 1,
                            'upper': 2000,
                            'default_value': 1000,
                            'log': False,
                            'meta': None
                        },
                        {
                            'type': 'categorical',
                            'name': 'ranger.respect.unordered.factors',
                            'choices': ['ignore', 'order', 'partition'],
                            'weights': None,
                            'default_value': 'ignore',
                            'meta': None
                        },
                        {
                            'type': 'uniform_float',
                            'name': 'ranger.sample.fraction',
                            'lower': 0.1,
                            'upper': 1.0,
                            'default_value': 0.55,
                            'log': False,
                            'meta': None
                        },
                        {
                            'type': 'categorical',
                            'name': 'ranger.splitrule',
                            'choices': ['gini', 'extratrees'],
                            'weights': None,
                            'default_value': 'gini',
                            'meta': None
                        },
                        {
                            'type': 'uniform_float',
                            'name': 'rpart.cp',
                            'lower': 0.0009118819656,
                            'upper': 1.0,
                            'default_value': 0.01,
                            'log': True,
                            'meta': None
                        },
                        {
                            'type': 'uniform_int',
                            'name': 'rpart.maxdepth',
                            'lower': 1,
                            'upper': 30,
                            'default_value': 30,
                            'log': False,
                            'meta': None
                        },
                        {
                            'type': 'uniform_int',
                            'name': 'rpart.minbucket',
                            'lower': 1,
                            'upper': 100,
                            'default_value': 1,
                            'log': False,
                            'meta': None
                        },
                        {
                            'type': 'uniform_int',
                            'name': 'rpart.minsplit',
                            'lower': 1,
                            'upper': 100,
                            'default_value': 20,
                            'log': False,
                            'meta': None
                        },
                        {
                            'type': 'uniform_float',
                            'name': 'svm.cost',
                            'lower': 4.53999298e-05,
                            'upper': 22026.465794806718,
                            'default_value': 1.0,
                            'log': True,
                            'meta': None
                        },
                        {
                            'type': 'categorical',
                            'name': 'svm.kernel',
                            'choices': ['linear', 'polynomial', 'radial'],
                            'weights': None,
                            'default_value': 'linear',
                            'meta': None
                        },
                        {
                            'type': 'uniform_float',
                            'name': 'svm.tolerance',
                            'lower': 4.53999298e-05,
                            'upper': 2.0,
                            'default_value': 0.009528896,
                            'log': True,
                            'meta': None
                        },
                        {
                            'type': 'uniform_float',
                            'name': 'xgboost.alpha',
                            'lower': 0.0009118819656,
                            'upper': 1096.6331584284585,
                            'default_value': 1.0,
                            'log': True,
                            'meta': None
                        },
                        {
                            'type': 'categorical',
                            'name': 'xgboost.booster',
                            'choices': ['gblinear', 'gbtree', 'dart'],
                            'weights': None,
                            'default_value': 'gblinear',
                            'meta': None
                        },
                        {
                            'type': 'uniform_float',
                            'name': 'xgboost.lambda',
                            'lower': 0.0009118819656,
                            'upper': 1096.6331584284585,
                            'default_value': 1.0,
                            'log': True,
                            'meta': None
                        },
                        {
                            'type': 'uniform_int',
                            'name': 'xgboost.nrounds',
                            'lower': 7,
                            'upper': 2981,
                            'default_value': 144,
                            'log': True,
                            'meta': None
                        },
                        {
                            'type': 'uniform_float',
                            'name': 'xgboost.subsample',
                            'lower': 0.1,
                            'upper': 1.0,
                            'default_value': 0.55,
                            'log': False,
                            'meta': None
                        },
                        {
                            'type': 'uniform_int',
                            'name': 'ranger.num.random.splits',
                            'lower': 1,
                            'upper': 100,
                            'default_value': 1,
                            'log': False,
                            'meta': None
                        },
                        {
                            'type': 'uniform_int',
                            'name': 'svm.degree',
                            'lower': 2,
                            'upper': 5,
                            'default_value': 4,
                            'log': False,
                            'meta': None
                        },
                        {
                            'type': 'uniform_float',
                            'name': 'svm.gamma',
                            'lower': 4.53999298e-05,
                            'upper': 22026.465794806718,
                            'default_value': 1.0,
                            'log': True,
                            'meta': None
                        },
                        {
                            'type': 'uniform_float',
                            'name': 'xgboost.colsample_bylevel',
                            'lower': 0.01,
                            'upper': 1.0,
                            'default_value': 0.505,
                            'log': False,
                            'meta': None
                        },
                        {
                            'type': 'uniform_float',
                            'name': 'xgboost.colsample_bytree',
                            'lower': 0.01,
                            'upper': 1.0,
                            'default_value': 0.505,
                            'log': False,
                            'meta': None
                        },
                        {
                            'type': 'uniform_float',
                            'name': 'xgboost.eta',
                            'lower': 0.0009118819656,
                            'upper': 1.0,
                            'default_value': 0.0301973834,
                            'log': True,
                            'meta': None
                        },
                        {
                            'type': 'uniform_float',
                            'name': 'xgboost.gamma',
                            'lower': 4.53999298e-05,
                            'upper': 7.3890560989306,
                            'default_value': 0.0183156389,
                            'log': True,
                            'meta': None
                        },
                        {
                            'type': 'uniform_int',
                            'name': 'xgboost.max_depth',
                            'lower': 1,
                            'upper': 15,
                            'default_value': 8,
                            'log': False,
                            'meta': None
                        },
                        {
                            'type': 'uniform_float',
                            'name': 'xgboost.min_child_weight',
                            'lower': 2.718281828459,
                            'upper': 148.4131591025766,
                            'default_value': 20.0855369232,
                            'log': True,
                            'meta': None
                        },
                        {
                            'type': 'uniform_float',
                            'name': 'xgboost.rate_drop',
                            'lower': 0.0,
                            'upper': 1.0,
                            'default_value': 0.5,
                            'log': False,
                            'meta': None
                        },
                        {
                            'type': 'uniform_float',
                            'name': 'xgboost.skip_drop',
                            'lower': 0.0,
                            'upper': 1.0,
                            'default_value': 0.5,
                            'log': False,
                            'meta': None
                        }
                    ],
                    'conditions': [
                        {
                            'type': 'EQ',
                            'child': 'aknn.M',
                            'parent': 'learner_id',
                            'value': 'aknn'
                        },
                        {
                            'type': 'EQ',
                            'child': 'aknn.distance',
                            'parent': 'learner_id',
                            'value': 'aknn'
                        },
                        {
                            'type': 'EQ',
                            'child': 'aknn.ef',
                            'parent': 'learner_id',
                            'value': 'aknn'
                        },
                        {
                            'type': 'EQ',
                            'child': 'aknn.ef_construction',
                            'parent': 'learner_id',
                            'value': 'aknn'
                        },
                        {
                            'type': 'EQ',
                            'child': 'aknn.k',
                            'parent': 'learner_id',
                            'value': 'aknn'
                        },
                        {
                            'type': 'EQ',
                            'child': 'glmnet.alpha',
                            'parent': 'learner_id',
                            'value': 'glmnet'
                        },
                        {
                            'type': 'EQ',
                            'child': 'glmnet.s',
                            'parent': 'learner_id',
                            'value': 'glmnet'
                        },
                        {
                            'type': 'EQ',
                            'child': 'ranger.min.node.size',
                            'parent': 'learner_id',
                            'value': 'ranger'
                        },
                        {
                            'type': 'EQ',
                            'child': 'ranger.mtry.power',
                            'parent': 'learner_id',
                            'value': 'ranger'
                        },
                        {
                            'type': 'EQ',
                            'child': 'ranger.num.trees',
                            'parent': 'learner_id',
                            'value': 'ranger'
                        },
                        {
                            'type': 'EQ',
                            'child': 'ranger.respect.unordered.factors',
                            'parent': 'learner_id',
                            'value': 'ranger'
                        },
                        {
                            'type': 'EQ',
                            'child': 'ranger.sample.fraction',
                            'parent': 'learner_id',
                            'value': 'ranger'
                        },
                        {
                            'type': 'EQ',
                            'child': 'ranger.splitrule',
                            'parent': 'learner_id',
                            'value': 'ranger'
                        },
                        {
                            'type': 'EQ',
                            'child': 'rpart.cp',
                            'parent': 'learner_id',
                            'value': 'rpart'
                        },
                        {
                            'type': 'EQ',
                            'child': 'rpart.maxdepth',
                            'parent': 'learner_id',
                            'value': 'rpart'
                        },
                        {
                            'type': 'EQ',
                            'child': 'rpart.minbucket',
                            'parent': 'learner_id',
                            'value': 'rpart'
                        },
                        {
                            'type': 'EQ',
                            'child': 'rpart.minsplit',
                            'parent': 'learner_id',
                            'value': 'rpart'
                        },
                        {
                            'type': 'EQ',
                            'child': 'svm.cost',
                            'parent': 'learner_id',
                            'value': 'svm'
                        },
                        {
                            'type': 'EQ',
                            'child': 'svm.kernel',
                            'parent': 'learner_id',
                            'value': 'svm'
                        },
                        {
                            'type': 'EQ',
                            'child': 'svm.tolerance',
                            'parent': 'learner_id',
                            'value': 'svm'
                        },
                        {
                            'type': 'EQ',
                            'child': 'xgboost.alpha',
                            'parent': 'learner_id',
                            'value': 'xgboost'
                        },
                        {
                            'type': 'EQ',
                            'child': 'xgboost.booster',
                            'parent': 'learner_id',
                            'value': 'xgboost'
                        },
                        {
                            'type': 'EQ',
                            'child': 'xgboost.lambda',
                            'parent': 'learner_id',
                            'value': 'xgboost'
                        },
                        {
                            'type': 'EQ',
                            'child': 'xgboost.nrounds',
                            'parent': 'learner_id',
                            'value': 'xgboost'
                        },
                        {
                            'type': 'EQ',
                            'child': 'xgboost.subsample',
                            'parent': 'learner_id',
                            'value': 'xgboost'
                        },
                        {
                            'type': 'AND',
                            'child': 'ranger.num.random.splits',
                            'conditions': [
                                {
                                    'type': 'EQ',
                                    'child': 'ranger.num.random.splits',
                                    'parent': 'ranger.splitrule',
                                    'value': 'extratrees'
                                },
                                {
                                    'type': 'EQ',
                                    'child': 'ranger.num.random.splits',
                                    'parent': 'learner_id',
                                    'value': 'ranger'
                                }
                            ]
                        },
                        {
                            'type': 'AND',
                            'child': 'svm.degree',
                            'conditions': [
                                {
                                    'type': 'EQ',
                                    'child': 'svm.degree',
                                    'parent': 'svm.kernel',
                                    'value': 'polynomial'
                                },
                                {
                                    'type': 'EQ',
                                    'child': 'svm.degree',
                                    'parent': 'learner_id',
                                    'value': 'svm'
                                }
                            ]
                        },
                        {
                            'type': 'AND',
                            'child': 'svm.gamma',
                            'conditions': [
                                {
                                    'type': 'EQ',
                                    'child': 'svm.gamma',
                                    'parent': 'svm.kernel',
                                    'value': 'radial'
                                },
                                {
                                    'type': 'EQ',
                                    'child': 'svm.gamma',
                                    'parent': 'learner_id',
                                    'value': 'svm'
                                }
                            ]
                        },
                        {
                            'type': 'AND',
                            'child': 'xgboost.colsample_bylevel',
                            'conditions': [
                                {
                                    'type': 'IN',
                                    'child': 'xgboost.colsample_bylevel',
                                    'parent': 'xgboost.booster',
                                    'values': ['dart', 'gbtree']
                                },
                                {
                                    'type': 'EQ',
                                    'child': 'xgboost.colsample_bylevel',
                                    'parent': 'learner_id',
                                    'value': 'xgboost'
                                }
                            ]
                        },
                        {
                            'type': 'AND',
                            'child': 'xgboost.colsample_bytree',
                            'conditions': [
                                {
                                    'type': 'IN',
                                    'child': 'xgboost.colsample_bytree',
                                    'parent': 'xgboost.booster',
                                    'values': ['dart', 'gbtree']
                                },
                                {
                                    'type': 'EQ',
                                    'child': 'xgboost.colsample_bytree',
                                    'parent': 'learner_id',
                                    'value': 'xgboost'
                                }
                            ]
                        },
                        {
                            'type': 'AND',
                            'child': 'xgboost.eta',
                            'conditions': [
                                {
                                    'type': 'IN',
                                    'child': 'xgboost.eta',
                                    'parent': 'xgboost.booster',
                                    'values': ['dart', 'gbtree']
                                },
                                {
                                    'type': 'EQ',
                                    'child': 'xgboost.eta',
                                    'parent': 'learner_id',
                                    'value': 'xgboost'
                                }
                            ]
                        },
                        {
                            'type': 'AND',
                            'child': 'xgboost.gamma',
                            'conditions': [
                                {
                                    'type': 'IN',
                                    'child': 'xgboost.gamma',
                                    'parent': 'xgboost.booster',
                                    'values': ['dart', 'gbtree']
                                },
                                {
                                    'type': 'EQ',
                                    'child': 'xgboost.gamma',
                                    'parent': 'learner_id',
                                    'value': 'xgboost'
                                }
                            ]
                        },
                        {
                            'type': 'AND',
                            'child': 'xgboost.max_depth',
                            'conditions': [
                                {
                                    'type': 'IN',
                                    'child': 'xgboost.max_depth',
                                    'parent': 'xgboost.booster',
                                    'values': ['dart', 'gbtree']
                                },
                                {
                                    'type': 'EQ',
                                    'child': 'xgboost.max_depth',
                                    'parent': 'learner_id',
                                    'value': 'xgboost'
                                }
                            ]
                        },
                        {
                            'type': 'AND',
                            'child': 'xgboost.min_child_weight',
                            'conditions': [
                                {
                                    'type': 'IN',
                                    'child': 'xgboost.min_child_weight',
                                    'parent': 'xgboost.booster',
                                    'values': ['dart', 'gbtree']
                                },
                                {
                                    'type': 'EQ',
                                    'child': 'xgboost.min_child_weight',
                                    'parent': 'learner_id',
                                    'value': 'xgboost'
                                }
                            ]
                        },
                        {
                            'type': 'AND',
                            'child': 'xgboost.rate_drop',
                            'conditions': [
                                {
                                    'type': 'EQ',
                                    'child': 'xgboost.rate_drop',
                                    'parent': 'xgboost.booster',
                                    'value': 'dart'
                                },
                                {
                                    'type': 'EQ',
                                    'child': 'xgboost.rate_drop',
                                    'parent': 'learner_id',
                                    'value': 'xgboost'
                                }
                            ]
                        },
                        {
                            'type': 'AND',
                            'child': 'xgboost.skip_drop',
                            'conditions': [
                                {
                                    'type': 'EQ',
                                    'child': 'xgboost.skip_drop',
                                    'parent': 'xgboost.booster',
                                    'value': 'dart'
                                },
                                {
                                    'type': 'EQ',
                                    'child': 'xgboost.skip_drop',
                                    'parent': 'learner_id',
                                    'value': 'xgboost'
                                }
                            ]
                        }
                    ],
                    'forbiddens': [],
                    'python_module_version': '1.2.0',
                    'format_version': 0.4
                }
            },
            'fidelity_space': {
                '_target_': 'carps.utils.task.FidelitySpace',
                'is_multifidelity': False,
                'fidelity_type': None,
                'min_fidelity': None,
                'max_fidelity': None
            },
            'instance_space': None
        },
        'output_space': {
            '_target_': 'carps.utils.task.OutputSpace',
            'n_objectives': 1,
            'objectives': ['acc']
        },
        'optimization_resources': {
            '_target_': 'carps.utils.task.OptimizationResources',
            'n_trials': 50,
            'time_budget': None,
            'n_workers': 1
        },
        'metadata': {
            '_target_': 'carps.utils.task.TaskMetadata',
            'has_constraints': False,
            'domain': 'ML',
            'objective_function_approximation': 'surrogate',
            'has_virtual_time': False,
            'deterministic': False,
            'dimensions': 38,
            'search_space_n_categoricals': 7,
            'search_space_n_ordinals': 0,
            'search_space_n_integers': 13,
            'search_space_n_floats': 18,
            'search_space_has_conditionals': True,
            'search_space_has_forbiddens': False,
            'search_space_has_priors': False
        }
    },
    'benchmark_id': 'YAHPO',
    'task_id': 'yahpo/so/rbv2_super/1063/None',
    'optimizer': {
        '_target_': 'carps_integration.optimizer.CARPSDynamicRFOptimizer',
        '_partial_': True,
        'extractor_name': 'chen_variance',
        'n_init': 10,
        'kappa': 1.96,
        'telemetry_path': 
'results/telemetry_chen_variance_cfg_rbv2_super_1063_seed4.json',
        'window_size': 5,
        'min_samples_leaf_base': 2,
        'min_samples_leaf_min': 1,
        'min_samples_leaf_max': 15,
        'alpha': 1.0,
        'max_features_base': 0.5,
        'max_features_min': 0.1,
        'max_features_max': 0.8,
        'eta': 0.5
    },
    'optimizer_id': 'CARPSDynamicRF',
    'optimizer_container_id': 'CARPSDynamicRF',
    'pyexperimenter_configuration_file_path': None,
    'database_credential_file_path': None,
    'use_special_conda_env': False,
    'conda_env_name': 'carps_YAHPO_CARPSDynamicRF',
    'timestamp': '2026-07-19/20-43-16',
    'baserundir': 'runs',
    'outdir': 'runs/CARPSDynamicRF/YAHPO/yahpo/so/rbv2_super/1063/None/4',
    'loggers': [
        {
            '_target_': 'carps.loggers.file_logger.FileLogger',
            '_partial_': True,
            'overwrite': True
        },
        {
            '_target_': 'carps.loggers.database_logger.DatabaseLogger',
            '_partial_': True
        }
    ]
}
[[36m2026-07-19 20:43:16,197[0m][[34mFileLogger[0m][[32mINFO[0m] - Found previous run. Removing 'runs/CARPSDynamicRF/YAHPO/yahpo/so/rbv2_super/1063/None/4'.[0m
[[36m2026-07-19 20:43:16,568[0m][[34mDatabaseLogger[0m][[32mINFO[0m] - Not logging to database (result processor is None).[0m
Please make sure to also cite:
Binder M., Pfisterer F. & Bischl B. (2020). Collecting Empirical Data About Hyperparameters for Data Driven AutoML. 7th ICML Workshop on Automated Machine Learning.
╭────────────────────── <class 'carps.utils.task.Task'> ───────────────────────╮
│ Task.                                                                        │
│                                                                              │
│ ╭──────────────────────────────────────────────────────────────────────────╮ │
│ │ Task(                                                                    │ │
│ │ │   name='yahpo/so/rbv2_super/1063/None',                                │ │
│ │ │                                                                        │ │
│ │ objective_function=<carps.objective_functions.yahpo.YahpoObjectiveFuncti │ │
│ │ on object at 0x1519f3064d70>,                                            │ │
│ │ │   input_space=InputSpace(                                              │ │
│ │ │   │   configuration_space=Configuration space object:                  │ │
│ │   Hyperparameters:                                                       │ │
│ │ │   aknn.M, Type: UniformInteger, Range: [18, 50], Default: 34           │ │
│ │ │   aknn.distance, Type: Categorical, Choices: {l2, cosine, ip},         │ │
│ │ Default: l2                                                              │ │
│ │ │   aknn.ef, Type: UniformInteger, Range: [8, 256], Default: 48, on      │ │
│ │ log-scale                                                                │ │
│ │ │   aknn.ef_construction, Type: UniformInteger, Range: [8, 512],         │ │
│ │ Default: 96, on log-scale                                                │ │
│ │ │   aknn.k, Type: UniformInteger, Range: [1, 50], Default: 26            │ │
│ │ │   glmnet.alpha, Type: UniformFloat, Range: [0.0, 1.0], Default: 1.0    │ │
│ │ │   glmnet.s, Type: UniformFloat, Range: [0.0009118819656,               │ │
│ │ 1096.6331584284585], Default: 1.0, on log-scale                          │ │
│ │ │   learner_id, Type: Categorical, Choices: {aknn, glmnet, ranger,       │ │
│ │ rpart, svm, xgboost}, Default: aknn                                      │ │
│ │ │   num.impute.selected.cpo, Type: Categorical, Choices: {impute.mean,   │ │
│ │ impute.median, impute.hist}, Default: impute.mean                        │ │
│ │ │   ranger.min.node.size, Type: UniformInteger, Range: [1, 100],         │ │
│ │ Default: 50                                                              │ │
│ │ │   ranger.mtry.power, Type: UniformFloat, Range: [0.0, 1.0], Default:   │ │
│ │ 0.0                                                                      │ │
│ │ │   ranger.num.random.splits, Type: UniformInteger, Range: [1, 100],     │ │
│ │ Default: 1                                                               │ │
│ │ │   ranger.num.trees, Type: UniformInteger, Range: [1, 2000], Default:   │ │
│ │ 1000                                                                     │ │
│ │ │   ranger.respect.unordered.factors, Type: Categorical, Choices:        │ │
│ │ {ignore, order, partition}, Default: ignore                              │ │
│ │ │   ranger.sample.fraction, Type: UniformFloat, Range: [0.1, 1.0],       │ │
│ │ Default: 0.55                                                            │ │
│ │ │   ranger.splitrule, Type: Categorical, Choices: {gini, extratrees},    │ │
│ │ Default: gini                                                            │ │
│ │ │   rpart.cp, Type: UniformFloat, Range: [0.0009118819656, 1.0],         │ │
│ │ Default: 0.01, on log-scale                                              │ │
│ │ │   rpart.maxdepth, Type: UniformInteger, Range: [1, 30], Default: 30    │ │
│ │ │   rpart.minbucket, Type: UniformInteger, Range: [1, 100], Default: 1   │ │
│ │ │   rpart.minsplit, Type: UniformInteger, Range: [1, 100], Default: 20   │ │
│ │ │   svm.cost, Type: UniformFloat, Range: [4.53999298e-05,                │ │
│ │ 22026.465794806718], Default: 1.0, on log-scale                          │ │
│ │ │   svm.degree, Type: UniformInteger, Range: [2, 5], Default: 4          │ │
│ │ │   svm.gamma, Type: UniformFloat, Range: [4.53999298e-05,               │ │
│ │ 22026.465794806718], Default: 1.0, on log-scale                          │ │
│ │ │   svm.kernel, Type: Categorical, Choices: {linear, polynomial,         │ │
│ │ radial}, Default: linear                                                 │ │
│ │ │   svm.tolerance, Type: UniformFloat, Range: [4.53999298e-05, 2.0],     │ │
│ │ Default: 0.009528896, on log-scale                                       │ │
│ │ │   task_id, Type: Constant, Value: 1063                                 │ │
│ │ │   xgboost.alpha, Type: UniformFloat, Range: [0.0009118819656,          │ │
│ │ 1096.6331584284585], Default: 1.0, on log-scale                          │ │
│ │ │   xgboost.booster, Type: Categorical, Choices: {gblinear, gbtree,      │ │
│ │ dart}, Default: gblinear                                                 │ │
│ │ │   xgboost.colsample_bylevel, Type: UniformFloat, Range: [0.01, 1.0],   │ │
│ │ Default: 0.505                                                           │ │
│ │ │   xgboost.colsample_bytree, Type: UniformFloat, Range: [0.01, 1.0],    │ │
│ │ Default: 0.505                                                           │ │
│ │ │   xgboost.eta, Type: UniformFloat, Range: [0.0009118819656, 1.0],      │ │
│ │ Default: 0.0301973834, on log-scale                                      │ │
│ │ │   xgboost.gamma, Type: UniformFloat, Range: [4.53999298e-05,           │ │
│ │ 7.3890560989306], Default: 0.0183156389, on log-scale                    │ │
│ │ │   xgboost.lambda, Type: UniformFloat, Range: [0.0009118819656,         │ │
│ │ 1096.6331584284585], Default: 1.0, on log-scale                          │ │
│ │ │   xgboost.max_depth, Type: UniformInteger, Range: [1, 15], Default: 8  │ │
│ │ │   xgboost.min_child_weight, Type: UniformFloat, Range:                 │ │
│ │ [2.718281828459, 148.4131591025766], Default: 20.0855369232, on          │ │
│ │ log-scale                                                                │ │
│ │ │   xgboost.nrounds, Type: UniformInteger, Range: [7, 2981], Default:    │ │
│ │ 144, on log-scale                                                        │ │
│ │ │   xgboost.rate_drop, Type: UniformFloat, Range: [0.0, 1.0], Default:   │ │
│ │ 0.5                                                                      │ │
│ │ │   xgboost.skip_drop, Type: UniformFloat, Range: [0.0, 1.0], Default:   │ │
│ │ 0.5                                                                      │ │
│ │ │   xgboost.subsample, Type: UniformFloat, Range: [0.1, 1.0], Default:   │ │
│ │ 0.55                                                                     │ │
│ │   Conditions:                                                            │ │
│ │ │   (ranger.num.random.splits | ranger.splitrule == 'extratrees' &&      │ │
│ │ ranger.num.random.splits | learner_id == 'ranger')                       │ │
│ │ │   (svm.degree | svm.kernel == 'polynomial' && svm.degree | learner_id  │ │
│ │ == 'svm')                                                                │ │
│ │ │   (svm.gamma | svm.kernel == 'radial' && svm.gamma | learner_id ==     │ │
│ │ 'svm')                                                                   │ │
│ │ │   (xgboost.colsample_bylevel | xgboost.booster in {'dart', 'gbtree'}   │ │
│ │ && xgboost.colsample_bylevel | learner_id == 'xgboost')                  │ │
│ │ │   (xgboost.colsample_bytree | xgboost.booster in {'dart', 'gbtree'} && │ │
│ │ xgboost.colsample_bytree | learner_id == 'xgboost')                      │ │
│ │ │   (xgboost.eta | xgboost.booster in {'dart', 'gbtree'} && xgboost.eta  │ │
│ │ | learner_id == 'xgboost')                                               │ │
│ │ │   (xgboost.gamma | xgboost.booster in {'dart', 'gbtree'} &&            │ │
│ │ xgboost.gamma | learner_id == 'xgboost')                                 │ │
│ │ │   (xgboost.max_depth | xgboost.booster in {'dart', 'gbtree'} &&        │ │
│ │ xgboost.max_depth | learner_id == 'xgboost')                             │ │
│ │ │   (xgboost.min_child_weight | xgboost.booster in {'dart', 'gbtree'} && │ │
│ │ xgboost.min_child_weight | learner_id == 'xgboost')                      │ │
│ │ │   (xgboost.rate_drop | xgboost.booster == 'dart' && xgboost.rate_drop  │ │
│ │ | learner_id == 'xgboost')                                               │ │
│ │ │   (xgboost.skip_drop | xgboost.booster == 'dart' && xgboost.skip_drop  │ │
│ │ | learner_id == 'xgboost')                                               │ │
│ │ │   aknn.M | learner_id == 'aknn'                                        │ │
│ │ │   aknn.distance | learner_id == 'aknn'                                 │ │
│ │ │   aknn.ef | learner_id == 'aknn'                                       │ │
│ │ │   aknn.ef_construction | learner_id == 'aknn'                          │ │
│ │ │   aknn.k | learner_id == 'aknn'                                        │ │
│ │ │   glmnet.alpha | learner_id == 'glmnet'                                │ │
│ │ │   glmnet.s | learner_id == 'glmnet'                                    │ │
│ │ │   ranger.min.node.size | learner_id == 'ranger'                        │ │
│ │ │   ranger.mtry.power | learner_id == 'ranger'                           │ │
│ │ │   ranger.num.trees | learner_id == 'ranger'                            │ │
│ │ │   ranger.respect.unordered.factors | learner_id == 'ranger'            │ │
│ │ │   ranger.sample.fraction | learner_id == 'ranger'                      │ │
│ │ │   ranger.splitrule | learner_id == 'ranger'                            │ │
│ │ │   rpart.cp | learner_id == 'rpart'                                     │ │
│ │ │   rpart.maxdepth | learner_id == 'rpart'                               │ │
│ │ │   rpart.minbucket | learner_id == 'rpart'                              │ │
│ │ │   rpart.minsplit | learner_id == 'rpart'                               │ │
│ │ │   svm.cost | learner_id == 'svm'                                       │ │
│ │ │   svm.kernel | learner_id == 'svm'                                     │ │
│ │ │   svm.tolerance | learner_id == 'svm'                                  │ │
│ │ │   xgboost.alpha | learner_id == 'xgboost'                              │ │
│ │ │   xgboost.booster | learner_id == 'xgboost'                            │ │
│ │ │   xgboost.lambda | learner_id == 'xgboost'                             │ │
│ │ │   xgboost.nrounds | learner_id == 'xgboost'                            │ │
│ │ │   xgboost.subsample | learner_id == 'xgboost'                          │ │
│ │ ,                                                                        │ │
│ │ │   │   fidelity_space=FidelitySpace(                                    │ │
│ │ │   │   │   is_multifidelity=False,                                      │ │
│ │ │   │   │   fidelity_type=None,                                          │ │
│ │ │   │   │   min_fidelity=None,                                           │ │
│ │ │   │   │   max_fidelity=None                                            │ │
│ │ │   │   ),                                                               │ │
│ │ │   │   instance_space=None                                              │ │
│ │ │   ),                                                                   │ │
│ │ │   output_space=OutputSpace(n_objectives=1, objectives=['acc']),        │ │
│ │ │   optimization_resources=OptimizationResources(                        │ │
│ │ │   │   n_trials=50,                                                     │ │
│ │ │   │   time_budget=None,                                                │ │
│ │ │   │   n_workers=1                                                      │ │
│ │ │   ),                                                                   │ │
│ │ │   metadata=TaskMetadata(                                               │ │
│ │ │   │   has_constraints=False,                                           │ │
│ │ │   │   domain='ML',                                                     │ │
│ │ │   │   objective_function_approximation='surrogate',                    │ │
│ │ │   │   has_virtual_time=False,                                          │ │
│ │ │   │   deterministic=False,                                             │ │
│ │ │   │   dimensions=38,                                                   │ │
│ │ │   │   search_space_n_categoricals=7,                                   │ │
│ │ │   │   search_space_n_ordinals=0,                                       │ │
│ │ │   │   search_space_n_integers=13,                                      │ │
│ │ │   │   search_space_n_floats=18,                                        │ │
│ │ │   │   search_space_has_conditionals=True,                              │ │
│ │ │   │   search_space_has_forbiddens=False,                               │ │
│ │ │   │   search_space_has_priors=False                                    │ │
│ │ │   ),                                                                   │ │
│ │ │   seed=4                                                               │ │
│ │ )                                                                        │ │
│ ╰──────────────────────────────────────────────────────────────────────────╯ │
│                                                                              │
│            input_space = InputSpace(                                         │
│                              configuration_space=Configuration space object: │
│                            Hyperparameters:                                  │
│                              aknn.M, Type: UniformInteger, Range: [18, 50],  │
│                          Default: 34                                         │
│                              aknn.distance, Type: Categorical, Choices: {l2, │
│                          cosine, ip}, Default: l2                            │
│                              aknn.ef, Type: UniformInteger, Range: [8, 256], │
│                          Default: 48, on log-scale                           │
│                              aknn.ef_construction, Type: UniformInteger,     │
│                          Range: [8, 512], Default: 96, on log-scale          │
│                              aknn.k, Type: UniformInteger, Range: [1, 50],   │
│                          Default: 26                                         │
│                              glmnet.alpha, Type: UniformFloat, Range: [0.0,  │
│                          1.0], Default: 1.0                                  │
│                              glmnet.s, Type: UniformFloat, Range:            │
│                          [0.0009118819656, 1096.6331584284585], Default:     │
│                          1.0, on log-scale                                   │
│                              learner_id, Type: Categorical, Choices: {aknn,  │
│                          glmnet, ranger, rpart, svm, xgboost}, Default: aknn │
│                              num.impute.selected.cpo, Type: Categorical,     │
│                          Choices: {impute.mean, impute.median, impute.hist}, │
│                          Default: impute.mean                                │
│                              ranger.min.node.size, Type: UniformInteger,     │
│                          Range: [1, 100], Default: 50                        │
│                              ranger.mtry.power, Type: UniformFloat, Range:   │
│                          [0.0, 1.0], Default: 0.0                            │
│                              ranger.num.random.splits, Type: UniformInteger, │
│                          Range: [1, 100], Default: 1                         │
│                              ranger.num.trees, Type: UniformInteger, Range:  │
│                          [1, 2000], Default: 1000                            │
│                              ranger.respect.unordered.factors, Type:         │
│                          Categorical, Choices: {ignore, order, partition},   │
│                          Default: ignore                                     │
│                              ranger.sample.fraction, Type: UniformFloat,     │
│                          Range: [0.1, 1.0], Default: 0.55                    │
│                              ranger.splitrule, Type: Categorical, Choices:   │
│                          {gini, extratrees}, Default: gini                   │
│                              rpart.cp, Type: UniformFloat, Range:            │
│                          [0.0009118819656, 1.0], Default: 0.01, on log-scale │
│                              rpart.maxdepth, Type: UniformInteger, Range:    │
│                          [1, 30], Default: 30                                │
│                              rpart.minbucket, Type: UniformInteger, Range:   │
│                          [1, 100], Default: 1                                │
│                              rpart.minsplit, Type: UniformInteger, Range:    │
│                          [1, 100], Default: 20                               │
│                              svm.cost, Type: UniformFloat, Range:            │
│                          [4.53999298e-05, 22026.465794806718], Default: 1.0, │
│                          on log-scale                                        │
│                              svm.degree, Type: UniformInteger, Range: [2,    │
│                          5], Default: 4                                      │
│                              svm.gamma, Type: UniformFloat, Range:           │
│                          [4.53999298e-05, 22026.465794806718], Default: 1.0, │
│                          on log-scale                                        │
│                              svm.kernel, Type: Categorical, Choices:         │
│                          {linear, polynomial, radial}, Default: linear       │
│                              svm.tolerance, Type: UniformFloat, Range:       │
│                          [4.53999298e-05, 2.0], Default: 0.009528896, on     │
│                          log-scale                                           │
│                              task_id, Type: Constant, Value: 1063            │
│                              xgboost.alpha, Type: UniformFloat, Range:       │
│                          [0.0009118819656, 1096.6331584284585], Default:     │
│                          1.0, on log-scale                                   │
│                              xgboost.booster, Type: Categorical, Choices:    │
│                          {gblinear, gbtree, dart}, Default: gblinear         │
│                              xgboost.colsample_bylevel, Type: UniformFloat,  │
│                          Range: [0.01, 1.0], Default: 0.505                  │
│                              xgboost.colsample_bytree, Type: UniformFloat,   │
│                          Range: [0.01, 1.0], Default: 0.505                  │
│                              xgboost.eta, Type: UniformFloat, Range:         │
│                          [0.0009118819656, 1.0], Default: 0.0301973834, on   │
│                          log-scale                                           │
│                              xgboost.gamma, Type: UniformFloat, Range:       │
│                          [4.53999298e-05, 7.3890560989306], Default:         │
│                          0.0183156389, on log-scale                          │
│                              xgboost.lambda, Type: UniformFloat, Range:      │
│                          [0.0009118819656, 1096.6331584284585], Default:     │
│                          1.0, on log-scale                                   │
│                              xgboost.max_depth, Type: UniformInteger, Range: │
│                          [1, 15], Default: 8                                 │
│                              xgboost.min_child_weight, Type: UniformFloat,   │
│                          Range: [2.718281828459, 148.4131591025766],         │
│                          Default: 20.0855369232, on log-scale                │
│                              xgboost.nrounds, Type: UniformInteger, Range:   │
│                          [7, 2981], Default: 144, on log-scale               │
│                              xgboost.rate_drop, Type: UniformFloat, Range:   │
│                          [0.0, 1.0], Default: 0.5                            │
│                              xgboost.skip_drop, Type: UniformFloat, Range:   │
│                          [0.0, 1.0], Default: 0.5                            │
│                              xgboost.subsample, Type: UniformFloat, Range:   │
│                          [0.1, 1.0], Default: 0.55                           │
│                            Conditions:                                       │
│                              (ranger.num.random.splits | ranger.splitrule == │
│                          'extratrees' && ranger.num.random.splits |          │
│                          learner_id == 'ranger')                             │
│                              (svm.degree | svm.kernel == 'polynomial' &&     │
│                          svm.degree | learner_id == 'svm')                   │
│                              (svm.gamma | svm.kernel == 'radial' &&          │
│                          svm.gamma | learner_id == 'svm')                    │
│                              (xgboost.colsample_bylevel | xgboost.booster in │
│                          {'dart', 'gbtree'} && xgboost.colsample_bylevel |   │
│                          learner_id == 'xgboost')                            │
│                              (xgboost.colsample_bytree | xgboost.booster in  │
│                          {'dart', 'gbtree'} && xgboost.colsample_bytree |    │
│                          learner_id == 'xgboost')                            │
│                              (xgboost.eta | xgboost.booster in {'dart',      │
│                          'gbtree'} && xgboost.eta | learner_id == 'xgboost') │
│                              (xgboost.gamma | xgboost.booster in {'dart',    │
│                          'gbtree'} && xgboost.gamma | learner_id ==          │
│                          'xgboost')                                          │
│                              (xgboost.max_depth | xgboost.booster in         │
│                          {'dart', 'gbtree'} && xgboost.max_depth |           │
│                          learner_id == 'xgboost')                            │
│                              (xgboost.min_child_weight | xgboost.booster in  │
│                          {'dart', 'gbtree'} && xgboost.min_child_weight |    │
│                          learner_id == 'xgboost')                            │
│                              (xgboost.rate_drop | xgboost.booster == 'dart'  │
│                          && xgboost.rate_drop | learner_id == 'xgboost')     │
│                              (xgboost.skip_drop | xgboost.booster == 'dart'  │
│                          && xgboost.skip_drop | learner_id == 'xgboost')     │
│                              aknn.M | learner_id == 'aknn'                   │
│                              aknn.distance | learner_id == 'aknn'            │
│                              aknn.ef | learner_id == 'aknn'                  │
│                              aknn.ef_construction | learner_id == 'aknn'     │
│                              aknn.k | learner_id == 'aknn'                   │
│                              glmnet.alpha | learner_id == 'glmnet'           │
│                              glmnet.s | learner_id == 'glmnet'               │
│                              ranger.min.node.size | learner_id == 'ranger'   │
│                              ranger.mtry.power | learner_id == 'ranger'      │
│                              ranger.num.trees | learner_id == 'ranger'       │
│                              ranger.respect.unordered.factors | learner_id   │
│                          == 'ranger'                                         │
│                              ranger.sample.fraction | learner_id == 'ranger' │
│                              ranger.splitrule | learner_id == 'ranger'       │
│                              rpart.cp | learner_id == 'rpart'                │
│                              rpart.maxdepth | learner_id == 'rpart'          │
│                              rpart.minbucket | learner_id == 'rpart'         │
│                              rpart.minsplit | learner_id == 'rpart'          │
│                              svm.cost | learner_id == 'svm'                  │
│                              svm.kernel | learner_id == 'svm'                │
│                              svm.tolerance | learner_id == 'svm'             │
│                              xgboost.alpha | learner_id == 'xgboost'         │
│                              xgboost.booster | learner_id == 'xgboost'       │
│                              xgboost.lambda | learner_id == 'xgboost'        │
│                              xgboost.nrounds | learner_id == 'xgboost'       │
│                              xgboost.subsample | learner_id == 'xgboost'     │
│                          ,                                                   │
│                              fidelity_space=FidelitySpace(                   │
│                                  is_multifidelity=False,                     │
│                                  fidelity_type=None,                         │
│                                  min_fidelity=None,                          │
│                                  max_fidelity=None                           │
│                              ),                                              │
│                              instance_space=None                             │
│                          )                                                   │
│               metadata = TaskMetadata(                                       │
│                              has_constraints=False,                          │
│                              domain='ML',                                    │
│                              objective_function_approximation='surrogate',   │
│                              has_virtual_time=False,                         │
│                              deterministic=False,                            │
│                              dimensions=38,                                  │
│                              search_space_n_categoricals=7,                  │
│                              search_space_n_ordinals=0,                      │
│                              search_space_n_integers=13,                     │
│                              search_space_n_floats=18,                       │
│                              search_space_has_conditionals=True,             │
│                              search_space_has_forbiddens=False,              │
│                              search_space_has_priors=False                   │
│                          )                                                   │
│                   name = 'yahpo/so/rbv2_super/1063/None'                     │
│     objective_function = <carps.objective_functions.yahpo.YahpoObjectiveFun… │
│                          object at 0x1519f3064d70>                           │
│ optimization_resources = OptimizationResources(                              │
│                              n_trials=50,                                    │
│                              time_budget=None,                               │
│                              n_workers=1                                     │
│                          )                                                   │
│           output_space = OutputSpace(n_objectives=1, objectives=['acc'])     │
│                   seed = 4                                                   │
╰──────────────────────────────────────────────────────────────────────────────╯
╭─────── <class 'carps_integration.optimizer.CARPSDynamicRFOptimizer'> ────────╮
│ CARP-S compatible Bayesian Optimization optimizer wrapper that uses          │
│ Dynamic RF surrogate models with Extensible Epistemic UQ Extractors.         │
│                                                                              │
│ ╭──────────────────────────────────────────────────────────────────────────╮ │
│ │ <carps_integration.optimizer.CARPSDynamicRFOptimizer object at           │ │
│ │ 0x1519f2dd9550>                                                          │ │
│ ╰──────────────────────────────────────────────────────────────────────────╯ │
│                                                                              │
│                        alpha = 1.0                                           │
│                  configspace = Configuration space object:                   │
│                                  Hyperparameters:                            │
│                                    aknn.M, Type: UniformInteger, Range: [18, │
│                                50], Default: 34                              │
│                                    aknn.distance, Type: Categorical,         │
│                                Choices: {l2, cosine, ip}, Default: l2        │
│                                    aknn.ef, Type: UniformInteger, Range: [8, │
│                                256], Default: 48, on log-scale               │
│                                    aknn.ef_construction, Type:               │
│                                UniformInteger, Range: [8, 512], Default: 96, │
│                                on log-scale                                  │
│                                    aknn.k, Type: UniformInteger, Range: [1,  │
│                                50], Default: 26                              │
│                                    glmnet.alpha, Type: UniformFloat, Range:  │
│                                [0.0, 1.0], Default: 1.0                      │
│                                    glmnet.s, Type: UniformFloat, Range:      │
│                                [0.0009118819656, 1096.6331584284585],        │
│                                Default: 1.0, on log-scale                    │
│                                    learner_id, Type: Categorical, Choices:   │
│                                {aknn, glmnet, ranger, rpart, svm, xgboost},  │
│                                Default: aknn                                 │
│                                    num.impute.selected.cpo, Type:            │
│                                Categorical, Choices: {impute.mean,           │
│                                impute.median, impute.hist}, Default:         │
│                                impute.mean                                   │
│                                    ranger.min.node.size, Type:               │
│                                UniformInteger, Range: [1, 100], Default: 50  │
│                                    ranger.mtry.power, Type: UniformFloat,    │
│                                Range: [0.0, 1.0], Default: 0.0               │
│                                    ranger.num.random.splits, Type:           │
│                                UniformInteger, Range: [1, 100], Default: 1   │
│                                    ranger.num.trees, Type: UniformInteger,   │
│                                Range: [1, 2000], Default: 1000               │
│                                    ranger.respect.unordered.factors, Type:   │
│                                Categorical, Choices: {ignore, order,         │
│                                partition}, Default: ignore                   │
│                                    ranger.sample.fraction, Type:             │
│                                UniformFloat, Range: [0.1, 1.0], Default:     │
│                                0.55                                          │
│                                    ranger.splitrule, Type: Categorical,      │
│                                Choices: {gini, extratrees}, Default: gini    │
│                                    rpart.cp, Type: UniformFloat, Range:      │
│                                [0.0009118819656, 1.0], Default: 0.01, on     │
│                                log-scale                                     │
│                                    rpart.maxdepth, Type: UniformInteger,     │
│                                Range: [1, 30], Default: 30                   │
│                                    rpart.minbucket, Type: UniformInteger,    │
│                                Range: [1, 100], Default: 1                   │
│                                    rpart.minsplit, Type: UniformInteger,     │
│                                Range: [1, 100], Default: 20                  │
│                                    svm.cost, Type: UniformFloat, Range:      │
│                                [4.53999298e-05, 22026.465794806718],         │
│                                Default: 1.0, on log-scale                    │
│                                    svm.degree, Type: UniformInteger, Range:  │
│                                [2, 5], Default: 4                            │
│                                    svm.gamma, Type: UniformFloat, Range:     │
│                                [4.53999298e-05, 22026.465794806718],         │
│                                Default: 1.0, on log-scale                    │
│                                    svm.kernel, Type: Categorical, Choices:   │
│                                {linear, polynomial, radial}, Default: linear │
│                                    svm.tolerance, Type: UniformFloat, Range: │
│                                [4.53999298e-05, 2.0], Default: 0.009528896,  │
│                                on log-scale                                  │
│                                    task_id, Type: Constant, Value: 1063      │
│                                    xgboost.alpha, Type: UniformFloat, Range: │
│                                [0.0009118819656, 1096.6331584284585],        │
│                                Default: 1.0, on log-scale                    │
│                                    xgboost.booster, Type: Categorical,       │
│                                Choices: {gblinear, gbtree, dart}, Default:   │
│                                gblinear                                      │
│                                    xgboost.colsample_bylevel, Type:          │
│                                UniformFloat, Range: [0.01, 1.0], Default:    │
│                                0.505                                         │
│                                    xgboost.colsample_bytree, Type:           │
│                                UniformFloat, Range: [0.01, 1.0], Default:    │
│                                0.505                                         │
│                                    xgboost.eta, Type: UniformFloat, Range:   │
│                                [0.0009118819656, 1.0], Default:              │
│                                0.0301973834, on log-scale                    │
│                                    xgboost.gamma, Type: UniformFloat, Range: │
│                                [4.53999298e-05, 7.3890560989306], Default:   │
│                                0.0183156389, on log-scale                    │
│                                    xgboost.lambda, Type: UniformFloat,       │
│                                Range: [0.0009118819656, 1096.6331584284585], │
│                                Default: 1.0, on log-scale                    │
│                                    xgboost.max_depth, Type: UniformInteger,  │
│                                Range: [1, 15], Default: 8                    │
│                                    xgboost.min_child_weight, Type:           │
│                                UniformFloat, Range: [2.718281828459,         │
│                                148.4131591025766], Default: 20.0855369232,   │
│                                on log-scale                                  │
│                                    xgboost.nrounds, Type: UniformInteger,    │
│                                Range: [7, 2981], Default: 144, on log-scale  │
│                                    xgboost.rate_drop, Type: UniformFloat,    │
│                                Range: [0.0, 1.0], Default: 0.5               │
│                                    xgboost.skip_drop, Type: UniformFloat,    │
│                                Range: [0.0, 1.0], Default: 0.5               │
│                                    xgboost.subsample, Type: UniformFloat,    │
│                                Range: [0.1, 1.0], Default: 0.55              │
│                                  Conditions:                                 │
│                                    (ranger.num.random.splits |               │
│                                ranger.splitrule == 'extratrees' &&           │
│                                ranger.num.random.splits | learner_id ==      │
│                                'ranger')                                     │
│                                    (svm.degree | svm.kernel == 'polynomial'  │
│                                && svm.degree | learner_id == 'svm')          │
│                                    (svm.gamma | svm.kernel == 'radial' &&    │
│                                svm.gamma | learner_id == 'svm')              │
│                                    (xgboost.colsample_bylevel |              │
│                                xgboost.booster in {'dart', 'gbtree'} &&      │
│                                xgboost.colsample_bylevel | learner_id ==     │
│                                'xgboost')                                    │
│                                    (xgboost.colsample_bytree |               │
│                                xgboost.booster in {'dart', 'gbtree'} &&      │
│                                xgboost.colsample_bytree | learner_id ==      │
│                                'xgboost')                                    │
│                                    (xgboost.eta | xgboost.booster in         │
│                                {'dart', 'gbtree'} && xgboost.eta |           │
│                                learner_id == 'xgboost')                      │
│                                    (xgboost.gamma | xgboost.booster in       │
│                                {'dart', 'gbtree'} && xgboost.gamma |         │
│                                learner_id == 'xgboost')                      │
│                                    (xgboost.max_depth | xgboost.booster in   │
│                                {'dart', 'gbtree'} && xgboost.max_depth |     │
│                                learner_id == 'xgboost')                      │
│                                    (xgboost.min_child_weight |               │
│                                xgboost.booster in {'dart', 'gbtree'} &&      │
│                                xgboost.min_child_weight | learner_id ==      │
│                                'xgboost')                                    │
│                                    (xgboost.rate_drop | xgboost.booster ==   │
│                                'dart' && xgboost.rate_drop | learner_id ==   │
│                                'xgboost')                                    │
│                                    (xgboost.skip_drop | xgboost.booster ==   │
│                                'dart' && xgboost.skip_drop | learner_id ==   │
│                                'xgboost')                                    │
│                                    aknn.M | learner_id == 'aknn'             │
│                                    aknn.distance | learner_id == 'aknn'      │
│                                    aknn.ef | learner_id == 'aknn'            │
│                                    aknn.ef_construction | learner_id ==      │
│                                'aknn'                                        │
│                                    aknn.k | learner_id == 'aknn'             │
│                                    glmnet.alpha | learner_id == 'glmnet'     │
│                                    glmnet.s | learner_id == 'glmnet'         │
│                                    ranger.min.node.size | learner_id ==      │
│                                'ranger'                                      │
│                                    ranger.mtry.power | learner_id ==         │
│                                'ranger'                                      │
│                                    ranger.num.trees | learner_id == 'ranger' │
│                                    ranger.respect.unordered.factors |        │
│                                learner_id == 'ranger'                        │
│                                    ranger.sample.fraction | learner_id ==    │
│                                'ranger'                                      │
│                                    ranger.splitrule | learner_id == 'ranger' │
│                                    rpart.cp | learner_id == 'rpart'          │
│                                    rpart.maxdepth | learner_id == 'rpart'    │
│                                    rpart.minbucket | learner_id == 'rpart'   │
│                                    rpart.minsplit | learner_id == 'rpart'    │
│                                    svm.cost | learner_id == 'svm'            │
│                                    svm.kernel | learner_id == 'svm'          │
│                                    svm.tolerance | learner_id == 'svm'       │
│                                    xgboost.alpha | learner_id == 'xgboost'   │
│                                    xgboost.booster | learner_id == 'xgboost' │
│                                    xgboost.lambda | learner_id == 'xgboost'  │
│                                    xgboost.nrounds | learner_id == 'xgboost' │
│                                    xgboost.subsample | learner_id ==         │
│                                'xgboost'                                     │
│                                                                              │
│                          eta = 0.5                                           │
│           expects_fidelities = False                                         │
│  expects_multiple_objectives = False                                         │
│             extractor_kwargs = {}                                            │
│               extractor_name = 'chen_variance'                               │
│             fidelity_enabled = False                                         │
│                      history = []                                            │
│                        kappa = 1.96                                          │
│                      loggers = [<carps.loggers.file_logger.FileLogger object │
│                                at 0x1519f3064980>,                           │
│                                <carps.loggers.database_logger.DatabaseLogger │
│                                object at 0x1519f30641a0>]                    │
│            max_features_base = 0.5                                           │
│             max_features_max = 0.8                                           │
│             max_features_min = 0.1                                           │
│        min_samples_leaf_base = 2                                             │
│         min_samples_leaf_max = 15                                            │
│         min_samples_leaf_min = 1                                             │
│                       n_init = 10                                            │
│                    rf_kwargs = {}                                            │
│                       solver = None                                          │
│                    surrogate = None                                          │
│                         task = Task(                                         │
│                                    name='yahpo/so/rbv2_super/1063/None',     │
│                                    objective_function=<carps.objective_func… │
│                                object at 0x1519f3064d70>,                    │
│                                    input_space=InputSpace(                   │
│                                        configuration_space=Configuration     │
│                                space object:                                 │
│                                  Hyperparameters:                            │
│                                    aknn.M, Type: UniformInteger, Range: [18, │
│                                50], Default: 34                              │
│                                    aknn.distance, Type: Categorical,         │
│                                Choices: {l2, cosine, ip}, Default: l2        │
│                                    aknn.ef, Type: UniformInteger, Range: [8, │
│                                256], Default: 48, on log-scale               │
│                                    aknn.ef_construction, Type:               │
│                                UniformInteger, Range: [8, 512], Default: 96, │
│                                on log-scale                                  │
│                                    aknn.k, Type: UniformInteger, Range: [1,  │
│                                50], Default: 26                              │
│                                    glmnet.alpha, Type: UniformFloat, Range:  │
│                                [0.0, 1.0], Default: 1.0                      │
│                                    glmnet.s, Type: UniformFloat, Range:      │
│                                [0.0009118819656, 1096.6331584284585],        │
│                                Default: 1.0, on log-scale                    │
│                                    learner_id, Type: Categorical, Choices:   │
│                                {aknn, glmnet, ranger, rpart, svm, xgboost},  │
│                                Default: aknn                                 │
│                                    num.impute.selected.cpo, Type:            │
│                                Categorical, Choices: {impute.mean,           │
│                                impute.median, impute.hist}, Default:         │
│                                impute.mean                                   │
│                                    ranger.min.node.size, Type:               │
│                                UniformInteger, Range: [1, 100], Default: 50  │
│                                    ranger.mtry.power, Type: UniformFloat,    │
│                                Range: [0.0, 1.0], Default: 0.0               │
│                                    ranger.num.random.splits, Type:           │
│                                UniformInteger, Range: [1, 100], Default: 1   │
│                                    ranger.num.trees, Type: UniformInteger,   │
│                                Range: [1, 2000], Default: 1000               │
│                                    ranger.respect.unordered.factors, Type:   │
│                                Categorical, Choices: {ignore, order,         │
│                                partition}, Default: ignore                   │
│                                    ranger.sample.fraction, Type:             │
│                                UniformFloat, Range: [0.1, 1.0], Default:     │
│                                0.55                                          │
│                                    ranger.splitrule, Type: Categorical,      │
│                                Choices: {gini, extratrees}, Default: gini    │
│                                    rpart.cp, Type: UniformFloat, Range:      │
│                                [0.0009118819656, 1.0], Default: 0.01, on     │
│                                log-scale                                     │
│                                    rpart.maxdepth, Type: UniformInteger,     │
│                                Range: [1, 30], Default: 30                   │
│                                    rpart.minbucket, Type: UniformInteger,    │
│                                Range: [1, 100], Default: 1                   │
│                                    rpart.minsplit, Type: UniformInteger,     │
│                                Range: [1, 100], Default: 20                  │
│                                    svm.cost, Type: UniformFloat, Range:      │
│                                [4.53999298e-05, 22026.465794806718],         │
│                                Default: 1.0, on log-scale                    │
│                                    svm.degree, Type: UniformInteger, Range:  │
│                                [2, 5], Default: 4                            │
│                                    svm.gamma, Type: UniformFloat, Range:     │
│                                [4.53999298e-05, 22026.465794806718],         │
│                                Default: 1.0, on log-scale                    │
│                                    svm.kernel, Type: Categorical, Choices:   │
│                                {linear, polynomial, radial}, Default: linear │
│                                    svm.tolerance, Type: UniformFloat, Range: │
│                                [4.53999298e-05, 2.0], Default: 0.009528896,  │
│                                on log-scale                                  │
│                                    task_id, Type: Constant, Value: 1063      │
│                                    xgboost.alpha, Type: UniformFloat, Range: │
│                                [0.0009118819656, 1096.6331584284585],        │
│                                Default: 1.0, on log-scale                    │
│                                    xgboost.booster, Type: Categorical,       │
│                                Choices: {gblinear, gbtree, dart}, Default:   │
│                                gblinear                                      │
│                                    xgboost.colsample_bylevel, Type:          │
│                                UniformFloat, Range: [0.01, 1.0], Default:    │
│                                0.505                                         │
│                                    xgboost.colsample_bytree, Type:           │
│                                UniformFloat, Range: [0.01, 1.0], Default:    │
│                                0.505                                         │
│                                    xgboost.eta, Type: UniformFloat, Range:   │
│                                [0.0009118819656, 1.0], Default:              │
│                                0.0301973834, on log-scale                    │
│                                    xgboost.gamma, Type: UniformFloat, Range: │
│                                [4.53999298e-05, 7.3890560989306], Default:   │
│                                0.0183156389, on log-scale                    │
│                                    xgboost.lambda, Type: UniformFloat,       │
│                                Range: [0.0009118819656, 1096.6331584284585], │
│                                Default: 1.0, on log-scale                    │
│                                    xgboost.max_depth, Type: UniformInteger,  │
│                                Range: [1, 15], Default: 8                    │
│                                    xgboost.min_child_weight, Type:           │
│                                UniformFloat, Range: [2.718281828459,         │
│                                148.4131591025766], Default: 20.0855369232,   │
│                                on log-scale                                  │
│                                    xgboost.nrounds, Type: UniformInteger,    │
│                                Range: [7, 2981], Default: 144, on log-scale  │
│                                    xgboost.rate_drop, Type: UniformFloat,    │
│                                Range: [0.0, 1.0], Default: 0.5               │
│                                    xgboost.skip_drop, Type: UniformFloat,    │
│                                Range: [0.0, 1.0], Default: 0.5               │
│                                    xgboost.subsample, Type: UniformFloat,    │
│                                Range: [0.1, 1.0], Default: 0.55              │
│                                  Conditions:                                 │
│                                    (ranger.num.random.splits |               │
│                                ranger.splitrule == 'extratrees' &&           │
│                                ranger.num.random.splits | learner_id ==      │
│                                'ranger')                                     │
│                                    (svm.degree | svm.kernel == 'polynomial'  │
│                                && svm.degree | learner_id == 'svm')          │
│                                    (svm.gamma | svm.kernel == 'radial' &&    │
│                                svm.gamma | learner_id == 'svm')              │
│                                    (xgboost.colsample_bylevel |              │
│                                xgboost.booster in {'dart', 'gbtree'} &&      │
│                                xgboost.colsample_bylevel | learner_id ==     │
│                                'xgboost')                                    │
│                                    (xgboost.colsample_bytree |               │
│                                xgboost.booster in {'dart', 'gbtree'} &&      │
│                                xgboost.colsample_bytree | learner_id ==      │
│                                'xgboost')                                    │
│                                    (xgboost.eta | xgboost.booster in         │
│                                {'dart', 'gbtree'} && xgboost.eta |           │
│                                learner_id == 'xgboost')                      │
│                                    (xgboost.gamma | xgboost.booster in       │
│                                {'dart', 'gbtree'} && xgboost.gamma |         │
│                                learner_id == 'xgboost')                      │
│                                    (xgboost.max_depth | xgboost.booster in   │
│                                {'dart', 'gbtree'} && xgboost.max_depth |     │
│                                learner_id == 'xgboost')                      │
│                                    (xgboost.min_child_weight |               │
│                                xgboost.booster in {'dart', 'gbtree'} &&      │
│                                xgboost.min_child_weight | learner_id ==      │
│                                'xgboost')                                    │
│                                    (xgboost.rate_drop | xgboost.booster ==   │
│                                'dart' && xgboost.rate_drop | learner_id ==   │
│                                'xgboost')                                    │
│                                    (xgboost.skip_drop | xgboost.booster ==   │
│                                'dart' && xgboost.skip_drop | learner_id ==   │
│                                'xgboost')                                    │
│                                    aknn.M | learner_id == 'aknn'             │
│                                    aknn.distance | learner_id == 'aknn'      │
│                                    aknn.ef | learner_id == 'aknn'            │
│                                    aknn.ef_construction | learner_id ==      │
│                                'aknn'                                        │
│                                    aknn.k | learner_id == 'aknn'             │
│                                    glmnet.alpha | learner_id == 'glmnet'     │
│                                    glmnet.s | learner_id == 'glmnet'         │
│                                    ranger.min.node.size | learner_id ==      │
│                                'ranger'                                      │
│                                    ranger.mtry.power | learner_id ==         │
│                                'ranger'                                      │
│                                    ranger.num.trees | learner_id == 'ranger' │
│                                    ranger.respect.unordered.factors |        │
│                                learner_id == 'ranger'                        │
│                                    ranger.sample.fraction | learner_id ==    │
│                                'ranger'                                      │
│                                    ranger.splitrule | learner_id == 'ranger' │
│                                    rpart.cp | learner_id == 'rpart'          │
│                                    rpart.maxdepth | learner_id == 'rpart'    │
│                                    rpart.minbucket | learner_id == 'rpart'   │
│                                    rpart.minsplit | learner_id == 'rpart'    │
│                                    svm.cost | learner_id == 'svm'            │
│                                    svm.kernel | learner_id == 'svm'          │
│                                    svm.tolerance | learner_id == 'svm'       │
│                                    xgboost.alpha | learner_id == 'xgboost'   │
│                                    xgboost.booster | learner_id == 'xgboost' │
│                                    xgboost.lambda | learner_id == 'xgboost'  │
│                                    xgboost.nrounds | learner_id == 'xgboost' │
│                                    xgboost.subsample | learner_id ==         │
│                                'xgboost'                                     │
│                                ,                                             │
│                                        fidelity_space=FidelitySpace(         │
│                                            is_multifidelity=False,           │
│                                            fidelity_type=None,               │
│                                            min_fidelity=None,                │
│                                            max_fidelity=None                 │
│                                        ),                                    │
│                                        instance_space=None                   │
│                                    ),                                        │
│                                    output_space=OutputSpace(                 │
│                                        n_objectives=1,                       │
│                                        objectives=['acc']                    │
│                                    ),                                        │
│                                    optimization_resources=OptimizationResou… │
│                                        n_trials=50,                          │
│                                        time_budget=None,                     │
│                                        n_workers=1                           │
│                                    ),                                        │
│                                    metadata=TaskMetadata(                    │
│                                        has_constraints=False,                │
│                                        domain='ML',                          │
│                                        objective_function_approximation='su… │
│                                        has_virtual_time=False,               │
│                                        deterministic=False,                  │
│                                        dimensions=38,                        │
│                                        search_space_n_categoricals=7,        │
│                                        search_space_n_ordinals=0,            │
│                                        search_space_n_integers=13,           │
│                                        search_space_n_floats=18,             │
│                                        search_space_has_conditionals=True,   │
│                                        search_space_has_forbiddens=False,    │
│                                        search_space_has_priors=False         │
│                                    ),                                        │
│                                    seed=4                                    │
│                                )                                             │
│               telemetry_path = 'results/telemetry_chen_variance_cfg_rbv2_su… │
│            telemetry_records = []                                            │
│                  time_budget = None                                          │
│                trial_counter = 0                                             │
│ virtual_time_elapsed_seconds = 0.0                                           │
│                  window_size = 5                                             │
╰──────────────────────────────────────────────────────────────────────────────╯
[[36m2026-07-19 20:43:17,120[0m][[34mFileLogger[0m][[32mINFO[0m] - n_trials: 1, n_function_calls: 1, config: [np.str_('ranger'), np.str_('impute.hist'), '1063', 72, 0.6866670799163, 265, np.str_('partition'), 0.952366626178, np.str_('extratrees'), 77], cost: -0.8326708078384399[0m
[[36m2026-07-19 20:43:17,157[0m][[34mFileLogger[0m][[32mINFO[0m] - n_trials: 2, n_function_calls: 2, config: [np.str_('xgboost'), np.str_('impute.median'), '1063', 0.0039391645859, np.str_('gbtree'), 0.102337165715, 27, 0.5008213400746, 0.5099504023658, 0.975230159391, 0.0018260412294, 0.000471936498, 1, 120.5700873116912], cost: -0.6795607209205627[0m
[[36m2026-07-19 20:43:17,179[0m][[34mFileLogger[0m][[32mINFO[0m] - n_trials: 3, n_function_calls: 3, config: [np.str_('rpart'), np.str_('impute.median'), '1063', 0.0200448431104, 16, 70, 70], cost: -0.8517376780509949[0m
[[36m2026-07-19 20:43:17,212[0m][[34mFileLogger[0m][[32mINFO[0m] - n_trials: 4, n_function_calls: 4, config: [np.str_('xgboost'), np.str_('impute.median'), '1063', 356.061333567508, np.str_('dart'), 37.1067125665955, 146, 0.3910386484724, 0.1736084382008, 0.3847248925687, 0.015601943686, 4.3112003202993, 14, 3.417026970457, 0.1306723227896, 0.7616099708356], cost: -0.703171968460083[0m
[[36m2026-07-19 20:43:17,238[0m][[34mFileLogger[0m][[32mINFO[0m] - n_trials: 5, n_function_calls: 5, config: [np.str_('rpart'), np.str_('impute.hist'), '1063', 0.1503899967612, 27, 70, 43], cost: -0.8376327753067017[0m
[[36m2026-07-19 20:43:17,260[0m][[34mFileLogger[0m][[32mINFO[0m] - n_trials: 6, n_function_calls: 6, config: [np.str_('rpart'), np.str_('impute.mean'), '1063', 0.0027044542195, 9, 75, 90], cost: -0.8530871272087097[0m
[[36m2026-07-19 20:43:17,293[0m][[34mFileLogger[0m][[32mINFO[0m] - n_trials: 7, n_function_calls: 7, config: [np.str_('rpart'), np.str_('impute.hist'), '1063', 0.0009520242803, 8, 4, 69], cost: -0.8707709908485413[0m
[[36m2026-07-19 20:43:17,330[0m][[34mFileLogger[0m][[32mINFO[0m] - n_trials: 8, n_function_calls: 8, config: [np.str_('rpart'), np.str_('impute.mean'), '1063', 0.3642355401422, 2, 37, 65], cost: -0.7259706258773804[0m
[[36m2026-07-19 20:43:17,351[0m][[34mFileLogger[0m][[32mINFO[0m] - n_trials: 9, n_function_calls: 9, config: [np.str_('ranger'), np.str_('impute.median'), '1063', 96, 0.9617568568668, 582, np.str_('order'), 0.7153913281727, np.str_('gini')], cost: -0.8362104296684265[0m
[[36m2026-07-19 20:43:17,372[0m][[34mFileLogger[0m][[32mINFO[0m] - n_trials: 10, n_function_calls: 10, config: [np.str_('rpart'), np.str_('impute.median'), '1063', 0.0999868720228, 5, 88, 39], cost: -0.8297963738441467[0m
[[36m2026-07-19 20:43:20,183[0m][[34mFileLogger[0m][[32mINFO[0m] - n_trials: 11, n_function_calls: 11, config: [np.str_('rpart'), np.str_('impute.mean'), '1063', 0.006716234446, 11, 17, 68], cost: -0.8637721538543701[0m
[[36m2026-07-19 20:43:23,053[0m][[34mFileLogger[0m][[32mINFO[0m] - n_trials: 12, n_function_calls: 12, config: [np.str_('rpart'), np.str_('impute.hist'), '1063', 0.0019607632128, 3, 14, 73], cost: -0.8556292653083801[0m
[[36m2026-07-19 20:43:25,838[0m][[34mFileLogger[0m][[32mINFO[0m] - n_trials: 13, n_function_calls: 13, config: [np.str_('rpart'), np.str_('impute.hist'), '1063', 0.0042555051929, 1, 17, 98], cost: -0.83484947681427[0m
[[36m2026-07-19 20:43:28,607[0m][[34mFileLogger[0m][[32mINFO[0m] - n_trials: 14, n_function_calls: 14, config: [np.str_('rpart'), np.str_('impute.hist'), '1063', 0.0049380435581, 2, 16, 80], cost: -0.8490791916847229[0m
[[36m2026-07-19 20:43:31,397[0m][[34mFileLogger[0m][[32mINFO[0m] - n_trials: 15, n_function_calls: 15, config: [np.str_('rpart'), np.str_('impute.mean'), '1063', 0.0028799967102, 3, 2, 74], cost: -0.8767874240875244[0m
[[36m2026-07-19 20:43:34,239[0m][[34mFileLogger[0m][[32mINFO[0m] - n_trials: 16, n_function_calls: 16, config: [np.str_('rpart'), np.str_('impute.mean'), '1063', 0.0009280037146, 8, 7, 60], cost: -0.8700803518295288[0m
[[36m2026-07-19 20:43:37,016[0m][[34mFileLogger[0m][[32mINFO[0m] - n_trials: 17, n_function_calls: 17, config: [np.str_('rpart'), np.str_('impute.mean'), '1063', 0.0028149863672, 26, 4, 63], cost: -0.8802241086959839[0m
[[36m2026-07-19 20:43:39,777[0m][[34mFileLogger[0m][[32mINFO[0m] - n_trials: 18, n_function_calls: 18, config: [np.str_('rpart'), np.str_('impute.mean'), '1063', 0.0011398464228, 3, 7, 15], cost: -0.8674903512001038[0m
[[36m2026-07-19 20:43:42,558[0m][[34mFileLogger[0m][[32mINFO[0m] - n_trials: 19, n_function_calls: 19, config: [np.str_('rpart'), np.str_('impute.mean'), '1063', 0.1503504799537, 20, 1, 61], cost: -0.8642105460166931[0m
[[36m2026-07-19 20:43:45,328[0m][[34mFileLogger[0m][[32mINFO[0m] - n_trials: 20, n_function_calls: 20, config: [np.str_('rpart'), np.str_('impute.mean'), '1063', 0.0014321740304, 25, 10, 30], cost: -0.8664717078208923[0m
[[36m2026-07-19 20:43:48,166[0m][[34mFileLogger[0m][[32mINFO[0m] - n_trials: 21, n_function_calls: 21, config: [np.str_('rpart'), np.str_('impute.mean'), '1063', 0.0023540200898, 2, 6, 68], cost: -0.8590141534805298[0m
[[36m2026-07-19 20:43:50,965[0m][[34mFileLogger[0m][[32mINFO[0m] - n_trials: 22, n_function_calls: 22, config: [np.str_('rpart'), np.str_('impute.median'), '1063', 0.0013928789905, 9, 2, 1], cost: -0.8768961429595947[0m
[[36m2026-07-19 20:43:53,842[0m][[34mFileLogger[0m][[32mINFO[0m] - n_trials: 23, n_function_calls: 23, config: [np.str_('rpart'), np.str_('impute.mean'), '1063', 0.3576768041211, 18, 1, 66], cost: -0.7887449264526367[0m
[[36m2026-07-19 20:43:56,640[0m][[34mFileLogger[0m][[32mINFO[0m] - n_trials: 24, n_function_calls: 24, config: [np.str_('rpart'), np.str_('impute.mean'), '1063', 0.0024293769403, 2, 2, 1], cost: -0.8766770362854004[0m
[[36m2026-07-19 20:43:59,430[0m][[34mFileLogger[0m][[32mINFO[0m] - n_trials: 25, n_function_calls: 25, config: [np.str_('rpart'), np.str_('impute.mean'), '1063', 0.001112664909, 10, 1, 98], cost: -0.8831468820571899[0m
[[36m2026-07-19 20:44:02,233[0m][[34mFileLogger[0m][[32mINFO[0m] - n_trials: 26, n_function_calls: 26, config: [np.str_('rpart'), np.str_('impute.mean'), '1063', 0.0545892301804, 16, 3, 32], cost: -0.8652825951576233[0m
[[36m2026-07-19 20:44:05,015[0m][[34mFileLogger[0m][[32mINFO[0m] - n_trials: 27, n_function_calls: 27, config: [np.str_('rpart'), np.str_('impute.mean'), '1063', 0.0076523471974, 25, 1, 58], cost: -0.8923359513282776[0m
[[36m2026-07-19 20:44:07,868[0m][[34mFileLogger[0m][[32mINFO[0m] - n_trials: 28, n_function_calls: 28, config: [np.str_('rpart'), np.str_('impute.mean'), '1063', 0.1562737003579, 26, 2, 99], cost: -0.8547011613845825[0m
[[36m2026-07-19 20:44:10,594[0m][[34mFileLogger[0m][[32mINFO[0m] - n_trials: 29, n_function_calls: 29, config: [np.str_('rpart'), np.str_('impute.mean'), '1063', 0.0048844297023, 1, 3, 38], cost: -0.8485497832298279[0m
[[36m2026-07-19 20:44:13,326[0m][[34mFileLogger[0m][[32mINFO[0m] - n_trials: 30, n_function_calls: 30, config: [np.str_('rpart'), np.str_('impute.mean'), '1063', 0.002095467108, 23, 32, 59], cost: -0.8591828942298889[0m
[[36m2026-07-19 20:44:16,136[0m][[34mFileLogger[0m][[32mINFO[0m] - n_trials: 31, n_function_calls: 31, config: [np.str_('rpart'), np.str_('impute.mean'), '1063', 0.0162522591491, 2, 2, 66], cost: -0.8678428530693054[0m
[[36m2026-07-19 20:44:18,942[0m][[34mFileLogger[0m][[32mINFO[0m] - n_trials: 32, n_function_calls: 32, config: [np.str_('rpart'), np.str_('impute.mean'), '1063', 0.0015209731478, 15, 1, 17], cost: -0.8938605189323425[0m
[[36m2026-07-19 20:44:21,766[0m][[34mFileLogger[0m][[32mINFO[0m] - n_trials: 33, n_function_calls: 33, config: [np.str_('xgboost'), np.str_('impute.mean'), '1063', 76.9819279157106, np.str_('gblinear'), 0.1591079094578, 2454, 0.7669771801008], cost: -0.8644067049026489[0m
[[36m2026-07-19 20:44:24,583[0m][[34mFileLogger[0m][[32mINFO[0m] - n_trials: 34, n_function_calls: 34, config: [np.str_('rpart'), np.str_('impute.mean'), '1063', 0.2829983453556, 29, 8, 8], cost: -0.8066582679748535[0m
[[36m2026-07-19 20:44:27,391[0m][[34mFileLogger[0m][[32mINFO[0m] - n_trials: 35, n_function_calls: 35, config: [np.str_('xgboost'), np.str_('impute.mean'), '1063', 0.0025160046562, np.str_('gblinear'), 0.1836036526718, 729, 0.3512304467941], cost: -0.861537754535675[0m
[[36m2026-07-19 20:44:30,165[0m][[34mFileLogger[0m][[32mINFO[0m] - n_trials: 36, n_function_calls: 36, config: [np.str_('xgboost'), np.str_('impute.mean'), '1063', 5.9430625262981, np.str_('gblinear'), 0.0065197003237, 298, 0.4202830600094], cost: -0.8526788353919983[0m
[[36m2026-07-19 20:44:32,985[0m][[34mFileLogger[0m][[32mINFO[0m] - n_trials: 37, n_function_calls: 37, config: [np.str_('xgboost'), np.str_('impute.mean'), '1063', 0.0010301476538, np.str_('gbtree'), 0.0010054796926, 383, 0.1272521897553, 0.3537301432247, 0.3460421945679, 0.1477080111258, 0.0116463532734, 9, 27.5647210517195], cost: -0.6599518656730652[0m
[[36m2026-07-19 20:44:35,815[0m][[34mFileLogger[0m][[32mINFO[0m] - n_trials: 38, n_function_calls: 38, config: [np.str_('xgboost'), np.str_('impute.mean'), '1063', 0.009240249871, np.str_('gblinear'), 22.9407511350261, 1013, 0.7882932590556], cost: -0.863174319267273[0m
[[36m2026-07-19 20:44:38,642[0m][[34mFileLogger[0m][[32mINFO[0m] - n_trials: 39, n_function_calls: 39, config: [np.str_('xgboost'), np.str_('impute.mean'), '1063', 46.0413200289719, np.str_('gblinear'), 536.7822067640199, 690, 0.9941246182396], cost: -0.8628533482551575[0m
[[36m2026-07-19 20:44:41,435[0m][[34mFileLogger[0m][[32mINFO[0m] - n_trials: 40, n_function_calls: 40, config: [np.str_('xgboost'), np.str_('impute.mean'), '1063', 1.0428071988907, np.str_('gblinear'), 0.00550578201, 1079, 0.8978315028846], cost: -0.8628171682357788[0m
[[36m2026-07-19 20:44:44,237[0m][[34mFileLogger[0m][[32mINFO[0m] - n_trials: 41, n_function_calls: 41, config: [np.str_('rpart'), np.str_('impute.median'), '1063', 0.5668460468401, 15, 1, 22], cost: -0.7296381592750549[0m
[[36m2026-07-19 20:44:47,039[0m][[34mFileLogger[0m][[32mINFO[0m] - n_trials: 42, n_function_calls: 42, config: [np.str_('rpart'), np.str_('impute.median'), '1063', 0.0268688372884, 18, 1, 50], cost: -0.8779739141464233[0m
[[36m2026-07-19 20:44:49,872[0m][[34mFileLogger[0m][[32mINFO[0m] - n_trials: 43, n_function_calls: 43, config: [np.str_('rpart'), np.str_('impute.median'), '1063', 0.0017108264137, 13, 18, 21], cost: -0.8495213985443115[0m
[[36m2026-07-19 20:44:52,711[0m][[34mFileLogger[0m][[32mINFO[0m] - n_trials: 44, n_function_calls: 44, config: [np.str_('rpart'), np.str_('impute.mean'), '1063', 0.0214591531079, 26, 2, 2], cost: -0.8834434151649475[0m
[[36m2026-07-19 20:44:55,536[0m][[34mFileLogger[0m][[32mINFO[0m] - n_trials: 45, n_function_calls: 45, config: [np.str_('rpart'), np.str_('impute.hist'), '1063', 0.0063311552245, 25, 2, 11], cost: -0.87764573097229[0m
[[36m2026-07-19 20:44:58,359[0m][[34mFileLogger[0m][[32mINFO[0m] - n_trials: 46, n_function_calls: 46, config: [np.str_('rpart'), np.str_('impute.hist'), '1063', 0.0532386730648, 8, 1, 15], cost: -0.875741183757782[0m
[[36m2026-07-19 20:45:01,132[0m][[34mFileLogger[0m][[32mINFO[0m] - n_trials: 47, n_function_calls: 47, config: [np.str_('rpart'), np.str_('impute.median'), '1063', 0.0009990147635, 29, 2, 9], cost: -0.8738057017326355[0m
[[36m2026-07-19 20:45:03,965[0m][[34mFileLogger[0m][[32mINFO[0m] - n_trials: 48, n_function_calls: 48, config: [np.str_('rpart'), np.str_('impute.hist'), '1063', 0.0044760438091, 28, 1, 51], cost: -0.8881622552871704[0m
[[36m2026-07-19 20:45:06,756[0m][[34mFileLogger[0m][[32mINFO[0m] - n_trials: 49, n_function_calls: 49, config: [np.str_('rpart'), np.str_('impute.mean'), '1063', 0.2020680451427, 18, 4, 14], cost: -0.8402281403541565[0m
[[36m2026-07-19 20:45:09,671[0m][[34mFileLogger[0m][[32mINFO[0m] - n_trials: 50, n_function_calls: 50, config: [np.str_('rpart'), np.str_('impute.hist'), '1063', 0.1505986140178, 29, 1, 21], cost: -0.8544908761978149[0m
Solution found: 
(
    TrialInfo(
        config=Configuration(values={
  'learner_id': np.str_('rpart'),
  'num.impute.selected.cpo': np.str_('impute.mean'),
  'task_id': '1063',
  'rpart.cp': 0.0015209731478,
  'rpart.maxdepth': 15,
  'rpart.minbucket': 1,
  'rpart.minsplit': 17,
}),
        instance=None,
        seed=None,
        budget=None,
        normalized_budget=None,
        name=None,
        checkpoint=None,
        additional_info={}
    ),
    TrialValue(
        cost=np.float32(-0.8938605),
        time=0.0010826587677001953,
        virtual_time=0.0,
        status=<StatusType.SUCCESS: 1>,
        starttime=1784486658.9377306,
        endtime=1784486658.9388132,
        additional_info={}
    )
)
==================================================
BENCHMARK SWEEP STEP COMPLETED SUCCESSFULLY!
==================================================
==================================================
Array Task Index 604 Finished
==================================================
