==================================================
Array Job ID: 7558695 | Task Index: 634
Running arguments: +optimizer=dyrf_epistemic_hpobench optimizer.extractor_name=standard_disagreement +task/YAHPO/SO=cfg_rbv2_super_1457 task.optimization_resources.n_trials=50 seed=4 optimizer.telemetry_path=results/telemetry_standard_disagreement_cfg_rbv2_super_1457_seed4.json optimizer_id=CARPSDynamicRF optimizer_container_id=CARPSDynamicRF
==================================================
==================================================
Running CARP-S HPOBench Dynamic BO Benchmark Sweep
Using python: python3
==================================================
[[36m2026-07-19 21:20:19,449[0m][[34m/bigwork/nhwpseis/.conda/envs/dyrf/lib/python3.13/site-packages/carps/run.py[0m][[32mINFO[0m] - Runcommand: `python -m carps.run +optimizer=dyrf_epistemic_hpobench optimizer.extractor_name=standard_disagreement +task/YAHPO/SO=cfg_rbv2_super_1457 task.optimization_resources.n_trials=50 seed=4 optimizer.telemetry_path=results/telemetry_standard_disagreement_cfg_rbv2_super_1457_seed4.json optimizer_id=CARPSDynamicRF optimizer_container_id=CARPSDynamicRF`[0m
{
    'seed': 4,
    'task': {
        '_target_': 'carps.utils.task.Task',
        'name': 'yahpo/so/rbv2_super/1457/None',
        'seed': 4,
        'objective_function': {
            '_target_': 
'carps.objective_functions.yahpo.YahpoObjectiveFunction',
            'bench': 'rbv2_super',
            'instance': '1457',
            'budget_type': None,
            'metric': ['acc'],
            'seed': 4
        },
        'input_space': {
            '_target_': 'carps.utils.task.InputSpace',
            'configuration_space': {
                '_target_': 
'ConfigSpace.configuration_space.ConfigurationSpace.from_serialized_dict',
                '_convert_': 'object',
                'd': {
                    'name': None,
                    'hyperparameters': [
                        {
                            'type': 'categorical',
                            'name': 'learner_id',
                            'choices': [
                                'aknn',
                                'glmnet',
                                'ranger',
                                'rpart',
                                'svm',
                                'xgboost'
                            ],
                            'weights': None,
                            'default_value': 'aknn',
                            'meta': None
                        },
                        {
                            'type': 'categorical',
                            'name': 'num.impute.selected.cpo',
                            'choices': [
                                'impute.mean',
                                'impute.median',
                                'impute.hist'
                            ],
                            'weights': None,
                            'default_value': 'impute.mean',
                            'meta': None
                        },
                        {
                            'type': 'constant',
                            'name': 'task_id',
                            'value': '1457',
                            'meta': None
                        },
                        {
                            'type': 'uniform_int',
                            'name': 'aknn.M',
                            'lower': 18,
                            'upper': 50,
                            'default_value': 34,
                            'log': False,
                            'meta': None
                        },
                        {
                            'type': 'categorical',
                            'name': 'aknn.distance',
                            'choices': ['l2', 'cosine', 'ip'],
                            'weights': None,
                            'default_value': 'l2',
                            'meta': None
                        },
                        {
                            'type': 'uniform_int',
                            'name': 'aknn.ef',
                            'lower': 8,
                            'upper': 256,
                            'default_value': 48,
                            'log': True,
                            'meta': None
                        },
                        {
                            'type': 'uniform_int',
                            'name': 'aknn.ef_construction',
                            'lower': 8,
                            'upper': 512,
                            'default_value': 96,
                            'log': True,
                            'meta': None
                        },
                        {
                            'type': 'uniform_int',
                            'name': 'aknn.k',
                            'lower': 1,
                            'upper': 50,
                            'default_value': 26,
                            'log': False,
                            'meta': None
                        },
                        {
                            'type': 'uniform_float',
                            'name': 'glmnet.alpha',
                            'lower': 0.0,
                            'upper': 1.0,
                            'default_value': 1.0,
                            'log': False,
                            'meta': None
                        },
                        {
                            'type': 'uniform_float',
                            'name': 'glmnet.s',
                            'lower': 0.0009118819656,
                            'upper': 1096.6331584284585,
                            'default_value': 1.0,
                            'log': True,
                            'meta': None
                        },
                        {
                            'type': 'uniform_int',
                            'name': 'ranger.min.node.size',
                            'lower': 1,
                            'upper': 100,
                            'default_value': 50,
                            'log': False,
                            'meta': None
                        },
                        {
                            'type': 'uniform_float',
                            'name': 'ranger.mtry.power',
                            'lower': 0.0,
                            'upper': 1.0,
                            'default_value': 0.0,
                            'log': False,
                            'meta': None
                        },
                        {
                            'type': 'uniform_int',
                            'name': 'ranger.num.trees',
                            'lower': 1,
                            'upper': 2000,
                            'default_value': 1000,
                            'log': False,
                            'meta': None
                        },
                        {
                            'type': 'categorical',
                            'name': 'ranger.respect.unordered.factors',
                            'choices': ['ignore', 'order', 'partition'],
                            'weights': None,
                            'default_value': 'ignore',
                            'meta': None
                        },
                        {
                            'type': 'uniform_float',
                            'name': 'ranger.sample.fraction',
                            'lower': 0.1,
                            'upper': 1.0,
                            'default_value': 0.55,
                            'log': False,
                            'meta': None
                        },
                        {
                            'type': 'categorical',
                            'name': 'ranger.splitrule',
                            'choices': ['gini', 'extratrees'],
                            'weights': None,
                            'default_value': 'gini',
                            'meta': None
                        },
                        {
                            'type': 'uniform_float',
                            'name': 'rpart.cp',
                            'lower': 0.0009118819656,
                            'upper': 1.0,
                            'default_value': 0.01,
                            'log': True,
                            'meta': None
                        },
                        {
                            'type': 'uniform_int',
                            'name': 'rpart.maxdepth',
                            'lower': 1,
                            'upper': 30,
                            'default_value': 30,
                            'log': False,
                            'meta': None
                        },
                        {
                            'type': 'uniform_int',
                            'name': 'rpart.minbucket',
                            'lower': 1,
                            'upper': 100,
                            'default_value': 1,
                            'log': False,
                            'meta': None
                        },
                        {
                            'type': 'uniform_int',
                            'name': 'rpart.minsplit',
                            'lower': 1,
                            'upper': 100,
                            'default_value': 20,
                            'log': False,
                            'meta': None
                        },
                        {
                            'type': 'uniform_float',
                            'name': 'svm.cost',
                            'lower': 4.53999298e-05,
                            'upper': 22026.465794806718,
                            'default_value': 1.0,
                            'log': True,
                            'meta': None
                        },
                        {
                            'type': 'categorical',
                            'name': 'svm.kernel',
                            'choices': ['linear', 'polynomial', 'radial'],
                            'weights': None,
                            'default_value': 'linear',
                            'meta': None
                        },
                        {
                            'type': 'uniform_float',
                            'name': 'svm.tolerance',
                            'lower': 4.53999298e-05,
                            'upper': 2.0,
                            'default_value': 0.009528896,
                            'log': True,
                            'meta': None
                        },
                        {
                            'type': 'uniform_float',
                            'name': 'xgboost.alpha',
                            'lower': 0.0009118819656,
                            'upper': 1096.6331584284585,
                            'default_value': 1.0,
                            'log': True,
                            'meta': None
                        },
                        {
                            'type': 'categorical',
                            'name': 'xgboost.booster',
                            'choices': ['gblinear', 'gbtree', 'dart'],
                            'weights': None,
                            'default_value': 'gblinear',
                            'meta': None
                        },
                        {
                            'type': 'uniform_float',
                            'name': 'xgboost.lambda',
                            'lower': 0.0009118819656,
                            'upper': 1096.6331584284585,
                            'default_value': 1.0,
                            'log': True,
                            'meta': None
                        },
                        {
                            'type': 'uniform_int',
                            'name': 'xgboost.nrounds',
                            'lower': 7,
                            'upper': 2981,
                            'default_value': 144,
                            'log': True,
                            'meta': None
                        },
                        {
                            'type': 'uniform_float',
                            'name': 'xgboost.subsample',
                            'lower': 0.1,
                            'upper': 1.0,
                            'default_value': 0.55,
                            'log': False,
                            'meta': None
                        },
                        {
                            'type': 'uniform_int',
                            'name': 'ranger.num.random.splits',
                            'lower': 1,
                            'upper': 100,
                            'default_value': 1,
                            'log': False,
                            'meta': None
                        },
                        {
                            'type': 'uniform_int',
                            'name': 'svm.degree',
                            'lower': 2,
                            'upper': 5,
                            'default_value': 4,
                            'log': False,
                            'meta': None
                        },
                        {
                            'type': 'uniform_float',
                            'name': 'svm.gamma',
                            'lower': 4.53999298e-05,
                            'upper': 22026.465794806718,
                            'default_value': 1.0,
                            'log': True,
                            'meta': None
                        },
                        {
                            'type': 'uniform_float',
                            'name': 'xgboost.colsample_bylevel',
                            'lower': 0.01,
                            'upper': 1.0,
                            'default_value': 0.505,
                            'log': False,
                            'meta': None
                        },
                        {
                            'type': 'uniform_float',
                            'name': 'xgboost.colsample_bytree',
                            'lower': 0.01,
                            'upper': 1.0,
                            'default_value': 0.505,
                            'log': False,
                            'meta': None
                        },
                        {
                            'type': 'uniform_float',
                            'name': 'xgboost.eta',
                            'lower': 0.0009118819656,
                            'upper': 1.0,
                            'default_value': 0.0301973834,
                            'log': True,
                            'meta': None
                        },
                        {
                            'type': 'uniform_float',
                            'name': 'xgboost.gamma',
                            'lower': 4.53999298e-05,
                            'upper': 7.3890560989306,
                            'default_value': 0.0183156389,
                            'log': True,
                            'meta': None
                        },
                        {
                            'type': 'uniform_int',
                            'name': 'xgboost.max_depth',
                            'lower': 1,
                            'upper': 15,
                            'default_value': 8,
                            'log': False,
                            'meta': None
                        },
                        {
                            'type': 'uniform_float',
                            'name': 'xgboost.min_child_weight',
                            'lower': 2.718281828459,
                            'upper': 148.4131591025766,
                            'default_value': 20.0855369232,
                            'log': True,
                            'meta': None
                        },
                        {
                            'type': 'uniform_float',
                            'name': 'xgboost.rate_drop',
                            'lower': 0.0,
                            'upper': 1.0,
                            'default_value': 0.5,
                            'log': False,
                            'meta': None
                        },
                        {
                            'type': 'uniform_float',
                            'name': 'xgboost.skip_drop',
                            'lower': 0.0,
                            'upper': 1.0,
                            'default_value': 0.5,
                            'log': False,
                            'meta': None
                        }
                    ],
                    'conditions': [
                        {
                            'type': 'EQ',
                            'child': 'aknn.M',
                            'parent': 'learner_id',
                            'value': 'aknn'
                        },
                        {
                            'type': 'EQ',
                            'child': 'aknn.distance',
                            'parent': 'learner_id',
                            'value': 'aknn'
                        },
                        {
                            'type': 'EQ',
                            'child': 'aknn.ef',
                            'parent': 'learner_id',
                            'value': 'aknn'
                        },
                        {
                            'type': 'EQ',
                            'child': 'aknn.ef_construction',
                            'parent': 'learner_id',
                            'value': 'aknn'
                        },
                        {
                            'type': 'EQ',
                            'child': 'aknn.k',
                            'parent': 'learner_id',
                            'value': 'aknn'
                        },
                        {
                            'type': 'EQ',
                            'child': 'glmnet.alpha',
                            'parent': 'learner_id',
                            'value': 'glmnet'
                        },
                        {
                            'type': 'EQ',
                            'child': 'glmnet.s',
                            'parent': 'learner_id',
                            'value': 'glmnet'
                        },
                        {
                            'type': 'EQ',
                            'child': 'ranger.min.node.size',
                            'parent': 'learner_id',
                            'value': 'ranger'
                        },
                        {
                            'type': 'EQ',
                            'child': 'ranger.mtry.power',
                            'parent': 'learner_id',
                            'value': 'ranger'
                        },
                        {
                            'type': 'EQ',
                            'child': 'ranger.num.trees',
                            'parent': 'learner_id',
                            'value': 'ranger'
                        },
                        {
                            'type': 'EQ',
                            'child': 'ranger.respect.unordered.factors',
                            'parent': 'learner_id',
                            'value': 'ranger'
                        },
                        {
                            'type': 'EQ',
                            'child': 'ranger.sample.fraction',
                            'parent': 'learner_id',
                            'value': 'ranger'
                        },
                        {
                            'type': 'EQ',
                            'child': 'ranger.splitrule',
                            'parent': 'learner_id',
                            'value': 'ranger'
                        },
                        {
                            'type': 'EQ',
                            'child': 'rpart.cp',
                            'parent': 'learner_id',
                            'value': 'rpart'
                        },
                        {
                            'type': 'EQ',
                            'child': 'rpart.maxdepth',
                            'parent': 'learner_id',
                            'value': 'rpart'
                        },
                        {
                            'type': 'EQ',
                            'child': 'rpart.minbucket',
                            'parent': 'learner_id',
                            'value': 'rpart'
                        },
                        {
                            'type': 'EQ',
                            'child': 'rpart.minsplit',
                            'parent': 'learner_id',
                            'value': 'rpart'
                        },
                        {
                            'type': 'EQ',
                            'child': 'svm.cost',
                            'parent': 'learner_id',
                            'value': 'svm'
                        },
                        {
                            'type': 'EQ',
                            'child': 'svm.kernel',
                            'parent': 'learner_id',
                            'value': 'svm'
                        },
                        {
                            'type': 'EQ',
                            'child': 'svm.tolerance',
                            'parent': 'learner_id',
                            'value': 'svm'
                        },
                        {
                            'type': 'EQ',
                            'child': 'xgboost.alpha',
                            'parent': 'learner_id',
                            'value': 'xgboost'
                        },
                        {
                            'type': 'EQ',
                            'child': 'xgboost.booster',
                            'parent': 'learner_id',
                            'value': 'xgboost'
                        },
                        {
                            'type': 'EQ',
                            'child': 'xgboost.lambda',
                            'parent': 'learner_id',
                            'value': 'xgboost'
                        },
                        {
                            'type': 'EQ',
                            'child': 'xgboost.nrounds',
                            'parent': 'learner_id',
                            'value': 'xgboost'
                        },
                        {
                            'type': 'EQ',
                            'child': 'xgboost.subsample',
                            'parent': 'learner_id',
                            'value': 'xgboost'
                        },
                        {
                            'type': 'AND',
                            'child': 'ranger.num.random.splits',
                            'conditions': [
                                {
                                    'type': 'EQ',
                                    'child': 'ranger.num.random.splits',
                                    'parent': 'ranger.splitrule',
                                    'value': 'extratrees'
                                },
                                {
                                    'type': 'EQ',
                                    'child': 'ranger.num.random.splits',
                                    'parent': 'learner_id',
                                    'value': 'ranger'
                                }
                            ]
                        },
                        {
                            'type': 'AND',
                            'child': 'svm.degree',
                            'conditions': [
                                {
                                    'type': 'EQ',
                                    'child': 'svm.degree',
                                    'parent': 'svm.kernel',
                                    'value': 'polynomial'
                                },
                                {
                                    'type': 'EQ',
                                    'child': 'svm.degree',
                                    'parent': 'learner_id',
                                    'value': 'svm'
                                }
                            ]
                        },
                        {
                            'type': 'AND',
                            'child': 'svm.gamma',
                            'conditions': [
                                {
                                    'type': 'EQ',
                                    'child': 'svm.gamma',
                                    'parent': 'svm.kernel',
                                    'value': 'radial'
                                },
                                {
                                    'type': 'EQ',
                                    'child': 'svm.gamma',
                                    'parent': 'learner_id',
                                    'value': 'svm'
                                }
                            ]
                        },
                        {
                            'type': 'AND',
                            'child': 'xgboost.colsample_bylevel',
                            'conditions': [
                                {
                                    'type': 'IN',
                                    'child': 'xgboost.colsample_bylevel',
                                    'parent': 'xgboost.booster',
                                    'values': ['dart', 'gbtree']
                                },
                                {
                                    'type': 'EQ',
                                    'child': 'xgboost.colsample_bylevel',
                                    'parent': 'learner_id',
                                    'value': 'xgboost'
                                }
                            ]
                        },
                        {
                            'type': 'AND',
                            'child': 'xgboost.colsample_bytree',
                            'conditions': [
                                {
                                    'type': 'IN',
                                    'child': 'xgboost.colsample_bytree',
                                    'parent': 'xgboost.booster',
                                    'values': ['dart', 'gbtree']
                                },
                                {
                                    'type': 'EQ',
                                    'child': 'xgboost.colsample_bytree',
                                    'parent': 'learner_id',
                                    'value': 'xgboost'
                                }
                            ]
                        },
                        {
                            'type': 'AND',
                            'child': 'xgboost.eta',
                            'conditions': [
                                {
                                    'type': 'IN',
                                    'child': 'xgboost.eta',
                                    'parent': 'xgboost.booster',
                                    'values': ['dart', 'gbtree']
                                },
                                {
                                    'type': 'EQ',
                                    'child': 'xgboost.eta',
                                    'parent': 'learner_id',
                                    'value': 'xgboost'
                                }
                            ]
                        },
                        {
                            'type': 'AND',
                            'child': 'xgboost.gamma',
                            'conditions': [
                                {
                                    'type': 'IN',
                                    'child': 'xgboost.gamma',
                                    'parent': 'xgboost.booster',
                                    'values': ['dart', 'gbtree']
                                },
                                {
                                    'type': 'EQ',
                                    'child': 'xgboost.gamma',
                                    'parent': 'learner_id',
                                    'value': 'xgboost'
                                }
                            ]
                        },
                        {
                            'type': 'AND',
                            'child': 'xgboost.max_depth',
                            'conditions': [
                                {
                                    'type': 'IN',
                                    'child': 'xgboost.max_depth',
                                    'parent': 'xgboost.booster',
                                    'values': ['dart', 'gbtree']
                                },
                                {
                                    'type': 'EQ',
                                    'child': 'xgboost.max_depth',
                                    'parent': 'learner_id',
                                    'value': 'xgboost'
                                }
                            ]
                        },
                        {
                            'type': 'AND',
                            'child': 'xgboost.min_child_weight',
                            'conditions': [
                                {
                                    'type': 'IN',
                                    'child': 'xgboost.min_child_weight',
                                    'parent': 'xgboost.booster',
                                    'values': ['dart', 'gbtree']
                                },
                                {
                                    'type': 'EQ',
                                    'child': 'xgboost.min_child_weight',
                                    'parent': 'learner_id',
                                    'value': 'xgboost'
                                }
                            ]
                        },
                        {
                            'type': 'AND',
                            'child': 'xgboost.rate_drop',
                            'conditions': [
                                {
                                    'type': 'EQ',
                                    'child': 'xgboost.rate_drop',
                                    'parent': 'xgboost.booster',
                                    'value': 'dart'
                                },
                                {
                                    'type': 'EQ',
                                    'child': 'xgboost.rate_drop',
                                    'parent': 'learner_id',
                                    'value': 'xgboost'
                                }
                            ]
                        },
                        {
                            'type': 'AND',
                            'child': 'xgboost.skip_drop',
                            'conditions': [
                                {
                                    'type': 'EQ',
                                    'child': 'xgboost.skip_drop',
                                    'parent': 'xgboost.booster',
                                    'value': 'dart'
                                },
                                {
                                    'type': 'EQ',
                                    'child': 'xgboost.skip_drop',
                                    'parent': 'learner_id',
                                    'value': 'xgboost'
                                }
                            ]
                        }
                    ],
                    'forbiddens': [],
                    'python_module_version': '1.2.0',
                    'format_version': 0.4
                }
            },
            'fidelity_space': {
                '_target_': 'carps.utils.task.FidelitySpace',
                'is_multifidelity': False,
                'fidelity_type': None,
                'min_fidelity': None,
                'max_fidelity': None
            },
            'instance_space': None
        },
        'output_space': {
            '_target_': 'carps.utils.task.OutputSpace',
            'n_objectives': 1,
            'objectives': ['acc']
        },
        'optimization_resources': {
            '_target_': 'carps.utils.task.OptimizationResources',
            'n_trials': 50,
            'time_budget': None,
            'n_workers': 1
        },
        'metadata': {
            '_target_': 'carps.utils.task.TaskMetadata',
            'has_constraints': False,
            'domain': 'ML',
            'objective_function_approximation': 'surrogate',
            'has_virtual_time': False,
            'deterministic': False,
            'dimensions': 38,
            'search_space_n_categoricals': 7,
            'search_space_n_ordinals': 0,
            'search_space_n_integers': 13,
            'search_space_n_floats': 18,
            'search_space_has_conditionals': True,
            'search_space_has_forbiddens': False,
            'search_space_has_priors': False
        }
    },
    'benchmark_id': 'YAHPO',
    'task_id': 'yahpo/so/rbv2_super/1457/None',
    'optimizer': {
        '_target_': 'carps_integration.optimizer.CARPSDynamicRFOptimizer',
        '_partial_': True,
        'extractor_name': 'standard_disagreement',
        'n_init': 10,
        'kappa': 1.96,
        'telemetry_path': 
'results/telemetry_standard_disagreement_cfg_rbv2_super_1457_seed4.json',
        'window_size': 5,
        'min_samples_leaf_base': 2,
        'min_samples_leaf_min': 1,
        'min_samples_leaf_max': 15,
        'alpha': 1.0,
        'max_features_base': 0.5,
        'max_features_min': 0.1,
        'max_features_max': 0.8,
        'eta': 0.5
    },
    'optimizer_id': 'CARPSDynamicRF',
    'optimizer_container_id': 'CARPSDynamicRF',
    'pyexperimenter_configuration_file_path': None,
    'database_credential_file_path': None,
    'use_special_conda_env': False,
    'conda_env_name': 'carps_YAHPO_CARPSDynamicRF',
    'timestamp': '2026-07-19/21-20-19',
    'baserundir': 'runs',
    'outdir': 'runs/CARPSDynamicRF/YAHPO/yahpo/so/rbv2_super/1457/None/4',
    'loggers': [
        {
            '_target_': 'carps.loggers.file_logger.FileLogger',
            '_partial_': True,
            'overwrite': True
        },
        {
            '_target_': 'carps.loggers.database_logger.DatabaseLogger',
            '_partial_': True
        }
    ]
}
[[36m2026-07-19 21:20:21,202[0m][[34mDatabaseLogger[0m][[32mINFO[0m] - Not logging to database (result processor is None).[0m
Please make sure to also cite:
Binder M., Pfisterer F. & Bischl B. (2020). Collecting Empirical Data About Hyperparameters for Data Driven AutoML. 7th ICML Workshop on Automated Machine Learning.
╭────────────────────── <class 'carps.utils.task.Task'> ───────────────────────╮
│ Task.                                                                        │
│                                                                              │
│ ╭──────────────────────────────────────────────────────────────────────────╮ │
│ │ Task(                                                                    │ │
│ │ │   name='yahpo/so/rbv2_super/1457/None',                                │ │
│ │ │                                                                        │ │
│ │ objective_function=<carps.objective_functions.yahpo.YahpoObjectiveFuncti │ │
│ │ on object at 0x1525c01a0d70>,                                            │ │
│ │ │   input_space=InputSpace(                                              │ │
│ │ │   │   configuration_space=Configuration space object:                  │ │
│ │   Hyperparameters:                                                       │ │
│ │ │   aknn.M, Type: UniformInteger, Range: [18, 50], Default: 34           │ │
│ │ │   aknn.distance, Type: Categorical, Choices: {l2, cosine, ip},         │ │
│ │ Default: l2                                                              │ │
│ │ │   aknn.ef, Type: UniformInteger, Range: [8, 256], Default: 48, on      │ │
│ │ log-scale                                                                │ │
│ │ │   aknn.ef_construction, Type: UniformInteger, Range: [8, 512],         │ │
│ │ Default: 96, on log-scale                                                │ │
│ │ │   aknn.k, Type: UniformInteger, Range: [1, 50], Default: 26            │ │
│ │ │   glmnet.alpha, Type: UniformFloat, Range: [0.0, 1.0], Default: 1.0    │ │
│ │ │   glmnet.s, Type: UniformFloat, Range: [0.0009118819656,               │ │
│ │ 1096.6331584284585], Default: 1.0, on log-scale                          │ │
│ │ │   learner_id, Type: Categorical, Choices: {aknn, glmnet, ranger,       │ │
│ │ rpart, svm, xgboost}, Default: aknn                                      │ │
│ │ │   num.impute.selected.cpo, Type: Categorical, Choices: {impute.mean,   │ │
│ │ impute.median, impute.hist}, Default: impute.mean                        │ │
│ │ │   ranger.min.node.size, Type: UniformInteger, Range: [1, 100],         │ │
│ │ Default: 50                                                              │ │
│ │ │   ranger.mtry.power, Type: UniformFloat, Range: [0.0, 1.0], Default:   │ │
│ │ 0.0                                                                      │ │
│ │ │   ranger.num.random.splits, Type: UniformInteger, Range: [1, 100],     │ │
│ │ Default: 1                                                               │ │
│ │ │   ranger.num.trees, Type: UniformInteger, Range: [1, 2000], Default:   │ │
│ │ 1000                                                                     │ │
│ │ │   ranger.respect.unordered.factors, Type: Categorical, Choices:        │ │
│ │ {ignore, order, partition}, Default: ignore                              │ │
│ │ │   ranger.sample.fraction, Type: UniformFloat, Range: [0.1, 1.0],       │ │
│ │ Default: 0.55                                                            │ │
│ │ │   ranger.splitrule, Type: Categorical, Choices: {gini, extratrees},    │ │
│ │ Default: gini                                                            │ │
│ │ │   rpart.cp, Type: UniformFloat, Range: [0.0009118819656, 1.0],         │ │
│ │ Default: 0.01, on log-scale                                              │ │
│ │ │   rpart.maxdepth, Type: UniformInteger, Range: [1, 30], Default: 30    │ │
│ │ │   rpart.minbucket, Type: UniformInteger, Range: [1, 100], Default: 1   │ │
│ │ │   rpart.minsplit, Type: UniformInteger, Range: [1, 100], Default: 20   │ │
│ │ │   svm.cost, Type: UniformFloat, Range: [4.53999298e-05,                │ │
│ │ 22026.465794806718], Default: 1.0, on log-scale                          │ │
│ │ │   svm.degree, Type: UniformInteger, Range: [2, 5], Default: 4          │ │
│ │ │   svm.gamma, Type: UniformFloat, Range: [4.53999298e-05,               │ │
│ │ 22026.465794806718], Default: 1.0, on log-scale                          │ │
│ │ │   svm.kernel, Type: Categorical, Choices: {linear, polynomial,         │ │
│ │ radial}, Default: linear                                                 │ │
│ │ │   svm.tolerance, Type: UniformFloat, Range: [4.53999298e-05, 2.0],     │ │
│ │ Default: 0.009528896, on log-scale                                       │ │
│ │ │   task_id, Type: Constant, Value: 1457                                 │ │
│ │ │   xgboost.alpha, Type: UniformFloat, Range: [0.0009118819656,          │ │
│ │ 1096.6331584284585], Default: 1.0, on log-scale                          │ │
│ │ │   xgboost.booster, Type: Categorical, Choices: {gblinear, gbtree,      │ │
│ │ dart}, Default: gblinear                                                 │ │
│ │ │   xgboost.colsample_bylevel, Type: UniformFloat, Range: [0.01, 1.0],   │ │
│ │ Default: 0.505                                                           │ │
│ │ │   xgboost.colsample_bytree, Type: UniformFloat, Range: [0.01, 1.0],    │ │
│ │ Default: 0.505                                                           │ │
│ │ │   xgboost.eta, Type: UniformFloat, Range: [0.0009118819656, 1.0],      │ │
│ │ Default: 0.0301973834, on log-scale                                      │ │
│ │ │   xgboost.gamma, Type: UniformFloat, Range: [4.53999298e-05,           │ │
│ │ 7.3890560989306], Default: 0.0183156389, on log-scale                    │ │
│ │ │   xgboost.lambda, Type: UniformFloat, Range: [0.0009118819656,         │ │
│ │ 1096.6331584284585], Default: 1.0, on log-scale                          │ │
│ │ │   xgboost.max_depth, Type: UniformInteger, Range: [1, 15], Default: 8  │ │
│ │ │   xgboost.min_child_weight, Type: UniformFloat, Range:                 │ │
│ │ [2.718281828459, 148.4131591025766], Default: 20.0855369232, on          │ │
│ │ log-scale                                                                │ │
│ │ │   xgboost.nrounds, Type: UniformInteger, Range: [7, 2981], Default:    │ │
│ │ 144, on log-scale                                                        │ │
│ │ │   xgboost.rate_drop, Type: UniformFloat, Range: [0.0, 1.0], Default:   │ │
│ │ 0.5                                                                      │ │
│ │ │   xgboost.skip_drop, Type: UniformFloat, Range: [0.0, 1.0], Default:   │ │
│ │ 0.5                                                                      │ │
│ │ │   xgboost.subsample, Type: UniformFloat, Range: [0.1, 1.0], Default:   │ │
│ │ 0.55                                                                     │ │
│ │   Conditions:                                                            │ │
│ │ │   (ranger.num.random.splits | ranger.splitrule == 'extratrees' &&      │ │
│ │ ranger.num.random.splits | learner_id == 'ranger')                       │ │
│ │ │   (svm.degree | svm.kernel == 'polynomial' && svm.degree | learner_id  │ │
│ │ == 'svm')                                                                │ │
│ │ │   (svm.gamma | svm.kernel == 'radial' && svm.gamma | learner_id ==     │ │
│ │ 'svm')                                                                   │ │
│ │ │   (xgboost.colsample_bylevel | xgboost.booster in {'dart', 'gbtree'}   │ │
│ │ && xgboost.colsample_bylevel | learner_id == 'xgboost')                  │ │
│ │ │   (xgboost.colsample_bytree | xgboost.booster in {'dart', 'gbtree'} && │ │
│ │ xgboost.colsample_bytree | learner_id == 'xgboost')                      │ │
│ │ │   (xgboost.eta | xgboost.booster in {'dart', 'gbtree'} && xgboost.eta  │ │
│ │ | learner_id == 'xgboost')                                               │ │
│ │ │   (xgboost.gamma | xgboost.booster in {'dart', 'gbtree'} &&            │ │
│ │ xgboost.gamma | learner_id == 'xgboost')                                 │ │
│ │ │   (xgboost.max_depth | xgboost.booster in {'dart', 'gbtree'} &&        │ │
│ │ xgboost.max_depth | learner_id == 'xgboost')                             │ │
│ │ │   (xgboost.min_child_weight | xgboost.booster in {'dart', 'gbtree'} && │ │
│ │ xgboost.min_child_weight | learner_id == 'xgboost')                      │ │
│ │ │   (xgboost.rate_drop | xgboost.booster == 'dart' && xgboost.rate_drop  │ │
│ │ | learner_id == 'xgboost')                                               │ │
│ │ │   (xgboost.skip_drop | xgboost.booster == 'dart' && xgboost.skip_drop  │ │
│ │ | learner_id == 'xgboost')                                               │ │
│ │ │   aknn.M | learner_id == 'aknn'                                        │ │
│ │ │   aknn.distance | learner_id == 'aknn'                                 │ │
│ │ │   aknn.ef | learner_id == 'aknn'                                       │ │
│ │ │   aknn.ef_construction | learner_id == 'aknn'                          │ │
│ │ │   aknn.k | learner_id == 'aknn'                                        │ │
│ │ │   glmnet.alpha | learner_id == 'glmnet'                                │ │
│ │ │   glmnet.s | learner_id == 'glmnet'                                    │ │
│ │ │   ranger.min.node.size | learner_id == 'ranger'                        │ │
│ │ │   ranger.mtry.power | learner_id == 'ranger'                           │ │
│ │ │   ranger.num.trees | learner_id == 'ranger'                            │ │
│ │ │   ranger.respect.unordered.factors | learner_id == 'ranger'            │ │
│ │ │   ranger.sample.fraction | learner_id == 'ranger'                      │ │
│ │ │   ranger.splitrule | learner_id == 'ranger'                            │ │
│ │ │   rpart.cp | learner_id == 'rpart'                                     │ │
│ │ │   rpart.maxdepth | learner_id == 'rpart'                               │ │
│ │ │   rpart.minbucket | learner_id == 'rpart'                              │ │
│ │ │   rpart.minsplit | learner_id == 'rpart'                               │ │
│ │ │   svm.cost | learner_id == 'svm'                                       │ │
│ │ │   svm.kernel | learner_id == 'svm'                                     │ │
│ │ │   svm.tolerance | learner_id == 'svm'                                  │ │
│ │ │   xgboost.alpha | learner_id == 'xgboost'                              │ │
│ │ │   xgboost.booster | learner_id == 'xgboost'                            │ │
│ │ │   xgboost.lambda | learner_id == 'xgboost'                             │ │
│ │ │   xgboost.nrounds | learner_id == 'xgboost'                            │ │
│ │ │   xgboost.subsample | learner_id == 'xgboost'                          │ │
│ │ ,                                                                        │ │
│ │ │   │   fidelity_space=FidelitySpace(                                    │ │
│ │ │   │   │   is_multifidelity=False,                                      │ │
│ │ │   │   │   fidelity_type=None,                                          │ │
│ │ │   │   │   min_fidelity=None,                                           │ │
│ │ │   │   │   max_fidelity=None                                            │ │
│ │ │   │   ),                                                               │ │
│ │ │   │   instance_space=None                                              │ │
│ │ │   ),                                                                   │ │
│ │ │   output_space=OutputSpace(n_objectives=1, objectives=['acc']),        │ │
│ │ │   optimization_resources=OptimizationResources(                        │ │
│ │ │   │   n_trials=50,                                                     │ │
│ │ │   │   time_budget=None,                                                │ │
│ │ │   │   n_workers=1                                                      │ │
│ │ │   ),                                                                   │ │
│ │ │   metadata=TaskMetadata(                                               │ │
│ │ │   │   has_constraints=False,                                           │ │
│ │ │   │   domain='ML',                                                     │ │
│ │ │   │   objective_function_approximation='surrogate',                    │ │
│ │ │   │   has_virtual_time=False,                                          │ │
│ │ │   │   deterministic=False,                                             │ │
│ │ │   │   dimensions=38,                                                   │ │
│ │ │   │   search_space_n_categoricals=7,                                   │ │
│ │ │   │   search_space_n_ordinals=0,                                       │ │
│ │ │   │   search_space_n_integers=13,                                      │ │
│ │ │   │   search_space_n_floats=18,                                        │ │
│ │ │   │   search_space_has_conditionals=True,                              │ │
│ │ │   │   search_space_has_forbiddens=False,                               │ │
│ │ │   │   search_space_has_priors=False                                    │ │
│ │ │   ),                                                                   │ │
│ │ │   seed=4                                                               │ │
│ │ )                                                                        │ │
│ ╰──────────────────────────────────────────────────────────────────────────╯ │
│                                                                              │
│            input_space = InputSpace(                                         │
│                              configuration_space=Configuration space object: │
│                            Hyperparameters:                                  │
│                              aknn.M, Type: UniformInteger, Range: [18, 50],  │
│                          Default: 34                                         │
│                              aknn.distance, Type: Categorical, Choices: {l2, │
│                          cosine, ip}, Default: l2                            │
│                              aknn.ef, Type: UniformInteger, Range: [8, 256], │
│                          Default: 48, on log-scale                           │
│                              aknn.ef_construction, Type: UniformInteger,     │
│                          Range: [8, 512], Default: 96, on log-scale          │
│                              aknn.k, Type: UniformInteger, Range: [1, 50],   │
│                          Default: 26                                         │
│                              glmnet.alpha, Type: UniformFloat, Range: [0.0,  │
│                          1.0], Default: 1.0                                  │
│                              glmnet.s, Type: UniformFloat, Range:            │
│                          [0.0009118819656, 1096.6331584284585], Default:     │
│                          1.0, on log-scale                                   │
│                              learner_id, Type: Categorical, Choices: {aknn,  │
│                          glmnet, ranger, rpart, svm, xgboost}, Default: aknn │
│                              num.impute.selected.cpo, Type: Categorical,     │
│                          Choices: {impute.mean, impute.median, impute.hist}, │
│                          Default: impute.mean                                │
│                              ranger.min.node.size, Type: UniformInteger,     │
│                          Range: [1, 100], Default: 50                        │
│                              ranger.mtry.power, Type: UniformFloat, Range:   │
│                          [0.0, 1.0], Default: 0.0                            │
│                              ranger.num.random.splits, Type: UniformInteger, │
│                          Range: [1, 100], Default: 1                         │
│                              ranger.num.trees, Type: UniformInteger, Range:  │
│                          [1, 2000], Default: 1000                            │
│                              ranger.respect.unordered.factors, Type:         │
│                          Categorical, Choices: {ignore, order, partition},   │
│                          Default: ignore                                     │
│                              ranger.sample.fraction, Type: UniformFloat,     │
│                          Range: [0.1, 1.0], Default: 0.55                    │
│                              ranger.splitrule, Type: Categorical, Choices:   │
│                          {gini, extratrees}, Default: gini                   │
│                              rpart.cp, Type: UniformFloat, Range:            │
│                          [0.0009118819656, 1.0], Default: 0.01, on log-scale │
│                              rpart.maxdepth, Type: UniformInteger, Range:    │
│                          [1, 30], Default: 30                                │
│                              rpart.minbucket, Type: UniformInteger, Range:   │
│                          [1, 100], Default: 1                                │
│                              rpart.minsplit, Type: UniformInteger, Range:    │
│                          [1, 100], Default: 20                               │
│                              svm.cost, Type: UniformFloat, Range:            │
│                          [4.53999298e-05, 22026.465794806718], Default: 1.0, │
│                          on log-scale                                        │
│                              svm.degree, Type: UniformInteger, Range: [2,    │
│                          5], Default: 4                                      │
│                              svm.gamma, Type: UniformFloat, Range:           │
│                          [4.53999298e-05, 22026.465794806718], Default: 1.0, │
│                          on log-scale                                        │
│                              svm.kernel, Type: Categorical, Choices:         │
│                          {linear, polynomial, radial}, Default: linear       │
│                              svm.tolerance, Type: UniformFloat, Range:       │
│                          [4.53999298e-05, 2.0], Default: 0.009528896, on     │
│                          log-scale                                           │
│                              task_id, Type: Constant, Value: 1457            │
│                              xgboost.alpha, Type: UniformFloat, Range:       │
│                          [0.0009118819656, 1096.6331584284585], Default:     │
│                          1.0, on log-scale                                   │
│                              xgboost.booster, Type: Categorical, Choices:    │
│                          {gblinear, gbtree, dart}, Default: gblinear         │
│                              xgboost.colsample_bylevel, Type: UniformFloat,  │
│                          Range: [0.01, 1.0], Default: 0.505                  │
│                              xgboost.colsample_bytree, Type: UniformFloat,   │
│                          Range: [0.01, 1.0], Default: 0.505                  │
│                              xgboost.eta, Type: UniformFloat, Range:         │
│                          [0.0009118819656, 1.0], Default: 0.0301973834, on   │
│                          log-scale                                           │
│                              xgboost.gamma, Type: UniformFloat, Range:       │
│                          [4.53999298e-05, 7.3890560989306], Default:         │
│                          0.0183156389, on log-scale                          │
│                              xgboost.lambda, Type: UniformFloat, Range:      │
│                          [0.0009118819656, 1096.6331584284585], Default:     │
│                          1.0, on log-scale                                   │
│                              xgboost.max_depth, Type: UniformInteger, Range: │
│                          [1, 15], Default: 8                                 │
│                              xgboost.min_child_weight, Type: UniformFloat,   │
│                          Range: [2.718281828459, 148.4131591025766],         │
│                          Default: 20.0855369232, on log-scale                │
│                              xgboost.nrounds, Type: UniformInteger, Range:   │
│                          [7, 2981], Default: 144, on log-scale               │
│                              xgboost.rate_drop, Type: UniformFloat, Range:   │
│                          [0.0, 1.0], Default: 0.5                            │
│                              xgboost.skip_drop, Type: UniformFloat, Range:   │
│                          [0.0, 1.0], Default: 0.5                            │
│                              xgboost.subsample, Type: UniformFloat, Range:   │
│                          [0.1, 1.0], Default: 0.55                           │
│                            Conditions:                                       │
│                              (ranger.num.random.splits | ranger.splitrule == │
│                          'extratrees' && ranger.num.random.splits |          │
│                          learner_id == 'ranger')                             │
│                              (svm.degree | svm.kernel == 'polynomial' &&     │
│                          svm.degree | learner_id == 'svm')                   │
│                              (svm.gamma | svm.kernel == 'radial' &&          │
│                          svm.gamma | learner_id == 'svm')                    │
│                              (xgboost.colsample_bylevel | xgboost.booster in │
│                          {'dart', 'gbtree'} && xgboost.colsample_bylevel |   │
│                          learner_id == 'xgboost')                            │
│                              (xgboost.colsample_bytree | xgboost.booster in  │
│                          {'dart', 'gbtree'} && xgboost.colsample_bytree |    │
│                          learner_id == 'xgboost')                            │
│                              (xgboost.eta | xgboost.booster in {'dart',      │
│                          'gbtree'} && xgboost.eta | learner_id == 'xgboost') │
│                              (xgboost.gamma | xgboost.booster in {'dart',    │
│                          'gbtree'} && xgboost.gamma | learner_id ==          │
│                          'xgboost')                                          │
│                              (xgboost.max_depth | xgboost.booster in         │
│                          {'dart', 'gbtree'} && xgboost.max_depth |           │
│                          learner_id == 'xgboost')                            │
│                              (xgboost.min_child_weight | xgboost.booster in  │
│                          {'dart', 'gbtree'} && xgboost.min_child_weight |    │
│                          learner_id == 'xgboost')                            │
│                              (xgboost.rate_drop | xgboost.booster == 'dart'  │
│                          && xgboost.rate_drop | learner_id == 'xgboost')     │
│                              (xgboost.skip_drop | xgboost.booster == 'dart'  │
│                          && xgboost.skip_drop | learner_id == 'xgboost')     │
│                              aknn.M | learner_id == 'aknn'                   │
│                              aknn.distance | learner_id == 'aknn'            │
│                              aknn.ef | learner_id == 'aknn'                  │
│                              aknn.ef_construction | learner_id == 'aknn'     │
│                              aknn.k | learner_id == 'aknn'                   │
│                              glmnet.alpha | learner_id == 'glmnet'           │
│                              glmnet.s | learner_id == 'glmnet'               │
│                              ranger.min.node.size | learner_id == 'ranger'   │
│                              ranger.mtry.power | learner_id == 'ranger'      │
│                              ranger.num.trees | learner_id == 'ranger'       │
│                              ranger.respect.unordered.factors | learner_id   │
│                          == 'ranger'                                         │
│                              ranger.sample.fraction | learner_id == 'ranger' │
│                              ranger.splitrule | learner_id == 'ranger'       │
│                              rpart.cp | learner_id == 'rpart'                │
│                              rpart.maxdepth | learner_id == 'rpart'          │
│                              rpart.minbucket | learner_id == 'rpart'         │
│                              rpart.minsplit | learner_id == 'rpart'          │
│                              svm.cost | learner_id == 'svm'                  │
│                              svm.kernel | learner_id == 'svm'                │
│                              svm.tolerance | learner_id == 'svm'             │
│                              xgboost.alpha | learner_id == 'xgboost'         │
│                              xgboost.booster | learner_id == 'xgboost'       │
│                              xgboost.lambda | learner_id == 'xgboost'        │
│                              xgboost.nrounds | learner_id == 'xgboost'       │
│                              xgboost.subsample | learner_id == 'xgboost'     │
│                          ,                                                   │
│                              fidelity_space=FidelitySpace(                   │
│                                  is_multifidelity=False,                     │
│                                  fidelity_type=None,                         │
│                                  min_fidelity=None,                          │
│                                  max_fidelity=None                           │
│                              ),                                              │
│                              instance_space=None                             │
│                          )                                                   │
│               metadata = TaskMetadata(                                       │
│                              has_constraints=False,                          │
│                              domain='ML',                                    │
│                              objective_function_approximation='surrogate',   │
│                              has_virtual_time=False,                         │
│                              deterministic=False,                            │
│                              dimensions=38,                                  │
│                              search_space_n_categoricals=7,                  │
│                              search_space_n_ordinals=0,                      │
│                              search_space_n_integers=13,                     │
│                              search_space_n_floats=18,                       │
│                              search_space_has_conditionals=True,             │
│                              search_space_has_forbiddens=False,              │
│                              search_space_has_priors=False                   │
│                          )                                                   │
│                   name = 'yahpo/so/rbv2_super/1457/None'                     │
│     objective_function = <carps.objective_functions.yahpo.YahpoObjectiveFun… │
│                          object at 0x1525c01a0d70>                           │
│ optimization_resources = OptimizationResources(                              │
│                              n_trials=50,                                    │
│                              time_budget=None,                               │
│                              n_workers=1                                     │
│                          )                                                   │
│           output_space = OutputSpace(n_objectives=1, objectives=['acc'])     │
│                   seed = 4                                                   │
╰──────────────────────────────────────────────────────────────────────────────╯
╭─────── <class 'carps_integration.optimizer.CARPSDynamicRFOptimizer'> ────────╮
│ CARP-S compatible Bayesian Optimization optimizer wrapper that uses          │
│ Dynamic RF surrogate models with Extensible Epistemic UQ Extractors.         │
│                                                                              │
│ ╭──────────────────────────────────────────────────────────────────────────╮ │
│ │ <carps_integration.optimizer.CARPSDynamicRFOptimizer object at           │ │
│ │ 0x1525bff11550>                                                          │ │
│ ╰──────────────────────────────────────────────────────────────────────────╯ │
│                                                                              │
│                        alpha = 1.0                                           │
│                  configspace = Configuration space object:                   │
│                                  Hyperparameters:                            │
│                                    aknn.M, Type: UniformInteger, Range: [18, │
│                                50], Default: 34                              │
│                                    aknn.distance, Type: Categorical,         │
│                                Choices: {l2, cosine, ip}, Default: l2        │
│                                    aknn.ef, Type: UniformInteger, Range: [8, │
│                                256], Default: 48, on log-scale               │
│                                    aknn.ef_construction, Type:               │
│                                UniformInteger, Range: [8, 512], Default: 96, │
│                                on log-scale                                  │
│                                    aknn.k, Type: UniformInteger, Range: [1,  │
│                                50], Default: 26                              │
│                                    glmnet.alpha, Type: UniformFloat, Range:  │
│                                [0.0, 1.0], Default: 1.0                      │
│                                    glmnet.s, Type: UniformFloat, Range:      │
│                                [0.0009118819656, 1096.6331584284585],        │
│                                Default: 1.0, on log-scale                    │
│                                    learner_id, Type: Categorical, Choices:   │
│                                {aknn, glmnet, ranger, rpart, svm, xgboost},  │
│                                Default: aknn                                 │
│                                    num.impute.selected.cpo, Type:            │
│                                Categorical, Choices: {impute.mean,           │
│                                impute.median, impute.hist}, Default:         │
│                                impute.mean                                   │
│                                    ranger.min.node.size, Type:               │
│                                UniformInteger, Range: [1, 100], Default: 50  │
│                                    ranger.mtry.power, Type: UniformFloat,    │
│                                Range: [0.0, 1.0], Default: 0.0               │
│                                    ranger.num.random.splits, Type:           │
│                                UniformInteger, Range: [1, 100], Default: 1   │
│                                    ranger.num.trees, Type: UniformInteger,   │
│                                Range: [1, 2000], Default: 1000               │
│                                    ranger.respect.unordered.factors, Type:   │
│                                Categorical, Choices: {ignore, order,         │
│                                partition}, Default: ignore                   │
│                                    ranger.sample.fraction, Type:             │
│                                UniformFloat, Range: [0.1, 1.0], Default:     │
│                                0.55                                          │
│                                    ranger.splitrule, Type: Categorical,      │
│                                Choices: {gini, extratrees}, Default: gini    │
│                                    rpart.cp, Type: UniformFloat, Range:      │
│                                [0.0009118819656, 1.0], Default: 0.01, on     │
│                                log-scale                                     │
│                                    rpart.maxdepth, Type: UniformInteger,     │
│                                Range: [1, 30], Default: 30                   │
│                                    rpart.minbucket, Type: UniformInteger,    │
│                                Range: [1, 100], Default: 1                   │
│                                    rpart.minsplit, Type: UniformInteger,     │
│                                Range: [1, 100], Default: 20                  │
│                                    svm.cost, Type: UniformFloat, Range:      │
│                                [4.53999298e-05, 22026.465794806718],         │
│                                Default: 1.0, on log-scale                    │
│                                    svm.degree, Type: UniformInteger, Range:  │
│                                [2, 5], Default: 4                            │
│                                    svm.gamma, Type: UniformFloat, Range:     │
│                                [4.53999298e-05, 22026.465794806718],         │
│                                Default: 1.0, on log-scale                    │
│                                    svm.kernel, Type: Categorical, Choices:   │
│                                {linear, polynomial, radial}, Default: linear │
│                                    svm.tolerance, Type: UniformFloat, Range: │
│                                [4.53999298e-05, 2.0], Default: 0.009528896,  │
│                                on log-scale                                  │
│                                    task_id, Type: Constant, Value: 1457      │
│                                    xgboost.alpha, Type: UniformFloat, Range: │
│                                [0.0009118819656, 1096.6331584284585],        │
│                                Default: 1.0, on log-scale                    │
│                                    xgboost.booster, Type: Categorical,       │
│                                Choices: {gblinear, gbtree, dart}, Default:   │
│                                gblinear                                      │
│                                    xgboost.colsample_bylevel, Type:          │
│                                UniformFloat, Range: [0.01, 1.0], Default:    │
│                                0.505                                         │
│                                    xgboost.colsample_bytree, Type:           │
│                                UniformFloat, Range: [0.01, 1.0], Default:    │
│                                0.505                                         │
│                                    xgboost.eta, Type: UniformFloat, Range:   │
│                                [0.0009118819656, 1.0], Default:              │
│                                0.0301973834, on log-scale                    │
│                                    xgboost.gamma, Type: UniformFloat, Range: │
│                                [4.53999298e-05, 7.3890560989306], Default:   │
│                                0.0183156389, on log-scale                    │
│                                    xgboost.lambda, Type: UniformFloat,       │
│                                Range: [0.0009118819656, 1096.6331584284585], │
│                                Default: 1.0, on log-scale                    │
│                                    xgboost.max_depth, Type: UniformInteger,  │
│                                Range: [1, 15], Default: 8                    │
│                                    xgboost.min_child_weight, Type:           │
│                                UniformFloat, Range: [2.718281828459,         │
│                                148.4131591025766], Default: 20.0855369232,   │
│                                on log-scale                                  │
│                                    xgboost.nrounds, Type: UniformInteger,    │
│                                Range: [7, 2981], Default: 144, on log-scale  │
│                                    xgboost.rate_drop, Type: UniformFloat,    │
│                                Range: [0.0, 1.0], Default: 0.5               │
│                                    xgboost.skip_drop, Type: UniformFloat,    │
│                                Range: [0.0, 1.0], Default: 0.5               │
│                                    xgboost.subsample, Type: UniformFloat,    │
│                                Range: [0.1, 1.0], Default: 0.55              │
│                                  Conditions:                                 │
│                                    (ranger.num.random.splits |               │
│                                ranger.splitrule == 'extratrees' &&           │
│                                ranger.num.random.splits | learner_id ==      │
│                                'ranger')                                     │
│                                    (svm.degree | svm.kernel == 'polynomial'  │
│                                && svm.degree | learner_id == 'svm')          │
│                                    (svm.gamma | svm.kernel == 'radial' &&    │
│                                svm.gamma | learner_id == 'svm')              │
│                                    (xgboost.colsample_bylevel |              │
│                                xgboost.booster in {'dart', 'gbtree'} &&      │
│                                xgboost.colsample_bylevel | learner_id ==     │
│                                'xgboost')                                    │
│                                    (xgboost.colsample_bytree |               │
│                                xgboost.booster in {'dart', 'gbtree'} &&      │
│                                xgboost.colsample_bytree | learner_id ==      │
│                                'xgboost')                                    │
│                                    (xgboost.eta | xgboost.booster in         │
│                                {'dart', 'gbtree'} && xgboost.eta |           │
│                                learner_id == 'xgboost')                      │
│                                    (xgboost.gamma | xgboost.booster in       │
│                                {'dart', 'gbtree'} && xgboost.gamma |         │
│                                learner_id == 'xgboost')                      │
│                                    (xgboost.max_depth | xgboost.booster in   │
│                                {'dart', 'gbtree'} && xgboost.max_depth |     │
│                                learner_id == 'xgboost')                      │
│                                    (xgboost.min_child_weight |               │
│                                xgboost.booster in {'dart', 'gbtree'} &&      │
│                                xgboost.min_child_weight | learner_id ==      │
│                                'xgboost')                                    │
│                                    (xgboost.rate_drop | xgboost.booster ==   │
│                                'dart' && xgboost.rate_drop | learner_id ==   │
│                                'xgboost')                                    │
│                                    (xgboost.skip_drop | xgboost.booster ==   │
│                                'dart' && xgboost.skip_drop | learner_id ==   │
│                                'xgboost')                                    │
│                                    aknn.M | learner_id == 'aknn'             │
│                                    aknn.distance | learner_id == 'aknn'      │
│                                    aknn.ef | learner_id == 'aknn'            │
│                                    aknn.ef_construction | learner_id ==      │
│                                'aknn'                                        │
│                                    aknn.k | learner_id == 'aknn'             │
│                                    glmnet.alpha | learner_id == 'glmnet'     │
│                                    glmnet.s | learner_id == 'glmnet'         │
│                                    ranger.min.node.size | learner_id ==      │
│                                'ranger'                                      │
│                                    ranger.mtry.power | learner_id ==         │
│                                'ranger'                                      │
│                                    ranger.num.trees | learner_id == 'ranger' │
│                                    ranger.respect.unordered.factors |        │
│                                learner_id == 'ranger'                        │
│                                    ranger.sample.fraction | learner_id ==    │
│                                'ranger'                                      │
│                                    ranger.splitrule | learner_id == 'ranger' │
│                                    rpart.cp | learner_id == 'rpart'          │
│                                    rpart.maxdepth | learner_id == 'rpart'    │
│                                    rpart.minbucket | learner_id == 'rpart'   │
│                                    rpart.minsplit | learner_id == 'rpart'    │
│                                    svm.cost | learner_id == 'svm'            │
│                                    svm.kernel | learner_id == 'svm'          │
│                                    svm.tolerance | learner_id == 'svm'       │
│                                    xgboost.alpha | learner_id == 'xgboost'   │
│                                    xgboost.booster | learner_id == 'xgboost' │
│                                    xgboost.lambda | learner_id == 'xgboost'  │
│                                    xgboost.nrounds | learner_id == 'xgboost' │
│                                    xgboost.subsample | learner_id ==         │
│                                'xgboost'                                     │
│                                                                              │
│                          eta = 0.5                                           │
│           expects_fidelities = False                                         │
│  expects_multiple_objectives = False                                         │
│             extractor_kwargs = {}                                            │
│               extractor_name = 'standard_disagreement'                       │
│             fidelity_enabled = False                                         │
│                      history = []                                            │
│                        kappa = 1.96                                          │
│                      loggers = [<carps.loggers.file_logger.FileLogger object │
│                                at 0x1525c01a0980>,                           │
│                                <carps.loggers.database_logger.DatabaseLogger │
│                                object at 0x1525c01a01a0>]                    │
│            max_features_base = 0.5                                           │
│             max_features_max = 0.8                                           │
│             max_features_min = 0.1                                           │
│        min_samples_leaf_base = 2                                             │
│         min_samples_leaf_max = 15                                            │
│         min_samples_leaf_min = 1                                             │
│                       n_init = 10                                            │
│                    rf_kwargs = {}                                            │
│                       solver = None                                          │
│                    surrogate = None                                          │
│                         task = Task(                                         │
│                                    name='yahpo/so/rbv2_super/1457/None',     │
│                                    objective_function=<carps.objective_func… │
│                                object at 0x1525c01a0d70>,                    │
│                                    input_space=InputSpace(                   │
│                                        configuration_space=Configuration     │
│                                space object:                                 │
│                                  Hyperparameters:                            │
│                                    aknn.M, Type: UniformInteger, Range: [18, │
│                                50], Default: 34                              │
│                                    aknn.distance, Type: Categorical,         │
│                                Choices: {l2, cosine, ip}, Default: l2        │
│                                    aknn.ef, Type: UniformInteger, Range: [8, │
│                                256], Default: 48, on log-scale               │
│                                    aknn.ef_construction, Type:               │
│                                UniformInteger, Range: [8, 512], Default: 96, │
│                                on log-scale                                  │
│                                    aknn.k, Type: UniformInteger, Range: [1,  │
│                                50], Default: 26                              │
│                                    glmnet.alpha, Type: UniformFloat, Range:  │
│                                [0.0, 1.0], Default: 1.0                      │
│                                    glmnet.s, Type: UniformFloat, Range:      │
│                                [0.0009118819656, 1096.6331584284585],        │
│                                Default: 1.0, on log-scale                    │
│                                    learner_id, Type: Categorical, Choices:   │
│                                {aknn, glmnet, ranger, rpart, svm, xgboost},  │
│                                Default: aknn                                 │
│                                    num.impute.selected.cpo, Type:            │
│                                Categorical, Choices: {impute.mean,           │
│                                impute.median, impute.hist}, Default:         │
│                                impute.mean                                   │
│                                    ranger.min.node.size, Type:               │
│                                UniformInteger, Range: [1, 100], Default: 50  │
│                                    ranger.mtry.power, Type: UniformFloat,    │
│                                Range: [0.0, 1.0], Default: 0.0               │
│                                    ranger.num.random.splits, Type:           │
│                                UniformInteger, Range: [1, 100], Default: 1   │
│                                    ranger.num.trees, Type: UniformInteger,   │
│                                Range: [1, 2000], Default: 1000               │
│                                    ranger.respect.unordered.factors, Type:   │
│                                Categorical, Choices: {ignore, order,         │
│                                partition}, Default: ignore                   │
│                                    ranger.sample.fraction, Type:             │
│                                UniformFloat, Range: [0.1, 1.0], Default:     │
│                                0.55                                          │
│                                    ranger.splitrule, Type: Categorical,      │
│                                Choices: {gini, extratrees}, Default: gini    │
│                                    rpart.cp, Type: UniformFloat, Range:      │
│                                [0.0009118819656, 1.0], Default: 0.01, on     │
│                                log-scale                                     │
│                                    rpart.maxdepth, Type: UniformInteger,     │
│                                Range: [1, 30], Default: 30                   │
│                                    rpart.minbucket, Type: UniformInteger,    │
│                                Range: [1, 100], Default: 1                   │
│                                    rpart.minsplit, Type: UniformInteger,     │
│                                Range: [1, 100], Default: 20                  │
│                                    svm.cost, Type: UniformFloat, Range:      │
│                                [4.53999298e-05, 22026.465794806718],         │
│                                Default: 1.0, on log-scale                    │
│                                    svm.degree, Type: UniformInteger, Range:  │
│                                [2, 5], Default: 4                            │
│                                    svm.gamma, Type: UniformFloat, Range:     │
│                                [4.53999298e-05, 22026.465794806718],         │
│                                Default: 1.0, on log-scale                    │
│                                    svm.kernel, Type: Categorical, Choices:   │
│                                {linear, polynomial, radial}, Default: linear │
│                                    svm.tolerance, Type: UniformFloat, Range: │
│                                [4.53999298e-05, 2.0], Default: 0.009528896,  │
│                                on log-scale                                  │
│                                    task_id, Type: Constant, Value: 1457      │
│                                    xgboost.alpha, Type: UniformFloat, Range: │
│                                [0.0009118819656, 1096.6331584284585],        │
│                                Default: 1.0, on log-scale                    │
│                                    xgboost.booster, Type: Categorical,       │
│                                Choices: {gblinear, gbtree, dart}, Default:   │
│                                gblinear                                      │
│                                    xgboost.colsample_bylevel, Type:          │
│                                UniformFloat, Range: [0.01, 1.0], Default:    │
│                                0.505                                         │
│                                    xgboost.colsample_bytree, Type:           │
│                                UniformFloat, Range: [0.01, 1.0], Default:    │
│                                0.505                                         │
│                                    xgboost.eta, Type: UniformFloat, Range:   │
│                                [0.0009118819656, 1.0], Default:              │
│                                0.0301973834, on log-scale                    │
│                                    xgboost.gamma, Type: UniformFloat, Range: │
│                                [4.53999298e-05, 7.3890560989306], Default:   │
│                                0.0183156389, on log-scale                    │
│                                    xgboost.lambda, Type: UniformFloat,       │
│                                Range: [0.0009118819656, 1096.6331584284585], │
│                                Default: 1.0, on log-scale                    │
│                                    xgboost.max_depth, Type: UniformInteger,  │
│                                Range: [1, 15], Default: 8                    │
│                                    xgboost.min_child_weight, Type:           │
│                                UniformFloat, Range: [2.718281828459,         │
│                                148.4131591025766], Default: 20.0855369232,   │
│                                on log-scale                                  │
│                                    xgboost.nrounds, Type: UniformInteger,    │
│                                Range: [7, 2981], Default: 144, on log-scale  │
│                                    xgboost.rate_drop, Type: UniformFloat,    │
│                                Range: [0.0, 1.0], Default: 0.5               │
│                                    xgboost.skip_drop, Type: UniformFloat,    │
│                                Range: [0.0, 1.0], Default: 0.5               │
│                                    xgboost.subsample, Type: UniformFloat,    │
│                                Range: [0.1, 1.0], Default: 0.55              │
│                                  Conditions:                                 │
│                                    (ranger.num.random.splits |               │
│                                ranger.splitrule == 'extratrees' &&           │
│                                ranger.num.random.splits | learner_id ==      │
│                                'ranger')                                     │
│                                    (svm.degree | svm.kernel == 'polynomial'  │
│                                && svm.degree | learner_id == 'svm')          │
│                                    (svm.gamma | svm.kernel == 'radial' &&    │
│                                svm.gamma | learner_id == 'svm')              │
│                                    (xgboost.colsample_bylevel |              │
│                                xgboost.booster in {'dart', 'gbtree'} &&      │
│                                xgboost.colsample_bylevel | learner_id ==     │
│                                'xgboost')                                    │
│                                    (xgboost.colsample_bytree |               │
│                                xgboost.booster in {'dart', 'gbtree'} &&      │
│                                xgboost.colsample_bytree | learner_id ==      │
│                                'xgboost')                                    │
│                                    (xgboost.eta | xgboost.booster in         │
│                                {'dart', 'gbtree'} && xgboost.eta |           │
│                                learner_id == 'xgboost')                      │
│                                    (xgboost.gamma | xgboost.booster in       │
│                                {'dart', 'gbtree'} && xgboost.gamma |         │
│                                learner_id == 'xgboost')                      │
│                                    (xgboost.max_depth | xgboost.booster in   │
│                                {'dart', 'gbtree'} && xgboost.max_depth |     │
│                                learner_id == 'xgboost')                      │
│                                    (xgboost.min_child_weight |               │
│                                xgboost.booster in {'dart', 'gbtree'} &&      │
│                                xgboost.min_child_weight | learner_id ==      │
│                                'xgboost')                                    │
│                                    (xgboost.rate_drop | xgboost.booster ==   │
│                                'dart' && xgboost.rate_drop | learner_id ==   │
│                                'xgboost')                                    │
│                                    (xgboost.skip_drop | xgboost.booster ==   │
│                                'dart' && xgboost.skip_drop | learner_id ==   │
│                                'xgboost')                                    │
│                                    aknn.M | learner_id == 'aknn'             │
│                                    aknn.distance | learner_id == 'aknn'      │
│                                    aknn.ef | learner_id == 'aknn'            │
│                                    aknn.ef_construction | learner_id ==      │
│                                'aknn'                                        │
│                                    aknn.k | learner_id == 'aknn'             │
│                                    glmnet.alpha | learner_id == 'glmnet'     │
│                                    glmnet.s | learner_id == 'glmnet'         │
│                                    ranger.min.node.size | learner_id ==      │
│                                'ranger'                                      │
│                                    ranger.mtry.power | learner_id ==         │
│                                'ranger'                                      │
│                                    ranger.num.trees | learner_id == 'ranger' │
│                                    ranger.respect.unordered.factors |        │
│                                learner_id == 'ranger'                        │
│                                    ranger.sample.fraction | learner_id ==    │
│                                'ranger'                                      │
│                                    ranger.splitrule | learner_id == 'ranger' │
│                                    rpart.cp | learner_id == 'rpart'          │
│                                    rpart.maxdepth | learner_id == 'rpart'    │
│                                    rpart.minbucket | learner_id == 'rpart'   │
│                                    rpart.minsplit | learner_id == 'rpart'    │
│                                    svm.cost | learner_id == 'svm'            │
│                                    svm.kernel | learner_id == 'svm'          │
│                                    svm.tolerance | learner_id == 'svm'       │
│                                    xgboost.alpha | learner_id == 'xgboost'   │
│                                    xgboost.booster | learner_id == 'xgboost' │
│                                    xgboost.lambda | learner_id == 'xgboost'  │
│                                    xgboost.nrounds | learner_id == 'xgboost' │
│                                    xgboost.subsample | learner_id ==         │
│                                'xgboost'                                     │
│                                ,                                             │
│                                        fidelity_space=FidelitySpace(         │
│                                            is_multifidelity=False,           │
│                                            fidelity_type=None,               │
│                                            min_fidelity=None,                │
│                                            max_fidelity=None                 │
│                                        ),                                    │
│                                        instance_space=None                   │
│                                    ),                                        │
│                                    output_space=OutputSpace(                 │
│                                        n_objectives=1,                       │
│                                        objectives=['acc']                    │
│                                    ),                                        │
│                                    optimization_resources=OptimizationResou… │
│                                        n_trials=50,                          │
│                                        time_budget=None,                     │
│                                        n_workers=1                           │
│                                    ),                                        │
│                                    metadata=TaskMetadata(                    │
│                                        has_constraints=False,                │
│                                        domain='ML',                          │
│                                        objective_function_approximation='su… │
│                                        has_virtual_time=False,               │
│                                        deterministic=False,                  │
│                                        dimensions=38,                        │
│                                        search_space_n_categoricals=7,        │
│                                        search_space_n_ordinals=0,            │
│                                        search_space_n_integers=13,           │
│                                        search_space_n_floats=18,             │
│                                        search_space_has_conditionals=True,   │
│                                        search_space_has_forbiddens=False,    │
│                                        search_space_has_priors=False         │
│                                    ),                                        │
│                                    seed=4                                    │
│                                )                                             │
│               telemetry_path = 'results/telemetry_standard_disagreement_cfg… │
│            telemetry_records = []                                            │
│                  time_budget = None                                          │
│                trial_counter = 0                                             │
│ virtual_time_elapsed_seconds = 0.0                                           │
│                  window_size = 5                                             │
╰──────────────────────────────────────────────────────────────────────────────╯
[[36m2026-07-19 21:20:21,724[0m][[34mFileLogger[0m][[32mINFO[0m] - n_trials: 1, n_function_calls: 1, config: [np.str_('ranger'), np.str_('impute.hist'), '1457', 72, 0.6866670799163, 265, np.str_('partition'), 0.952366626178, np.str_('extratrees'), 77], cost: -0.7261077165603638[0m
[[36m2026-07-19 21:20:21,760[0m][[34mFileLogger[0m][[32mINFO[0m] - n_trials: 2, n_function_calls: 2, config: [np.str_('xgboost'), np.str_('impute.median'), '1457', 0.0039391645859, np.str_('gbtree'), 0.102337165715, 27, 0.5008213400746, 0.5099504023658, 0.975230159391, 0.0018260412294, 0.000471936498, 1, 120.5700873116912], cost: -0.01590907946228981[0m
[[36m2026-07-19 21:20:21,782[0m][[34mFileLogger[0m][[32mINFO[0m] - n_trials: 3, n_function_calls: 3, config: [np.str_('rpart'), np.str_('impute.median'), '1457', 0.0200448431104, 16, 70, 70], cost: -0.045654863119125366[0m
[[36m2026-07-19 21:20:21,802[0m][[34mFileLogger[0m][[32mINFO[0m] - n_trials: 4, n_function_calls: 4, config: [np.str_('xgboost'), np.str_('impute.median'), '1457', 356.061333567508, np.str_('dart'), 37.1067125665955, 146, 0.3910386484724, 0.1736084382008, 0.3847248925687, 0.015601943686, 4.3112003202993, 14, 3.417026970457, 0.1306723227896, 0.7616099708356], cost: -0.08580590039491653[0m
[[36m2026-07-19 21:20:21,823[0m][[34mFileLogger[0m][[32mINFO[0m] - n_trials: 5, n_function_calls: 5, config: [np.str_('rpart'), np.str_('impute.hist'), '1457', 0.1503899967612, 27, 70, 43], cost: -0.004614272620528936[0m
[[36m2026-07-19 21:20:21,843[0m][[34mFileLogger[0m][[32mINFO[0m] - n_trials: 6, n_function_calls: 6, config: [np.str_('rpart'), np.str_('impute.mean'), '1457', 0.0027044542195, 9, 75, 90], cost: -0.14388543367385864[0m
[[36m2026-07-19 21:20:21,864[0m][[34mFileLogger[0m][[32mINFO[0m] - n_trials: 7, n_function_calls: 7, config: [np.str_('rpart'), np.str_('impute.hist'), '1457', 0.0009520242803, 8, 4, 69], cost: -0.23738765716552734[0m
[[36m2026-07-19 21:20:21,884[0m][[34mFileLogger[0m][[32mINFO[0m] - n_trials: 8, n_function_calls: 8, config: [np.str_('rpart'), np.str_('impute.mean'), '1457', 0.3642355401422, 2, 37, 65], cost: -0.005989129189401865[0m
[[36m2026-07-19 21:20:21,905[0m][[34mFileLogger[0m][[32mINFO[0m] - n_trials: 9, n_function_calls: 9, config: [np.str_('ranger'), np.str_('impute.median'), '1457', 96, 0.9617568568668, 582, np.str_('order'), 0.7153913281727, np.str_('gini')], cost: -0.6019724607467651[0m
[[36m2026-07-19 21:20:21,926[0m][[34mFileLogger[0m][[32mINFO[0m] - n_trials: 10, n_function_calls: 10, config: [np.str_('rpart'), np.str_('impute.median'), '1457', 0.0999868720228, 5, 88, 39], cost: -0.0031830479856580496[0m
[[36m2026-07-19 21:20:24,543[0m][[34mFileLogger[0m][[32mINFO[0m] - n_trials: 11, n_function_calls: 11, config: [np.str_('ranger'), np.str_('impute.mean'), '1457', 74, 0.4345826808198, 1894, np.str_('order'), 0.4055423772766, np.str_('gini')], cost: -0.7262018918991089[0m
[[36m2026-07-19 21:20:27,152[0m][[34mFileLogger[0m][[32mINFO[0m] - n_trials: 12, n_function_calls: 12, config: [np.str_('ranger'), np.str_('impute.median'), '1457', 80, 0.6769940656922, 361, np.str_('ignore'), 0.8030817633158, np.str_('extratrees'), 4], cost: -0.6133549213409424[0m
[[36m2026-07-19 21:20:29,754[0m][[34mFileLogger[0m][[32mINFO[0m] - n_trials: 13, n_function_calls: 13, config: [np.str_('ranger'), np.str_('impute.median'), '1457', 34, 0.6527962906157, 239, np.str_('ignore'), 0.5982816832417, np.str_('gini')], cost: -0.7055445313453674[0m
[[36m2026-07-19 21:20:32,351[0m][[34mFileLogger[0m][[32mINFO[0m] - n_trials: 14, n_function_calls: 14, config: [np.str_('ranger'), np.str_('impute.mean'), '1457', 37, 0.665928910578, 809, np.str_('ignore'), 0.2055847302298, np.str_('extratrees'), 62], cost: -0.6137107014656067[0m
[[36m2026-07-19 21:20:34,947[0m][[34mFileLogger[0m][[32mINFO[0m] - n_trials: 15, n_function_calls: 15, config: [np.str_('ranger'), np.str_('impute.mean'), '1457', 57, 0.0859087821776, 608, np.str_('ignore'), 0.4308052588085, np.str_('gini')], cost: -0.652204692363739[0m
[[36m2026-07-19 21:20:37,543[0m][[34mFileLogger[0m][[32mINFO[0m] - n_trials: 16, n_function_calls: 16, config: [np.str_('ranger'), np.str_('impute.hist'), '1457', 37, 0.0698403221808, 21, np.str_('partition'), 0.2081045135141, np.str_('gini')], cost: -0.41499772667884827[0m
[[36m2026-07-19 21:20:40,147[0m][[34mFileLogger[0m][[32mINFO[0m] - n_trials: 17, n_function_calls: 17, config: [np.str_('ranger'), np.str_('impute.mean'), '1457', 84, 0.0370992257075, 1565, np.str_('ignore'), 0.7567941546113, np.str_('gini')], cost: -0.7392054796218872[0m
[[36m2026-07-19 21:20:42,755[0m][[34mFileLogger[0m][[32mINFO[0m] - n_trials: 18, n_function_calls: 18, config: [np.str_('ranger'), np.str_('impute.median'), '1457', 73, 0.5188386424413, 1702, np.str_('ignore'), 0.2414306903169, np.str_('gini')], cost: -0.690922200679779[0m
[[36m2026-07-19 21:20:45,372[0m][[34mFileLogger[0m][[32mINFO[0m] - n_trials: 19, n_function_calls: 19, config: [np.str_('ranger'), np.str_('impute.median'), '1457', 74, 0.5588576633168, 67, np.str_('ignore'), 0.9963633781785, np.str_('gini')], cost: -0.6977464556694031[0m
[[36m2026-07-19 21:20:48,007[0m][[34mFileLogger[0m][[32mINFO[0m] - n_trials: 20, n_function_calls: 20, config: [np.str_('ranger'), np.str_('impute.mean'), '1457', 76, 0.2139608671309, 1311, np.str_('order'), 0.1714503118682, np.str_('gini')], cost: -0.6527261734008789[0m
[[36m2026-07-19 21:20:50,600[0m][[34mFileLogger[0m][[32mINFO[0m] - n_trials: 21, n_function_calls: 21, config: [np.str_('ranger'), np.str_('impute.hist'), '1457', 66, 0.0932575180425, 1909, np.str_('partition'), 0.8861125050872, np.str_('gini')], cost: -0.7657254934310913[0m
[[36m2026-07-19 21:20:53,285[0m][[34mFileLogger[0m][[32mINFO[0m] - n_trials: 22, n_function_calls: 22, config: [np.str_('ranger'), np.str_('impute.hist'), '1457', 7, 0.1361432545951, 1877, np.str_('partition'), 0.8856749285399, np.str_('gini')], cost: -0.7686256766319275[0m
[[36m2026-07-19 21:20:55,936[0m][[34mFileLogger[0m][[32mINFO[0m] - n_trials: 23, n_function_calls: 23, config: [np.str_('ranger'), np.str_('impute.hist'), '1457', 3, 0.000383182535, 1411, np.str_('partition'), 0.8506520509155, np.str_('gini')], cost: -0.7135536074638367[0m
[[36m2026-07-19 21:20:58,557[0m][[34mFileLogger[0m][[32mINFO[0m] - n_trials: 24, n_function_calls: 24, config: [np.str_('ranger'), np.str_('impute.mean'), '1457', 16, 0.2026185076185, 37, np.str_('order'), 0.9738342301421, np.str_('gini')], cost: -0.7232920527458191[0m
[[36m2026-07-19 21:21:01,163[0m][[34mFileLogger[0m][[32mINFO[0m] - n_trials: 25, n_function_calls: 25, config: [np.str_('ranger'), np.str_('impute.median'), '1457', 52, 0.2804636011553, 22, np.str_('order'), 0.9873421758925, np.str_('gini')], cost: -0.7088438272476196[0m
[[36m2026-07-19 21:21:03,758[0m][[34mFileLogger[0m][[32mINFO[0m] - n_trials: 26, n_function_calls: 26, config: [np.str_('ranger'), np.str_('impute.hist'), '1457', 72, 0.0288820195552, 1813, np.str_('partition'), 0.8648533616486, np.str_('gini')], cost: -0.7439935207366943[0m
[[36m2026-07-19 21:21:06,369[0m][[34mFileLogger[0m][[32mINFO[0m] - n_trials: 27, n_function_calls: 27, config: [np.str_('ranger'), np.str_('impute.hist'), '1457', 42, 0.0803013037389, 1798, np.str_('ignore'), 0.9009712553327, np.str_('extratrees'), 77], cost: -0.7210344672203064[0m
[[36m2026-07-19 21:21:08,968[0m][[34mFileLogger[0m][[32mINFO[0m] - n_trials: 28, n_function_calls: 28, config: [np.str_('ranger'), np.str_('impute.hist'), '1457', 30, 0.2980768778562, 1900, np.str_('ignore'), 0.2774320511672, np.str_('extratrees'), 22], cost: -0.6694105863571167[0m
[[36m2026-07-19 21:21:11,568[0m][[34mFileLogger[0m][[32mINFO[0m] - n_trials: 29, n_function_calls: 29, config: [np.str_('ranger'), np.str_('impute.mean'), '1457', 17, 0.3102174965419, 1835, np.str_('partition'), 0.1231584524136, np.str_('gini')], cost: -0.6431387662887573[0m
[[36m2026-07-19 21:21:14,182[0m][[34mFileLogger[0m][[32mINFO[0m] - n_trials: 30, n_function_calls: 30, config: [np.str_('ranger'), np.str_('impute.median'), '1457', 5, 0.1341780447792, 15, np.str_('partition'), 0.8851221055993, np.str_('gini')], cost: -0.6852238178253174[0m
[[36m2026-07-19 21:21:16,793[0m][[34mFileLogger[0m][[32mINFO[0m] - n_trials: 31, n_function_calls: 31, config: [np.str_('ranger'), np.str_('impute.hist'), '1457', 60, 0.049452022484, 1981, np.str_('partition'), 0.8963450361632, np.str_('gini')], cost: -0.7626572847366333[0m
[[36m2026-07-19 21:21:19,407[0m][[34mFileLogger[0m][[32mINFO[0m] - n_trials: 32, n_function_calls: 32, config: [np.str_('ranger'), np.str_('impute.mean'), '1457', 71, 0.3823862896161, 11, np.str_('order'), 0.9720199682243, np.str_('gini')], cost: -0.7106415629386902[0m
[[36m2026-07-19 21:21:22,004[0m][[34mFileLogger[0m][[32mINFO[0m] - n_trials: 33, n_function_calls: 33, config: [np.str_('ranger'), np.str_('impute.hist'), '1457', 25, 0.0139508227601, 1304, np.str_('order'), 0.880531680143, np.str_('gini')], cost: -0.7392435669898987[0m
[[36m2026-07-19 21:21:24,606[0m][[34mFileLogger[0m][[32mINFO[0m] - n_trials: 34, n_function_calls: 34, config: [np.str_('ranger'), np.str_('impute.hist'), '1457', 41, 0.0492043183023, 1996, np.str_('order'), 0.7990353155783, np.str_('gini')], cost: -0.7763121724128723[0m
[[36m2026-07-19 21:21:27,226[0m][[34mFileLogger[0m][[32mINFO[0m] - n_trials: 35, n_function_calls: 35, config: [np.str_('ranger'), np.str_('impute.median'), '1457', 23, 0.0322286849316, 2000, np.str_('partition'), 0.1640926409876, np.str_('gini')], cost: -0.6470008492469788[0m
[[36m2026-07-19 21:21:29,836[0m][[34mFileLogger[0m][[32mINFO[0m] - n_trials: 36, n_function_calls: 36, config: [np.str_('ranger'), np.str_('impute.hist'), '1457', 39, 0.0301504288563, 973, np.str_('order'), 0.9164288095488, np.str_('gini')], cost: -0.7535190582275391[0m
[[36m2026-07-19 21:21:32,452[0m][[34mFileLogger[0m][[32mINFO[0m] - n_trials: 37, n_function_calls: 37, config: [np.str_('ranger'), np.str_('impute.hist'), '1457', 15, 0.8312116570722, 1967, np.str_('ignore'), 0.854790461056, np.str_('gini')], cost: -0.7533639073371887[0m
[[36m2026-07-19 21:21:35,060[0m][[34mFileLogger[0m][[32mINFO[0m] - n_trials: 38, n_function_calls: 38, config: [np.str_('ranger'), np.str_('impute.mean'), '1457', 65, 0.0072764383116, 5, np.str_('ignore'), 0.9951618414634, np.str_('gini')], cost: -0.6210574507713318[0m
[[36m2026-07-19 21:21:37,681[0m][[34mFileLogger[0m][[32mINFO[0m] - n_trials: 39, n_function_calls: 39, config: [np.str_('ranger'), np.str_('impute.hist'), '1457', 31, 0.2805201444341, 1909, np.str_('partition'), 0.8178243811292, np.str_('gini')], cost: -0.7902175784111023[0m
[[36m2026-07-19 21:21:40,291[0m][[34mFileLogger[0m][[32mINFO[0m] - n_trials: 40, n_function_calls: 40, config: [np.str_('ranger'), np.str_('impute.hist'), '1457', 34, 0.9643827953808, 1920, np.str_('partition'), 0.2984103400463, np.str_('gini')], cost: -0.6690710783004761[0m
[[36m2026-07-19 21:21:42,886[0m][[34mFileLogger[0m][[32mINFO[0m] - n_trials: 41, n_function_calls: 41, config: [np.str_('ranger'), np.str_('impute.hist'), '1457', 30, 0.0998634965099, 1870, np.str_('ignore'), 0.7550547971456, np.str_('extratrees'), 43], cost: -0.7135862708091736[0m
[[36m2026-07-19 21:21:45,490[0m][[34mFileLogger[0m][[32mINFO[0m] - n_trials: 42, n_function_calls: 42, config: [np.str_('ranger'), np.str_('impute.hist'), '1457', 73, 0.0734881320361, 742, np.str_('order'), 0.7453725291965, np.str_('gini')], cost: -0.7327188849449158[0m
[[36m2026-07-19 21:21:48,123[0m][[34mFileLogger[0m][[32mINFO[0m] - n_trials: 43, n_function_calls: 43, config: [np.str_('ranger'), np.str_('impute.hist'), '1457', 6, 0.0047980140363, 1215, np.str_('partition'), 0.795671125333, np.str_('gini')], cost: -0.7039704322814941[0m
[[36m2026-07-19 21:21:50,745[0m][[34mFileLogger[0m][[32mINFO[0m] - n_trials: 44, n_function_calls: 44, config: [np.str_('ranger'), np.str_('impute.hist'), '1457', 62, 0.1830893343702, 126, np.str_('partition'), 0.9632355881902, np.str_('gini')], cost: -0.6926189661026001[0m
[[36m2026-07-19 21:21:53,358[0m][[34mFileLogger[0m][[32mINFO[0m] - n_trials: 45, n_function_calls: 45, config: [np.str_('ranger'), np.str_('impute.hist'), '1457', 41, 0.1271960222273, 1973, np.str_('partition'), 0.4660242860813, np.str_('gini')], cost: -0.7426877021789551[0m
[[36m2026-07-19 21:21:55,957[0m][[34mFileLogger[0m][[32mINFO[0m] - n_trials: 46, n_function_calls: 46, config: [np.str_('ranger'), np.str_('impute.hist'), '1457', 53, 0.0525227470268, 726, np.str_('order'), 0.8345918956964, np.str_('gini')], cost: -0.7465977668762207[0m
[[36m2026-07-19 21:21:58,562[0m][[34mFileLogger[0m][[32mINFO[0m] - n_trials: 47, n_function_calls: 47, config: [np.str_('ranger'), np.str_('impute.hist'), '1457', 58, 0.0634251446786, 1485, np.str_('partition'), 0.1350649151128, np.str_('gini')], cost: -0.6107784509658813[0m
[[36m2026-07-19 21:22:01,180[0m][[34mFileLogger[0m][[32mINFO[0m] - n_trials: 48, n_function_calls: 48, config: [np.str_('ranger'), np.str_('impute.hist'), '1457', 88, 0.0646118009162, 1894, np.str_('partition'), 0.8701314237299, np.str_('extratrees'), 94], cost: -0.7126736044883728[0m
[[36m2026-07-19 21:22:03,788[0m][[34mFileLogger[0m][[32mINFO[0m] - n_trials: 49, n_function_calls: 49, config: [np.str_('ranger'), np.str_('impute.hist'), '1457', 42, 0.0009952636323, 1961, np.str_('ignore'), 0.9439437176929, np.str_('gini')], cost: -0.7484555840492249[0m
[[36m2026-07-19 21:22:06,395[0m][[34mFileLogger[0m][[32mINFO[0m] - n_trials: 50, n_function_calls: 50, config: [np.str_('ranger'), np.str_('impute.hist'), '1457', 37, 0.4095091941601, 1367, np.str_('partition'), 0.8241251391829, np.str_('gini')], cost: -0.7849584221839905[0m
Solution found: 
(
    TrialInfo(
        config=Configuration(values={
  'learner_id': np.str_('ranger'),
  'num.impute.selected.cpo': np.str_('impute.hist'),
  'task_id': '1457',
  'ranger.min.node.size': 31,
  'ranger.mtry.power': 0.2805201444341,
  'ranger.num.trees': 1909,
  'ranger.respect.unordered.factors': np.str_('partition'),
  'ranger.sample.fraction': 0.8178243811292,
  'ranger.splitrule': np.str_('gini'),
}),
        instance=None,
        seed=None,
        budget=None,
        normalized_budget=None,
        name=None,
        checkpoint=None,
        additional_info={}
    ),
    TrialValue(
        cost=np.float32(-0.7902176),
        time=0.0019865036010742188,
        virtual_time=0.0,
        status=<StatusType.SUCCESS: 1>,
        starttime=1784488897.6758938,
        endtime=1784488897.6778803,
        additional_info={}
    )
)
==================================================
BENCHMARK SWEEP STEP COMPLETED SUCCESSFULLY!
==================================================
==================================================
Array Task Index 634 Finished
==================================================
