==================================================
Array Job ID: 7561164 | Task Index: 603
Running arguments: +optimizer=dyrf_epistemic_hpobench optimizer.extractor_name=chen_variance +task/YAHPO/SO=cfg_rbv2_super_1063 task.optimization_resources.n_trials=50 seed=3 optimizer.telemetry_path=results/telemetry_chen_variance_cfg_rbv2_super_1063_seed3.json optimizer_id=CARPSDynamicRF optimizer_container_id=CARPSDynamicRF
==================================================
==================================================
Running CARP-S HPOBench Dynamic BO Benchmark Sweep
Using python: python3
==================================================
[[36m2026-07-21 02:01:38,074[0m][[34m/bigwork/nhwpseis/.conda/envs/dyrf/lib/python3.13/site-packages/carps/run.py[0m][[32mINFO[0m] - Runcommand: `python -m carps.run +optimizer=dyrf_epistemic_hpobench optimizer.extractor_name=chen_variance +task/YAHPO/SO=cfg_rbv2_super_1063 task.optimization_resources.n_trials=50 seed=3 optimizer.telemetry_path=results/telemetry_chen_variance_cfg_rbv2_super_1063_seed3.json optimizer_id=CARPSDynamicRF optimizer_container_id=CARPSDynamicRF`[0m
{
    'seed': 3,
    'task': {
        '_target_': 'carps.utils.task.Task',
        'name': 'yahpo/so/rbv2_super/1063/None',
        'seed': 3,
        'objective_function': {
            '_target_': 
'carps.objective_functions.yahpo.YahpoObjectiveFunction',
            'bench': 'rbv2_super',
            'instance': '1063',
            'budget_type': None,
            'metric': ['acc'],
            'seed': 3
        },
        'input_space': {
            '_target_': 'carps.utils.task.InputSpace',
            'configuration_space': {
                '_target_': 
'ConfigSpace.configuration_space.ConfigurationSpace.from_serialized_dict',
                '_convert_': 'object',
                'd': {
                    'name': None,
                    'hyperparameters': [
                        {
                            'type': 'categorical',
                            'name': 'learner_id',
                            'choices': [
                                'aknn',
                                'glmnet',
                                'ranger',
                                'rpart',
                                'svm',
                                'xgboost'
                            ],
                            'weights': None,
                            'default_value': 'aknn',
                            'meta': None
                        },
                        {
                            'type': 'categorical',
                            'name': 'num.impute.selected.cpo',
                            'choices': [
                                'impute.mean',
                                'impute.median',
                                'impute.hist'
                            ],
                            'weights': None,
                            'default_value': 'impute.mean',
                            'meta': None
                        },
                        {
                            'type': 'constant',
                            'name': 'task_id',
                            'value': '1063',
                            'meta': None
                        },
                        {
                            'type': 'uniform_int',
                            'name': 'aknn.M',
                            'lower': 18,
                            'upper': 50,
                            'default_value': 34,
                            'log': False,
                            'meta': None
                        },
                        {
                            'type': 'categorical',
                            'name': 'aknn.distance',
                            'choices': ['l2', 'cosine', 'ip'],
                            'weights': None,
                            'default_value': 'l2',
                            'meta': None
                        },
                        {
                            'type': 'uniform_int',
                            'name': 'aknn.ef',
                            'lower': 8,
                            'upper': 256,
                            'default_value': 48,
                            'log': True,
                            'meta': None
                        },
                        {
                            'type': 'uniform_int',
                            'name': 'aknn.ef_construction',
                            'lower': 8,
                            'upper': 512,
                            'default_value': 96,
                            'log': True,
                            'meta': None
                        },
                        {
                            'type': 'uniform_int',
                            'name': 'aknn.k',
                            'lower': 1,
                            'upper': 50,
                            'default_value': 26,
                            'log': False,
                            'meta': None
                        },
                        {
                            'type': 'uniform_float',
                            'name': 'glmnet.alpha',
                            'lower': 0.0,
                            'upper': 1.0,
                            'default_value': 1.0,
                            'log': False,
                            'meta': None
                        },
                        {
                            'type': 'uniform_float',
                            'name': 'glmnet.s',
                            'lower': 0.0009118819656,
                            'upper': 1096.6331584284585,
                            'default_value': 1.0,
                            'log': True,
                            'meta': None
                        },
                        {
                            'type': 'uniform_int',
                            'name': 'ranger.min.node.size',
                            'lower': 1,
                            'upper': 100,
                            'default_value': 50,
                            'log': False,
                            'meta': None
                        },
                        {
                            'type': 'uniform_float',
                            'name': 'ranger.mtry.power',
                            'lower': 0.0,
                            'upper': 1.0,
                            'default_value': 0.0,
                            'log': False,
                            'meta': None
                        },
                        {
                            'type': 'uniform_int',
                            'name': 'ranger.num.trees',
                            'lower': 1,
                            'upper': 2000,
                            'default_value': 1000,
                            'log': False,
                            'meta': None
                        },
                        {
                            'type': 'categorical',
                            'name': 'ranger.respect.unordered.factors',
                            'choices': ['ignore', 'order', 'partition'],
                            'weights': None,
                            'default_value': 'ignore',
                            'meta': None
                        },
                        {
                            'type': 'uniform_float',
                            'name': 'ranger.sample.fraction',
                            'lower': 0.1,
                            'upper': 1.0,
                            'default_value': 0.55,
                            'log': False,
                            'meta': None
                        },
                        {
                            'type': 'categorical',
                            'name': 'ranger.splitrule',
                            'choices': ['gini', 'extratrees'],
                            'weights': None,
                            'default_value': 'gini',
                            'meta': None
                        },
                        {
                            'type': 'uniform_float',
                            'name': 'rpart.cp',
                            'lower': 0.0009118819656,
                            'upper': 1.0,
                            'default_value': 0.01,
                            'log': True,
                            'meta': None
                        },
                        {
                            'type': 'uniform_int',
                            'name': 'rpart.maxdepth',
                            'lower': 1,
                            'upper': 30,
                            'default_value': 30,
                            'log': False,
                            'meta': None
                        },
                        {
                            'type': 'uniform_int',
                            'name': 'rpart.minbucket',
                            'lower': 1,
                            'upper': 100,
                            'default_value': 1,
                            'log': False,
                            'meta': None
                        },
                        {
                            'type': 'uniform_int',
                            'name': 'rpart.minsplit',
                            'lower': 1,
                            'upper': 100,
                            'default_value': 20,
                            'log': False,
                            'meta': None
                        },
                        {
                            'type': 'uniform_float',
                            'name': 'svm.cost',
                            'lower': 4.53999298e-05,
                            'upper': 22026.465794806718,
                            'default_value': 1.0,
                            'log': True,
                            'meta': None
                        },
                        {
                            'type': 'categorical',
                            'name': 'svm.kernel',
                            'choices': ['linear', 'polynomial', 'radial'],
                            'weights': None,
                            'default_value': 'linear',
                            'meta': None
                        },
                        {
                            'type': 'uniform_float',
                            'name': 'svm.tolerance',
                            'lower': 4.53999298e-05,
                            'upper': 2.0,
                            'default_value': 0.009528896,
                            'log': True,
                            'meta': None
                        },
                        {
                            'type': 'uniform_float',
                            'name': 'xgboost.alpha',
                            'lower': 0.0009118819656,
                            'upper': 1096.6331584284585,
                            'default_value': 1.0,
                            'log': True,
                            'meta': None
                        },
                        {
                            'type': 'categorical',
                            'name': 'xgboost.booster',
                            'choices': ['gblinear', 'gbtree', 'dart'],
                            'weights': None,
                            'default_value': 'gblinear',
                            'meta': None
                        },
                        {
                            'type': 'uniform_float',
                            'name': 'xgboost.lambda',
                            'lower': 0.0009118819656,
                            'upper': 1096.6331584284585,
                            'default_value': 1.0,
                            'log': True,
                            'meta': None
                        },
                        {
                            'type': 'uniform_int',
                            'name': 'xgboost.nrounds',
                            'lower': 7,
                            'upper': 2981,
                            'default_value': 144,
                            'log': True,
                            'meta': None
                        },
                        {
                            'type': 'uniform_float',
                            'name': 'xgboost.subsample',
                            'lower': 0.1,
                            'upper': 1.0,
                            'default_value': 0.55,
                            'log': False,
                            'meta': None
                        },
                        {
                            'type': 'uniform_int',
                            'name': 'ranger.num.random.splits',
                            'lower': 1,
                            'upper': 100,
                            'default_value': 1,
                            'log': False,
                            'meta': None
                        },
                        {
                            'type': 'uniform_int',
                            'name': 'svm.degree',
                            'lower': 2,
                            'upper': 5,
                            'default_value': 4,
                            'log': False,
                            'meta': None
                        },
                        {
                            'type': 'uniform_float',
                            'name': 'svm.gamma',
                            'lower': 4.53999298e-05,
                            'upper': 22026.465794806718,
                            'default_value': 1.0,
                            'log': True,
                            'meta': None
                        },
                        {
                            'type': 'uniform_float',
                            'name': 'xgboost.colsample_bylevel',
                            'lower': 0.01,
                            'upper': 1.0,
                            'default_value': 0.505,
                            'log': False,
                            'meta': None
                        },
                        {
                            'type': 'uniform_float',
                            'name': 'xgboost.colsample_bytree',
                            'lower': 0.01,
                            'upper': 1.0,
                            'default_value': 0.505,
                            'log': False,
                            'meta': None
                        },
                        {
                            'type': 'uniform_float',
                            'name': 'xgboost.eta',
                            'lower': 0.0009118819656,
                            'upper': 1.0,
                            'default_value': 0.0301973834,
                            'log': True,
                            'meta': None
                        },
                        {
                            'type': 'uniform_float',
                            'name': 'xgboost.gamma',
                            'lower': 4.53999298e-05,
                            'upper': 7.3890560989306,
                            'default_value': 0.0183156389,
                            'log': True,
                            'meta': None
                        },
                        {
                            'type': 'uniform_int',
                            'name': 'xgboost.max_depth',
                            'lower': 1,
                            'upper': 15,
                            'default_value': 8,
                            'log': False,
                            'meta': None
                        },
                        {
                            'type': 'uniform_float',
                            'name': 'xgboost.min_child_weight',
                            'lower': 2.718281828459,
                            'upper': 148.4131591025766,
                            'default_value': 20.0855369232,
                            'log': True,
                            'meta': None
                        },
                        {
                            'type': 'uniform_float',
                            'name': 'xgboost.rate_drop',
                            'lower': 0.0,
                            'upper': 1.0,
                            'default_value': 0.5,
                            'log': False,
                            'meta': None
                        },
                        {
                            'type': 'uniform_float',
                            'name': 'xgboost.skip_drop',
                            'lower': 0.0,
                            'upper': 1.0,
                            'default_value': 0.5,
                            'log': False,
                            'meta': None
                        }
                    ],
                    'conditions': [
                        {
                            'type': 'EQ',
                            'child': 'aknn.M',
                            'parent': 'learner_id',
                            'value': 'aknn'
                        },
                        {
                            'type': 'EQ',
                            'child': 'aknn.distance',
                            'parent': 'learner_id',
                            'value': 'aknn'
                        },
                        {
                            'type': 'EQ',
                            'child': 'aknn.ef',
                            'parent': 'learner_id',
                            'value': 'aknn'
                        },
                        {
                            'type': 'EQ',
                            'child': 'aknn.ef_construction',
                            'parent': 'learner_id',
                            'value': 'aknn'
                        },
                        {
                            'type': 'EQ',
                            'child': 'aknn.k',
                            'parent': 'learner_id',
                            'value': 'aknn'
                        },
                        {
                            'type': 'EQ',
                            'child': 'glmnet.alpha',
                            'parent': 'learner_id',
                            'value': 'glmnet'
                        },
                        {
                            'type': 'EQ',
                            'child': 'glmnet.s',
                            'parent': 'learner_id',
                            'value': 'glmnet'
                        },
                        {
                            'type': 'EQ',
                            'child': 'ranger.min.node.size',
                            'parent': 'learner_id',
                            'value': 'ranger'
                        },
                        {
                            'type': 'EQ',
                            'child': 'ranger.mtry.power',
                            'parent': 'learner_id',
                            'value': 'ranger'
                        },
                        {
                            'type': 'EQ',
                            'child': 'ranger.num.trees',
                            'parent': 'learner_id',
                            'value': 'ranger'
                        },
                        {
                            'type': 'EQ',
                            'child': 'ranger.respect.unordered.factors',
                            'parent': 'learner_id',
                            'value': 'ranger'
                        },
                        {
                            'type': 'EQ',
                            'child': 'ranger.sample.fraction',
                            'parent': 'learner_id',
                            'value': 'ranger'
                        },
                        {
                            'type': 'EQ',
                            'child': 'ranger.splitrule',
                            'parent': 'learner_id',
                            'value': 'ranger'
                        },
                        {
                            'type': 'EQ',
                            'child': 'rpart.cp',
                            'parent': 'learner_id',
                            'value': 'rpart'
                        },
                        {
                            'type': 'EQ',
                            'child': 'rpart.maxdepth',
                            'parent': 'learner_id',
                            'value': 'rpart'
                        },
                        {
                            'type': 'EQ',
                            'child': 'rpart.minbucket',
                            'parent': 'learner_id',
                            'value': 'rpart'
                        },
                        {
                            'type': 'EQ',
                            'child': 'rpart.minsplit',
                            'parent': 'learner_id',
                            'value': 'rpart'
                        },
                        {
                            'type': 'EQ',
                            'child': 'svm.cost',
                            'parent': 'learner_id',
                            'value': 'svm'
                        },
                        {
                            'type': 'EQ',
                            'child': 'svm.kernel',
                            'parent': 'learner_id',
                            'value': 'svm'
                        },
                        {
                            'type': 'EQ',
                            'child': 'svm.tolerance',
                            'parent': 'learner_id',
                            'value': 'svm'
                        },
                        {
                            'type': 'EQ',
                            'child': 'xgboost.alpha',
                            'parent': 'learner_id',
                            'value': 'xgboost'
                        },
                        {
                            'type': 'EQ',
                            'child': 'xgboost.booster',
                            'parent': 'learner_id',
                            'value': 'xgboost'
                        },
                        {
                            'type': 'EQ',
                            'child': 'xgboost.lambda',
                            'parent': 'learner_id',
                            'value': 'xgboost'
                        },
                        {
                            'type': 'EQ',
                            'child': 'xgboost.nrounds',
                            'parent': 'learner_id',
                            'value': 'xgboost'
                        },
                        {
                            'type': 'EQ',
                            'child': 'xgboost.subsample',
                            'parent': 'learner_id',
                            'value': 'xgboost'
                        },
                        {
                            'type': 'AND',
                            'child': 'ranger.num.random.splits',
                            'conditions': [
                                {
                                    'type': 'EQ',
                                    'child': 'ranger.num.random.splits',
                                    'parent': 'ranger.splitrule',
                                    'value': 'extratrees'
                                },
                                {
                                    'type': 'EQ',
                                    'child': 'ranger.num.random.splits',
                                    'parent': 'learner_id',
                                    'value': 'ranger'
                                }
                            ]
                        },
                        {
                            'type': 'AND',
                            'child': 'svm.degree',
                            'conditions': [
                                {
                                    'type': 'EQ',
                                    'child': 'svm.degree',
                                    'parent': 'svm.kernel',
                                    'value': 'polynomial'
                                },
                                {
                                    'type': 'EQ',
                                    'child': 'svm.degree',
                                    'parent': 'learner_id',
                                    'value': 'svm'
                                }
                            ]
                        },
                        {
                            'type': 'AND',
                            'child': 'svm.gamma',
                            'conditions': [
                                {
                                    'type': 'EQ',
                                    'child': 'svm.gamma',
                                    'parent': 'svm.kernel',
                                    'value': 'radial'
                                },
                                {
                                    'type': 'EQ',
                                    'child': 'svm.gamma',
                                    'parent': 'learner_id',
                                    'value': 'svm'
                                }
                            ]
                        },
                        {
                            'type': 'AND',
                            'child': 'xgboost.colsample_bylevel',
                            'conditions': [
                                {
                                    'type': 'IN',
                                    'child': 'xgboost.colsample_bylevel',
                                    'parent': 'xgboost.booster',
                                    'values': ['dart', 'gbtree']
                                },
                                {
                                    'type': 'EQ',
                                    'child': 'xgboost.colsample_bylevel',
                                    'parent': 'learner_id',
                                    'value': 'xgboost'
                                }
                            ]
                        },
                        {
                            'type': 'AND',
                            'child': 'xgboost.colsample_bytree',
                            'conditions': [
                                {
                                    'type': 'IN',
                                    'child': 'xgboost.colsample_bytree',
                                    'parent': 'xgboost.booster',
                                    'values': ['dart', 'gbtree']
                                },
                                {
                                    'type': 'EQ',
                                    'child': 'xgboost.colsample_bytree',
                                    'parent': 'learner_id',
                                    'value': 'xgboost'
                                }
                            ]
                        },
                        {
                            'type': 'AND',
                            'child': 'xgboost.eta',
                            'conditions': [
                                {
                                    'type': 'IN',
                                    'child': 'xgboost.eta',
                                    'parent': 'xgboost.booster',
                                    'values': ['dart', 'gbtree']
                                },
                                {
                                    'type': 'EQ',
                                    'child': 'xgboost.eta',
                                    'parent': 'learner_id',
                                    'value': 'xgboost'
                                }
                            ]
                        },
                        {
                            'type': 'AND',
                            'child': 'xgboost.gamma',
                            'conditions': [
                                {
                                    'type': 'IN',
                                    'child': 'xgboost.gamma',
                                    'parent': 'xgboost.booster',
                                    'values': ['dart', 'gbtree']
                                },
                                {
                                    'type': 'EQ',
                                    'child': 'xgboost.gamma',
                                    'parent': 'learner_id',
                                    'value': 'xgboost'
                                }
                            ]
                        },
                        {
                            'type': 'AND',
                            'child': 'xgboost.max_depth',
                            'conditions': [
                                {
                                    'type': 'IN',
                                    'child': 'xgboost.max_depth',
                                    'parent': 'xgboost.booster',
                                    'values': ['dart', 'gbtree']
                                },
                                {
                                    'type': 'EQ',
                                    'child': 'xgboost.max_depth',
                                    'parent': 'learner_id',
                                    'value': 'xgboost'
                                }
                            ]
                        },
                        {
                            'type': 'AND',
                            'child': 'xgboost.min_child_weight',
                            'conditions': [
                                {
                                    'type': 'IN',
                                    'child': 'xgboost.min_child_weight',
                                    'parent': 'xgboost.booster',
                                    'values': ['dart', 'gbtree']
                                },
                                {
                                    'type': 'EQ',
                                    'child': 'xgboost.min_child_weight',
                                    'parent': 'learner_id',
                                    'value': 'xgboost'
                                }
                            ]
                        },
                        {
                            'type': 'AND',
                            'child': 'xgboost.rate_drop',
                            'conditions': [
                                {
                                    'type': 'EQ',
                                    'child': 'xgboost.rate_drop',
                                    'parent': 'xgboost.booster',
                                    'value': 'dart'
                                },
                                {
                                    'type': 'EQ',
                                    'child': 'xgboost.rate_drop',
                                    'parent': 'learner_id',
                                    'value': 'xgboost'
                                }
                            ]
                        },
                        {
                            'type': 'AND',
                            'child': 'xgboost.skip_drop',
                            'conditions': [
                                {
                                    'type': 'EQ',
                                    'child': 'xgboost.skip_drop',
                                    'parent': 'xgboost.booster',
                                    'value': 'dart'
                                },
                                {
                                    'type': 'EQ',
                                    'child': 'xgboost.skip_drop',
                                    'parent': 'learner_id',
                                    'value': 'xgboost'
                                }
                            ]
                        }
                    ],
                    'forbiddens': [],
                    'python_module_version': '1.2.0',
                    'format_version': 0.4
                }
            },
            'fidelity_space': {
                '_target_': 'carps.utils.task.FidelitySpace',
                'is_multifidelity': False,
                'fidelity_type': None,
                'min_fidelity': None,
                'max_fidelity': None
            },
            'instance_space': None
        },
        'output_space': {
            '_target_': 'carps.utils.task.OutputSpace',
            'n_objectives': 1,
            'objectives': ['acc']
        },
        'optimization_resources': {
            '_target_': 'carps.utils.task.OptimizationResources',
            'n_trials': 50,
            'time_budget': None,
            'n_workers': 1
        },
        'metadata': {
            '_target_': 'carps.utils.task.TaskMetadata',
            'has_constraints': False,
            'domain': 'ML',
            'objective_function_approximation': 'surrogate',
            'has_virtual_time': False,
            'deterministic': False,
            'dimensions': 38,
            'search_space_n_categoricals': 7,
            'search_space_n_ordinals': 0,
            'search_space_n_integers': 13,
            'search_space_n_floats': 18,
            'search_space_has_conditionals': True,
            'search_space_has_forbiddens': False,
            'search_space_has_priors': False
        }
    },
    'benchmark_id': 'YAHPO',
    'task_id': 'yahpo/so/rbv2_super/1063/None',
    'optimizer': {
        '_target_': 'carps_integration.optimizer.CARPSDynamicRFOptimizer',
        '_partial_': True,
        'extractor_name': 'chen_variance',
        'n_init': 10,
        'kappa': 1.96,
        'telemetry_path': 
'results/telemetry_chen_variance_cfg_rbv2_super_1063_seed3.json',
        'window_size': 5,
        'min_samples_leaf_base': 2,
        'min_samples_leaf_min': 1,
        'min_samples_leaf_max': 15,
        'alpha': 1.0,
        'max_features_base': 0.5,
        'max_features_min': 0.1,
        'max_features_max': 0.8,
        'eta': 0.5
    },
    'optimizer_id': 'CARPSDynamicRF',
    'optimizer_container_id': 'CARPSDynamicRF',
    'pyexperimenter_configuration_file_path': None,
    'database_credential_file_path': None,
    'use_special_conda_env': False,
    'conda_env_name': 'carps_YAHPO_CARPSDynamicRF',
    'timestamp': '2026-07-21/02-01-37',
    'baserundir': 'runs',
    'outdir': 'runs/CARPSDynamicRF/YAHPO/yahpo/so/rbv2_super/1063/None/3',
    'loggers': [
        {
            '_target_': 'carps.loggers.file_logger.FileLogger',
            '_partial_': True,
            'overwrite': True
        },
        {
            '_target_': 'carps.loggers.database_logger.DatabaseLogger',
            '_partial_': True
        }
    ]
}
[[36m2026-07-21 02:01:38,142[0m][[34mFileLogger[0m][[32mINFO[0m] - Found previous run. Removing 'runs/CARPSDynamicRF/YAHPO/yahpo/so/rbv2_super/1063/None/3'.[0m
[[36m2026-07-21 02:01:38,507[0m][[34mDatabaseLogger[0m][[32mINFO[0m] - Not logging to database (result processor is None).[0m
Please make sure to also cite:
Binder M., Pfisterer F. & Bischl B. (2020). Collecting Empirical Data About Hyperparameters for Data Driven AutoML. 7th ICML Workshop on Automated Machine Learning.
╭────────────────────── <class 'carps.utils.task.Task'> ───────────────────────╮
│ Task.                                                                        │
│                                                                              │
│ ╭──────────────────────────────────────────────────────────────────────────╮ │
│ │ Task(                                                                    │ │
│ │ │   name='yahpo/so/rbv2_super/1063/None',                                │ │
│ │ │                                                                        │ │
│ │ objective_function=<carps.objective_functions.yahpo.YahpoObjectiveFuncti │ │
│ │ on object at 0x14bb889a4d70>,                                            │ │
│ │ │   input_space=InputSpace(                                              │ │
│ │ │   │   configuration_space=Configuration space object:                  │ │
│ │   Hyperparameters:                                                       │ │
│ │ │   aknn.M, Type: UniformInteger, Range: [18, 50], Default: 34           │ │
│ │ │   aknn.distance, Type: Categorical, Choices: {l2, cosine, ip},         │ │
│ │ Default: l2                                                              │ │
│ │ │   aknn.ef, Type: UniformInteger, Range: [8, 256], Default: 48, on      │ │
│ │ log-scale                                                                │ │
│ │ │   aknn.ef_construction, Type: UniformInteger, Range: [8, 512],         │ │
│ │ Default: 96, on log-scale                                                │ │
│ │ │   aknn.k, Type: UniformInteger, Range: [1, 50], Default: 26            │ │
│ │ │   glmnet.alpha, Type: UniformFloat, Range: [0.0, 1.0], Default: 1.0    │ │
│ │ │   glmnet.s, Type: UniformFloat, Range: [0.0009118819656,               │ │
│ │ 1096.6331584284585], Default: 1.0, on log-scale                          │ │
│ │ │   learner_id, Type: Categorical, Choices: {aknn, glmnet, ranger,       │ │
│ │ rpart, svm, xgboost}, Default: aknn                                      │ │
│ │ │   num.impute.selected.cpo, Type: Categorical, Choices: {impute.mean,   │ │
│ │ impute.median, impute.hist}, Default: impute.mean                        │ │
│ │ │   ranger.min.node.size, Type: UniformInteger, Range: [1, 100],         │ │
│ │ Default: 50                                                              │ │
│ │ │   ranger.mtry.power, Type: UniformFloat, Range: [0.0, 1.0], Default:   │ │
│ │ 0.0                                                                      │ │
│ │ │   ranger.num.random.splits, Type: UniformInteger, Range: [1, 100],     │ │
│ │ Default: 1                                                               │ │
│ │ │   ranger.num.trees, Type: UniformInteger, Range: [1, 2000], Default:   │ │
│ │ 1000                                                                     │ │
│ │ │   ranger.respect.unordered.factors, Type: Categorical, Choices:        │ │
│ │ {ignore, order, partition}, Default: ignore                              │ │
│ │ │   ranger.sample.fraction, Type: UniformFloat, Range: [0.1, 1.0],       │ │
│ │ Default: 0.55                                                            │ │
│ │ │   ranger.splitrule, Type: Categorical, Choices: {gini, extratrees},    │ │
│ │ Default: gini                                                            │ │
│ │ │   rpart.cp, Type: UniformFloat, Range: [0.0009118819656, 1.0],         │ │
│ │ Default: 0.01, on log-scale                                              │ │
│ │ │   rpart.maxdepth, Type: UniformInteger, Range: [1, 30], Default: 30    │ │
│ │ │   rpart.minbucket, Type: UniformInteger, Range: [1, 100], Default: 1   │ │
│ │ │   rpart.minsplit, Type: UniformInteger, Range: [1, 100], Default: 20   │ │
│ │ │   svm.cost, Type: UniformFloat, Range: [4.53999298e-05,                │ │
│ │ 22026.465794806718], Default: 1.0, on log-scale                          │ │
│ │ │   svm.degree, Type: UniformInteger, Range: [2, 5], Default: 4          │ │
│ │ │   svm.gamma, Type: UniformFloat, Range: [4.53999298e-05,               │ │
│ │ 22026.465794806718], Default: 1.0, on log-scale                          │ │
│ │ │   svm.kernel, Type: Categorical, Choices: {linear, polynomial,         │ │
│ │ radial}, Default: linear                                                 │ │
│ │ │   svm.tolerance, Type: UniformFloat, Range: [4.53999298e-05, 2.0],     │ │
│ │ Default: 0.009528896, on log-scale                                       │ │
│ │ │   task_id, Type: Constant, Value: 1063                                 │ │
│ │ │   xgboost.alpha, Type: UniformFloat, Range: [0.0009118819656,          │ │
│ │ 1096.6331584284585], Default: 1.0, on log-scale                          │ │
│ │ │   xgboost.booster, Type: Categorical, Choices: {gblinear, gbtree,      │ │
│ │ dart}, Default: gblinear                                                 │ │
│ │ │   xgboost.colsample_bylevel, Type: UniformFloat, Range: [0.01, 1.0],   │ │
│ │ Default: 0.505                                                           │ │
│ │ │   xgboost.colsample_bytree, Type: UniformFloat, Range: [0.01, 1.0],    │ │
│ │ Default: 0.505                                                           │ │
│ │ │   xgboost.eta, Type: UniformFloat, Range: [0.0009118819656, 1.0],      │ │
│ │ Default: 0.0301973834, on log-scale                                      │ │
│ │ │   xgboost.gamma, Type: UniformFloat, Range: [4.53999298e-05,           │ │
│ │ 7.3890560989306], Default: 0.0183156389, on log-scale                    │ │
│ │ │   xgboost.lambda, Type: UniformFloat, Range: [0.0009118819656,         │ │
│ │ 1096.6331584284585], Default: 1.0, on log-scale                          │ │
│ │ │   xgboost.max_depth, Type: UniformInteger, Range: [1, 15], Default: 8  │ │
│ │ │   xgboost.min_child_weight, Type: UniformFloat, Range:                 │ │
│ │ [2.718281828459, 148.4131591025766], Default: 20.0855369232, on          │ │
│ │ log-scale                                                                │ │
│ │ │   xgboost.nrounds, Type: UniformInteger, Range: [7, 2981], Default:    │ │
│ │ 144, on log-scale                                                        │ │
│ │ │   xgboost.rate_drop, Type: UniformFloat, Range: [0.0, 1.0], Default:   │ │
│ │ 0.5                                                                      │ │
│ │ │   xgboost.skip_drop, Type: UniformFloat, Range: [0.0, 1.0], Default:   │ │
│ │ 0.5                                                                      │ │
│ │ │   xgboost.subsample, Type: UniformFloat, Range: [0.1, 1.0], Default:   │ │
│ │ 0.55                                                                     │ │
│ │   Conditions:                                                            │ │
│ │ │   (ranger.num.random.splits | ranger.splitrule == 'extratrees' &&      │ │
│ │ ranger.num.random.splits | learner_id == 'ranger')                       │ │
│ │ │   (svm.degree | svm.kernel == 'polynomial' && svm.degree | learner_id  │ │
│ │ == 'svm')                                                                │ │
│ │ │   (svm.gamma | svm.kernel == 'radial' && svm.gamma | learner_id ==     │ │
│ │ 'svm')                                                                   │ │
│ │ │   (xgboost.colsample_bylevel | xgboost.booster in {'dart', 'gbtree'}   │ │
│ │ && xgboost.colsample_bylevel | learner_id == 'xgboost')                  │ │
│ │ │   (xgboost.colsample_bytree | xgboost.booster in {'dart', 'gbtree'} && │ │
│ │ xgboost.colsample_bytree | learner_id == 'xgboost')                      │ │
│ │ │   (xgboost.eta | xgboost.booster in {'dart', 'gbtree'} && xgboost.eta  │ │
│ │ | learner_id == 'xgboost')                                               │ │
│ │ │   (xgboost.gamma | xgboost.booster in {'dart', 'gbtree'} &&            │ │
│ │ xgboost.gamma | learner_id == 'xgboost')                                 │ │
│ │ │   (xgboost.max_depth | xgboost.booster in {'dart', 'gbtree'} &&        │ │
│ │ xgboost.max_depth | learner_id == 'xgboost')                             │ │
│ │ │   (xgboost.min_child_weight | xgboost.booster in {'dart', 'gbtree'} && │ │
│ │ xgboost.min_child_weight | learner_id == 'xgboost')                      │ │
│ │ │   (xgboost.rate_drop | xgboost.booster == 'dart' && xgboost.rate_drop  │ │
│ │ | learner_id == 'xgboost')                                               │ │
│ │ │   (xgboost.skip_drop | xgboost.booster == 'dart' && xgboost.skip_drop  │ │
│ │ | learner_id == 'xgboost')                                               │ │
│ │ │   aknn.M | learner_id == 'aknn'                                        │ │
│ │ │   aknn.distance | learner_id == 'aknn'                                 │ │
│ │ │   aknn.ef | learner_id == 'aknn'                                       │ │
│ │ │   aknn.ef_construction | learner_id == 'aknn'                          │ │
│ │ │   aknn.k | learner_id == 'aknn'                                        │ │
│ │ │   glmnet.alpha | learner_id == 'glmnet'                                │ │
│ │ │   glmnet.s | learner_id == 'glmnet'                                    │ │
│ │ │   ranger.min.node.size | learner_id == 'ranger'                        │ │
│ │ │   ranger.mtry.power | learner_id == 'ranger'                           │ │
│ │ │   ranger.num.trees | learner_id == 'ranger'                            │ │
│ │ │   ranger.respect.unordered.factors | learner_id == 'ranger'            │ │
│ │ │   ranger.sample.fraction | learner_id == 'ranger'                      │ │
│ │ │   ranger.splitrule | learner_id == 'ranger'                            │ │
│ │ │   rpart.cp | learner_id == 'rpart'                                     │ │
│ │ │   rpart.maxdepth | learner_id == 'rpart'                               │ │
│ │ │   rpart.minbucket | learner_id == 'rpart'                              │ │
│ │ │   rpart.minsplit | learner_id == 'rpart'                               │ │
│ │ │   svm.cost | learner_id == 'svm'                                       │ │
│ │ │   svm.kernel | learner_id == 'svm'                                     │ │
│ │ │   svm.tolerance | learner_id == 'svm'                                  │ │
│ │ │   xgboost.alpha | learner_id == 'xgboost'                              │ │
│ │ │   xgboost.booster | learner_id == 'xgboost'                            │ │
│ │ │   xgboost.lambda | learner_id == 'xgboost'                             │ │
│ │ │   xgboost.nrounds | learner_id == 'xgboost'                            │ │
│ │ │   xgboost.subsample | learner_id == 'xgboost'                          │ │
│ │ ,                                                                        │ │
│ │ │   │   fidelity_space=FidelitySpace(                                    │ │
│ │ │   │   │   is_multifidelity=False,                                      │ │
│ │ │   │   │   fidelity_type=None,                                          │ │
│ │ │   │   │   min_fidelity=None,                                           │ │
│ │ │   │   │   max_fidelity=None                                            │ │
│ │ │   │   ),                                                               │ │
│ │ │   │   instance_space=None                                              │ │
│ │ │   ),                                                                   │ │
│ │ │   output_space=OutputSpace(n_objectives=1, objectives=['acc']),        │ │
│ │ │   optimization_resources=OptimizationResources(                        │ │
│ │ │   │   n_trials=50,                                                     │ │
│ │ │   │   time_budget=None,                                                │ │
│ │ │   │   n_workers=1                                                      │ │
│ │ │   ),                                                                   │ │
│ │ │   metadata=TaskMetadata(                                               │ │
│ │ │   │   has_constraints=False,                                           │ │
│ │ │   │   domain='ML',                                                     │ │
│ │ │   │   objective_function_approximation='surrogate',                    │ │
│ │ │   │   has_virtual_time=False,                                          │ │
│ │ │   │   deterministic=False,                                             │ │
│ │ │   │   dimensions=38,                                                   │ │
│ │ │   │   search_space_n_categoricals=7,                                   │ │
│ │ │   │   search_space_n_ordinals=0,                                       │ │
│ │ │   │   search_space_n_integers=13,                                      │ │
│ │ │   │   search_space_n_floats=18,                                        │ │
│ │ │   │   search_space_has_conditionals=True,                              │ │
│ │ │   │   search_space_has_forbiddens=False,                               │ │
│ │ │   │   search_space_has_priors=False                                    │ │
│ │ │   ),                                                                   │ │
│ │ │   seed=3                                                               │ │
│ │ )                                                                        │ │
│ ╰──────────────────────────────────────────────────────────────────────────╯ │
│                                                                              │
│            input_space = InputSpace(                                         │
│                              configuration_space=Configuration space object: │
│                            Hyperparameters:                                  │
│                              aknn.M, Type: UniformInteger, Range: [18, 50],  │
│                          Default: 34                                         │
│                              aknn.distance, Type: Categorical, Choices: {l2, │
│                          cosine, ip}, Default: l2                            │
│                              aknn.ef, Type: UniformInteger, Range: [8, 256], │
│                          Default: 48, on log-scale                           │
│                              aknn.ef_construction, Type: UniformInteger,     │
│                          Range: [8, 512], Default: 96, on log-scale          │
│                              aknn.k, Type: UniformInteger, Range: [1, 50],   │
│                          Default: 26                                         │
│                              glmnet.alpha, Type: UniformFloat, Range: [0.0,  │
│                          1.0], Default: 1.0                                  │
│                              glmnet.s, Type: UniformFloat, Range:            │
│                          [0.0009118819656, 1096.6331584284585], Default:     │
│                          1.0, on log-scale                                   │
│                              learner_id, Type: Categorical, Choices: {aknn,  │
│                          glmnet, ranger, rpart, svm, xgboost}, Default: aknn │
│                              num.impute.selected.cpo, Type: Categorical,     │
│                          Choices: {impute.mean, impute.median, impute.hist}, │
│                          Default: impute.mean                                │
│                              ranger.min.node.size, Type: UniformInteger,     │
│                          Range: [1, 100], Default: 50                        │
│                              ranger.mtry.power, Type: UniformFloat, Range:   │
│                          [0.0, 1.0], Default: 0.0                            │
│                              ranger.num.random.splits, Type: UniformInteger, │
│                          Range: [1, 100], Default: 1                         │
│                              ranger.num.trees, Type: UniformInteger, Range:  │
│                          [1, 2000], Default: 1000                            │
│                              ranger.respect.unordered.factors, Type:         │
│                          Categorical, Choices: {ignore, order, partition},   │
│                          Default: ignore                                     │
│                              ranger.sample.fraction, Type: UniformFloat,     │
│                          Range: [0.1, 1.0], Default: 0.55                    │
│                              ranger.splitrule, Type: Categorical, Choices:   │
│                          {gini, extratrees}, Default: gini                   │
│                              rpart.cp, Type: UniformFloat, Range:            │
│                          [0.0009118819656, 1.0], Default: 0.01, on log-scale │
│                              rpart.maxdepth, Type: UniformInteger, Range:    │
│                          [1, 30], Default: 30                                │
│                              rpart.minbucket, Type: UniformInteger, Range:   │
│                          [1, 100], Default: 1                                │
│                              rpart.minsplit, Type: UniformInteger, Range:    │
│                          [1, 100], Default: 20                               │
│                              svm.cost, Type: UniformFloat, Range:            │
│                          [4.53999298e-05, 22026.465794806718], Default: 1.0, │
│                          on log-scale                                        │
│                              svm.degree, Type: UniformInteger, Range: [2,    │
│                          5], Default: 4                                      │
│                              svm.gamma, Type: UniformFloat, Range:           │
│                          [4.53999298e-05, 22026.465794806718], Default: 1.0, │
│                          on log-scale                                        │
│                              svm.kernel, Type: Categorical, Choices:         │
│                          {linear, polynomial, radial}, Default: linear       │
│                              svm.tolerance, Type: UniformFloat, Range:       │
│                          [4.53999298e-05, 2.0], Default: 0.009528896, on     │
│                          log-scale                                           │
│                              task_id, Type: Constant, Value: 1063            │
│                              xgboost.alpha, Type: UniformFloat, Range:       │
│                          [0.0009118819656, 1096.6331584284585], Default:     │
│                          1.0, on log-scale                                   │
│                              xgboost.booster, Type: Categorical, Choices:    │
│                          {gblinear, gbtree, dart}, Default: gblinear         │
│                              xgboost.colsample_bylevel, Type: UniformFloat,  │
│                          Range: [0.01, 1.0], Default: 0.505                  │
│                              xgboost.colsample_bytree, Type: UniformFloat,   │
│                          Range: [0.01, 1.0], Default: 0.505                  │
│                              xgboost.eta, Type: UniformFloat, Range:         │
│                          [0.0009118819656, 1.0], Default: 0.0301973834, on   │
│                          log-scale                                           │
│                              xgboost.gamma, Type: UniformFloat, Range:       │
│                          [4.53999298e-05, 7.3890560989306], Default:         │
│                          0.0183156389, on log-scale                          │
│                              xgboost.lambda, Type: UniformFloat, Range:      │
│                          [0.0009118819656, 1096.6331584284585], Default:     │
│                          1.0, on log-scale                                   │
│                              xgboost.max_depth, Type: UniformInteger, Range: │
│                          [1, 15], Default: 8                                 │
│                              xgboost.min_child_weight, Type: UniformFloat,   │
│                          Range: [2.718281828459, 148.4131591025766],         │
│                          Default: 20.0855369232, on log-scale                │
│                              xgboost.nrounds, Type: UniformInteger, Range:   │
│                          [7, 2981], Default: 144, on log-scale               │
│                              xgboost.rate_drop, Type: UniformFloat, Range:   │
│                          [0.0, 1.0], Default: 0.5                            │
│                              xgboost.skip_drop, Type: UniformFloat, Range:   │
│                          [0.0, 1.0], Default: 0.5                            │
│                              xgboost.subsample, Type: UniformFloat, Range:   │
│                          [0.1, 1.0], Default: 0.55                           │
│                            Conditions:                                       │
│                              (ranger.num.random.splits | ranger.splitrule == │
│                          'extratrees' && ranger.num.random.splits |          │
│                          learner_id == 'ranger')                             │
│                              (svm.degree | svm.kernel == 'polynomial' &&     │
│                          svm.degree | learner_id == 'svm')                   │
│                              (svm.gamma | svm.kernel == 'radial' &&          │
│                          svm.gamma | learner_id == 'svm')                    │
│                              (xgboost.colsample_bylevel | xgboost.booster in │
│                          {'dart', 'gbtree'} && xgboost.colsample_bylevel |   │
│                          learner_id == 'xgboost')                            │
│                              (xgboost.colsample_bytree | xgboost.booster in  │
│                          {'dart', 'gbtree'} && xgboost.colsample_bytree |    │
│                          learner_id == 'xgboost')                            │
│                              (xgboost.eta | xgboost.booster in {'dart',      │
│                          'gbtree'} && xgboost.eta | learner_id == 'xgboost') │
│                              (xgboost.gamma | xgboost.booster in {'dart',    │
│                          'gbtree'} && xgboost.gamma | learner_id ==          │
│                          'xgboost')                                          │
│                              (xgboost.max_depth | xgboost.booster in         │
│                          {'dart', 'gbtree'} && xgboost.max_depth |           │
│                          learner_id == 'xgboost')                            │
│                              (xgboost.min_child_weight | xgboost.booster in  │
│                          {'dart', 'gbtree'} && xgboost.min_child_weight |    │
│                          learner_id == 'xgboost')                            │
│                              (xgboost.rate_drop | xgboost.booster == 'dart'  │
│                          && xgboost.rate_drop | learner_id == 'xgboost')     │
│                              (xgboost.skip_drop | xgboost.booster == 'dart'  │
│                          && xgboost.skip_drop | learner_id == 'xgboost')     │
│                              aknn.M | learner_id == 'aknn'                   │
│                              aknn.distance | learner_id == 'aknn'            │
│                              aknn.ef | learner_id == 'aknn'                  │
│                              aknn.ef_construction | learner_id == 'aknn'     │
│                              aknn.k | learner_id == 'aknn'                   │
│                              glmnet.alpha | learner_id == 'glmnet'           │
│                              glmnet.s | learner_id == 'glmnet'               │
│                              ranger.min.node.size | learner_id == 'ranger'   │
│                              ranger.mtry.power | learner_id == 'ranger'      │
│                              ranger.num.trees | learner_id == 'ranger'       │
│                              ranger.respect.unordered.factors | learner_id   │
│                          == 'ranger'                                         │
│                              ranger.sample.fraction | learner_id == 'ranger' │
│                              ranger.splitrule | learner_id == 'ranger'       │
│                              rpart.cp | learner_id == 'rpart'                │
│                              rpart.maxdepth | learner_id == 'rpart'          │
│                              rpart.minbucket | learner_id == 'rpart'         │
│                              rpart.minsplit | learner_id == 'rpart'          │
│                              svm.cost | learner_id == 'svm'                  │
│                              svm.kernel | learner_id == 'svm'                │
│                              svm.tolerance | learner_id == 'svm'             │
│                              xgboost.alpha | learner_id == 'xgboost'         │
│                              xgboost.booster | learner_id == 'xgboost'       │
│                              xgboost.lambda | learner_id == 'xgboost'        │
│                              xgboost.nrounds | learner_id == 'xgboost'       │
│                              xgboost.subsample | learner_id == 'xgboost'     │
│                          ,                                                   │
│                              fidelity_space=FidelitySpace(                   │
│                                  is_multifidelity=False,                     │
│                                  fidelity_type=None,                         │
│                                  min_fidelity=None,                          │
│                                  max_fidelity=None                           │
│                              ),                                              │
│                              instance_space=None                             │
│                          )                                                   │
│               metadata = TaskMetadata(                                       │
│                              has_constraints=False,                          │
│                              domain='ML',                                    │
│                              objective_function_approximation='surrogate',   │
│                              has_virtual_time=False,                         │
│                              deterministic=False,                            │
│                              dimensions=38,                                  │
│                              search_space_n_categoricals=7,                  │
│                              search_space_n_ordinals=0,                      │
│                              search_space_n_integers=13,                     │
│                              search_space_n_floats=18,                       │
│                              search_space_has_conditionals=True,             │
│                              search_space_has_forbiddens=False,              │
│                              search_space_has_priors=False                   │
│                          )                                                   │
│                   name = 'yahpo/so/rbv2_super/1063/None'                     │
│     objective_function = <carps.objective_functions.yahpo.YahpoObjectiveFun… │
│                          object at 0x14bb889a4d70>                           │
│ optimization_resources = OptimizationResources(                              │
│                              n_trials=50,                                    │
│                              time_budget=None,                               │
│                              n_workers=1                                     │
│                          )                                                   │
│           output_space = OutputSpace(n_objectives=1, objectives=['acc'])     │
│                   seed = 3                                                   │
╰──────────────────────────────────────────────────────────────────────────────╯
╭─────── <class 'carps_integration.optimizer.CARPSDynamicRFOptimizer'> ────────╮
│ CARP-S compatible Bayesian Optimization optimizer wrapper that uses          │
│ Dynamic RF surrogate models with Extensible Epistemic UQ Extractors.         │
│                                                                              │
│ ╭──────────────────────────────────────────────────────────────────────────╮ │
│ │ <carps_integration.optimizer.CARPSDynamicRFOptimizer object at           │ │
│ │ 0x14bb88719550>                                                          │ │
│ ╰──────────────────────────────────────────────────────────────────────────╯ │
│                                                                              │
│                        alpha = 1.0                                           │
│                  configspace = Configuration space object:                   │
│                                  Hyperparameters:                            │
│                                    aknn.M, Type: UniformInteger, Range: [18, │
│                                50], Default: 34                              │
│                                    aknn.distance, Type: Categorical,         │
│                                Choices: {l2, cosine, ip}, Default: l2        │
│                                    aknn.ef, Type: UniformInteger, Range: [8, │
│                                256], Default: 48, on log-scale               │
│                                    aknn.ef_construction, Type:               │
│                                UniformInteger, Range: [8, 512], Default: 96, │
│                                on log-scale                                  │
│                                    aknn.k, Type: UniformInteger, Range: [1,  │
│                                50], Default: 26                              │
│                                    glmnet.alpha, Type: UniformFloat, Range:  │
│                                [0.0, 1.0], Default: 1.0                      │
│                                    glmnet.s, Type: UniformFloat, Range:      │
│                                [0.0009118819656, 1096.6331584284585],        │
│                                Default: 1.0, on log-scale                    │
│                                    learner_id, Type: Categorical, Choices:   │
│                                {aknn, glmnet, ranger, rpart, svm, xgboost},  │
│                                Default: aknn                                 │
│                                    num.impute.selected.cpo, Type:            │
│                                Categorical, Choices: {impute.mean,           │
│                                impute.median, impute.hist}, Default:         │
│                                impute.mean                                   │
│                                    ranger.min.node.size, Type:               │
│                                UniformInteger, Range: [1, 100], Default: 50  │
│                                    ranger.mtry.power, Type: UniformFloat,    │
│                                Range: [0.0, 1.0], Default: 0.0               │
│                                    ranger.num.random.splits, Type:           │
│                                UniformInteger, Range: [1, 100], Default: 1   │
│                                    ranger.num.trees, Type: UniformInteger,   │
│                                Range: [1, 2000], Default: 1000               │
│                                    ranger.respect.unordered.factors, Type:   │
│                                Categorical, Choices: {ignore, order,         │
│                                partition}, Default: ignore                   │
│                                    ranger.sample.fraction, Type:             │
│                                UniformFloat, Range: [0.1, 1.0], Default:     │
│                                0.55                                          │
│                                    ranger.splitrule, Type: Categorical,      │
│                                Choices: {gini, extratrees}, Default: gini    │
│                                    rpart.cp, Type: UniformFloat, Range:      │
│                                [0.0009118819656, 1.0], Default: 0.01, on     │
│                                log-scale                                     │
│                                    rpart.maxdepth, Type: UniformInteger,     │
│                                Range: [1, 30], Default: 30                   │
│                                    rpart.minbucket, Type: UniformInteger,    │
│                                Range: [1, 100], Default: 1                   │
│                                    rpart.minsplit, Type: UniformInteger,     │
│                                Range: [1, 100], Default: 20                  │
│                                    svm.cost, Type: UniformFloat, Range:      │
│                                [4.53999298e-05, 22026.465794806718],         │
│                                Default: 1.0, on log-scale                    │
│                                    svm.degree, Type: UniformInteger, Range:  │
│                                [2, 5], Default: 4                            │
│                                    svm.gamma, Type: UniformFloat, Range:     │
│                                [4.53999298e-05, 22026.465794806718],         │
│                                Default: 1.0, on log-scale                    │
│                                    svm.kernel, Type: Categorical, Choices:   │
│                                {linear, polynomial, radial}, Default: linear │
│                                    svm.tolerance, Type: UniformFloat, Range: │
│                                [4.53999298e-05, 2.0], Default: 0.009528896,  │
│                                on log-scale                                  │
│                                    task_id, Type: Constant, Value: 1063      │
│                                    xgboost.alpha, Type: UniformFloat, Range: │
│                                [0.0009118819656, 1096.6331584284585],        │
│                                Default: 1.0, on log-scale                    │
│                                    xgboost.booster, Type: Categorical,       │
│                                Choices: {gblinear, gbtree, dart}, Default:   │
│                                gblinear                                      │
│                                    xgboost.colsample_bylevel, Type:          │
│                                UniformFloat, Range: [0.01, 1.0], Default:    │
│                                0.505                                         │
│                                    xgboost.colsample_bytree, Type:           │
│                                UniformFloat, Range: [0.01, 1.0], Default:    │
│                                0.505                                         │
│                                    xgboost.eta, Type: UniformFloat, Range:   │
│                                [0.0009118819656, 1.0], Default:              │
│                                0.0301973834, on log-scale                    │
│                                    xgboost.gamma, Type: UniformFloat, Range: │
│                                [4.53999298e-05, 7.3890560989306], Default:   │
│                                0.0183156389, on log-scale                    │
│                                    xgboost.lambda, Type: UniformFloat,       │
│                                Range: [0.0009118819656, 1096.6331584284585], │
│                                Default: 1.0, on log-scale                    │
│                                    xgboost.max_depth, Type: UniformInteger,  │
│                                Range: [1, 15], Default: 8                    │
│                                    xgboost.min_child_weight, Type:           │
│                                UniformFloat, Range: [2.718281828459,         │
│                                148.4131591025766], Default: 20.0855369232,   │
│                                on log-scale                                  │
│                                    xgboost.nrounds, Type: UniformInteger,    │
│                                Range: [7, 2981], Default: 144, on log-scale  │
│                                    xgboost.rate_drop, Type: UniformFloat,    │
│                                Range: [0.0, 1.0], Default: 0.5               │
│                                    xgboost.skip_drop, Type: UniformFloat,    │
│                                Range: [0.0, 1.0], Default: 0.5               │
│                                    xgboost.subsample, Type: UniformFloat,    │
│                                Range: [0.1, 1.0], Default: 0.55              │
│                                  Conditions:                                 │
│                                    (ranger.num.random.splits |               │
│                                ranger.splitrule == 'extratrees' &&           │
│                                ranger.num.random.splits | learner_id ==      │
│                                'ranger')                                     │
│                                    (svm.degree | svm.kernel == 'polynomial'  │
│                                && svm.degree | learner_id == 'svm')          │
│                                    (svm.gamma | svm.kernel == 'radial' &&    │
│                                svm.gamma | learner_id == 'svm')              │
│                                    (xgboost.colsample_bylevel |              │
│                                xgboost.booster in {'dart', 'gbtree'} &&      │
│                                xgboost.colsample_bylevel | learner_id ==     │
│                                'xgboost')                                    │
│                                    (xgboost.colsample_bytree |               │
│                                xgboost.booster in {'dart', 'gbtree'} &&      │
│                                xgboost.colsample_bytree | learner_id ==      │
│                                'xgboost')                                    │
│                                    (xgboost.eta | xgboost.booster in         │
│                                {'dart', 'gbtree'} && xgboost.eta |           │
│                                learner_id == 'xgboost')                      │
│                                    (xgboost.gamma | xgboost.booster in       │
│                                {'dart', 'gbtree'} && xgboost.gamma |         │
│                                learner_id == 'xgboost')                      │
│                                    (xgboost.max_depth | xgboost.booster in   │
│                                {'dart', 'gbtree'} && xgboost.max_depth |     │
│                                learner_id == 'xgboost')                      │
│                                    (xgboost.min_child_weight |               │
│                                xgboost.booster in {'dart', 'gbtree'} &&      │
│                                xgboost.min_child_weight | learner_id ==      │
│                                'xgboost')                                    │
│                                    (xgboost.rate_drop | xgboost.booster ==   │
│                                'dart' && xgboost.rate_drop | learner_id ==   │
│                                'xgboost')                                    │
│                                    (xgboost.skip_drop | xgboost.booster ==   │
│                                'dart' && xgboost.skip_drop | learner_id ==   │
│                                'xgboost')                                    │
│                                    aknn.M | learner_id == 'aknn'             │
│                                    aknn.distance | learner_id == 'aknn'      │
│                                    aknn.ef | learner_id == 'aknn'            │
│                                    aknn.ef_construction | learner_id ==      │
│                                'aknn'                                        │
│                                    aknn.k | learner_id == 'aknn'             │
│                                    glmnet.alpha | learner_id == 'glmnet'     │
│                                    glmnet.s | learner_id == 'glmnet'         │
│                                    ranger.min.node.size | learner_id ==      │
│                                'ranger'                                      │
│                                    ranger.mtry.power | learner_id ==         │
│                                'ranger'                                      │
│                                    ranger.num.trees | learner_id == 'ranger' │
│                                    ranger.respect.unordered.factors |        │
│                                learner_id == 'ranger'                        │
│                                    ranger.sample.fraction | learner_id ==    │
│                                'ranger'                                      │
│                                    ranger.splitrule | learner_id == 'ranger' │
│                                    rpart.cp | learner_id == 'rpart'          │
│                                    rpart.maxdepth | learner_id == 'rpart'    │
│                                    rpart.minbucket | learner_id == 'rpart'   │
│                                    rpart.minsplit | learner_id == 'rpart'    │
│                                    svm.cost | learner_id == 'svm'            │
│                                    svm.kernel | learner_id == 'svm'          │
│                                    svm.tolerance | learner_id == 'svm'       │
│                                    xgboost.alpha | learner_id == 'xgboost'   │
│                                    xgboost.booster | learner_id == 'xgboost' │
│                                    xgboost.lambda | learner_id == 'xgboost'  │
│                                    xgboost.nrounds | learner_id == 'xgboost' │
│                                    xgboost.subsample | learner_id ==         │
│                                'xgboost'                                     │
│                                                                              │
│                          eta = 0.5                                           │
│           expects_fidelities = False                                         │
│  expects_multiple_objectives = False                                         │
│             extractor_kwargs = {}                                            │
│               extractor_name = 'chen_variance'                               │
│             fidelity_enabled = False                                         │
│                      history = []                                            │
│       initial_design_configs = []                                            │
│                        kappa = 1.96                                          │
│                      loggers = [<carps.loggers.file_logger.FileLogger object │
│                                at 0x14bb889a4980>,                           │
│                                <carps.loggers.database_logger.DatabaseLogger │
│                                object at 0x14bb889a41a0>]                    │
│            max_features_base = 0.5                                           │
│             max_features_max = 0.8                                           │
│             max_features_min = 0.1                                           │
│        min_samples_leaf_base = 2                                             │
│         min_samples_leaf_max = 15                                            │
│         min_samples_leaf_min = 1                                             │
│                       n_init = 10                                            │
│                    rf_kwargs = {}                                            │
│                       solver = None                                          │
│                    surrogate = None                                          │
│                         task = Task(                                         │
│                                    name='yahpo/so/rbv2_super/1063/None',     │
│                                    objective_function=<carps.objective_func… │
│                                object at 0x14bb889a4d70>,                    │
│                                    input_space=InputSpace(                   │
│                                        configuration_space=Configuration     │
│                                space object:                                 │
│                                  Hyperparameters:                            │
│                                    aknn.M, Type: UniformInteger, Range: [18, │
│                                50], Default: 34                              │
│                                    aknn.distance, Type: Categorical,         │
│                                Choices: {l2, cosine, ip}, Default: l2        │
│                                    aknn.ef, Type: UniformInteger, Range: [8, │
│                                256], Default: 48, on log-scale               │
│                                    aknn.ef_construction, Type:               │
│                                UniformInteger, Range: [8, 512], Default: 96, │
│                                on log-scale                                  │
│                                    aknn.k, Type: UniformInteger, Range: [1,  │
│                                50], Default: 26                              │
│                                    glmnet.alpha, Type: UniformFloat, Range:  │
│                                [0.0, 1.0], Default: 1.0                      │
│                                    glmnet.s, Type: UniformFloat, Range:      │
│                                [0.0009118819656, 1096.6331584284585],        │
│                                Default: 1.0, on log-scale                    │
│                                    learner_id, Type: Categorical, Choices:   │
│                                {aknn, glmnet, ranger, rpart, svm, xgboost},  │
│                                Default: aknn                                 │
│                                    num.impute.selected.cpo, Type:            │
│                                Categorical, Choices: {impute.mean,           │
│                                impute.median, impute.hist}, Default:         │
│                                impute.mean                                   │
│                                    ranger.min.node.size, Type:               │
│                                UniformInteger, Range: [1, 100], Default: 50  │
│                                    ranger.mtry.power, Type: UniformFloat,    │
│                                Range: [0.0, 1.0], Default: 0.0               │
│                                    ranger.num.random.splits, Type:           │
│                                UniformInteger, Range: [1, 100], Default: 1   │
│                                    ranger.num.trees, Type: UniformInteger,   │
│                                Range: [1, 2000], Default: 1000               │
│                                    ranger.respect.unordered.factors, Type:   │
│                                Categorical, Choices: {ignore, order,         │
│                                partition}, Default: ignore                   │
│                                    ranger.sample.fraction, Type:             │
│                                UniformFloat, Range: [0.1, 1.0], Default:     │
│                                0.55                                          │
│                                    ranger.splitrule, Type: Categorical,      │
│                                Choices: {gini, extratrees}, Default: gini    │
│                                    rpart.cp, Type: UniformFloat, Range:      │
│                                [0.0009118819656, 1.0], Default: 0.01, on     │
│                                log-scale                                     │
│                                    rpart.maxdepth, Type: UniformInteger,     │
│                                Range: [1, 30], Default: 30                   │
│                                    rpart.minbucket, Type: UniformInteger,    │
│                                Range: [1, 100], Default: 1                   │
│                                    rpart.minsplit, Type: UniformInteger,     │
│                                Range: [1, 100], Default: 20                  │
│                                    svm.cost, Type: UniformFloat, Range:      │
│                                [4.53999298e-05, 22026.465794806718],         │
│                                Default: 1.0, on log-scale                    │
│                                    svm.degree, Type: UniformInteger, Range:  │
│                                [2, 5], Default: 4                            │
│                                    svm.gamma, Type: UniformFloat, Range:     │
│                                [4.53999298e-05, 22026.465794806718],         │
│                                Default: 1.0, on log-scale                    │
│                                    svm.kernel, Type: Categorical, Choices:   │
│                                {linear, polynomial, radial}, Default: linear │
│                                    svm.tolerance, Type: UniformFloat, Range: │
│                                [4.53999298e-05, 2.0], Default: 0.009528896,  │
│                                on log-scale                                  │
│                                    task_id, Type: Constant, Value: 1063      │
│                                    xgboost.alpha, Type: UniformFloat, Range: │
│                                [0.0009118819656, 1096.6331584284585],        │
│                                Default: 1.0, on log-scale                    │
│                                    xgboost.booster, Type: Categorical,       │
│                                Choices: {gblinear, gbtree, dart}, Default:   │
│                                gblinear                                      │
│                                    xgboost.colsample_bylevel, Type:          │
│                                UniformFloat, Range: [0.01, 1.0], Default:    │
│                                0.505                                         │
│                                    xgboost.colsample_bytree, Type:           │
│                                UniformFloat, Range: [0.01, 1.0], Default:    │
│                                0.505                                         │
│                                    xgboost.eta, Type: UniformFloat, Range:   │
│                                [0.0009118819656, 1.0], Default:              │
│                                0.0301973834, on log-scale                    │
│                                    xgboost.gamma, Type: UniformFloat, Range: │
│                                [4.53999298e-05, 7.3890560989306], Default:   │
│                                0.0183156389, on log-scale                    │
│                                    xgboost.lambda, Type: UniformFloat,       │
│                                Range: [0.0009118819656, 1096.6331584284585], │
│                                Default: 1.0, on log-scale                    │
│                                    xgboost.max_depth, Type: UniformInteger,  │
│                                Range: [1, 15], Default: 8                    │
│                                    xgboost.min_child_weight, Type:           │
│                                UniformFloat, Range: [2.718281828459,         │
│                                148.4131591025766], Default: 20.0855369232,   │
│                                on log-scale                                  │
│                                    xgboost.nrounds, Type: UniformInteger,    │
│                                Range: [7, 2981], Default: 144, on log-scale  │
│                                    xgboost.rate_drop, Type: UniformFloat,    │
│                                Range: [0.0, 1.0], Default: 0.5               │
│                                    xgboost.skip_drop, Type: UniformFloat,    │
│                                Range: [0.0, 1.0], Default: 0.5               │
│                                    xgboost.subsample, Type: UniformFloat,    │
│                                Range: [0.1, 1.0], Default: 0.55              │
│                                  Conditions:                                 │
│                                    (ranger.num.random.splits |               │
│                                ranger.splitrule == 'extratrees' &&           │
│                                ranger.num.random.splits | learner_id ==      │
│                                'ranger')                                     │
│                                    (svm.degree | svm.kernel == 'polynomial'  │
│                                && svm.degree | learner_id == 'svm')          │
│                                    (svm.gamma | svm.kernel == 'radial' &&    │
│                                svm.gamma | learner_id == 'svm')              │
│                                    (xgboost.colsample_bylevel |              │
│                                xgboost.booster in {'dart', 'gbtree'} &&      │
│                                xgboost.colsample_bylevel | learner_id ==     │
│                                'xgboost')                                    │
│                                    (xgboost.colsample_bytree |               │
│                                xgboost.booster in {'dart', 'gbtree'} &&      │
│                                xgboost.colsample_bytree | learner_id ==      │
│                                'xgboost')                                    │
│                                    (xgboost.eta | xgboost.booster in         │
│                                {'dart', 'gbtree'} && xgboost.eta |           │
│                                learner_id == 'xgboost')                      │
│                                    (xgboost.gamma | xgboost.booster in       │
│                                {'dart', 'gbtree'} && xgboost.gamma |         │
│                                learner_id == 'xgboost')                      │
│                                    (xgboost.max_depth | xgboost.booster in   │
│                                {'dart', 'gbtree'} && xgboost.max_depth |     │
│                                learner_id == 'xgboost')                      │
│                                    (xgboost.min_child_weight |               │
│                                xgboost.booster in {'dart', 'gbtree'} &&      │
│                                xgboost.min_child_weight | learner_id ==      │
│                                'xgboost')                                    │
│                                    (xgboost.rate_drop | xgboost.booster ==   │
│                                'dart' && xgboost.rate_drop | learner_id ==   │
│                                'xgboost')                                    │
│                                    (xgboost.skip_drop | xgboost.booster ==   │
│                                'dart' && xgboost.skip_drop | learner_id ==   │
│                                'xgboost')                                    │
│                                    aknn.M | learner_id == 'aknn'             │
│                                    aknn.distance | learner_id == 'aknn'      │
│                                    aknn.ef | learner_id == 'aknn'            │
│                                    aknn.ef_construction | learner_id ==      │
│                                'aknn'                                        │
│                                    aknn.k | learner_id == 'aknn'             │
│                                    glmnet.alpha | learner_id == 'glmnet'     │
│                                    glmnet.s | learner_id == 'glmnet'         │
│                                    ranger.min.node.size | learner_id ==      │
│                                'ranger'                                      │
│                                    ranger.mtry.power | learner_id ==         │
│                                'ranger'                                      │
│                                    ranger.num.trees | learner_id == 'ranger' │
│                                    ranger.respect.unordered.factors |        │
│                                learner_id == 'ranger'                        │
│                                    ranger.sample.fraction | learner_id ==    │
│                                'ranger'                                      │
│                                    ranger.splitrule | learner_id == 'ranger' │
│                                    rpart.cp | learner_id == 'rpart'          │
│                                    rpart.maxdepth | learner_id == 'rpart'    │
│                                    rpart.minbucket | learner_id == 'rpart'   │
│                                    rpart.minsplit | learner_id == 'rpart'    │
│                                    svm.cost | learner_id == 'svm'            │
│                                    svm.kernel | learner_id == 'svm'          │
│                                    svm.tolerance | learner_id == 'svm'       │
│                                    xgboost.alpha | learner_id == 'xgboost'   │
│                                    xgboost.booster | learner_id == 'xgboost' │
│                                    xgboost.lambda | learner_id == 'xgboost'  │
│                                    xgboost.nrounds | learner_id == 'xgboost' │
│                                    xgboost.subsample | learner_id ==         │
│                                'xgboost'                                     │
│                                ,                                             │
│                                        fidelity_space=FidelitySpace(         │
│                                            is_multifidelity=False,           │
│                                            fidelity_type=None,               │
│                                            min_fidelity=None,                │
│                                            max_fidelity=None                 │
│                                        ),                                    │
│                                        instance_space=None                   │
│                                    ),                                        │
│                                    output_space=OutputSpace(                 │
│                                        n_objectives=1,                       │
│                                        objectives=['acc']                    │
│                                    ),                                        │
│                                    optimization_resources=OptimizationResou… │
│                                        n_trials=50,                          │
│                                        time_budget=None,                     │
│                                        n_workers=1                           │
│                                    ),                                        │
│                                    metadata=TaskMetadata(                    │
│                                        has_constraints=False,                │
│                                        domain='ML',                          │
│                                        objective_function_approximation='su… │
│                                        has_virtual_time=False,               │
│                                        deterministic=False,                  │
│                                        dimensions=38,                        │
│                                        search_space_n_categoricals=7,        │
│                                        search_space_n_ordinals=0,            │
│                                        search_space_n_integers=13,           │
│                                        search_space_n_floats=18,             │
│                                        search_space_has_conditionals=True,   │
│                                        search_space_has_forbiddens=False,    │
│                                        search_space_has_priors=False         │
│                                    ),                                        │
│                                    seed=3                                    │
│                                )                                             │
│               telemetry_path = 'results/telemetry_chen_variance_cfg_rbv2_su… │
│            telemetry_records = []                                            │
│                  time_budget = None                                          │
│                trial_counter = 0                                             │
│ virtual_time_elapsed_seconds = 0.0                                           │
│                  window_size = 5                                             │
╰──────────────────────────────────────────────────────────────────────────────╯
[[36m2026-07-21 02:01:39,304[0m][[34msmac.initial_design.abstract_initial_design[0m][[32mINFO[0m] - Using `n_configs` and ignoring `n_configs_per_hyperparameter`.[0m
[[36m2026-07-21 02:01:39,422[0m][[34msmac.initial_design.abstract_initial_design[0m][[32mINFO[0m] - Using 10 initial design configurations and 0 additional configurations.[0m
[[36m2026-07-21 02:01:39,433[0m][[34mFileLogger[0m][[32mINFO[0m] - n_trials: 1, n_function_calls: 1, config: [np.str_('svm'), np.str_('impute.median'), '1063', 0.0003295148583, np.str_('linear'), 0.340111237658], cost: -0.8473917245864868[0m
[[36m2026-07-21 02:01:39,468[0m][[34mFileLogger[0m][[32mINFO[0m] - n_trials: 2, n_function_calls: 2, config: [np.str_('aknn'), np.str_('impute.hist'), '1063', 39, np.str_('ip'), 123, 26, 24], cost: -0.24328845739364624[0m
[[36m2026-07-21 02:01:39,488[0m][[34mFileLogger[0m][[32mINFO[0m] - n_trials: 3, n_function_calls: 3, config: [np.str_('ranger'), np.str_('impute.mean'), '1063', 38, 0.1014687074348, 1702, np.str_('order'), 0.7380399342626, np.str_('gini')], cost: -0.8163116574287415[0m
[[36m2026-07-21 02:01:39,508[0m][[34mFileLogger[0m][[32mINFO[0m] - n_trials: 4, n_function_calls: 4, config: [np.str_('xgboost'), np.str_('impute.median'), '1063', 508.160039246165, np.str_('dart'), 0.1245080337277, 371, 0.3502184677869, 0.7778777642641, 0.9229074283969, 0.0017704766783, 0.3757478892663, 2, 10.3018198822003, 0.7892253799364, 0.8656188407913], cost: -0.7920162677764893[0m
[[36m2026-07-21 02:01:39,529[0m][[34mFileLogger[0m][[32mINFO[0m] - n_trials: 5, n_function_calls: 5, config: [np.str_('xgboost'), np.str_('impute.mean'), '1063', 0.0009751479457, np.str_('gbtree'), 0.8175528843583, 88, 0.8240604862571, 0.2287331967521, 0.4787595180422, 0.0027198993902, 0.0111696157194, 8, 92.5539981241461], cost: -0.6587395071983337[0m
[[36m2026-07-21 02:01:39,549[0m][[34mFileLogger[0m][[32mINFO[0m] - n_trials: 6, n_function_calls: 6, config: [np.str_('glmnet'), np.str_('impute.median'), '1063', 0.771302706562, 0.0784744531629], cost: -0.7442716956138611[0m
[[36m2026-07-21 02:01:39,569[0m][[34mFileLogger[0m][[32mINFO[0m] - n_trials: 7, n_function_calls: 7, config: [np.str_('aknn'), np.str_('impute.median'), '1063', 45, np.str_('ip'), 171, 16, 32], cost: -0.23171615600585938[0m
[[36m2026-07-21 02:01:39,589[0m][[34mFileLogger[0m][[32mINFO[0m] - n_trials: 8, n_function_calls: 8, config: [np.str_('rpart'), np.str_('impute.hist'), '1063', 0.001821064915, 25, 74, 97], cost: -0.8514079451560974[0m
[[36m2026-07-21 02:01:39,620[0m][[34mFileLogger[0m][[32mINFO[0m] - n_trials: 9, n_function_calls: 9, config: [np.str_('rpart'), np.str_('impute.mean'), '1063', 0.5392070275934, 3, 39, 60], cost: -0.7169696688652039[0m
[[36m2026-07-21 02:01:39,641[0m][[34mFileLogger[0m][[32mINFO[0m] - n_trials: 10, n_function_calls: 10, config: [np.str_('glmnet'), np.str_('impute.hist'), '1063', 0.8553367005661, 0.0310235274855], cost: -0.7442575097084045[0m
[[36m2026-07-21 02:01:42,365[0m][[34mFileLogger[0m][[32mINFO[0m] - n_trials: 11, n_function_calls: 11, config: [np.str_('ranger'), np.str_('impute.median'), '1063', 28, 0.0837842858445, 476, np.str_('order'), 0.449845583849, np.str_('extratrees'), 15], cost: -0.8332920074462891[0m
[[36m2026-07-21 02:01:45,034[0m][[34mFileLogger[0m][[32mINFO[0m] - n_trials: 12, n_function_calls: 12, config: [np.str_('ranger'), np.str_('impute.hist'), '1063', 59, 0.9145580694156, 1679, np.str_('ignore'), 0.5873745289444, np.str_('extratrees'), 10], cost: -0.8190831542015076[0m
[[36m2026-07-21 02:01:47,693[0m][[34mFileLogger[0m][[32mINFO[0m] - n_trials: 13, n_function_calls: 13, config: [np.str_('ranger'), np.str_('impute.hist'), '1063', 19, 0.268145972669, 824, np.str_('ignore'), 0.3360813166437, np.str_('gini')], cost: -0.8372206687927246[0m
[[36m2026-07-21 02:01:50,468[0m][[34mFileLogger[0m][[32mINFO[0m] - n_trials: 14, n_function_calls: 14, config: [np.str_('rpart'), np.str_('impute.hist'), '1063', 0.0104070770442, 2, 98, 47], cost: -0.8295179009437561[0m
[[36m2026-07-21 02:01:53,165[0m][[34mFileLogger[0m][[32mINFO[0m] - n_trials: 15, n_function_calls: 15, config: [np.str_('ranger'), np.str_('impute.median'), '1063', 6, 0.410875358611, 1026, np.str_('ignore'), 0.3080131664479, np.str_('extratrees'), 6], cost: -0.8358373045921326[0m
[[36m2026-07-21 02:01:55,898[0m][[34mFileLogger[0m][[32mINFO[0m] - n_trials: 16, n_function_calls: 16, config: [np.str_('svm'), np.str_('impute.hist'), '1063', 0.7937295220207, np.str_('linear'), 0.002448612232], cost: -0.8401752710342407[0m
[[36m2026-07-21 02:01:58,630[0m][[34mFileLogger[0m][[32mINFO[0m] - n_trials: 17, n_function_calls: 17, config: [np.str_('svm'), np.str_('impute.hist'), '1063', 5.42769254e-05, np.str_('radial'), 0.000287742606, 0.0157400610408], cost: -0.84566730260849[0m
[[36m2026-07-21 02:02:01,336[0m][[34mFileLogger[0m][[32mINFO[0m] - n_trials: 18, n_function_calls: 18, config: [np.str_('svm'), np.str_('impute.median'), '1063', 8.80602276e-05, np.str_('polynomial'), 0.4461233454039, 3], cost: -0.7903215885162354[0m
[[36m2026-07-21 02:02:04,044[0m][[34mFileLogger[0m][[32mINFO[0m] - n_trials: 19, n_function_calls: 19, config: [np.str_('rpart'), np.str_('impute.hist'), '1063', 0.0011645976696, 30, 79, 18], cost: -0.8425374627113342[0m
[[36m2026-07-21 02:02:06,751[0m][[34mFileLogger[0m][[32mINFO[0m] - n_trials: 20, n_function_calls: 20, config: [np.str_('ranger'), np.str_('impute.hist'), '1063', 2, 0.0487569218191, 1067, np.str_('order'), 0.1292524640122, np.str_('gini')], cost: -0.8394656777381897[0m
[[36m2026-07-21 02:02:09,449[0m][[34mFileLogger[0m][[32mINFO[0m] - n_trials: 21, n_function_calls: 21, config: [np.str_('xgboost'), np.str_('impute.hist'), '1063', 0.0034398730845, np.str_('gblinear'), 0.0015113614311, 54, 0.4402222546952], cost: -0.8632122278213501[0m
[[36m2026-07-21 02:02:12,178[0m][[34mFileLogger[0m][[32mINFO[0m] - n_trials: 22, n_function_calls: 22, config: [np.str_('glmnet'), np.str_('impute.hist'), '1063', 0.2977764407046, 0.0022810312123], cost: -0.7900126576423645[0m
[[36m2026-07-21 02:02:14,886[0m][[34mFileLogger[0m][[32mINFO[0m] - n_trials: 23, n_function_calls: 23, config: [np.str_('glmnet'), np.str_('impute.hist'), '1063', 0.1542015396656, 0.0017023277668], cost: -0.7980911135673523[0m
[[36m2026-07-21 02:02:17,601[0m][[34mFileLogger[0m][[32mINFO[0m] - n_trials: 24, n_function_calls: 24, config: [np.str_('xgboost'), np.str_('impute.hist'), '1063', 0.0018074678465, np.str_('gblinear'), 0.0066118330129, 434, 0.3673309855418], cost: -0.8846810460090637[0m
[[36m2026-07-21 02:02:20,321[0m][[34mFileLogger[0m][[32mINFO[0m] - n_trials: 25, n_function_calls: 25, config: [np.str_('xgboost'), np.str_('impute.median'), '1063', 0.0012090078236, np.str_('gblinear'), 7.4151594848438, 662, 0.3647906837597], cost: -0.8629307150840759[0m
[[36m2026-07-21 02:02:23,042[0m][[34mFileLogger[0m][[32mINFO[0m] - n_trials: 26, n_function_calls: 26, config: [np.str_('xgboost'), np.str_('impute.median'), '1063', 0.2518859591959, np.str_('gblinear'), 0.0017066962625, 987, 0.3829742902537], cost: -0.8633801341056824[0m
[[36m2026-07-21 02:02:25,750[0m][[34mFileLogger[0m][[32mINFO[0m] - n_trials: 27, n_function_calls: 27, config: [np.str_('xgboost'), np.str_('impute.median'), '1063', 0.0010425304839, np.str_('gblinear'), 0.1346112257324, 1146, 0.8558429201615], cost: -0.868922770023346[0m
[[36m2026-07-21 02:02:28,459[0m][[34mFileLogger[0m][[32mINFO[0m] - n_trials: 28, n_function_calls: 28, config: [np.str_('xgboost'), np.str_('impute.mean'), '1063', 6.898073576052, np.str_('gblinear'), 0.0149208815881, 2578, 0.3707827390423], cost: -0.8614391684532166[0m
[[36m2026-07-21 02:02:31,162[0m][[34mFileLogger[0m][[32mINFO[0m] - n_trials: 29, n_function_calls: 29, config: [np.str_('xgboost'), np.str_('impute.median'), '1063', 0.0009853055805, np.str_('gblinear'), 0.0904905031314, 36, 0.3934773052403], cost: -0.8515573740005493[0m
[[36m2026-07-21 02:02:33,878[0m][[34mFileLogger[0m][[32mINFO[0m] - n_trials: 30, n_function_calls: 30, config: [np.str_('xgboost'), np.str_('impute.hist'), '1063', 0.0124192174049, np.str_('gbtree'), 0.003550642174, 23, 0.6285254367981, 0.1200457776716, 0.66579217006, 0.334455301133, 0.270498816688, 15, 80.2950142400962], cost: -0.6244342923164368[0m
[[36m2026-07-21 02:02:36,596[0m][[34mFileLogger[0m][[32mINFO[0m] - n_trials: 31, n_function_calls: 31, config: [np.str_('xgboost'), np.str_('impute.hist'), '1063', 0.0021715880517, np.str_('gblinear'), 0.0175814724279, 47, 0.9862732458651], cost: -0.8702662587165833[0m
[[36m2026-07-21 02:02:39,318[0m][[34mFileLogger[0m][[32mINFO[0m] - n_trials: 32, n_function_calls: 32, config: [np.str_('xgboost'), np.str_('impute.hist'), '1063', 0.01699720695, np.str_('gblinear'), 0.0057460843905, 25, 0.8482339950398], cost: -0.8619108200073242[0m
[[36m2026-07-21 02:02:42,023[0m][[34mFileLogger[0m][[32mINFO[0m] - n_trials: 33, n_function_calls: 33, config: [np.str_('aknn'), np.str_('impute.hist'), '1063', 27, np.str_('l2'), 20, 149, 38], cost: -0.8473012447357178[0m
[[36m2026-07-21 02:02:44,741[0m][[34mFileLogger[0m][[32mINFO[0m] - n_trials: 34, n_function_calls: 34, config: [np.str_('xgboost'), np.str_('impute.mean'), '1063', 0.0009701530686, np.str_('gblinear'), 0.0078889573615, 2343, 0.396444856649], cost: -0.8625703454017639[0m
[[36m2026-07-21 02:02:47,464[0m][[34mFileLogger[0m][[32mINFO[0m] - n_trials: 35, n_function_calls: 35, config: [np.str_('aknn'), np.str_('impute.hist'), '1063', 28, np.str_('l2'), 14, 23, 19], cost: -0.8381361365318298[0m
[[36m2026-07-21 02:02:50,182[0m][[34mFileLogger[0m][[32mINFO[0m] - n_trials: 36, n_function_calls: 36, config: [np.str_('aknn'), np.str_('impute.hist'), '1063', 26, np.str_('cosine'), 42, 12, 17], cost: -0.8387102484703064[0m
[[36m2026-07-21 02:02:52,902[0m][[34mFileLogger[0m][[32mINFO[0m] - n_trials: 37, n_function_calls: 37, config: [np.str_('aknn'), np.str_('impute.hist'), '1063', 18, np.str_('ip'), 10, 11, 2], cost: -0.18312539160251617[0m
[[36m2026-07-21 02:02:55,615[0m][[34mFileLogger[0m][[32mINFO[0m] - n_trials: 38, n_function_calls: 38, config: [np.str_('aknn'), np.str_('impute.hist'), '1063', 24, np.str_('l2'), 72, 8, 2], cost: -0.8260270357131958[0m
[[36m2026-07-21 02:02:58,323[0m][[34mFileLogger[0m][[32mINFO[0m] - n_trials: 39, n_function_calls: 39, config: [np.str_('aknn'), np.str_('impute.hist'), '1063', 36, np.str_('l2'), 44, 8, 31], cost: -0.8437838554382324[0m
[[36m2026-07-21 02:03:01,021[0m][[34mFileLogger[0m][[32mINFO[0m] - n_trials: 40, n_function_calls: 40, config: [np.str_('aknn'), np.str_('impute.hist'), '1063', 50, np.str_('cosine'), 12, 9, 36], cost: -0.8497823476791382[0m
[[36m2026-07-21 02:03:03,734[0m][[34mFileLogger[0m][[32mINFO[0m] - n_trials: 41, n_function_calls: 41, config: [np.str_('aknn'), np.str_('impute.hist'), '1063', 26, np.str_('l2'), 97, 9, 18], cost: -0.8393712043762207[0m
[[36m2026-07-21 02:03:06,443[0m][[34mFileLogger[0m][[32mINFO[0m] - n_trials: 42, n_function_calls: 42, config: [np.str_('aknn'), np.str_('impute.hist'), '1063', 34, np.str_('l2'), 161, 43, 31], cost: -0.8437162637710571[0m
[[36m2026-07-21 02:03:09,151[0m][[34mFileLogger[0m][[32mINFO[0m] - n_trials: 43, n_function_calls: 43, config: [np.str_('aknn'), np.str_('impute.hist'), '1063', 40, np.str_('l2'), 28, 173, 25], cost: -0.8399285078048706[0m
[[36m2026-07-21 02:03:11,855[0m][[34mFileLogger[0m][[32mINFO[0m] - n_trials: 44, n_function_calls: 44, config: [np.str_('aknn'), np.str_('impute.hist'), '1063', 41, np.str_('l2'), 61, 13, 45], cost: -0.849876344203949[0m
[[36m2026-07-21 02:03:14,567[0m][[34mFileLogger[0m][[32mINFO[0m] - n_trials: 45, n_function_calls: 45, config: [np.str_('aknn'), np.str_('impute.hist'), '1063', 26, np.str_('l2'), 110, 147, 38], cost: -0.8473125696182251[0m
[[36m2026-07-21 02:03:17,270[0m][[34mFileLogger[0m][[32mINFO[0m] - n_trials: 46, n_function_calls: 46, config: [np.str_('aknn'), np.str_('impute.hist'), '1063', 46, np.str_('l2'), 17, 31, 38], cost: -0.8485999703407288[0m
[[36m2026-07-21 02:03:19,983[0m][[34mFileLogger[0m][[32mINFO[0m] - n_trials: 47, n_function_calls: 47, config: [np.str_('aknn'), np.str_('impute.hist'), '1063', 43, np.str_('l2'), 134, 48, 42], cost: -0.8498958349227905[0m
[[36m2026-07-21 02:03:22,702[0m][[34mFileLogger[0m][[32mINFO[0m] - n_trials: 48, n_function_calls: 48, config: [np.str_('aknn'), np.str_('impute.hist'), '1063', 25, np.str_('l2'), 126, 15, 30], cost: -0.8426789045333862[0m
[[36m2026-07-21 02:03:25,407[0m][[34mFileLogger[0m][[32mINFO[0m] - n_trials: 49, n_function_calls: 49, config: [np.str_('aknn'), np.str_('impute.hist'), '1063', 48, np.str_('l2'), 20, 24, 23], cost: -0.8375480771064758[0m
[[36m2026-07-21 02:03:28,132[0m][[34mFileLogger[0m][[32mINFO[0m] - n_trials: 50, n_function_calls: 50, config: [np.str_('aknn'), np.str_('impute.hist'), '1063', 44, np.str_('l2'), 125, 24, 19], cost: -0.8380146622657776[0m
Solution found: 
(
    TrialInfo(
        config=Configuration(values={
  'learner_id': np.str_('xgboost'),
  'num.impute.selected.cpo': np.str_('impute.hist'),
  'task_id': '1063',
  'xgboost.alpha': 0.0018074678465,
  'xgboost.booster': np.str_('gblinear'),
  'xgboost.lambda': 0.0066118330129,
  'xgboost.nrounds': 434,
  'xgboost.subsample': 0.3673309855418,
}),
        instance=None,
        seed=None,
        budget=None,
        normalized_budget=None,
        name=None,
        checkpoint=None,
        additional_info={}
    ),
    TrialValue(
        cost=np.float32(-0.88468105),
        time=0.0010786056518554688,
        virtual_time=0.0,
        status=<StatusType.SUCCESS: 1>,
        starttime=1784592137.596181,
        endtime=1784592137.5972595,
        additional_info={}
    )
)
==================================================
BENCHMARK SWEEP STEP COMPLETED SUCCESSFULLY!
==================================================
==================================================
Array Task Index 603 Finished
==================================================
