==================================================
Array Job ID: 7561164 | Task Index: 765
Running arguments: +optimizer=dyrf_epistemic_hpobench optimizer.extractor_name=proximity_b +task/YAHPO/SO=cfg_rbv2_super_15 task.optimization_resources.n_trials=50 seed=5 optimizer.telemetry_path=results/telemetry_proximity_b_cfg_rbv2_super_15_seed5.json optimizer_id=CARPSDynamicRF optimizer_container_id=CARPSDynamicRF
==================================================
==================================================
Running CARP-S HPOBench Dynamic BO Benchmark Sweep
Using python: python3
==================================================
[[36m2026-07-21 03:42:57,257[0m][[34m/bigwork/nhwpseis/.conda/envs/dyrf/lib/python3.13/site-packages/carps/run.py[0m][[32mINFO[0m] - Runcommand: `python -m carps.run +optimizer=dyrf_epistemic_hpobench optimizer.extractor_name=proximity_b +task/YAHPO/SO=cfg_rbv2_super_15 task.optimization_resources.n_trials=50 seed=5 optimizer.telemetry_path=results/telemetry_proximity_b_cfg_rbv2_super_15_seed5.json optimizer_id=CARPSDynamicRF optimizer_container_id=CARPSDynamicRF`[0m
{
    'seed': 5,
    'task': {
        '_target_': 'carps.utils.task.Task',
        'name': 'yahpo/so/rbv2_super/15/None',
        'seed': 5,
        'objective_function': {
            '_target_': 
'carps.objective_functions.yahpo.YahpoObjectiveFunction',
            'bench': 'rbv2_super',
            'instance': '15',
            'budget_type': None,
            'metric': ['acc'],
            'seed': 5
        },
        'input_space': {
            '_target_': 'carps.utils.task.InputSpace',
            'configuration_space': {
                '_target_': 
'ConfigSpace.configuration_space.ConfigurationSpace.from_serialized_dict',
                '_convert_': 'object',
                'd': {
                    'name': None,
                    'hyperparameters': [
                        {
                            'type': 'categorical',
                            'name': 'learner_id',
                            'choices': [
                                'aknn',
                                'glmnet',
                                'ranger',
                                'rpart',
                                'svm',
                                'xgboost'
                            ],
                            'weights': None,
                            'default_value': 'aknn',
                            'meta': None
                        },
                        {
                            'type': 'categorical',
                            'name': 'num.impute.selected.cpo',
                            'choices': [
                                'impute.mean',
                                'impute.median',
                                'impute.hist'
                            ],
                            'weights': None,
                            'default_value': 'impute.mean',
                            'meta': None
                        },
                        {
                            'type': 'constant',
                            'name': 'task_id',
                            'value': '15',
                            'meta': None
                        },
                        {
                            'type': 'uniform_int',
                            'name': 'aknn.M',
                            'lower': 18,
                            'upper': 50,
                            'default_value': 34,
                            'log': False,
                            'meta': None
                        },
                        {
                            'type': 'categorical',
                            'name': 'aknn.distance',
                            'choices': ['l2', 'cosine', 'ip'],
                            'weights': None,
                            'default_value': 'l2',
                            'meta': None
                        },
                        {
                            'type': 'uniform_int',
                            'name': 'aknn.ef',
                            'lower': 8,
                            'upper': 256,
                            'default_value': 48,
                            'log': True,
                            'meta': None
                        },
                        {
                            'type': 'uniform_int',
                            'name': 'aknn.ef_construction',
                            'lower': 8,
                            'upper': 512,
                            'default_value': 96,
                            'log': True,
                            'meta': None
                        },
                        {
                            'type': 'uniform_int',
                            'name': 'aknn.k',
                            'lower': 1,
                            'upper': 50,
                            'default_value': 26,
                            'log': False,
                            'meta': None
                        },
                        {
                            'type': 'uniform_float',
                            'name': 'glmnet.alpha',
                            'lower': 0.0,
                            'upper': 1.0,
                            'default_value': 1.0,
                            'log': False,
                            'meta': None
                        },
                        {
                            'type': 'uniform_float',
                            'name': 'glmnet.s',
                            'lower': 0.0009118819656,
                            'upper': 1096.6331584284585,
                            'default_value': 1.0,
                            'log': True,
                            'meta': None
                        },
                        {
                            'type': 'uniform_int',
                            'name': 'ranger.min.node.size',
                            'lower': 1,
                            'upper': 100,
                            'default_value': 50,
                            'log': False,
                            'meta': None
                        },
                        {
                            'type': 'uniform_float',
                            'name': 'ranger.mtry.power',
                            'lower': 0.0,
                            'upper': 1.0,
                            'default_value': 0.0,
                            'log': False,
                            'meta': None
                        },
                        {
                            'type': 'uniform_int',
                            'name': 'ranger.num.trees',
                            'lower': 1,
                            'upper': 2000,
                            'default_value': 1000,
                            'log': False,
                            'meta': None
                        },
                        {
                            'type': 'categorical',
                            'name': 'ranger.respect.unordered.factors',
                            'choices': ['ignore', 'order', 'partition'],
                            'weights': None,
                            'default_value': 'ignore',
                            'meta': None
                        },
                        {
                            'type': 'uniform_float',
                            'name': 'ranger.sample.fraction',
                            'lower': 0.1,
                            'upper': 1.0,
                            'default_value': 0.55,
                            'log': False,
                            'meta': None
                        },
                        {
                            'type': 'categorical',
                            'name': 'ranger.splitrule',
                            'choices': ['gini', 'extratrees'],
                            'weights': None,
                            'default_value': 'gini',
                            'meta': None
                        },
                        {
                            'type': 'uniform_float',
                            'name': 'rpart.cp',
                            'lower': 0.0009118819656,
                            'upper': 1.0,
                            'default_value': 0.01,
                            'log': True,
                            'meta': None
                        },
                        {
                            'type': 'uniform_int',
                            'name': 'rpart.maxdepth',
                            'lower': 1,
                            'upper': 30,
                            'default_value': 30,
                            'log': False,
                            'meta': None
                        },
                        {
                            'type': 'uniform_int',
                            'name': 'rpart.minbucket',
                            'lower': 1,
                            'upper': 100,
                            'default_value': 1,
                            'log': False,
                            'meta': None
                        },
                        {
                            'type': 'uniform_int',
                            'name': 'rpart.minsplit',
                            'lower': 1,
                            'upper': 100,
                            'default_value': 20,
                            'log': False,
                            'meta': None
                        },
                        {
                            'type': 'uniform_float',
                            'name': 'svm.cost',
                            'lower': 4.53999298e-05,
                            'upper': 22026.465794806718,
                            'default_value': 1.0,
                            'log': True,
                            'meta': None
                        },
                        {
                            'type': 'categorical',
                            'name': 'svm.kernel',
                            'choices': ['linear', 'polynomial', 'radial'],
                            'weights': None,
                            'default_value': 'linear',
                            'meta': None
                        },
                        {
                            'type': 'uniform_float',
                            'name': 'svm.tolerance',
                            'lower': 4.53999298e-05,
                            'upper': 2.0,
                            'default_value': 0.009528896,
                            'log': True,
                            'meta': None
                        },
                        {
                            'type': 'uniform_float',
                            'name': 'xgboost.alpha',
                            'lower': 0.0009118819656,
                            'upper': 1096.6331584284585,
                            'default_value': 1.0,
                            'log': True,
                            'meta': None
                        },
                        {
                            'type': 'categorical',
                            'name': 'xgboost.booster',
                            'choices': ['gblinear', 'gbtree', 'dart'],
                            'weights': None,
                            'default_value': 'gblinear',
                            'meta': None
                        },
                        {
                            'type': 'uniform_float',
                            'name': 'xgboost.lambda',
                            'lower': 0.0009118819656,
                            'upper': 1096.6331584284585,
                            'default_value': 1.0,
                            'log': True,
                            'meta': None
                        },
                        {
                            'type': 'uniform_int',
                            'name': 'xgboost.nrounds',
                            'lower': 7,
                            'upper': 2981,
                            'default_value': 144,
                            'log': True,
                            'meta': None
                        },
                        {
                            'type': 'uniform_float',
                            'name': 'xgboost.subsample',
                            'lower': 0.1,
                            'upper': 1.0,
                            'default_value': 0.55,
                            'log': False,
                            'meta': None
                        },
                        {
                            'type': 'uniform_int',
                            'name': 'ranger.num.random.splits',
                            'lower': 1,
                            'upper': 100,
                            'default_value': 1,
                            'log': False,
                            'meta': None
                        },
                        {
                            'type': 'uniform_int',
                            'name': 'svm.degree',
                            'lower': 2,
                            'upper': 5,
                            'default_value': 4,
                            'log': False,
                            'meta': None
                        },
                        {
                            'type': 'uniform_float',
                            'name': 'svm.gamma',
                            'lower': 4.53999298e-05,
                            'upper': 22026.465794806718,
                            'default_value': 1.0,
                            'log': True,
                            'meta': None
                        },
                        {
                            'type': 'uniform_float',
                            'name': 'xgboost.colsample_bylevel',
                            'lower': 0.01,
                            'upper': 1.0,
                            'default_value': 0.505,
                            'log': False,
                            'meta': None
                        },
                        {
                            'type': 'uniform_float',
                            'name': 'xgboost.colsample_bytree',
                            'lower': 0.01,
                            'upper': 1.0,
                            'default_value': 0.505,
                            'log': False,
                            'meta': None
                        },
                        {
                            'type': 'uniform_float',
                            'name': 'xgboost.eta',
                            'lower': 0.0009118819656,
                            'upper': 1.0,
                            'default_value': 0.0301973834,
                            'log': True,
                            'meta': None
                        },
                        {
                            'type': 'uniform_float',
                            'name': 'xgboost.gamma',
                            'lower': 4.53999298e-05,
                            'upper': 7.3890560989306,
                            'default_value': 0.0183156389,
                            'log': True,
                            'meta': None
                        },
                        {
                            'type': 'uniform_int',
                            'name': 'xgboost.max_depth',
                            'lower': 1,
                            'upper': 15,
                            'default_value': 8,
                            'log': False,
                            'meta': None
                        },
                        {
                            'type': 'uniform_float',
                            'name': 'xgboost.min_child_weight',
                            'lower': 2.718281828459,
                            'upper': 148.4131591025766,
                            'default_value': 20.0855369232,
                            'log': True,
                            'meta': None
                        },
                        {
                            'type': 'uniform_float',
                            'name': 'xgboost.rate_drop',
                            'lower': 0.0,
                            'upper': 1.0,
                            'default_value': 0.5,
                            'log': False,
                            'meta': None
                        },
                        {
                            'type': 'uniform_float',
                            'name': 'xgboost.skip_drop',
                            'lower': 0.0,
                            'upper': 1.0,
                            'default_value': 0.5,
                            'log': False,
                            'meta': None
                        }
                    ],
                    'conditions': [
                        {
                            'type': 'EQ',
                            'child': 'aknn.M',
                            'parent': 'learner_id',
                            'value': 'aknn'
                        },
                        {
                            'type': 'EQ',
                            'child': 'aknn.distance',
                            'parent': 'learner_id',
                            'value': 'aknn'
                        },
                        {
                            'type': 'EQ',
                            'child': 'aknn.ef',
                            'parent': 'learner_id',
                            'value': 'aknn'
                        },
                        {
                            'type': 'EQ',
                            'child': 'aknn.ef_construction',
                            'parent': 'learner_id',
                            'value': 'aknn'
                        },
                        {
                            'type': 'EQ',
                            'child': 'aknn.k',
                            'parent': 'learner_id',
                            'value': 'aknn'
                        },
                        {
                            'type': 'EQ',
                            'child': 'glmnet.alpha',
                            'parent': 'learner_id',
                            'value': 'glmnet'
                        },
                        {
                            'type': 'EQ',
                            'child': 'glmnet.s',
                            'parent': 'learner_id',
                            'value': 'glmnet'
                        },
                        {
                            'type': 'EQ',
                            'child': 'ranger.min.node.size',
                            'parent': 'learner_id',
                            'value': 'ranger'
                        },
                        {
                            'type': 'EQ',
                            'child': 'ranger.mtry.power',
                            'parent': 'learner_id',
                            'value': 'ranger'
                        },
                        {
                            'type': 'EQ',
                            'child': 'ranger.num.trees',
                            'parent': 'learner_id',
                            'value': 'ranger'
                        },
                        {
                            'type': 'EQ',
                            'child': 'ranger.respect.unordered.factors',
                            'parent': 'learner_id',
                            'value': 'ranger'
                        },
                        {
                            'type': 'EQ',
                            'child': 'ranger.sample.fraction',
                            'parent': 'learner_id',
                            'value': 'ranger'
                        },
                        {
                            'type': 'EQ',
                            'child': 'ranger.splitrule',
                            'parent': 'learner_id',
                            'value': 'ranger'
                        },
                        {
                            'type': 'EQ',
                            'child': 'rpart.cp',
                            'parent': 'learner_id',
                            'value': 'rpart'
                        },
                        {
                            'type': 'EQ',
                            'child': 'rpart.maxdepth',
                            'parent': 'learner_id',
                            'value': 'rpart'
                        },
                        {
                            'type': 'EQ',
                            'child': 'rpart.minbucket',
                            'parent': 'learner_id',
                            'value': 'rpart'
                        },
                        {
                            'type': 'EQ',
                            'child': 'rpart.minsplit',
                            'parent': 'learner_id',
                            'value': 'rpart'
                        },
                        {
                            'type': 'EQ',
                            'child': 'svm.cost',
                            'parent': 'learner_id',
                            'value': 'svm'
                        },
                        {
                            'type': 'EQ',
                            'child': 'svm.kernel',
                            'parent': 'learner_id',
                            'value': 'svm'
                        },
                        {
                            'type': 'EQ',
                            'child': 'svm.tolerance',
                            'parent': 'learner_id',
                            'value': 'svm'
                        },
                        {
                            'type': 'EQ',
                            'child': 'xgboost.alpha',
                            'parent': 'learner_id',
                            'value': 'xgboost'
                        },
                        {
                            'type': 'EQ',
                            'child': 'xgboost.booster',
                            'parent': 'learner_id',
                            'value': 'xgboost'
                        },
                        {
                            'type': 'EQ',
                            'child': 'xgboost.lambda',
                            'parent': 'learner_id',
                            'value': 'xgboost'
                        },
                        {
                            'type': 'EQ',
                            'child': 'xgboost.nrounds',
                            'parent': 'learner_id',
                            'value': 'xgboost'
                        },
                        {
                            'type': 'EQ',
                            'child': 'xgboost.subsample',
                            'parent': 'learner_id',
                            'value': 'xgboost'
                        },
                        {
                            'type': 'AND',
                            'child': 'ranger.num.random.splits',
                            'conditions': [
                                {
                                    'type': 'EQ',
                                    'child': 'ranger.num.random.splits',
                                    'parent': 'ranger.splitrule',
                                    'value': 'extratrees'
                                },
                                {
                                    'type': 'EQ',
                                    'child': 'ranger.num.random.splits',
                                    'parent': 'learner_id',
                                    'value': 'ranger'
                                }
                            ]
                        },
                        {
                            'type': 'AND',
                            'child': 'svm.degree',
                            'conditions': [
                                {
                                    'type': 'EQ',
                                    'child': 'svm.degree',
                                    'parent': 'svm.kernel',
                                    'value': 'polynomial'
                                },
                                {
                                    'type': 'EQ',
                                    'child': 'svm.degree',
                                    'parent': 'learner_id',
                                    'value': 'svm'
                                }
                            ]
                        },
                        {
                            'type': 'AND',
                            'child': 'svm.gamma',
                            'conditions': [
                                {
                                    'type': 'EQ',
                                    'child': 'svm.gamma',
                                    'parent': 'svm.kernel',
                                    'value': 'radial'
                                },
                                {
                                    'type': 'EQ',
                                    'child': 'svm.gamma',
                                    'parent': 'learner_id',
                                    'value': 'svm'
                                }
                            ]
                        },
                        {
                            'type': 'AND',
                            'child': 'xgboost.colsample_bylevel',
                            'conditions': [
                                {
                                    'type': 'IN',
                                    'child': 'xgboost.colsample_bylevel',
                                    'parent': 'xgboost.booster',
                                    'values': ['dart', 'gbtree']
                                },
                                {
                                    'type': 'EQ',
                                    'child': 'xgboost.colsample_bylevel',
                                    'parent': 'learner_id',
                                    'value': 'xgboost'
                                }
                            ]
                        },
                        {
                            'type': 'AND',
                            'child': 'xgboost.colsample_bytree',
                            'conditions': [
                                {
                                    'type': 'IN',
                                    'child': 'xgboost.colsample_bytree',
                                    'parent': 'xgboost.booster',
                                    'values': ['dart', 'gbtree']
                                },
                                {
                                    'type': 'EQ',
                                    'child': 'xgboost.colsample_bytree',
                                    'parent': 'learner_id',
                                    'value': 'xgboost'
                                }
                            ]
                        },
                        {
                            'type': 'AND',
                            'child': 'xgboost.eta',
                            'conditions': [
                                {
                                    'type': 'IN',
                                    'child': 'xgboost.eta',
                                    'parent': 'xgboost.booster',
                                    'values': ['dart', 'gbtree']
                                },
                                {
                                    'type': 'EQ',
                                    'child': 'xgboost.eta',
                                    'parent': 'learner_id',
                                    'value': 'xgboost'
                                }
                            ]
                        },
                        {
                            'type': 'AND',
                            'child': 'xgboost.gamma',
                            'conditions': [
                                {
                                    'type': 'IN',
                                    'child': 'xgboost.gamma',
                                    'parent': 'xgboost.booster',
                                    'values': ['dart', 'gbtree']
                                },
                                {
                                    'type': 'EQ',
                                    'child': 'xgboost.gamma',
                                    'parent': 'learner_id',
                                    'value': 'xgboost'
                                }
                            ]
                        },
                        {
                            'type': 'AND',
                            'child': 'xgboost.max_depth',
                            'conditions': [
                                {
                                    'type': 'IN',
                                    'child': 'xgboost.max_depth',
                                    'parent': 'xgboost.booster',
                                    'values': ['dart', 'gbtree']
                                },
                                {
                                    'type': 'EQ',
                                    'child': 'xgboost.max_depth',
                                    'parent': 'learner_id',
                                    'value': 'xgboost'
                                }
                            ]
                        },
                        {
                            'type': 'AND',
                            'child': 'xgboost.min_child_weight',
                            'conditions': [
                                {
                                    'type': 'IN',
                                    'child': 'xgboost.min_child_weight',
                                    'parent': 'xgboost.booster',
                                    'values': ['dart', 'gbtree']
                                },
                                {
                                    'type': 'EQ',
                                    'child': 'xgboost.min_child_weight',
                                    'parent': 'learner_id',
                                    'value': 'xgboost'
                                }
                            ]
                        },
                        {
                            'type': 'AND',
                            'child': 'xgboost.rate_drop',
                            'conditions': [
                                {
                                    'type': 'EQ',
                                    'child': 'xgboost.rate_drop',
                                    'parent': 'xgboost.booster',
                                    'value': 'dart'
                                },
                                {
                                    'type': 'EQ',
                                    'child': 'xgboost.rate_drop',
                                    'parent': 'learner_id',
                                    'value': 'xgboost'
                                }
                            ]
                        },
                        {
                            'type': 'AND',
                            'child': 'xgboost.skip_drop',
                            'conditions': [
                                {
                                    'type': 'EQ',
                                    'child': 'xgboost.skip_drop',
                                    'parent': 'xgboost.booster',
                                    'value': 'dart'
                                },
                                {
                                    'type': 'EQ',
                                    'child': 'xgboost.skip_drop',
                                    'parent': 'learner_id',
                                    'value': 'xgboost'
                                }
                            ]
                        }
                    ],
                    'forbiddens': [],
                    'python_module_version': '1.2.0',
                    'format_version': 0.4
                }
            },
            'fidelity_space': {
                '_target_': 'carps.utils.task.FidelitySpace',
                'is_multifidelity': False,
                'fidelity_type': None,
                'min_fidelity': None,
                'max_fidelity': None
            },
            'instance_space': None
        },
        'output_space': {
            '_target_': 'carps.utils.task.OutputSpace',
            'n_objectives': 1,
            'objectives': ['acc']
        },
        'optimization_resources': {
            '_target_': 'carps.utils.task.OptimizationResources',
            'n_trials': 50,
            'time_budget': None,
            'n_workers': 1
        },
        'metadata': {
            '_target_': 'carps.utils.task.TaskMetadata',
            'has_constraints': False,
            'domain': 'ML',
            'objective_function_approximation': 'surrogate',
            'has_virtual_time': False,
            'deterministic': False,
            'dimensions': 38,
            'search_space_n_categoricals': 7,
            'search_space_n_ordinals': 0,
            'search_space_n_integers': 13,
            'search_space_n_floats': 18,
            'search_space_has_conditionals': True,
            'search_space_has_forbiddens': False,
            'search_space_has_priors': False
        }
    },
    'benchmark_id': 'YAHPO',
    'task_id': 'yahpo/so/rbv2_super/15/None',
    'optimizer': {
        '_target_': 'carps_integration.optimizer.CARPSDynamicRFOptimizer',
        '_partial_': True,
        'extractor_name': 'proximity_b',
        'n_init': 10,
        'kappa': 1.96,
        'telemetry_path': 
'results/telemetry_proximity_b_cfg_rbv2_super_15_seed5.json',
        'window_size': 5,
        'min_samples_leaf_base': 2,
        'min_samples_leaf_min': 1,
        'min_samples_leaf_max': 15,
        'alpha': 1.0,
        'max_features_base': 0.5,
        'max_features_min': 0.1,
        'max_features_max': 0.8,
        'eta': 0.5
    },
    'optimizer_id': 'CARPSDynamicRF',
    'optimizer_container_id': 'CARPSDynamicRF',
    'pyexperimenter_configuration_file_path': None,
    'database_credential_file_path': None,
    'use_special_conda_env': False,
    'conda_env_name': 'carps_YAHPO_CARPSDynamicRF',
    'timestamp': '2026-07-21/03-42-57',
    'baserundir': 'runs',
    'outdir': 'runs/CARPSDynamicRF/YAHPO/yahpo/so/rbv2_super/15/None/5',
    'loggers': [
        {
            '_target_': 'carps.loggers.file_logger.FileLogger',
            '_partial_': True,
            'overwrite': True
        },
        {
            '_target_': 'carps.loggers.database_logger.DatabaseLogger',
            '_partial_': True
        }
    ]
}
[[36m2026-07-21 03:42:57,324[0m][[34mFileLogger[0m][[32mINFO[0m] - Found previous run. Removing 'runs/CARPSDynamicRF/YAHPO/yahpo/so/rbv2_super/15/None/5'.[0m
[[36m2026-07-21 03:42:57,702[0m][[34mDatabaseLogger[0m][[32mINFO[0m] - Not logging to database (result processor is None).[0m
Please make sure to also cite:
Binder M., Pfisterer F. & Bischl B. (2020). Collecting Empirical Data About Hyperparameters for Data Driven AutoML. 7th ICML Workshop on Automated Machine Learning.
╭────────────────────── <class 'carps.utils.task.Task'> ───────────────────────╮
│ Task.                                                                        │
│                                                                              │
│ ╭──────────────────────────────────────────────────────────────────────────╮ │
│ │ Task(                                                                    │ │
│ │ │   name='yahpo/so/rbv2_super/15/None',                                  │ │
│ │ │                                                                        │ │
│ │ objective_function=<carps.objective_functions.yahpo.YahpoObjectiveFuncti │ │
│ │ on object at 0x151f0af54d70>,                                            │ │
│ │ │   input_space=InputSpace(                                              │ │
│ │ │   │   configuration_space=Configuration space object:                  │ │
│ │   Hyperparameters:                                                       │ │
│ │ │   aknn.M, Type: UniformInteger, Range: [18, 50], Default: 34           │ │
│ │ │   aknn.distance, Type: Categorical, Choices: {l2, cosine, ip},         │ │
│ │ Default: l2                                                              │ │
│ │ │   aknn.ef, Type: UniformInteger, Range: [8, 256], Default: 48, on      │ │
│ │ log-scale                                                                │ │
│ │ │   aknn.ef_construction, Type: UniformInteger, Range: [8, 512],         │ │
│ │ Default: 96, on log-scale                                                │ │
│ │ │   aknn.k, Type: UniformInteger, Range: [1, 50], Default: 26            │ │
│ │ │   glmnet.alpha, Type: UniformFloat, Range: [0.0, 1.0], Default: 1.0    │ │
│ │ │   glmnet.s, Type: UniformFloat, Range: [0.0009118819656,               │ │
│ │ 1096.6331584284585], Default: 1.0, on log-scale                          │ │
│ │ │   learner_id, Type: Categorical, Choices: {aknn, glmnet, ranger,       │ │
│ │ rpart, svm, xgboost}, Default: aknn                                      │ │
│ │ │   num.impute.selected.cpo, Type: Categorical, Choices: {impute.mean,   │ │
│ │ impute.median, impute.hist}, Default: impute.mean                        │ │
│ │ │   ranger.min.node.size, Type: UniformInteger, Range: [1, 100],         │ │
│ │ Default: 50                                                              │ │
│ │ │   ranger.mtry.power, Type: UniformFloat, Range: [0.0, 1.0], Default:   │ │
│ │ 0.0                                                                      │ │
│ │ │   ranger.num.random.splits, Type: UniformInteger, Range: [1, 100],     │ │
│ │ Default: 1                                                               │ │
│ │ │   ranger.num.trees, Type: UniformInteger, Range: [1, 2000], Default:   │ │
│ │ 1000                                                                     │ │
│ │ │   ranger.respect.unordered.factors, Type: Categorical, Choices:        │ │
│ │ {ignore, order, partition}, Default: ignore                              │ │
│ │ │   ranger.sample.fraction, Type: UniformFloat, Range: [0.1, 1.0],       │ │
│ │ Default: 0.55                                                            │ │
│ │ │   ranger.splitrule, Type: Categorical, Choices: {gini, extratrees},    │ │
│ │ Default: gini                                                            │ │
│ │ │   rpart.cp, Type: UniformFloat, Range: [0.0009118819656, 1.0],         │ │
│ │ Default: 0.01, on log-scale                                              │ │
│ │ │   rpart.maxdepth, Type: UniformInteger, Range: [1, 30], Default: 30    │ │
│ │ │   rpart.minbucket, Type: UniformInteger, Range: [1, 100], Default: 1   │ │
│ │ │   rpart.minsplit, Type: UniformInteger, Range: [1, 100], Default: 20   │ │
│ │ │   svm.cost, Type: UniformFloat, Range: [4.53999298e-05,                │ │
│ │ 22026.465794806718], Default: 1.0, on log-scale                          │ │
│ │ │   svm.degree, Type: UniformInteger, Range: [2, 5], Default: 4          │ │
│ │ │   svm.gamma, Type: UniformFloat, Range: [4.53999298e-05,               │ │
│ │ 22026.465794806718], Default: 1.0, on log-scale                          │ │
│ │ │   svm.kernel, Type: Categorical, Choices: {linear, polynomial,         │ │
│ │ radial}, Default: linear                                                 │ │
│ │ │   svm.tolerance, Type: UniformFloat, Range: [4.53999298e-05, 2.0],     │ │
│ │ Default: 0.009528896, on log-scale                                       │ │
│ │ │   task_id, Type: Constant, Value: 15                                   │ │
│ │ │   xgboost.alpha, Type: UniformFloat, Range: [0.0009118819656,          │ │
│ │ 1096.6331584284585], Default: 1.0, on log-scale                          │ │
│ │ │   xgboost.booster, Type: Categorical, Choices: {gblinear, gbtree,      │ │
│ │ dart}, Default: gblinear                                                 │ │
│ │ │   xgboost.colsample_bylevel, Type: UniformFloat, Range: [0.01, 1.0],   │ │
│ │ Default: 0.505                                                           │ │
│ │ │   xgboost.colsample_bytree, Type: UniformFloat, Range: [0.01, 1.0],    │ │
│ │ Default: 0.505                                                           │ │
│ │ │   xgboost.eta, Type: UniformFloat, Range: [0.0009118819656, 1.0],      │ │
│ │ Default: 0.0301973834, on log-scale                                      │ │
│ │ │   xgboost.gamma, Type: UniformFloat, Range: [4.53999298e-05,           │ │
│ │ 7.3890560989306], Default: 0.0183156389, on log-scale                    │ │
│ │ │   xgboost.lambda, Type: UniformFloat, Range: [0.0009118819656,         │ │
│ │ 1096.6331584284585], Default: 1.0, on log-scale                          │ │
│ │ │   xgboost.max_depth, Type: UniformInteger, Range: [1, 15], Default: 8  │ │
│ │ │   xgboost.min_child_weight, Type: UniformFloat, Range:                 │ │
│ │ [2.718281828459, 148.4131591025766], Default: 20.0855369232, on          │ │
│ │ log-scale                                                                │ │
│ │ │   xgboost.nrounds, Type: UniformInteger, Range: [7, 2981], Default:    │ │
│ │ 144, on log-scale                                                        │ │
│ │ │   xgboost.rate_drop, Type: UniformFloat, Range: [0.0, 1.0], Default:   │ │
│ │ 0.5                                                                      │ │
│ │ │   xgboost.skip_drop, Type: UniformFloat, Range: [0.0, 1.0], Default:   │ │
│ │ 0.5                                                                      │ │
│ │ │   xgboost.subsample, Type: UniformFloat, Range: [0.1, 1.0], Default:   │ │
│ │ 0.55                                                                     │ │
│ │   Conditions:                                                            │ │
│ │ │   (ranger.num.random.splits | ranger.splitrule == 'extratrees' &&      │ │
│ │ ranger.num.random.splits | learner_id == 'ranger')                       │ │
│ │ │   (svm.degree | svm.kernel == 'polynomial' && svm.degree | learner_id  │ │
│ │ == 'svm')                                                                │ │
│ │ │   (svm.gamma | svm.kernel == 'radial' && svm.gamma | learner_id ==     │ │
│ │ 'svm')                                                                   │ │
│ │ │   (xgboost.colsample_bylevel | xgboost.booster in {'dart', 'gbtree'}   │ │
│ │ && xgboost.colsample_bylevel | learner_id == 'xgboost')                  │ │
│ │ │   (xgboost.colsample_bytree | xgboost.booster in {'dart', 'gbtree'} && │ │
│ │ xgboost.colsample_bytree | learner_id == 'xgboost')                      │ │
│ │ │   (xgboost.eta | xgboost.booster in {'dart', 'gbtree'} && xgboost.eta  │ │
│ │ | learner_id == 'xgboost')                                               │ │
│ │ │   (xgboost.gamma | xgboost.booster in {'dart', 'gbtree'} &&            │ │
│ │ xgboost.gamma | learner_id == 'xgboost')                                 │ │
│ │ │   (xgboost.max_depth | xgboost.booster in {'dart', 'gbtree'} &&        │ │
│ │ xgboost.max_depth | learner_id == 'xgboost')                             │ │
│ │ │   (xgboost.min_child_weight | xgboost.booster in {'dart', 'gbtree'} && │ │
│ │ xgboost.min_child_weight | learner_id == 'xgboost')                      │ │
│ │ │   (xgboost.rate_drop | xgboost.booster == 'dart' && xgboost.rate_drop  │ │
│ │ | learner_id == 'xgboost')                                               │ │
│ │ │   (xgboost.skip_drop | xgboost.booster == 'dart' && xgboost.skip_drop  │ │
│ │ | learner_id == 'xgboost')                                               │ │
│ │ │   aknn.M | learner_id == 'aknn'                                        │ │
│ │ │   aknn.distance | learner_id == 'aknn'                                 │ │
│ │ │   aknn.ef | learner_id == 'aknn'                                       │ │
│ │ │   aknn.ef_construction | learner_id == 'aknn'                          │ │
│ │ │   aknn.k | learner_id == 'aknn'                                        │ │
│ │ │   glmnet.alpha | learner_id == 'glmnet'                                │ │
│ │ │   glmnet.s | learner_id == 'glmnet'                                    │ │
│ │ │   ranger.min.node.size | learner_id == 'ranger'                        │ │
│ │ │   ranger.mtry.power | learner_id == 'ranger'                           │ │
│ │ │   ranger.num.trees | learner_id == 'ranger'                            │ │
│ │ │   ranger.respect.unordered.factors | learner_id == 'ranger'            │ │
│ │ │   ranger.sample.fraction | learner_id == 'ranger'                      │ │
│ │ │   ranger.splitrule | learner_id == 'ranger'                            │ │
│ │ │   rpart.cp | learner_id == 'rpart'                                     │ │
│ │ │   rpart.maxdepth | learner_id == 'rpart'                               │ │
│ │ │   rpart.minbucket | learner_id == 'rpart'                              │ │
│ │ │   rpart.minsplit | learner_id == 'rpart'                               │ │
│ │ │   svm.cost | learner_id == 'svm'                                       │ │
│ │ │   svm.kernel | learner_id == 'svm'                                     │ │
│ │ │   svm.tolerance | learner_id == 'svm'                                  │ │
│ │ │   xgboost.alpha | learner_id == 'xgboost'                              │ │
│ │ │   xgboost.booster | learner_id == 'xgboost'                            │ │
│ │ │   xgboost.lambda | learner_id == 'xgboost'                             │ │
│ │ │   xgboost.nrounds | learner_id == 'xgboost'                            │ │
│ │ │   xgboost.subsample | learner_id == 'xgboost'                          │ │
│ │ ,                                                                        │ │
│ │ │   │   fidelity_space=FidelitySpace(                                    │ │
│ │ │   │   │   is_multifidelity=False,                                      │ │
│ │ │   │   │   fidelity_type=None,                                          │ │
│ │ │   │   │   min_fidelity=None,                                           │ │
│ │ │   │   │   max_fidelity=None                                            │ │
│ │ │   │   ),                                                               │ │
│ │ │   │   instance_space=None                                              │ │
│ │ │   ),                                                                   │ │
│ │ │   output_space=OutputSpace(n_objectives=1, objectives=['acc']),        │ │
│ │ │   optimization_resources=OptimizationResources(                        │ │
│ │ │   │   n_trials=50,                                                     │ │
│ │ │   │   time_budget=None,                                                │ │
│ │ │   │   n_workers=1                                                      │ │
│ │ │   ),                                                                   │ │
│ │ │   metadata=TaskMetadata(                                               │ │
│ │ │   │   has_constraints=False,                                           │ │
│ │ │   │   domain='ML',                                                     │ │
│ │ │   │   objective_function_approximation='surrogate',                    │ │
│ │ │   │   has_virtual_time=False,                                          │ │
│ │ │   │   deterministic=False,                                             │ │
│ │ │   │   dimensions=38,                                                   │ │
│ │ │   │   search_space_n_categoricals=7,                                   │ │
│ │ │   │   search_space_n_ordinals=0,                                       │ │
│ │ │   │   search_space_n_integers=13,                                      │ │
│ │ │   │   search_space_n_floats=18,                                        │ │
│ │ │   │   search_space_has_conditionals=True,                              │ │
│ │ │   │   search_space_has_forbiddens=False,                               │ │
│ │ │   │   search_space_has_priors=False                                    │ │
│ │ │   ),                                                                   │ │
│ │ │   seed=5                                                               │ │
│ │ )                                                                        │ │
│ ╰──────────────────────────────────────────────────────────────────────────╯ │
│                                                                              │
│            input_space = InputSpace(                                         │
│                              configuration_space=Configuration space object: │
│                            Hyperparameters:                                  │
│                              aknn.M, Type: UniformInteger, Range: [18, 50],  │
│                          Default: 34                                         │
│                              aknn.distance, Type: Categorical, Choices: {l2, │
│                          cosine, ip}, Default: l2                            │
│                              aknn.ef, Type: UniformInteger, Range: [8, 256], │
│                          Default: 48, on log-scale                           │
│                              aknn.ef_construction, Type: UniformInteger,     │
│                          Range: [8, 512], Default: 96, on log-scale          │
│                              aknn.k, Type: UniformInteger, Range: [1, 50],   │
│                          Default: 26                                         │
│                              glmnet.alpha, Type: UniformFloat, Range: [0.0,  │
│                          1.0], Default: 1.0                                  │
│                              glmnet.s, Type: UniformFloat, Range:            │
│                          [0.0009118819656, 1096.6331584284585], Default:     │
│                          1.0, on log-scale                                   │
│                              learner_id, Type: Categorical, Choices: {aknn,  │
│                          glmnet, ranger, rpart, svm, xgboost}, Default: aknn │
│                              num.impute.selected.cpo, Type: Categorical,     │
│                          Choices: {impute.mean, impute.median, impute.hist}, │
│                          Default: impute.mean                                │
│                              ranger.min.node.size, Type: UniformInteger,     │
│                          Range: [1, 100], Default: 50                        │
│                              ranger.mtry.power, Type: UniformFloat, Range:   │
│                          [0.0, 1.0], Default: 0.0                            │
│                              ranger.num.random.splits, Type: UniformInteger, │
│                          Range: [1, 100], Default: 1                         │
│                              ranger.num.trees, Type: UniformInteger, Range:  │
│                          [1, 2000], Default: 1000                            │
│                              ranger.respect.unordered.factors, Type:         │
│                          Categorical, Choices: {ignore, order, partition},   │
│                          Default: ignore                                     │
│                              ranger.sample.fraction, Type: UniformFloat,     │
│                          Range: [0.1, 1.0], Default: 0.55                    │
│                              ranger.splitrule, Type: Categorical, Choices:   │
│                          {gini, extratrees}, Default: gini                   │
│                              rpart.cp, Type: UniformFloat, Range:            │
│                          [0.0009118819656, 1.0], Default: 0.01, on log-scale │
│                              rpart.maxdepth, Type: UniformInteger, Range:    │
│                          [1, 30], Default: 30                                │
│                              rpart.minbucket, Type: UniformInteger, Range:   │
│                          [1, 100], Default: 1                                │
│                              rpart.minsplit, Type: UniformInteger, Range:    │
│                          [1, 100], Default: 20                               │
│                              svm.cost, Type: UniformFloat, Range:            │
│                          [4.53999298e-05, 22026.465794806718], Default: 1.0, │
│                          on log-scale                                        │
│                              svm.degree, Type: UniformInteger, Range: [2,    │
│                          5], Default: 4                                      │
│                              svm.gamma, Type: UniformFloat, Range:           │
│                          [4.53999298e-05, 22026.465794806718], Default: 1.0, │
│                          on log-scale                                        │
│                              svm.kernel, Type: Categorical, Choices:         │
│                          {linear, polynomial, radial}, Default: linear       │
│                              svm.tolerance, Type: UniformFloat, Range:       │
│                          [4.53999298e-05, 2.0], Default: 0.009528896, on     │
│                          log-scale                                           │
│                              task_id, Type: Constant, Value: 15              │
│                              xgboost.alpha, Type: UniformFloat, Range:       │
│                          [0.0009118819656, 1096.6331584284585], Default:     │
│                          1.0, on log-scale                                   │
│                              xgboost.booster, Type: Categorical, Choices:    │
│                          {gblinear, gbtree, dart}, Default: gblinear         │
│                              xgboost.colsample_bylevel, Type: UniformFloat,  │
│                          Range: [0.01, 1.0], Default: 0.505                  │
│                              xgboost.colsample_bytree, Type: UniformFloat,   │
│                          Range: [0.01, 1.0], Default: 0.505                  │
│                              xgboost.eta, Type: UniformFloat, Range:         │
│                          [0.0009118819656, 1.0], Default: 0.0301973834, on   │
│                          log-scale                                           │
│                              xgboost.gamma, Type: UniformFloat, Range:       │
│                          [4.53999298e-05, 7.3890560989306], Default:         │
│                          0.0183156389, on log-scale                          │
│                              xgboost.lambda, Type: UniformFloat, Range:      │
│                          [0.0009118819656, 1096.6331584284585], Default:     │
│                          1.0, on log-scale                                   │
│                              xgboost.max_depth, Type: UniformInteger, Range: │
│                          [1, 15], Default: 8                                 │
│                              xgboost.min_child_weight, Type: UniformFloat,   │
│                          Range: [2.718281828459, 148.4131591025766],         │
│                          Default: 20.0855369232, on log-scale                │
│                              xgboost.nrounds, Type: UniformInteger, Range:   │
│                          [7, 2981], Default: 144, on log-scale               │
│                              xgboost.rate_drop, Type: UniformFloat, Range:   │
│                          [0.0, 1.0], Default: 0.5                            │
│                              xgboost.skip_drop, Type: UniformFloat, Range:   │
│                          [0.0, 1.0], Default: 0.5                            │
│                              xgboost.subsample, Type: UniformFloat, Range:   │
│                          [0.1, 1.0], Default: 0.55                           │
│                            Conditions:                                       │
│                              (ranger.num.random.splits | ranger.splitrule == │
│                          'extratrees' && ranger.num.random.splits |          │
│                          learner_id == 'ranger')                             │
│                              (svm.degree | svm.kernel == 'polynomial' &&     │
│                          svm.degree | learner_id == 'svm')                   │
│                              (svm.gamma | svm.kernel == 'radial' &&          │
│                          svm.gamma | learner_id == 'svm')                    │
│                              (xgboost.colsample_bylevel | xgboost.booster in │
│                          {'dart', 'gbtree'} && xgboost.colsample_bylevel |   │
│                          learner_id == 'xgboost')                            │
│                              (xgboost.colsample_bytree | xgboost.booster in  │
│                          {'dart', 'gbtree'} && xgboost.colsample_bytree |    │
│                          learner_id == 'xgboost')                            │
│                              (xgboost.eta | xgboost.booster in {'dart',      │
│                          'gbtree'} && xgboost.eta | learner_id == 'xgboost') │
│                              (xgboost.gamma | xgboost.booster in {'dart',    │
│                          'gbtree'} && xgboost.gamma | learner_id ==          │
│                          'xgboost')                                          │
│                              (xgboost.max_depth | xgboost.booster in         │
│                          {'dart', 'gbtree'} && xgboost.max_depth |           │
│                          learner_id == 'xgboost')                            │
│                              (xgboost.min_child_weight | xgboost.booster in  │
│                          {'dart', 'gbtree'} && xgboost.min_child_weight |    │
│                          learner_id == 'xgboost')                            │
│                              (xgboost.rate_drop | xgboost.booster == 'dart'  │
│                          && xgboost.rate_drop | learner_id == 'xgboost')     │
│                              (xgboost.skip_drop | xgboost.booster == 'dart'  │
│                          && xgboost.skip_drop | learner_id == 'xgboost')     │
│                              aknn.M | learner_id == 'aknn'                   │
│                              aknn.distance | learner_id == 'aknn'            │
│                              aknn.ef | learner_id == 'aknn'                  │
│                              aknn.ef_construction | learner_id == 'aknn'     │
│                              aknn.k | learner_id == 'aknn'                   │
│                              glmnet.alpha | learner_id == 'glmnet'           │
│                              glmnet.s | learner_id == 'glmnet'               │
│                              ranger.min.node.size | learner_id == 'ranger'   │
│                              ranger.mtry.power | learner_id == 'ranger'      │
│                              ranger.num.trees | learner_id == 'ranger'       │
│                              ranger.respect.unordered.factors | learner_id   │
│                          == 'ranger'                                         │
│                              ranger.sample.fraction | learner_id == 'ranger' │
│                              ranger.splitrule | learner_id == 'ranger'       │
│                              rpart.cp | learner_id == 'rpart'                │
│                              rpart.maxdepth | learner_id == 'rpart'          │
│                              rpart.minbucket | learner_id == 'rpart'         │
│                              rpart.minsplit | learner_id == 'rpart'          │
│                              svm.cost | learner_id == 'svm'                  │
│                              svm.kernel | learner_id == 'svm'                │
│                              svm.tolerance | learner_id == 'svm'             │
│                              xgboost.alpha | learner_id == 'xgboost'         │
│                              xgboost.booster | learner_id == 'xgboost'       │
│                              xgboost.lambda | learner_id == 'xgboost'        │
│                              xgboost.nrounds | learner_id == 'xgboost'       │
│                              xgboost.subsample | learner_id == 'xgboost'     │
│                          ,                                                   │
│                              fidelity_space=FidelitySpace(                   │
│                                  is_multifidelity=False,                     │
│                                  fidelity_type=None,                         │
│                                  min_fidelity=None,                          │
│                                  max_fidelity=None                           │
│                              ),                                              │
│                              instance_space=None                             │
│                          )                                                   │
│               metadata = TaskMetadata(                                       │
│                              has_constraints=False,                          │
│                              domain='ML',                                    │
│                              objective_function_approximation='surrogate',   │
│                              has_virtual_time=False,                         │
│                              deterministic=False,                            │
│                              dimensions=38,                                  │
│                              search_space_n_categoricals=7,                  │
│                              search_space_n_ordinals=0,                      │
│                              search_space_n_integers=13,                     │
│                              search_space_n_floats=18,                       │
│                              search_space_has_conditionals=True,             │
│                              search_space_has_forbiddens=False,              │
│                              search_space_has_priors=False                   │
│                          )                                                   │
│                   name = 'yahpo/so/rbv2_super/15/None'                       │
│     objective_function = <carps.objective_functions.yahpo.YahpoObjectiveFun… │
│                          object at 0x151f0af54d70>                           │
│ optimization_resources = OptimizationResources(                              │
│                              n_trials=50,                                    │
│                              time_budget=None,                               │
│                              n_workers=1                                     │
│                          )                                                   │
│           output_space = OutputSpace(n_objectives=1, objectives=['acc'])     │
│                   seed = 5                                                   │
╰──────────────────────────────────────────────────────────────────────────────╯
╭─────── <class 'carps_integration.optimizer.CARPSDynamicRFOptimizer'> ────────╮
│ CARP-S compatible Bayesian Optimization optimizer wrapper that uses          │
│ Dynamic RF surrogate models with Extensible Epistemic UQ Extractors.         │
│                                                                              │
│ ╭──────────────────────────────────────────────────────────────────────────╮ │
│ │ <carps_integration.optimizer.CARPSDynamicRFOptimizer object at           │ │
│ │ 0x151f0ab45550>                                                          │ │
│ ╰──────────────────────────────────────────────────────────────────────────╯ │
│                                                                              │
│                        alpha = 1.0                                           │
│                  configspace = Configuration space object:                   │
│                                  Hyperparameters:                            │
│                                    aknn.M, Type: UniformInteger, Range: [18, │
│                                50], Default: 34                              │
│                                    aknn.distance, Type: Categorical,         │
│                                Choices: {l2, cosine, ip}, Default: l2        │
│                                    aknn.ef, Type: UniformInteger, Range: [8, │
│                                256], Default: 48, on log-scale               │
│                                    aknn.ef_construction, Type:               │
│                                UniformInteger, Range: [8, 512], Default: 96, │
│                                on log-scale                                  │
│                                    aknn.k, Type: UniformInteger, Range: [1,  │
│                                50], Default: 26                              │
│                                    glmnet.alpha, Type: UniformFloat, Range:  │
│                                [0.0, 1.0], Default: 1.0                      │
│                                    glmnet.s, Type: UniformFloat, Range:      │
│                                [0.0009118819656, 1096.6331584284585],        │
│                                Default: 1.0, on log-scale                    │
│                                    learner_id, Type: Categorical, Choices:   │
│                                {aknn, glmnet, ranger, rpart, svm, xgboost},  │
│                                Default: aknn                                 │
│                                    num.impute.selected.cpo, Type:            │
│                                Categorical, Choices: {impute.mean,           │
│                                impute.median, impute.hist}, Default:         │
│                                impute.mean                                   │
│                                    ranger.min.node.size, Type:               │
│                                UniformInteger, Range: [1, 100], Default: 50  │
│                                    ranger.mtry.power, Type: UniformFloat,    │
│                                Range: [0.0, 1.0], Default: 0.0               │
│                                    ranger.num.random.splits, Type:           │
│                                UniformInteger, Range: [1, 100], Default: 1   │
│                                    ranger.num.trees, Type: UniformInteger,   │
│                                Range: [1, 2000], Default: 1000               │
│                                    ranger.respect.unordered.factors, Type:   │
│                                Categorical, Choices: {ignore, order,         │
│                                partition}, Default: ignore                   │
│                                    ranger.sample.fraction, Type:             │
│                                UniformFloat, Range: [0.1, 1.0], Default:     │
│                                0.55                                          │
│                                    ranger.splitrule, Type: Categorical,      │
│                                Choices: {gini, extratrees}, Default: gini    │
│                                    rpart.cp, Type: UniformFloat, Range:      │
│                                [0.0009118819656, 1.0], Default: 0.01, on     │
│                                log-scale                                     │
│                                    rpart.maxdepth, Type: UniformInteger,     │
│                                Range: [1, 30], Default: 30                   │
│                                    rpart.minbucket, Type: UniformInteger,    │
│                                Range: [1, 100], Default: 1                   │
│                                    rpart.minsplit, Type: UniformInteger,     │
│                                Range: [1, 100], Default: 20                  │
│                                    svm.cost, Type: UniformFloat, Range:      │
│                                [4.53999298e-05, 22026.465794806718],         │
│                                Default: 1.0, on log-scale                    │
│                                    svm.degree, Type: UniformInteger, Range:  │
│                                [2, 5], Default: 4                            │
│                                    svm.gamma, Type: UniformFloat, Range:     │
│                                [4.53999298e-05, 22026.465794806718],         │
│                                Default: 1.0, on log-scale                    │
│                                    svm.kernel, Type: Categorical, Choices:   │
│                                {linear, polynomial, radial}, Default: linear │
│                                    svm.tolerance, Type: UniformFloat, Range: │
│                                [4.53999298e-05, 2.0], Default: 0.009528896,  │
│                                on log-scale                                  │
│                                    task_id, Type: Constant, Value: 15        │
│                                    xgboost.alpha, Type: UniformFloat, Range: │
│                                [0.0009118819656, 1096.6331584284585],        │
│                                Default: 1.0, on log-scale                    │
│                                    xgboost.booster, Type: Categorical,       │
│                                Choices: {gblinear, gbtree, dart}, Default:   │
│                                gblinear                                      │
│                                    xgboost.colsample_bylevel, Type:          │
│                                UniformFloat, Range: [0.01, 1.0], Default:    │
│                                0.505                                         │
│                                    xgboost.colsample_bytree, Type:           │
│                                UniformFloat, Range: [0.01, 1.0], Default:    │
│                                0.505                                         │
│                                    xgboost.eta, Type: UniformFloat, Range:   │
│                                [0.0009118819656, 1.0], Default:              │
│                                0.0301973834, on log-scale                    │
│                                    xgboost.gamma, Type: UniformFloat, Range: │
│                                [4.53999298e-05, 7.3890560989306], Default:   │
│                                0.0183156389, on log-scale                    │
│                                    xgboost.lambda, Type: UniformFloat,       │
│                                Range: [0.0009118819656, 1096.6331584284585], │
│                                Default: 1.0, on log-scale                    │
│                                    xgboost.max_depth, Type: UniformInteger,  │
│                                Range: [1, 15], Default: 8                    │
│                                    xgboost.min_child_weight, Type:           │
│                                UniformFloat, Range: [2.718281828459,         │
│                                148.4131591025766], Default: 20.0855369232,   │
│                                on log-scale                                  │
│                                    xgboost.nrounds, Type: UniformInteger,    │
│                                Range: [7, 2981], Default: 144, on log-scale  │
│                                    xgboost.rate_drop, Type: UniformFloat,    │
│                                Range: [0.0, 1.0], Default: 0.5               │
│                                    xgboost.skip_drop, Type: UniformFloat,    │
│                                Range: [0.0, 1.0], Default: 0.5               │
│                                    xgboost.subsample, Type: UniformFloat,    │
│                                Range: [0.1, 1.0], Default: 0.55              │
│                                  Conditions:                                 │
│                                    (ranger.num.random.splits |               │
│                                ranger.splitrule == 'extratrees' &&           │
│                                ranger.num.random.splits | learner_id ==      │
│                                'ranger')                                     │
│                                    (svm.degree | svm.kernel == 'polynomial'  │
│                                && svm.degree | learner_id == 'svm')          │
│                                    (svm.gamma | svm.kernel == 'radial' &&    │
│                                svm.gamma | learner_id == 'svm')              │
│                                    (xgboost.colsample_bylevel |              │
│                                xgboost.booster in {'dart', 'gbtree'} &&      │
│                                xgboost.colsample_bylevel | learner_id ==     │
│                                'xgboost')                                    │
│                                    (xgboost.colsample_bytree |               │
│                                xgboost.booster in {'dart', 'gbtree'} &&      │
│                                xgboost.colsample_bytree | learner_id ==      │
│                                'xgboost')                                    │
│                                    (xgboost.eta | xgboost.booster in         │
│                                {'dart', 'gbtree'} && xgboost.eta |           │
│                                learner_id == 'xgboost')                      │
│                                    (xgboost.gamma | xgboost.booster in       │
│                                {'dart', 'gbtree'} && xgboost.gamma |         │
│                                learner_id == 'xgboost')                      │
│                                    (xgboost.max_depth | xgboost.booster in   │
│                                {'dart', 'gbtree'} && xgboost.max_depth |     │
│                                learner_id == 'xgboost')                      │
│                                    (xgboost.min_child_weight |               │
│                                xgboost.booster in {'dart', 'gbtree'} &&      │
│                                xgboost.min_child_weight | learner_id ==      │
│                                'xgboost')                                    │
│                                    (xgboost.rate_drop | xgboost.booster ==   │
│                                'dart' && xgboost.rate_drop | learner_id ==   │
│                                'xgboost')                                    │
│                                    (xgboost.skip_drop | xgboost.booster ==   │
│                                'dart' && xgboost.skip_drop | learner_id ==   │
│                                'xgboost')                                    │
│                                    aknn.M | learner_id == 'aknn'             │
│                                    aknn.distance | learner_id == 'aknn'      │
│                                    aknn.ef | learner_id == 'aknn'            │
│                                    aknn.ef_construction | learner_id ==      │
│                                'aknn'                                        │
│                                    aknn.k | learner_id == 'aknn'             │
│                                    glmnet.alpha | learner_id == 'glmnet'     │
│                                    glmnet.s | learner_id == 'glmnet'         │
│                                    ranger.min.node.size | learner_id ==      │
│                                'ranger'                                      │
│                                    ranger.mtry.power | learner_id ==         │
│                                'ranger'                                      │
│                                    ranger.num.trees | learner_id == 'ranger' │
│                                    ranger.respect.unordered.factors |        │
│                                learner_id == 'ranger'                        │
│                                    ranger.sample.fraction | learner_id ==    │
│                                'ranger'                                      │
│                                    ranger.splitrule | learner_id == 'ranger' │
│                                    rpart.cp | learner_id == 'rpart'          │
│                                    rpart.maxdepth | learner_id == 'rpart'    │
│                                    rpart.minbucket | learner_id == 'rpart'   │
│                                    rpart.minsplit | learner_id == 'rpart'    │
│                                    svm.cost | learner_id == 'svm'            │
│                                    svm.kernel | learner_id == 'svm'          │
│                                    svm.tolerance | learner_id == 'svm'       │
│                                    xgboost.alpha | learner_id == 'xgboost'   │
│                                    xgboost.booster | learner_id == 'xgboost' │
│                                    xgboost.lambda | learner_id == 'xgboost'  │
│                                    xgboost.nrounds | learner_id == 'xgboost' │
│                                    xgboost.subsample | learner_id ==         │
│                                'xgboost'                                     │
│                                                                              │
│                          eta = 0.5                                           │
│           expects_fidelities = False                                         │
│  expects_multiple_objectives = False                                         │
│             extractor_kwargs = {}                                            │
│               extractor_name = 'proximity_b'                                 │
│             fidelity_enabled = False                                         │
│                      history = []                                            │
│       initial_design_configs = []                                            │
│                        kappa = 1.96                                          │
│                      loggers = [<carps.loggers.file_logger.FileLogger object │
│                                at 0x151f0af54980>,                           │
│                                <carps.loggers.database_logger.DatabaseLogger │
│                                object at 0x151f0af541a0>]                    │
│            max_features_base = 0.5                                           │
│             max_features_max = 0.8                                           │
│             max_features_min = 0.1                                           │
│        min_samples_leaf_base = 2                                             │
│         min_samples_leaf_max = 15                                            │
│         min_samples_leaf_min = 1                                             │
│                       n_init = 10                                            │
│                    rf_kwargs = {}                                            │
│                       solver = None                                          │
│                    surrogate = None                                          │
│                         task = Task(                                         │
│                                    name='yahpo/so/rbv2_super/15/None',       │
│                                    objective_function=<carps.objective_func… │
│                                object at 0x151f0af54d70>,                    │
│                                    input_space=InputSpace(                   │
│                                        configuration_space=Configuration     │
│                                space object:                                 │
│                                  Hyperparameters:                            │
│                                    aknn.M, Type: UniformInteger, Range: [18, │
│                                50], Default: 34                              │
│                                    aknn.distance, Type: Categorical,         │
│                                Choices: {l2, cosine, ip}, Default: l2        │
│                                    aknn.ef, Type: UniformInteger, Range: [8, │
│                                256], Default: 48, on log-scale               │
│                                    aknn.ef_construction, Type:               │
│                                UniformInteger, Range: [8, 512], Default: 96, │
│                                on log-scale                                  │
│                                    aknn.k, Type: UniformInteger, Range: [1,  │
│                                50], Default: 26                              │
│                                    glmnet.alpha, Type: UniformFloat, Range:  │
│                                [0.0, 1.0], Default: 1.0                      │
│                                    glmnet.s, Type: UniformFloat, Range:      │
│                                [0.0009118819656, 1096.6331584284585],        │
│                                Default: 1.0, on log-scale                    │
│                                    learner_id, Type: Categorical, Choices:   │
│                                {aknn, glmnet, ranger, rpart, svm, xgboost},  │
│                                Default: aknn                                 │
│                                    num.impute.selected.cpo, Type:            │
│                                Categorical, Choices: {impute.mean,           │
│                                impute.median, impute.hist}, Default:         │
│                                impute.mean                                   │
│                                    ranger.min.node.size, Type:               │
│                                UniformInteger, Range: [1, 100], Default: 50  │
│                                    ranger.mtry.power, Type: UniformFloat,    │
│                                Range: [0.0, 1.0], Default: 0.0               │
│                                    ranger.num.random.splits, Type:           │
│                                UniformInteger, Range: [1, 100], Default: 1   │
│                                    ranger.num.trees, Type: UniformInteger,   │
│                                Range: [1, 2000], Default: 1000               │
│                                    ranger.respect.unordered.factors, Type:   │
│                                Categorical, Choices: {ignore, order,         │
│                                partition}, Default: ignore                   │
│                                    ranger.sample.fraction, Type:             │
│                                UniformFloat, Range: [0.1, 1.0], Default:     │
│                                0.55                                          │
│                                    ranger.splitrule, Type: Categorical,      │
│                                Choices: {gini, extratrees}, Default: gini    │
│                                    rpart.cp, Type: UniformFloat, Range:      │
│                                [0.0009118819656, 1.0], Default: 0.01, on     │
│                                log-scale                                     │
│                                    rpart.maxdepth, Type: UniformInteger,     │
│                                Range: [1, 30], Default: 30                   │
│                                    rpart.minbucket, Type: UniformInteger,    │
│                                Range: [1, 100], Default: 1                   │
│                                    rpart.minsplit, Type: UniformInteger,     │
│                                Range: [1, 100], Default: 20                  │
│                                    svm.cost, Type: UniformFloat, Range:      │
│                                [4.53999298e-05, 22026.465794806718],         │
│                                Default: 1.0, on log-scale                    │
│                                    svm.degree, Type: UniformInteger, Range:  │
│                                [2, 5], Default: 4                            │
│                                    svm.gamma, Type: UniformFloat, Range:     │
│                                [4.53999298e-05, 22026.465794806718],         │
│                                Default: 1.0, on log-scale                    │
│                                    svm.kernel, Type: Categorical, Choices:   │
│                                {linear, polynomial, radial}, Default: linear │
│                                    svm.tolerance, Type: UniformFloat, Range: │
│                                [4.53999298e-05, 2.0], Default: 0.009528896,  │
│                                on log-scale                                  │
│                                    task_id, Type: Constant, Value: 15        │
│                                    xgboost.alpha, Type: UniformFloat, Range: │
│                                [0.0009118819656, 1096.6331584284585],        │
│                                Default: 1.0, on log-scale                    │
│                                    xgboost.booster, Type: Categorical,       │
│                                Choices: {gblinear, gbtree, dart}, Default:   │
│                                gblinear                                      │
│                                    xgboost.colsample_bylevel, Type:          │
│                                UniformFloat, Range: [0.01, 1.0], Default:    │
│                                0.505                                         │
│                                    xgboost.colsample_bytree, Type:           │
│                                UniformFloat, Range: [0.01, 1.0], Default:    │
│                                0.505                                         │
│                                    xgboost.eta, Type: UniformFloat, Range:   │
│                                [0.0009118819656, 1.0], Default:              │
│                                0.0301973834, on log-scale                    │
│                                    xgboost.gamma, Type: UniformFloat, Range: │
│                                [4.53999298e-05, 7.3890560989306], Default:   │
│                                0.0183156389, on log-scale                    │
│                                    xgboost.lambda, Type: UniformFloat,       │
│                                Range: [0.0009118819656, 1096.6331584284585], │
│                                Default: 1.0, on log-scale                    │
│                                    xgboost.max_depth, Type: UniformInteger,  │
│                                Range: [1, 15], Default: 8                    │
│                                    xgboost.min_child_weight, Type:           │
│                                UniformFloat, Range: [2.718281828459,         │
│                                148.4131591025766], Default: 20.0855369232,   │
│                                on log-scale                                  │
│                                    xgboost.nrounds, Type: UniformInteger,    │
│                                Range: [7, 2981], Default: 144, on log-scale  │
│                                    xgboost.rate_drop, Type: UniformFloat,    │
│                                Range: [0.0, 1.0], Default: 0.5               │
│                                    xgboost.skip_drop, Type: UniformFloat,    │
│                                Range: [0.0, 1.0], Default: 0.5               │
│                                    xgboost.subsample, Type: UniformFloat,    │
│                                Range: [0.1, 1.0], Default: 0.55              │
│                                  Conditions:                                 │
│                                    (ranger.num.random.splits |               │
│                                ranger.splitrule == 'extratrees' &&           │
│                                ranger.num.random.splits | learner_id ==      │
│                                'ranger')                                     │
│                                    (svm.degree | svm.kernel == 'polynomial'  │
│                                && svm.degree | learner_id == 'svm')          │
│                                    (svm.gamma | svm.kernel == 'radial' &&    │
│                                svm.gamma | learner_id == 'svm')              │
│                                    (xgboost.colsample_bylevel |              │
│                                xgboost.booster in {'dart', 'gbtree'} &&      │
│                                xgboost.colsample_bylevel | learner_id ==     │
│                                'xgboost')                                    │
│                                    (xgboost.colsample_bytree |               │
│                                xgboost.booster in {'dart', 'gbtree'} &&      │
│                                xgboost.colsample_bytree | learner_id ==      │
│                                'xgboost')                                    │
│                                    (xgboost.eta | xgboost.booster in         │
│                                {'dart', 'gbtree'} && xgboost.eta |           │
│                                learner_id == 'xgboost')                      │
│                                    (xgboost.gamma | xgboost.booster in       │
│                                {'dart', 'gbtree'} && xgboost.gamma |         │
│                                learner_id == 'xgboost')                      │
│                                    (xgboost.max_depth | xgboost.booster in   │
│                                {'dart', 'gbtree'} && xgboost.max_depth |     │
│                                learner_id == 'xgboost')                      │
│                                    (xgboost.min_child_weight |               │
│                                xgboost.booster in {'dart', 'gbtree'} &&      │
│                                xgboost.min_child_weight | learner_id ==      │
│                                'xgboost')                                    │
│                                    (xgboost.rate_drop | xgboost.booster ==   │
│                                'dart' && xgboost.rate_drop | learner_id ==   │
│                                'xgboost')                                    │
│                                    (xgboost.skip_drop | xgboost.booster ==   │
│                                'dart' && xgboost.skip_drop | learner_id ==   │
│                                'xgboost')                                    │
│                                    aknn.M | learner_id == 'aknn'             │
│                                    aknn.distance | learner_id == 'aknn'      │
│                                    aknn.ef | learner_id == 'aknn'            │
│                                    aknn.ef_construction | learner_id ==      │
│                                'aknn'                                        │
│                                    aknn.k | learner_id == 'aknn'             │
│                                    glmnet.alpha | learner_id == 'glmnet'     │
│                                    glmnet.s | learner_id == 'glmnet'         │
│                                    ranger.min.node.size | learner_id ==      │
│                                'ranger'                                      │
│                                    ranger.mtry.power | learner_id ==         │
│                                'ranger'                                      │
│                                    ranger.num.trees | learner_id == 'ranger' │
│                                    ranger.respect.unordered.factors |        │
│                                learner_id == 'ranger'                        │
│                                    ranger.sample.fraction | learner_id ==    │
│                                'ranger'                                      │
│                                    ranger.splitrule | learner_id == 'ranger' │
│                                    rpart.cp | learner_id == 'rpart'          │
│                                    rpart.maxdepth | learner_id == 'rpart'    │
│                                    rpart.minbucket | learner_id == 'rpart'   │
│                                    rpart.minsplit | learner_id == 'rpart'    │
│                                    svm.cost | learner_id == 'svm'            │
│                                    svm.kernel | learner_id == 'svm'          │
│                                    svm.tolerance | learner_id == 'svm'       │
│                                    xgboost.alpha | learner_id == 'xgboost'   │
│                                    xgboost.booster | learner_id == 'xgboost' │
│                                    xgboost.lambda | learner_id == 'xgboost'  │
│                                    xgboost.nrounds | learner_id == 'xgboost' │
│                                    xgboost.subsample | learner_id ==         │
│                                'xgboost'                                     │
│                                ,                                             │
│                                        fidelity_space=FidelitySpace(         │
│                                            is_multifidelity=False,           │
│                                            fidelity_type=None,               │
│                                            min_fidelity=None,                │
│                                            max_fidelity=None                 │
│                                        ),                                    │
│                                        instance_space=None                   │
│                                    ),                                        │
│                                    output_space=OutputSpace(                 │
│                                        n_objectives=1,                       │
│                                        objectives=['acc']                    │
│                                    ),                                        │
│                                    optimization_resources=OptimizationResou… │
│                                        n_trials=50,                          │
│                                        time_budget=None,                     │
│                                        n_workers=1                           │
│                                    ),                                        │
│                                    metadata=TaskMetadata(                    │
│                                        has_constraints=False,                │
│                                        domain='ML',                          │
│                                        objective_function_approximation='su… │
│                                        has_virtual_time=False,               │
│                                        deterministic=False,                  │
│                                        dimensions=38,                        │
│                                        search_space_n_categoricals=7,        │
│                                        search_space_n_ordinals=0,            │
│                                        search_space_n_integers=13,           │
│                                        search_space_n_floats=18,             │
│                                        search_space_has_conditionals=True,   │
│                                        search_space_has_forbiddens=False,    │
│                                        search_space_has_priors=False         │
│                                    ),                                        │
│                                    seed=5                                    │
│                                )                                             │
│               telemetry_path = 'results/telemetry_proximity_b_cfg_rbv2_supe… │
│            telemetry_records = []                                            │
│                  time_budget = None                                          │
│                trial_counter = 0                                             │
│ virtual_time_elapsed_seconds = 0.0                                           │
│                  window_size = 5                                             │
╰──────────────────────────────────────────────────────────────────────────────╯
[[36m2026-07-21 03:42:58,496[0m][[34msmac.initial_design.abstract_initial_design[0m][[32mINFO[0m] - Using `n_configs` and ignoring `n_configs_per_hyperparameter`.[0m
[[36m2026-07-21 03:42:58,615[0m][[34msmac.initial_design.abstract_initial_design[0m][[32mINFO[0m] - Using 10 initial design configurations and 0 additional configurations.[0m
[[36m2026-07-21 03:42:58,626[0m][[34mFileLogger[0m][[32mINFO[0m] - n_trials: 1, n_function_calls: 1, config: [np.str_('ranger'), np.str_('impute.hist'), '15', 14, 0.582777639851, 1952, np.str_('order'), 0.2954813853838, np.str_('gini')], cost: -0.966903030872345[0m
[[36m2026-07-21 03:42:58,661[0m][[34mFileLogger[0m][[32mINFO[0m] - n_trials: 2, n_function_calls: 2, config: [np.str_('svm'), np.str_('impute.mean'), '15', 3573.3402247878184, np.str_('radial'), 0.2661327131255, 3234.9157761381457], cost: -0.8885943293571472[0m
[[36m2026-07-21 03:42:58,681[0m][[34mFileLogger[0m][[32mINFO[0m] - n_trials: 3, n_function_calls: 3, config: [np.str_('xgboost'), np.str_('impute.median'), '15', 0.0023974456446, np.str_('gbtree'), 3.1822936001439, 9, 0.6524933906272, 0.2956929427758, 0.4386391940154, 0.0010047419819, 0.000574103356, 13, 64.102473686425], cost: -0.6879608035087585[0m
[[36m2026-07-21 03:42:58,700[0m][[34mFileLogger[0m][[32mINFO[0m] - n_trials: 4, n_function_calls: 4, config: [np.str_('aknn'), np.str_('impute.median'), '15', 47, np.str_('cosine'), 237, 68, 13], cost: -0.9009279012680054[0m
[[36m2026-07-21 03:42:58,721[0m][[34mFileLogger[0m][[32mINFO[0m] - n_trials: 5, n_function_calls: 5, config: [np.str_('glmnet'), np.str_('impute.median'), '15', 0.8627720437944, 56.933062095063], cost: -0.7514021396636963[0m
[[36m2026-07-21 03:42:58,740[0m][[34mFileLogger[0m][[32mINFO[0m] - n_trials: 6, n_function_calls: 6, config: [np.str_('svm'), np.str_('impute.mean'), '15', 212.3406217208304, np.str_('radial'), 0.7274195704418, 204.4028522265603], cost: -0.9496330618858337[0m
[[36m2026-07-21 03:42:58,760[0m][[34mFileLogger[0m][[32mINFO[0m] - n_trials: 7, n_function_calls: 7, config: [np.str_('rpart'), np.str_('impute.hist'), '15', 0.0504297853977, 3, 27, 57], cost: -0.9351796507835388[0m
[[36m2026-07-21 03:42:58,784[0m][[34mFileLogger[0m][[32mINFO[0m] - n_trials: 8, n_function_calls: 8, config: [np.str_('ranger'), np.str_('impute.mean'), '15', 74, 0.4603227842599, 1630, np.str_('order'), 0.3682732498273, np.str_('gini')], cost: -0.9505735635757446[0m
[[36m2026-07-21 03:42:58,803[0m][[34mFileLogger[0m][[32mINFO[0m] - n_trials: 9, n_function_calls: 9, config: [np.str_('ranger'), np.str_('impute.median'), '15', 36, 0.3859240598977, 1836, np.str_('ignore'), 0.8585859251209, np.str_('extratrees'), 69], cost: -0.9726407527923584[0m
[[36m2026-07-21 03:42:58,834[0m][[34mFileLogger[0m][[32mINFO[0m] - n_trials: 10, n_function_calls: 10, config: [np.str_('rpart'), np.str_('impute.median'), '15', 0.0239575826402, 23, 63, 91], cost: -0.936121940612793[0m
[[36m2026-07-21 03:43:01,677[0m][[34mFileLogger[0m][[32mINFO[0m] - n_trials: 11, n_function_calls: 11, config: [np.str_('ranger'), np.str_('impute.median'), '15', 11, 0.5701377294864, 1810, np.str_('ignore'), 0.6346551604472, np.str_('extratrees'), 38], cost: -0.9788997173309326[0m
[[36m2026-07-21 03:43:04,522[0m][[34mFileLogger[0m][[32mINFO[0m] - n_trials: 12, n_function_calls: 12, config: [np.str_('ranger'), np.str_('impute.median'), '15', 21, 0.2450681665786, 1993, np.str_('order'), 0.6066283096893, np.str_('gini')], cost: -0.9724478125572205[0m
[[36m2026-07-21 03:43:07,684[0m][[34mFileLogger[0m][[32mINFO[0m] - n_trials: 13, n_function_calls: 13, config: [np.str_('ranger'), np.str_('impute.median'), '15', 1, 0.0557303232742, 1827, np.str_('ignore'), 0.7135693262108, np.str_('gini')], cost: -0.9841490983963013[0m
[[36m2026-07-21 03:43:10,774[0m][[34mFileLogger[0m][[32mINFO[0m] - n_trials: 14, n_function_calls: 14, config: [np.str_('ranger'), np.str_('impute.median'), '15', 94, 0.0488578362439, 829, np.str_('partition'), 0.9899643074318, np.str_('gini')], cost: -0.9690945744514465[0m
[[36m2026-07-21 03:43:13,622[0m][[34mFileLogger[0m][[32mINFO[0m] - n_trials: 15, n_function_calls: 15, config: [np.str_('ranger'), np.str_('impute.hist'), '15', 17, 0.2168009966533, 1392, np.str_('ignore'), 0.8689188712302, np.str_('extratrees'), 84], cost: -0.9803515672683716[0m
[[36m2026-07-21 03:43:16,578[0m][[34mFileLogger[0m][[32mINFO[0m] - n_trials: 16, n_function_calls: 16, config: [np.str_('ranger'), np.str_('impute.hist'), '15', 16, 0.1594443725463, 1462, np.str_('ignore'), 0.631928536828, np.str_('gini')], cost: -0.975451648235321[0m
[[36m2026-07-21 03:43:19,554[0m][[34mFileLogger[0m][[32mINFO[0m] - n_trials: 17, n_function_calls: 17, config: [np.str_('ranger'), np.str_('impute.mean'), '15', 12, 0.1623831494817, 667, np.str_('ignore'), 0.2314552855129, np.str_('extratrees'), 57], cost: -0.974843442440033[0m
[[36m2026-07-21 03:43:22,401[0m][[34mFileLogger[0m][[32mINFO[0m] - n_trials: 18, n_function_calls: 18, config: [np.str_('ranger'), np.str_('impute.hist'), '15', 6, 0.1257951610126, 642, np.str_('ignore'), 0.254652105675, np.str_('extratrees'), 77], cost: -0.9789426922798157[0m
[[36m2026-07-21 03:43:25,261[0m][[34mFileLogger[0m][[32mINFO[0m] - n_trials: 19, n_function_calls: 19, config: [np.str_('ranger'), np.str_('impute.median'), '15', 4, 0.2004820678392, 518, np.str_('ignore'), 0.5229433528488, np.str_('extratrees'), 60], cost: -0.9801626801490784[0m
[[36m2026-07-21 03:43:28,118[0m][[34mFileLogger[0m][[32mINFO[0m] - n_trials: 20, n_function_calls: 20, config: [np.str_('ranger'), np.str_('impute.median'), '15', 11, 0.1452260305999, 434, np.str_('ignore'), 0.1700514611099, np.str_('extratrees'), 74], cost: -0.9735538959503174[0m
[[36m2026-07-21 03:43:30,977[0m][[34mFileLogger[0m][[32mINFO[0m] - n_trials: 21, n_function_calls: 21, config: [np.str_('ranger'), np.str_('impute.median'), '15', 15, 0.0577727720712, 1372, np.str_('ignore'), 0.1694085648727, np.str_('gini')], cost: -0.9711577296257019[0m
[[36m2026-07-21 03:43:33,846[0m][[34mFileLogger[0m][[32mINFO[0m] - n_trials: 22, n_function_calls: 22, config: [np.str_('ranger'), np.str_('impute.median'), '15', 5, 0.0255942032289, 1299, np.str_('ignore'), 0.7066103132242, np.str_('extratrees'), 14], cost: -0.9805123805999756[0m
[[36m2026-07-21 03:43:36,713[0m][[34mFileLogger[0m][[32mINFO[0m] - n_trials: 23, n_function_calls: 23, config: [np.str_('ranger'), np.str_('impute.hist'), '15', 3, 0.2089728168683, 220, np.str_('partition'), 0.5884568535883, np.str_('gini')], cost: -0.9796954393386841[0m
[[36m2026-07-21 03:43:39,574[0m][[34mFileLogger[0m][[32mINFO[0m] - n_trials: 24, n_function_calls: 24, config: [np.str_('ranger'), np.str_('impute.median'), '15', 22, 0.0318142702811, 126, np.str_('ignore'), 0.7621740796322, np.str_('extratrees'), 13], cost: -0.9741929173469543[0m
[[36m2026-07-21 03:43:42,741[0m][[34mFileLogger[0m][[32mINFO[0m] - n_trials: 25, n_function_calls: 25, config: [np.str_('ranger'), np.str_('impute.median'), '15', 23, 0.0406164719218, 158, np.str_('partition'), 0.9097117496539, np.str_('gini')], cost: -0.978084146976471[0m
[[36m2026-07-21 03:43:45,678[0m][[34mFileLogger[0m][[32mINFO[0m] - n_trials: 26, n_function_calls: 26, config: [np.str_('ranger'), np.str_('impute.median'), '15', 8, 0.8396548774507, 543, np.str_('ignore'), 0.1507808057492, np.str_('extratrees'), 35], cost: -0.9739198088645935[0m
[[36m2026-07-21 03:43:48,553[0m][[34mFileLogger[0m][[32mINFO[0m] - n_trials: 27, n_function_calls: 27, config: [np.str_('ranger'), np.str_('impute.hist'), '15', 2, 0.2151445064364, 1160, np.str_('partition'), 0.2093493109517, np.str_('gini')], cost: -0.9744270443916321[0m
[[36m2026-07-21 03:43:51,419[0m][[34mFileLogger[0m][[32mINFO[0m] - n_trials: 28, n_function_calls: 28, config: [np.str_('ranger'), np.str_('impute.median'), '15', 8, 0.0670397590759, 35, np.str_('ignore'), 0.637493025419, np.str_('gini')], cost: -0.982020914554596[0m
[[36m2026-07-21 03:43:54,332[0m][[34mFileLogger[0m][[32mINFO[0m] - n_trials: 29, n_function_calls: 29, config: [np.str_('ranger'), np.str_('impute.mean'), '15', 7, 0.0759103502726, 103, np.str_('ignore'), 0.1123123014305, np.str_('extratrees'), 57], cost: -0.9696104526519775[0m
[[36m2026-07-21 03:43:57,228[0m][[34mFileLogger[0m][[32mINFO[0m] - n_trials: 30, n_function_calls: 30, config: [np.str_('ranger'), np.str_('impute.median'), '15', 2, 0.8917976111444, 52, np.str_('order'), 0.9940578139095, np.str_('gini')], cost: -0.9812344908714294[0m
[[36m2026-07-21 03:44:00,079[0m][[34mFileLogger[0m][[32mINFO[0m] - n_trials: 31, n_function_calls: 31, config: [np.str_('ranger'), np.str_('impute.mean'), '15', 2, 0.2261798845295, 196, np.str_('ignore'), 0.1199175252277, np.str_('gini')], cost: -0.967677891254425[0m
[[36m2026-07-21 03:44:02,953[0m][[34mFileLogger[0m][[32mINFO[0m] - n_trials: 32, n_function_calls: 32, config: [np.str_('ranger'), np.str_('impute.hist'), '15', 1, 0.132442435693, 268, np.str_('ignore'), 0.3684626877062, np.str_('extratrees'), 88], cost: -0.9825848340988159[0m
[[36m2026-07-21 03:44:05,830[0m][[34mFileLogger[0m][[32mINFO[0m] - n_trials: 33, n_function_calls: 33, config: [np.str_('ranger'), np.str_('impute.hist'), '15', 1, 0.1329148316449, 1117, np.str_('order'), 0.4712489707954, np.str_('extratrees'), 52], cost: -0.9791182279586792[0m
[[36m2026-07-21 03:44:08,735[0m][[34mFileLogger[0m][[32mINFO[0m] - n_trials: 34, n_function_calls: 34, config: [np.str_('ranger'), np.str_('impute.hist'), '15', 6, 0.3148700705114, 772, np.str_('ignore'), 0.1105675886941, np.str_('gini')], cost: -0.9701228737831116[0m
[[36m2026-07-21 03:44:11,672[0m][[34mFileLogger[0m][[32mINFO[0m] - n_trials: 35, n_function_calls: 35, config: [np.str_('ranger'), np.str_('impute.hist'), '15', 9, 0.3109936163169, 26, np.str_('partition'), 0.7018651184762, np.str_('extratrees'), 76], cost: -0.9823580980300903[0m
[[36m2026-07-21 03:44:14,568[0m][[34mFileLogger[0m][[32mINFO[0m] - n_trials: 36, n_function_calls: 36, config: [np.str_('ranger'), np.str_('impute.median'), '15', 7, 0.0071905533721, 132, np.str_('ignore'), 0.7950537480773, np.str_('gini')], cost: -0.9825361371040344[0m
[[36m2026-07-21 03:44:17,487[0m][[34mFileLogger[0m][[32mINFO[0m] - n_trials: 37, n_function_calls: 37, config: [np.str_('ranger'), np.str_('impute.hist'), '15', 1, 0.2114553803486, 739, np.str_('partition'), 0.4045388618194, np.str_('gini')], cost: -0.9788586497306824[0m
[[36m2026-07-21 03:44:20,766[0m][[34mFileLogger[0m][[32mINFO[0m] - n_trials: 38, n_function_calls: 38, config: [np.str_('ranger'), np.str_('impute.hist'), '15', 6, 0.1139036772718, 1773, np.str_('ignore'), 0.1036254608973, np.str_('extratrees'), 54], cost: -0.9708558917045593[0m
[[36m2026-07-21 03:44:23,655[0m][[34mFileLogger[0m][[32mINFO[0m] - n_trials: 39, n_function_calls: 39, config: [np.str_('ranger'), np.str_('impute.hist'), '15', 3, 0.0013010723599, 1436, np.str_('order'), 0.7164060599837, np.str_('gini')], cost: -0.9748063087463379[0m
[[36m2026-07-21 03:44:26,552[0m][[34mFileLogger[0m][[32mINFO[0m] - n_trials: 40, n_function_calls: 40, config: [np.str_('ranger'), np.str_('impute.mean'), '15', 1, 0.0442671243023, 212, np.str_('order'), 0.9309351924646, np.str_('gini')], cost: -0.9846222400665283[0m
[[36m2026-07-21 03:44:29,441[0m][[34mFileLogger[0m][[32mINFO[0m] - n_trials: 41, n_function_calls: 41, config: [np.str_('ranger'), np.str_('impute.hist'), '15', 51, 0.0019015922341, 1433, np.str_('order'), 0.7725855006182, np.str_('gini')], cost: -0.9602627754211426[0m
[[36m2026-07-21 03:44:32,343[0m][[34mFileLogger[0m][[32mINFO[0m] - n_trials: 42, n_function_calls: 42, config: [np.str_('ranger'), np.str_('impute.mean'), '15', 45, 0.007574547263, 16, np.str_('partition'), 0.7300863440284, np.str_('gini')], cost: -0.9702486991882324[0m
[[36m2026-07-21 03:44:35,244[0m][[34mFileLogger[0m][[32mINFO[0m] - n_trials: 43, n_function_calls: 43, config: [np.str_('ranger'), np.str_('impute.hist'), '15', 13, 0.0046230090564, 1002, np.str_('ignore'), 0.9634318909609, np.str_('extratrees'), 77], cost: -0.9801533818244934[0m
[[36m2026-07-21 03:44:38,153[0m][[34mFileLogger[0m][[32mINFO[0m] - n_trials: 44, n_function_calls: 44, config: [np.str_('ranger'), np.str_('impute.hist'), '15', 50, 0.0005976592812, 243, np.str_('ignore'), 0.763843857502, np.str_('extratrees'), 12], cost: -0.9714875221252441[0m
[[36m2026-07-21 03:44:41,111[0m][[34mFileLogger[0m][[32mINFO[0m] - n_trials: 45, n_function_calls: 45, config: [np.str_('ranger'), np.str_('impute.median'), '15', 53, 0.000548427022, 942, np.str_('order'), 0.6960526012679, np.str_('extratrees'), 73], cost: -0.9639769792556763[0m
[[36m2026-07-21 03:44:44,053[0m][[34mFileLogger[0m][[32mINFO[0m] - n_trials: 46, n_function_calls: 46, config: [np.str_('ranger'), np.str_('impute.median'), '15', 1, 0.395892388012, 433, np.str_('ignore'), 0.8243668176549, np.str_('extratrees'), 68], cost: -0.9841510057449341[0m
[[36m2026-07-21 03:44:47,004[0m][[34mFileLogger[0m][[32mINFO[0m] - n_trials: 47, n_function_calls: 47, config: [np.str_('ranger'), np.str_('impute.median'), '15', 28, 0.5096288014575, 5, np.str_('order'), 0.4694206473763, np.str_('gini')], cost: -0.9684774279594421[0m
[[36m2026-07-21 03:44:49,949[0m][[34mFileLogger[0m][[32mINFO[0m] - n_trials: 48, n_function_calls: 48, config: [np.str_('ranger'), np.str_('impute.median'), '15', 1, 0.9929523769045, 888, np.str_('ignore'), 0.4975402383053, np.str_('gini')], cost: -0.9803758263587952[0m
[[36m2026-07-21 03:44:53,017[0m][[34mFileLogger[0m][[32mINFO[0m] - n_trials: 49, n_function_calls: 49, config: [np.str_('ranger'), np.str_('impute.median'), '15', 2, 0.6475990699747, 1550, np.str_('order'), 0.1106194043638, np.str_('gini')], cost: -0.9689264297485352[0m
[[36m2026-07-21 03:44:55,952[0m][[34mFileLogger[0m][[32mINFO[0m] - n_trials: 50, n_function_calls: 50, config: [np.str_('ranger'), np.str_('impute.hist'), '15', 1, 0.1976878808442, 1295, np.str_('ignore'), 0.1324562647773, np.str_('gini')], cost: -0.9733348488807678[0m
Solution found: 
(
    TrialInfo(
        config=Configuration(values={
  'learner_id': np.str_('ranger'),
  'num.impute.selected.cpo': np.str_('impute.mean'),
  'task_id': '15',
  'ranger.min.node.size': 1,
  'ranger.mtry.power': 0.0442671243023,
  'ranger.num.trees': 212,
  'ranger.respect.unordered.factors': np.str_('order'),
  'ranger.sample.fraction': 0.9309351924646,
  'ranger.splitrule': np.str_('gini'),
}),
        instance=None,
        seed=None,
        budget=None,
        normalized_budget=None,
        name=None,
        checkpoint=None,
        additional_info={}
    ),
    TrialValue(
        cost=np.float32(-0.98462224),
        time=0.0011436939239501953,
        virtual_time=0.0,
        status=<StatusType.SUCCESS: 1>,
        starttime=1784598266.5475883,
        endtime=1784598266.548732,
        additional_info={}
    )
)
==================================================
BENCHMARK SWEEP STEP COMPLETED SUCCESSFULLY!
==================================================
==================================================
Array Task Index 765 Finished
==================================================
