==================================================
Array Job ID: 7561165 | Task Index: 1004
Running arguments: +optimizer/smac20=hpo +task/YAHPO/SO=cfg_rbv2_super_1457 task.optimization_resources.n_trials=50 seed=4 optimizer_id=SMAC3-HPOFacade optimizer_container_id=SMAC3
==================================================
==================================================
Running CARP-S HPOBench Dynamic BO Benchmark Sweep
Using python: python3
==================================================
[[36m2026-07-21 05:23:15,400[0m][[34m/bigwork/nhwpseis/.conda/envs/dyrf/lib/python3.13/site-packages/carps/run.py[0m][[32mINFO[0m] - Runcommand: `python -m carps.run +optimizer/smac20=hpo +task/YAHPO/SO=cfg_rbv2_super_1457 task.optimization_resources.n_trials=50 seed=4 optimizer_id=SMAC3-HPOFacade optimizer_container_id=SMAC3`[0m
{
    'seed': 4,
    'task': {
        '_target_': 'carps.utils.task.Task',
        'name': 'yahpo/so/rbv2_super/1457/None',
        'seed': 4,
        'objective_function': {
            '_target_': 
'carps.objective_functions.yahpo.YahpoObjectiveFunction',
            'bench': 'rbv2_super',
            'instance': '1457',
            'budget_type': None,
            'metric': ['acc'],
            'seed': 4
        },
        'input_space': {
            '_target_': 'carps.utils.task.InputSpace',
            'configuration_space': {
                '_target_': 
'ConfigSpace.configuration_space.ConfigurationSpace.from_serialized_dict',
                '_convert_': 'object',
                'd': {
                    'name': None,
                    'hyperparameters': [
                        {
                            'type': 'categorical',
                            'name': 'learner_id',
                            'choices': [
                                'aknn',
                                'glmnet',
                                'ranger',
                                'rpart',
                                'svm',
                                'xgboost'
                            ],
                            'weights': None,
                            'default_value': 'aknn',
                            'meta': None
                        },
                        {
                            'type': 'categorical',
                            'name': 'num.impute.selected.cpo',
                            'choices': [
                                'impute.mean',
                                'impute.median',
                                'impute.hist'
                            ],
                            'weights': None,
                            'default_value': 'impute.mean',
                            'meta': None
                        },
                        {
                            'type': 'constant',
                            'name': 'task_id',
                            'value': '1457',
                            'meta': None
                        },
                        {
                            'type': 'uniform_int',
                            'name': 'aknn.M',
                            'lower': 18,
                            'upper': 50,
                            'default_value': 34,
                            'log': False,
                            'meta': None
                        },
                        {
                            'type': 'categorical',
                            'name': 'aknn.distance',
                            'choices': ['l2', 'cosine', 'ip'],
                            'weights': None,
                            'default_value': 'l2',
                            'meta': None
                        },
                        {
                            'type': 'uniform_int',
                            'name': 'aknn.ef',
                            'lower': 8,
                            'upper': 256,
                            'default_value': 48,
                            'log': True,
                            'meta': None
                        },
                        {
                            'type': 'uniform_int',
                            'name': 'aknn.ef_construction',
                            'lower': 8,
                            'upper': 512,
                            'default_value': 96,
                            'log': True,
                            'meta': None
                        },
                        {
                            'type': 'uniform_int',
                            'name': 'aknn.k',
                            'lower': 1,
                            'upper': 50,
                            'default_value': 26,
                            'log': False,
                            'meta': None
                        },
                        {
                            'type': 'uniform_float',
                            'name': 'glmnet.alpha',
                            'lower': 0.0,
                            'upper': 1.0,
                            'default_value': 1.0,
                            'log': False,
                            'meta': None
                        },
                        {
                            'type': 'uniform_float',
                            'name': 'glmnet.s',
                            'lower': 0.0009118819656,
                            'upper': 1096.6331584284585,
                            'default_value': 1.0,
                            'log': True,
                            'meta': None
                        },
                        {
                            'type': 'uniform_int',
                            'name': 'ranger.min.node.size',
                            'lower': 1,
                            'upper': 100,
                            'default_value': 50,
                            'log': False,
                            'meta': None
                        },
                        {
                            'type': 'uniform_float',
                            'name': 'ranger.mtry.power',
                            'lower': 0.0,
                            'upper': 1.0,
                            'default_value': 0.0,
                            'log': False,
                            'meta': None
                        },
                        {
                            'type': 'uniform_int',
                            'name': 'ranger.num.trees',
                            'lower': 1,
                            'upper': 2000,
                            'default_value': 1000,
                            'log': False,
                            'meta': None
                        },
                        {
                            'type': 'categorical',
                            'name': 'ranger.respect.unordered.factors',
                            'choices': ['ignore', 'order', 'partition'],
                            'weights': None,
                            'default_value': 'ignore',
                            'meta': None
                        },
                        {
                            'type': 'uniform_float',
                            'name': 'ranger.sample.fraction',
                            'lower': 0.1,
                            'upper': 1.0,
                            'default_value': 0.55,
                            'log': False,
                            'meta': None
                        },
                        {
                            'type': 'categorical',
                            'name': 'ranger.splitrule',
                            'choices': ['gini', 'extratrees'],
                            'weights': None,
                            'default_value': 'gini',
                            'meta': None
                        },
                        {
                            'type': 'uniform_float',
                            'name': 'rpart.cp',
                            'lower': 0.0009118819656,
                            'upper': 1.0,
                            'default_value': 0.01,
                            'log': True,
                            'meta': None
                        },
                        {
                            'type': 'uniform_int',
                            'name': 'rpart.maxdepth',
                            'lower': 1,
                            'upper': 30,
                            'default_value': 30,
                            'log': False,
                            'meta': None
                        },
                        {
                            'type': 'uniform_int',
                            'name': 'rpart.minbucket',
                            'lower': 1,
                            'upper': 100,
                            'default_value': 1,
                            'log': False,
                            'meta': None
                        },
                        {
                            'type': 'uniform_int',
                            'name': 'rpart.minsplit',
                            'lower': 1,
                            'upper': 100,
                            'default_value': 20,
                            'log': False,
                            'meta': None
                        },
                        {
                            'type': 'uniform_float',
                            'name': 'svm.cost',
                            'lower': 4.53999298e-05,
                            'upper': 22026.465794806718,
                            'default_value': 1.0,
                            'log': True,
                            'meta': None
                        },
                        {
                            'type': 'categorical',
                            'name': 'svm.kernel',
                            'choices': ['linear', 'polynomial', 'radial'],
                            'weights': None,
                            'default_value': 'linear',
                            'meta': None
                        },
                        {
                            'type': 'uniform_float',
                            'name': 'svm.tolerance',
                            'lower': 4.53999298e-05,
                            'upper': 2.0,
                            'default_value': 0.009528896,
                            'log': True,
                            'meta': None
                        },
                        {
                            'type': 'uniform_float',
                            'name': 'xgboost.alpha',
                            'lower': 0.0009118819656,
                            'upper': 1096.6331584284585,
                            'default_value': 1.0,
                            'log': True,
                            'meta': None
                        },
                        {
                            'type': 'categorical',
                            'name': 'xgboost.booster',
                            'choices': ['gblinear', 'gbtree', 'dart'],
                            'weights': None,
                            'default_value': 'gblinear',
                            'meta': None
                        },
                        {
                            'type': 'uniform_float',
                            'name': 'xgboost.lambda',
                            'lower': 0.0009118819656,
                            'upper': 1096.6331584284585,
                            'default_value': 1.0,
                            'log': True,
                            'meta': None
                        },
                        {
                            'type': 'uniform_int',
                            'name': 'xgboost.nrounds',
                            'lower': 7,
                            'upper': 2981,
                            'default_value': 144,
                            'log': True,
                            'meta': None
                        },
                        {
                            'type': 'uniform_float',
                            'name': 'xgboost.subsample',
                            'lower': 0.1,
                            'upper': 1.0,
                            'default_value': 0.55,
                            'log': False,
                            'meta': None
                        },
                        {
                            'type': 'uniform_int',
                            'name': 'ranger.num.random.splits',
                            'lower': 1,
                            'upper': 100,
                            'default_value': 1,
                            'log': False,
                            'meta': None
                        },
                        {
                            'type': 'uniform_int',
                            'name': 'svm.degree',
                            'lower': 2,
                            'upper': 5,
                            'default_value': 4,
                            'log': False,
                            'meta': None
                        },
                        {
                            'type': 'uniform_float',
                            'name': 'svm.gamma',
                            'lower': 4.53999298e-05,
                            'upper': 22026.465794806718,
                            'default_value': 1.0,
                            'log': True,
                            'meta': None
                        },
                        {
                            'type': 'uniform_float',
                            'name': 'xgboost.colsample_bylevel',
                            'lower': 0.01,
                            'upper': 1.0,
                            'default_value': 0.505,
                            'log': False,
                            'meta': None
                        },
                        {
                            'type': 'uniform_float',
                            'name': 'xgboost.colsample_bytree',
                            'lower': 0.01,
                            'upper': 1.0,
                            'default_value': 0.505,
                            'log': False,
                            'meta': None
                        },
                        {
                            'type': 'uniform_float',
                            'name': 'xgboost.eta',
                            'lower': 0.0009118819656,
                            'upper': 1.0,
                            'default_value': 0.0301973834,
                            'log': True,
                            'meta': None
                        },
                        {
                            'type': 'uniform_float',
                            'name': 'xgboost.gamma',
                            'lower': 4.53999298e-05,
                            'upper': 7.3890560989306,
                            'default_value': 0.0183156389,
                            'log': True,
                            'meta': None
                        },
                        {
                            'type': 'uniform_int',
                            'name': 'xgboost.max_depth',
                            'lower': 1,
                            'upper': 15,
                            'default_value': 8,
                            'log': False,
                            'meta': None
                        },
                        {
                            'type': 'uniform_float',
                            'name': 'xgboost.min_child_weight',
                            'lower': 2.718281828459,
                            'upper': 148.4131591025766,
                            'default_value': 20.0855369232,
                            'log': True,
                            'meta': None
                        },
                        {
                            'type': 'uniform_float',
                            'name': 'xgboost.rate_drop',
                            'lower': 0.0,
                            'upper': 1.0,
                            'default_value': 0.5,
                            'log': False,
                            'meta': None
                        },
                        {
                            'type': 'uniform_float',
                            'name': 'xgboost.skip_drop',
                            'lower': 0.0,
                            'upper': 1.0,
                            'default_value': 0.5,
                            'log': False,
                            'meta': None
                        }
                    ],
                    'conditions': [
                        {
                            'type': 'EQ',
                            'child': 'aknn.M',
                            'parent': 'learner_id',
                            'value': 'aknn'
                        },
                        {
                            'type': 'EQ',
                            'child': 'aknn.distance',
                            'parent': 'learner_id',
                            'value': 'aknn'
                        },
                        {
                            'type': 'EQ',
                            'child': 'aknn.ef',
                            'parent': 'learner_id',
                            'value': 'aknn'
                        },
                        {
                            'type': 'EQ',
                            'child': 'aknn.ef_construction',
                            'parent': 'learner_id',
                            'value': 'aknn'
                        },
                        {
                            'type': 'EQ',
                            'child': 'aknn.k',
                            'parent': 'learner_id',
                            'value': 'aknn'
                        },
                        {
                            'type': 'EQ',
                            'child': 'glmnet.alpha',
                            'parent': 'learner_id',
                            'value': 'glmnet'
                        },
                        {
                            'type': 'EQ',
                            'child': 'glmnet.s',
                            'parent': 'learner_id',
                            'value': 'glmnet'
                        },
                        {
                            'type': 'EQ',
                            'child': 'ranger.min.node.size',
                            'parent': 'learner_id',
                            'value': 'ranger'
                        },
                        {
                            'type': 'EQ',
                            'child': 'ranger.mtry.power',
                            'parent': 'learner_id',
                            'value': 'ranger'
                        },
                        {
                            'type': 'EQ',
                            'child': 'ranger.num.trees',
                            'parent': 'learner_id',
                            'value': 'ranger'
                        },
                        {
                            'type': 'EQ',
                            'child': 'ranger.respect.unordered.factors',
                            'parent': 'learner_id',
                            'value': 'ranger'
                        },
                        {
                            'type': 'EQ',
                            'child': 'ranger.sample.fraction',
                            'parent': 'learner_id',
                            'value': 'ranger'
                        },
                        {
                            'type': 'EQ',
                            'child': 'ranger.splitrule',
                            'parent': 'learner_id',
                            'value': 'ranger'
                        },
                        {
                            'type': 'EQ',
                            'child': 'rpart.cp',
                            'parent': 'learner_id',
                            'value': 'rpart'
                        },
                        {
                            'type': 'EQ',
                            'child': 'rpart.maxdepth',
                            'parent': 'learner_id',
                            'value': 'rpart'
                        },
                        {
                            'type': 'EQ',
                            'child': 'rpart.minbucket',
                            'parent': 'learner_id',
                            'value': 'rpart'
                        },
                        {
                            'type': 'EQ',
                            'child': 'rpart.minsplit',
                            'parent': 'learner_id',
                            'value': 'rpart'
                        },
                        {
                            'type': 'EQ',
                            'child': 'svm.cost',
                            'parent': 'learner_id',
                            'value': 'svm'
                        },
                        {
                            'type': 'EQ',
                            'child': 'svm.kernel',
                            'parent': 'learner_id',
                            'value': 'svm'
                        },
                        {
                            'type': 'EQ',
                            'child': 'svm.tolerance',
                            'parent': 'learner_id',
                            'value': 'svm'
                        },
                        {
                            'type': 'EQ',
                            'child': 'xgboost.alpha',
                            'parent': 'learner_id',
                            'value': 'xgboost'
                        },
                        {
                            'type': 'EQ',
                            'child': 'xgboost.booster',
                            'parent': 'learner_id',
                            'value': 'xgboost'
                        },
                        {
                            'type': 'EQ',
                            'child': 'xgboost.lambda',
                            'parent': 'learner_id',
                            'value': 'xgboost'
                        },
                        {
                            'type': 'EQ',
                            'child': 'xgboost.nrounds',
                            'parent': 'learner_id',
                            'value': 'xgboost'
                        },
                        {
                            'type': 'EQ',
                            'child': 'xgboost.subsample',
                            'parent': 'learner_id',
                            'value': 'xgboost'
                        },
                        {
                            'type': 'AND',
                            'child': 'ranger.num.random.splits',
                            'conditions': [
                                {
                                    'type': 'EQ',
                                    'child': 'ranger.num.random.splits',
                                    'parent': 'ranger.splitrule',
                                    'value': 'extratrees'
                                },
                                {
                                    'type': 'EQ',
                                    'child': 'ranger.num.random.splits',
                                    'parent': 'learner_id',
                                    'value': 'ranger'
                                }
                            ]
                        },
                        {
                            'type': 'AND',
                            'child': 'svm.degree',
                            'conditions': [
                                {
                                    'type': 'EQ',
                                    'child': 'svm.degree',
                                    'parent': 'svm.kernel',
                                    'value': 'polynomial'
                                },
                                {
                                    'type': 'EQ',
                                    'child': 'svm.degree',
                                    'parent': 'learner_id',
                                    'value': 'svm'
                                }
                            ]
                        },
                        {
                            'type': 'AND',
                            'child': 'svm.gamma',
                            'conditions': [
                                {
                                    'type': 'EQ',
                                    'child': 'svm.gamma',
                                    'parent': 'svm.kernel',
                                    'value': 'radial'
                                },
                                {
                                    'type': 'EQ',
                                    'child': 'svm.gamma',
                                    'parent': 'learner_id',
                                    'value': 'svm'
                                }
                            ]
                        },
                        {
                            'type': 'AND',
                            'child': 'xgboost.colsample_bylevel',
                            'conditions': [
                                {
                                    'type': 'IN',
                                    'child': 'xgboost.colsample_bylevel',
                                    'parent': 'xgboost.booster',
                                    'values': ['dart', 'gbtree']
                                },
                                {
                                    'type': 'EQ',
                                    'child': 'xgboost.colsample_bylevel',
                                    'parent': 'learner_id',
                                    'value': 'xgboost'
                                }
                            ]
                        },
                        {
                            'type': 'AND',
                            'child': 'xgboost.colsample_bytree',
                            'conditions': [
                                {
                                    'type': 'IN',
                                    'child': 'xgboost.colsample_bytree',
                                    'parent': 'xgboost.booster',
                                    'values': ['dart', 'gbtree']
                                },
                                {
                                    'type': 'EQ',
                                    'child': 'xgboost.colsample_bytree',
                                    'parent': 'learner_id',
                                    'value': 'xgboost'
                                }
                            ]
                        },
                        {
                            'type': 'AND',
                            'child': 'xgboost.eta',
                            'conditions': [
                                {
                                    'type': 'IN',
                                    'child': 'xgboost.eta',
                                    'parent': 'xgboost.booster',
                                    'values': ['dart', 'gbtree']
                                },
                                {
                                    'type': 'EQ',
                                    'child': 'xgboost.eta',
                                    'parent': 'learner_id',
                                    'value': 'xgboost'
                                }
                            ]
                        },
                        {
                            'type': 'AND',
                            'child': 'xgboost.gamma',
                            'conditions': [
                                {
                                    'type': 'IN',
                                    'child': 'xgboost.gamma',
                                    'parent': 'xgboost.booster',
                                    'values': ['dart', 'gbtree']
                                },
                                {
                                    'type': 'EQ',
                                    'child': 'xgboost.gamma',
                                    'parent': 'learner_id',
                                    'value': 'xgboost'
                                }
                            ]
                        },
                        {
                            'type': 'AND',
                            'child': 'xgboost.max_depth',
                            'conditions': [
                                {
                                    'type': 'IN',
                                    'child': 'xgboost.max_depth',
                                    'parent': 'xgboost.booster',
                                    'values': ['dart', 'gbtree']
                                },
                                {
                                    'type': 'EQ',
                                    'child': 'xgboost.max_depth',
                                    'parent': 'learner_id',
                                    'value': 'xgboost'
                                }
                            ]
                        },
                        {
                            'type': 'AND',
                            'child': 'xgboost.min_child_weight',
                            'conditions': [
                                {
                                    'type': 'IN',
                                    'child': 'xgboost.min_child_weight',
                                    'parent': 'xgboost.booster',
                                    'values': ['dart', 'gbtree']
                                },
                                {
                                    'type': 'EQ',
                                    'child': 'xgboost.min_child_weight',
                                    'parent': 'learner_id',
                                    'value': 'xgboost'
                                }
                            ]
                        },
                        {
                            'type': 'AND',
                            'child': 'xgboost.rate_drop',
                            'conditions': [
                                {
                                    'type': 'EQ',
                                    'child': 'xgboost.rate_drop',
                                    'parent': 'xgboost.booster',
                                    'value': 'dart'
                                },
                                {
                                    'type': 'EQ',
                                    'child': 'xgboost.rate_drop',
                                    'parent': 'learner_id',
                                    'value': 'xgboost'
                                }
                            ]
                        },
                        {
                            'type': 'AND',
                            'child': 'xgboost.skip_drop',
                            'conditions': [
                                {
                                    'type': 'EQ',
                                    'child': 'xgboost.skip_drop',
                                    'parent': 'xgboost.booster',
                                    'value': 'dart'
                                },
                                {
                                    'type': 'EQ',
                                    'child': 'xgboost.skip_drop',
                                    'parent': 'learner_id',
                                    'value': 'xgboost'
                                }
                            ]
                        }
                    ],
                    'forbiddens': [],
                    'python_module_version': '1.2.0',
                    'format_version': 0.4
                }
            },
            'fidelity_space': {
                '_target_': 'carps.utils.task.FidelitySpace',
                'is_multifidelity': False,
                'fidelity_type': None,
                'min_fidelity': None,
                'max_fidelity': None
            },
            'instance_space': None
        },
        'output_space': {
            '_target_': 'carps.utils.task.OutputSpace',
            'n_objectives': 1,
            'objectives': ['acc']
        },
        'optimization_resources': {
            '_target_': 'carps.utils.task.OptimizationResources',
            'n_trials': 50,
            'time_budget': None,
            'n_workers': 1
        },
        'metadata': {
            '_target_': 'carps.utils.task.TaskMetadata',
            'has_constraints': False,
            'domain': 'ML',
            'objective_function_approximation': 'surrogate',
            'has_virtual_time': False,
            'deterministic': False,
            'dimensions': 38,
            'search_space_n_categoricals': 7,
            'search_space_n_ordinals': 0,
            'search_space_n_integers': 13,
            'search_space_n_floats': 18,
            'search_space_has_conditionals': True,
            'search_space_has_forbiddens': False,
            'search_space_has_priors': False
        }
    },
    'benchmark_id': 'YAHPO',
    'task_id': 'yahpo/so/rbv2_super/1457/None',
    'optimizer': {
        '_target_': 'carps.optimizers.smac20.SMAC3Optimizer',
        '_partial_': True,
        'smac_cfg': {
            'scenario': {
                'seed': 4,
                'n_trials': 50,
                'objectives': ['acc'],
                'deterministic': True,
                'n_workers': 1,
                'output_directory': 
'runs/SMAC3-HPOFacade/YAHPO/yahpo/so/rbv2_super/1457/None/4/4/smac3_output',
                'min_budget': None,
                'max_budget': None
            },
            'smac_kwargs': {'dask_client': None, 'overwrite': True},
            'smac_class': 'smac.facade.HyperparameterOptimizationFacade'
        }
    },
    'optimizer_id': 'SMAC3-HPOFacade',
    'optimizer_container_id': 'SMAC3',
    'pyexperimenter_configuration_file_path': None,
    'database_credential_file_path': None,
    'use_special_conda_env': False,
    'conda_env_name': 'carps_YAHPO_SMAC3',
    'timestamp': '2026-07-21/05-23-14',
    'baserundir': 'runs',
    'outdir': 'runs/SMAC3-HPOFacade/YAHPO/yahpo/so/rbv2_super/1457/None/4',
    'loggers': [
        {
            '_target_': 'carps.loggers.file_logger.FileLogger',
            '_partial_': True,
            'overwrite': True
        },
        {
            '_target_': 'carps.loggers.database_logger.DatabaseLogger',
            '_partial_': True
        }
    ]
}
[[36m2026-07-21 05:23:15,636[0m][[34mFileLogger[0m][[32mINFO[0m] - Found previous run. Removing 'runs/SMAC3-HPOFacade/YAHPO/yahpo/so/rbv2_super/1457/None/4'.[0m
[[36m2026-07-21 05:23:16,028[0m][[34mDatabaseLogger[0m][[32mINFO[0m] - Not logging to database (result processor is None).[0m
Please make sure to also cite:
Binder M., Pfisterer F. & Bischl B. (2020). Collecting Empirical Data About Hyperparameters for Data Driven AutoML. 7th ICML Workshop on Automated Machine Learning.
╭────────────────────── <class 'carps.utils.task.Task'> ───────────────────────╮
│ Task.                                                                        │
│                                                                              │
│ ╭──────────────────────────────────────────────────────────────────────────╮ │
│ │ Task(                                                                    │ │
│ │ │   name='yahpo/so/rbv2_super/1457/None',                                │ │
│ │ │                                                                        │ │
│ │ objective_function=<carps.objective_functions.yahpo.YahpoObjectiveFuncti │ │
│ │ on object at 0x145d6cafcd70>,                                            │ │
│ │ │   input_space=InputSpace(                                              │ │
│ │ │   │   configuration_space=Configuration space object:                  │ │
│ │   Hyperparameters:                                                       │ │
│ │ │   aknn.M, Type: UniformInteger, Range: [18, 50], Default: 34           │ │
│ │ │   aknn.distance, Type: Categorical, Choices: {l2, cosine, ip},         │ │
│ │ Default: l2                                                              │ │
│ │ │   aknn.ef, Type: UniformInteger, Range: [8, 256], Default: 48, on      │ │
│ │ log-scale                                                                │ │
│ │ │   aknn.ef_construction, Type: UniformInteger, Range: [8, 512],         │ │
│ │ Default: 96, on log-scale                                                │ │
│ │ │   aknn.k, Type: UniformInteger, Range: [1, 50], Default: 26            │ │
│ │ │   glmnet.alpha, Type: UniformFloat, Range: [0.0, 1.0], Default: 1.0    │ │
│ │ │   glmnet.s, Type: UniformFloat, Range: [0.0009118819656,               │ │
│ │ 1096.6331584284585], Default: 1.0, on log-scale                          │ │
│ │ │   learner_id, Type: Categorical, Choices: {aknn, glmnet, ranger,       │ │
│ │ rpart, svm, xgboost}, Default: aknn                                      │ │
│ │ │   num.impute.selected.cpo, Type: Categorical, Choices: {impute.mean,   │ │
│ │ impute.median, impute.hist}, Default: impute.mean                        │ │
│ │ │   ranger.min.node.size, Type: UniformInteger, Range: [1, 100],         │ │
│ │ Default: 50                                                              │ │
│ │ │   ranger.mtry.power, Type: UniformFloat, Range: [0.0, 1.0], Default:   │ │
│ │ 0.0                                                                      │ │
│ │ │   ranger.num.random.splits, Type: UniformInteger, Range: [1, 100],     │ │
│ │ Default: 1                                                               │ │
│ │ │   ranger.num.trees, Type: UniformInteger, Range: [1, 2000], Default:   │ │
│ │ 1000                                                                     │ │
│ │ │   ranger.respect.unordered.factors, Type: Categorical, Choices:        │ │
│ │ {ignore, order, partition}, Default: ignore                              │ │
│ │ │   ranger.sample.fraction, Type: UniformFloat, Range: [0.1, 1.0],       │ │
│ │ Default: 0.55                                                            │ │
│ │ │   ranger.splitrule, Type: Categorical, Choices: {gini, extratrees},    │ │
│ │ Default: gini                                                            │ │
│ │ │   rpart.cp, Type: UniformFloat, Range: [0.0009118819656, 1.0],         │ │
│ │ Default: 0.01, on log-scale                                              │ │
│ │ │   rpart.maxdepth, Type: UniformInteger, Range: [1, 30], Default: 30    │ │
│ │ │   rpart.minbucket, Type: UniformInteger, Range: [1, 100], Default: 1   │ │
│ │ │   rpart.minsplit, Type: UniformInteger, Range: [1, 100], Default: 20   │ │
│ │ │   svm.cost, Type: UniformFloat, Range: [4.53999298e-05,                │ │
│ │ 22026.465794806718], Default: 1.0, on log-scale                          │ │
│ │ │   svm.degree, Type: UniformInteger, Range: [2, 5], Default: 4          │ │
│ │ │   svm.gamma, Type: UniformFloat, Range: [4.53999298e-05,               │ │
│ │ 22026.465794806718], Default: 1.0, on log-scale                          │ │
│ │ │   svm.kernel, Type: Categorical, Choices: {linear, polynomial,         │ │
│ │ radial}, Default: linear                                                 │ │
│ │ │   svm.tolerance, Type: UniformFloat, Range: [4.53999298e-05, 2.0],     │ │
│ │ Default: 0.009528896, on log-scale                                       │ │
│ │ │   task_id, Type: Constant, Value: 1457                                 │ │
│ │ │   xgboost.alpha, Type: UniformFloat, Range: [0.0009118819656,          │ │
│ │ 1096.6331584284585], Default: 1.0, on log-scale                          │ │
│ │ │   xgboost.booster, Type: Categorical, Choices: {gblinear, gbtree,      │ │
│ │ dart}, Default: gblinear                                                 │ │
│ │ │   xgboost.colsample_bylevel, Type: UniformFloat, Range: [0.01, 1.0],   │ │
│ │ Default: 0.505                                                           │ │
│ │ │   xgboost.colsample_bytree, Type: UniformFloat, Range: [0.01, 1.0],    │ │
│ │ Default: 0.505                                                           │ │
│ │ │   xgboost.eta, Type: UniformFloat, Range: [0.0009118819656, 1.0],      │ │
│ │ Default: 0.0301973834, on log-scale                                      │ │
│ │ │   xgboost.gamma, Type: UniformFloat, Range: [4.53999298e-05,           │ │
│ │ 7.3890560989306], Default: 0.0183156389, on log-scale                    │ │
│ │ │   xgboost.lambda, Type: UniformFloat, Range: [0.0009118819656,         │ │
│ │ 1096.6331584284585], Default: 1.0, on log-scale                          │ │
│ │ │   xgboost.max_depth, Type: UniformInteger, Range: [1, 15], Default: 8  │ │
│ │ │   xgboost.min_child_weight, Type: UniformFloat, Range:                 │ │
│ │ [2.718281828459, 148.4131591025766], Default: 20.0855369232, on          │ │
│ │ log-scale                                                                │ │
│ │ │   xgboost.nrounds, Type: UniformInteger, Range: [7, 2981], Default:    │ │
│ │ 144, on log-scale                                                        │ │
│ │ │   xgboost.rate_drop, Type: UniformFloat, Range: [0.0, 1.0], Default:   │ │
│ │ 0.5                                                                      │ │
│ │ │   xgboost.skip_drop, Type: UniformFloat, Range: [0.0, 1.0], Default:   │ │
│ │ 0.5                                                                      │ │
│ │ │   xgboost.subsample, Type: UniformFloat, Range: [0.1, 1.0], Default:   │ │
│ │ 0.55                                                                     │ │
│ │   Conditions:                                                            │ │
│ │ │   (ranger.num.random.splits | ranger.splitrule == 'extratrees' &&      │ │
│ │ ranger.num.random.splits | learner_id == 'ranger')                       │ │
│ │ │   (svm.degree | svm.kernel == 'polynomial' && svm.degree | learner_id  │ │
│ │ == 'svm')                                                                │ │
│ │ │   (svm.gamma | svm.kernel == 'radial' && svm.gamma | learner_id ==     │ │
│ │ 'svm')                                                                   │ │
│ │ │   (xgboost.colsample_bylevel | xgboost.booster in {'dart', 'gbtree'}   │ │
│ │ && xgboost.colsample_bylevel | learner_id == 'xgboost')                  │ │
│ │ │   (xgboost.colsample_bytree | xgboost.booster in {'dart', 'gbtree'} && │ │
│ │ xgboost.colsample_bytree | learner_id == 'xgboost')                      │ │
│ │ │   (xgboost.eta | xgboost.booster in {'dart', 'gbtree'} && xgboost.eta  │ │
│ │ | learner_id == 'xgboost')                                               │ │
│ │ │   (xgboost.gamma | xgboost.booster in {'dart', 'gbtree'} &&            │ │
│ │ xgboost.gamma | learner_id == 'xgboost')                                 │ │
│ │ │   (xgboost.max_depth | xgboost.booster in {'dart', 'gbtree'} &&        │ │
│ │ xgboost.max_depth | learner_id == 'xgboost')                             │ │
│ │ │   (xgboost.min_child_weight | xgboost.booster in {'dart', 'gbtree'} && │ │
│ │ xgboost.min_child_weight | learner_id == 'xgboost')                      │ │
│ │ │   (xgboost.rate_drop | xgboost.booster == 'dart' && xgboost.rate_drop  │ │
│ │ | learner_id == 'xgboost')                                               │ │
│ │ │   (xgboost.skip_drop | xgboost.booster == 'dart' && xgboost.skip_drop  │ │
│ │ | learner_id == 'xgboost')                                               │ │
│ │ │   aknn.M | learner_id == 'aknn'                                        │ │
│ │ │   aknn.distance | learner_id == 'aknn'                                 │ │
│ │ │   aknn.ef | learner_id == 'aknn'                                       │ │
│ │ │   aknn.ef_construction | learner_id == 'aknn'                          │ │
│ │ │   aknn.k | learner_id == 'aknn'                                        │ │
│ │ │   glmnet.alpha | learner_id == 'glmnet'                                │ │
│ │ │   glmnet.s | learner_id == 'glmnet'                                    │ │
│ │ │   ranger.min.node.size | learner_id == 'ranger'                        │ │
│ │ │   ranger.mtry.power | learner_id == 'ranger'                           │ │
│ │ │   ranger.num.trees | learner_id == 'ranger'                            │ │
│ │ │   ranger.respect.unordered.factors | learner_id == 'ranger'            │ │
│ │ │   ranger.sample.fraction | learner_id == 'ranger'                      │ │
│ │ │   ranger.splitrule | learner_id == 'ranger'                            │ │
│ │ │   rpart.cp | learner_id == 'rpart'                                     │ │
│ │ │   rpart.maxdepth | learner_id == 'rpart'                               │ │
│ │ │   rpart.minbucket | learner_id == 'rpart'                              │ │
│ │ │   rpart.minsplit | learner_id == 'rpart'                               │ │
│ │ │   svm.cost | learner_id == 'svm'                                       │ │
│ │ │   svm.kernel | learner_id == 'svm'                                     │ │
│ │ │   svm.tolerance | learner_id == 'svm'                                  │ │
│ │ │   xgboost.alpha | learner_id == 'xgboost'                              │ │
│ │ │   xgboost.booster | learner_id == 'xgboost'                            │ │
│ │ │   xgboost.lambda | learner_id == 'xgboost'                             │ │
│ │ │   xgboost.nrounds | learner_id == 'xgboost'                            │ │
│ │ │   xgboost.subsample | learner_id == 'xgboost'                          │ │
│ │ ,                                                                        │ │
│ │ │   │   fidelity_space=FidelitySpace(                                    │ │
│ │ │   │   │   is_multifidelity=False,                                      │ │
│ │ │   │   │   fidelity_type=None,                                          │ │
│ │ │   │   │   min_fidelity=None,                                           │ │
│ │ │   │   │   max_fidelity=None                                            │ │
│ │ │   │   ),                                                               │ │
│ │ │   │   instance_space=None                                              │ │
│ │ │   ),                                                                   │ │
│ │ │   output_space=OutputSpace(n_objectives=1, objectives=['acc']),        │ │
│ │ │   optimization_resources=OptimizationResources(                        │ │
│ │ │   │   n_trials=50,                                                     │ │
│ │ │   │   time_budget=None,                                                │ │
│ │ │   │   n_workers=1                                                      │ │
│ │ │   ),                                                                   │ │
│ │ │   metadata=TaskMetadata(                                               │ │
│ │ │   │   has_constraints=False,                                           │ │
│ │ │   │   domain='ML',                                                     │ │
│ │ │   │   objective_function_approximation='surrogate',                    │ │
│ │ │   │   has_virtual_time=False,                                          │ │
│ │ │   │   deterministic=False,                                             │ │
│ │ │   │   dimensions=38,                                                   │ │
│ │ │   │   search_space_n_categoricals=7,                                   │ │
│ │ │   │   search_space_n_ordinals=0,                                       │ │
│ │ │   │   search_space_n_integers=13,                                      │ │
│ │ │   │   search_space_n_floats=18,                                        │ │
│ │ │   │   search_space_has_conditionals=True,                              │ │
│ │ │   │   search_space_has_forbiddens=False,                               │ │
│ │ │   │   search_space_has_priors=False                                    │ │
│ │ │   ),                                                                   │ │
│ │ │   seed=4                                                               │ │
│ │ )                                                                        │ │
│ ╰──────────────────────────────────────────────────────────────────────────╯ │
│                                                                              │
│            input_space = InputSpace(                                         │
│                              configuration_space=Configuration space object: │
│                            Hyperparameters:                                  │
│                              aknn.M, Type: UniformInteger, Range: [18, 50],  │
│                          Default: 34                                         │
│                              aknn.distance, Type: Categorical, Choices: {l2, │
│                          cosine, ip}, Default: l2                            │
│                              aknn.ef, Type: UniformInteger, Range: [8, 256], │
│                          Default: 48, on log-scale                           │
│                              aknn.ef_construction, Type: UniformInteger,     │
│                          Range: [8, 512], Default: 96, on log-scale          │
│                              aknn.k, Type: UniformInteger, Range: [1, 50],   │
│                          Default: 26                                         │
│                              glmnet.alpha, Type: UniformFloat, Range: [0.0,  │
│                          1.0], Default: 1.0                                  │
│                              glmnet.s, Type: UniformFloat, Range:            │
│                          [0.0009118819656, 1096.6331584284585], Default:     │
│                          1.0, on log-scale                                   │
│                              learner_id, Type: Categorical, Choices: {aknn,  │
│                          glmnet, ranger, rpart, svm, xgboost}, Default: aknn │
│                              num.impute.selected.cpo, Type: Categorical,     │
│                          Choices: {impute.mean, impute.median, impute.hist}, │
│                          Default: impute.mean                                │
│                              ranger.min.node.size, Type: UniformInteger,     │
│                          Range: [1, 100], Default: 50                        │
│                              ranger.mtry.power, Type: UniformFloat, Range:   │
│                          [0.0, 1.0], Default: 0.0                            │
│                              ranger.num.random.splits, Type: UniformInteger, │
│                          Range: [1, 100], Default: 1                         │
│                              ranger.num.trees, Type: UniformInteger, Range:  │
│                          [1, 2000], Default: 1000                            │
│                              ranger.respect.unordered.factors, Type:         │
│                          Categorical, Choices: {ignore, order, partition},   │
│                          Default: ignore                                     │
│                              ranger.sample.fraction, Type: UniformFloat,     │
│                          Range: [0.1, 1.0], Default: 0.55                    │
│                              ranger.splitrule, Type: Categorical, Choices:   │
│                          {gini, extratrees}, Default: gini                   │
│                              rpart.cp, Type: UniformFloat, Range:            │
│                          [0.0009118819656, 1.0], Default: 0.01, on log-scale │
│                              rpart.maxdepth, Type: UniformInteger, Range:    │
│                          [1, 30], Default: 30                                │
│                              rpart.minbucket, Type: UniformInteger, Range:   │
│                          [1, 100], Default: 1                                │
│                              rpart.minsplit, Type: UniformInteger, Range:    │
│                          [1, 100], Default: 20                               │
│                              svm.cost, Type: UniformFloat, Range:            │
│                          [4.53999298e-05, 22026.465794806718], Default: 1.0, │
│                          on log-scale                                        │
│                              svm.degree, Type: UniformInteger, Range: [2,    │
│                          5], Default: 4                                      │
│                              svm.gamma, Type: UniformFloat, Range:           │
│                          [4.53999298e-05, 22026.465794806718], Default: 1.0, │
│                          on log-scale                                        │
│                              svm.kernel, Type: Categorical, Choices:         │
│                          {linear, polynomial, radial}, Default: linear       │
│                              svm.tolerance, Type: UniformFloat, Range:       │
│                          [4.53999298e-05, 2.0], Default: 0.009528896, on     │
│                          log-scale                                           │
│                              task_id, Type: Constant, Value: 1457            │
│                              xgboost.alpha, Type: UniformFloat, Range:       │
│                          [0.0009118819656, 1096.6331584284585], Default:     │
│                          1.0, on log-scale                                   │
│                              xgboost.booster, Type: Categorical, Choices:    │
│                          {gblinear, gbtree, dart}, Default: gblinear         │
│                              xgboost.colsample_bylevel, Type: UniformFloat,  │
│                          Range: [0.01, 1.0], Default: 0.505                  │
│                              xgboost.colsample_bytree, Type: UniformFloat,   │
│                          Range: [0.01, 1.0], Default: 0.505                  │
│                              xgboost.eta, Type: UniformFloat, Range:         │
│                          [0.0009118819656, 1.0], Default: 0.0301973834, on   │
│                          log-scale                                           │
│                              xgboost.gamma, Type: UniformFloat, Range:       │
│                          [4.53999298e-05, 7.3890560989306], Default:         │
│                          0.0183156389, on log-scale                          │
│                              xgboost.lambda, Type: UniformFloat, Range:      │
│                          [0.0009118819656, 1096.6331584284585], Default:     │
│                          1.0, on log-scale                                   │
│                              xgboost.max_depth, Type: UniformInteger, Range: │
│                          [1, 15], Default: 8                                 │
│                              xgboost.min_child_weight, Type: UniformFloat,   │
│                          Range: [2.718281828459, 148.4131591025766],         │
│                          Default: 20.0855369232, on log-scale                │
│                              xgboost.nrounds, Type: UniformInteger, Range:   │
│                          [7, 2981], Default: 144, on log-scale               │
│                              xgboost.rate_drop, Type: UniformFloat, Range:   │
│                          [0.0, 1.0], Default: 0.5                            │
│                              xgboost.skip_drop, Type: UniformFloat, Range:   │
│                          [0.0, 1.0], Default: 0.5                            │
│                              xgboost.subsample, Type: UniformFloat, Range:   │
│                          [0.1, 1.0], Default: 0.55                           │
│                            Conditions:                                       │
│                              (ranger.num.random.splits | ranger.splitrule == │
│                          'extratrees' && ranger.num.random.splits |          │
│                          learner_id == 'ranger')                             │
│                              (svm.degree | svm.kernel == 'polynomial' &&     │
│                          svm.degree | learner_id == 'svm')                   │
│                              (svm.gamma | svm.kernel == 'radial' &&          │
│                          svm.gamma | learner_id == 'svm')                    │
│                              (xgboost.colsample_bylevel | xgboost.booster in │
│                          {'dart', 'gbtree'} && xgboost.colsample_bylevel |   │
│                          learner_id == 'xgboost')                            │
│                              (xgboost.colsample_bytree | xgboost.booster in  │
│                          {'dart', 'gbtree'} && xgboost.colsample_bytree |    │
│                          learner_id == 'xgboost')                            │
│                              (xgboost.eta | xgboost.booster in {'dart',      │
│                          'gbtree'} && xgboost.eta | learner_id == 'xgboost') │
│                              (xgboost.gamma | xgboost.booster in {'dart',    │
│                          'gbtree'} && xgboost.gamma | learner_id ==          │
│                          'xgboost')                                          │
│                              (xgboost.max_depth | xgboost.booster in         │
│                          {'dart', 'gbtree'} && xgboost.max_depth |           │
│                          learner_id == 'xgboost')                            │
│                              (xgboost.min_child_weight | xgboost.booster in  │
│                          {'dart', 'gbtree'} && xgboost.min_child_weight |    │
│                          learner_id == 'xgboost')                            │
│                              (xgboost.rate_drop | xgboost.booster == 'dart'  │
│                          && xgboost.rate_drop | learner_id == 'xgboost')     │
│                              (xgboost.skip_drop | xgboost.booster == 'dart'  │
│                          && xgboost.skip_drop | learner_id == 'xgboost')     │
│                              aknn.M | learner_id == 'aknn'                   │
│                              aknn.distance | learner_id == 'aknn'            │
│                              aknn.ef | learner_id == 'aknn'                  │
│                              aknn.ef_construction | learner_id == 'aknn'     │
│                              aknn.k | learner_id == 'aknn'                   │
│                              glmnet.alpha | learner_id == 'glmnet'           │
│                              glmnet.s | learner_id == 'glmnet'               │
│                              ranger.min.node.size | learner_id == 'ranger'   │
│                              ranger.mtry.power | learner_id == 'ranger'      │
│                              ranger.num.trees | learner_id == 'ranger'       │
│                              ranger.respect.unordered.factors | learner_id   │
│                          == 'ranger'                                         │
│                              ranger.sample.fraction | learner_id == 'ranger' │
│                              ranger.splitrule | learner_id == 'ranger'       │
│                              rpart.cp | learner_id == 'rpart'                │
│                              rpart.maxdepth | learner_id == 'rpart'          │
│                              rpart.minbucket | learner_id == 'rpart'         │
│                              rpart.minsplit | learner_id == 'rpart'          │
│                              svm.cost | learner_id == 'svm'                  │
│                              svm.kernel | learner_id == 'svm'                │
│                              svm.tolerance | learner_id == 'svm'             │
│                              xgboost.alpha | learner_id == 'xgboost'         │
│                              xgboost.booster | learner_id == 'xgboost'       │
│                              xgboost.lambda | learner_id == 'xgboost'        │
│                              xgboost.nrounds | learner_id == 'xgboost'       │
│                              xgboost.subsample | learner_id == 'xgboost'     │
│                          ,                                                   │
│                              fidelity_space=FidelitySpace(                   │
│                                  is_multifidelity=False,                     │
│                                  fidelity_type=None,                         │
│                                  min_fidelity=None,                          │
│                                  max_fidelity=None                           │
│                              ),                                              │
│                              instance_space=None                             │
│                          )                                                   │
│               metadata = TaskMetadata(                                       │
│                              has_constraints=False,                          │
│                              domain='ML',                                    │
│                              objective_function_approximation='surrogate',   │
│                              has_virtual_time=False,                         │
│                              deterministic=False,                            │
│                              dimensions=38,                                  │
│                              search_space_n_categoricals=7,                  │
│                              search_space_n_ordinals=0,                      │
│                              search_space_n_integers=13,                     │
│                              search_space_n_floats=18,                       │
│                              search_space_has_conditionals=True,             │
│                              search_space_has_forbiddens=False,              │
│                              search_space_has_priors=False                   │
│                          )                                                   │
│                   name = 'yahpo/so/rbv2_super/1457/None'                     │
│     objective_function = <carps.objective_functions.yahpo.YahpoObjectiveFun… │
│                          object at 0x145d6cafcd70>                           │
│ optimization_resources = OptimizationResources(                              │
│                              n_trials=50,                                    │
│                              time_budget=None,                               │
│                              n_workers=1                                     │
│                          )                                                   │
│           output_space = OutputSpace(n_objectives=1, objectives=['acc'])     │
│                   seed = 4                                                   │
╰──────────────────────────────────────────────────────────────────────────────╯
╭────────────── <class 'carps.optimizers.smac20.SMAC3Optimizer'> ──────────────╮
│ SMAC3 Optimizer.                                                             │
│                                                                              │
│ ╭──────────────────────────────────────────────────────────────────────────╮ │
│ │ <carps.optimizers.smac20.SMAC3Optimizer object at 0x145d6c835550>        │ │
│ ╰──────────────────────────────────────────────────────────────────────────╯ │
│                                                                              │
│                  configspace = Configuration space object:                   │
│                                  Hyperparameters:                            │
│                                    aknn.M, Type: UniformInteger, Range: [18, │
│                                50], Default: 34                              │
│                                    aknn.distance, Type: Categorical,         │
│                                Choices: {l2, cosine, ip}, Default: l2        │
│                                    aknn.ef, Type: UniformInteger, Range: [8, │
│                                256], Default: 48, on log-scale               │
│                                    aknn.ef_construction, Type:               │
│                                UniformInteger, Range: [8, 512], Default: 96, │
│                                on log-scale                                  │
│                                    aknn.k, Type: UniformInteger, Range: [1,  │
│                                50], Default: 26                              │
│                                    glmnet.alpha, Type: UniformFloat, Range:  │
│                                [0.0, 1.0], Default: 1.0                      │
│                                    glmnet.s, Type: UniformFloat, Range:      │
│                                [0.0009118819656, 1096.6331584284585],        │
│                                Default: 1.0, on log-scale                    │
│                                    learner_id, Type: Categorical, Choices:   │
│                                {aknn, glmnet, ranger, rpart, svm, xgboost},  │
│                                Default: aknn                                 │
│                                    num.impute.selected.cpo, Type:            │
│                                Categorical, Choices: {impute.mean,           │
│                                impute.median, impute.hist}, Default:         │
│                                impute.mean                                   │
│                                    ranger.min.node.size, Type:               │
│                                UniformInteger, Range: [1, 100], Default: 50  │
│                                    ranger.mtry.power, Type: UniformFloat,    │
│                                Range: [0.0, 1.0], Default: 0.0               │
│                                    ranger.num.random.splits, Type:           │
│                                UniformInteger, Range: [1, 100], Default: 1   │
│                                    ranger.num.trees, Type: UniformInteger,   │
│                                Range: [1, 2000], Default: 1000               │
│                                    ranger.respect.unordered.factors, Type:   │
│                                Categorical, Choices: {ignore, order,         │
│                                partition}, Default: ignore                   │
│                                    ranger.sample.fraction, Type:             │
│                                UniformFloat, Range: [0.1, 1.0], Default:     │
│                                0.55                                          │
│                                    ranger.splitrule, Type: Categorical,      │
│                                Choices: {gini, extratrees}, Default: gini    │
│                                    rpart.cp, Type: UniformFloat, Range:      │
│                                [0.0009118819656, 1.0], Default: 0.01, on     │
│                                log-scale                                     │
│                                    rpart.maxdepth, Type: UniformInteger,     │
│                                Range: [1, 30], Default: 30                   │
│                                    rpart.minbucket, Type: UniformInteger,    │
│                                Range: [1, 100], Default: 1                   │
│                                    rpart.minsplit, Type: UniformInteger,     │
│                                Range: [1, 100], Default: 20                  │
│                                    svm.cost, Type: UniformFloat, Range:      │
│                                [4.53999298e-05, 22026.465794806718],         │
│                                Default: 1.0, on log-scale                    │
│                                    svm.degree, Type: UniformInteger, Range:  │
│                                [2, 5], Default: 4                            │
│                                    svm.gamma, Type: UniformFloat, Range:     │
│                                [4.53999298e-05, 22026.465794806718],         │
│                                Default: 1.0, on log-scale                    │
│                                    svm.kernel, Type: Categorical, Choices:   │
│                                {linear, polynomial, radial}, Default: linear │
│                                    svm.tolerance, Type: UniformFloat, Range: │
│                                [4.53999298e-05, 2.0], Default: 0.009528896,  │
│                                on log-scale                                  │
│                                    task_id, Type: Constant, Value: 1457      │
│                                    xgboost.alpha, Type: UniformFloat, Range: │
│                                [0.0009118819656, 1096.6331584284585],        │
│                                Default: 1.0, on log-scale                    │
│                                    xgboost.booster, Type: Categorical,       │
│                                Choices: {gblinear, gbtree, dart}, Default:   │
│                                gblinear                                      │
│                                    xgboost.colsample_bylevel, Type:          │
│                                UniformFloat, Range: [0.01, 1.0], Default:    │
│                                0.505                                         │
│                                    xgboost.colsample_bytree, Type:           │
│                                UniformFloat, Range: [0.01, 1.0], Default:    │
│                                0.505                                         │
│                                    xgboost.eta, Type: UniformFloat, Range:   │
│                                [0.0009118819656, 1.0], Default:              │
│                                0.0301973834, on log-scale                    │
│                                    xgboost.gamma, Type: UniformFloat, Range: │
│                                [4.53999298e-05, 7.3890560989306], Default:   │
│                                0.0183156389, on log-scale                    │
│                                    xgboost.lambda, Type: UniformFloat,       │
│                                Range: [0.0009118819656, 1096.6331584284585], │
│                                Default: 1.0, on log-scale                    │
│                                    xgboost.max_depth, Type: UniformInteger,  │
│                                Range: [1, 15], Default: 8                    │
│                                    xgboost.min_child_weight, Type:           │
│                                UniformFloat, Range: [2.718281828459,         │
│                                148.4131591025766], Default: 20.0855369232,   │
│                                on log-scale                                  │
│                                    xgboost.nrounds, Type: UniformInteger,    │
│                                Range: [7, 2981], Default: 144, on log-scale  │
│                                    xgboost.rate_drop, Type: UniformFloat,    │
│                                Range: [0.0, 1.0], Default: 0.5               │
│                                    xgboost.skip_drop, Type: UniformFloat,    │
│                                Range: [0.0, 1.0], Default: 0.5               │
│                                    xgboost.subsample, Type: UniformFloat,    │
│                                Range: [0.1, 1.0], Default: 0.55              │
│                                  Conditions:                                 │
│                                    (ranger.num.random.splits |               │
│                                ranger.splitrule == 'extratrees' &&           │
│                                ranger.num.random.splits | learner_id ==      │
│                                'ranger')                                     │
│                                    (svm.degree | svm.kernel == 'polynomial'  │
│                                && svm.degree | learner_id == 'svm')          │
│                                    (svm.gamma | svm.kernel == 'radial' &&    │
│                                svm.gamma | learner_id == 'svm')              │
│                                    (xgboost.colsample_bylevel |              │
│                                xgboost.booster in {'dart', 'gbtree'} &&      │
│                                xgboost.colsample_bylevel | learner_id ==     │
│                                'xgboost')                                    │
│                                    (xgboost.colsample_bytree |               │
│                                xgboost.booster in {'dart', 'gbtree'} &&      │
│                                xgboost.colsample_bytree | learner_id ==      │
│                                'xgboost')                                    │
│                                    (xgboost.eta | xgboost.booster in         │
│                                {'dart', 'gbtree'} && xgboost.eta |           │
│                                learner_id == 'xgboost')                      │
│                                    (xgboost.gamma | xgboost.booster in       │
│                                {'dart', 'gbtree'} && xgboost.gamma |         │
│                                learner_id == 'xgboost')                      │
│                                    (xgboost.max_depth | xgboost.booster in   │
│                                {'dart', 'gbtree'} && xgboost.max_depth |     │
│                                learner_id == 'xgboost')                      │
│                                    (xgboost.min_child_weight |               │
│                                xgboost.booster in {'dart', 'gbtree'} &&      │
│                                xgboost.min_child_weight | learner_id ==      │
│                                'xgboost')                                    │
│                                    (xgboost.rate_drop | xgboost.booster ==   │
│                                'dart' && xgboost.rate_drop | learner_id ==   │
│                                'xgboost')                                    │
│                                    (xgboost.skip_drop | xgboost.booster ==   │
│                                'dart' && xgboost.skip_drop | learner_id ==   │
│                                'xgboost')                                    │
│                                    aknn.M | learner_id == 'aknn'             │
│                                    aknn.distance | learner_id == 'aknn'      │
│                                    aknn.ef | learner_id == 'aknn'            │
│                                    aknn.ef_construction | learner_id ==      │
│                                'aknn'                                        │
│                                    aknn.k | learner_id == 'aknn'             │
│                                    glmnet.alpha | learner_id == 'glmnet'     │
│                                    glmnet.s | learner_id == 'glmnet'         │
│                                    ranger.min.node.size | learner_id ==      │
│                                'ranger'                                      │
│                                    ranger.mtry.power | learner_id ==         │
│                                'ranger'                                      │
│                                    ranger.num.trees | learner_id == 'ranger' │
│                                    ranger.respect.unordered.factors |        │
│                                learner_id == 'ranger'                        │
│                                    ranger.sample.fraction | learner_id ==    │
│                                'ranger'                                      │
│                                    ranger.splitrule | learner_id == 'ranger' │
│                                    rpart.cp | learner_id == 'rpart'          │
│                                    rpart.maxdepth | learner_id == 'rpart'    │
│                                    rpart.minbucket | learner_id == 'rpart'   │
│                                    rpart.minsplit | learner_id == 'rpart'    │
│                                    svm.cost | learner_id == 'svm'            │
│                                    svm.kernel | learner_id == 'svm'          │
│                                    svm.tolerance | learner_id == 'svm'       │
│                                    xgboost.alpha | learner_id == 'xgboost'   │
│                                    xgboost.booster | learner_id == 'xgboost' │
│                                    xgboost.lambda | learner_id == 'xgboost'  │
│                                    xgboost.nrounds | learner_id == 'xgboost' │
│                                    xgboost.subsample | learner_id ==         │
│                                'xgboost'                                     │
│                                                                              │
│           expects_fidelities = False                                         │
│  expects_multiple_objectives = False                                         │
│             fidelity_enabled = False                                         │
│                      loggers = [<carps.loggers.file_logger.FileLogger object │
│                                at 0x145d6cafc980>,                           │
│                                <carps.loggers.database_logger.DatabaseLogger │
│                                object at 0x145d6cafc1a0>]                    │
│                     smac_cfg = {'scenario': {'seed': 4, 'n_trials': 50,      │
│                                'objectives': ['acc'], 'deterministic': True, │
│                                'n_workers': 1, 'output_directory':           │
│                                'runs/SMAC3-HPOFacade/YAHPO/yahpo/so/rbv2_su… │
│                                'min_budget': None, 'max_budget': None},      │
│                                'smac_kwargs': {'dask_client': None,          │
│                                'overwrite': True}, 'smac_class':             │
│                                'smac.facade.HyperparameterOptimizationFacad… │
│                       solver = None                                          │
│                         task = Task(                                         │
│                                    name='yahpo/so/rbv2_super/1457/None',     │
│                                    objective_function=<carps.objective_func… │
│                                object at 0x145d6cafcd70>,                    │
│                                    input_space=InputSpace(                   │
│                                        configuration_space=Configuration     │
│                                space object:                                 │
│                                  Hyperparameters:                            │
│                                    aknn.M, Type: UniformInteger, Range: [18, │
│                                50], Default: 34                              │
│                                    aknn.distance, Type: Categorical,         │
│                                Choices: {l2, cosine, ip}, Default: l2        │
│                                    aknn.ef, Type: UniformInteger, Range: [8, │
│                                256], Default: 48, on log-scale               │
│                                    aknn.ef_construction, Type:               │
│                                UniformInteger, Range: [8, 512], Default: 96, │
│                                on log-scale                                  │
│                                    aknn.k, Type: UniformInteger, Range: [1,  │
│                                50], Default: 26                              │
│                                    glmnet.alpha, Type: UniformFloat, Range:  │
│                                [0.0, 1.0], Default: 1.0                      │
│                                    glmnet.s, Type: UniformFloat, Range:      │
│                                [0.0009118819656, 1096.6331584284585],        │
│                                Default: 1.0, on log-scale                    │
│                                    learner_id, Type: Categorical, Choices:   │
│                                {aknn, glmnet, ranger, rpart, svm, xgboost},  │
│                                Default: aknn                                 │
│                                    num.impute.selected.cpo, Type:            │
│                                Categorical, Choices: {impute.mean,           │
│                                impute.median, impute.hist}, Default:         │
│                                impute.mean                                   │
│                                    ranger.min.node.size, Type:               │
│                                UniformInteger, Range: [1, 100], Default: 50  │
│                                    ranger.mtry.power, Type: UniformFloat,    │
│                                Range: [0.0, 1.0], Default: 0.0               │
│                                    ranger.num.random.splits, Type:           │
│                                UniformInteger, Range: [1, 100], Default: 1   │
│                                    ranger.num.trees, Type: UniformInteger,   │
│                                Range: [1, 2000], Default: 1000               │
│                                    ranger.respect.unordered.factors, Type:   │
│                                Categorical, Choices: {ignore, order,         │
│                                partition}, Default: ignore                   │
│                                    ranger.sample.fraction, Type:             │
│                                UniformFloat, Range: [0.1, 1.0], Default:     │
│                                0.55                                          │
│                                    ranger.splitrule, Type: Categorical,      │
│                                Choices: {gini, extratrees}, Default: gini    │
│                                    rpart.cp, Type: UniformFloat, Range:      │
│                                [0.0009118819656, 1.0], Default: 0.01, on     │
│                                log-scale                                     │
│                                    rpart.maxdepth, Type: UniformInteger,     │
│                                Range: [1, 30], Default: 30                   │
│                                    rpart.minbucket, Type: UniformInteger,    │
│                                Range: [1, 100], Default: 1                   │
│                                    rpart.minsplit, Type: UniformInteger,     │
│                                Range: [1, 100], Default: 20                  │
│                                    svm.cost, Type: UniformFloat, Range:      │
│                                [4.53999298e-05, 22026.465794806718],         │
│                                Default: 1.0, on log-scale                    │
│                                    svm.degree, Type: UniformInteger, Range:  │
│                                [2, 5], Default: 4                            │
│                                    svm.gamma, Type: UniformFloat, Range:     │
│                                [4.53999298e-05, 22026.465794806718],         │
│                                Default: 1.0, on log-scale                    │
│                                    svm.kernel, Type: Categorical, Choices:   │
│                                {linear, polynomial, radial}, Default: linear │
│                                    svm.tolerance, Type: UniformFloat, Range: │
│                                [4.53999298e-05, 2.0], Default: 0.009528896,  │
│                                on log-scale                                  │
│                                    task_id, Type: Constant, Value: 1457      │
│                                    xgboost.alpha, Type: UniformFloat, Range: │
│                                [0.0009118819656, 1096.6331584284585],        │
│                                Default: 1.0, on log-scale                    │
│                                    xgboost.booster, Type: Categorical,       │
│                                Choices: {gblinear, gbtree, dart}, Default:   │
│                                gblinear                                      │
│                                    xgboost.colsample_bylevel, Type:          │
│                                UniformFloat, Range: [0.01, 1.0], Default:    │
│                                0.505                                         │
│                                    xgboost.colsample_bytree, Type:           │
│                                UniformFloat, Range: [0.01, 1.0], Default:    │
│                                0.505                                         │
│                                    xgboost.eta, Type: UniformFloat, Range:   │
│                                [0.0009118819656, 1.0], Default:              │
│                                0.0301973834, on log-scale                    │
│                                    xgboost.gamma, Type: UniformFloat, Range: │
│                                [4.53999298e-05, 7.3890560989306], Default:   │
│                                0.0183156389, on log-scale                    │
│                                    xgboost.lambda, Type: UniformFloat,       │
│                                Range: [0.0009118819656, 1096.6331584284585], │
│                                Default: 1.0, on log-scale                    │
│                                    xgboost.max_depth, Type: UniformInteger,  │
│                                Range: [1, 15], Default: 8                    │
│                                    xgboost.min_child_weight, Type:           │
│                                UniformFloat, Range: [2.718281828459,         │
│                                148.4131591025766], Default: 20.0855369232,   │
│                                on log-scale                                  │
│                                    xgboost.nrounds, Type: UniformInteger,    │
│                                Range: [7, 2981], Default: 144, on log-scale  │
│                                    xgboost.rate_drop, Type: UniformFloat,    │
│                                Range: [0.0, 1.0], Default: 0.5               │
│                                    xgboost.skip_drop, Type: UniformFloat,    │
│                                Range: [0.0, 1.0], Default: 0.5               │
│                                    xgboost.subsample, Type: UniformFloat,    │
│                                Range: [0.1, 1.0], Default: 0.55              │
│                                  Conditions:                                 │
│                                    (ranger.num.random.splits |               │
│                                ranger.splitrule == 'extratrees' &&           │
│                                ranger.num.random.splits | learner_id ==      │
│                                'ranger')                                     │
│                                    (svm.degree | svm.kernel == 'polynomial'  │
│                                && svm.degree | learner_id == 'svm')          │
│                                    (svm.gamma | svm.kernel == 'radial' &&    │
│                                svm.gamma | learner_id == 'svm')              │
│                                    (xgboost.colsample_bylevel |              │
│                                xgboost.booster in {'dart', 'gbtree'} &&      │
│                                xgboost.colsample_bylevel | learner_id ==     │
│                                'xgboost')                                    │
│                                    (xgboost.colsample_bytree |               │
│                                xgboost.booster in {'dart', 'gbtree'} &&      │
│                                xgboost.colsample_bytree | learner_id ==      │
│                                'xgboost')                                    │
│                                    (xgboost.eta | xgboost.booster in         │
│                                {'dart', 'gbtree'} && xgboost.eta |           │
│                                learner_id == 'xgboost')                      │
│                                    (xgboost.gamma | xgboost.booster in       │
│                                {'dart', 'gbtree'} && xgboost.gamma |         │
│                                learner_id == 'xgboost')                      │
│                                    (xgboost.max_depth | xgboost.booster in   │
│                                {'dart', 'gbtree'} && xgboost.max_depth |     │
│                                learner_id == 'xgboost')                      │
│                                    (xgboost.min_child_weight |               │
│                                xgboost.booster in {'dart', 'gbtree'} &&      │
│                                xgboost.min_child_weight | learner_id ==      │
│                                'xgboost')                                    │
│                                    (xgboost.rate_drop | xgboost.booster ==   │
│                                'dart' && xgboost.rate_drop | learner_id ==   │
│                                'xgboost')                                    │
│                                    (xgboost.skip_drop | xgboost.booster ==   │
│                                'dart' && xgboost.skip_drop | learner_id ==   │
│                                'xgboost')                                    │
│                                    aknn.M | learner_id == 'aknn'             │
│                                    aknn.distance | learner_id == 'aknn'      │
│                                    aknn.ef | learner_id == 'aknn'            │
│                                    aknn.ef_construction | learner_id ==      │
│                                'aknn'                                        │
│                                    aknn.k | learner_id == 'aknn'             │
│                                    glmnet.alpha | learner_id == 'glmnet'     │
│                                    glmnet.s | learner_id == 'glmnet'         │
│                                    ranger.min.node.size | learner_id ==      │
│                                'ranger'                                      │
│                                    ranger.mtry.power | learner_id ==         │
│                                'ranger'                                      │
│                                    ranger.num.trees | learner_id == 'ranger' │
│                                    ranger.respect.unordered.factors |        │
│                                learner_id == 'ranger'                        │
│                                    ranger.sample.fraction | learner_id ==    │
│                                'ranger'                                      │
│                                    ranger.splitrule | learner_id == 'ranger' │
│                                    rpart.cp | learner_id == 'rpart'          │
│                                    rpart.maxdepth | learner_id == 'rpart'    │
│                                    rpart.minbucket | learner_id == 'rpart'   │
│                                    rpart.minsplit | learner_id == 'rpart'    │
│                                    svm.cost | learner_id == 'svm'            │
│                                    svm.kernel | learner_id == 'svm'          │
│                                    svm.tolerance | learner_id == 'svm'       │
│                                    xgboost.alpha | learner_id == 'xgboost'   │
│                                    xgboost.booster | learner_id == 'xgboost' │
│                                    xgboost.lambda | learner_id == 'xgboost'  │
│                                    xgboost.nrounds | learner_id == 'xgboost' │
│                                    xgboost.subsample | learner_id ==         │
│                                'xgboost'                                     │
│                                ,                                             │
│                                        fidelity_space=FidelitySpace(         │
│                                            is_multifidelity=False,           │
│                                            fidelity_type=None,               │
│                                            min_fidelity=None,                │
│                                            max_fidelity=None                 │
│                                        ),                                    │
│                                        instance_space=None                   │
│                                    ),                                        │
│                                    output_space=OutputSpace(                 │
│                                        n_objectives=1,                       │
│                                        objectives=['acc']                    │
│                                    ),                                        │
│                                    optimization_resources=OptimizationResou… │
│                                        n_trials=50,                          │
│                                        time_budget=None,                     │
│                                        n_workers=1                           │
│                                    ),                                        │
│                                    metadata=TaskMetadata(                    │
│                                        has_constraints=False,                │
│                                        domain='ML',                          │
│                                        objective_function_approximation='su… │
│                                        has_virtual_time=False,               │
│                                        deterministic=False,                  │
│                                        dimensions=38,                        │
│                                        search_space_n_categoricals=7,        │
│                                        search_space_n_ordinals=0,            │
│                                        search_space_n_integers=13,           │
│                                        search_space_n_floats=18,             │
│                                        search_space_has_conditionals=True,   │
│                                        search_space_has_forbiddens=False,    │
│                                        search_space_has_priors=False         │
│                                    ),                                        │
│                                    seed=4                                    │
│                                )                                             │
│                  time_budget = None                                          │
│                trial_counter = 0                                             │
│ virtual_time_elapsed_seconds = 0.0                                           │
╰──────────────────────────────────────────────────────────────────────────────╯
<class 
'smac.facade.hyperparameter_optimization_facade.HyperparameterOptimizationFacade
'>
{
    'dask_client': None,
    'overwrite': True,
    'scenario': Scenario(
        configspace=Configuration space object:
  Hyperparameters:
    aknn.M, Type: UniformInteger, Range: [18, 50], Default: 34
    aknn.distance, Type: Categorical, Choices: {l2, cosine, ip}, Default: l2
    aknn.ef, Type: UniformInteger, Range: [8, 256], Default: 48, on log-scale
    aknn.ef_construction, Type: UniformInteger, Range: [8, 512], Default: 96, on
log-scale
    aknn.k, Type: UniformInteger, Range: [1, 50], Default: 26
    glmnet.alpha, Type: UniformFloat, Range: [0.0, 1.0], Default: 1.0
    glmnet.s, Type: UniformFloat, Range: [0.0009118819656, 1096.6331584284585], 
Default: 1.0, on log-scale
    learner_id, Type: Categorical, Choices: {aknn, glmnet, ranger, rpart, svm, 
xgboost}, Default: aknn
    num.impute.selected.cpo, Type: Categorical, Choices: {impute.mean, 
impute.median, impute.hist}, Default: impute.mean
    ranger.min.node.size, Type: UniformInteger, Range: [1, 100], Default: 50
    ranger.mtry.power, Type: UniformFloat, Range: [0.0, 1.0], Default: 0.0
    ranger.num.random.splits, Type: UniformInteger, Range: [1, 100], Default: 1
    ranger.num.trees, Type: UniformInteger, Range: [1, 2000], Default: 1000
    ranger.respect.unordered.factors, Type: Categorical, Choices: {ignore, 
order, partition}, Default: ignore
    ranger.sample.fraction, Type: UniformFloat, Range: [0.1, 1.0], Default: 0.55
    ranger.splitrule, Type: Categorical, Choices: {gini, extratrees}, Default: 
gini
    rpart.cp, Type: UniformFloat, Range: [0.0009118819656, 1.0], Default: 0.01, 
on log-scale
    rpart.maxdepth, Type: UniformInteger, Range: [1, 30], Default: 30
    rpart.minbucket, Type: UniformInteger, Range: [1, 100], Default: 1
    rpart.minsplit, Type: UniformInteger, Range: [1, 100], Default: 20
    svm.cost, Type: UniformFloat, Range: [4.53999298e-05, 22026.465794806718], 
Default: 1.0, on log-scale
    svm.degree, Type: UniformInteger, Range: [2, 5], Default: 4
    svm.gamma, Type: UniformFloat, Range: [4.53999298e-05, 22026.465794806718], 
Default: 1.0, on log-scale
    svm.kernel, Type: Categorical, Choices: {linear, polynomial, radial}, 
Default: linear
    svm.tolerance, Type: UniformFloat, Range: [4.53999298e-05, 2.0], Default: 
0.009528896, on log-scale
    task_id, Type: Constant, Value: 1457
    xgboost.alpha, Type: UniformFloat, Range: [0.0009118819656, 
1096.6331584284585], Default: 1.0, on log-scale
    xgboost.booster, Type: Categorical, Choices: {gblinear, gbtree, dart}, 
Default: gblinear
    xgboost.colsample_bylevel, Type: UniformFloat, Range: [0.01, 1.0], Default: 
0.505
    xgboost.colsample_bytree, Type: UniformFloat, Range: [0.01, 1.0], Default: 
0.505
    xgboost.eta, Type: UniformFloat, Range: [0.0009118819656, 1.0], Default: 
0.0301973834, on log-scale
    xgboost.gamma, Type: UniformFloat, Range: [4.53999298e-05, 7.3890560989306],
Default: 0.0183156389, on log-scale
    xgboost.lambda, Type: UniformFloat, Range: [0.0009118819656, 
1096.6331584284585], Default: 1.0, on log-scale
    xgboost.max_depth, Type: UniformInteger, Range: [1, 15], Default: 8
    xgboost.min_child_weight, Type: UniformFloat, Range: [2.718281828459, 
148.4131591025766], Default: 20.0855369232, on log-scale
    xgboost.nrounds, Type: UniformInteger, Range: [7, 2981], Default: 144, on 
log-scale
    xgboost.rate_drop, Type: UniformFloat, Range: [0.0, 1.0], Default: 0.5
    xgboost.skip_drop, Type: UniformFloat, Range: [0.0, 1.0], Default: 0.5
    xgboost.subsample, Type: UniformFloat, Range: [0.1, 1.0], Default: 0.55
  Conditions:
    (ranger.num.random.splits | ranger.splitrule == 'extratrees' && 
ranger.num.random.splits | learner_id == 'ranger')
    (svm.degree | svm.kernel == 'polynomial' && svm.degree | learner_id == 
'svm')
    (svm.gamma | svm.kernel == 'radial' && svm.gamma | learner_id == 'svm')
    (xgboost.colsample_bylevel | xgboost.booster in {'dart', 'gbtree'} && 
xgboost.colsample_bylevel | learner_id == 'xgboost')
    (xgboost.colsample_bytree | xgboost.booster in {'dart', 'gbtree'} && 
xgboost.colsample_bytree | learner_id == 'xgboost')
    (xgboost.eta | xgboost.booster in {'dart', 'gbtree'} && xgboost.eta | 
learner_id == 'xgboost')
    (xgboost.gamma | xgboost.booster in {'dart', 'gbtree'} && xgboost.gamma | 
learner_id == 'xgboost')
    (xgboost.max_depth | xgboost.booster in {'dart', 'gbtree'} && 
xgboost.max_depth | learner_id == 'xgboost')
    (xgboost.min_child_weight | xgboost.booster in {'dart', 'gbtree'} && 
xgboost.min_child_weight | learner_id == 'xgboost')
    (xgboost.rate_drop | xgboost.booster == 'dart' && xgboost.rate_drop | 
learner_id == 'xgboost')
    (xgboost.skip_drop | xgboost.booster == 'dart' && xgboost.skip_drop | 
learner_id == 'xgboost')
    aknn.M | learner_id == 'aknn'
    aknn.distance | learner_id == 'aknn'
    aknn.ef | learner_id == 'aknn'
    aknn.ef_construction | learner_id == 'aknn'
    aknn.k | learner_id == 'aknn'
    glmnet.alpha | learner_id == 'glmnet'
    glmnet.s | learner_id == 'glmnet'
    ranger.min.node.size | learner_id == 'ranger'
    ranger.mtry.power | learner_id == 'ranger'
    ranger.num.trees | learner_id == 'ranger'
    ranger.respect.unordered.factors | learner_id == 'ranger'
    ranger.sample.fraction | learner_id == 'ranger'
    ranger.splitrule | learner_id == 'ranger'
    rpart.cp | learner_id == 'rpart'
    rpart.maxdepth | learner_id == 'rpart'
    rpart.minbucket | learner_id == 'rpart'
    rpart.minsplit | learner_id == 'rpart'
    svm.cost | learner_id == 'svm'
    svm.kernel | learner_id == 'svm'
    svm.tolerance | learner_id == 'svm'
    xgboost.alpha | learner_id == 'xgboost'
    xgboost.booster | learner_id == 'xgboost'
    xgboost.lambda | learner_id == 'xgboost'
    xgboost.nrounds | learner_id == 'xgboost'
    xgboost.subsample | learner_id == 'xgboost'
,
        name=None,
        output_directory='runs/SMAC3-HPOFacade/YAHPO/yahpo/so/rbv2_super/1457/No
ne/4/4/smac3_output',
        deterministic=True,
        objectives=['acc'],
        crash_cost=inf,
        termination_cost_threshold=inf,
        walltime_limit=inf,
        cputime_limit=inf,
        trial_walltime_limit=None,
        trial_memory_limit=None,
        n_trials=50,
        use_default_config=False,
        instances=None,
        instance_features=None,
        adaptive_capping=False,
        adaptive_capping_slackfactor=None,
        runtime_cutoff=None,
        min_budget=None,
        max_budget=None,
        seed=4,
        n_workers=1
    ),
    'callbacks': []
}
[INFO][abstract_initial_design.py:91] Reducing the number of initial configurations from 390 to 12 (max_ratio == 0.25).
[WARNING][target_function_runner.py:74] The argument budget is not set by SMAC: Consider removing it from the target function.
[WARNING][target_function_runner.py:74] The argument instance is not set by SMAC: Consider removing it from the target function.
[INFO][abstract_initial_design.py:143] Using 12 initial design configurations and 0 additional configurations.
<smac.facade.hyperparameter_optimization_facade.HyperparameterOptimizationFacade
object at 0x145d6a270050>
[INFO][abstract_intensifier.py:313] Using only one seed for deterministic scenario.
[INFO][file_logger.py:201] n_trials: 1, n_function_calls: 1, config: [np.str_('aknn'), np.str_('impute.hist'), '1457', 19, np.str_('cosine'), 17, 72, 16], cost: -0.3500308096408844
[INFO][abstract_intensifier.py:523] Added config 016c74 as new incumbent because there are no incumbents yet.
[INFO][file_logger.py:201] n_trials: 2, n_function_calls: 2, config: [np.str_('xgboost'), np.str_('impute.mean'), '1457', 157.650699972152, np.str_('dart'), 25.3996966830472, 26, 0.4801155411638, 0.2939582753088, 0.9582765110116, 0.0766318179624, 2.9546127293117, 7, 84.5545562560158, 0.3322430262342, 0.4775798562914], cost: -0.010464719496667385
[INFO][file_logger.py:201] n_trials: 3, n_function_calls: 3, config: [np.str_('rpart'), np.str_('impute.median'), '1457', 0.0830450519281, 19, 27, 67], cost: -0.0031443266198039055
[INFO][file_logger.py:201] n_trials: 4, n_function_calls: 4, config: [np.str_('glmnet'), np.str_('impute.median'), '1457', 0.1810078844428, 145.6004861993082], cost: -0.08964484930038452
[INFO][file_logger.py:201] n_trials: 5, n_function_calls: 5, config: [np.str_('ranger'), np.str_('impute.hist'), '1457', 14, 0.4343265378848, 677, np.str_('order'), 0.7199765113182, np.str_('extratrees'), 2], cost: -0.6658209562301636
[INFO][abstract_intensifier.py:630] Added config 1daa92 and rejected config 016c74 as incumbent because it is not better than the incumbents on 1 instances: 
[INFO][file_logger.py:201] n_trials: 6, n_function_calls: 6, config: [np.str_('rpart'), np.str_('impute.median'), '1457', 0.0468314190979, 16, 40, 2], cost: -0.0058927456848323345
[INFO][file_logger.py:201] n_trials: 7, n_function_calls: 7, config: [np.str_('xgboost'), np.str_('impute.hist'), '1457', 0.3719596093132, np.str_('dart'), 3.529338555376, 1384, 0.6369819789194, 0.5283357993793, 0.0296670974419, 0.0587026286143, 0.0003768048885, 11, 5.4597249700258, 0.1813215678558, 0.3273560879752], cost: -0.14509999752044678
[INFO][file_logger.py:201] n_trials: 8, n_function_calls: 8, config: [np.str_('glmnet'), np.str_('impute.mean'), '1457', 0.7956624822691, 0.0229109792206], cost: -0.047500357031822205
[INFO][file_logger.py:201] n_trials: 9, n_function_calls: 9, config: [np.str_('glmnet'), np.str_('impute.median'), '1457', 0.5155771160498, 0.0642856677685], cost: -0.0649370551109314
[INFO][file_logger.py:201] n_trials: 10, n_function_calls: 10, config: [np.str_('svm'), np.str_('impute.mean'), '1457', 0.0598574200129, np.str_('polynomial'), 8.8713804e-05, 3], cost: -0.010434722527861595
[INFO][file_logger.py:201] n_trials: 11, n_function_calls: 11, config: [np.str_('rpart'), np.str_('impute.hist'), '1457', 0.0043711746627, 1, 57, 46], cost: -0.025980284437537193
[INFO][file_logger.py:201] n_trials: 12, n_function_calls: 12, config: [np.str_('ranger'), np.str_('impute.mean'), '1457', 97, 0.4642107561231, 977, np.str_('partition'), 0.1578728663735, np.str_('gini')], cost: -0.6467701196670532
[INFO][file_logger.py:201] n_trials: 13, n_function_calls: 13, config: [np.str_('ranger'), np.str_('impute.mean'), '1457', 48, 0.0995015096896, 1518, np.str_('order'), 0.9408265512327, np.str_('extratrees'), 1], cost: -0.6718690991401672
[INFO][abstract_intensifier.py:630] Added config 95bbcc and rejected config 1daa92 as incumbent because it is not better than the incumbents on 1 instances: 
[INFO][file_logger.py:201] n_trials: 14, n_function_calls: 14, config: [np.str_('ranger'), np.str_('impute.median'), '1457', 46, 0.0319106636488, 517, np.str_('ignore'), 0.6181898886041, np.str_('extratrees'), 57], cost: -0.6001576781272888
[INFO][file_logger.py:201] n_trials: 15, n_function_calls: 15, config: [np.str_('ranger'), np.str_('impute.median'), '1457', 6, 0.5588014694259, 183, np.str_('order'), 0.4763620941334, np.str_('extratrees'), 49], cost: -0.6732211709022522
[INFO][abstract_intensifier.py:630] Added config bf3241 and rejected config 95bbcc as incumbent because it is not better than the incumbents on 1 instances: 
[INFO][file_logger.py:201] n_trials: 16, n_function_calls: 16, config: [np.str_('ranger'), np.str_('impute.median'), '1457', 37, 0.4198759339539, 608, np.str_('ignore'), 0.9088614269464, np.str_('extratrees'), 36], cost: -0.7208502292633057
[INFO][abstract_intensifier.py:630] Added config 7d05e4 and rejected config bf3241 as incumbent because it is not better than the incumbents on 1 instances: 
[INFO][file_logger.py:201] n_trials: 17, n_function_calls: 17, config: [np.str_('ranger'), np.str_('impute.hist'), '1457', 11, 0.8116314725802, 70, np.str_('order'), 0.6403302348951, np.str_('extratrees'), 6], cost: -0.6705594658851624
[INFO][file_logger.py:201] n_trials: 18, n_function_calls: 18, config: [np.str_('ranger'), np.str_('impute.mean'), '1457', 34, 0.5289674539667, 545, np.str_('order'), 0.5363815862388, np.str_('extratrees'), 21], cost: -0.6781675219535828
[INFO][file_logger.py:201] n_trials: 19, n_function_calls: 19, config: [np.str_('ranger'), np.str_('impute.median'), '1457', 32, 0.4577531287156, 744, np.str_('order'), 0.893267860246, np.str_('extratrees'), 2], cost: -0.7118109464645386
[INFO][file_logger.py:201] n_trials: 20, n_function_calls: 20, config: [np.str_('ranger'), np.str_('impute.hist'), '1457', 66, 0.2424100174591, 939, np.str_('ignore'), 0.9974642626209, np.str_('gini')], cost: -0.7632946968078613
[INFO][abstract_intensifier.py:630] Added config e0f88f and rejected config 7d05e4 as incumbent because it is not better than the incumbents on 1 instances: 
[INFO][file_logger.py:201] n_trials: 21, n_function_calls: 21, config: [np.str_('ranger'), np.str_('impute.median'), '1457', 72, 0.0475794730082, 58, np.str_('partition'), 0.9844186054673, np.str_('gini')], cost: -0.6578430533409119
[INFO][file_logger.py:201] n_trials: 22, n_function_calls: 22, config: [np.str_('ranger'), np.str_('impute.mean'), '1457', 63, 0.0839389549372, 321, np.str_('order'), 0.9932411650908, np.str_('gini')], cost: -0.7382389307022095
[INFO][file_logger.py:201] n_trials: 23, n_function_calls: 23, config: [np.str_('ranger'), np.str_('impute.mean'), '1457', 94, 0.4696542129019, 355, np.str_('partition'), 0.9694364429254, np.str_('gini')], cost: -0.719403862953186
[INFO][file_logger.py:201] n_trials: 24, n_function_calls: 24, config: [np.str_('svm'), np.str_('impute.hist'), '1457', 145.3821274346325, np.str_('linear'), 0.0904668551887], cost: -0.7526644468307495
[INFO][file_logger.py:201] n_trials: 25, n_function_calls: 25, config: [np.str_('ranger'), np.str_('impute.median'), '1457', 76, 0.1902052012006, 898, np.str_('ignore'), 0.9864498610272, np.str_('gini')], cost: -0.774899423122406
[INFO][abstract_intensifier.py:630] Added config 462b3b and rejected config e0f88f as incumbent because it is not better than the incumbents on 1 instances: 
[INFO][file_logger.py:201] n_trials: 26, n_function_calls: 26, config: [np.str_('ranger'), np.str_('impute.mean'), '1457', 70, 0.9242297402108, 764, np.str_('order'), 0.98126556125, np.str_('gini')], cost: -0.6621596217155457
[INFO][file_logger.py:201] n_trials: 27, n_function_calls: 27, config: [np.str_('rpart'), np.str_('impute.median'), '1457', 0.0018895814601, 24, 44, 54], cost: -0.2935027778148651
[INFO][file_logger.py:201] n_trials: 28, n_function_calls: 28, config: [np.str_('ranger'), np.str_('impute.mean'), '1457', 60, 0.0271153508571, 1663, np.str_('partition'), 0.9838503053536, np.str_('gini')], cost: -0.7618750929832458
[INFO][file_logger.py:201] n_trials: 29, n_function_calls: 29, config: [np.str_('ranger'), np.str_('impute.hist'), '1457', 45, 0.392379303668, 1889, np.str_('ignore'), 0.7073572085165, np.str_('gini')], cost: -0.7617632150650024
[INFO][file_logger.py:201] n_trials: 30, n_function_calls: 30, config: [np.str_('ranger'), np.str_('impute.hist'), '1457', 79, 0.5518509107032, 650, np.str_('ignore'), 0.9930545659357, np.str_('gini')], cost: -0.7164461016654968
[INFO][file_logger.py:201] n_trials: 31, n_function_calls: 31, config: [np.str_('svm'), np.str_('impute.hist'), '1457', 2.8285220750955, np.str_('polynomial'), 0.0005584746804, 5], cost: -0.03651939705014229
[INFO][file_logger.py:201] n_trials: 32, n_function_calls: 32, config: [np.str_('ranger'), np.str_('impute.median'), '1457', 70, 0.6035217525662, 265, np.str_('ignore'), 0.9894140577202, np.str_('gini')], cost: -0.7101524472236633
[INFO][file_logger.py:201] n_trials: 33, n_function_calls: 33, config: [np.str_('ranger'), np.str_('impute.hist'), '1457', 98, 0.1362999171629, 360, np.str_('ignore'), 0.9867062881154, np.str_('gini')], cost: -0.6962003707885742
[INFO][file_logger.py:201] n_trials: 34, n_function_calls: 34, config: [np.str_('ranger'), np.str_('impute.median'), '1457', 42, 0.1012295387876, 322, np.str_('order'), 0.9999479854752, np.str_('extratrees'), 71], cost: -0.6668478846549988
[INFO][file_logger.py:201] n_trials: 35, n_function_calls: 35, config: [np.str_('ranger'), np.str_('impute.hist'), '1457', 10, 0.0593097842481, 141, np.str_('order'), 0.9914647930341, np.str_('gini')], cost: -0.6789569854736328
[INFO][file_logger.py:201] n_trials: 36, n_function_calls: 36, config: [np.str_('aknn'), np.str_('impute.median'), '1457', 47, np.str_('ip'), 16, 76, 24], cost: -0.020577434450387955
[INFO][file_logger.py:201] n_trials: 37, n_function_calls: 37, config: [np.str_('ranger'), np.str_('impute.hist'), '1457', 47, 0.5345315540344, 410, np.str_('ignore'), 0.493014193904, np.str_('gini')], cost: -0.6932269334793091
[INFO][file_logger.py:201] n_trials: 38, n_function_calls: 38, config: [np.str_('ranger'), np.str_('impute.median'), '1457', 81, 0.438000898657, 1236, np.str_('ignore'), 0.5777063918566, np.str_('gini')], cost: -0.7202482223510742
[INFO][file_logger.py:201] n_trials: 39, n_function_calls: 39, config: [np.str_('aknn'), np.str_('impute.hist'), '1457', 18, np.str_('ip'), 246, 17, 19], cost: -0.019276918843388557
[INFO][file_logger.py:201] n_trials: 40, n_function_calls: 40, config: [np.str_('ranger'), np.str_('impute.median'), '1457', 81, 0.4908404817771, 880, np.str_('order'), 0.8254332185264, np.str_('gini')], cost: -0.7398966550827026
[INFO][file_logger.py:201] n_trials: 41, n_function_calls: 41, config: [np.str_('ranger'), np.str_('impute.median'), '1457', 76, 0.8529176104141, 900, np.str_('ignore'), 0.2041044801345, np.str_('gini')], cost: -0.5931904911994934
[INFO][file_logger.py:201] n_trials: 42, n_function_calls: 42, config: [np.str_('ranger'), np.str_('impute.median'), '1457', 71, 0.2224277342246, 1125, np.str_('ignore'), 0.7673849496347, np.str_('gini')], cost: -0.7680863738059998
[INFO][file_logger.py:201] n_trials: 43, n_function_calls: 43, config: [np.str_('ranger'), np.str_('impute.median'), '1457', 55, 0.5474273016082, 983, np.str_('ignore'), 0.7347261561957, np.str_('gini')], cost: -0.7465279698371887
[INFO][file_logger.py:201] n_trials: 44, n_function_calls: 44, config: [np.str_('rpart'), np.str_('impute.hist'), '1457', 0.0453510110703, 22, 32, 56], cost: -0.0070875524543225765
[INFO][file_logger.py:201] n_trials: 45, n_function_calls: 45, config: [np.str_('xgboost'), np.str_('impute.mean'), '1457', 147.917701537188, np.str_('gblinear'), 0.3688723586605, 77, 0.6542443510863], cost: -0.042287275195121765
[INFO][file_logger.py:201] n_trials: 46, n_function_calls: 46, config: [np.str_('ranger'), np.str_('impute.mean'), '1457', 92, 0.2529446737689, 1553, np.str_('partition'), 0.9862564298883, np.str_('gini')], cost: -0.767557680606842
[INFO][file_logger.py:201] n_trials: 47, n_function_calls: 47, config: [np.str_('ranger'), np.str_('impute.median'), '1457', 94, 0.4097939088008, 1296, np.str_('ignore'), 0.9951180511016, np.str_('gini')], cost: -0.751427948474884
[INFO][file_logger.py:201] n_trials: 48, n_function_calls: 48, config: [np.str_('ranger'), np.str_('impute.median'), '1457', 96, 0.5664924755726, 1045, np.str_('ignore'), 0.9863871782587, np.str_('extratrees'), 48], cost: -0.669630229473114
[INFO][file_logger.py:201] n_trials: 49, n_function_calls: 49, config: [np.str_('ranger'), np.str_('impute.mean'), '1457', 76, 0.0043326556541, 1425, np.str_('partition'), 0.7622584826285, np.str_('gini')], cost: -0.7181206941604614
[INFO][file_logger.py:201] n_trials: 50, n_function_calls: 50, config: [np.str_('ranger'), np.str_('impute.median'), '1457', 76, 0.8376724395093, 1257, np.str_('order'), 0.9915055424965, np.str_('gini')], cost: -0.696497917175293
Solution found: 
(
    TrialInfo(
        config=Configuration(values={
  'learner_id': np.str_('ranger'),
  'num.impute.selected.cpo': np.str_('impute.median'),
  'task_id': '1457',
  'ranger.min.node.size': 76,
  'ranger.mtry.power': 0.1902052012006,
  'ranger.num.trees': 898,
  'ranger.respect.unordered.factors': np.str_('ignore'),
  'ranger.sample.fraction': 0.9864498610272,
  'ranger.splitrule': np.str_('gini'),
}),
        instance=None,
        seed=None,
        budget=None,
        normalized_budget=None,
        name=None,
        checkpoint=None,
        additional_info={}
    ),
    TrialValue(
        cost=-0.774899423122406,
        time=0.0,
        virtual_time=0.0,
        status=<StatusType.SUCCESS: 1>,
        starttime=0.0,
        endtime=0.0,
        additional_info={}
    )
)
==================================================
BENCHMARK SWEEP STEP COMPLETED SUCCESSFULLY!
==================================================
==================================================
Array Task Index 1004 Finished
==================================================
