==================================================
Array Job ID: 7558695 | Task Index: 652
Running arguments: +optimizer=dyrf_epistemic_hpobench optimizer.extractor_name=standard_proximity +task/YAHPO/SO=cfg_rbv2_super_1457 task.optimization_resources.n_trials=50 seed=2 optimizer.telemetry_path=results/telemetry_standard_proximity_cfg_rbv2_super_1457_seed2.json optimizer_id=CARPSDynamicRF optimizer_container_id=CARPSDynamicRF
==================================================
==================================================
Running CARP-S HPOBench Dynamic BO Benchmark Sweep
Using python: python3
==================================================
[[36m2026-07-19 21:25:47,412[0m][[34m/bigwork/nhwpseis/.conda/envs/dyrf/lib/python3.13/site-packages/carps/run.py[0m][[32mINFO[0m] - Runcommand: `python -m carps.run +optimizer=dyrf_epistemic_hpobench optimizer.extractor_name=standard_proximity +task/YAHPO/SO=cfg_rbv2_super_1457 task.optimization_resources.n_trials=50 seed=2 optimizer.telemetry_path=results/telemetry_standard_proximity_cfg_rbv2_super_1457_seed2.json optimizer_id=CARPSDynamicRF optimizer_container_id=CARPSDynamicRF`[0m
{
    'seed': 2,
    'task': {
        '_target_': 'carps.utils.task.Task',
        'name': 'yahpo/so/rbv2_super/1457/None',
        'seed': 2,
        'objective_function': {
            '_target_': 
'carps.objective_functions.yahpo.YahpoObjectiveFunction',
            'bench': 'rbv2_super',
            'instance': '1457',
            'budget_type': None,
            'metric': ['acc'],
            'seed': 2
        },
        'input_space': {
            '_target_': 'carps.utils.task.InputSpace',
            'configuration_space': {
                '_target_': 
'ConfigSpace.configuration_space.ConfigurationSpace.from_serialized_dict',
                '_convert_': 'object',
                'd': {
                    'name': None,
                    'hyperparameters': [
                        {
                            'type': 'categorical',
                            'name': 'learner_id',
                            'choices': [
                                'aknn',
                                'glmnet',
                                'ranger',
                                'rpart',
                                'svm',
                                'xgboost'
                            ],
                            'weights': None,
                            'default_value': 'aknn',
                            'meta': None
                        },
                        {
                            'type': 'categorical',
                            'name': 'num.impute.selected.cpo',
                            'choices': [
                                'impute.mean',
                                'impute.median',
                                'impute.hist'
                            ],
                            'weights': None,
                            'default_value': 'impute.mean',
                            'meta': None
                        },
                        {
                            'type': 'constant',
                            'name': 'task_id',
                            'value': '1457',
                            'meta': None
                        },
                        {
                            'type': 'uniform_int',
                            'name': 'aknn.M',
                            'lower': 18,
                            'upper': 50,
                            'default_value': 34,
                            'log': False,
                            'meta': None
                        },
                        {
                            'type': 'categorical',
                            'name': 'aknn.distance',
                            'choices': ['l2', 'cosine', 'ip'],
                            'weights': None,
                            'default_value': 'l2',
                            'meta': None
                        },
                        {
                            'type': 'uniform_int',
                            'name': 'aknn.ef',
                            'lower': 8,
                            'upper': 256,
                            'default_value': 48,
                            'log': True,
                            'meta': None
                        },
                        {
                            'type': 'uniform_int',
                            'name': 'aknn.ef_construction',
                            'lower': 8,
                            'upper': 512,
                            'default_value': 96,
                            'log': True,
                            'meta': None
                        },
                        {
                            'type': 'uniform_int',
                            'name': 'aknn.k',
                            'lower': 1,
                            'upper': 50,
                            'default_value': 26,
                            'log': False,
                            'meta': None
                        },
                        {
                            'type': 'uniform_float',
                            'name': 'glmnet.alpha',
                            'lower': 0.0,
                            'upper': 1.0,
                            'default_value': 1.0,
                            'log': False,
                            'meta': None
                        },
                        {
                            'type': 'uniform_float',
                            'name': 'glmnet.s',
                            'lower': 0.0009118819656,
                            'upper': 1096.6331584284585,
                            'default_value': 1.0,
                            'log': True,
                            'meta': None
                        },
                        {
                            'type': 'uniform_int',
                            'name': 'ranger.min.node.size',
                            'lower': 1,
                            'upper': 100,
                            'default_value': 50,
                            'log': False,
                            'meta': None
                        },
                        {
                            'type': 'uniform_float',
                            'name': 'ranger.mtry.power',
                            'lower': 0.0,
                            'upper': 1.0,
                            'default_value': 0.0,
                            'log': False,
                            'meta': None
                        },
                        {
                            'type': 'uniform_int',
                            'name': 'ranger.num.trees',
                            'lower': 1,
                            'upper': 2000,
                            'default_value': 1000,
                            'log': False,
                            'meta': None
                        },
                        {
                            'type': 'categorical',
                            'name': 'ranger.respect.unordered.factors',
                            'choices': ['ignore', 'order', 'partition'],
                            'weights': None,
                            'default_value': 'ignore',
                            'meta': None
                        },
                        {
                            'type': 'uniform_float',
                            'name': 'ranger.sample.fraction',
                            'lower': 0.1,
                            'upper': 1.0,
                            'default_value': 0.55,
                            'log': False,
                            'meta': None
                        },
                        {
                            'type': 'categorical',
                            'name': 'ranger.splitrule',
                            'choices': ['gini', 'extratrees'],
                            'weights': None,
                            'default_value': 'gini',
                            'meta': None
                        },
                        {
                            'type': 'uniform_float',
                            'name': 'rpart.cp',
                            'lower': 0.0009118819656,
                            'upper': 1.0,
                            'default_value': 0.01,
                            'log': True,
                            'meta': None
                        },
                        {
                            'type': 'uniform_int',
                            'name': 'rpart.maxdepth',
                            'lower': 1,
                            'upper': 30,
                            'default_value': 30,
                            'log': False,
                            'meta': None
                        },
                        {
                            'type': 'uniform_int',
                            'name': 'rpart.minbucket',
                            'lower': 1,
                            'upper': 100,
                            'default_value': 1,
                            'log': False,
                            'meta': None
                        },
                        {
                            'type': 'uniform_int',
                            'name': 'rpart.minsplit',
                            'lower': 1,
                            'upper': 100,
                            'default_value': 20,
                            'log': False,
                            'meta': None
                        },
                        {
                            'type': 'uniform_float',
                            'name': 'svm.cost',
                            'lower': 4.53999298e-05,
                            'upper': 22026.465794806718,
                            'default_value': 1.0,
                            'log': True,
                            'meta': None
                        },
                        {
                            'type': 'categorical',
                            'name': 'svm.kernel',
                            'choices': ['linear', 'polynomial', 'radial'],
                            'weights': None,
                            'default_value': 'linear',
                            'meta': None
                        },
                        {
                            'type': 'uniform_float',
                            'name': 'svm.tolerance',
                            'lower': 4.53999298e-05,
                            'upper': 2.0,
                            'default_value': 0.009528896,
                            'log': True,
                            'meta': None
                        },
                        {
                            'type': 'uniform_float',
                            'name': 'xgboost.alpha',
                            'lower': 0.0009118819656,
                            'upper': 1096.6331584284585,
                            'default_value': 1.0,
                            'log': True,
                            'meta': None
                        },
                        {
                            'type': 'categorical',
                            'name': 'xgboost.booster',
                            'choices': ['gblinear', 'gbtree', 'dart'],
                            'weights': None,
                            'default_value': 'gblinear',
                            'meta': None
                        },
                        {
                            'type': 'uniform_float',
                            'name': 'xgboost.lambda',
                            'lower': 0.0009118819656,
                            'upper': 1096.6331584284585,
                            'default_value': 1.0,
                            'log': True,
                            'meta': None
                        },
                        {
                            'type': 'uniform_int',
                            'name': 'xgboost.nrounds',
                            'lower': 7,
                            'upper': 2981,
                            'default_value': 144,
                            'log': True,
                            'meta': None
                        },
                        {
                            'type': 'uniform_float',
                            'name': 'xgboost.subsample',
                            'lower': 0.1,
                            'upper': 1.0,
                            'default_value': 0.55,
                            'log': False,
                            'meta': None
                        },
                        {
                            'type': 'uniform_int',
                            'name': 'ranger.num.random.splits',
                            'lower': 1,
                            'upper': 100,
                            'default_value': 1,
                            'log': False,
                            'meta': None
                        },
                        {
                            'type': 'uniform_int',
                            'name': 'svm.degree',
                            'lower': 2,
                            'upper': 5,
                            'default_value': 4,
                            'log': False,
                            'meta': None
                        },
                        {
                            'type': 'uniform_float',
                            'name': 'svm.gamma',
                            'lower': 4.53999298e-05,
                            'upper': 22026.465794806718,
                            'default_value': 1.0,
                            'log': True,
                            'meta': None
                        },
                        {
                            'type': 'uniform_float',
                            'name': 'xgboost.colsample_bylevel',
                            'lower': 0.01,
                            'upper': 1.0,
                            'default_value': 0.505,
                            'log': False,
                            'meta': None
                        },
                        {
                            'type': 'uniform_float',
                            'name': 'xgboost.colsample_bytree',
                            'lower': 0.01,
                            'upper': 1.0,
                            'default_value': 0.505,
                            'log': False,
                            'meta': None
                        },
                        {
                            'type': 'uniform_float',
                            'name': 'xgboost.eta',
                            'lower': 0.0009118819656,
                            'upper': 1.0,
                            'default_value': 0.0301973834,
                            'log': True,
                            'meta': None
                        },
                        {
                            'type': 'uniform_float',
                            'name': 'xgboost.gamma',
                            'lower': 4.53999298e-05,
                            'upper': 7.3890560989306,
                            'default_value': 0.0183156389,
                            'log': True,
                            'meta': None
                        },
                        {
                            'type': 'uniform_int',
                            'name': 'xgboost.max_depth',
                            'lower': 1,
                            'upper': 15,
                            'default_value': 8,
                            'log': False,
                            'meta': None
                        },
                        {
                            'type': 'uniform_float',
                            'name': 'xgboost.min_child_weight',
                            'lower': 2.718281828459,
                            'upper': 148.4131591025766,
                            'default_value': 20.0855369232,
                            'log': True,
                            'meta': None
                        },
                        {
                            'type': 'uniform_float',
                            'name': 'xgboost.rate_drop',
                            'lower': 0.0,
                            'upper': 1.0,
                            'default_value': 0.5,
                            'log': False,
                            'meta': None
                        },
                        {
                            'type': 'uniform_float',
                            'name': 'xgboost.skip_drop',
                            'lower': 0.0,
                            'upper': 1.0,
                            'default_value': 0.5,
                            'log': False,
                            'meta': None
                        }
                    ],
                    'conditions': [
                        {
                            'type': 'EQ',
                            'child': 'aknn.M',
                            'parent': 'learner_id',
                            'value': 'aknn'
                        },
                        {
                            'type': 'EQ',
                            'child': 'aknn.distance',
                            'parent': 'learner_id',
                            'value': 'aknn'
                        },
                        {
                            'type': 'EQ',
                            'child': 'aknn.ef',
                            'parent': 'learner_id',
                            'value': 'aknn'
                        },
                        {
                            'type': 'EQ',
                            'child': 'aknn.ef_construction',
                            'parent': 'learner_id',
                            'value': 'aknn'
                        },
                        {
                            'type': 'EQ',
                            'child': 'aknn.k',
                            'parent': 'learner_id',
                            'value': 'aknn'
                        },
                        {
                            'type': 'EQ',
                            'child': 'glmnet.alpha',
                            'parent': 'learner_id',
                            'value': 'glmnet'
                        },
                        {
                            'type': 'EQ',
                            'child': 'glmnet.s',
                            'parent': 'learner_id',
                            'value': 'glmnet'
                        },
                        {
                            'type': 'EQ',
                            'child': 'ranger.min.node.size',
                            'parent': 'learner_id',
                            'value': 'ranger'
                        },
                        {
                            'type': 'EQ',
                            'child': 'ranger.mtry.power',
                            'parent': 'learner_id',
                            'value': 'ranger'
                        },
                        {
                            'type': 'EQ',
                            'child': 'ranger.num.trees',
                            'parent': 'learner_id',
                            'value': 'ranger'
                        },
                        {
                            'type': 'EQ',
                            'child': 'ranger.respect.unordered.factors',
                            'parent': 'learner_id',
                            'value': 'ranger'
                        },
                        {
                            'type': 'EQ',
                            'child': 'ranger.sample.fraction',
                            'parent': 'learner_id',
                            'value': 'ranger'
                        },
                        {
                            'type': 'EQ',
                            'child': 'ranger.splitrule',
                            'parent': 'learner_id',
                            'value': 'ranger'
                        },
                        {
                            'type': 'EQ',
                            'child': 'rpart.cp',
                            'parent': 'learner_id',
                            'value': 'rpart'
                        },
                        {
                            'type': 'EQ',
                            'child': 'rpart.maxdepth',
                            'parent': 'learner_id',
                            'value': 'rpart'
                        },
                        {
                            'type': 'EQ',
                            'child': 'rpart.minbucket',
                            'parent': 'learner_id',
                            'value': 'rpart'
                        },
                        {
                            'type': 'EQ',
                            'child': 'rpart.minsplit',
                            'parent': 'learner_id',
                            'value': 'rpart'
                        },
                        {
                            'type': 'EQ',
                            'child': 'svm.cost',
                            'parent': 'learner_id',
                            'value': 'svm'
                        },
                        {
                            'type': 'EQ',
                            'child': 'svm.kernel',
                            'parent': 'learner_id',
                            'value': 'svm'
                        },
                        {
                            'type': 'EQ',
                            'child': 'svm.tolerance',
                            'parent': 'learner_id',
                            'value': 'svm'
                        },
                        {
                            'type': 'EQ',
                            'child': 'xgboost.alpha',
                            'parent': 'learner_id',
                            'value': 'xgboost'
                        },
                        {
                            'type': 'EQ',
                            'child': 'xgboost.booster',
                            'parent': 'learner_id',
                            'value': 'xgboost'
                        },
                        {
                            'type': 'EQ',
                            'child': 'xgboost.lambda',
                            'parent': 'learner_id',
                            'value': 'xgboost'
                        },
                        {
                            'type': 'EQ',
                            'child': 'xgboost.nrounds',
                            'parent': 'learner_id',
                            'value': 'xgboost'
                        },
                        {
                            'type': 'EQ',
                            'child': 'xgboost.subsample',
                            'parent': 'learner_id',
                            'value': 'xgboost'
                        },
                        {
                            'type': 'AND',
                            'child': 'ranger.num.random.splits',
                            'conditions': [
                                {
                                    'type': 'EQ',
                                    'child': 'ranger.num.random.splits',
                                    'parent': 'ranger.splitrule',
                                    'value': 'extratrees'
                                },
                                {
                                    'type': 'EQ',
                                    'child': 'ranger.num.random.splits',
                                    'parent': 'learner_id',
                                    'value': 'ranger'
                                }
                            ]
                        },
                        {
                            'type': 'AND',
                            'child': 'svm.degree',
                            'conditions': [
                                {
                                    'type': 'EQ',
                                    'child': 'svm.degree',
                                    'parent': 'svm.kernel',
                                    'value': 'polynomial'
                                },
                                {
                                    'type': 'EQ',
                                    'child': 'svm.degree',
                                    'parent': 'learner_id',
                                    'value': 'svm'
                                }
                            ]
                        },
                        {
                            'type': 'AND',
                            'child': 'svm.gamma',
                            'conditions': [
                                {
                                    'type': 'EQ',
                                    'child': 'svm.gamma',
                                    'parent': 'svm.kernel',
                                    'value': 'radial'
                                },
                                {
                                    'type': 'EQ',
                                    'child': 'svm.gamma',
                                    'parent': 'learner_id',
                                    'value': 'svm'
                                }
                            ]
                        },
                        {
                            'type': 'AND',
                            'child': 'xgboost.colsample_bylevel',
                            'conditions': [
                                {
                                    'type': 'IN',
                                    'child': 'xgboost.colsample_bylevel',
                                    'parent': 'xgboost.booster',
                                    'values': ['dart', 'gbtree']
                                },
                                {
                                    'type': 'EQ',
                                    'child': 'xgboost.colsample_bylevel',
                                    'parent': 'learner_id',
                                    'value': 'xgboost'
                                }
                            ]
                        },
                        {
                            'type': 'AND',
                            'child': 'xgboost.colsample_bytree',
                            'conditions': [
                                {
                                    'type': 'IN',
                                    'child': 'xgboost.colsample_bytree',
                                    'parent': 'xgboost.booster',
                                    'values': ['dart', 'gbtree']
                                },
                                {
                                    'type': 'EQ',
                                    'child': 'xgboost.colsample_bytree',
                                    'parent': 'learner_id',
                                    'value': 'xgboost'
                                }
                            ]
                        },
                        {
                            'type': 'AND',
                            'child': 'xgboost.eta',
                            'conditions': [
                                {
                                    'type': 'IN',
                                    'child': 'xgboost.eta',
                                    'parent': 'xgboost.booster',
                                    'values': ['dart', 'gbtree']
                                },
                                {
                                    'type': 'EQ',
                                    'child': 'xgboost.eta',
                                    'parent': 'learner_id',
                                    'value': 'xgboost'
                                }
                            ]
                        },
                        {
                            'type': 'AND',
                            'child': 'xgboost.gamma',
                            'conditions': [
                                {
                                    'type': 'IN',
                                    'child': 'xgboost.gamma',
                                    'parent': 'xgboost.booster',
                                    'values': ['dart', 'gbtree']
                                },
                                {
                                    'type': 'EQ',
                                    'child': 'xgboost.gamma',
                                    'parent': 'learner_id',
                                    'value': 'xgboost'
                                }
                            ]
                        },
                        {
                            'type': 'AND',
                            'child': 'xgboost.max_depth',
                            'conditions': [
                                {
                                    'type': 'IN',
                                    'child': 'xgboost.max_depth',
                                    'parent': 'xgboost.booster',
                                    'values': ['dart', 'gbtree']
                                },
                                {
                                    'type': 'EQ',
                                    'child': 'xgboost.max_depth',
                                    'parent': 'learner_id',
                                    'value': 'xgboost'
                                }
                            ]
                        },
                        {
                            'type': 'AND',
                            'child': 'xgboost.min_child_weight',
                            'conditions': [
                                {
                                    'type': 'IN',
                                    'child': 'xgboost.min_child_weight',
                                    'parent': 'xgboost.booster',
                                    'values': ['dart', 'gbtree']
                                },
                                {
                                    'type': 'EQ',
                                    'child': 'xgboost.min_child_weight',
                                    'parent': 'learner_id',
                                    'value': 'xgboost'
                                }
                            ]
                        },
                        {
                            'type': 'AND',
                            'child': 'xgboost.rate_drop',
                            'conditions': [
                                {
                                    'type': 'EQ',
                                    'child': 'xgboost.rate_drop',
                                    'parent': 'xgboost.booster',
                                    'value': 'dart'
                                },
                                {
                                    'type': 'EQ',
                                    'child': 'xgboost.rate_drop',
                                    'parent': 'learner_id',
                                    'value': 'xgboost'
                                }
                            ]
                        },
                        {
                            'type': 'AND',
                            'child': 'xgboost.skip_drop',
                            'conditions': [
                                {
                                    'type': 'EQ',
                                    'child': 'xgboost.skip_drop',
                                    'parent': 'xgboost.booster',
                                    'value': 'dart'
                                },
                                {
                                    'type': 'EQ',
                                    'child': 'xgboost.skip_drop',
                                    'parent': 'learner_id',
                                    'value': 'xgboost'
                                }
                            ]
                        }
                    ],
                    'forbiddens': [],
                    'python_module_version': '1.2.0',
                    'format_version': 0.4
                }
            },
            'fidelity_space': {
                '_target_': 'carps.utils.task.FidelitySpace',
                'is_multifidelity': False,
                'fidelity_type': None,
                'min_fidelity': None,
                'max_fidelity': None
            },
            'instance_space': None
        },
        'output_space': {
            '_target_': 'carps.utils.task.OutputSpace',
            'n_objectives': 1,
            'objectives': ['acc']
        },
        'optimization_resources': {
            '_target_': 'carps.utils.task.OptimizationResources',
            'n_trials': 50,
            'time_budget': None,
            'n_workers': 1
        },
        'metadata': {
            '_target_': 'carps.utils.task.TaskMetadata',
            'has_constraints': False,
            'domain': 'ML',
            'objective_function_approximation': 'surrogate',
            'has_virtual_time': False,
            'deterministic': False,
            'dimensions': 38,
            'search_space_n_categoricals': 7,
            'search_space_n_ordinals': 0,
            'search_space_n_integers': 13,
            'search_space_n_floats': 18,
            'search_space_has_conditionals': True,
            'search_space_has_forbiddens': False,
            'search_space_has_priors': False
        }
    },
    'benchmark_id': 'YAHPO',
    'task_id': 'yahpo/so/rbv2_super/1457/None',
    'optimizer': {
        '_target_': 'carps_integration.optimizer.CARPSDynamicRFOptimizer',
        '_partial_': True,
        'extractor_name': 'standard_proximity',
        'n_init': 10,
        'kappa': 1.96,
        'telemetry_path': 
'results/telemetry_standard_proximity_cfg_rbv2_super_1457_seed2.json',
        'window_size': 5,
        'min_samples_leaf_base': 2,
        'min_samples_leaf_min': 1,
        'min_samples_leaf_max': 15,
        'alpha': 1.0,
        'max_features_base': 0.5,
        'max_features_min': 0.1,
        'max_features_max': 0.8,
        'eta': 0.5
    },
    'optimizer_id': 'CARPSDynamicRF',
    'optimizer_container_id': 'CARPSDynamicRF',
    'pyexperimenter_configuration_file_path': None,
    'database_credential_file_path': None,
    'use_special_conda_env': False,
    'conda_env_name': 'carps_YAHPO_CARPSDynamicRF',
    'timestamp': '2026-07-19/21-25-47',
    'baserundir': 'runs',
    'outdir': 'runs/CARPSDynamicRF/YAHPO/yahpo/so/rbv2_super/1457/None/2',
    'loggers': [
        {
            '_target_': 'carps.loggers.file_logger.FileLogger',
            '_partial_': True,
            'overwrite': True
        },
        {
            '_target_': 'carps.loggers.database_logger.DatabaseLogger',
            '_partial_': True
        }
    ]
}
[[36m2026-07-19 21:25:47,483[0m][[34mFileLogger[0m][[32mINFO[0m] - Found previous run. Removing 'runs/CARPSDynamicRF/YAHPO/yahpo/so/rbv2_super/1457/None/2'.[0m
[[36m2026-07-19 21:25:47,906[0m][[34mDatabaseLogger[0m][[32mINFO[0m] - Not logging to database (result processor is None).[0m
Please make sure to also cite:
Binder M., Pfisterer F. & Bischl B. (2020). Collecting Empirical Data About Hyperparameters for Data Driven AutoML. 7th ICML Workshop on Automated Machine Learning.
╭────────────────────── <class 'carps.utils.task.Task'> ───────────────────────╮
│ Task.                                                                        │
│                                                                              │
│ ╭──────────────────────────────────────────────────────────────────────────╮ │
│ │ Task(                                                                    │ │
│ │ │   name='yahpo/so/rbv2_super/1457/None',                                │ │
│ │ │                                                                        │ │
│ │ objective_function=<carps.objective_functions.yahpo.YahpoObjectiveFuncti │ │
│ │ on object at 0x14a252464d70>,                                            │ │
│ │ │   input_space=InputSpace(                                              │ │
│ │ │   │   configuration_space=Configuration space object:                  │ │
│ │   Hyperparameters:                                                       │ │
│ │ │   aknn.M, Type: UniformInteger, Range: [18, 50], Default: 34           │ │
│ │ │   aknn.distance, Type: Categorical, Choices: {l2, cosine, ip},         │ │
│ │ Default: l2                                                              │ │
│ │ │   aknn.ef, Type: UniformInteger, Range: [8, 256], Default: 48, on      │ │
│ │ log-scale                                                                │ │
│ │ │   aknn.ef_construction, Type: UniformInteger, Range: [8, 512],         │ │
│ │ Default: 96, on log-scale                                                │ │
│ │ │   aknn.k, Type: UniformInteger, Range: [1, 50], Default: 26            │ │
│ │ │   glmnet.alpha, Type: UniformFloat, Range: [0.0, 1.0], Default: 1.0    │ │
│ │ │   glmnet.s, Type: UniformFloat, Range: [0.0009118819656,               │ │
│ │ 1096.6331584284585], Default: 1.0, on log-scale                          │ │
│ │ │   learner_id, Type: Categorical, Choices: {aknn, glmnet, ranger,       │ │
│ │ rpart, svm, xgboost}, Default: aknn                                      │ │
│ │ │   num.impute.selected.cpo, Type: Categorical, Choices: {impute.mean,   │ │
│ │ impute.median, impute.hist}, Default: impute.mean                        │ │
│ │ │   ranger.min.node.size, Type: UniformInteger, Range: [1, 100],         │ │
│ │ Default: 50                                                              │ │
│ │ │   ranger.mtry.power, Type: UniformFloat, Range: [0.0, 1.0], Default:   │ │
│ │ 0.0                                                                      │ │
│ │ │   ranger.num.random.splits, Type: UniformInteger, Range: [1, 100],     │ │
│ │ Default: 1                                                               │ │
│ │ │   ranger.num.trees, Type: UniformInteger, Range: [1, 2000], Default:   │ │
│ │ 1000                                                                     │ │
│ │ │   ranger.respect.unordered.factors, Type: Categorical, Choices:        │ │
│ │ {ignore, order, partition}, Default: ignore                              │ │
│ │ │   ranger.sample.fraction, Type: UniformFloat, Range: [0.1, 1.0],       │ │
│ │ Default: 0.55                                                            │ │
│ │ │   ranger.splitrule, Type: Categorical, Choices: {gini, extratrees},    │ │
│ │ Default: gini                                                            │ │
│ │ │   rpart.cp, Type: UniformFloat, Range: [0.0009118819656, 1.0],         │ │
│ │ Default: 0.01, on log-scale                                              │ │
│ │ │   rpart.maxdepth, Type: UniformInteger, Range: [1, 30], Default: 30    │ │
│ │ │   rpart.minbucket, Type: UniformInteger, Range: [1, 100], Default: 1   │ │
│ │ │   rpart.minsplit, Type: UniformInteger, Range: [1, 100], Default: 20   │ │
│ │ │   svm.cost, Type: UniformFloat, Range: [4.53999298e-05,                │ │
│ │ 22026.465794806718], Default: 1.0, on log-scale                          │ │
│ │ │   svm.degree, Type: UniformInteger, Range: [2, 5], Default: 4          │ │
│ │ │   svm.gamma, Type: UniformFloat, Range: [4.53999298e-05,               │ │
│ │ 22026.465794806718], Default: 1.0, on log-scale                          │ │
│ │ │   svm.kernel, Type: Categorical, Choices: {linear, polynomial,         │ │
│ │ radial}, Default: linear                                                 │ │
│ │ │   svm.tolerance, Type: UniformFloat, Range: [4.53999298e-05, 2.0],     │ │
│ │ Default: 0.009528896, on log-scale                                       │ │
│ │ │   task_id, Type: Constant, Value: 1457                                 │ │
│ │ │   xgboost.alpha, Type: UniformFloat, Range: [0.0009118819656,          │ │
│ │ 1096.6331584284585], Default: 1.0, on log-scale                          │ │
│ │ │   xgboost.booster, Type: Categorical, Choices: {gblinear, gbtree,      │ │
│ │ dart}, Default: gblinear                                                 │ │
│ │ │   xgboost.colsample_bylevel, Type: UniformFloat, Range: [0.01, 1.0],   │ │
│ │ Default: 0.505                                                           │ │
│ │ │   xgboost.colsample_bytree, Type: UniformFloat, Range: [0.01, 1.0],    │ │
│ │ Default: 0.505                                                           │ │
│ │ │   xgboost.eta, Type: UniformFloat, Range: [0.0009118819656, 1.0],      │ │
│ │ Default: 0.0301973834, on log-scale                                      │ │
│ │ │   xgboost.gamma, Type: UniformFloat, Range: [4.53999298e-05,           │ │
│ │ 7.3890560989306], Default: 0.0183156389, on log-scale                    │ │
│ │ │   xgboost.lambda, Type: UniformFloat, Range: [0.0009118819656,         │ │
│ │ 1096.6331584284585], Default: 1.0, on log-scale                          │ │
│ │ │   xgboost.max_depth, Type: UniformInteger, Range: [1, 15], Default: 8  │ │
│ │ │   xgboost.min_child_weight, Type: UniformFloat, Range:                 │ │
│ │ [2.718281828459, 148.4131591025766], Default: 20.0855369232, on          │ │
│ │ log-scale                                                                │ │
│ │ │   xgboost.nrounds, Type: UniformInteger, Range: [7, 2981], Default:    │ │
│ │ 144, on log-scale                                                        │ │
│ │ │   xgboost.rate_drop, Type: UniformFloat, Range: [0.0, 1.0], Default:   │ │
│ │ 0.5                                                                      │ │
│ │ │   xgboost.skip_drop, Type: UniformFloat, Range: [0.0, 1.0], Default:   │ │
│ │ 0.5                                                                      │ │
│ │ │   xgboost.subsample, Type: UniformFloat, Range: [0.1, 1.0], Default:   │ │
│ │ 0.55                                                                     │ │
│ │   Conditions:                                                            │ │
│ │ │   (ranger.num.random.splits | ranger.splitrule == 'extratrees' &&      │ │
│ │ ranger.num.random.splits | learner_id == 'ranger')                       │ │
│ │ │   (svm.degree | svm.kernel == 'polynomial' && svm.degree | learner_id  │ │
│ │ == 'svm')                                                                │ │
│ │ │   (svm.gamma | svm.kernel == 'radial' && svm.gamma | learner_id ==     │ │
│ │ 'svm')                                                                   │ │
│ │ │   (xgboost.colsample_bylevel | xgboost.booster in {'dart', 'gbtree'}   │ │
│ │ && xgboost.colsample_bylevel | learner_id == 'xgboost')                  │ │
│ │ │   (xgboost.colsample_bytree | xgboost.booster in {'dart', 'gbtree'} && │ │
│ │ xgboost.colsample_bytree | learner_id == 'xgboost')                      │ │
│ │ │   (xgboost.eta | xgboost.booster in {'dart', 'gbtree'} && xgboost.eta  │ │
│ │ | learner_id == 'xgboost')                                               │ │
│ │ │   (xgboost.gamma | xgboost.booster in {'dart', 'gbtree'} &&            │ │
│ │ xgboost.gamma | learner_id == 'xgboost')                                 │ │
│ │ │   (xgboost.max_depth | xgboost.booster in {'dart', 'gbtree'} &&        │ │
│ │ xgboost.max_depth | learner_id == 'xgboost')                             │ │
│ │ │   (xgboost.min_child_weight | xgboost.booster in {'dart', 'gbtree'} && │ │
│ │ xgboost.min_child_weight | learner_id == 'xgboost')                      │ │
│ │ │   (xgboost.rate_drop | xgboost.booster == 'dart' && xgboost.rate_drop  │ │
│ │ | learner_id == 'xgboost')                                               │ │
│ │ │   (xgboost.skip_drop | xgboost.booster == 'dart' && xgboost.skip_drop  │ │
│ │ | learner_id == 'xgboost')                                               │ │
│ │ │   aknn.M | learner_id == 'aknn'                                        │ │
│ │ │   aknn.distance | learner_id == 'aknn'                                 │ │
│ │ │   aknn.ef | learner_id == 'aknn'                                       │ │
│ │ │   aknn.ef_construction | learner_id == 'aknn'                          │ │
│ │ │   aknn.k | learner_id == 'aknn'                                        │ │
│ │ │   glmnet.alpha | learner_id == 'glmnet'                                │ │
│ │ │   glmnet.s | learner_id == 'glmnet'                                    │ │
│ │ │   ranger.min.node.size | learner_id == 'ranger'                        │ │
│ │ │   ranger.mtry.power | learner_id == 'ranger'                           │ │
│ │ │   ranger.num.trees | learner_id == 'ranger'                            │ │
│ │ │   ranger.respect.unordered.factors | learner_id == 'ranger'            │ │
│ │ │   ranger.sample.fraction | learner_id == 'ranger'                      │ │
│ │ │   ranger.splitrule | learner_id == 'ranger'                            │ │
│ │ │   rpart.cp | learner_id == 'rpart'                                     │ │
│ │ │   rpart.maxdepth | learner_id == 'rpart'                               │ │
│ │ │   rpart.minbucket | learner_id == 'rpart'                              │ │
│ │ │   rpart.minsplit | learner_id == 'rpart'                               │ │
│ │ │   svm.cost | learner_id == 'svm'                                       │ │
│ │ │   svm.kernel | learner_id == 'svm'                                     │ │
│ │ │   svm.tolerance | learner_id == 'svm'                                  │ │
│ │ │   xgboost.alpha | learner_id == 'xgboost'                              │ │
│ │ │   xgboost.booster | learner_id == 'xgboost'                            │ │
│ │ │   xgboost.lambda | learner_id == 'xgboost'                             │ │
│ │ │   xgboost.nrounds | learner_id == 'xgboost'                            │ │
│ │ │   xgboost.subsample | learner_id == 'xgboost'                          │ │
│ │ ,                                                                        │ │
│ │ │   │   fidelity_space=FidelitySpace(                                    │ │
│ │ │   │   │   is_multifidelity=False,                                      │ │
│ │ │   │   │   fidelity_type=None,                                          │ │
│ │ │   │   │   min_fidelity=None,                                           │ │
│ │ │   │   │   max_fidelity=None                                            │ │
│ │ │   │   ),                                                               │ │
│ │ │   │   instance_space=None                                              │ │
│ │ │   ),                                                                   │ │
│ │ │   output_space=OutputSpace(n_objectives=1, objectives=['acc']),        │ │
│ │ │   optimization_resources=OptimizationResources(                        │ │
│ │ │   │   n_trials=50,                                                     │ │
│ │ │   │   time_budget=None,                                                │ │
│ │ │   │   n_workers=1                                                      │ │
│ │ │   ),                                                                   │ │
│ │ │   metadata=TaskMetadata(                                               │ │
│ │ │   │   has_constraints=False,                                           │ │
│ │ │   │   domain='ML',                                                     │ │
│ │ │   │   objective_function_approximation='surrogate',                    │ │
│ │ │   │   has_virtual_time=False,                                          │ │
│ │ │   │   deterministic=False,                                             │ │
│ │ │   │   dimensions=38,                                                   │ │
│ │ │   │   search_space_n_categoricals=7,                                   │ │
│ │ │   │   search_space_n_ordinals=0,                                       │ │
│ │ │   │   search_space_n_integers=13,                                      │ │
│ │ │   │   search_space_n_floats=18,                                        │ │
│ │ │   │   search_space_has_conditionals=True,                              │ │
│ │ │   │   search_space_has_forbiddens=False,                               │ │
│ │ │   │   search_space_has_priors=False                                    │ │
│ │ │   ),                                                                   │ │
│ │ │   seed=2                                                               │ │
│ │ )                                                                        │ │
│ ╰──────────────────────────────────────────────────────────────────────────╯ │
│                                                                              │
│            input_space = InputSpace(                                         │
│                              configuration_space=Configuration space object: │
│                            Hyperparameters:                                  │
│                              aknn.M, Type: UniformInteger, Range: [18, 50],  │
│                          Default: 34                                         │
│                              aknn.distance, Type: Categorical, Choices: {l2, │
│                          cosine, ip}, Default: l2                            │
│                              aknn.ef, Type: UniformInteger, Range: [8, 256], │
│                          Default: 48, on log-scale                           │
│                              aknn.ef_construction, Type: UniformInteger,     │
│                          Range: [8, 512], Default: 96, on log-scale          │
│                              aknn.k, Type: UniformInteger, Range: [1, 50],   │
│                          Default: 26                                         │
│                              glmnet.alpha, Type: UniformFloat, Range: [0.0,  │
│                          1.0], Default: 1.0                                  │
│                              glmnet.s, Type: UniformFloat, Range:            │
│                          [0.0009118819656, 1096.6331584284585], Default:     │
│                          1.0, on log-scale                                   │
│                              learner_id, Type: Categorical, Choices: {aknn,  │
│                          glmnet, ranger, rpart, svm, xgboost}, Default: aknn │
│                              num.impute.selected.cpo, Type: Categorical,     │
│                          Choices: {impute.mean, impute.median, impute.hist}, │
│                          Default: impute.mean                                │
│                              ranger.min.node.size, Type: UniformInteger,     │
│                          Range: [1, 100], Default: 50                        │
│                              ranger.mtry.power, Type: UniformFloat, Range:   │
│                          [0.0, 1.0], Default: 0.0                            │
│                              ranger.num.random.splits, Type: UniformInteger, │
│                          Range: [1, 100], Default: 1                         │
│                              ranger.num.trees, Type: UniformInteger, Range:  │
│                          [1, 2000], Default: 1000                            │
│                              ranger.respect.unordered.factors, Type:         │
│                          Categorical, Choices: {ignore, order, partition},   │
│                          Default: ignore                                     │
│                              ranger.sample.fraction, Type: UniformFloat,     │
│                          Range: [0.1, 1.0], Default: 0.55                    │
│                              ranger.splitrule, Type: Categorical, Choices:   │
│                          {gini, extratrees}, Default: gini                   │
│                              rpart.cp, Type: UniformFloat, Range:            │
│                          [0.0009118819656, 1.0], Default: 0.01, on log-scale │
│                              rpart.maxdepth, Type: UniformInteger, Range:    │
│                          [1, 30], Default: 30                                │
│                              rpart.minbucket, Type: UniformInteger, Range:   │
│                          [1, 100], Default: 1                                │
│                              rpart.minsplit, Type: UniformInteger, Range:    │
│                          [1, 100], Default: 20                               │
│                              svm.cost, Type: UniformFloat, Range:            │
│                          [4.53999298e-05, 22026.465794806718], Default: 1.0, │
│                          on log-scale                                        │
│                              svm.degree, Type: UniformInteger, Range: [2,    │
│                          5], Default: 4                                      │
│                              svm.gamma, Type: UniformFloat, Range:           │
│                          [4.53999298e-05, 22026.465794806718], Default: 1.0, │
│                          on log-scale                                        │
│                              svm.kernel, Type: Categorical, Choices:         │
│                          {linear, polynomial, radial}, Default: linear       │
│                              svm.tolerance, Type: UniformFloat, Range:       │
│                          [4.53999298e-05, 2.0], Default: 0.009528896, on     │
│                          log-scale                                           │
│                              task_id, Type: Constant, Value: 1457            │
│                              xgboost.alpha, Type: UniformFloat, Range:       │
│                          [0.0009118819656, 1096.6331584284585], Default:     │
│                          1.0, on log-scale                                   │
│                              xgboost.booster, Type: Categorical, Choices:    │
│                          {gblinear, gbtree, dart}, Default: gblinear         │
│                              xgboost.colsample_bylevel, Type: UniformFloat,  │
│                          Range: [0.01, 1.0], Default: 0.505                  │
│                              xgboost.colsample_bytree, Type: UniformFloat,   │
│                          Range: [0.01, 1.0], Default: 0.505                  │
│                              xgboost.eta, Type: UniformFloat, Range:         │
│                          [0.0009118819656, 1.0], Default: 0.0301973834, on   │
│                          log-scale                                           │
│                              xgboost.gamma, Type: UniformFloat, Range:       │
│                          [4.53999298e-05, 7.3890560989306], Default:         │
│                          0.0183156389, on log-scale                          │
│                              xgboost.lambda, Type: UniformFloat, Range:      │
│                          [0.0009118819656, 1096.6331584284585], Default:     │
│                          1.0, on log-scale                                   │
│                              xgboost.max_depth, Type: UniformInteger, Range: │
│                          [1, 15], Default: 8                                 │
│                              xgboost.min_child_weight, Type: UniformFloat,   │
│                          Range: [2.718281828459, 148.4131591025766],         │
│                          Default: 20.0855369232, on log-scale                │
│                              xgboost.nrounds, Type: UniformInteger, Range:   │
│                          [7, 2981], Default: 144, on log-scale               │
│                              xgboost.rate_drop, Type: UniformFloat, Range:   │
│                          [0.0, 1.0], Default: 0.5                            │
│                              xgboost.skip_drop, Type: UniformFloat, Range:   │
│                          [0.0, 1.0], Default: 0.5                            │
│                              xgboost.subsample, Type: UniformFloat, Range:   │
│                          [0.1, 1.0], Default: 0.55                           │
│                            Conditions:                                       │
│                              (ranger.num.random.splits | ranger.splitrule == │
│                          'extratrees' && ranger.num.random.splits |          │
│                          learner_id == 'ranger')                             │
│                              (svm.degree | svm.kernel == 'polynomial' &&     │
│                          svm.degree | learner_id == 'svm')                   │
│                              (svm.gamma | svm.kernel == 'radial' &&          │
│                          svm.gamma | learner_id == 'svm')                    │
│                              (xgboost.colsample_bylevel | xgboost.booster in │
│                          {'dart', 'gbtree'} && xgboost.colsample_bylevel |   │
│                          learner_id == 'xgboost')                            │
│                              (xgboost.colsample_bytree | xgboost.booster in  │
│                          {'dart', 'gbtree'} && xgboost.colsample_bytree |    │
│                          learner_id == 'xgboost')                            │
│                              (xgboost.eta | xgboost.booster in {'dart',      │
│                          'gbtree'} && xgboost.eta | learner_id == 'xgboost') │
│                              (xgboost.gamma | xgboost.booster in {'dart',    │
│                          'gbtree'} && xgboost.gamma | learner_id ==          │
│                          'xgboost')                                          │
│                              (xgboost.max_depth | xgboost.booster in         │
│                          {'dart', 'gbtree'} && xgboost.max_depth |           │
│                          learner_id == 'xgboost')                            │
│                              (xgboost.min_child_weight | xgboost.booster in  │
│                          {'dart', 'gbtree'} && xgboost.min_child_weight |    │
│                          learner_id == 'xgboost')                            │
│                              (xgboost.rate_drop | xgboost.booster == 'dart'  │
│                          && xgboost.rate_drop | learner_id == 'xgboost')     │
│                              (xgboost.skip_drop | xgboost.booster == 'dart'  │
│                          && xgboost.skip_drop | learner_id == 'xgboost')     │
│                              aknn.M | learner_id == 'aknn'                   │
│                              aknn.distance | learner_id == 'aknn'            │
│                              aknn.ef | learner_id == 'aknn'                  │
│                              aknn.ef_construction | learner_id == 'aknn'     │
│                              aknn.k | learner_id == 'aknn'                   │
│                              glmnet.alpha | learner_id == 'glmnet'           │
│                              glmnet.s | learner_id == 'glmnet'               │
│                              ranger.min.node.size | learner_id == 'ranger'   │
│                              ranger.mtry.power | learner_id == 'ranger'      │
│                              ranger.num.trees | learner_id == 'ranger'       │
│                              ranger.respect.unordered.factors | learner_id   │
│                          == 'ranger'                                         │
│                              ranger.sample.fraction | learner_id == 'ranger' │
│                              ranger.splitrule | learner_id == 'ranger'       │
│                              rpart.cp | learner_id == 'rpart'                │
│                              rpart.maxdepth | learner_id == 'rpart'          │
│                              rpart.minbucket | learner_id == 'rpart'         │
│                              rpart.minsplit | learner_id == 'rpart'          │
│                              svm.cost | learner_id == 'svm'                  │
│                              svm.kernel | learner_id == 'svm'                │
│                              svm.tolerance | learner_id == 'svm'             │
│                              xgboost.alpha | learner_id == 'xgboost'         │
│                              xgboost.booster | learner_id == 'xgboost'       │
│                              xgboost.lambda | learner_id == 'xgboost'        │
│                              xgboost.nrounds | learner_id == 'xgboost'       │
│                              xgboost.subsample | learner_id == 'xgboost'     │
│                          ,                                                   │
│                              fidelity_space=FidelitySpace(                   │
│                                  is_multifidelity=False,                     │
│                                  fidelity_type=None,                         │
│                                  min_fidelity=None,                          │
│                                  max_fidelity=None                           │
│                              ),                                              │
│                              instance_space=None                             │
│                          )                                                   │
│               metadata = TaskMetadata(                                       │
│                              has_constraints=False,                          │
│                              domain='ML',                                    │
│                              objective_function_approximation='surrogate',   │
│                              has_virtual_time=False,                         │
│                              deterministic=False,                            │
│                              dimensions=38,                                  │
│                              search_space_n_categoricals=7,                  │
│                              search_space_n_ordinals=0,                      │
│                              search_space_n_integers=13,                     │
│                              search_space_n_floats=18,                       │
│                              search_space_has_conditionals=True,             │
│                              search_space_has_forbiddens=False,              │
│                              search_space_has_priors=False                   │
│                          )                                                   │
│                   name = 'yahpo/so/rbv2_super/1457/None'                     │
│     objective_function = <carps.objective_functions.yahpo.YahpoObjectiveFun… │
│                          object at 0x14a252464d70>                           │
│ optimization_resources = OptimizationResources(                              │
│                              n_trials=50,                                    │
│                              time_budget=None,                               │
│                              n_workers=1                                     │
│                          )                                                   │
│           output_space = OutputSpace(n_objectives=1, objectives=['acc'])     │
│                   seed = 2                                                   │
╰──────────────────────────────────────────────────────────────────────────────╯
╭─────── <class 'carps_integration.optimizer.CARPSDynamicRFOptimizer'> ────────╮
│ CARP-S compatible Bayesian Optimization optimizer wrapper that uses          │
│ Dynamic RF surrogate models with Extensible Epistemic UQ Extractors.         │
│                                                                              │
│ ╭──────────────────────────────────────────────────────────────────────────╮ │
│ │ <carps_integration.optimizer.CARPSDynamicRFOptimizer object at           │ │
│ │ 0x14a2521c9550>                                                          │ │
│ ╰──────────────────────────────────────────────────────────────────────────╯ │
│                                                                              │
│                        alpha = 1.0                                           │
│                  configspace = Configuration space object:                   │
│                                  Hyperparameters:                            │
│                                    aknn.M, Type: UniformInteger, Range: [18, │
│                                50], Default: 34                              │
│                                    aknn.distance, Type: Categorical,         │
│                                Choices: {l2, cosine, ip}, Default: l2        │
│                                    aknn.ef, Type: UniformInteger, Range: [8, │
│                                256], Default: 48, on log-scale               │
│                                    aknn.ef_construction, Type:               │
│                                UniformInteger, Range: [8, 512], Default: 96, │
│                                on log-scale                                  │
│                                    aknn.k, Type: UniformInteger, Range: [1,  │
│                                50], Default: 26                              │
│                                    glmnet.alpha, Type: UniformFloat, Range:  │
│                                [0.0, 1.0], Default: 1.0                      │
│                                    glmnet.s, Type: UniformFloat, Range:      │
│                                [0.0009118819656, 1096.6331584284585],        │
│                                Default: 1.0, on log-scale                    │
│                                    learner_id, Type: Categorical, Choices:   │
│                                {aknn, glmnet, ranger, rpart, svm, xgboost},  │
│                                Default: aknn                                 │
│                                    num.impute.selected.cpo, Type:            │
│                                Categorical, Choices: {impute.mean,           │
│                                impute.median, impute.hist}, Default:         │
│                                impute.mean                                   │
│                                    ranger.min.node.size, Type:               │
│                                UniformInteger, Range: [1, 100], Default: 50  │
│                                    ranger.mtry.power, Type: UniformFloat,    │
│                                Range: [0.0, 1.0], Default: 0.0               │
│                                    ranger.num.random.splits, Type:           │
│                                UniformInteger, Range: [1, 100], Default: 1   │
│                                    ranger.num.trees, Type: UniformInteger,   │
│                                Range: [1, 2000], Default: 1000               │
│                                    ranger.respect.unordered.factors, Type:   │
│                                Categorical, Choices: {ignore, order,         │
│                                partition}, Default: ignore                   │
│                                    ranger.sample.fraction, Type:             │
│                                UniformFloat, Range: [0.1, 1.0], Default:     │
│                                0.55                                          │
│                                    ranger.splitrule, Type: Categorical,      │
│                                Choices: {gini, extratrees}, Default: gini    │
│                                    rpart.cp, Type: UniformFloat, Range:      │
│                                [0.0009118819656, 1.0], Default: 0.01, on     │
│                                log-scale                                     │
│                                    rpart.maxdepth, Type: UniformInteger,     │
│                                Range: [1, 30], Default: 30                   │
│                                    rpart.minbucket, Type: UniformInteger,    │
│                                Range: [1, 100], Default: 1                   │
│                                    rpart.minsplit, Type: UniformInteger,     │
│                                Range: [1, 100], Default: 20                  │
│                                    svm.cost, Type: UniformFloat, Range:      │
│                                [4.53999298e-05, 22026.465794806718],         │
│                                Default: 1.0, on log-scale                    │
│                                    svm.degree, Type: UniformInteger, Range:  │
│                                [2, 5], Default: 4                            │
│                                    svm.gamma, Type: UniformFloat, Range:     │
│                                [4.53999298e-05, 22026.465794806718],         │
│                                Default: 1.0, on log-scale                    │
│                                    svm.kernel, Type: Categorical, Choices:   │
│                                {linear, polynomial, radial}, Default: linear │
│                                    svm.tolerance, Type: UniformFloat, Range: │
│                                [4.53999298e-05, 2.0], Default: 0.009528896,  │
│                                on log-scale                                  │
│                                    task_id, Type: Constant, Value: 1457      │
│                                    xgboost.alpha, Type: UniformFloat, Range: │
│                                [0.0009118819656, 1096.6331584284585],        │
│                                Default: 1.0, on log-scale                    │
│                                    xgboost.booster, Type: Categorical,       │
│                                Choices: {gblinear, gbtree, dart}, Default:   │
│                                gblinear                                      │
│                                    xgboost.colsample_bylevel, Type:          │
│                                UniformFloat, Range: [0.01, 1.0], Default:    │
│                                0.505                                         │
│                                    xgboost.colsample_bytree, Type:           │
│                                UniformFloat, Range: [0.01, 1.0], Default:    │
│                                0.505                                         │
│                                    xgboost.eta, Type: UniformFloat, Range:   │
│                                [0.0009118819656, 1.0], Default:              │
│                                0.0301973834, on log-scale                    │
│                                    xgboost.gamma, Type: UniformFloat, Range: │
│                                [4.53999298e-05, 7.3890560989306], Default:   │
│                                0.0183156389, on log-scale                    │
│                                    xgboost.lambda, Type: UniformFloat,       │
│                                Range: [0.0009118819656, 1096.6331584284585], │
│                                Default: 1.0, on log-scale                    │
│                                    xgboost.max_depth, Type: UniformInteger,  │
│                                Range: [1, 15], Default: 8                    │
│                                    xgboost.min_child_weight, Type:           │
│                                UniformFloat, Range: [2.718281828459,         │
│                                148.4131591025766], Default: 20.0855369232,   │
│                                on log-scale                                  │
│                                    xgboost.nrounds, Type: UniformInteger,    │
│                                Range: [7, 2981], Default: 144, on log-scale  │
│                                    xgboost.rate_drop, Type: UniformFloat,    │
│                                Range: [0.0, 1.0], Default: 0.5               │
│                                    xgboost.skip_drop, Type: UniformFloat,    │
│                                Range: [0.0, 1.0], Default: 0.5               │
│                                    xgboost.subsample, Type: UniformFloat,    │
│                                Range: [0.1, 1.0], Default: 0.55              │
│                                  Conditions:                                 │
│                                    (ranger.num.random.splits |               │
│                                ranger.splitrule == 'extratrees' &&           │
│                                ranger.num.random.splits | learner_id ==      │
│                                'ranger')                                     │
│                                    (svm.degree | svm.kernel == 'polynomial'  │
│                                && svm.degree | learner_id == 'svm')          │
│                                    (svm.gamma | svm.kernel == 'radial' &&    │
│                                svm.gamma | learner_id == 'svm')              │
│                                    (xgboost.colsample_bylevel |              │
│                                xgboost.booster in {'dart', 'gbtree'} &&      │
│                                xgboost.colsample_bylevel | learner_id ==     │
│                                'xgboost')                                    │
│                                    (xgboost.colsample_bytree |               │
│                                xgboost.booster in {'dart', 'gbtree'} &&      │
│                                xgboost.colsample_bytree | learner_id ==      │
│                                'xgboost')                                    │
│                                    (xgboost.eta | xgboost.booster in         │
│                                {'dart', 'gbtree'} && xgboost.eta |           │
│                                learner_id == 'xgboost')                      │
│                                    (xgboost.gamma | xgboost.booster in       │
│                                {'dart', 'gbtree'} && xgboost.gamma |         │
│                                learner_id == 'xgboost')                      │
│                                    (xgboost.max_depth | xgboost.booster in   │
│                                {'dart', 'gbtree'} && xgboost.max_depth |     │
│                                learner_id == 'xgboost')                      │
│                                    (xgboost.min_child_weight |               │
│                                xgboost.booster in {'dart', 'gbtree'} &&      │
│                                xgboost.min_child_weight | learner_id ==      │
│                                'xgboost')                                    │
│                                    (xgboost.rate_drop | xgboost.booster ==   │
│                                'dart' && xgboost.rate_drop | learner_id ==   │
│                                'xgboost')                                    │
│                                    (xgboost.skip_drop | xgboost.booster ==   │
│                                'dart' && xgboost.skip_drop | learner_id ==   │
│                                'xgboost')                                    │
│                                    aknn.M | learner_id == 'aknn'             │
│                                    aknn.distance | learner_id == 'aknn'      │
│                                    aknn.ef | learner_id == 'aknn'            │
│                                    aknn.ef_construction | learner_id ==      │
│                                'aknn'                                        │
│                                    aknn.k | learner_id == 'aknn'             │
│                                    glmnet.alpha | learner_id == 'glmnet'     │
│                                    glmnet.s | learner_id == 'glmnet'         │
│                                    ranger.min.node.size | learner_id ==      │
│                                'ranger'                                      │
│                                    ranger.mtry.power | learner_id ==         │
│                                'ranger'                                      │
│                                    ranger.num.trees | learner_id == 'ranger' │
│                                    ranger.respect.unordered.factors |        │
│                                learner_id == 'ranger'                        │
│                                    ranger.sample.fraction | learner_id ==    │
│                                'ranger'                                      │
│                                    ranger.splitrule | learner_id == 'ranger' │
│                                    rpart.cp | learner_id == 'rpart'          │
│                                    rpart.maxdepth | learner_id == 'rpart'    │
│                                    rpart.minbucket | learner_id == 'rpart'   │
│                                    rpart.minsplit | learner_id == 'rpart'    │
│                                    svm.cost | learner_id == 'svm'            │
│                                    svm.kernel | learner_id == 'svm'          │
│                                    svm.tolerance | learner_id == 'svm'       │
│                                    xgboost.alpha | learner_id == 'xgboost'   │
│                                    xgboost.booster | learner_id == 'xgboost' │
│                                    xgboost.lambda | learner_id == 'xgboost'  │
│                                    xgboost.nrounds | learner_id == 'xgboost' │
│                                    xgboost.subsample | learner_id ==         │
│                                'xgboost'                                     │
│                                                                              │
│                          eta = 0.5                                           │
│           expects_fidelities = False                                         │
│  expects_multiple_objectives = False                                         │
│             extractor_kwargs = {}                                            │
│               extractor_name = 'standard_proximity'                          │
│             fidelity_enabled = False                                         │
│                      history = []                                            │
│                        kappa = 1.96                                          │
│                      loggers = [<carps.loggers.file_logger.FileLogger object │
│                                at 0x14a252464980>,                           │
│                                <carps.loggers.database_logger.DatabaseLogger │
│                                object at 0x14a2524641a0>]                    │
│            max_features_base = 0.5                                           │
│             max_features_max = 0.8                                           │
│             max_features_min = 0.1                                           │
│        min_samples_leaf_base = 2                                             │
│         min_samples_leaf_max = 15                                            │
│         min_samples_leaf_min = 1                                             │
│                       n_init = 10                                            │
│                    rf_kwargs = {}                                            │
│                       solver = None                                          │
│                    surrogate = None                                          │
│                         task = Task(                                         │
│                                    name='yahpo/so/rbv2_super/1457/None',     │
│                                    objective_function=<carps.objective_func… │
│                                object at 0x14a252464d70>,                    │
│                                    input_space=InputSpace(                   │
│                                        configuration_space=Configuration     │
│                                space object:                                 │
│                                  Hyperparameters:                            │
│                                    aknn.M, Type: UniformInteger, Range: [18, │
│                                50], Default: 34                              │
│                                    aknn.distance, Type: Categorical,         │
│                                Choices: {l2, cosine, ip}, Default: l2        │
│                                    aknn.ef, Type: UniformInteger, Range: [8, │
│                                256], Default: 48, on log-scale               │
│                                    aknn.ef_construction, Type:               │
│                                UniformInteger, Range: [8, 512], Default: 96, │
│                                on log-scale                                  │
│                                    aknn.k, Type: UniformInteger, Range: [1,  │
│                                50], Default: 26                              │
│                                    glmnet.alpha, Type: UniformFloat, Range:  │
│                                [0.0, 1.0], Default: 1.0                      │
│                                    glmnet.s, Type: UniformFloat, Range:      │
│                                [0.0009118819656, 1096.6331584284585],        │
│                                Default: 1.0, on log-scale                    │
│                                    learner_id, Type: Categorical, Choices:   │
│                                {aknn, glmnet, ranger, rpart, svm, xgboost},  │
│                                Default: aknn                                 │
│                                    num.impute.selected.cpo, Type:            │
│                                Categorical, Choices: {impute.mean,           │
│                                impute.median, impute.hist}, Default:         │
│                                impute.mean                                   │
│                                    ranger.min.node.size, Type:               │
│                                UniformInteger, Range: [1, 100], Default: 50  │
│                                    ranger.mtry.power, Type: UniformFloat,    │
│                                Range: [0.0, 1.0], Default: 0.0               │
│                                    ranger.num.random.splits, Type:           │
│                                UniformInteger, Range: [1, 100], Default: 1   │
│                                    ranger.num.trees, Type: UniformInteger,   │
│                                Range: [1, 2000], Default: 1000               │
│                                    ranger.respect.unordered.factors, Type:   │
│                                Categorical, Choices: {ignore, order,         │
│                                partition}, Default: ignore                   │
│                                    ranger.sample.fraction, Type:             │
│                                UniformFloat, Range: [0.1, 1.0], Default:     │
│                                0.55                                          │
│                                    ranger.splitrule, Type: Categorical,      │
│                                Choices: {gini, extratrees}, Default: gini    │
│                                    rpart.cp, Type: UniformFloat, Range:      │
│                                [0.0009118819656, 1.0], Default: 0.01, on     │
│                                log-scale                                     │
│                                    rpart.maxdepth, Type: UniformInteger,     │
│                                Range: [1, 30], Default: 30                   │
│                                    rpart.minbucket, Type: UniformInteger,    │
│                                Range: [1, 100], Default: 1                   │
│                                    rpart.minsplit, Type: UniformInteger,     │
│                                Range: [1, 100], Default: 20                  │
│                                    svm.cost, Type: UniformFloat, Range:      │
│                                [4.53999298e-05, 22026.465794806718],         │
│                                Default: 1.0, on log-scale                    │
│                                    svm.degree, Type: UniformInteger, Range:  │
│                                [2, 5], Default: 4                            │
│                                    svm.gamma, Type: UniformFloat, Range:     │
│                                [4.53999298e-05, 22026.465794806718],         │
│                                Default: 1.0, on log-scale                    │
│                                    svm.kernel, Type: Categorical, Choices:   │
│                                {linear, polynomial, radial}, Default: linear │
│                                    svm.tolerance, Type: UniformFloat, Range: │
│                                [4.53999298e-05, 2.0], Default: 0.009528896,  │
│                                on log-scale                                  │
│                                    task_id, Type: Constant, Value: 1457      │
│                                    xgboost.alpha, Type: UniformFloat, Range: │
│                                [0.0009118819656, 1096.6331584284585],        │
│                                Default: 1.0, on log-scale                    │
│                                    xgboost.booster, Type: Categorical,       │
│                                Choices: {gblinear, gbtree, dart}, Default:   │
│                                gblinear                                      │
│                                    xgboost.colsample_bylevel, Type:          │
│                                UniformFloat, Range: [0.01, 1.0], Default:    │
│                                0.505                                         │
│                                    xgboost.colsample_bytree, Type:           │
│                                UniformFloat, Range: [0.01, 1.0], Default:    │
│                                0.505                                         │
│                                    xgboost.eta, Type: UniformFloat, Range:   │
│                                [0.0009118819656, 1.0], Default:              │
│                                0.0301973834, on log-scale                    │
│                                    xgboost.gamma, Type: UniformFloat, Range: │
│                                [4.53999298e-05, 7.3890560989306], Default:   │
│                                0.0183156389, on log-scale                    │
│                                    xgboost.lambda, Type: UniformFloat,       │
│                                Range: [0.0009118819656, 1096.6331584284585], │
│                                Default: 1.0, on log-scale                    │
│                                    xgboost.max_depth, Type: UniformInteger,  │
│                                Range: [1, 15], Default: 8                    │
│                                    xgboost.min_child_weight, Type:           │
│                                UniformFloat, Range: [2.718281828459,         │
│                                148.4131591025766], Default: 20.0855369232,   │
│                                on log-scale                                  │
│                                    xgboost.nrounds, Type: UniformInteger,    │
│                                Range: [7, 2981], Default: 144, on log-scale  │
│                                    xgboost.rate_drop, Type: UniformFloat,    │
│                                Range: [0.0, 1.0], Default: 0.5               │
│                                    xgboost.skip_drop, Type: UniformFloat,    │
│                                Range: [0.0, 1.0], Default: 0.5               │
│                                    xgboost.subsample, Type: UniformFloat,    │
│                                Range: [0.1, 1.0], Default: 0.55              │
│                                  Conditions:                                 │
│                                    (ranger.num.random.splits |               │
│                                ranger.splitrule == 'extratrees' &&           │
│                                ranger.num.random.splits | learner_id ==      │
│                                'ranger')                                     │
│                                    (svm.degree | svm.kernel == 'polynomial'  │
│                                && svm.degree | learner_id == 'svm')          │
│                                    (svm.gamma | svm.kernel == 'radial' &&    │
│                                svm.gamma | learner_id == 'svm')              │
│                                    (xgboost.colsample_bylevel |              │
│                                xgboost.booster in {'dart', 'gbtree'} &&      │
│                                xgboost.colsample_bylevel | learner_id ==     │
│                                'xgboost')                                    │
│                                    (xgboost.colsample_bytree |               │
│                                xgboost.booster in {'dart', 'gbtree'} &&      │
│                                xgboost.colsample_bytree | learner_id ==      │
│                                'xgboost')                                    │
│                                    (xgboost.eta | xgboost.booster in         │
│                                {'dart', 'gbtree'} && xgboost.eta |           │
│                                learner_id == 'xgboost')                      │
│                                    (xgboost.gamma | xgboost.booster in       │
│                                {'dart', 'gbtree'} && xgboost.gamma |         │
│                                learner_id == 'xgboost')                      │
│                                    (xgboost.max_depth | xgboost.booster in   │
│                                {'dart', 'gbtree'} && xgboost.max_depth |     │
│                                learner_id == 'xgboost')                      │
│                                    (xgboost.min_child_weight |               │
│                                xgboost.booster in {'dart', 'gbtree'} &&      │
│                                xgboost.min_child_weight | learner_id ==      │
│                                'xgboost')                                    │
│                                    (xgboost.rate_drop | xgboost.booster ==   │
│                                'dart' && xgboost.rate_drop | learner_id ==   │
│                                'xgboost')                                    │
│                                    (xgboost.skip_drop | xgboost.booster ==   │
│                                'dart' && xgboost.skip_drop | learner_id ==   │
│                                'xgboost')                                    │
│                                    aknn.M | learner_id == 'aknn'             │
│                                    aknn.distance | learner_id == 'aknn'      │
│                                    aknn.ef | learner_id == 'aknn'            │
│                                    aknn.ef_construction | learner_id ==      │
│                                'aknn'                                        │
│                                    aknn.k | learner_id == 'aknn'             │
│                                    glmnet.alpha | learner_id == 'glmnet'     │
│                                    glmnet.s | learner_id == 'glmnet'         │
│                                    ranger.min.node.size | learner_id ==      │
│                                'ranger'                                      │
│                                    ranger.mtry.power | learner_id ==         │
│                                'ranger'                                      │
│                                    ranger.num.trees | learner_id == 'ranger' │
│                                    ranger.respect.unordered.factors |        │
│                                learner_id == 'ranger'                        │
│                                    ranger.sample.fraction | learner_id ==    │
│                                'ranger'                                      │
│                                    ranger.splitrule | learner_id == 'ranger' │
│                                    rpart.cp | learner_id == 'rpart'          │
│                                    rpart.maxdepth | learner_id == 'rpart'    │
│                                    rpart.minbucket | learner_id == 'rpart'   │
│                                    rpart.minsplit | learner_id == 'rpart'    │
│                                    svm.cost | learner_id == 'svm'            │
│                                    svm.kernel | learner_id == 'svm'          │
│                                    svm.tolerance | learner_id == 'svm'       │
│                                    xgboost.alpha | learner_id == 'xgboost'   │
│                                    xgboost.booster | learner_id == 'xgboost' │
│                                    xgboost.lambda | learner_id == 'xgboost'  │
│                                    xgboost.nrounds | learner_id == 'xgboost' │
│                                    xgboost.subsample | learner_id ==         │
│                                'xgboost'                                     │
│                                ,                                             │
│                                        fidelity_space=FidelitySpace(         │
│                                            is_multifidelity=False,           │
│                                            fidelity_type=None,               │
│                                            min_fidelity=None,                │
│                                            max_fidelity=None                 │
│                                        ),                                    │
│                                        instance_space=None                   │
│                                    ),                                        │
│                                    output_space=OutputSpace(                 │
│                                        n_objectives=1,                       │
│                                        objectives=['acc']                    │
│                                    ),                                        │
│                                    optimization_resources=OptimizationResou… │
│                                        n_trials=50,                          │
│                                        time_budget=None,                     │
│                                        n_workers=1                           │
│                                    ),                                        │
│                                    metadata=TaskMetadata(                    │
│                                        has_constraints=False,                │
│                                        domain='ML',                          │
│                                        objective_function_approximation='su… │
│                                        has_virtual_time=False,               │
│                                        deterministic=False,                  │
│                                        dimensions=38,                        │
│                                        search_space_n_categoricals=7,        │
│                                        search_space_n_ordinals=0,            │
│                                        search_space_n_integers=13,           │
│                                        search_space_n_floats=18,             │
│                                        search_space_has_conditionals=True,   │
│                                        search_space_has_forbiddens=False,    │
│                                        search_space_has_priors=False         │
│                                    ),                                        │
│                                    seed=2                                    │
│                                )                                             │
│               telemetry_path = 'results/telemetry_standard_proximity_cfg_rb… │
│            telemetry_records = []                                            │
│                  time_budget = None                                          │
│                trial_counter = 0                                             │
│ virtual_time_elapsed_seconds = 0.0                                           │
│                  window_size = 5                                             │
╰──────────────────────────────────────────────────────────────────────────────╯
[[36m2026-07-19 21:25:48,496[0m][[34mFileLogger[0m][[32mINFO[0m] - n_trials: 1, n_function_calls: 1, config: [np.str_('aknn'), np.str_('impute.mean'), '1457', 38, np.str_('l2'), 11, 20, 42], cost: -0.26280477643013[0m
[[36m2026-07-19 21:25:48,538[0m][[34mFileLogger[0m][[32mINFO[0m] - n_trials: 2, n_function_calls: 2, config: [np.str_('xgboost'), np.str_('impute.mean'), '1457', 0.0147662262759, np.str_('gblinear'), 866.0451596493048, 20, 0.9899758839877], cost: -0.023274056613445282[0m
[[36m2026-07-19 21:25:48,563[0m][[34mFileLogger[0m][[32mINFO[0m] - n_trials: 3, n_function_calls: 3, config: [np.str_('aknn'), np.str_('impute.hist'), '1457', 45, np.str_('ip'), 77, 62, 39], cost: -0.017916183918714523[0m
[[36m2026-07-19 21:25:48,584[0m][[34mFileLogger[0m][[32mINFO[0m] - n_trials: 4, n_function_calls: 4, config: [np.str_('aknn'), np.str_('impute.hist'), '1457', 37, np.str_('l2'), 197, 177, 29], cost: -0.25527456402778625[0m
[[36m2026-07-19 21:25:48,605[0m][[34mFileLogger[0m][[32mINFO[0m] - n_trials: 5, n_function_calls: 5, config: [np.str_('aknn'), np.str_('impute.median'), '1457', 50, np.str_('l2'), 20, 23, 2], cost: -0.24034401774406433[0m
[[36m2026-07-19 21:25:48,626[0m][[34mFileLogger[0m][[32mINFO[0m] - n_trials: 6, n_function_calls: 6, config: [np.str_('rpart'), np.str_('impute.median'), '1457', 0.0027586232967, 8, 47, 68], cost: -0.184476837515831[0m
[[36m2026-07-19 21:25:48,647[0m][[34mFileLogger[0m][[32mINFO[0m] - n_trials: 7, n_function_calls: 7, config: [np.str_('ranger'), np.str_('impute.median'), '1457', 11, 0.1485912979409, 1006, np.str_('partition'), 0.7230955418983, np.str_('extratrees'), 17], cost: -0.6993279457092285[0m
[[36m2026-07-19 21:25:48,681[0m][[34mFileLogger[0m][[32mINFO[0m] - n_trials: 8, n_function_calls: 8, config: [np.str_('svm'), np.str_('impute.hist'), '1457', 298.7236593531501, np.str_('polynomial'), 1.5202560201194, 4], cost: -0.17401739954948425[0m
[[36m2026-07-19 21:25:48,702[0m][[34mFileLogger[0m][[32mINFO[0m] - n_trials: 9, n_function_calls: 9, config: [np.str_('glmnet'), np.str_('impute.hist'), '1457', 0.8310791968302, 0.0116691991135], cost: -0.04743345081806183[0m
[[36m2026-07-19 21:25:48,725[0m][[34mFileLogger[0m][[32mINFO[0m] - n_trials: 10, n_function_calls: 10, config: [np.str_('xgboost'), np.str_('impute.median'), '1457', 0.01737434857, np.str_('dart'), 78.4898322631824, 1085, 0.3078799132294, 0.499520284776, 0.3663342762609, 0.002438536165, 0.0006024334885, 3, 3.5053526175808, 0.8398698341122, 0.0046928609179], cost: -0.0847722738981247[0m
[[36m2026-07-19 21:25:52,099[0m][[34mFileLogger[0m][[32mINFO[0m] - n_trials: 11, n_function_calls: 11, config: [np.str_('ranger'), np.str_('impute.median'), '1457', 36, 0.3797109548424, 1408, np.str_('partition'), 0.5014279423974, np.str_('gini')], cost: -0.7771314382553101[0m
[[36m2026-07-19 21:25:55,481[0m][[34mFileLogger[0m][[32mINFO[0m] - n_trials: 12, n_function_calls: 12, config: [np.str_('ranger'), np.str_('impute.hist'), '1457', 89, 0.5995313873498, 89, np.str_('order'), 0.8486927206851, np.str_('extratrees'), 52], cost: -0.6573037505149841[0m
[[36m2026-07-19 21:25:58,859[0m][[34mFileLogger[0m][[32mINFO[0m] - n_trials: 13, n_function_calls: 13, config: [np.str_('ranger'), np.str_('impute.hist'), '1457', 45, 0.0751466815547, 1855, np.str_('partition'), 0.7547587471808, np.str_('gini')], cost: -0.7604146003723145[0m
[[36m2026-07-19 21:26:02,212[0m][[34mFileLogger[0m][[32mINFO[0m] - n_trials: 14, n_function_calls: 14, config: [np.str_('ranger'), np.str_('impute.hist'), '1457', 76, 0.5774623883328, 1095, np.str_('partition'), 0.195903736798, np.str_('gini')], cost: -0.7034308910369873[0m
[[36m2026-07-19 21:26:05,572[0m][[34mFileLogger[0m][[32mINFO[0m] - n_trials: 15, n_function_calls: 15, config: [np.str_('ranger'), np.str_('impute.hist'), '1457', 9, 0.8852312763717, 459, np.str_('partition'), 0.9404109527089, np.str_('gini')], cost: -0.7490953803062439[0m
[[36m2026-07-19 21:26:08,935[0m][[34mFileLogger[0m][[32mINFO[0m] - n_trials: 16, n_function_calls: 16, config: [np.str_('ranger'), np.str_('impute.median'), '1457', 23, 0.6513141520068, 1136, np.str_('ignore'), 0.6559589047252, np.str_('extratrees'), 61], cost: -0.7391026020050049[0m
[[36m2026-07-19 21:26:12,289[0m][[34mFileLogger[0m][[32mINFO[0m] - n_trials: 17, n_function_calls: 17, config: [np.str_('ranger'), np.str_('impute.median'), '1457', 84, 0.0240827053458, 1726, np.str_('ignore'), 0.2640159580767, np.str_('gini')], cost: -0.6785582304000854[0m
[[36m2026-07-19 21:26:15,736[0m][[34mFileLogger[0m][[32mINFO[0m] - n_trials: 18, n_function_calls: 18, config: [np.str_('ranger'), np.str_('impute.mean'), '1457', 14, 0.2927899134064, 1869, np.str_('ignore'), 0.2806350099397, np.str_('gini')], cost: -0.733223557472229[0m
[[36m2026-07-19 21:26:19,137[0m][[34mFileLogger[0m][[32mINFO[0m] - n_trials: 19, n_function_calls: 19, config: [np.str_('ranger'), np.str_('impute.hist'), '1457', 13, 0.0350783596947, 1055, np.str_('partition'), 0.5055266626014, np.str_('gini')], cost: -0.6661842465400696[0m
[[36m2026-07-19 21:26:22,510[0m][[34mFileLogger[0m][[32mINFO[0m] - n_trials: 20, n_function_calls: 20, config: [np.str_('ranger'), np.str_('impute.median'), '1457', 12, 0.3995856137271, 1304, np.str_('partition'), 0.2147720603932, np.str_('gini')], cost: -0.7188936471939087[0m
[[36m2026-07-19 21:26:25,901[0m][[34mFileLogger[0m][[32mINFO[0m] - n_trials: 21, n_function_calls: 21, config: [np.str_('ranger'), np.str_('impute.median'), '1457', 2, 0.025131723194, 1651, np.str_('partition'), 0.3697926088082, np.str_('gini')], cost: -0.7046972513198853[0m
[[36m2026-07-19 21:26:29,395[0m][[34mFileLogger[0m][[32mINFO[0m] - n_trials: 22, n_function_calls: 22, config: [np.str_('ranger'), np.str_('impute.hist'), '1457', 26, 0.4575215014802, 1918, np.str_('ignore'), 0.159253528369, np.str_('gini')], cost: -0.6803376078605652[0m
[[36m2026-07-19 21:26:32,733[0m][[34mFileLogger[0m][[32mINFO[0m] - n_trials: 23, n_function_calls: 23, config: [np.str_('ranger'), np.str_('impute.median'), '1457', 49, 0.012719335755, 1864, np.str_('partition'), 0.4093558271645, np.str_('gini')], cost: -0.7199996709823608[0m
[[36m2026-07-19 21:26:35,950[0m][[34mFileLogger[0m][[32mINFO[0m] - n_trials: 24, n_function_calls: 24, config: [np.str_('ranger'), np.str_('impute.mean'), '1457', 35, 0.2549205682396, 188, np.str_('partition'), 0.7358443347529, np.str_('gini')], cost: -0.7358083724975586[0m
[[36m2026-07-19 21:26:39,232[0m][[34mFileLogger[0m][[32mINFO[0m] - n_trials: 25, n_function_calls: 25, config: [np.str_('ranger'), np.str_('impute.hist'), '1457', 89, 0.5496747164258, 109, np.str_('partition'), 0.1233242157039, np.str_('gini')], cost: -0.6025893688201904[0m
[[36m2026-07-19 21:26:42,469[0m][[34mFileLogger[0m][[32mINFO[0m] - n_trials: 26, n_function_calls: 26, config: [np.str_('ranger'), np.str_('impute.mean'), '1457', 2, 0.2681826545061, 28, np.str_('ignore'), 0.6098428091358, np.str_('gini')], cost: -0.682900071144104[0m
[[36m2026-07-19 21:26:45,701[0m][[34mFileLogger[0m][[32mINFO[0m] - n_trials: 27, n_function_calls: 27, config: [np.str_('ranger'), np.str_('impute.median'), '1457', 2, 0.3284500190889, 1840, np.str_('partition'), 0.8534852057096, np.str_('gini')], cost: -0.8214533925056458[0m
[[36m2026-07-19 21:26:49,000[0m][[34mFileLogger[0m][[32mINFO[0m] - n_trials: 28, n_function_calls: 28, config: [np.str_('ranger'), np.str_('impute.mean'), '1457', 2, 0.3823578104294, 892, np.str_('ignore'), 0.9272925219198, np.str_('extratrees'), 95], cost: -0.763115644454956[0m
[[36m2026-07-19 21:26:52,300[0m][[34mFileLogger[0m][[32mINFO[0m] - n_trials: 29, n_function_calls: 29, config: [np.str_('ranger'), np.str_('impute.mean'), '1457', 5, 0.0189810719657, 1820, np.str_('ignore'), 0.7335645338515, np.str_('gini')], cost: -0.7606220245361328[0m
[[36m2026-07-19 21:26:55,724[0m][[34mFileLogger[0m][[32mINFO[0m] - n_trials: 30, n_function_calls: 30, config: [np.str_('ranger'), np.str_('impute.mean'), '1457', 7, 0.3536147153575, 99, np.str_('ignore'), 0.8048971221887, np.str_('extratrees'), 76], cost: -0.7028488516807556[0m
[[36m2026-07-19 21:26:59,164[0m][[34mFileLogger[0m][[32mINFO[0m] - n_trials: 31, n_function_calls: 31, config: [np.str_('ranger'), np.str_('impute.mean'), '1457', 2, 0.7522260566674, 1558, np.str_('order'), 0.9808392834708, np.str_('gini')], cost: -0.8032636046409607[0m
[[36m2026-07-19 21:27:02,561[0m][[34mFileLogger[0m][[32mINFO[0m] - n_trials: 32, n_function_calls: 32, config: [np.str_('ranger'), np.str_('impute.mean'), '1457', 99, 0.5597360983608, 1976, np.str_('partition'), 0.1031916717056, np.str_('extratrees'), 74], cost: -0.5990574359893799[0m
[[36m2026-07-19 21:27:06,000[0m][[34mFileLogger[0m][[32mINFO[0m] - n_trials: 33, n_function_calls: 33, config: [np.str_('ranger'), np.str_('impute.median'), '1457', 2, 0.4901855206433, 39, np.str_('partition'), 0.8613790556628, np.str_('gini')], cost: -0.73454350233078[0m
[[36m2026-07-19 21:27:09,425[0m][[34mFileLogger[0m][[32mINFO[0m] - n_trials: 34, n_function_calls: 34, config: [np.str_('ranger'), np.str_('impute.median'), '1457', 65, 0.008232300455, 333, np.str_('order'), 0.9594063257897, np.str_('gini')], cost: -0.7080533504486084[0m
[[36m2026-07-19 21:27:12,810[0m][[34mFileLogger[0m][[32mINFO[0m] - n_trials: 35, n_function_calls: 35, config: [np.str_('ranger'), np.str_('impute.mean'), '1457', 45, 0.9885751630214, 27, np.str_('partition'), 0.9756177386401, np.str_('gini')], cost: -0.6416157484054565[0m
[[36m2026-07-19 21:27:16,234[0m][[34mFileLogger[0m][[32mINFO[0m] - n_trials: 36, n_function_calls: 36, config: [np.str_('ranger'), np.str_('impute.hist'), '1457', 4, 0.0187689148803, 13, np.str_('ignore'), 0.8566707552775, np.str_('gini')], cost: -0.5993923544883728[0m
[[36m2026-07-19 21:27:19,669[0m][[34mFileLogger[0m][[32mINFO[0m] - n_trials: 37, n_function_calls: 37, config: [np.str_('ranger'), np.str_('impute.median'), '1457', 27, 0.9502062581146, 1140, np.str_('order'), 0.101794498064, np.str_('gini')], cost: -0.5905939340591431[0m
[[36m2026-07-19 21:27:23,051[0m][[34mFileLogger[0m][[32mINFO[0m] - n_trials: 38, n_function_calls: 38, config: [np.str_('ranger'), np.str_('impute.median'), '1457', 3, 0.4673387619519, 1521, np.str_('order'), 0.9785084301039, np.str_('gini')], cost: -0.8199084401130676[0m
[[36m2026-07-19 21:27:26,469[0m][[34mFileLogger[0m][[32mINFO[0m] - n_trials: 39, n_function_calls: 39, config: [np.str_('ranger'), np.str_('impute.median'), '1457', 3, 0.2391535232965, 1517, np.str_('order'), 0.9408551434404, np.str_('gini')], cost: -0.8106855154037476[0m
[[36m2026-07-19 21:27:29,883[0m][[34mFileLogger[0m][[32mINFO[0m] - n_trials: 40, n_function_calls: 40, config: [np.str_('ranger'), np.str_('impute.median'), '1457', 2, 0.1758569933919, 1537, np.str_('order'), 0.9951787240547, np.str_('gini')], cost: -0.8153499960899353[0m
[[36m2026-07-19 21:27:33,266[0m][[34mFileLogger[0m][[32mINFO[0m] - n_trials: 41, n_function_calls: 41, config: [np.str_('ranger'), np.str_('impute.hist'), '1457', 3, 0.2384926301648, 1503, np.str_('ignore'), 0.8901355403759, np.str_('extratrees'), 15], cost: -0.7290900349617004[0m
[[36m2026-07-19 21:27:36,671[0m][[34mFileLogger[0m][[32mINFO[0m] - n_trials: 42, n_function_calls: 42, config: [np.str_('ranger'), np.str_('impute.median'), '1457', 3, 0.5868179052696, 1491, np.str_('ignore'), 0.1332310919243, np.str_('gini')], cost: -0.6893767714500427[0m
[[36m2026-07-19 21:27:40,048[0m][[34mFileLogger[0m][[32mINFO[0m] - n_trials: 43, n_function_calls: 43, config: [np.str_('ranger'), np.str_('impute.median'), '1457', 2, 0.0140602987644, 1621, np.str_('order'), 0.9917962077172, np.str_('extratrees'), 4], cost: -0.7114118933677673[0m
[[36m2026-07-19 21:27:43,488[0m][[34mFileLogger[0m][[32mINFO[0m] - n_trials: 44, n_function_calls: 44, config: [np.str_('ranger'), np.str_('impute.median'), '1457', 2, 0.5423580615435, 2000, np.str_('ignore'), 0.9462609598496, np.str_('gini')], cost: -0.8259797692298889[0m
[[36m2026-07-19 21:27:46,981[0m][[34mFileLogger[0m][[32mINFO[0m] - n_trials: 45, n_function_calls: 45, config: [np.str_('ranger'), np.str_('impute.mean'), '1457', 1, 0.4222068636835, 1799, np.str_('partition'), 0.1251121858132, np.str_('gini')], cost: -0.6687470078468323[0m
[[36m2026-07-19 21:27:50,402[0m][[34mFileLogger[0m][[32mINFO[0m] - n_trials: 46, n_function_calls: 46, config: [np.str_('ranger'), np.str_('impute.median'), '1457', 3, 0.4870947274202, 1529, np.str_('order'), 0.7850848122506, np.str_('gini')], cost: -0.8038628697395325[0m
[[36m2026-07-19 21:27:53,796[0m][[34mFileLogger[0m][[32mINFO[0m] - n_trials: 47, n_function_calls: 47, config: [np.str_('ranger'), np.str_('impute.median'), '1457', 13, 0.5396384712092, 1681, np.str_('order'), 0.9864718495136, np.str_('gini')], cost: -0.8106978535652161[0m
[[36m2026-07-19 21:27:57,243[0m][[34mFileLogger[0m][[32mINFO[0m] - n_trials: 48, n_function_calls: 48, config: [np.str_('ranger'), np.str_('impute.median'), '1457', 35, 0.6454256418777, 1939, np.str_('order'), 0.8588771392405, np.str_('gini')], cost: -0.7805689573287964[0m
[[36m2026-07-19 21:28:00,693[0m][[34mFileLogger[0m][[32mINFO[0m] - n_trials: 49, n_function_calls: 49, config: [np.str_('ranger'), np.str_('impute.mean'), '1457', 7, 0.2792511829609, 1535, np.str_('order'), 0.5874285249771, np.str_('gini')], cost: -0.7876955270767212[0m
[[36m2026-07-19 21:28:04,114[0m][[34mFileLogger[0m][[32mINFO[0m] - n_trials: 50, n_function_calls: 50, config: [np.str_('ranger'), np.str_('impute.mean'), '1457', 7, 0.6448214839388, 1858, np.str_('order'), 0.9224905589482, np.str_('gini')], cost: -0.8073493838310242[0m
Solution found: 
(
    TrialInfo(
        config=Configuration(values={
  'learner_id': np.str_('ranger'),
  'num.impute.selected.cpo': np.str_('impute.median'),
  'task_id': '1457',
  'ranger.min.node.size': 2,
  'ranger.mtry.power': 0.5423580615435,
  'ranger.num.trees': 2000,
  'ranger.respect.unordered.factors': np.str_('ignore'),
  'ranger.sample.fraction': 0.9462609598496,
  'ranger.splitrule': np.str_('gini'),
}),
        instance=None,
        seed=None,
        budget=None,
        normalized_budget=None,
        name=None,
        checkpoint=None,
        additional_info={}
    ),
    TrialValue(
        cost=np.float32(-0.82597977),
        time=0.0011115074157714844,
        virtual_time=0.0,
        status=<StatusType.SUCCESS: 1>,
        starttime=1784489263.483594,
        endtime=1784489263.4847054,
        additional_info={}
    )
)
==================================================
BENCHMARK SWEEP STEP COMPLETED SUCCESSFULLY!
==================================================
==================================================
Array Task Index 652 Finished
==================================================
