==================================================
Array Job ID: 7558696 | Task Index: 993
Running arguments: +optimizer/smac20=hpo +task/YAHPO/SO=cfg_rbv2_super_1053 task.optimization_resources.n_trials=50 seed=3 optimizer_id=SMAC3-HPOFacade optimizer_container_id=SMAC3
==================================================
==================================================
Running CARP-S HPOBench Dynamic BO Benchmark Sweep
Using python: python3
==================================================
[[36m2026-07-20 00:05:43,872[0m][[34m/bigwork/nhwpseis/.conda/envs/dyrf/lib/python3.13/site-packages/carps/run.py[0m][[32mINFO[0m] - Runcommand: `python -m carps.run +optimizer/smac20=hpo +task/YAHPO/SO=cfg_rbv2_super_1053 task.optimization_resources.n_trials=50 seed=3 optimizer_id=SMAC3-HPOFacade optimizer_container_id=SMAC3`[0m
{
    'seed': 3,
    'task': {
        '_target_': 'carps.utils.task.Task',
        'name': 'yahpo/so/rbv2_super/1053/None',
        'seed': 3,
        'objective_function': {
            '_target_': 
'carps.objective_functions.yahpo.YahpoObjectiveFunction',
            'bench': 'rbv2_super',
            'instance': '1053',
            'budget_type': None,
            'metric': ['acc'],
            'seed': 3
        },
        'input_space': {
            '_target_': 'carps.utils.task.InputSpace',
            'configuration_space': {
                '_target_': 
'ConfigSpace.configuration_space.ConfigurationSpace.from_serialized_dict',
                '_convert_': 'object',
                'd': {
                    'name': None,
                    'hyperparameters': [
                        {
                            'type': 'categorical',
                            'name': 'learner_id',
                            'choices': [
                                'aknn',
                                'glmnet',
                                'ranger',
                                'rpart',
                                'svm',
                                'xgboost'
                            ],
                            'weights': None,
                            'default_value': 'aknn',
                            'meta': None
                        },
                        {
                            'type': 'categorical',
                            'name': 'num.impute.selected.cpo',
                            'choices': [
                                'impute.mean',
                                'impute.median',
                                'impute.hist'
                            ],
                            'weights': None,
                            'default_value': 'impute.mean',
                            'meta': None
                        },
                        {
                            'type': 'constant',
                            'name': 'task_id',
                            'value': '1053',
                            'meta': None
                        },
                        {
                            'type': 'uniform_int',
                            'name': 'aknn.M',
                            'lower': 18,
                            'upper': 50,
                            'default_value': 34,
                            'log': False,
                            'meta': None
                        },
                        {
                            'type': 'categorical',
                            'name': 'aknn.distance',
                            'choices': ['l2', 'cosine', 'ip'],
                            'weights': None,
                            'default_value': 'l2',
                            'meta': None
                        },
                        {
                            'type': 'uniform_int',
                            'name': 'aknn.ef',
                            'lower': 8,
                            'upper': 256,
                            'default_value': 48,
                            'log': True,
                            'meta': None
                        },
                        {
                            'type': 'uniform_int',
                            'name': 'aknn.ef_construction',
                            'lower': 8,
                            'upper': 512,
                            'default_value': 96,
                            'log': True,
                            'meta': None
                        },
                        {
                            'type': 'uniform_int',
                            'name': 'aknn.k',
                            'lower': 1,
                            'upper': 50,
                            'default_value': 26,
                            'log': False,
                            'meta': None
                        },
                        {
                            'type': 'uniform_float',
                            'name': 'glmnet.alpha',
                            'lower': 0.0,
                            'upper': 1.0,
                            'default_value': 1.0,
                            'log': False,
                            'meta': None
                        },
                        {
                            'type': 'uniform_float',
                            'name': 'glmnet.s',
                            'lower': 0.0009118819656,
                            'upper': 1096.6331584284585,
                            'default_value': 1.0,
                            'log': True,
                            'meta': None
                        },
                        {
                            'type': 'uniform_int',
                            'name': 'ranger.min.node.size',
                            'lower': 1,
                            'upper': 100,
                            'default_value': 50,
                            'log': False,
                            'meta': None
                        },
                        {
                            'type': 'uniform_float',
                            'name': 'ranger.mtry.power',
                            'lower': 0.0,
                            'upper': 1.0,
                            'default_value': 0.0,
                            'log': False,
                            'meta': None
                        },
                        {
                            'type': 'uniform_int',
                            'name': 'ranger.num.trees',
                            'lower': 1,
                            'upper': 2000,
                            'default_value': 1000,
                            'log': False,
                            'meta': None
                        },
                        {
                            'type': 'categorical',
                            'name': 'ranger.respect.unordered.factors',
                            'choices': ['ignore', 'order', 'partition'],
                            'weights': None,
                            'default_value': 'ignore',
                            'meta': None
                        },
                        {
                            'type': 'uniform_float',
                            'name': 'ranger.sample.fraction',
                            'lower': 0.1,
                            'upper': 1.0,
                            'default_value': 0.55,
                            'log': False,
                            'meta': None
                        },
                        {
                            'type': 'categorical',
                            'name': 'ranger.splitrule',
                            'choices': ['gini', 'extratrees'],
                            'weights': None,
                            'default_value': 'gini',
                            'meta': None
                        },
                        {
                            'type': 'uniform_float',
                            'name': 'rpart.cp',
                            'lower': 0.0009118819656,
                            'upper': 1.0,
                            'default_value': 0.01,
                            'log': True,
                            'meta': None
                        },
                        {
                            'type': 'uniform_int',
                            'name': 'rpart.maxdepth',
                            'lower': 1,
                            'upper': 30,
                            'default_value': 30,
                            'log': False,
                            'meta': None
                        },
                        {
                            'type': 'uniform_int',
                            'name': 'rpart.minbucket',
                            'lower': 1,
                            'upper': 100,
                            'default_value': 1,
                            'log': False,
                            'meta': None
                        },
                        {
                            'type': 'uniform_int',
                            'name': 'rpart.minsplit',
                            'lower': 1,
                            'upper': 100,
                            'default_value': 20,
                            'log': False,
                            'meta': None
                        },
                        {
                            'type': 'uniform_float',
                            'name': 'svm.cost',
                            'lower': 4.53999298e-05,
                            'upper': 22026.465794806718,
                            'default_value': 1.0,
                            'log': True,
                            'meta': None
                        },
                        {
                            'type': 'categorical',
                            'name': 'svm.kernel',
                            'choices': ['linear', 'polynomial', 'radial'],
                            'weights': None,
                            'default_value': 'linear',
                            'meta': None
                        },
                        {
                            'type': 'uniform_float',
                            'name': 'svm.tolerance',
                            'lower': 4.53999298e-05,
                            'upper': 2.0,
                            'default_value': 0.009528896,
                            'log': True,
                            'meta': None
                        },
                        {
                            'type': 'uniform_float',
                            'name': 'xgboost.alpha',
                            'lower': 0.0009118819656,
                            'upper': 1096.6331584284585,
                            'default_value': 1.0,
                            'log': True,
                            'meta': None
                        },
                        {
                            'type': 'categorical',
                            'name': 'xgboost.booster',
                            'choices': ['gblinear', 'gbtree', 'dart'],
                            'weights': None,
                            'default_value': 'gblinear',
                            'meta': None
                        },
                        {
                            'type': 'uniform_float',
                            'name': 'xgboost.lambda',
                            'lower': 0.0009118819656,
                            'upper': 1096.6331584284585,
                            'default_value': 1.0,
                            'log': True,
                            'meta': None
                        },
                        {
                            'type': 'uniform_int',
                            'name': 'xgboost.nrounds',
                            'lower': 7,
                            'upper': 2981,
                            'default_value': 144,
                            'log': True,
                            'meta': None
                        },
                        {
                            'type': 'uniform_float',
                            'name': 'xgboost.subsample',
                            'lower': 0.1,
                            'upper': 1.0,
                            'default_value': 0.55,
                            'log': False,
                            'meta': None
                        },
                        {
                            'type': 'uniform_int',
                            'name': 'ranger.num.random.splits',
                            'lower': 1,
                            'upper': 100,
                            'default_value': 1,
                            'log': False,
                            'meta': None
                        },
                        {
                            'type': 'uniform_int',
                            'name': 'svm.degree',
                            'lower': 2,
                            'upper': 5,
                            'default_value': 4,
                            'log': False,
                            'meta': None
                        },
                        {
                            'type': 'uniform_float',
                            'name': 'svm.gamma',
                            'lower': 4.53999298e-05,
                            'upper': 22026.465794806718,
                            'default_value': 1.0,
                            'log': True,
                            'meta': None
                        },
                        {
                            'type': 'uniform_float',
                            'name': 'xgboost.colsample_bylevel',
                            'lower': 0.01,
                            'upper': 1.0,
                            'default_value': 0.505,
                            'log': False,
                            'meta': None
                        },
                        {
                            'type': 'uniform_float',
                            'name': 'xgboost.colsample_bytree',
                            'lower': 0.01,
                            'upper': 1.0,
                            'default_value': 0.505,
                            'log': False,
                            'meta': None
                        },
                        {
                            'type': 'uniform_float',
                            'name': 'xgboost.eta',
                            'lower': 0.0009118819656,
                            'upper': 1.0,
                            'default_value': 0.0301973834,
                            'log': True,
                            'meta': None
                        },
                        {
                            'type': 'uniform_float',
                            'name': 'xgboost.gamma',
                            'lower': 4.53999298e-05,
                            'upper': 7.3890560989306,
                            'default_value': 0.0183156389,
                            'log': True,
                            'meta': None
                        },
                        {
                            'type': 'uniform_int',
                            'name': 'xgboost.max_depth',
                            'lower': 1,
                            'upper': 15,
                            'default_value': 8,
                            'log': False,
                            'meta': None
                        },
                        {
                            'type': 'uniform_float',
                            'name': 'xgboost.min_child_weight',
                            'lower': 2.718281828459,
                            'upper': 148.4131591025766,
                            'default_value': 20.0855369232,
                            'log': True,
                            'meta': None
                        },
                        {
                            'type': 'uniform_float',
                            'name': 'xgboost.rate_drop',
                            'lower': 0.0,
                            'upper': 1.0,
                            'default_value': 0.5,
                            'log': False,
                            'meta': None
                        },
                        {
                            'type': 'uniform_float',
                            'name': 'xgboost.skip_drop',
                            'lower': 0.0,
                            'upper': 1.0,
                            'default_value': 0.5,
                            'log': False,
                            'meta': None
                        }
                    ],
                    'conditions': [
                        {
                            'type': 'EQ',
                            'child': 'aknn.M',
                            'parent': 'learner_id',
                            'value': 'aknn'
                        },
                        {
                            'type': 'EQ',
                            'child': 'aknn.distance',
                            'parent': 'learner_id',
                            'value': 'aknn'
                        },
                        {
                            'type': 'EQ',
                            'child': 'aknn.ef',
                            'parent': 'learner_id',
                            'value': 'aknn'
                        },
                        {
                            'type': 'EQ',
                            'child': 'aknn.ef_construction',
                            'parent': 'learner_id',
                            'value': 'aknn'
                        },
                        {
                            'type': 'EQ',
                            'child': 'aknn.k',
                            'parent': 'learner_id',
                            'value': 'aknn'
                        },
                        {
                            'type': 'EQ',
                            'child': 'glmnet.alpha',
                            'parent': 'learner_id',
                            'value': 'glmnet'
                        },
                        {
                            'type': 'EQ',
                            'child': 'glmnet.s',
                            'parent': 'learner_id',
                            'value': 'glmnet'
                        },
                        {
                            'type': 'EQ',
                            'child': 'ranger.min.node.size',
                            'parent': 'learner_id',
                            'value': 'ranger'
                        },
                        {
                            'type': 'EQ',
                            'child': 'ranger.mtry.power',
                            'parent': 'learner_id',
                            'value': 'ranger'
                        },
                        {
                            'type': 'EQ',
                            'child': 'ranger.num.trees',
                            'parent': 'learner_id',
                            'value': 'ranger'
                        },
                        {
                            'type': 'EQ',
                            'child': 'ranger.respect.unordered.factors',
                            'parent': 'learner_id',
                            'value': 'ranger'
                        },
                        {
                            'type': 'EQ',
                            'child': 'ranger.sample.fraction',
                            'parent': 'learner_id',
                            'value': 'ranger'
                        },
                        {
                            'type': 'EQ',
                            'child': 'ranger.splitrule',
                            'parent': 'learner_id',
                            'value': 'ranger'
                        },
                        {
                            'type': 'EQ',
                            'child': 'rpart.cp',
                            'parent': 'learner_id',
                            'value': 'rpart'
                        },
                        {
                            'type': 'EQ',
                            'child': 'rpart.maxdepth',
                            'parent': 'learner_id',
                            'value': 'rpart'
                        },
                        {
                            'type': 'EQ',
                            'child': 'rpart.minbucket',
                            'parent': 'learner_id',
                            'value': 'rpart'
                        },
                        {
                            'type': 'EQ',
                            'child': 'rpart.minsplit',
                            'parent': 'learner_id',
                            'value': 'rpart'
                        },
                        {
                            'type': 'EQ',
                            'child': 'svm.cost',
                            'parent': 'learner_id',
                            'value': 'svm'
                        },
                        {
                            'type': 'EQ',
                            'child': 'svm.kernel',
                            'parent': 'learner_id',
                            'value': 'svm'
                        },
                        {
                            'type': 'EQ',
                            'child': 'svm.tolerance',
                            'parent': 'learner_id',
                            'value': 'svm'
                        },
                        {
                            'type': 'EQ',
                            'child': 'xgboost.alpha',
                            'parent': 'learner_id',
                            'value': 'xgboost'
                        },
                        {
                            'type': 'EQ',
                            'child': 'xgboost.booster',
                            'parent': 'learner_id',
                            'value': 'xgboost'
                        },
                        {
                            'type': 'EQ',
                            'child': 'xgboost.lambda',
                            'parent': 'learner_id',
                            'value': 'xgboost'
                        },
                        {
                            'type': 'EQ',
                            'child': 'xgboost.nrounds',
                            'parent': 'learner_id',
                            'value': 'xgboost'
                        },
                        {
                            'type': 'EQ',
                            'child': 'xgboost.subsample',
                            'parent': 'learner_id',
                            'value': 'xgboost'
                        },
                        {
                            'type': 'AND',
                            'child': 'ranger.num.random.splits',
                            'conditions': [
                                {
                                    'type': 'EQ',
                                    'child': 'ranger.num.random.splits',
                                    'parent': 'ranger.splitrule',
                                    'value': 'extratrees'
                                },
                                {
                                    'type': 'EQ',
                                    'child': 'ranger.num.random.splits',
                                    'parent': 'learner_id',
                                    'value': 'ranger'
                                }
                            ]
                        },
                        {
                            'type': 'AND',
                            'child': 'svm.degree',
                            'conditions': [
                                {
                                    'type': 'EQ',
                                    'child': 'svm.degree',
                                    'parent': 'svm.kernel',
                                    'value': 'polynomial'
                                },
                                {
                                    'type': 'EQ',
                                    'child': 'svm.degree',
                                    'parent': 'learner_id',
                                    'value': 'svm'
                                }
                            ]
                        },
                        {
                            'type': 'AND',
                            'child': 'svm.gamma',
                            'conditions': [
                                {
                                    'type': 'EQ',
                                    'child': 'svm.gamma',
                                    'parent': 'svm.kernel',
                                    'value': 'radial'
                                },
                                {
                                    'type': 'EQ',
                                    'child': 'svm.gamma',
                                    'parent': 'learner_id',
                                    'value': 'svm'
                                }
                            ]
                        },
                        {
                            'type': 'AND',
                            'child': 'xgboost.colsample_bylevel',
                            'conditions': [
                                {
                                    'type': 'IN',
                                    'child': 'xgboost.colsample_bylevel',
                                    'parent': 'xgboost.booster',
                                    'values': ['dart', 'gbtree']
                                },
                                {
                                    'type': 'EQ',
                                    'child': 'xgboost.colsample_bylevel',
                                    'parent': 'learner_id',
                                    'value': 'xgboost'
                                }
                            ]
                        },
                        {
                            'type': 'AND',
                            'child': 'xgboost.colsample_bytree',
                            'conditions': [
                                {
                                    'type': 'IN',
                                    'child': 'xgboost.colsample_bytree',
                                    'parent': 'xgboost.booster',
                                    'values': ['dart', 'gbtree']
                                },
                                {
                                    'type': 'EQ',
                                    'child': 'xgboost.colsample_bytree',
                                    'parent': 'learner_id',
                                    'value': 'xgboost'
                                }
                            ]
                        },
                        {
                            'type': 'AND',
                            'child': 'xgboost.eta',
                            'conditions': [
                                {
                                    'type': 'IN',
                                    'child': 'xgboost.eta',
                                    'parent': 'xgboost.booster',
                                    'values': ['dart', 'gbtree']
                                },
                                {
                                    'type': 'EQ',
                                    'child': 'xgboost.eta',
                                    'parent': 'learner_id',
                                    'value': 'xgboost'
                                }
                            ]
                        },
                        {
                            'type': 'AND',
                            'child': 'xgboost.gamma',
                            'conditions': [
                                {
                                    'type': 'IN',
                                    'child': 'xgboost.gamma',
                                    'parent': 'xgboost.booster',
                                    'values': ['dart', 'gbtree']
                                },
                                {
                                    'type': 'EQ',
                                    'child': 'xgboost.gamma',
                                    'parent': 'learner_id',
                                    'value': 'xgboost'
                                }
                            ]
                        },
                        {
                            'type': 'AND',
                            'child': 'xgboost.max_depth',
                            'conditions': [
                                {
                                    'type': 'IN',
                                    'child': 'xgboost.max_depth',
                                    'parent': 'xgboost.booster',
                                    'values': ['dart', 'gbtree']
                                },
                                {
                                    'type': 'EQ',
                                    'child': 'xgboost.max_depth',
                                    'parent': 'learner_id',
                                    'value': 'xgboost'
                                }
                            ]
                        },
                        {
                            'type': 'AND',
                            'child': 'xgboost.min_child_weight',
                            'conditions': [
                                {
                                    'type': 'IN',
                                    'child': 'xgboost.min_child_weight',
                                    'parent': 'xgboost.booster',
                                    'values': ['dart', 'gbtree']
                                },
                                {
                                    'type': 'EQ',
                                    'child': 'xgboost.min_child_weight',
                                    'parent': 'learner_id',
                                    'value': 'xgboost'
                                }
                            ]
                        },
                        {
                            'type': 'AND',
                            'child': 'xgboost.rate_drop',
                            'conditions': [
                                {
                                    'type': 'EQ',
                                    'child': 'xgboost.rate_drop',
                                    'parent': 'xgboost.booster',
                                    'value': 'dart'
                                },
                                {
                                    'type': 'EQ',
                                    'child': 'xgboost.rate_drop',
                                    'parent': 'learner_id',
                                    'value': 'xgboost'
                                }
                            ]
                        },
                        {
                            'type': 'AND',
                            'child': 'xgboost.skip_drop',
                            'conditions': [
                                {
                                    'type': 'EQ',
                                    'child': 'xgboost.skip_drop',
                                    'parent': 'xgboost.booster',
                                    'value': 'dart'
                                },
                                {
                                    'type': 'EQ',
                                    'child': 'xgboost.skip_drop',
                                    'parent': 'learner_id',
                                    'value': 'xgboost'
                                }
                            ]
                        }
                    ],
                    'forbiddens': [],
                    'python_module_version': '1.2.0',
                    'format_version': 0.4
                }
            },
            'fidelity_space': {
                '_target_': 'carps.utils.task.FidelitySpace',
                'is_multifidelity': False,
                'fidelity_type': None,
                'min_fidelity': None,
                'max_fidelity': None
            },
            'instance_space': None
        },
        'output_space': {
            '_target_': 'carps.utils.task.OutputSpace',
            'n_objectives': 1,
            'objectives': ['acc']
        },
        'optimization_resources': {
            '_target_': 'carps.utils.task.OptimizationResources',
            'n_trials': 50,
            'time_budget': None,
            'n_workers': 1
        },
        'metadata': {
            '_target_': 'carps.utils.task.TaskMetadata',
            'has_constraints': False,
            'domain': 'ML',
            'objective_function_approximation': 'surrogate',
            'has_virtual_time': False,
            'deterministic': False,
            'dimensions': 38,
            'search_space_n_categoricals': 7,
            'search_space_n_ordinals': 0,
            'search_space_n_integers': 13,
            'search_space_n_floats': 18,
            'search_space_has_conditionals': True,
            'search_space_has_forbiddens': False,
            'search_space_has_priors': False
        }
    },
    'benchmark_id': 'YAHPO',
    'task_id': 'yahpo/so/rbv2_super/1053/None',
    'optimizer': {
        '_target_': 'carps.optimizers.smac20.SMAC3Optimizer',
        '_partial_': True,
        'smac_cfg': {
            'scenario': {
                'seed': 3,
                'n_trials': 50,
                'objectives': ['acc'],
                'deterministic': True,
                'n_workers': 1,
                'output_directory': 
'runs/SMAC3-HPOFacade/YAHPO/yahpo/so/rbv2_super/1053/None/3/3/smac3_output',
                'min_budget': None,
                'max_budget': None
            },
            'smac_kwargs': {'dask_client': None, 'overwrite': True},
            'smac_class': 'smac.facade.HyperparameterOptimizationFacade'
        }
    },
    'optimizer_id': 'SMAC3-HPOFacade',
    'optimizer_container_id': 'SMAC3',
    'pyexperimenter_configuration_file_path': None,
    'database_credential_file_path': None,
    'use_special_conda_env': False,
    'conda_env_name': 'carps_YAHPO_SMAC3',
    'timestamp': '2026-07-20/00-05-43',
    'baserundir': 'runs',
    'outdir': 'runs/SMAC3-HPOFacade/YAHPO/yahpo/so/rbv2_super/1053/None/3',
    'loggers': [
        {
            '_target_': 'carps.loggers.file_logger.FileLogger',
            '_partial_': True,
            'overwrite': True
        },
        {
            '_target_': 'carps.loggers.database_logger.DatabaseLogger',
            '_partial_': True
        }
    ]
}
[[36m2026-07-20 00:05:44,301[0m][[34mDatabaseLogger[0m][[32mINFO[0m] - Not logging to database (result processor is None).[0m
Please make sure to also cite:
Binder M., Pfisterer F. & Bischl B. (2020). Collecting Empirical Data About Hyperparameters for Data Driven AutoML. 7th ICML Workshop on Automated Machine Learning.
╭────────────────────── <class 'carps.utils.task.Task'> ───────────────────────╮
│ Task.                                                                        │
│                                                                              │
│ ╭──────────────────────────────────────────────────────────────────────────╮ │
│ │ Task(                                                                    │ │
│ │ │   name='yahpo/so/rbv2_super/1053/None',                                │ │
│ │ │                                                                        │ │
│ │ objective_function=<carps.objective_functions.yahpo.YahpoObjectiveFuncti │ │
│ │ on object at 0x1457165fcd70>,                                            │ │
│ │ │   input_space=InputSpace(                                              │ │
│ │ │   │   configuration_space=Configuration space object:                  │ │
│ │   Hyperparameters:                                                       │ │
│ │ │   aknn.M, Type: UniformInteger, Range: [18, 50], Default: 34           │ │
│ │ │   aknn.distance, Type: Categorical, Choices: {l2, cosine, ip},         │ │
│ │ Default: l2                                                              │ │
│ │ │   aknn.ef, Type: UniformInteger, Range: [8, 256], Default: 48, on      │ │
│ │ log-scale                                                                │ │
│ │ │   aknn.ef_construction, Type: UniformInteger, Range: [8, 512],         │ │
│ │ Default: 96, on log-scale                                                │ │
│ │ │   aknn.k, Type: UniformInteger, Range: [1, 50], Default: 26            │ │
│ │ │   glmnet.alpha, Type: UniformFloat, Range: [0.0, 1.0], Default: 1.0    │ │
│ │ │   glmnet.s, Type: UniformFloat, Range: [0.0009118819656,               │ │
│ │ 1096.6331584284585], Default: 1.0, on log-scale                          │ │
│ │ │   learner_id, Type: Categorical, Choices: {aknn, glmnet, ranger,       │ │
│ │ rpart, svm, xgboost}, Default: aknn                                      │ │
│ │ │   num.impute.selected.cpo, Type: Categorical, Choices: {impute.mean,   │ │
│ │ impute.median, impute.hist}, Default: impute.mean                        │ │
│ │ │   ranger.min.node.size, Type: UniformInteger, Range: [1, 100],         │ │
│ │ Default: 50                                                              │ │
│ │ │   ranger.mtry.power, Type: UniformFloat, Range: [0.0, 1.0], Default:   │ │
│ │ 0.0                                                                      │ │
│ │ │   ranger.num.random.splits, Type: UniformInteger, Range: [1, 100],     │ │
│ │ Default: 1                                                               │ │
│ │ │   ranger.num.trees, Type: UniformInteger, Range: [1, 2000], Default:   │ │
│ │ 1000                                                                     │ │
│ │ │   ranger.respect.unordered.factors, Type: Categorical, Choices:        │ │
│ │ {ignore, order, partition}, Default: ignore                              │ │
│ │ │   ranger.sample.fraction, Type: UniformFloat, Range: [0.1, 1.0],       │ │
│ │ Default: 0.55                                                            │ │
│ │ │   ranger.splitrule, Type: Categorical, Choices: {gini, extratrees},    │ │
│ │ Default: gini                                                            │ │
│ │ │   rpart.cp, Type: UniformFloat, Range: [0.0009118819656, 1.0],         │ │
│ │ Default: 0.01, on log-scale                                              │ │
│ │ │   rpart.maxdepth, Type: UniformInteger, Range: [1, 30], Default: 30    │ │
│ │ │   rpart.minbucket, Type: UniformInteger, Range: [1, 100], Default: 1   │ │
│ │ │   rpart.minsplit, Type: UniformInteger, Range: [1, 100], Default: 20   │ │
│ │ │   svm.cost, Type: UniformFloat, Range: [4.53999298e-05,                │ │
│ │ 22026.465794806718], Default: 1.0, on log-scale                          │ │
│ │ │   svm.degree, Type: UniformInteger, Range: [2, 5], Default: 4          │ │
│ │ │   svm.gamma, Type: UniformFloat, Range: [4.53999298e-05,               │ │
│ │ 22026.465794806718], Default: 1.0, on log-scale                          │ │
│ │ │   svm.kernel, Type: Categorical, Choices: {linear, polynomial,         │ │
│ │ radial}, Default: linear                                                 │ │
│ │ │   svm.tolerance, Type: UniformFloat, Range: [4.53999298e-05, 2.0],     │ │
│ │ Default: 0.009528896, on log-scale                                       │ │
│ │ │   task_id, Type: Constant, Value: 1053                                 │ │
│ │ │   xgboost.alpha, Type: UniformFloat, Range: [0.0009118819656,          │ │
│ │ 1096.6331584284585], Default: 1.0, on log-scale                          │ │
│ │ │   xgboost.booster, Type: Categorical, Choices: {gblinear, gbtree,      │ │
│ │ dart}, Default: gblinear                                                 │ │
│ │ │   xgboost.colsample_bylevel, Type: UniformFloat, Range: [0.01, 1.0],   │ │
│ │ Default: 0.505                                                           │ │
│ │ │   xgboost.colsample_bytree, Type: UniformFloat, Range: [0.01, 1.0],    │ │
│ │ Default: 0.505                                                           │ │
│ │ │   xgboost.eta, Type: UniformFloat, Range: [0.0009118819656, 1.0],      │ │
│ │ Default: 0.0301973834, on log-scale                                      │ │
│ │ │   xgboost.gamma, Type: UniformFloat, Range: [4.53999298e-05,           │ │
│ │ 7.3890560989306], Default: 0.0183156389, on log-scale                    │ │
│ │ │   xgboost.lambda, Type: UniformFloat, Range: [0.0009118819656,         │ │
│ │ 1096.6331584284585], Default: 1.0, on log-scale                          │ │
│ │ │   xgboost.max_depth, Type: UniformInteger, Range: [1, 15], Default: 8  │ │
│ │ │   xgboost.min_child_weight, Type: UniformFloat, Range:                 │ │
│ │ [2.718281828459, 148.4131591025766], Default: 20.0855369232, on          │ │
│ │ log-scale                                                                │ │
│ │ │   xgboost.nrounds, Type: UniformInteger, Range: [7, 2981], Default:    │ │
│ │ 144, on log-scale                                                        │ │
│ │ │   xgboost.rate_drop, Type: UniformFloat, Range: [0.0, 1.0], Default:   │ │
│ │ 0.5                                                                      │ │
│ │ │   xgboost.skip_drop, Type: UniformFloat, Range: [0.0, 1.0], Default:   │ │
│ │ 0.5                                                                      │ │
│ │ │   xgboost.subsample, Type: UniformFloat, Range: [0.1, 1.0], Default:   │ │
│ │ 0.55                                                                     │ │
│ │   Conditions:                                                            │ │
│ │ │   (ranger.num.random.splits | ranger.splitrule == 'extratrees' &&      │ │
│ │ ranger.num.random.splits | learner_id == 'ranger')                       │ │
│ │ │   (svm.degree | svm.kernel == 'polynomial' && svm.degree | learner_id  │ │
│ │ == 'svm')                                                                │ │
│ │ │   (svm.gamma | svm.kernel == 'radial' && svm.gamma | learner_id ==     │ │
│ │ 'svm')                                                                   │ │
│ │ │   (xgboost.colsample_bylevel | xgboost.booster in {'dart', 'gbtree'}   │ │
│ │ && xgboost.colsample_bylevel | learner_id == 'xgboost')                  │ │
│ │ │   (xgboost.colsample_bytree | xgboost.booster in {'dart', 'gbtree'} && │ │
│ │ xgboost.colsample_bytree | learner_id == 'xgboost')                      │ │
│ │ │   (xgboost.eta | xgboost.booster in {'dart', 'gbtree'} && xgboost.eta  │ │
│ │ | learner_id == 'xgboost')                                               │ │
│ │ │   (xgboost.gamma | xgboost.booster in {'dart', 'gbtree'} &&            │ │
│ │ xgboost.gamma | learner_id == 'xgboost')                                 │ │
│ │ │   (xgboost.max_depth | xgboost.booster in {'dart', 'gbtree'} &&        │ │
│ │ xgboost.max_depth | learner_id == 'xgboost')                             │ │
│ │ │   (xgboost.min_child_weight | xgboost.booster in {'dart', 'gbtree'} && │ │
│ │ xgboost.min_child_weight | learner_id == 'xgboost')                      │ │
│ │ │   (xgboost.rate_drop | xgboost.booster == 'dart' && xgboost.rate_drop  │ │
│ │ | learner_id == 'xgboost')                                               │ │
│ │ │   (xgboost.skip_drop | xgboost.booster == 'dart' && xgboost.skip_drop  │ │
│ │ | learner_id == 'xgboost')                                               │ │
│ │ │   aknn.M | learner_id == 'aknn'                                        │ │
│ │ │   aknn.distance | learner_id == 'aknn'                                 │ │
│ │ │   aknn.ef | learner_id == 'aknn'                                       │ │
│ │ │   aknn.ef_construction | learner_id == 'aknn'                          │ │
│ │ │   aknn.k | learner_id == 'aknn'                                        │ │
│ │ │   glmnet.alpha | learner_id == 'glmnet'                                │ │
│ │ │   glmnet.s | learner_id == 'glmnet'                                    │ │
│ │ │   ranger.min.node.size | learner_id == 'ranger'                        │ │
│ │ │   ranger.mtry.power | learner_id == 'ranger'                           │ │
│ │ │   ranger.num.trees | learner_id == 'ranger'                            │ │
│ │ │   ranger.respect.unordered.factors | learner_id == 'ranger'            │ │
│ │ │   ranger.sample.fraction | learner_id == 'ranger'                      │ │
│ │ │   ranger.splitrule | learner_id == 'ranger'                            │ │
│ │ │   rpart.cp | learner_id == 'rpart'                                     │ │
│ │ │   rpart.maxdepth | learner_id == 'rpart'                               │ │
│ │ │   rpart.minbucket | learner_id == 'rpart'                              │ │
│ │ │   rpart.minsplit | learner_id == 'rpart'                               │ │
│ │ │   svm.cost | learner_id == 'svm'                                       │ │
│ │ │   svm.kernel | learner_id == 'svm'                                     │ │
│ │ │   svm.tolerance | learner_id == 'svm'                                  │ │
│ │ │   xgboost.alpha | learner_id == 'xgboost'                              │ │
│ │ │   xgboost.booster | learner_id == 'xgboost'                            │ │
│ │ │   xgboost.lambda | learner_id == 'xgboost'                             │ │
│ │ │   xgboost.nrounds | learner_id == 'xgboost'                            │ │
│ │ │   xgboost.subsample | learner_id == 'xgboost'                          │ │
│ │ ,                                                                        │ │
│ │ │   │   fidelity_space=FidelitySpace(                                    │ │
│ │ │   │   │   is_multifidelity=False,                                      │ │
│ │ │   │   │   fidelity_type=None,                                          │ │
│ │ │   │   │   min_fidelity=None,                                           │ │
│ │ │   │   │   max_fidelity=None                                            │ │
│ │ │   │   ),                                                               │ │
│ │ │   │   instance_space=None                                              │ │
│ │ │   ),                                                                   │ │
│ │ │   output_space=OutputSpace(n_objectives=1, objectives=['acc']),        │ │
│ │ │   optimization_resources=OptimizationResources(                        │ │
│ │ │   │   n_trials=50,                                                     │ │
│ │ │   │   time_budget=None,                                                │ │
│ │ │   │   n_workers=1                                                      │ │
│ │ │   ),                                                                   │ │
│ │ │   metadata=TaskMetadata(                                               │ │
│ │ │   │   has_constraints=False,                                           │ │
│ │ │   │   domain='ML',                                                     │ │
│ │ │   │   objective_function_approximation='surrogate',                    │ │
│ │ │   │   has_virtual_time=False,                                          │ │
│ │ │   │   deterministic=False,                                             │ │
│ │ │   │   dimensions=38,                                                   │ │
│ │ │   │   search_space_n_categoricals=7,                                   │ │
│ │ │   │   search_space_n_ordinals=0,                                       │ │
│ │ │   │   search_space_n_integers=13,                                      │ │
│ │ │   │   search_space_n_floats=18,                                        │ │
│ │ │   │   search_space_has_conditionals=True,                              │ │
│ │ │   │   search_space_has_forbiddens=False,                               │ │
│ │ │   │   search_space_has_priors=False                                    │ │
│ │ │   ),                                                                   │ │
│ │ │   seed=3                                                               │ │
│ │ )                                                                        │ │
│ ╰──────────────────────────────────────────────────────────────────────────╯ │
│                                                                              │
│            input_space = InputSpace(                                         │
│                              configuration_space=Configuration space object: │
│                            Hyperparameters:                                  │
│                              aknn.M, Type: UniformInteger, Range: [18, 50],  │
│                          Default: 34                                         │
│                              aknn.distance, Type: Categorical, Choices: {l2, │
│                          cosine, ip}, Default: l2                            │
│                              aknn.ef, Type: UniformInteger, Range: [8, 256], │
│                          Default: 48, on log-scale                           │
│                              aknn.ef_construction, Type: UniformInteger,     │
│                          Range: [8, 512], Default: 96, on log-scale          │
│                              aknn.k, Type: UniformInteger, Range: [1, 50],   │
│                          Default: 26                                         │
│                              glmnet.alpha, Type: UniformFloat, Range: [0.0,  │
│                          1.0], Default: 1.0                                  │
│                              glmnet.s, Type: UniformFloat, Range:            │
│                          [0.0009118819656, 1096.6331584284585], Default:     │
│                          1.0, on log-scale                                   │
│                              learner_id, Type: Categorical, Choices: {aknn,  │
│                          glmnet, ranger, rpart, svm, xgboost}, Default: aknn │
│                              num.impute.selected.cpo, Type: Categorical,     │
│                          Choices: {impute.mean, impute.median, impute.hist}, │
│                          Default: impute.mean                                │
│                              ranger.min.node.size, Type: UniformInteger,     │
│                          Range: [1, 100], Default: 50                        │
│                              ranger.mtry.power, Type: UniformFloat, Range:   │
│                          [0.0, 1.0], Default: 0.0                            │
│                              ranger.num.random.splits, Type: UniformInteger, │
│                          Range: [1, 100], Default: 1                         │
│                              ranger.num.trees, Type: UniformInteger, Range:  │
│                          [1, 2000], Default: 1000                            │
│                              ranger.respect.unordered.factors, Type:         │
│                          Categorical, Choices: {ignore, order, partition},   │
│                          Default: ignore                                     │
│                              ranger.sample.fraction, Type: UniformFloat,     │
│                          Range: [0.1, 1.0], Default: 0.55                    │
│                              ranger.splitrule, Type: Categorical, Choices:   │
│                          {gini, extratrees}, Default: gini                   │
│                              rpart.cp, Type: UniformFloat, Range:            │
│                          [0.0009118819656, 1.0], Default: 0.01, on log-scale │
│                              rpart.maxdepth, Type: UniformInteger, Range:    │
│                          [1, 30], Default: 30                                │
│                              rpart.minbucket, Type: UniformInteger, Range:   │
│                          [1, 100], Default: 1                                │
│                              rpart.minsplit, Type: UniformInteger, Range:    │
│                          [1, 100], Default: 20                               │
│                              svm.cost, Type: UniformFloat, Range:            │
│                          [4.53999298e-05, 22026.465794806718], Default: 1.0, │
│                          on log-scale                                        │
│                              svm.degree, Type: UniformInteger, Range: [2,    │
│                          5], Default: 4                                      │
│                              svm.gamma, Type: UniformFloat, Range:           │
│                          [4.53999298e-05, 22026.465794806718], Default: 1.0, │
│                          on log-scale                                        │
│                              svm.kernel, Type: Categorical, Choices:         │
│                          {linear, polynomial, radial}, Default: linear       │
│                              svm.tolerance, Type: UniformFloat, Range:       │
│                          [4.53999298e-05, 2.0], Default: 0.009528896, on     │
│                          log-scale                                           │
│                              task_id, Type: Constant, Value: 1053            │
│                              xgboost.alpha, Type: UniformFloat, Range:       │
│                          [0.0009118819656, 1096.6331584284585], Default:     │
│                          1.0, on log-scale                                   │
│                              xgboost.booster, Type: Categorical, Choices:    │
│                          {gblinear, gbtree, dart}, Default: gblinear         │
│                              xgboost.colsample_bylevel, Type: UniformFloat,  │
│                          Range: [0.01, 1.0], Default: 0.505                  │
│                              xgboost.colsample_bytree, Type: UniformFloat,   │
│                          Range: [0.01, 1.0], Default: 0.505                  │
│                              xgboost.eta, Type: UniformFloat, Range:         │
│                          [0.0009118819656, 1.0], Default: 0.0301973834, on   │
│                          log-scale                                           │
│                              xgboost.gamma, Type: UniformFloat, Range:       │
│                          [4.53999298e-05, 7.3890560989306], Default:         │
│                          0.0183156389, on log-scale                          │
│                              xgboost.lambda, Type: UniformFloat, Range:      │
│                          [0.0009118819656, 1096.6331584284585], Default:     │
│                          1.0, on log-scale                                   │
│                              xgboost.max_depth, Type: UniformInteger, Range: │
│                          [1, 15], Default: 8                                 │
│                              xgboost.min_child_weight, Type: UniformFloat,   │
│                          Range: [2.718281828459, 148.4131591025766],         │
│                          Default: 20.0855369232, on log-scale                │
│                              xgboost.nrounds, Type: UniformInteger, Range:   │
│                          [7, 2981], Default: 144, on log-scale               │
│                              xgboost.rate_drop, Type: UniformFloat, Range:   │
│                          [0.0, 1.0], Default: 0.5                            │
│                              xgboost.skip_drop, Type: UniformFloat, Range:   │
│                          [0.0, 1.0], Default: 0.5                            │
│                              xgboost.subsample, Type: UniformFloat, Range:   │
│                          [0.1, 1.0], Default: 0.55                           │
│                            Conditions:                                       │
│                              (ranger.num.random.splits | ranger.splitrule == │
│                          'extratrees' && ranger.num.random.splits |          │
│                          learner_id == 'ranger')                             │
│                              (svm.degree | svm.kernel == 'polynomial' &&     │
│                          svm.degree | learner_id == 'svm')                   │
│                              (svm.gamma | svm.kernel == 'radial' &&          │
│                          svm.gamma | learner_id == 'svm')                    │
│                              (xgboost.colsample_bylevel | xgboost.booster in │
│                          {'dart', 'gbtree'} && xgboost.colsample_bylevel |   │
│                          learner_id == 'xgboost')                            │
│                              (xgboost.colsample_bytree | xgboost.booster in  │
│                          {'dart', 'gbtree'} && xgboost.colsample_bytree |    │
│                          learner_id == 'xgboost')                            │
│                              (xgboost.eta | xgboost.booster in {'dart',      │
│                          'gbtree'} && xgboost.eta | learner_id == 'xgboost') │
│                              (xgboost.gamma | xgboost.booster in {'dart',    │
│                          'gbtree'} && xgboost.gamma | learner_id ==          │
│                          'xgboost')                                          │
│                              (xgboost.max_depth | xgboost.booster in         │
│                          {'dart', 'gbtree'} && xgboost.max_depth |           │
│                          learner_id == 'xgboost')                            │
│                              (xgboost.min_child_weight | xgboost.booster in  │
│                          {'dart', 'gbtree'} && xgboost.min_child_weight |    │
│                          learner_id == 'xgboost')                            │
│                              (xgboost.rate_drop | xgboost.booster == 'dart'  │
│                          && xgboost.rate_drop | learner_id == 'xgboost')     │
│                              (xgboost.skip_drop | xgboost.booster == 'dart'  │
│                          && xgboost.skip_drop | learner_id == 'xgboost')     │
│                              aknn.M | learner_id == 'aknn'                   │
│                              aknn.distance | learner_id == 'aknn'            │
│                              aknn.ef | learner_id == 'aknn'                  │
│                              aknn.ef_construction | learner_id == 'aknn'     │
│                              aknn.k | learner_id == 'aknn'                   │
│                              glmnet.alpha | learner_id == 'glmnet'           │
│                              glmnet.s | learner_id == 'glmnet'               │
│                              ranger.min.node.size | learner_id == 'ranger'   │
│                              ranger.mtry.power | learner_id == 'ranger'      │
│                              ranger.num.trees | learner_id == 'ranger'       │
│                              ranger.respect.unordered.factors | learner_id   │
│                          == 'ranger'                                         │
│                              ranger.sample.fraction | learner_id == 'ranger' │
│                              ranger.splitrule | learner_id == 'ranger'       │
│                              rpart.cp | learner_id == 'rpart'                │
│                              rpart.maxdepth | learner_id == 'rpart'          │
│                              rpart.minbucket | learner_id == 'rpart'         │
│                              rpart.minsplit | learner_id == 'rpart'          │
│                              svm.cost | learner_id == 'svm'                  │
│                              svm.kernel | learner_id == 'svm'                │
│                              svm.tolerance | learner_id == 'svm'             │
│                              xgboost.alpha | learner_id == 'xgboost'         │
│                              xgboost.booster | learner_id == 'xgboost'       │
│                              xgboost.lambda | learner_id == 'xgboost'        │
│                              xgboost.nrounds | learner_id == 'xgboost'       │
│                              xgboost.subsample | learner_id == 'xgboost'     │
│                          ,                                                   │
│                              fidelity_space=FidelitySpace(                   │
│                                  is_multifidelity=False,                     │
│                                  fidelity_type=None,                         │
│                                  min_fidelity=None,                          │
│                                  max_fidelity=None                           │
│                              ),                                              │
│                              instance_space=None                             │
│                          )                                                   │
│               metadata = TaskMetadata(                                       │
│                              has_constraints=False,                          │
│                              domain='ML',                                    │
│                              objective_function_approximation='surrogate',   │
│                              has_virtual_time=False,                         │
│                              deterministic=False,                            │
│                              dimensions=38,                                  │
│                              search_space_n_categoricals=7,                  │
│                              search_space_n_ordinals=0,                      │
│                              search_space_n_integers=13,                     │
│                              search_space_n_floats=18,                       │
│                              search_space_has_conditionals=True,             │
│                              search_space_has_forbiddens=False,              │
│                              search_space_has_priors=False                   │
│                          )                                                   │
│                   name = 'yahpo/so/rbv2_super/1053/None'                     │
│     objective_function = <carps.objective_functions.yahpo.YahpoObjectiveFun… │
│                          object at 0x1457165fcd70>                           │
│ optimization_resources = OptimizationResources(                              │
│                              n_trials=50,                                    │
│                              time_budget=None,                               │
│                              n_workers=1                                     │
│                          )                                                   │
│           output_space = OutputSpace(n_objectives=1, objectives=['acc'])     │
│                   seed = 3                                                   │
╰──────────────────────────────────────────────────────────────────────────────╯
╭────────────── <class 'carps.optimizers.smac20.SMAC3Optimizer'> ──────────────╮
│ SMAC3 Optimizer.                                                             │
│                                                                              │
│ ╭──────────────────────────────────────────────────────────────────────────╮ │
│ │ <carps.optimizers.smac20.SMAC3Optimizer object at 0x14571636d550>        │ │
│ ╰──────────────────────────────────────────────────────────────────────────╯ │
│                                                                              │
│                  configspace = Configuration space object:                   │
│                                  Hyperparameters:                            │
│                                    aknn.M, Type: UniformInteger, Range: [18, │
│                                50], Default: 34                              │
│                                    aknn.distance, Type: Categorical,         │
│                                Choices: {l2, cosine, ip}, Default: l2        │
│                                    aknn.ef, Type: UniformInteger, Range: [8, │
│                                256], Default: 48, on log-scale               │
│                                    aknn.ef_construction, Type:               │
│                                UniformInteger, Range: [8, 512], Default: 96, │
│                                on log-scale                                  │
│                                    aknn.k, Type: UniformInteger, Range: [1,  │
│                                50], Default: 26                              │
│                                    glmnet.alpha, Type: UniformFloat, Range:  │
│                                [0.0, 1.0], Default: 1.0                      │
│                                    glmnet.s, Type: UniformFloat, Range:      │
│                                [0.0009118819656, 1096.6331584284585],        │
│                                Default: 1.0, on log-scale                    │
│                                    learner_id, Type: Categorical, Choices:   │
│                                {aknn, glmnet, ranger, rpart, svm, xgboost},  │
│                                Default: aknn                                 │
│                                    num.impute.selected.cpo, Type:            │
│                                Categorical, Choices: {impute.mean,           │
│                                impute.median, impute.hist}, Default:         │
│                                impute.mean                                   │
│                                    ranger.min.node.size, Type:               │
│                                UniformInteger, Range: [1, 100], Default: 50  │
│                                    ranger.mtry.power, Type: UniformFloat,    │
│                                Range: [0.0, 1.0], Default: 0.0               │
│                                    ranger.num.random.splits, Type:           │
│                                UniformInteger, Range: [1, 100], Default: 1   │
│                                    ranger.num.trees, Type: UniformInteger,   │
│                                Range: [1, 2000], Default: 1000               │
│                                    ranger.respect.unordered.factors, Type:   │
│                                Categorical, Choices: {ignore, order,         │
│                                partition}, Default: ignore                   │
│                                    ranger.sample.fraction, Type:             │
│                                UniformFloat, Range: [0.1, 1.0], Default:     │
│                                0.55                                          │
│                                    ranger.splitrule, Type: Categorical,      │
│                                Choices: {gini, extratrees}, Default: gini    │
│                                    rpart.cp, Type: UniformFloat, Range:      │
│                                [0.0009118819656, 1.0], Default: 0.01, on     │
│                                log-scale                                     │
│                                    rpart.maxdepth, Type: UniformInteger,     │
│                                Range: [1, 30], Default: 30                   │
│                                    rpart.minbucket, Type: UniformInteger,    │
│                                Range: [1, 100], Default: 1                   │
│                                    rpart.minsplit, Type: UniformInteger,     │
│                                Range: [1, 100], Default: 20                  │
│                                    svm.cost, Type: UniformFloat, Range:      │
│                                [4.53999298e-05, 22026.465794806718],         │
│                                Default: 1.0, on log-scale                    │
│                                    svm.degree, Type: UniformInteger, Range:  │
│                                [2, 5], Default: 4                            │
│                                    svm.gamma, Type: UniformFloat, Range:     │
│                                [4.53999298e-05, 22026.465794806718],         │
│                                Default: 1.0, on log-scale                    │
│                                    svm.kernel, Type: Categorical, Choices:   │
│                                {linear, polynomial, radial}, Default: linear │
│                                    svm.tolerance, Type: UniformFloat, Range: │
│                                [4.53999298e-05, 2.0], Default: 0.009528896,  │
│                                on log-scale                                  │
│                                    task_id, Type: Constant, Value: 1053      │
│                                    xgboost.alpha, Type: UniformFloat, Range: │
│                                [0.0009118819656, 1096.6331584284585],        │
│                                Default: 1.0, on log-scale                    │
│                                    xgboost.booster, Type: Categorical,       │
│                                Choices: {gblinear, gbtree, dart}, Default:   │
│                                gblinear                                      │
│                                    xgboost.colsample_bylevel, Type:          │
│                                UniformFloat, Range: [0.01, 1.0], Default:    │
│                                0.505                                         │
│                                    xgboost.colsample_bytree, Type:           │
│                                UniformFloat, Range: [0.01, 1.0], Default:    │
│                                0.505                                         │
│                                    xgboost.eta, Type: UniformFloat, Range:   │
│                                [0.0009118819656, 1.0], Default:              │
│                                0.0301973834, on log-scale                    │
│                                    xgboost.gamma, Type: UniformFloat, Range: │
│                                [4.53999298e-05, 7.3890560989306], Default:   │
│                                0.0183156389, on log-scale                    │
│                                    xgboost.lambda, Type: UniformFloat,       │
│                                Range: [0.0009118819656, 1096.6331584284585], │
│                                Default: 1.0, on log-scale                    │
│                                    xgboost.max_depth, Type: UniformInteger,  │
│                                Range: [1, 15], Default: 8                    │
│                                    xgboost.min_child_weight, Type:           │
│                                UniformFloat, Range: [2.718281828459,         │
│                                148.4131591025766], Default: 20.0855369232,   │
│                                on log-scale                                  │
│                                    xgboost.nrounds, Type: UniformInteger,    │
│                                Range: [7, 2981], Default: 144, on log-scale  │
│                                    xgboost.rate_drop, Type: UniformFloat,    │
│                                Range: [0.0, 1.0], Default: 0.5               │
│                                    xgboost.skip_drop, Type: UniformFloat,    │
│                                Range: [0.0, 1.0], Default: 0.5               │
│                                    xgboost.subsample, Type: UniformFloat,    │
│                                Range: [0.1, 1.0], Default: 0.55              │
│                                  Conditions:                                 │
│                                    (ranger.num.random.splits |               │
│                                ranger.splitrule == 'extratrees' &&           │
│                                ranger.num.random.splits | learner_id ==      │
│                                'ranger')                                     │
│                                    (svm.degree | svm.kernel == 'polynomial'  │
│                                && svm.degree | learner_id == 'svm')          │
│                                    (svm.gamma | svm.kernel == 'radial' &&    │
│                                svm.gamma | learner_id == 'svm')              │
│                                    (xgboost.colsample_bylevel |              │
│                                xgboost.booster in {'dart', 'gbtree'} &&      │
│                                xgboost.colsample_bylevel | learner_id ==     │
│                                'xgboost')                                    │
│                                    (xgboost.colsample_bytree |               │
│                                xgboost.booster in {'dart', 'gbtree'} &&      │
│                                xgboost.colsample_bytree | learner_id ==      │
│                                'xgboost')                                    │
│                                    (xgboost.eta | xgboost.booster in         │
│                                {'dart', 'gbtree'} && xgboost.eta |           │
│                                learner_id == 'xgboost')                      │
│                                    (xgboost.gamma | xgboost.booster in       │
│                                {'dart', 'gbtree'} && xgboost.gamma |         │
│                                learner_id == 'xgboost')                      │
│                                    (xgboost.max_depth | xgboost.booster in   │
│                                {'dart', 'gbtree'} && xgboost.max_depth |     │
│                                learner_id == 'xgboost')                      │
│                                    (xgboost.min_child_weight |               │
│                                xgboost.booster in {'dart', 'gbtree'} &&      │
│                                xgboost.min_child_weight | learner_id ==      │
│                                'xgboost')                                    │
│                                    (xgboost.rate_drop | xgboost.booster ==   │
│                                'dart' && xgboost.rate_drop | learner_id ==   │
│                                'xgboost')                                    │
│                                    (xgboost.skip_drop | xgboost.booster ==   │
│                                'dart' && xgboost.skip_drop | learner_id ==   │
│                                'xgboost')                                    │
│                                    aknn.M | learner_id == 'aknn'             │
│                                    aknn.distance | learner_id == 'aknn'      │
│                                    aknn.ef | learner_id == 'aknn'            │
│                                    aknn.ef_construction | learner_id ==      │
│                                'aknn'                                        │
│                                    aknn.k | learner_id == 'aknn'             │
│                                    glmnet.alpha | learner_id == 'glmnet'     │
│                                    glmnet.s | learner_id == 'glmnet'         │
│                                    ranger.min.node.size | learner_id ==      │
│                                'ranger'                                      │
│                                    ranger.mtry.power | learner_id ==         │
│                                'ranger'                                      │
│                                    ranger.num.trees | learner_id == 'ranger' │
│                                    ranger.respect.unordered.factors |        │
│                                learner_id == 'ranger'                        │
│                                    ranger.sample.fraction | learner_id ==    │
│                                'ranger'                                      │
│                                    ranger.splitrule | learner_id == 'ranger' │
│                                    rpart.cp | learner_id == 'rpart'          │
│                                    rpart.maxdepth | learner_id == 'rpart'    │
│                                    rpart.minbucket | learner_id == 'rpart'   │
│                                    rpart.minsplit | learner_id == 'rpart'    │
│                                    svm.cost | learner_id == 'svm'            │
│                                    svm.kernel | learner_id == 'svm'          │
│                                    svm.tolerance | learner_id == 'svm'       │
│                                    xgboost.alpha | learner_id == 'xgboost'   │
│                                    xgboost.booster | learner_id == 'xgboost' │
│                                    xgboost.lambda | learner_id == 'xgboost'  │
│                                    xgboost.nrounds | learner_id == 'xgboost' │
│                                    xgboost.subsample | learner_id ==         │
│                                'xgboost'                                     │
│                                                                              │
│           expects_fidelities = False                                         │
│  expects_multiple_objectives = False                                         │
│             fidelity_enabled = False                                         │
│                      loggers = [<carps.loggers.file_logger.FileLogger object │
│                                at 0x1457165fc980>,                           │
│                                <carps.loggers.database_logger.DatabaseLogger │
│                                object at 0x1457165fc1a0>]                    │
│                     smac_cfg = {'scenario': {'seed': 3, 'n_trials': 50,      │
│                                'objectives': ['acc'], 'deterministic': True, │
│                                'n_workers': 1, 'output_directory':           │
│                                'runs/SMAC3-HPOFacade/YAHPO/yahpo/so/rbv2_su… │
│                                'min_budget': None, 'max_budget': None},      │
│                                'smac_kwargs': {'dask_client': None,          │
│                                'overwrite': True}, 'smac_class':             │
│                                'smac.facade.HyperparameterOptimizationFacad… │
│                       solver = None                                          │
│                         task = Task(                                         │
│                                    name='yahpo/so/rbv2_super/1053/None',     │
│                                    objective_function=<carps.objective_func… │
│                                object at 0x1457165fcd70>,                    │
│                                    input_space=InputSpace(                   │
│                                        configuration_space=Configuration     │
│                                space object:                                 │
│                                  Hyperparameters:                            │
│                                    aknn.M, Type: UniformInteger, Range: [18, │
│                                50], Default: 34                              │
│                                    aknn.distance, Type: Categorical,         │
│                                Choices: {l2, cosine, ip}, Default: l2        │
│                                    aknn.ef, Type: UniformInteger, Range: [8, │
│                                256], Default: 48, on log-scale               │
│                                    aknn.ef_construction, Type:               │
│                                UniformInteger, Range: [8, 512], Default: 96, │
│                                on log-scale                                  │
│                                    aknn.k, Type: UniformInteger, Range: [1,  │
│                                50], Default: 26                              │
│                                    glmnet.alpha, Type: UniformFloat, Range:  │
│                                [0.0, 1.0], Default: 1.0                      │
│                                    glmnet.s, Type: UniformFloat, Range:      │
│                                [0.0009118819656, 1096.6331584284585],        │
│                                Default: 1.0, on log-scale                    │
│                                    learner_id, Type: Categorical, Choices:   │
│                                {aknn, glmnet, ranger, rpart, svm, xgboost},  │
│                                Default: aknn                                 │
│                                    num.impute.selected.cpo, Type:            │
│                                Categorical, Choices: {impute.mean,           │
│                                impute.median, impute.hist}, Default:         │
│                                impute.mean                                   │
│                                    ranger.min.node.size, Type:               │
│                                UniformInteger, Range: [1, 100], Default: 50  │
│                                    ranger.mtry.power, Type: UniformFloat,    │
│                                Range: [0.0, 1.0], Default: 0.0               │
│                                    ranger.num.random.splits, Type:           │
│                                UniformInteger, Range: [1, 100], Default: 1   │
│                                    ranger.num.trees, Type: UniformInteger,   │
│                                Range: [1, 2000], Default: 1000               │
│                                    ranger.respect.unordered.factors, Type:   │
│                                Categorical, Choices: {ignore, order,         │
│                                partition}, Default: ignore                   │
│                                    ranger.sample.fraction, Type:             │
│                                UniformFloat, Range: [0.1, 1.0], Default:     │
│                                0.55                                          │
│                                    ranger.splitrule, Type: Categorical,      │
│                                Choices: {gini, extratrees}, Default: gini    │
│                                    rpart.cp, Type: UniformFloat, Range:      │
│                                [0.0009118819656, 1.0], Default: 0.01, on     │
│                                log-scale                                     │
│                                    rpart.maxdepth, Type: UniformInteger,     │
│                                Range: [1, 30], Default: 30                   │
│                                    rpart.minbucket, Type: UniformInteger,    │
│                                Range: [1, 100], Default: 1                   │
│                                    rpart.minsplit, Type: UniformInteger,     │
│                                Range: [1, 100], Default: 20                  │
│                                    svm.cost, Type: UniformFloat, Range:      │
│                                [4.53999298e-05, 22026.465794806718],         │
│                                Default: 1.0, on log-scale                    │
│                                    svm.degree, Type: UniformInteger, Range:  │
│                                [2, 5], Default: 4                            │
│                                    svm.gamma, Type: UniformFloat, Range:     │
│                                [4.53999298e-05, 22026.465794806718],         │
│                                Default: 1.0, on log-scale                    │
│                                    svm.kernel, Type: Categorical, Choices:   │
│                                {linear, polynomial, radial}, Default: linear │
│                                    svm.tolerance, Type: UniformFloat, Range: │
│                                [4.53999298e-05, 2.0], Default: 0.009528896,  │
│                                on log-scale                                  │
│                                    task_id, Type: Constant, Value: 1053      │
│                                    xgboost.alpha, Type: UniformFloat, Range: │
│                                [0.0009118819656, 1096.6331584284585],        │
│                                Default: 1.0, on log-scale                    │
│                                    xgboost.booster, Type: Categorical,       │
│                                Choices: {gblinear, gbtree, dart}, Default:   │
│                                gblinear                                      │
│                                    xgboost.colsample_bylevel, Type:          │
│                                UniformFloat, Range: [0.01, 1.0], Default:    │
│                                0.505                                         │
│                                    xgboost.colsample_bytree, Type:           │
│                                UniformFloat, Range: [0.01, 1.0], Default:    │
│                                0.505                                         │
│                                    xgboost.eta, Type: UniformFloat, Range:   │
│                                [0.0009118819656, 1.0], Default:              │
│                                0.0301973834, on log-scale                    │
│                                    xgboost.gamma, Type: UniformFloat, Range: │
│                                [4.53999298e-05, 7.3890560989306], Default:   │
│                                0.0183156389, on log-scale                    │
│                                    xgboost.lambda, Type: UniformFloat,       │
│                                Range: [0.0009118819656, 1096.6331584284585], │
│                                Default: 1.0, on log-scale                    │
│                                    xgboost.max_depth, Type: UniformInteger,  │
│                                Range: [1, 15], Default: 8                    │
│                                    xgboost.min_child_weight, Type:           │
│                                UniformFloat, Range: [2.718281828459,         │
│                                148.4131591025766], Default: 20.0855369232,   │
│                                on log-scale                                  │
│                                    xgboost.nrounds, Type: UniformInteger,    │
│                                Range: [7, 2981], Default: 144, on log-scale  │
│                                    xgboost.rate_drop, Type: UniformFloat,    │
│                                Range: [0.0, 1.0], Default: 0.5               │
│                                    xgboost.skip_drop, Type: UniformFloat,    │
│                                Range: [0.0, 1.0], Default: 0.5               │
│                                    xgboost.subsample, Type: UniformFloat,    │
│                                Range: [0.1, 1.0], Default: 0.55              │
│                                  Conditions:                                 │
│                                    (ranger.num.random.splits |               │
│                                ranger.splitrule == 'extratrees' &&           │
│                                ranger.num.random.splits | learner_id ==      │
│                                'ranger')                                     │
│                                    (svm.degree | svm.kernel == 'polynomial'  │
│                                && svm.degree | learner_id == 'svm')          │
│                                    (svm.gamma | svm.kernel == 'radial' &&    │
│                                svm.gamma | learner_id == 'svm')              │
│                                    (xgboost.colsample_bylevel |              │
│                                xgboost.booster in {'dart', 'gbtree'} &&      │
│                                xgboost.colsample_bylevel | learner_id ==     │
│                                'xgboost')                                    │
│                                    (xgboost.colsample_bytree |               │
│                                xgboost.booster in {'dart', 'gbtree'} &&      │
│                                xgboost.colsample_bytree | learner_id ==      │
│                                'xgboost')                                    │
│                                    (xgboost.eta | xgboost.booster in         │
│                                {'dart', 'gbtree'} && xgboost.eta |           │
│                                learner_id == 'xgboost')                      │
│                                    (xgboost.gamma | xgboost.booster in       │
│                                {'dart', 'gbtree'} && xgboost.gamma |         │
│                                learner_id == 'xgboost')                      │
│                                    (xgboost.max_depth | xgboost.booster in   │
│                                {'dart', 'gbtree'} && xgboost.max_depth |     │
│                                learner_id == 'xgboost')                      │
│                                    (xgboost.min_child_weight |               │
│                                xgboost.booster in {'dart', 'gbtree'} &&      │
│                                xgboost.min_child_weight | learner_id ==      │
│                                'xgboost')                                    │
│                                    (xgboost.rate_drop | xgboost.booster ==   │
│                                'dart' && xgboost.rate_drop | learner_id ==   │
│                                'xgboost')                                    │
│                                    (xgboost.skip_drop | xgboost.booster ==   │
│                                'dart' && xgboost.skip_drop | learner_id ==   │
│                                'xgboost')                                    │
│                                    aknn.M | learner_id == 'aknn'             │
│                                    aknn.distance | learner_id == 'aknn'      │
│                                    aknn.ef | learner_id == 'aknn'            │
│                                    aknn.ef_construction | learner_id ==      │
│                                'aknn'                                        │
│                                    aknn.k | learner_id == 'aknn'             │
│                                    glmnet.alpha | learner_id == 'glmnet'     │
│                                    glmnet.s | learner_id == 'glmnet'         │
│                                    ranger.min.node.size | learner_id ==      │
│                                'ranger'                                      │
│                                    ranger.mtry.power | learner_id ==         │
│                                'ranger'                                      │
│                                    ranger.num.trees | learner_id == 'ranger' │
│                                    ranger.respect.unordered.factors |        │
│                                learner_id == 'ranger'                        │
│                                    ranger.sample.fraction | learner_id ==    │
│                                'ranger'                                      │
│                                    ranger.splitrule | learner_id == 'ranger' │
│                                    rpart.cp | learner_id == 'rpart'          │
│                                    rpart.maxdepth | learner_id == 'rpart'    │
│                                    rpart.minbucket | learner_id == 'rpart'   │
│                                    rpart.minsplit | learner_id == 'rpart'    │
│                                    svm.cost | learner_id == 'svm'            │
│                                    svm.kernel | learner_id == 'svm'          │
│                                    svm.tolerance | learner_id == 'svm'       │
│                                    xgboost.alpha | learner_id == 'xgboost'   │
│                                    xgboost.booster | learner_id == 'xgboost' │
│                                    xgboost.lambda | learner_id == 'xgboost'  │
│                                    xgboost.nrounds | learner_id == 'xgboost' │
│                                    xgboost.subsample | learner_id ==         │
│                                'xgboost'                                     │
│                                ,                                             │
│                                        fidelity_space=FidelitySpace(         │
│                                            is_multifidelity=False,           │
│                                            fidelity_type=None,               │
│                                            min_fidelity=None,                │
│                                            max_fidelity=None                 │
│                                        ),                                    │
│                                        instance_space=None                   │
│                                    ),                                        │
│                                    output_space=OutputSpace(                 │
│                                        n_objectives=1,                       │
│                                        objectives=['acc']                    │
│                                    ),                                        │
│                                    optimization_resources=OptimizationResou… │
│                                        n_trials=50,                          │
│                                        time_budget=None,                     │
│                                        n_workers=1                           │
│                                    ),                                        │
│                                    metadata=TaskMetadata(                    │
│                                        has_constraints=False,                │
│                                        domain='ML',                          │
│                                        objective_function_approximation='su… │
│                                        has_virtual_time=False,               │
│                                        deterministic=False,                  │
│                                        dimensions=38,                        │
│                                        search_space_n_categoricals=7,        │
│                                        search_space_n_ordinals=0,            │
│                                        search_space_n_integers=13,           │
│                                        search_space_n_floats=18,             │
│                                        search_space_has_conditionals=True,   │
│                                        search_space_has_forbiddens=False,    │
│                                        search_space_has_priors=False         │
│                                    ),                                        │
│                                    seed=3                                    │
│                                )                                             │
│                  time_budget = None                                          │
│                trial_counter = 0                                             │
│ virtual_time_elapsed_seconds = 0.0                                           │
╰──────────────────────────────────────────────────────────────────────────────╯
<class 
'smac.facade.hyperparameter_optimization_facade.HyperparameterOptimizationFacade
'>
{
    'dask_client': None,
    'overwrite': True,
    'scenario': Scenario(
        configspace=Configuration space object:
  Hyperparameters:
    aknn.M, Type: UniformInteger, Range: [18, 50], Default: 34
    aknn.distance, Type: Categorical, Choices: {l2, cosine, ip}, Default: l2
    aknn.ef, Type: UniformInteger, Range: [8, 256], Default: 48, on log-scale
    aknn.ef_construction, Type: UniformInteger, Range: [8, 512], Default: 96, on
log-scale
    aknn.k, Type: UniformInteger, Range: [1, 50], Default: 26
    glmnet.alpha, Type: UniformFloat, Range: [0.0, 1.0], Default: 1.0
    glmnet.s, Type: UniformFloat, Range: [0.0009118819656, 1096.6331584284585], 
Default: 1.0, on log-scale
    learner_id, Type: Categorical, Choices: {aknn, glmnet, ranger, rpart, svm, 
xgboost}, Default: aknn
    num.impute.selected.cpo, Type: Categorical, Choices: {impute.mean, 
impute.median, impute.hist}, Default: impute.mean
    ranger.min.node.size, Type: UniformInteger, Range: [1, 100], Default: 50
    ranger.mtry.power, Type: UniformFloat, Range: [0.0, 1.0], Default: 0.0
    ranger.num.random.splits, Type: UniformInteger, Range: [1, 100], Default: 1
    ranger.num.trees, Type: UniformInteger, Range: [1, 2000], Default: 1000
    ranger.respect.unordered.factors, Type: Categorical, Choices: {ignore, 
order, partition}, Default: ignore
    ranger.sample.fraction, Type: UniformFloat, Range: [0.1, 1.0], Default: 0.55
    ranger.splitrule, Type: Categorical, Choices: {gini, extratrees}, Default: 
gini
    rpart.cp, Type: UniformFloat, Range: [0.0009118819656, 1.0], Default: 0.01, 
on log-scale
    rpart.maxdepth, Type: UniformInteger, Range: [1, 30], Default: 30
    rpart.minbucket, Type: UniformInteger, Range: [1, 100], Default: 1
    rpart.minsplit, Type: UniformInteger, Range: [1, 100], Default: 20
    svm.cost, Type: UniformFloat, Range: [4.53999298e-05, 22026.465794806718], 
Default: 1.0, on log-scale
    svm.degree, Type: UniformInteger, Range: [2, 5], Default: 4
    svm.gamma, Type: UniformFloat, Range: [4.53999298e-05, 22026.465794806718], 
Default: 1.0, on log-scale
    svm.kernel, Type: Categorical, Choices: {linear, polynomial, radial}, 
Default: linear
    svm.tolerance, Type: UniformFloat, Range: [4.53999298e-05, 2.0], Default: 
0.009528896, on log-scale
    task_id, Type: Constant, Value: 1053
    xgboost.alpha, Type: UniformFloat, Range: [0.0009118819656, 
1096.6331584284585], Default: 1.0, on log-scale
    xgboost.booster, Type: Categorical, Choices: {gblinear, gbtree, dart}, 
Default: gblinear
    xgboost.colsample_bylevel, Type: UniformFloat, Range: [0.01, 1.0], Default: 
0.505
    xgboost.colsample_bytree, Type: UniformFloat, Range: [0.01, 1.0], Default: 
0.505
    xgboost.eta, Type: UniformFloat, Range: [0.0009118819656, 1.0], Default: 
0.0301973834, on log-scale
    xgboost.gamma, Type: UniformFloat, Range: [4.53999298e-05, 7.3890560989306],
Default: 0.0183156389, on log-scale
    xgboost.lambda, Type: UniformFloat, Range: [0.0009118819656, 
1096.6331584284585], Default: 1.0, on log-scale
    xgboost.max_depth, Type: UniformInteger, Range: [1, 15], Default: 8
    xgboost.min_child_weight, Type: UniformFloat, Range: [2.718281828459, 
148.4131591025766], Default: 20.0855369232, on log-scale
    xgboost.nrounds, Type: UniformInteger, Range: [7, 2981], Default: 144, on 
log-scale
    xgboost.rate_drop, Type: UniformFloat, Range: [0.0, 1.0], Default: 0.5
    xgboost.skip_drop, Type: UniformFloat, Range: [0.0, 1.0], Default: 0.5
    xgboost.subsample, Type: UniformFloat, Range: [0.1, 1.0], Default: 0.55
  Conditions:
    (ranger.num.random.splits | ranger.splitrule == 'extratrees' && 
ranger.num.random.splits | learner_id == 'ranger')
    (svm.degree | svm.kernel == 'polynomial' && svm.degree | learner_id == 
'svm')
    (svm.gamma | svm.kernel == 'radial' && svm.gamma | learner_id == 'svm')
    (xgboost.colsample_bylevel | xgboost.booster in {'dart', 'gbtree'} && 
xgboost.colsample_bylevel | learner_id == 'xgboost')
    (xgboost.colsample_bytree | xgboost.booster in {'dart', 'gbtree'} && 
xgboost.colsample_bytree | learner_id == 'xgboost')
    (xgboost.eta | xgboost.booster in {'dart', 'gbtree'} && xgboost.eta | 
learner_id == 'xgboost')
    (xgboost.gamma | xgboost.booster in {'dart', 'gbtree'} && xgboost.gamma | 
learner_id == 'xgboost')
    (xgboost.max_depth | xgboost.booster in {'dart', 'gbtree'} && 
xgboost.max_depth | learner_id == 'xgboost')
    (xgboost.min_child_weight | xgboost.booster in {'dart', 'gbtree'} && 
xgboost.min_child_weight | learner_id == 'xgboost')
    (xgboost.rate_drop | xgboost.booster == 'dart' && xgboost.rate_drop | 
learner_id == 'xgboost')
    (xgboost.skip_drop | xgboost.booster == 'dart' && xgboost.skip_drop | 
learner_id == 'xgboost')
    aknn.M | learner_id == 'aknn'
    aknn.distance | learner_id == 'aknn'
    aknn.ef | learner_id == 'aknn'
    aknn.ef_construction | learner_id == 'aknn'
    aknn.k | learner_id == 'aknn'
    glmnet.alpha | learner_id == 'glmnet'
    glmnet.s | learner_id == 'glmnet'
    ranger.min.node.size | learner_id == 'ranger'
    ranger.mtry.power | learner_id == 'ranger'
    ranger.num.trees | learner_id == 'ranger'
    ranger.respect.unordered.factors | learner_id == 'ranger'
    ranger.sample.fraction | learner_id == 'ranger'
    ranger.splitrule | learner_id == 'ranger'
    rpart.cp | learner_id == 'rpart'
    rpart.maxdepth | learner_id == 'rpart'
    rpart.minbucket | learner_id == 'rpart'
    rpart.minsplit | learner_id == 'rpart'
    svm.cost | learner_id == 'svm'
    svm.kernel | learner_id == 'svm'
    svm.tolerance | learner_id == 'svm'
    xgboost.alpha | learner_id == 'xgboost'
    xgboost.booster | learner_id == 'xgboost'
    xgboost.lambda | learner_id == 'xgboost'
    xgboost.nrounds | learner_id == 'xgboost'
    xgboost.subsample | learner_id == 'xgboost'
,
        name=None,
        output_directory='runs/SMAC3-HPOFacade/YAHPO/yahpo/so/rbv2_super/1053/No
ne/3/3/smac3_output',
        deterministic=True,
        objectives=['acc'],
        crash_cost=inf,
        termination_cost_threshold=inf,
        walltime_limit=inf,
        cputime_limit=inf,
        trial_walltime_limit=None,
        trial_memory_limit=None,
        n_trials=50,
        use_default_config=False,
        instances=None,
        instance_features=None,
        adaptive_capping=False,
        adaptive_capping_slackfactor=None,
        runtime_cutoff=None,
        min_budget=None,
        max_budget=None,
        seed=3,
        n_workers=1
    ),
    'callbacks': []
}
[INFO][abstract_initial_design.py:91] Reducing the number of initial configurations from 390 to 12 (max_ratio == 0.25).
[WARNING][target_function_runner.py:74] The argument budget is not set by SMAC: Consider removing it from the target function.
[WARNING][target_function_runner.py:74] The argument instance is not set by SMAC: Consider removing it from the target function.
[INFO][abstract_initial_design.py:143] Using 12 initial design configurations and 0 additional configurations.
<smac.facade.hyperparameter_optimization_facade.HyperparameterOptimizationFacade
object at 0x145713d70050>
[INFO][abstract_intensifier.py:313] Using only one seed for deterministic scenario.
[INFO][file_logger.py:201] n_trials: 1, n_function_calls: 1, config: [np.str_('svm'), np.str_('impute.median'), '1053', 0.0003295148583, np.str_('linear'), 0.340111237658], cost: -0.8085467219352722
[INFO][abstract_intensifier.py:523] Added config a80770 as new incumbent because there are no incumbents yet.
[INFO][file_logger.py:201] n_trials: 2, n_function_calls: 2, config: [np.str_('aknn'), np.str_('impute.hist'), '1053', 39, np.str_('ip'), 123, 26, 24], cost: -0.1815831959247589
[INFO][file_logger.py:201] n_trials: 3, n_function_calls: 3, config: [np.str_('ranger'), np.str_('impute.mean'), '1053', 38, 0.1014687074348, 1702, np.str_('order'), 0.7380399342626, np.str_('gini')], cost: -0.76716548204422
[INFO][file_logger.py:201] n_trials: 4, n_function_calls: 4, config: [np.str_('xgboost'), np.str_('impute.median'), '1053', 508.160039246165, np.str_('dart'), 0.1245080337277, 371, 0.3502184677869, 0.7778777642641, 0.9229074283969, 0.0017704766783, 0.3757478892663, 2, 10.3018198822003, 0.7892253799364, 0.8656188407913], cost: -0.7772233486175537
[INFO][file_logger.py:201] n_trials: 5, n_function_calls: 5, config: [np.str_('xgboost'), np.str_('impute.mean'), '1053', 0.0009751479457, np.str_('gbtree'), 0.8175528843583, 88, 0.8240604862571, 0.2287331967521, 0.4787595180422, 0.0027198993902, 0.0111696157194, 8, 92.5539981241461], cost: -0.7924544811248779
[INFO][file_logger.py:201] n_trials: 6, n_function_calls: 6, config: [np.str_('glmnet'), np.str_('impute.median'), '1053', 0.771302706562, 0.0784744531629], cost: -0.770366370677948
[INFO][file_logger.py:201] n_trials: 7, n_function_calls: 7, config: [np.str_('aknn'), np.str_('impute.median'), '1053', 45, np.str_('ip'), 171, 16, 32], cost: -0.17312981188297272
[INFO][file_logger.py:201] n_trials: 8, n_function_calls: 8, config: [np.str_('rpart'), np.str_('impute.hist'), '1053', 0.001821064915, 25, 74, 97], cost: -0.796260416507721
[INFO][file_logger.py:201] n_trials: 9, n_function_calls: 9, config: [np.str_('rpart'), np.str_('impute.mean'), '1053', 0.5392070275934, 3, 39, 60], cost: -0.7693268060684204
[INFO][file_logger.py:201] n_trials: 10, n_function_calls: 10, config: [np.str_('glmnet'), np.str_('impute.hist'), '1053', 0.8553367005661, 0.0310235274855], cost: -0.7551996111869812
[INFO][file_logger.py:201] n_trials: 11, n_function_calls: 11, config: [np.str_('glmnet'), np.str_('impute.mean'), '1053', 0.729138170369, 0.0020435994735], cost: -0.7633456587791443
[INFO][file_logger.py:201] n_trials: 12, n_function_calls: 12, config: [np.str_('xgboost'), np.str_('impute.hist'), '1053', 188.0402613161614, np.str_('gbtree'), 0.0114404423229, 605, 0.8882549731061, 0.6524606192298, 0.3006440804247, 0.0013272282767, 0.0001221809734, 12, 5.31025283802], cost: -0.8384111523628235
[INFO][abstract_intensifier.py:630] Added config a30892 and rejected config a80770 as incumbent because it is not better than the incumbents on 1 instances: 
[INFO][file_logger.py:201] n_trials: 13, n_function_calls: 13, config: [np.str_('xgboost'), np.str_('impute.hist'), '1053', 0.0063570020705, np.str_('dart'), 0.0018714602941, 1296, 0.934632781145, 0.6128660074936, 0.6320219738646, 0.0545954245494, 0.3296574320632, 13, 54.2909587665677, 0.8088460498027, 0.6997141426551], cost: -0.7882365584373474
[INFO][file_logger.py:201] n_trials: 14, n_function_calls: 14, config: [np.str_('xgboost'), np.str_('impute.hist'), '1053', 0.0148893984927, np.str_('dart'), 0.043294612218, 580, 0.9160587327363, 0.7922055410882, 0.4122746297459, 0.0103968464083, 0.020224936899, 4, 39.6468093212331, 0.3787521459992, 0.2391610190895], cost: -0.8157684803009033
[INFO][file_logger.py:201] n_trials: 15, n_function_calls: 15, config: [np.str_('xgboost'), np.str_('impute.hist'), '1053', 0.077381265869, np.str_('dart'), 0.3412650464018, 1280, 0.9759768503842, 0.2423296999096, 0.2986588324335, 0.0875320661157, 1.3940381291012, 10, 7.0773732835472, 0.5977501256923, 0.9695283094066], cost: -0.77208012342453
[INFO][file_logger.py:201] n_trials: 16, n_function_calls: 16, config: [np.str_('xgboost'), np.str_('impute.hist'), '1053', 174.9041420983435, np.str_('dart'), 0.0067401968383, 1119, 0.9716587938178, 0.2332693331237, 0.6058171257918, 0.0798632992712, 0.3638641539032, 14, 35.0278831160262, 0.0771820932077, 0.4383907657257], cost: -0.8040837049484253
[INFO][file_logger.py:201] n_trials: 17, n_function_calls: 17, config: [np.str_('xgboost'), np.str_('impute.hist'), '1053', 0.3167054290917, np.str_('dart'), 0.6590484383317, 1762, 0.9611089813846, 0.5993024285905, 0.7306915467011, 0.0188549927897, 0.9278851576718, 4, 15.5246919592572, 0.5891559242766, 0.2373536467494], cost: -0.7879014015197754
[INFO][file_logger.py:201] n_trials: 18, n_function_calls: 18, config: [np.str_('xgboost'), np.str_('impute.hist'), '1053', 0.0285712120022, np.str_('dart'), 0.0025211938182, 1907, 0.8983998878815, 0.4419574671122, 0.3054201976178, 0.002122784823, 0.5695381413837, 5, 11.2911984438507, 0.1734994147308, 0.5244888353628], cost: -0.8289706110954285
[INFO][file_logger.py:201] n_trials: 19, n_function_calls: 19, config: [np.str_('svm'), np.str_('impute.hist'), '1053', 2.1114295281721, np.str_('radial'), 0.0213319440154, 0.0046326234586], cost: -0.7793624997138977
[INFO][file_logger.py:201] n_trials: 20, n_function_calls: 20, config: [np.str_('xgboost'), np.str_('impute.hist'), '1053', 0.0018698925352, np.str_('gbtree'), 1.8647915347598, 1335, 0.8657942963248, 0.0899430019991, 0.4194917808075, 0.0016672842495, 0.1129496406302, 9, 85.2942104471156], cost: -0.7784324884414673
[INFO][file_logger.py:201] n_trials: 21, n_function_calls: 21, config: [np.str_('aknn'), np.str_('impute.mean'), '1053', 25, np.str_('ip'), 22, 206, 36], cost: -0.18401296436786652
[INFO][file_logger.py:201] n_trials: 22, n_function_calls: 22, config: [np.str_('rpart'), np.str_('impute.mean'), '1053', 0.0028658805947, 23, 13, 44], cost: -0.8041665554046631
[INFO][file_logger.py:201] n_trials: 23, n_function_calls: 23, config: [np.str_('xgboost'), np.str_('impute.median'), '1053', 401.408954781059, np.str_('gbtree'), 0.0030170670255, 1034, 0.6658219543769, 0.6618289159219, 0.9103778614428, 0.0047893452054, 0.0086179831885, 14, 23.8919574324051], cost: -0.8277429938316345
[INFO][file_logger.py:201] n_trials: 24, n_function_calls: 24, config: [np.str_('xgboost'), np.str_('impute.mean'), '1053', 723.9225296502862, np.str_('gbtree'), 41.7892855486012, 11, 0.1173848726229, 0.6848036413543, 0.7224007909776, 0.0018748968698, 7.28125757e-05, 13, 3.8006617682975], cost: -0.7440091371536255
[INFO][file_logger.py:201] n_trials: 25, n_function_calls: 25, config: [np.str_('xgboost'), np.str_('impute.hist'), '1053', 302.2152785813127, np.str_('gbtree'), 3.0037601955567, 65, 0.9111751875472, 0.6363181292638, 0.3261136720123, 0.014935216343, 0.0002727773266, 9, 57.9314524832986], cost: -0.8152302503585815
[INFO][file_logger.py:201] n_trials: 26, n_function_calls: 26, config: [np.str_('xgboost'), np.str_('impute.median'), '1053', 327.6259313211011, np.str_('gbtree'), 72.9179131934134, 2112, 0.8426094274255, 0.9881942259105, 0.8969916016546, 0.1330297456239, 0.1153394661842, 9, 96.1666109761547], cost: -0.8179356455802917
[INFO][file_logger.py:201] n_trials: 27, n_function_calls: 27, config: [np.str_('xgboost'), np.str_('impute.median'), '1053', 303.8473725699052, np.str_('gbtree'), 114.777784269614, 2391, 0.7426334948934, 0.5356143985615, 0.0140577542769, 0.0979377733785, 1.9587425170581, 3, 7.1182471116145], cost: -0.7910801768302917
[INFO][file_logger.py:201] n_trials: 28, n_function_calls: 28, config: [np.str_('svm'), np.str_('impute.median'), '1053', 151.5362513696742, np.str_('polynomial'), 0.0008540293975, 5], cost: -0.7659650444984436
[INFO][file_logger.py:201] n_trials: 29, n_function_calls: 29, config: [np.str_('xgboost'), np.str_('impute.mean'), '1053', 279.1020401349084, np.str_('dart'), 0.007584003021, 97, 0.9970041358776, 0.9862619610735, 0.2327022977385, 0.9847150309412, 0.0001017080812, 5, 55.2491935947297, 0.6275804766697, 0.8571996948971], cost: -0.8178170919418335
[INFO][file_logger.py:201] n_trials: 30, n_function_calls: 30, config: [np.str_('xgboost'), np.str_('impute.mean'), '1053', 260.7837021816713, np.str_('gbtree'), 815.125675175704, 1471, 0.6630635078801, 0.8404105188646, 0.0810196602515, 0.0075870055242, 0.000189387335, 13, 17.6656480442341], cost: -0.788627564907074
[INFO][file_logger.py:201] n_trials: 31, n_function_calls: 31, config: [np.str_('xgboost'), np.str_('impute.median'), '1053', 2.375704082897, np.str_('dart'), 0.009068866833, 519, 0.5601573620587, 0.9304175244828, 0.201365850234, 0.0217609584718, 0.0007231463509, 14, 7.6902497961887, 0.5003809518636, 0.2591214820584], cost: -0.7329550981521606
[INFO][file_logger.py:201] n_trials: 32, n_function_calls: 32, config: [np.str_('xgboost'), np.str_('impute.hist'), '1053', 11.2167238667618, np.str_('dart'), 0.0227588412441, 978, 0.5699779810487, 0.9789874470788, 0.1883919701922, 0.1670225492694, 0.0005711474108, 14, 2.8758345198917, 0.1247211793002, 0.9820989290044], cost: -0.7855799794197083
[INFO][file_logger.py:201] n_trials: 33, n_function_calls: 33, config: [np.str_('xgboost'), np.str_('impute.mean'), '1053', 825.4055797631231, np.str_('gbtree'), 288.6843079785598, 1023, 0.9670416462252, 0.8878729367486, 0.1474624972508, 0.0032538811741, 0.000272341472, 4, 49.6750561561833], cost: -0.7765506505966187
[INFO][file_logger.py:201] n_trials: 34, n_function_calls: 34, config: [np.str_('xgboost'), np.str_('impute.mean'), '1053', 0.0162477127792, np.str_('gbtree'), 0.0508493295071, 109, 0.8356466570308, 0.8927720719314, 0.1520011072027, 0.0112360201036, 0.0558168860187, 3, 57.0624984425707], cost: -0.7458106875419617
[INFO][file_logger.py:201] n_trials: 35, n_function_calls: 35, config: [np.str_('xgboost'), np.str_('impute.mean'), '1053', 97.5758164456752, np.str_('gbtree'), 0.0011186486727, 25, 0.9359748468147, 0.9781999138178, 0.2540744805391, 0.0040406886165, 0.0008553709901, 10, 7.8117651524427], cost: -0.8163381218910217
[INFO][file_logger.py:201] n_trials: 36, n_function_calls: 36, config: [np.str_('xgboost'), np.str_('impute.hist'), '1053', 0.1191485658319, np.str_('dart'), 0.016379419218, 2077, 0.7476854559127, 0.9751093835503, 0.30914861086, 0.0545790194766, 0.0007120979472, 14, 4.1405074389347, 0.5615615468195, 0.2462578213587], cost: -0.7423577308654785
[INFO][file_logger.py:201] n_trials: 37, n_function_calls: 37, config: [np.str_('xgboost'), np.str_('impute.median'), '1053', 152.976440999051, np.str_('gbtree'), 0.0088214793895, 2755, 0.8662987888894, 0.9803611828879, 0.3443558476435, 0.0011536642464, 1.5292703859751, 13, 46.6619538830228], cost: -0.8061583638191223
[INFO][file_logger.py:201] n_trials: 38, n_function_calls: 38, config: [np.str_('xgboost'), np.str_('impute.mean'), '1053', 760.7094819130202, np.str_('gblinear'), 0.054459437487, 214, 0.8732768933443], cost: -0.8118305206298828
[INFO][file_logger.py:201] n_trials: 39, n_function_calls: 39, config: [np.str_('xgboost'), np.str_('impute.mean'), '1053', 833.7319623684982, np.str_('gblinear'), 56.5175938745851, 403, 0.9200227738111], cost: -0.8129353523254395
[INFO][file_logger.py:201] n_trials: 40, n_function_calls: 40, config: [np.str_('xgboost'), np.str_('impute.mean'), '1053', 735.8772853037603, np.str_('gblinear'), 0.0443649272236, 351, 0.9614716201304], cost: -0.8133540749549866
[INFO][file_logger.py:201] n_trials: 41, n_function_calls: 41, config: [np.str_('xgboost'), np.str_('impute.mean'), '1053', 9.7957165962522, np.str_('gbtree'), 0.0593600531089, 256, 0.8843941952756, 0.3684521815417, 0.9259507055862, 0.0012389630831, 0.0002262746461, 4, 3.6161823226349], cost: -0.7991513013839722
[INFO][file_logger.py:201] n_trials: 42, n_function_calls: 42, config: [np.str_('xgboost'), np.str_('impute.mean'), '1053', 70.8913902975085, np.str_('gblinear'), 0.0012355198714, 240, 0.9380011105918], cost: -0.8126764297485352
[INFO][file_logger.py:201] n_trials: 43, n_function_calls: 43, config: [np.str_('xgboost'), np.str_('impute.mean'), '1053', 74.5216982973645, np.str_('gblinear'), 0.706474579496, 1178, 0.873473902024], cost: -0.8126903772354126
[INFO][file_logger.py:201] n_trials: 44, n_function_calls: 44, config: [np.str_('xgboost'), np.str_('impute.mean'), '1053', 40.2527011994812, np.str_('gblinear'), 0.0012022196192, 66, 0.9125036806948], cost: -0.8168458938598633
[INFO][file_logger.py:201] n_trials: 45, n_function_calls: 45, config: [np.str_('svm'), np.str_('impute.median'), '1053', 14721.276026584137, np.str_('linear'), 0.691325443019], cost: -0.812908947467804
[INFO][file_logger.py:201] n_trials: 46, n_function_calls: 46, config: [np.str_('xgboost'), np.str_('impute.median'), '1053', 0.0612438065068, np.str_('gbtree'), 0.0034954897541, 89, 0.89782639182, 0.8860764736837, 0.8157973765349, 0.020552720573, 5.50564712e-05, 14, 24.9456947079081], cost: -0.8199866414070129
[INFO][file_logger.py:201] n_trials: 47, n_function_calls: 47, config: [np.str_('xgboost'), np.str_('impute.mean'), '1053', 50.3577052604098, np.str_('dart'), 0.0349527486107, 16, 0.9868773757269, 0.5311178015713, 0.319337561272, 0.0009379586977, 4.85861231e-05, 10, 10.9296586078978, 0.7852713626492, 0.8666947860367], cost: -0.7041289210319519
[INFO][file_logger.py:201] n_trials: 48, n_function_calls: 48, config: [np.str_('xgboost'), np.str_('impute.mean'), '1053', 0.0437601207818, np.str_('gbtree'), 0.0244548851262, 15, 0.919909955347, 0.6672988159606, 0.6420338916654, 0.0034024565459, 7.02715509e-05, 5, 69.1251951649578], cost: -0.7883613705635071
[INFO][file_logger.py:201] n_trials: 49, n_function_calls: 49, config: [np.str_('xgboost'), np.str_('impute.mean'), '1053', 273.9572228108422, np.str_('dart'), 25.4928799247682, 7, 0.8475607228514, 0.7777927791199, 0.7250916013803, 0.058609917426, 0.0001192650525, 6, 3.863435083812, 0.269102209954, 0.5589181583283], cost: -0.7867360711097717
[INFO][file_logger.py:201] n_trials: 50, n_function_calls: 50, config: [np.str_('xgboost'), np.str_('impute.median'), '1053', 326.796957005192, np.str_('dart'), 0.0214590908362, 8, 0.9214117547986, 0.6451124599057, 0.0568834728076, 0.2318302975333, 0.0001375747503, 5, 8.798008696245, 0.7884105085208, 0.1440991263776], cost: -0.6400060653686523
Solution found: 
(
    TrialInfo(
        config=Configuration(values={
  'learner_id': np.str_('xgboost'),
  'num.impute.selected.cpo': np.str_('impute.hist'),
  'task_id': '1053',
  'xgboost.alpha': 188.0402613161614,
  'xgboost.booster': np.str_('gbtree'),
  'xgboost.lambda': 0.0114404423229,
  'xgboost.nrounds': 605,
  'xgboost.subsample': 0.8882549731061,
  'xgboost.colsample_bylevel': 0.6524606192298,
  'xgboost.colsample_bytree': 0.3006440804247,
  'xgboost.eta': 0.0013272282767,
  'xgboost.gamma': 0.0001221809734,
  'xgboost.max_depth': 12,
  'xgboost.min_child_weight': 5.31025283802,
}),
        instance=None,
        seed=None,
        budget=None,
        normalized_budget=None,
        name=None,
        checkpoint=None,
        additional_info={}
    ),
    TrialValue(
        cost=-0.8384111523628235,
        time=0.0,
        virtual_time=0.0,
        status=<StatusType.SUCCESS: 1>,
        starttime=0.0,
        endtime=0.0,
        additional_info={}
    )
)
==================================================
BENCHMARK SWEEP STEP COMPLETED SUCCESSFULLY!
==================================================
==================================================
Array Task Index 993 Finished
==================================================
