==================================================
Array Job ID: 7558694 | Task Index: 340
Running arguments: +optimizer=dyrf_epistemic_hpobench optimizer.extractor_name=standard_proximity +task/YAHPO/SO=cfg_nb301_CIFAR10 task.optimization_resources.n_trials=50 seed=5 optimizer.telemetry_path=results/telemetry_standard_proximity_cfg_nb301_CIFAR10_seed5.json optimizer_id=CARPSDynamicRF optimizer_container_id=CARPSDynamicRF
==================================================
==================================================
Running CARP-S HPOBench Dynamic BO Benchmark Sweep
Using python: python3
==================================================
[[36m2026-07-19 18:41:13,690[0m][[34m/bigwork/nhwpseis/.conda/envs/dyrf/lib/python3.13/site-packages/carps/run.py[0m][[32mINFO[0m] - Runcommand: `python -m carps.run +optimizer=dyrf_epistemic_hpobench optimizer.extractor_name=standard_proximity +task/YAHPO/SO=cfg_nb301_CIFAR10 task.optimization_resources.n_trials=50 seed=5 optimizer.telemetry_path=results/telemetry_standard_proximity_cfg_nb301_CIFAR10_seed5.json optimizer_id=CARPSDynamicRF optimizer_container_id=CARPSDynamicRF`[0m
{
    'seed': 5,
    'task': {
        '_target_': 'carps.utils.task.Task',
        'name': 'yahpo/so/nb301/CIFAR10/None',
        'seed': 5,
        'objective_function': {
            '_target_': 
'carps.objective_functions.yahpo.YahpoObjectiveFunction',
            'bench': 'nb301',
            'instance': 'CIFAR10',
            'budget_type': None,
            'metric': ['val_accuracy'],
            'seed': 5
        },
        'input_space': {
            '_target_': 'carps.utils.task.InputSpace',
            'configuration_space': {
                '_target_': 
'ConfigSpace.configuration_space.ConfigurationSpace.from_serialized_dict',
                '_convert_': 'object',
                'd': {
                    'name': None,
                    'hyperparameters': [
                        {
                            'type': 'categorical',
                            'name': 
'NetworkSelectorDatasetInfo_COLON_darts_COLON_edge_normal_0',
                            'choices': [
                                'max_pool_3x3',
                                'avg_pool_3x3',
                                'skip_connect',
                                'sep_conv_3x3',
                                'sep_conv_5x5',
                                'dil_conv_3x3',
                                'dil_conv_5x5'
                            ],
                            'weights': None,
                            'default_value': 'max_pool_3x3',
                            'meta': None
                        },
                        {
                            'type': 'categorical',
                            'name': 
'NetworkSelectorDatasetInfo_COLON_darts_COLON_edge_normal_1',
                            'choices': [
                                'max_pool_3x3',
                                'avg_pool_3x3',
                                'skip_connect',
                                'sep_conv_3x3',
                                'sep_conv_5x5',
                                'dil_conv_3x3',
                                'dil_conv_5x5'
                            ],
                            'weights': None,
                            'default_value': 'max_pool_3x3',
                            'meta': None
                        },
                        {
                            'type': 'categorical',
                            'name': 
'NetworkSelectorDatasetInfo_COLON_darts_COLON_edge_reduce_0',
                            'choices': [
                                'max_pool_3x3',
                                'avg_pool_3x3',
                                'skip_connect',
                                'sep_conv_3x3',
                                'sep_conv_5x5',
                                'dil_conv_3x3',
                                'dil_conv_5x5'
                            ],
                            'weights': None,
                            'default_value': 'max_pool_3x3',
                            'meta': None
                        },
                        {
                            'type': 'categorical',
                            'name': 
'NetworkSelectorDatasetInfo_COLON_darts_COLON_edge_reduce_1',
                            'choices': [
                                'max_pool_3x3',
                                'avg_pool_3x3',
                                'skip_connect',
                                'sep_conv_3x3',
                                'sep_conv_5x5',
                                'dil_conv_3x3',
                                'dil_conv_5x5'
                            ],
                            'weights': None,
                            'default_value': 'max_pool_3x3',
                            'meta': None
                        },
                        {
                            'type': 'categorical',
                            'name': 
'NetworkSelectorDatasetInfo_COLON_darts_COLON_inputs_node_normal_3',
                            'choices': ['0_1', '0_2', '1_2'],
                            'weights': None,
                            'default_value': '0_1',
                            'meta': None
                        },
                        {
                            'type': 'categorical',
                            'name': 
'NetworkSelectorDatasetInfo_COLON_darts_COLON_inputs_node_normal_4',
                            'choices': [
                                '0_1',
                                '0_2',
                                '0_3',
                                '1_2',
                                '1_3',
                                '2_3'
                            ],
                            'weights': None,
                            'default_value': '0_1',
                            'meta': None
                        },
                        {
                            'type': 'categorical',
                            'name': 
'NetworkSelectorDatasetInfo_COLON_darts_COLON_inputs_node_normal_5',
                            'choices': [
                                '0_1',
                                '0_2',
                                '0_3',
                                '0_4',
                                '1_2',
                                '1_3',
                                '1_4',
                                '2_3',
                                '2_4',
                                '3_4'
                            ],
                            'weights': None,
                            'default_value': '0_1',
                            'meta': None
                        },
                        {
                            'type': 'categorical',
                            'name': 
'NetworkSelectorDatasetInfo_COLON_darts_COLON_inputs_node_reduce_3',
                            'choices': ['0_1', '0_2', '1_2'],
                            'weights': None,
                            'default_value': '0_1',
                            'meta': None
                        },
                        {
                            'type': 'categorical',
                            'name': 
'NetworkSelectorDatasetInfo_COLON_darts_COLON_inputs_node_reduce_4',
                            'choices': [
                                '0_1',
                                '0_2',
                                '0_3',
                                '1_2',
                                '1_3',
                                '2_3'
                            ],
                            'weights': None,
                            'default_value': '0_1',
                            'meta': None
                        },
                        {
                            'type': 'categorical',
                            'name': 
'NetworkSelectorDatasetInfo_COLON_darts_COLON_inputs_node_reduce_5',
                            'choices': [
                                '0_1',
                                '0_2',
                                '0_3',
                                '0_4',
                                '1_2',
                                '1_3',
                                '1_4',
                                '2_3',
                                '2_4',
                                '3_4'
                            ],
                            'weights': None,
                            'default_value': '0_1',
                            'meta': None
                        },
                        {
                            'type': 'categorical',
                            'name': 
'NetworkSelectorDatasetInfo_COLON_darts_COLON_edge_normal_10',
                            'choices': [
                                'max_pool_3x3',
                                'avg_pool_3x3',
                                'skip_connect',
                                'sep_conv_3x3',
                                'sep_conv_5x5',
                                'dil_conv_3x3',
                                'dil_conv_5x5'
                            ],
                            'weights': None,
                            'default_value': 'max_pool_3x3',
                            'meta': None
                        },
                        {
                            'type': 'categorical',
                            'name': 
'NetworkSelectorDatasetInfo_COLON_darts_COLON_edge_normal_11',
                            'choices': [
                                'max_pool_3x3',
                                'avg_pool_3x3',
                                'skip_connect',
                                'sep_conv_3x3',
                                'sep_conv_5x5',
                                'dil_conv_3x3',
                                'dil_conv_5x5'
                            ],
                            'weights': None,
                            'default_value': 'max_pool_3x3',
                            'meta': None
                        },
                        {
                            'type': 'categorical',
                            'name': 
'NetworkSelectorDatasetInfo_COLON_darts_COLON_edge_normal_12',
                            'choices': [
                                'max_pool_3x3',
                                'avg_pool_3x3',
                                'skip_connect',
                                'sep_conv_3x3',
                                'sep_conv_5x5',
                                'dil_conv_3x3',
                                'dil_conv_5x5'
                            ],
                            'weights': None,
                            'default_value': 'max_pool_3x3',
                            'meta': None
                        },
                        {
                            'type': 'categorical',
                            'name': 
'NetworkSelectorDatasetInfo_COLON_darts_COLON_edge_normal_13',
                            'choices': [
                                'max_pool_3x3',
                                'avg_pool_3x3',
                                'skip_connect',
                                'sep_conv_3x3',
                                'sep_conv_5x5',
                                'dil_conv_3x3',
                                'dil_conv_5x5'
                            ],
                            'weights': None,
                            'default_value': 'max_pool_3x3',
                            'meta': None
                        },
                        {
                            'type': 'categorical',
                            'name': 
'NetworkSelectorDatasetInfo_COLON_darts_COLON_edge_normal_2',
                            'choices': [
                                'max_pool_3x3',
                                'avg_pool_3x3',
                                'skip_connect',
                                'sep_conv_3x3',
                                'sep_conv_5x5',
                                'dil_conv_3x3',
                                'dil_conv_5x5'
                            ],
                            'weights': None,
                            'default_value': 'max_pool_3x3',
                            'meta': None
                        },
                        {
                            'type': 'categorical',
                            'name': 
'NetworkSelectorDatasetInfo_COLON_darts_COLON_edge_normal_3',
                            'choices': [
                                'max_pool_3x3',
                                'avg_pool_3x3',
                                'skip_connect',
                                'sep_conv_3x3',
                                'sep_conv_5x5',
                                'dil_conv_3x3',
                                'dil_conv_5x5'
                            ],
                            'weights': None,
                            'default_value': 'max_pool_3x3',
                            'meta': None
                        },
                        {
                            'type': 'categorical',
                            'name': 
'NetworkSelectorDatasetInfo_COLON_darts_COLON_edge_normal_4',
                            'choices': [
                                'max_pool_3x3',
                                'avg_pool_3x3',
                                'skip_connect',
                                'sep_conv_3x3',
                                'sep_conv_5x5',
                                'dil_conv_3x3',
                                'dil_conv_5x5'
                            ],
                            'weights': None,
                            'default_value': 'max_pool_3x3',
                            'meta': None
                        },
                        {
                            'type': 'categorical',
                            'name': 
'NetworkSelectorDatasetInfo_COLON_darts_COLON_edge_normal_5',
                            'choices': [
                                'max_pool_3x3',
                                'avg_pool_3x3',
                                'skip_connect',
                                'sep_conv_3x3',
                                'sep_conv_5x5',
                                'dil_conv_3x3',
                                'dil_conv_5x5'
                            ],
                            'weights': None,
                            'default_value': 'max_pool_3x3',
                            'meta': None
                        },
                        {
                            'type': 'categorical',
                            'name': 
'NetworkSelectorDatasetInfo_COLON_darts_COLON_edge_normal_6',
                            'choices': [
                                'max_pool_3x3',
                                'avg_pool_3x3',
                                'skip_connect',
                                'sep_conv_3x3',
                                'sep_conv_5x5',
                                'dil_conv_3x3',
                                'dil_conv_5x5'
                            ],
                            'weights': None,
                            'default_value': 'max_pool_3x3',
                            'meta': None
                        },
                        {
                            'type': 'categorical',
                            'name': 
'NetworkSelectorDatasetInfo_COLON_darts_COLON_edge_normal_7',
                            'choices': [
                                'max_pool_3x3',
                                'avg_pool_3x3',
                                'skip_connect',
                                'sep_conv_3x3',
                                'sep_conv_5x5',
                                'dil_conv_3x3',
                                'dil_conv_5x5'
                            ],
                            'weights': None,
                            'default_value': 'max_pool_3x3',
                            'meta': None
                        },
                        {
                            'type': 'categorical',
                            'name': 
'NetworkSelectorDatasetInfo_COLON_darts_COLON_edge_normal_8',
                            'choices': [
                                'max_pool_3x3',
                                'avg_pool_3x3',
                                'skip_connect',
                                'sep_conv_3x3',
                                'sep_conv_5x5',
                                'dil_conv_3x3',
                                'dil_conv_5x5'
                            ],
                            'weights': None,
                            'default_value': 'max_pool_3x3',
                            'meta': None
                        },
                        {
                            'type': 'categorical',
                            'name': 
'NetworkSelectorDatasetInfo_COLON_darts_COLON_edge_normal_9',
                            'choices': [
                                'max_pool_3x3',
                                'avg_pool_3x3',
                                'skip_connect',
                                'sep_conv_3x3',
                                'sep_conv_5x5',
                                'dil_conv_3x3',
                                'dil_conv_5x5'
                            ],
                            'weights': None,
                            'default_value': 'max_pool_3x3',
                            'meta': None
                        },
                        {
                            'type': 'categorical',
                            'name': 
'NetworkSelectorDatasetInfo_COLON_darts_COLON_edge_reduce_10',
                            'choices': [
                                'max_pool_3x3',
                                'avg_pool_3x3',
                                'skip_connect',
                                'sep_conv_3x3',
                                'sep_conv_5x5',
                                'dil_conv_3x3',
                                'dil_conv_5x5'
                            ],
                            'weights': None,
                            'default_value': 'max_pool_3x3',
                            'meta': None
                        },
                        {
                            'type': 'categorical',
                            'name': 
'NetworkSelectorDatasetInfo_COLON_darts_COLON_edge_reduce_11',
                            'choices': [
                                'max_pool_3x3',
                                'avg_pool_3x3',
                                'skip_connect',
                                'sep_conv_3x3',
                                'sep_conv_5x5',
                                'dil_conv_3x3',
                                'dil_conv_5x5'
                            ],
                            'weights': None,
                            'default_value': 'max_pool_3x3',
                            'meta': None
                        },
                        {
                            'type': 'categorical',
                            'name': 
'NetworkSelectorDatasetInfo_COLON_darts_COLON_edge_reduce_12',
                            'choices': [
                                'max_pool_3x3',
                                'avg_pool_3x3',
                                'skip_connect',
                                'sep_conv_3x3',
                                'sep_conv_5x5',
                                'dil_conv_3x3',
                                'dil_conv_5x5'
                            ],
                            'weights': None,
                            'default_value': 'max_pool_3x3',
                            'meta': None
                        },
                        {
                            'type': 'categorical',
                            'name': 
'NetworkSelectorDatasetInfo_COLON_darts_COLON_edge_reduce_13',
                            'choices': [
                                'max_pool_3x3',
                                'avg_pool_3x3',
                                'skip_connect',
                                'sep_conv_3x3',
                                'sep_conv_5x5',
                                'dil_conv_3x3',
                                'dil_conv_5x5'
                            ],
                            'weights': None,
                            'default_value': 'max_pool_3x3',
                            'meta': None
                        },
                        {
                            'type': 'categorical',
                            'name': 
'NetworkSelectorDatasetInfo_COLON_darts_COLON_edge_reduce_2',
                            'choices': [
                                'max_pool_3x3',
                                'avg_pool_3x3',
                                'skip_connect',
                                'sep_conv_3x3',
                                'sep_conv_5x5',
                                'dil_conv_3x3',
                                'dil_conv_5x5'
                            ],
                            'weights': None,
                            'default_value': 'max_pool_3x3',
                            'meta': None
                        },
                        {
                            'type': 'categorical',
                            'name': 
'NetworkSelectorDatasetInfo_COLON_darts_COLON_edge_reduce_3',
                            'choices': [
                                'max_pool_3x3',
                                'avg_pool_3x3',
                                'skip_connect',
                                'sep_conv_3x3',
                                'sep_conv_5x5',
                                'dil_conv_3x3',
                                'dil_conv_5x5'
                            ],
                            'weights': None,
                            'default_value': 'max_pool_3x3',
                            'meta': None
                        },
                        {
                            'type': 'categorical',
                            'name': 
'NetworkSelectorDatasetInfo_COLON_darts_COLON_edge_reduce_4',
                            'choices': [
                                'max_pool_3x3',
                                'avg_pool_3x3',
                                'skip_connect',
                                'sep_conv_3x3',
                                'sep_conv_5x5',
                                'dil_conv_3x3',
                                'dil_conv_5x5'
                            ],
                            'weights': None,
                            'default_value': 'max_pool_3x3',
                            'meta': None
                        },
                        {
                            'type': 'categorical',
                            'name': 
'NetworkSelectorDatasetInfo_COLON_darts_COLON_edge_reduce_5',
                            'choices': [
                                'max_pool_3x3',
                                'avg_pool_3x3',
                                'skip_connect',
                                'sep_conv_3x3',
                                'sep_conv_5x5',
                                'dil_conv_3x3',
                                'dil_conv_5x5'
                            ],
                            'weights': None,
                            'default_value': 'max_pool_3x3',
                            'meta': None
                        },
                        {
                            'type': 'categorical',
                            'name': 
'NetworkSelectorDatasetInfo_COLON_darts_COLON_edge_reduce_6',
                            'choices': [
                                'max_pool_3x3',
                                'avg_pool_3x3',
                                'skip_connect',
                                'sep_conv_3x3',
                                'sep_conv_5x5',
                                'dil_conv_3x3',
                                'dil_conv_5x5'
                            ],
                            'weights': None,
                            'default_value': 'max_pool_3x3',
                            'meta': None
                        },
                        {
                            'type': 'categorical',
                            'name': 
'NetworkSelectorDatasetInfo_COLON_darts_COLON_edge_reduce_7',
                            'choices': [
                                'max_pool_3x3',
                                'avg_pool_3x3',
                                'skip_connect',
                                'sep_conv_3x3',
                                'sep_conv_5x5',
                                'dil_conv_3x3',
                                'dil_conv_5x5'
                            ],
                            'weights': None,
                            'default_value': 'max_pool_3x3',
                            'meta': None
                        },
                        {
                            'type': 'categorical',
                            'name': 
'NetworkSelectorDatasetInfo_COLON_darts_COLON_edge_reduce_8',
                            'choices': [
                                'max_pool_3x3',
                                'avg_pool_3x3',
                                'skip_connect',
                                'sep_conv_3x3',
                                'sep_conv_5x5',
                                'dil_conv_3x3',
                                'dil_conv_5x5'
                            ],
                            'weights': None,
                            'default_value': 'max_pool_3x3',
                            'meta': None
                        },
                        {
                            'type': 'categorical',
                            'name': 
'NetworkSelectorDatasetInfo_COLON_darts_COLON_edge_reduce_9',
                            'choices': [
                                'max_pool_3x3',
                                'avg_pool_3x3',
                                'skip_connect',
                                'sep_conv_3x3',
                                'sep_conv_5x5',
                                'dil_conv_3x3',
                                'dil_conv_5x5'
                            ],
                            'weights': None,
                            'default_value': 'max_pool_3x3',
                            'meta': None
                        }
                    ],
                    'conditions': [
                        {
                            'type': 'IN',
                            'child': 
'NetworkSelectorDatasetInfo_COLON_darts_COLON_edge_normal_10',
                            'parent': 
'NetworkSelectorDatasetInfo_COLON_darts_COLON_inputs_node_normal_5',
                            'values': ['0_1', '1_2', '1_3', '1_4']
                        },
                        {
                            'type': 'IN',
                            'child': 
'NetworkSelectorDatasetInfo_COLON_darts_COLON_edge_normal_11',
                            'parent': 
'NetworkSelectorDatasetInfo_COLON_darts_COLON_inputs_node_normal_5',
                            'values': ['0_2', '1_2', '2_3', '2_4']
                        },
                        {
                            'type': 'IN',
                            'child': 
'NetworkSelectorDatasetInfo_COLON_darts_COLON_edge_normal_12',
                            'parent': 
'NetworkSelectorDatasetInfo_COLON_darts_COLON_inputs_node_normal_5',
                            'values': ['0_3', '1_3', '2_3', '3_4']
                        },
                        {
                            'type': 'IN',
                            'child': 
'NetworkSelectorDatasetInfo_COLON_darts_COLON_edge_normal_13',
                            'parent': 
'NetworkSelectorDatasetInfo_COLON_darts_COLON_inputs_node_normal_5',
                            'values': ['0_4', '1_4', '2_4', '3_4']
                        },
                        {
                            'type': 'IN',
                            'child': 
'NetworkSelectorDatasetInfo_COLON_darts_COLON_edge_normal_2',
                            'parent': 
'NetworkSelectorDatasetInfo_COLON_darts_COLON_inputs_node_normal_3',
                            'values': ['0_1', '0_2']
                        },
                        {
                            'type': 'IN',
                            'child': 
'NetworkSelectorDatasetInfo_COLON_darts_COLON_edge_normal_3',
                            'parent': 
'NetworkSelectorDatasetInfo_COLON_darts_COLON_inputs_node_normal_3',
                            'values': ['0_1', '1_2']
                        },
                        {
                            'type': 'IN',
                            'child': 
'NetworkSelectorDatasetInfo_COLON_darts_COLON_edge_normal_4',
                            'parent': 
'NetworkSelectorDatasetInfo_COLON_darts_COLON_inputs_node_normal_3',
                            'values': ['0_2', '1_2']
                        },
                        {
                            'type': 'IN',
                            'child': 
'NetworkSelectorDatasetInfo_COLON_darts_COLON_edge_normal_5',
                            'parent': 
'NetworkSelectorDatasetInfo_COLON_darts_COLON_inputs_node_normal_4',
                            'values': ['0_1', '0_2', '0_3']
                        },
                        {
                            'type': 'IN',
                            'child': 
'NetworkSelectorDatasetInfo_COLON_darts_COLON_edge_normal_6',
                            'parent': 
'NetworkSelectorDatasetInfo_COLON_darts_COLON_inputs_node_normal_4',
                            'values': ['0_1', '1_2', '1_3']
                        },
                        {
                            'type': 'IN',
                            'child': 
'NetworkSelectorDatasetInfo_COLON_darts_COLON_edge_normal_7',
                            'parent': 
'NetworkSelectorDatasetInfo_COLON_darts_COLON_inputs_node_normal_4',
                            'values': ['0_2', '1_2', '2_3']
                        },
                        {
                            'type': 'IN',
                            'child': 
'NetworkSelectorDatasetInfo_COLON_darts_COLON_edge_normal_8',
                            'parent': 
'NetworkSelectorDatasetInfo_COLON_darts_COLON_inputs_node_normal_4',
                            'values': ['0_3', '1_3', '2_3']
                        },
                        {
                            'type': 'IN',
                            'child': 
'NetworkSelectorDatasetInfo_COLON_darts_COLON_edge_normal_9',
                            'parent': 
'NetworkSelectorDatasetInfo_COLON_darts_COLON_inputs_node_normal_5',
                            'values': ['0_1', '0_2', '0_3', '0_4']
                        },
                        {
                            'type': 'IN',
                            'child': 
'NetworkSelectorDatasetInfo_COLON_darts_COLON_edge_reduce_10',
                            'parent': 
'NetworkSelectorDatasetInfo_COLON_darts_COLON_inputs_node_reduce_5',
                            'values': ['0_1', '1_2', '1_3', '1_4']
                        },
                        {
                            'type': 'IN',
                            'child': 
'NetworkSelectorDatasetInfo_COLON_darts_COLON_edge_reduce_11',
                            'parent': 
'NetworkSelectorDatasetInfo_COLON_darts_COLON_inputs_node_reduce_5',
                            'values': ['0_2', '1_2', '2_3', '2_4']
                        },
                        {
                            'type': 'IN',
                            'child': 
'NetworkSelectorDatasetInfo_COLON_darts_COLON_edge_reduce_12',
                            'parent': 
'NetworkSelectorDatasetInfo_COLON_darts_COLON_inputs_node_reduce_5',
                            'values': ['0_3', '1_3', '2_3', '3_4']
                        },
                        {
                            'type': 'IN',
                            'child': 
'NetworkSelectorDatasetInfo_COLON_darts_COLON_edge_reduce_13',
                            'parent': 
'NetworkSelectorDatasetInfo_COLON_darts_COLON_inputs_node_reduce_5',
                            'values': ['0_4', '1_4', '2_4', '3_4']
                        },
                        {
                            'type': 'IN',
                            'child': 
'NetworkSelectorDatasetInfo_COLON_darts_COLON_edge_reduce_2',
                            'parent': 
'NetworkSelectorDatasetInfo_COLON_darts_COLON_inputs_node_reduce_3',
                            'values': ['0_1', '0_2']
                        },
                        {
                            'type': 'IN',
                            'child': 
'NetworkSelectorDatasetInfo_COLON_darts_COLON_edge_reduce_3',
                            'parent': 
'NetworkSelectorDatasetInfo_COLON_darts_COLON_inputs_node_reduce_3',
                            'values': ['0_1', '1_2']
                        },
                        {
                            'type': 'IN',
                            'child': 
'NetworkSelectorDatasetInfo_COLON_darts_COLON_edge_reduce_4',
                            'parent': 
'NetworkSelectorDatasetInfo_COLON_darts_COLON_inputs_node_reduce_3',
                            'values': ['0_2', '1_2']
                        },
                        {
                            'type': 'IN',
                            'child': 
'NetworkSelectorDatasetInfo_COLON_darts_COLON_edge_reduce_5',
                            'parent': 
'NetworkSelectorDatasetInfo_COLON_darts_COLON_inputs_node_reduce_4',
                            'values': ['0_1', '0_2', '0_3']
                        },
                        {
                            'type': 'IN',
                            'child': 
'NetworkSelectorDatasetInfo_COLON_darts_COLON_edge_reduce_6',
                            'parent': 
'NetworkSelectorDatasetInfo_COLON_darts_COLON_inputs_node_reduce_4',
                            'values': ['0_1', '1_2', '1_3']
                        },
                        {
                            'type': 'IN',
                            'child': 
'NetworkSelectorDatasetInfo_COLON_darts_COLON_edge_reduce_7',
                            'parent': 
'NetworkSelectorDatasetInfo_COLON_darts_COLON_inputs_node_reduce_4',
                            'values': ['0_2', '1_2', '2_3']
                        },
                        {
                            'type': 'IN',
                            'child': 
'NetworkSelectorDatasetInfo_COLON_darts_COLON_edge_reduce_8',
                            'parent': 
'NetworkSelectorDatasetInfo_COLON_darts_COLON_inputs_node_reduce_4',
                            'values': ['0_3', '1_3', '2_3']
                        },
                        {
                            'type': 'IN',
                            'child': 
'NetworkSelectorDatasetInfo_COLON_darts_COLON_edge_reduce_9',
                            'parent': 
'NetworkSelectorDatasetInfo_COLON_darts_COLON_inputs_node_reduce_5',
                            'values': ['0_1', '0_2', '0_3', '0_4']
                        }
                    ],
                    'forbiddens': [],
                    'python_module_version': '1.2.0',
                    'format_version': 0.4
                }
            },
            'fidelity_space': {
                '_target_': 'carps.utils.task.FidelitySpace',
                'is_multifidelity': False,
                'fidelity_type': None,
                'min_fidelity': None,
                'max_fidelity': None
            },
            'instance_space': None
        },
        'output_space': {
            '_target_': 'carps.utils.task.OutputSpace',
            'n_objectives': 1,
            'objectives': ['val_accuracy']
        },
        'optimization_resources': {
            '_target_': 'carps.utils.task.OptimizationResources',
            'n_trials': 50,
            'time_budget': None,
            'n_workers': 1
        },
        'metadata': {
            '_target_': 'carps.utils.task.TaskMetadata',
            'has_constraints': False,
            'domain': 'ML',
            'objective_function_approximation': 'surrogate',
            'has_virtual_time': False,
            'deterministic': False,
            'dimensions': 34,
            'search_space_n_categoricals': 34,
            'search_space_n_ordinals': 0,
            'search_space_n_integers': 0,
            'search_space_n_floats': 0,
            'search_space_has_conditionals': True,
            'search_space_has_forbiddens': False,
            'search_space_has_priors': False
        }
    },
    'benchmark_id': 'YAHPO',
    'task_id': 'yahpo/so/nb301/CIFAR10/None',
    'optimizer': {
        '_target_': 'carps_integration.optimizer.CARPSDynamicRFOptimizer',
        '_partial_': True,
        'extractor_name': 'standard_proximity',
        'n_init': 10,
        'kappa': 1.96,
        'telemetry_path': 
'results/telemetry_standard_proximity_cfg_nb301_CIFAR10_seed5.json',
        'window_size': 5,
        'min_samples_leaf_base': 2,
        'min_samples_leaf_min': 1,
        'min_samples_leaf_max': 15,
        'alpha': 1.0,
        'max_features_base': 0.5,
        'max_features_min': 0.1,
        'max_features_max': 0.8,
        'eta': 0.5
    },
    'optimizer_id': 'CARPSDynamicRF',
    'optimizer_container_id': 'CARPSDynamicRF',
    'pyexperimenter_configuration_file_path': None,
    'database_credential_file_path': None,
    'use_special_conda_env': False,
    'conda_env_name': 'carps_YAHPO_CARPSDynamicRF',
    'timestamp': '2026-07-19/18-41-13',
    'baserundir': 'runs',
    'outdir': 'runs/CARPSDynamicRF/YAHPO/yahpo/so/nb301/CIFAR10/None/5',
    'loggers': [
        {
            '_target_': 'carps.loggers.file_logger.FileLogger',
            '_partial_': True,
            'overwrite': True
        },
        {
            '_target_': 'carps.loggers.database_logger.DatabaseLogger',
            '_partial_': True
        }
    ]
}
[[36m2026-07-19 18:41:13,764[0m][[34mFileLogger[0m][[32mINFO[0m] - Found previous run. Removing 'runs/CARPSDynamicRF/YAHPO/yahpo/so/nb301/CIFAR10/None/5'.[0m
[[36m2026-07-19 18:41:14,156[0m][[34mDatabaseLogger[0m][[32mINFO[0m] - Not logging to database (result processor is None).[0m
Please make sure to also cite:
Siems, J., Zimmer, L., Zela, A., Lukasik, J., Keuper, M., & Hutter, F. (2020). NAS-Bench-301 and the Case for Surrogate Benchmarks for Neural Architecture Search. arXiv preprint arXiv:2008.09777, 11.
Zimmer, L. (2020). nasbench301_full_data. figshare. Dataset. https://doi.org/10.6084/m9.figshare.13286105.v1, Apache License, Version 2.0.
╭────────────────────── <class 'carps.utils.task.Task'> ───────────────────────╮
│ Task.                                                                        │
│                                                                              │
│ ╭──────────────────────────────────────────────────────────────────────────╮ │
│ │ Task(                                                                    │ │
│ │ │   name='yahpo/so/nb301/CIFAR10/None',                                  │ │
│ │ │                                                                        │ │
│ │ objective_function=<carps.objective_functions.yahpo.YahpoObjectiveFuncti │ │
│ │ on object at 0x14b70a1ecd70>,                                            │ │
│ │ │   input_space=InputSpace(                                              │ │
│ │ │   │   configuration_space=Configuration space object:                  │ │
│ │   Hyperparameters:                                                       │ │
│ │ │   NetworkSelectorDatasetInfo_COLON_darts_COLON_edge_normal_0, Type:    │ │
│ │ Categorical, Choices: {max_pool_3x3, avg_pool_3x3, skip_connect,         │ │
│ │ sep_conv_3x3, sep_conv_5x5, dil_conv_3x3, dil_conv_5x5}, Default:        │ │
│ │ max_pool_3x3                                                             │ │
│ │ │   NetworkSelectorDatasetInfo_COLON_darts_COLON_edge_normal_1, Type:    │ │
│ │ Categorical, Choices: {max_pool_3x3, avg_pool_3x3, skip_connect,         │ │
│ │ sep_conv_3x3, sep_conv_5x5, dil_conv_3x3, dil_conv_5x5}, Default:        │ │
│ │ max_pool_3x3                                                             │ │
│ │ │   NetworkSelectorDatasetInfo_COLON_darts_COLON_edge_normal_10, Type:   │ │
│ │ Categorical, Choices: {max_pool_3x3, avg_pool_3x3, skip_connect,         │ │
│ │ sep_conv_3x3, sep_conv_5x5, dil_conv_3x3, dil_conv_5x5}, Default:        │ │
│ │ max_pool_3x3                                                             │ │
│ │ │   NetworkSelectorDatasetInfo_COLON_darts_COLON_edge_normal_11, Type:   │ │
│ │ Categorical, Choices: {max_pool_3x3, avg_pool_3x3, skip_connect,         │ │
│ │ sep_conv_3x3, sep_conv_5x5, dil_conv_3x3, dil_conv_5x5}, Default:        │ │
│ │ max_pool_3x3                                                             │ │
│ │ │   NetworkSelectorDatasetInfo_COLON_darts_COLON_edge_normal_12, Type:   │ │
│ │ Categorical, Choices: {max_pool_3x3, avg_pool_3x3, skip_connect,         │ │
│ │ sep_conv_3x3, sep_conv_5x5, dil_conv_3x3, dil_conv_5x5}, Default:        │ │
│ │ max_pool_3x3                                                             │ │
│ │ │   NetworkSelectorDatasetInfo_COLON_darts_COLON_edge_normal_13, Type:   │ │
│ │ Categorical, Choices: {max_pool_3x3, avg_pool_3x3, skip_connect,         │ │
│ │ sep_conv_3x3, sep_conv_5x5, dil_conv_3x3, dil_conv_5x5}, Default:        │ │
│ │ max_pool_3x3                                                             │ │
│ │ │   NetworkSelectorDatasetInfo_COLON_darts_COLON_edge_normal_2, Type:    │ │
│ │ Categorical, Choices: {max_pool_3x3, avg_pool_3x3, skip_connect,         │ │
│ │ sep_conv_3x3, sep_conv_5x5, dil_conv_3x3, dil_conv_5x5}, Default:        │ │
│ │ max_pool_3x3                                                             │ │
│ │ │   NetworkSelectorDatasetInfo_COLON_darts_COLON_edge_normal_3, Type:    │ │
│ │ Categorical, Choices: {max_pool_3x3, avg_pool_3x3, skip_connect,         │ │
│ │ sep_conv_3x3, sep_conv_5x5, dil_conv_3x3, dil_conv_5x5}, Default:        │ │
│ │ max_pool_3x3                                                             │ │
│ │ │   NetworkSelectorDatasetInfo_COLON_darts_COLON_edge_normal_4, Type:    │ │
│ │ Categorical, Choices: {max_pool_3x3, avg_pool_3x3, skip_connect,         │ │
│ │ sep_conv_3x3, sep_conv_5x5, dil_conv_3x3, dil_conv_5x5}, Default:        │ │
│ │ max_pool_3x3                                                             │ │
│ │ │   NetworkSelectorDatasetInfo_COLON_darts_COLON_edge_normal_5, Type:    │ │
│ │ Categorical, Choices: {max_pool_3x3, avg_pool_3x3, skip_connect,         │ │
│ │ sep_conv_3x3, sep_conv_5x5, dil_conv_3x3, dil_conv_5x5}, Default:        │ │
│ │ max_pool_3x3                                                             │ │
│ │ │   NetworkSelectorDatasetInfo_COLON_darts_COLON_edge_normal_6, Type:    │ │
│ │ Categorical, Choices: {max_pool_3x3, avg_pool_3x3, skip_connect,         │ │
│ │ sep_conv_3x3, sep_conv_5x5, dil_conv_3x3, dil_conv_5x5}, Default:        │ │
│ │ max_pool_3x3                                                             │ │
│ │ │   NetworkSelectorDatasetInfo_COLON_darts_COLON_edge_normal_7, Type:    │ │
│ │ Categorical, Choices: {max_pool_3x3, avg_pool_3x3, skip_connect,         │ │
│ │ sep_conv_3x3, sep_conv_5x5, dil_conv_3x3, dil_conv_5x5}, Default:        │ │
│ │ max_pool_3x3                                                             │ │
│ │ │   NetworkSelectorDatasetInfo_COLON_darts_COLON_edge_normal_8, Type:    │ │
│ │ Categorical, Choices: {max_pool_3x3, avg_pool_3x3, skip_connect,         │ │
│ │ sep_conv_3x3, sep_conv_5x5, dil_conv_3x3, dil_conv_5x5}, Default:        │ │
│ │ max_pool_3x3                                                             │ │
│ │ │   NetworkSelectorDatasetInfo_COLON_darts_COLON_edge_normal_9, Type:    │ │
│ │ Categorical, Choices: {max_pool_3x3, avg_pool_3x3, skip_connect,         │ │
│ │ sep_conv_3x3, sep_conv_5x5, dil_conv_3x3, dil_conv_5x5}, Default:        │ │
│ │ max_pool_3x3                                                             │ │
│ │ │   NetworkSelectorDatasetInfo_COLON_darts_COLON_edge_reduce_0, Type:    │ │
│ │ Categorical, Choices: {max_pool_3x3, avg_pool_3x3, skip_connect,         │ │
│ │ sep_conv_3x3, sep_conv_5x5, dil_conv_3x3, dil_conv_5x5}, Default:        │ │
│ │ max_pool_3x3                                                             │ │
│ │ │   NetworkSelectorDatasetInfo_COLON_darts_COLON_edge_reduce_1, Type:    │ │
│ │ Categorical, Choices: {max_pool_3x3, avg_pool_3x3, skip_connect,         │ │
│ │ sep_conv_3x3, sep_conv_5x5, dil_conv_3x3, dil_conv_5x5}, Default:        │ │
│ │ max_pool_3x3                                                             │ │
│ │ │   NetworkSelectorDatasetInfo_COLON_darts_COLON_edge_reduce_10, Type:   │ │
│ │ Categorical, Choices: {max_pool_3x3, avg_pool_3x3, skip_connect,         │ │
│ │ sep_conv_3x3, sep_conv_5x5, dil_conv_3x3, dil_conv_5x5}, Default:        │ │
│ │ max_pool_3x3                                                             │ │
│ │ │   NetworkSelectorDatasetInfo_COLON_darts_COLON_edge_reduce_11, Type:   │ │
│ │ Categorical, Choices: {max_pool_3x3, avg_pool_3x3, skip_connect,         │ │
│ │ sep_conv_3x3, sep_conv_5x5, dil_conv_3x3, dil_conv_5x5}, Default:        │ │
│ │ max_pool_3x3                                                             │ │
│ │ │   NetworkSelectorDatasetInfo_COLON_darts_COLON_edge_reduce_12, Type:   │ │
│ │ Categorical, Choices: {max_pool_3x3, avg_pool_3x3, skip_connect,         │ │
│ │ sep_conv_3x3, sep_conv_5x5, dil_conv_3x3, dil_conv_5x5}, Default:        │ │
│ │ max_pool_3x3                                                             │ │
│ │ │   NetworkSelectorDatasetInfo_COLON_darts_COLON_edge_reduce_13, Type:   │ │
│ │ Categorical, Choices: {max_pool_3x3, avg_pool_3x3, skip_connect,         │ │
│ │ sep_conv_3x3, sep_conv_5x5, dil_conv_3x3, dil_conv_5x5}, Default:        │ │
│ │ max_pool_3x3                                                             │ │
│ │ │   NetworkSelectorDatasetInfo_COLON_darts_COLON_edge_reduce_2, Type:    │ │
│ │ Categorical, Choices: {max_pool_3x3, avg_pool_3x3, skip_connect,         │ │
│ │ sep_conv_3x3, sep_conv_5x5, dil_conv_3x3, dil_conv_5x5}, Default:        │ │
│ │ max_pool_3x3                                                             │ │
│ │ │   NetworkSelectorDatasetInfo_COLON_darts_COLON_edge_reduce_3, Type:    │ │
│ │ Categorical, Choices: {max_pool_3x3, avg_pool_3x3, skip_connect,         │ │
│ │ sep_conv_3x3, sep_conv_5x5, dil_conv_3x3, dil_conv_5x5}, Default:        │ │
│ │ max_pool_3x3                                                             │ │
│ │ │   NetworkSelectorDatasetInfo_COLON_darts_COLON_edge_reduce_4, Type:    │ │
│ │ Categorical, Choices: {max_pool_3x3, avg_pool_3x3, skip_connect,         │ │
│ │ sep_conv_3x3, sep_conv_5x5, dil_conv_3x3, dil_conv_5x5}, Default:        │ │
│ │ max_pool_3x3                                                             │ │
│ │ │   NetworkSelectorDatasetInfo_COLON_darts_COLON_edge_reduce_5, Type:    │ │
│ │ Categorical, Choices: {max_pool_3x3, avg_pool_3x3, skip_connect,         │ │
│ │ sep_conv_3x3, sep_conv_5x5, dil_conv_3x3, dil_conv_5x5}, Default:        │ │
│ │ max_pool_3x3                                                             │ │
│ │ │   NetworkSelectorDatasetInfo_COLON_darts_COLON_edge_reduce_6, Type:    │ │
│ │ Categorical, Choices: {max_pool_3x3, avg_pool_3x3, skip_connect,         │ │
│ │ sep_conv_3x3, sep_conv_5x5, dil_conv_3x3, dil_conv_5x5}, Default:        │ │
│ │ max_pool_3x3                                                             │ │
│ │ │   NetworkSelectorDatasetInfo_COLON_darts_COLON_edge_reduce_7, Type:    │ │
│ │ Categorical, Choices: {max_pool_3x3, avg_pool_3x3, skip_connect,         │ │
│ │ sep_conv_3x3, sep_conv_5x5, dil_conv_3x3, dil_conv_5x5}, Default:        │ │
│ │ max_pool_3x3                                                             │ │
│ │ │   NetworkSelectorDatasetInfo_COLON_darts_COLON_edge_reduce_8, Type:    │ │
│ │ Categorical, Choices: {max_pool_3x3, avg_pool_3x3, skip_connect,         │ │
│ │ sep_conv_3x3, sep_conv_5x5, dil_conv_3x3, dil_conv_5x5}, Default:        │ │
│ │ max_pool_3x3                                                             │ │
│ │ │   NetworkSelectorDatasetInfo_COLON_darts_COLON_edge_reduce_9, Type:    │ │
│ │ Categorical, Choices: {max_pool_3x3, avg_pool_3x3, skip_connect,         │ │
│ │ sep_conv_3x3, sep_conv_5x5, dil_conv_3x3, dil_conv_5x5}, Default:        │ │
│ │ max_pool_3x3                                                             │ │
│ │ │   NetworkSelectorDatasetInfo_COLON_darts_COLON_inputs_node_normal_3,   │ │
│ │ Type: Categorical, Choices: {0_1, 0_2, 1_2}, Default: 0_1                │ │
│ │ │   NetworkSelectorDatasetInfo_COLON_darts_COLON_inputs_node_normal_4,   │ │
│ │ Type: Categorical, Choices: {0_1, 0_2, 0_3, 1_2, 1_3, 2_3}, Default: 0_1 │ │
│ │ │   NetworkSelectorDatasetInfo_COLON_darts_COLON_inputs_node_normal_5,   │ │
│ │ Type: Categorical, Choices: {0_1, 0_2, 0_3, 0_4, 1_2, 1_3, 1_4, 2_3,     │ │
│ │ 2_4, 3_4}, Default: 0_1                                                  │ │
│ │ │   NetworkSelectorDatasetInfo_COLON_darts_COLON_inputs_node_reduce_3,   │ │
│ │ Type: Categorical, Choices: {0_1, 0_2, 1_2}, Default: 0_1                │ │
│ │ │   NetworkSelectorDatasetInfo_COLON_darts_COLON_inputs_node_reduce_4,   │ │
│ │ Type: Categorical, Choices: {0_1, 0_2, 0_3, 1_2, 1_3, 2_3}, Default: 0_1 │ │
│ │ │   NetworkSelectorDatasetInfo_COLON_darts_COLON_inputs_node_reduce_5,   │ │
│ │ Type: Categorical, Choices: {0_1, 0_2, 0_3, 0_4, 1_2, 1_3, 1_4, 2_3,     │ │
│ │ 2_4, 3_4}, Default: 0_1                                                  │ │
│ │   Conditions:                                                            │ │
│ │ │   NetworkSelectorDatasetInfo_COLON_darts_COLON_edge_normal_10 |        │ │
│ │ NetworkSelectorDatasetInfo_COLON_darts_COLON_inputs_node_normal_5 in     │ │
│ │ {'0_1', '1_2', '1_3', '1_4'}                                             │ │
│ │ │   NetworkSelectorDatasetInfo_COLON_darts_COLON_edge_normal_11 |        │ │
│ │ NetworkSelectorDatasetInfo_COLON_darts_COLON_inputs_node_normal_5 in     │ │
│ │ {'0_2', '1_2', '2_3', '2_4'}                                             │ │
│ │ │   NetworkSelectorDatasetInfo_COLON_darts_COLON_edge_normal_12 |        │ │
│ │ NetworkSelectorDatasetInfo_COLON_darts_COLON_inputs_node_normal_5 in     │ │
│ │ {'0_3', '1_3', '2_3', '3_4'}                                             │ │
│ │ │   NetworkSelectorDatasetInfo_COLON_darts_COLON_edge_normal_13 |        │ │
│ │ NetworkSelectorDatasetInfo_COLON_darts_COLON_inputs_node_normal_5 in     │ │
│ │ {'0_4', '1_4', '2_4', '3_4'}                                             │ │
│ │ │   NetworkSelectorDatasetInfo_COLON_darts_COLON_edge_normal_2 |         │ │
│ │ NetworkSelectorDatasetInfo_COLON_darts_COLON_inputs_node_normal_3 in     │ │
│ │ {'0_1', '0_2'}                                                           │ │
│ │ │   NetworkSelectorDatasetInfo_COLON_darts_COLON_edge_normal_3 |         │ │
│ │ NetworkSelectorDatasetInfo_COLON_darts_COLON_inputs_node_normal_3 in     │ │
│ │ {'0_1', '1_2'}                                                           │ │
│ │ │   NetworkSelectorDatasetInfo_COLON_darts_COLON_edge_normal_4 |         │ │
│ │ NetworkSelectorDatasetInfo_COLON_darts_COLON_inputs_node_normal_3 in     │ │
│ │ {'0_2', '1_2'}                                                           │ │
│ │ │   NetworkSelectorDatasetInfo_COLON_darts_COLON_edge_normal_5 |         │ │
│ │ NetworkSelectorDatasetInfo_COLON_darts_COLON_inputs_node_normal_4 in     │ │
│ │ {'0_1', '0_2', '0_3'}                                                    │ │
│ │ │   NetworkSelectorDatasetInfo_COLON_darts_COLON_edge_normal_6 |         │ │
│ │ NetworkSelectorDatasetInfo_COLON_darts_COLON_inputs_node_normal_4 in     │ │
│ │ {'0_1', '1_2', '1_3'}                                                    │ │
│ │ │   NetworkSelectorDatasetInfo_COLON_darts_COLON_edge_normal_7 |         │ │
│ │ NetworkSelectorDatasetInfo_COLON_darts_COLON_inputs_node_normal_4 in     │ │
│ │ {'0_2', '1_2', '2_3'}                                                    │ │
│ │ │   NetworkSelectorDatasetInfo_COLON_darts_COLON_edge_normal_8 |         │ │
│ │ NetworkSelectorDatasetInfo_COLON_darts_COLON_inputs_node_normal_4 in     │ │
│ │ {'0_3', '1_3', '2_3'}                                                    │ │
│ │ │   NetworkSelectorDatasetInfo_COLON_darts_COLON_edge_normal_9 |         │ │
│ │ NetworkSelectorDatasetInfo_COLON_darts_COLON_inputs_node_normal_5 in     │ │
│ │ {'0_1', '0_2', '0_3', '0_4'}                                             │ │
│ │ │   NetworkSelectorDatasetInfo_COLON_darts_COLON_edge_reduce_10 |        │ │
│ │ NetworkSelectorDatasetInfo_COLON_darts_COLON_inputs_node_reduce_5 in     │ │
│ │ {'0_1', '1_2', '1_3', '1_4'}                                             │ │
│ │ │   NetworkSelectorDatasetInfo_COLON_darts_COLON_edge_reduce_11 |        │ │
│ │ NetworkSelectorDatasetInfo_COLON_darts_COLON_inputs_node_reduce_5 in     │ │
│ │ {'0_2', '1_2', '2_3', '2_4'}                                             │ │
│ │ │   NetworkSelectorDatasetInfo_COLON_darts_COLON_edge_reduce_12 |        │ │
│ │ NetworkSelectorDatasetInfo_COLON_darts_COLON_inputs_node_reduce_5 in     │ │
│ │ {'0_3', '1_3', '2_3', '3_4'}                                             │ │
│ │ │   NetworkSelectorDatasetInfo_COLON_darts_COLON_edge_reduce_13 |        │ │
│ │ NetworkSelectorDatasetInfo_COLON_darts_COLON_inputs_node_reduce_5 in     │ │
│ │ {'0_4', '1_4', '2_4', '3_4'}                                             │ │
│ │ │   NetworkSelectorDatasetInfo_COLON_darts_COLON_edge_reduce_2 |         │ │
│ │ NetworkSelectorDatasetInfo_COLON_darts_COLON_inputs_node_reduce_3 in     │ │
│ │ {'0_1', '0_2'}                                                           │ │
│ │ │   NetworkSelectorDatasetInfo_COLON_darts_COLON_edge_reduce_3 |         │ │
│ │ NetworkSelectorDatasetInfo_COLON_darts_COLON_inputs_node_reduce_3 in     │ │
│ │ {'0_1', '1_2'}                                                           │ │
│ │ │   NetworkSelectorDatasetInfo_COLON_darts_COLON_edge_reduce_4 |         │ │
│ │ NetworkSelectorDatasetInfo_COLON_darts_COLON_inputs_node_reduce_3 in     │ │
│ │ {'0_2', '1_2'}                                                           │ │
│ │ │   NetworkSelectorDatasetInfo_COLON_darts_COLON_edge_reduce_5 |         │ │
│ │ NetworkSelectorDatasetInfo_COLON_darts_COLON_inputs_node_reduce_4 in     │ │
│ │ {'0_1', '0_2', '0_3'}                                                    │ │
│ │ │   NetworkSelectorDatasetInfo_COLON_darts_COLON_edge_reduce_6 |         │ │
│ │ NetworkSelectorDatasetInfo_COLON_darts_COLON_inputs_node_reduce_4 in     │ │
│ │ {'0_1', '1_2', '1_3'}                                                    │ │
│ │ │   NetworkSelectorDatasetInfo_COLON_darts_COLON_edge_reduce_7 |         │ │
│ │ NetworkSelectorDatasetInfo_COLON_darts_COLON_inputs_node_reduce_4 in     │ │
│ │ {'0_2', '1_2', '2_3'}                                                    │ │
│ │ │   NetworkSelectorDatasetInfo_COLON_darts_COLON_edge_reduce_8 |         │ │
│ │ NetworkSelectorDatasetInfo_COLON_darts_COLON_inputs_node_reduce_4 in     │ │
│ │ {'0_3', '1_3', '2_3'}                                                    │ │
│ │ │   NetworkSelectorDatasetInfo_COLON_darts_COLON_edge_reduce_9 |         │ │
│ │ NetworkSelectorDatasetInfo_COLON_darts_COLON_inputs_node_reduce_5 in     │ │
│ │ {'0_1', '0_2', '0_3', '0_4'}                                             │ │
│ │ ,                                                                        │ │
│ │ │   │   fidelity_space=FidelitySpace(                                    │ │
│ │ │   │   │   is_multifidelity=False,                                      │ │
│ │ │   │   │   fidelity_type=None,                                          │ │
│ │ │   │   │   min_fidelity=None,                                           │ │
│ │ │   │   │   max_fidelity=None                                            │ │
│ │ │   │   ),                                                               │ │
│ │ │   │   instance_space=None                                              │ │
│ │ │   ),                                                                   │ │
│ │ │   output_space=OutputSpace(                                            │ │
│ │ │   │   n_objectives=1,                                                  │ │
│ │ │   │   objectives=['val_accuracy']                                      │ │
│ │ │   ),                                                                   │ │
│ │ │   optimization_resources=OptimizationResources(                        │ │
│ │ │   │   n_trials=50,                                                     │ │
│ │ │   │   time_budget=None,                                                │ │
│ │ │   │   n_workers=1                                                      │ │
│ │ │   ),                                                                   │ │
│ │ │   metadata=TaskMetadata(                                               │ │
│ │ │   │   has_constraints=False,                                           │ │
│ │ │   │   domain='ML',                                                     │ │
│ │ │   │   objective_function_approximation='surrogate',                    │ │
│ │ │   │   has_virtual_time=False,                                          │ │
│ │ │   │   deterministic=False,                                             │ │
│ │ │   │   dimensions=34,                                                   │ │
│ │ │   │   search_space_n_categoricals=34,                                  │ │
│ │ │   │   search_space_n_ordinals=0,                                       │ │
│ │ │   │   search_space_n_integers=0,                                       │ │
│ │ │   │   search_space_n_floats=0,                                         │ │
│ │ │   │   search_space_has_conditionals=True,                              │ │
│ │ │   │   search_space_has_forbiddens=False,                               │ │
│ │ │   │   search_space_has_priors=False                                    │ │
│ │ │   ),                                                                   │ │
│ │ │   seed=5                                                               │ │
│ │ )                                                                        │ │
│ ╰──────────────────────────────────────────────────────────────────────────╯ │
│                                                                              │
│            input_space = InputSpace(                                         │
│                              configuration_space=Configuration space object: │
│                            Hyperparameters:                                  │
│                              NetworkSelectorDatasetInfo_COLON_darts_COLON_e… │
│                          Type: Categorical, Choices: {max_pool_3x3,          │
│                          avg_pool_3x3, skip_connect, sep_conv_3x3,           │
│                          sep_conv_5x5, dil_conv_3x3, dil_conv_5x5}, Default: │
│                          max_pool_3x3                                        │
│                              NetworkSelectorDatasetInfo_COLON_darts_COLON_e… │
│                          Type: Categorical, Choices: {max_pool_3x3,          │
│                          avg_pool_3x3, skip_connect, sep_conv_3x3,           │
│                          sep_conv_5x5, dil_conv_3x3, dil_conv_5x5}, Default: │
│                          max_pool_3x3                                        │
│                              NetworkSelectorDatasetInfo_COLON_darts_COLON_e… │
│                          Type: Categorical, Choices: {max_pool_3x3,          │
│                          avg_pool_3x3, skip_connect, sep_conv_3x3,           │
│                          sep_conv_5x5, dil_conv_3x3, dil_conv_5x5}, Default: │
│                          max_pool_3x3                                        │
│                              NetworkSelectorDatasetInfo_COLON_darts_COLON_e… │
│                          Type: Categorical, Choices: {max_pool_3x3,          │
│                          avg_pool_3x3, skip_connect, sep_conv_3x3,           │
│                          sep_conv_5x5, dil_conv_3x3, dil_conv_5x5}, Default: │
│                          max_pool_3x3                                        │
│                              NetworkSelectorDatasetInfo_COLON_darts_COLON_e… │
│                          Type: Categorical, Choices: {max_pool_3x3,          │
│                          avg_pool_3x3, skip_connect, sep_conv_3x3,           │
│                          sep_conv_5x5, dil_conv_3x3, dil_conv_5x5}, Default: │
│                          max_pool_3x3                                        │
│                              NetworkSelectorDatasetInfo_COLON_darts_COLON_e… │
│                          Type: Categorical, Choices: {max_pool_3x3,          │
│                          avg_pool_3x3, skip_connect, sep_conv_3x3,           │
│                          sep_conv_5x5, dil_conv_3x3, dil_conv_5x5}, Default: │
│                          max_pool_3x3                                        │
│                              NetworkSelectorDatasetInfo_COLON_darts_COLON_e… │
│                          Type: Categorical, Choices: {max_pool_3x3,          │
│                          avg_pool_3x3, skip_connect, sep_conv_3x3,           │
│                          sep_conv_5x5, dil_conv_3x3, dil_conv_5x5}, Default: │
│                          max_pool_3x3                                        │
│                              NetworkSelectorDatasetInfo_COLON_darts_COLON_e… │
│                          Type: Categorical, Choices: {max_pool_3x3,          │
│                          avg_pool_3x3, skip_connect, sep_conv_3x3,           │
│                          sep_conv_5x5, dil_conv_3x3, dil_conv_5x5}, Default: │
│                          max_pool_3x3                                        │
│                              NetworkSelectorDatasetInfo_COLON_darts_COLON_e… │
│                          Type: Categorical, Choices: {max_pool_3x3,          │
│                          avg_pool_3x3, skip_connect, sep_conv_3x3,           │
│                          sep_conv_5x5, dil_conv_3x3, dil_conv_5x5}, Default: │
│                          max_pool_3x3                                        │
│                              NetworkSelectorDatasetInfo_COLON_darts_COLON_e… │
│                          Type: Categorical, Choices: {max_pool_3x3,          │
│                          avg_pool_3x3, skip_connect, sep_conv_3x3,           │
│                          sep_conv_5x5, dil_conv_3x3, dil_conv_5x5}, Default: │
│                          max_pool_3x3                                        │
│                              NetworkSelectorDatasetInfo_COLON_darts_COLON_e… │
│                          Type: Categorical, Choices: {max_pool_3x3,          │
│                          avg_pool_3x3, skip_connect, sep_conv_3x3,           │
│                          sep_conv_5x5, dil_conv_3x3, dil_conv_5x5}, Default: │
│                          max_pool_3x3                                        │
│                              NetworkSelectorDatasetInfo_COLON_darts_COLON_e… │
│                          Type: Categorical, Choices: {max_pool_3x3,          │
│                          avg_pool_3x3, skip_connect, sep_conv_3x3,           │
│                          sep_conv_5x5, dil_conv_3x3, dil_conv_5x5}, Default: │
│                          max_pool_3x3                                        │
│                              NetworkSelectorDatasetInfo_COLON_darts_COLON_e… │
│                          Type: Categorical, Choices: {max_pool_3x3,          │
│                          avg_pool_3x3, skip_connect, sep_conv_3x3,           │
│                          sep_conv_5x5, dil_conv_3x3, dil_conv_5x5}, Default: │
│                          max_pool_3x3                                        │
│                              NetworkSelectorDatasetInfo_COLON_darts_COLON_e… │
│                          Type: Categorical, Choices: {max_pool_3x3,          │
│                          avg_pool_3x3, skip_connect, sep_conv_3x3,           │
│                          sep_conv_5x5, dil_conv_3x3, dil_conv_5x5}, Default: │
│                          max_pool_3x3                                        │
│                              NetworkSelectorDatasetInfo_COLON_darts_COLON_e… │
│                          Type: Categorical, Choices: {max_pool_3x3,          │
│                          avg_pool_3x3, skip_connect, sep_conv_3x3,           │
│                          sep_conv_5x5, dil_conv_3x3, dil_conv_5x5}, Default: │
│                          max_pool_3x3                                        │
│                              NetworkSelectorDatasetInfo_COLON_darts_COLON_e… │
│                          Type: Categorical, Choices: {max_pool_3x3,          │
│                          avg_pool_3x3, skip_connect, sep_conv_3x3,           │
│                          sep_conv_5x5, dil_conv_3x3, dil_conv_5x5}, Default: │
│                          max_pool_3x3                                        │
│                              NetworkSelectorDatasetInfo_COLON_darts_COLON_e… │
│                          Type: Categorical, Choices: {max_pool_3x3,          │
│                          avg_pool_3x3, skip_connect, sep_conv_3x3,           │
│                          sep_conv_5x5, dil_conv_3x3, dil_conv_5x5}, Default: │
│                          max_pool_3x3                                        │
│                              NetworkSelectorDatasetInfo_COLON_darts_COLON_e… │
│                          Type: Categorical, Choices: {max_pool_3x3,          │
│                          avg_pool_3x3, skip_connect, sep_conv_3x3,           │
│                          sep_conv_5x5, dil_conv_3x3, dil_conv_5x5}, Default: │
│                          max_pool_3x3                                        │
│                              NetworkSelectorDatasetInfo_COLON_darts_COLON_e… │
│                          Type: Categorical, Choices: {max_pool_3x3,          │
│                          avg_pool_3x3, skip_connect, sep_conv_3x3,           │
│                          sep_conv_5x5, dil_conv_3x3, dil_conv_5x5}, Default: │
│                          max_pool_3x3                                        │
│                              NetworkSelectorDatasetInfo_COLON_darts_COLON_e… │
│                          Type: Categorical, Choices: {max_pool_3x3,          │
│                          avg_pool_3x3, skip_connect, sep_conv_3x3,           │
│                          sep_conv_5x5, dil_conv_3x3, dil_conv_5x5}, Default: │
│                          max_pool_3x3                                        │
│                              NetworkSelectorDatasetInfo_COLON_darts_COLON_e… │
│                          Type: Categorical, Choices: {max_pool_3x3,          │
│                          avg_pool_3x3, skip_connect, sep_conv_3x3,           │
│                          sep_conv_5x5, dil_conv_3x3, dil_conv_5x5}, Default: │
│                          max_pool_3x3                                        │
│                              NetworkSelectorDatasetInfo_COLON_darts_COLON_e… │
│                          Type: Categorical, Choices: {max_pool_3x3,          │
│                          avg_pool_3x3, skip_connect, sep_conv_3x3,           │
│                          sep_conv_5x5, dil_conv_3x3, dil_conv_5x5}, Default: │
│                          max_pool_3x3                                        │
│                              NetworkSelectorDatasetInfo_COLON_darts_COLON_e… │
│                          Type: Categorical, Choices: {max_pool_3x3,          │
│                          avg_pool_3x3, skip_connect, sep_conv_3x3,           │
│                          sep_conv_5x5, dil_conv_3x3, dil_conv_5x5}, Default: │
│                          max_pool_3x3                                        │
│                              NetworkSelectorDatasetInfo_COLON_darts_COLON_e… │
│                          Type: Categorical, Choices: {max_pool_3x3,          │
│                          avg_pool_3x3, skip_connect, sep_conv_3x3,           │
│                          sep_conv_5x5, dil_conv_3x3, dil_conv_5x5}, Default: │
│                          max_pool_3x3                                        │
│                              NetworkSelectorDatasetInfo_COLON_darts_COLON_e… │
│                          Type: Categorical, Choices: {max_pool_3x3,          │
│                          avg_pool_3x3, skip_connect, sep_conv_3x3,           │
│                          sep_conv_5x5, dil_conv_3x3, dil_conv_5x5}, Default: │
│                          max_pool_3x3                                        │
│                              NetworkSelectorDatasetInfo_COLON_darts_COLON_e… │
│                          Type: Categorical, Choices: {max_pool_3x3,          │
│                          avg_pool_3x3, skip_connect, sep_conv_3x3,           │
│                          sep_conv_5x5, dil_conv_3x3, dil_conv_5x5}, Default: │
│                          max_pool_3x3                                        │
│                              NetworkSelectorDatasetInfo_COLON_darts_COLON_e… │
│                          Type: Categorical, Choices: {max_pool_3x3,          │
│                          avg_pool_3x3, skip_connect, sep_conv_3x3,           │
│                          sep_conv_5x5, dil_conv_3x3, dil_conv_5x5}, Default: │
│                          max_pool_3x3                                        │
│                              NetworkSelectorDatasetInfo_COLON_darts_COLON_e… │
│                          Type: Categorical, Choices: {max_pool_3x3,          │
│                          avg_pool_3x3, skip_connect, sep_conv_3x3,           │
│                          sep_conv_5x5, dil_conv_3x3, dil_conv_5x5}, Default: │
│                          max_pool_3x3                                        │
│                              NetworkSelectorDatasetInfo_COLON_darts_COLON_i… │
│                          Type: Categorical, Choices: {0_1, 0_2, 1_2},        │
│                          Default: 0_1                                        │
│                              NetworkSelectorDatasetInfo_COLON_darts_COLON_i… │
│                          Type: Categorical, Choices: {0_1, 0_2, 0_3, 1_2,    │
│                          1_3, 2_3}, Default: 0_1                             │
│                              NetworkSelectorDatasetInfo_COLON_darts_COLON_i… │
│                          Type: Categorical, Choices: {0_1, 0_2, 0_3, 0_4,    │
│                          1_2, 1_3, 1_4, 2_3, 2_4, 3_4}, Default: 0_1         │
│                              NetworkSelectorDatasetInfo_COLON_darts_COLON_i… │
│                          Type: Categorical, Choices: {0_1, 0_2, 1_2},        │
│                          Default: 0_1                                        │
│                              NetworkSelectorDatasetInfo_COLON_darts_COLON_i… │
│                          Type: Categorical, Choices: {0_1, 0_2, 0_3, 1_2,    │
│                          1_3, 2_3}, Default: 0_1                             │
│                              NetworkSelectorDatasetInfo_COLON_darts_COLON_i… │
│                          Type: Categorical, Choices: {0_1, 0_2, 0_3, 0_4,    │
│                          1_2, 1_3, 1_4, 2_3, 2_4, 3_4}, Default: 0_1         │
│                            Conditions:                                       │
│                              NetworkSelectorDatasetInfo_COLON_darts_COLON_e… │
│                          |                                                   │
│                          NetworkSelectorDatasetInfo_COLON_darts_COLON_input… │
│                          in {'0_1', '1_2', '1_3', '1_4'}                     │
│                              NetworkSelectorDatasetInfo_COLON_darts_COLON_e… │
│                          |                                                   │
│                          NetworkSelectorDatasetInfo_COLON_darts_COLON_input… │
│                          in {'0_2', '1_2', '2_3', '2_4'}                     │
│                              NetworkSelectorDatasetInfo_COLON_darts_COLON_e… │
│                          |                                                   │
│                          NetworkSelectorDatasetInfo_COLON_darts_COLON_input… │
│                          in {'0_3', '1_3', '2_3', '3_4'}                     │
│                              NetworkSelectorDatasetInfo_COLON_darts_COLON_e… │
│                          |                                                   │
│                          NetworkSelectorDatasetInfo_COLON_darts_COLON_input… │
│                          in {'0_4', '1_4', '2_4', '3_4'}                     │
│                              NetworkSelectorDatasetInfo_COLON_darts_COLON_e… │
│                          |                                                   │
│                          NetworkSelectorDatasetInfo_COLON_darts_COLON_input… │
│                          in {'0_1', '0_2'}                                   │
│                              NetworkSelectorDatasetInfo_COLON_darts_COLON_e… │
│                          |                                                   │
│                          NetworkSelectorDatasetInfo_COLON_darts_COLON_input… │
│                          in {'0_1', '1_2'}                                   │
│                              NetworkSelectorDatasetInfo_COLON_darts_COLON_e… │
│                          |                                                   │
│                          NetworkSelectorDatasetInfo_COLON_darts_COLON_input… │
│                          in {'0_2', '1_2'}                                   │
│                              NetworkSelectorDatasetInfo_COLON_darts_COLON_e… │
│                          |                                                   │
│                          NetworkSelectorDatasetInfo_COLON_darts_COLON_input… │
│                          in {'0_1', '0_2', '0_3'}                            │
│                              NetworkSelectorDatasetInfo_COLON_darts_COLON_e… │
│                          |                                                   │
│                          NetworkSelectorDatasetInfo_COLON_darts_COLON_input… │
│                          in {'0_1', '1_2', '1_3'}                            │
│                              NetworkSelectorDatasetInfo_COLON_darts_COLON_e… │
│                          |                                                   │
│                          NetworkSelectorDatasetInfo_COLON_darts_COLON_input… │
│                          in {'0_2', '1_2', '2_3'}                            │
│                              NetworkSelectorDatasetInfo_COLON_darts_COLON_e… │
│                          |                                                   │
│                          NetworkSelectorDatasetInfo_COLON_darts_COLON_input… │
│                          in {'0_3', '1_3', '2_3'}                            │
│                              NetworkSelectorDatasetInfo_COLON_darts_COLON_e… │
│                          |                                                   │
│                          NetworkSelectorDatasetInfo_COLON_darts_COLON_input… │
│                          in {'0_1', '0_2', '0_3', '0_4'}                     │
│                              NetworkSelectorDatasetInfo_COLON_darts_COLON_e… │
│                          |                                                   │
│                          NetworkSelectorDatasetInfo_COLON_darts_COLON_input… │
│                          in {'0_1', '1_2', '1_3', '1_4'}                     │
│                              NetworkSelectorDatasetInfo_COLON_darts_COLON_e… │
│                          |                                                   │
│                          NetworkSelectorDatasetInfo_COLON_darts_COLON_input… │
│                          in {'0_2', '1_2', '2_3', '2_4'}                     │
│                              NetworkSelectorDatasetInfo_COLON_darts_COLON_e… │
│                          |                                                   │
│                          NetworkSelectorDatasetInfo_COLON_darts_COLON_input… │
│                          in {'0_3', '1_3', '2_3', '3_4'}                     │
│                              NetworkSelectorDatasetInfo_COLON_darts_COLON_e… │
│                          |                                                   │
│                          NetworkSelectorDatasetInfo_COLON_darts_COLON_input… │
│                          in {'0_4', '1_4', '2_4', '3_4'}                     │
│                              NetworkSelectorDatasetInfo_COLON_darts_COLON_e… │
│                          |                                                   │
│                          NetworkSelectorDatasetInfo_COLON_darts_COLON_input… │
│                          in {'0_1', '0_2'}                                   │
│                              NetworkSelectorDatasetInfo_COLON_darts_COLON_e… │
│                          |                                                   │
│                          NetworkSelectorDatasetInfo_COLON_darts_COLON_input… │
│                          in {'0_1', '1_2'}                                   │
│                              NetworkSelectorDatasetInfo_COLON_darts_COLON_e… │
│                          |                                                   │
│                          NetworkSelectorDatasetInfo_COLON_darts_COLON_input… │
│                          in {'0_2', '1_2'}                                   │
│                              NetworkSelectorDatasetInfo_COLON_darts_COLON_e… │
│                          |                                                   │
│                          NetworkSelectorDatasetInfo_COLON_darts_COLON_input… │
│                          in {'0_1', '0_2', '0_3'}                            │
│                              NetworkSelectorDatasetInfo_COLON_darts_COLON_e… │
│                          |                                                   │
│                          NetworkSelectorDatasetInfo_COLON_darts_COLON_input… │
│                          in {'0_1', '1_2', '1_3'}                            │
│                              NetworkSelectorDatasetInfo_COLON_darts_COLON_e… │
│                          |                                                   │
│                          NetworkSelectorDatasetInfo_COLON_darts_COLON_input… │
│                          in {'0_2', '1_2', '2_3'}                            │
│                              NetworkSelectorDatasetInfo_COLON_darts_COLON_e… │
│                          |                                                   │
│                          NetworkSelectorDatasetInfo_COLON_darts_COLON_input… │
│                          in {'0_3', '1_3', '2_3'}                            │
│                              NetworkSelectorDatasetInfo_COLON_darts_COLON_e… │
│                          |                                                   │
│                          NetworkSelectorDatasetInfo_COLON_darts_COLON_input… │
│                          in {'0_1', '0_2', '0_3', '0_4'}                     │
│                          ,                                                   │
│                              fidelity_space=FidelitySpace(                   │
│                                  is_multifidelity=False,                     │
│                                  fidelity_type=None,                         │
│                                  min_fidelity=None,                          │
│                                  max_fidelity=None                           │
│                              ),                                              │
│                              instance_space=None                             │
│                          )                                                   │
│               metadata = TaskMetadata(                                       │
│                              has_constraints=False,                          │
│                              domain='ML',                                    │
│                              objective_function_approximation='surrogate',   │
│                              has_virtual_time=False,                         │
│                              deterministic=False,                            │
│                              dimensions=34,                                  │
│                              search_space_n_categoricals=34,                 │
│                              search_space_n_ordinals=0,                      │
│                              search_space_n_integers=0,                      │
│                              search_space_n_floats=0,                        │
│                              search_space_has_conditionals=True,             │
│                              search_space_has_forbiddens=False,              │
│                              search_space_has_priors=False                   │
│                          )                                                   │
│                   name = 'yahpo/so/nb301/CIFAR10/None'                       │
│     objective_function = <carps.objective_functions.yahpo.YahpoObjectiveFun… │
│                          object at 0x14b70a1ecd70>                           │
│ optimization_resources = OptimizationResources(                              │
│                              n_trials=50,                                    │
│                              time_budget=None,                               │
│                              n_workers=1                                     │
│                          )                                                   │
│           output_space = OutputSpace(                                        │
│                              n_objectives=1,                                 │
│                              objectives=['val_accuracy']                     │
│                          )                                                   │
│                   seed = 5                                                   │
╰──────────────────────────────────────────────────────────────────────────────╯
╭─────── <class 'carps_integration.optimizer.CARPSDynamicRFOptimizer'> ────────╮
│ CARP-S compatible Bayesian Optimization optimizer wrapper that uses          │
│ Dynamic RF surrogate models with Extensible Epistemic UQ Extractors.         │
│                                                                              │
│ ╭──────────────────────────────────────────────────────────────────────────╮ │
│ │ <carps_integration.optimizer.CARPSDynamicRFOptimizer object at           │ │
│ │ 0x14b709f22e40>                                                          │ │
│ ╰──────────────────────────────────────────────────────────────────────────╯ │
│                                                                              │
│                        alpha = 1.0                                           │
│                  configspace = Configuration space object:                   │
│                                  Hyperparameters:                            │
│                                    NetworkSelectorDatasetInfo_COLON_darts_C… │
│                                Type: Categorical, Choices: {max_pool_3x3,    │
│                                avg_pool_3x3, skip_connect, sep_conv_3x3,     │
│                                sep_conv_5x5, dil_conv_3x3, dil_conv_5x5},    │
│                                Default: max_pool_3x3                         │
│                                    NetworkSelectorDatasetInfo_COLON_darts_C… │
│                                Type: Categorical, Choices: {max_pool_3x3,    │
│                                avg_pool_3x3, skip_connect, sep_conv_3x3,     │
│                                sep_conv_5x5, dil_conv_3x3, dil_conv_5x5},    │
│                                Default: max_pool_3x3                         │
│                                    NetworkSelectorDatasetInfo_COLON_darts_C… │
│                                Type: Categorical, Choices: {max_pool_3x3,    │
│                                avg_pool_3x3, skip_connect, sep_conv_3x3,     │
│                                sep_conv_5x5, dil_conv_3x3, dil_conv_5x5},    │
│                                Default: max_pool_3x3                         │
│                                    NetworkSelectorDatasetInfo_COLON_darts_C… │
│                                Type: Categorical, Choices: {max_pool_3x3,    │
│                                avg_pool_3x3, skip_connect, sep_conv_3x3,     │
│                                sep_conv_5x5, dil_conv_3x3, dil_conv_5x5},    │
│                                Default: max_pool_3x3                         │
│                                    NetworkSelectorDatasetInfo_COLON_darts_C… │
│                                Type: Categorical, Choices: {max_pool_3x3,    │
│                                avg_pool_3x3, skip_connect, sep_conv_3x3,     │
│                                sep_conv_5x5, dil_conv_3x3, dil_conv_5x5},    │
│                                Default: max_pool_3x3                         │
│                                    NetworkSelectorDatasetInfo_COLON_darts_C… │
│                                Type: Categorical, Choices: {max_pool_3x3,    │
│                                avg_pool_3x3, skip_connect, sep_conv_3x3,     │
│                                sep_conv_5x5, dil_conv_3x3, dil_conv_5x5},    │
│                                Default: max_pool_3x3                         │
│                                    NetworkSelectorDatasetInfo_COLON_darts_C… │
│                                Type: Categorical, Choices: {max_pool_3x3,    │
│                                avg_pool_3x3, skip_connect, sep_conv_3x3,     │
│                                sep_conv_5x5, dil_conv_3x3, dil_conv_5x5},    │
│                                Default: max_pool_3x3                         │
│                                    NetworkSelectorDatasetInfo_COLON_darts_C… │
│                                Type: Categorical, Choices: {max_pool_3x3,    │
│                                avg_pool_3x3, skip_connect, sep_conv_3x3,     │
│                                sep_conv_5x5, dil_conv_3x3, dil_conv_5x5},    │
│                                Default: max_pool_3x3                         │
│                                    NetworkSelectorDatasetInfo_COLON_darts_C… │
│                                Type: Categorical, Choices: {max_pool_3x3,    │
│                                avg_pool_3x3, skip_connect, sep_conv_3x3,     │
│                                sep_conv_5x5, dil_conv_3x3, dil_conv_5x5},    │
│                                Default: max_pool_3x3                         │
│                                    NetworkSelectorDatasetInfo_COLON_darts_C… │
│                                Type: Categorical, Choices: {max_pool_3x3,    │
│                                avg_pool_3x3, skip_connect, sep_conv_3x3,     │
│                                sep_conv_5x5, dil_conv_3x3, dil_conv_5x5},    │
│                                Default: max_pool_3x3                         │
│                                    NetworkSelectorDatasetInfo_COLON_darts_C… │
│                                Type: Categorical, Choices: {max_pool_3x3,    │
│                                avg_pool_3x3, skip_connect, sep_conv_3x3,     │
│                                sep_conv_5x5, dil_conv_3x3, dil_conv_5x5},    │
│                                Default: max_pool_3x3                         │
│                                    NetworkSelectorDatasetInfo_COLON_darts_C… │
│                                Type: Categorical, Choices: {max_pool_3x3,    │
│                                avg_pool_3x3, skip_connect, sep_conv_3x3,     │
│                                sep_conv_5x5, dil_conv_3x3, dil_conv_5x5},    │
│                                Default: max_pool_3x3                         │
│                                    NetworkSelectorDatasetInfo_COLON_darts_C… │
│                                Type: Categorical, Choices: {max_pool_3x3,    │
│                                avg_pool_3x3, skip_connect, sep_conv_3x3,     │
│                                sep_conv_5x5, dil_conv_3x3, dil_conv_5x5},    │
│                                Default: max_pool_3x3                         │
│                                    NetworkSelectorDatasetInfo_COLON_darts_C… │
│                                Type: Categorical, Choices: {max_pool_3x3,    │
│                                avg_pool_3x3, skip_connect, sep_conv_3x3,     │
│                                sep_conv_5x5, dil_conv_3x3, dil_conv_5x5},    │
│                                Default: max_pool_3x3                         │
│                                    NetworkSelectorDatasetInfo_COLON_darts_C… │
│                                Type: Categorical, Choices: {max_pool_3x3,    │
│                                avg_pool_3x3, skip_connect, sep_conv_3x3,     │
│                                sep_conv_5x5, dil_conv_3x3, dil_conv_5x5},    │
│                                Default: max_pool_3x3                         │
│                                    NetworkSelectorDatasetInfo_COLON_darts_C… │
│                                Type: Categorical, Choices: {max_pool_3x3,    │
│                                avg_pool_3x3, skip_connect, sep_conv_3x3,     │
│                                sep_conv_5x5, dil_conv_3x3, dil_conv_5x5},    │
│                                Default: max_pool_3x3                         │
│                                    NetworkSelectorDatasetInfo_COLON_darts_C… │
│                                Type: Categorical, Choices: {max_pool_3x3,    │
│                                avg_pool_3x3, skip_connect, sep_conv_3x3,     │
│                                sep_conv_5x5, dil_conv_3x3, dil_conv_5x5},    │
│                                Default: max_pool_3x3                         │
│                                    NetworkSelectorDatasetInfo_COLON_darts_C… │
│                                Type: Categorical, Choices: {max_pool_3x3,    │
│                                avg_pool_3x3, skip_connect, sep_conv_3x3,     │
│                                sep_conv_5x5, dil_conv_3x3, dil_conv_5x5},    │
│                                Default: max_pool_3x3                         │
│                                    NetworkSelectorDatasetInfo_COLON_darts_C… │
│                                Type: Categorical, Choices: {max_pool_3x3,    │
│                                avg_pool_3x3, skip_connect, sep_conv_3x3,     │
│                                sep_conv_5x5, dil_conv_3x3, dil_conv_5x5},    │
│                                Default: max_pool_3x3                         │
│                                    NetworkSelectorDatasetInfo_COLON_darts_C… │
│                                Type: Categorical, Choices: {max_pool_3x3,    │
│                                avg_pool_3x3, skip_connect, sep_conv_3x3,     │
│                                sep_conv_5x5, dil_conv_3x3, dil_conv_5x5},    │
│                                Default: max_pool_3x3                         │
│                                    NetworkSelectorDatasetInfo_COLON_darts_C… │
│                                Type: Categorical, Choices: {max_pool_3x3,    │
│                                avg_pool_3x3, skip_connect, sep_conv_3x3,     │
│                                sep_conv_5x5, dil_conv_3x3, dil_conv_5x5},    │
│                                Default: max_pool_3x3                         │
│                                    NetworkSelectorDatasetInfo_COLON_darts_C… │
│                                Type: Categorical, Choices: {max_pool_3x3,    │
│                                avg_pool_3x3, skip_connect, sep_conv_3x3,     │
│                                sep_conv_5x5, dil_conv_3x3, dil_conv_5x5},    │
│                                Default: max_pool_3x3                         │
│                                    NetworkSelectorDatasetInfo_COLON_darts_C… │
│                                Type: Categorical, Choices: {max_pool_3x3,    │
│                                avg_pool_3x3, skip_connect, sep_conv_3x3,     │
│                                sep_conv_5x5, dil_conv_3x3, dil_conv_5x5},    │
│                                Default: max_pool_3x3                         │
│                                    NetworkSelectorDatasetInfo_COLON_darts_C… │
│                                Type: Categorical, Choices: {max_pool_3x3,    │
│                                avg_pool_3x3, skip_connect, sep_conv_3x3,     │
│                                sep_conv_5x5, dil_conv_3x3, dil_conv_5x5},    │
│                                Default: max_pool_3x3                         │
│                                    NetworkSelectorDatasetInfo_COLON_darts_C… │
│                                Type: Categorical, Choices: {max_pool_3x3,    │
│                                avg_pool_3x3, skip_connect, sep_conv_3x3,     │
│                                sep_conv_5x5, dil_conv_3x3, dil_conv_5x5},    │
│                                Default: max_pool_3x3                         │
│                                    NetworkSelectorDatasetInfo_COLON_darts_C… │
│                                Type: Categorical, Choices: {max_pool_3x3,    │
│                                avg_pool_3x3, skip_connect, sep_conv_3x3,     │
│                                sep_conv_5x5, dil_conv_3x3, dil_conv_5x5},    │
│                                Default: max_pool_3x3                         │
│                                    NetworkSelectorDatasetInfo_COLON_darts_C… │
│                                Type: Categorical, Choices: {max_pool_3x3,    │
│                                avg_pool_3x3, skip_connect, sep_conv_3x3,     │
│                                sep_conv_5x5, dil_conv_3x3, dil_conv_5x5},    │
│                                Default: max_pool_3x3                         │
│                                    NetworkSelectorDatasetInfo_COLON_darts_C… │
│                                Type: Categorical, Choices: {max_pool_3x3,    │
│                                avg_pool_3x3, skip_connect, sep_conv_3x3,     │
│                                sep_conv_5x5, dil_conv_3x3, dil_conv_5x5},    │
│                                Default: max_pool_3x3                         │
│                                    NetworkSelectorDatasetInfo_COLON_darts_C… │
│                                Type: Categorical, Choices: {0_1, 0_2, 1_2},  │
│                                Default: 0_1                                  │
│                                    NetworkSelectorDatasetInfo_COLON_darts_C… │
│                                Type: Categorical, Choices: {0_1, 0_2, 0_3,   │
│                                1_2, 1_3, 2_3}, Default: 0_1                  │
│                                    NetworkSelectorDatasetInfo_COLON_darts_C… │
│                                Type: Categorical, Choices: {0_1, 0_2, 0_3,   │
│                                0_4, 1_2, 1_3, 1_4, 2_3, 2_4, 3_4}, Default:  │
│                                0_1                                           │
│                                    NetworkSelectorDatasetInfo_COLON_darts_C… │
│                                Type: Categorical, Choices: {0_1, 0_2, 1_2},  │
│                                Default: 0_1                                  │
│                                    NetworkSelectorDatasetInfo_COLON_darts_C… │
│                                Type: Categorical, Choices: {0_1, 0_2, 0_3,   │
│                                1_2, 1_3, 2_3}, Default: 0_1                  │
│                                    NetworkSelectorDatasetInfo_COLON_darts_C… │
│                                Type: Categorical, Choices: {0_1, 0_2, 0_3,   │
│                                0_4, 1_2, 1_3, 1_4, 2_3, 2_4, 3_4}, Default:  │
│                                0_1                                           │
│                                  Conditions:                                 │
│                                    NetworkSelectorDatasetInfo_COLON_darts_C… │
│                                |                                             │
│                                NetworkSelectorDatasetInfo_COLON_darts_COLON… │
│                                in {'0_1', '1_2', '1_3', '1_4'}               │
│                                    NetworkSelectorDatasetInfo_COLON_darts_C… │
│                                |                                             │
│                                NetworkSelectorDatasetInfo_COLON_darts_COLON… │
│                                in {'0_2', '1_2', '2_3', '2_4'}               │
│                                    NetworkSelectorDatasetInfo_COLON_darts_C… │
│                                |                                             │
│                                NetworkSelectorDatasetInfo_COLON_darts_COLON… │
│                                in {'0_3', '1_3', '2_3', '3_4'}               │
│                                    NetworkSelectorDatasetInfo_COLON_darts_C… │
│                                |                                             │
│                                NetworkSelectorDatasetInfo_COLON_darts_COLON… │
│                                in {'0_4', '1_4', '2_4', '3_4'}               │
│                                    NetworkSelectorDatasetInfo_COLON_darts_C… │
│                                |                                             │
│                                NetworkSelectorDatasetInfo_COLON_darts_COLON… │
│                                in {'0_1', '0_2'}                             │
│                                    NetworkSelectorDatasetInfo_COLON_darts_C… │
│                                |                                             │
│                                NetworkSelectorDatasetInfo_COLON_darts_COLON… │
│                                in {'0_1', '1_2'}                             │
│                                    NetworkSelectorDatasetInfo_COLON_darts_C… │
│                                |                                             │
│                                NetworkSelectorDatasetInfo_COLON_darts_COLON… │
│                                in {'0_2', '1_2'}                             │
│                                    NetworkSelectorDatasetInfo_COLON_darts_C… │
│                                |                                             │
│                                NetworkSelectorDatasetInfo_COLON_darts_COLON… │
│                                in {'0_1', '0_2', '0_3'}                      │
│                                    NetworkSelectorDatasetInfo_COLON_darts_C… │
│                                |                                             │
│                                NetworkSelectorDatasetInfo_COLON_darts_COLON… │
│                                in {'0_1', '1_2', '1_3'}                      │
│                                    NetworkSelectorDatasetInfo_COLON_darts_C… │
│                                |                                             │
│                                NetworkSelectorDatasetInfo_COLON_darts_COLON… │
│                                in {'0_2', '1_2', '2_3'}                      │
│                                    NetworkSelectorDatasetInfo_COLON_darts_C… │
│                                |                                             │
│                                NetworkSelectorDatasetInfo_COLON_darts_COLON… │
│                                in {'0_3', '1_3', '2_3'}                      │
│                                    NetworkSelectorDatasetInfo_COLON_darts_C… │
│                                |                                             │
│                                NetworkSelectorDatasetInfo_COLON_darts_COLON… │
│                                in {'0_1', '0_2', '0_3', '0_4'}               │
│                                    NetworkSelectorDatasetInfo_COLON_darts_C… │
│                                |                                             │
│                                NetworkSelectorDatasetInfo_COLON_darts_COLON… │
│                                in {'0_1', '1_2', '1_3', '1_4'}               │
│                                    NetworkSelectorDatasetInfo_COLON_darts_C… │
│                                |                                             │
│                                NetworkSelectorDatasetInfo_COLON_darts_COLON… │
│                                in {'0_2', '1_2', '2_3', '2_4'}               │
│                                    NetworkSelectorDatasetInfo_COLON_darts_C… │
│                                |                                             │
│                                NetworkSelectorDatasetInfo_COLON_darts_COLON… │
│                                in {'0_3', '1_3', '2_3', '3_4'}               │
│                                    NetworkSelectorDatasetInfo_COLON_darts_C… │
│                                |                                             │
│                                NetworkSelectorDatasetInfo_COLON_darts_COLON… │
│                                in {'0_4', '1_4', '2_4', '3_4'}               │
│                                    NetworkSelectorDatasetInfo_COLON_darts_C… │
│                                |                                             │
│                                NetworkSelectorDatasetInfo_COLON_darts_COLON… │
│                                in {'0_1', '0_2'}                             │
│                                    NetworkSelectorDatasetInfo_COLON_darts_C… │
│                                |                                             │
│                                NetworkSelectorDatasetInfo_COLON_darts_COLON… │
│                                in {'0_1', '1_2'}                             │
│                                    NetworkSelectorDatasetInfo_COLON_darts_C… │
│                                |                                             │
│                                NetworkSelectorDatasetInfo_COLON_darts_COLON… │
│                                in {'0_2', '1_2'}                             │
│                                    NetworkSelectorDatasetInfo_COLON_darts_C… │
│                                |                                             │
│                                NetworkSelectorDatasetInfo_COLON_darts_COLON… │
│                                in {'0_1', '0_2', '0_3'}                      │
│                                    NetworkSelectorDatasetInfo_COLON_darts_C… │
│                                |                                             │
│                                NetworkSelectorDatasetInfo_COLON_darts_COLON… │
│                                in {'0_1', '1_2', '1_3'}                      │
│                                    NetworkSelectorDatasetInfo_COLON_darts_C… │
│                                |                                             │
│                                NetworkSelectorDatasetInfo_COLON_darts_COLON… │
│                                in {'0_2', '1_2', '2_3'}                      │
│                                    NetworkSelectorDatasetInfo_COLON_darts_C… │
│                                |                                             │
│                                NetworkSelectorDatasetInfo_COLON_darts_COLON… │
│                                in {'0_3', '1_3', '2_3'}                      │
│                                    NetworkSelectorDatasetInfo_COLON_darts_C… │
│                                |                                             │
│                                NetworkSelectorDatasetInfo_COLON_darts_COLON… │
│                                in {'0_1', '0_2', '0_3', '0_4'}               │
│                                                                              │
│                          eta = 0.5                                           │
│           expects_fidelities = False                                         │
│  expects_multiple_objectives = False                                         │
│             extractor_kwargs = {}                                            │
│               extractor_name = 'standard_proximity'                          │
│             fidelity_enabled = False                                         │
│                      history = []                                            │
│                        kappa = 1.96                                          │
│                      loggers = [<carps.loggers.file_logger.FileLogger object │
│                                at 0x14b70a1ec980>,                           │
│                                <carps.loggers.database_logger.DatabaseLogger │
│                                object at 0x14b70a1ecc20>]                    │
│            max_features_base = 0.5                                           │
│             max_features_max = 0.8                                           │
│             max_features_min = 0.1                                           │
│        min_samples_leaf_base = 2                                             │
│         min_samples_leaf_max = 15                                            │
│         min_samples_leaf_min = 1                                             │
│                       n_init = 10                                            │
│                    rf_kwargs = {}                                            │
│                       solver = None                                          │
│                    surrogate = None                                          │
│                         task = Task(                                         │
│                                    name='yahpo/so/nb301/CIFAR10/None',       │
│                                    objective_function=<carps.objective_func… │
│                                object at 0x14b70a1ecd70>,                    │
│                                    input_space=InputSpace(                   │
│                                        configuration_space=Configuration     │
│                                space object:                                 │
│                                  Hyperparameters:                            │
│                                    NetworkSelectorDatasetInfo_COLON_darts_C… │
│                                Type: Categorical, Choices: {max_pool_3x3,    │
│                                avg_pool_3x3, skip_connect, sep_conv_3x3,     │
│                                sep_conv_5x5, dil_conv_3x3, dil_conv_5x5},    │
│                                Default: max_pool_3x3                         │
│                                    NetworkSelectorDatasetInfo_COLON_darts_C… │
│                                Type: Categorical, Choices: {max_pool_3x3,    │
│                                avg_pool_3x3, skip_connect, sep_conv_3x3,     │
│                                sep_conv_5x5, dil_conv_3x3, dil_conv_5x5},    │
│                                Default: max_pool_3x3                         │
│                                    NetworkSelectorDatasetInfo_COLON_darts_C… │
│                                Type: Categorical, Choices: {max_pool_3x3,    │
│                                avg_pool_3x3, skip_connect, sep_conv_3x3,     │
│                                sep_conv_5x5, dil_conv_3x3, dil_conv_5x5},    │
│                                Default: max_pool_3x3                         │
│                                    NetworkSelectorDatasetInfo_COLON_darts_C… │
│                                Type: Categorical, Choices: {max_pool_3x3,    │
│                                avg_pool_3x3, skip_connect, sep_conv_3x3,     │
│                                sep_conv_5x5, dil_conv_3x3, dil_conv_5x5},    │
│                                Default: max_pool_3x3                         │
│                                    NetworkSelectorDatasetInfo_COLON_darts_C… │
│                                Type: Categorical, Choices: {max_pool_3x3,    │
│                                avg_pool_3x3, skip_connect, sep_conv_3x3,     │
│                                sep_conv_5x5, dil_conv_3x3, dil_conv_5x5},    │
│                                Default: max_pool_3x3                         │
│                                    NetworkSelectorDatasetInfo_COLON_darts_C… │
│                                Type: Categorical, Choices: {max_pool_3x3,    │
│                                avg_pool_3x3, skip_connect, sep_conv_3x3,     │
│                                sep_conv_5x5, dil_conv_3x3, dil_conv_5x5},    │
│                                Default: max_pool_3x3                         │
│                                    NetworkSelectorDatasetInfo_COLON_darts_C… │
│                                Type: Categorical, Choices: {max_pool_3x3,    │
│                                avg_pool_3x3, skip_connect, sep_conv_3x3,     │
│                                sep_conv_5x5, dil_conv_3x3, dil_conv_5x5},    │
│                                Default: max_pool_3x3                         │
│                                    NetworkSelectorDatasetInfo_COLON_darts_C… │
│                                Type: Categorical, Choices: {max_pool_3x3,    │
│                                avg_pool_3x3, skip_connect, sep_conv_3x3,     │
│                                sep_conv_5x5, dil_conv_3x3, dil_conv_5x5},    │
│                                Default: max_pool_3x3                         │
│                                    NetworkSelectorDatasetInfo_COLON_darts_C… │
│                                Type: Categorical, Choices: {max_pool_3x3,    │
│                                avg_pool_3x3, skip_connect, sep_conv_3x3,     │
│                                sep_conv_5x5, dil_conv_3x3, dil_conv_5x5},    │
│                                Default: max_pool_3x3                         │
│                                    NetworkSelectorDatasetInfo_COLON_darts_C… │
│                                Type: Categorical, Choices: {max_pool_3x3,    │
│                                avg_pool_3x3, skip_connect, sep_conv_3x3,     │
│                                sep_conv_5x5, dil_conv_3x3, dil_conv_5x5},    │
│                                Default: max_pool_3x3                         │
│                                    NetworkSelectorDatasetInfo_COLON_darts_C… │
│                                Type: Categorical, Choices: {max_pool_3x3,    │
│                                avg_pool_3x3, skip_connect, sep_conv_3x3,     │
│                                sep_conv_5x5, dil_conv_3x3, dil_conv_5x5},    │
│                                Default: max_pool_3x3                         │
│                                    NetworkSelectorDatasetInfo_COLON_darts_C… │
│                                Type: Categorical, Choices: {max_pool_3x3,    │
│                                avg_pool_3x3, skip_connect, sep_conv_3x3,     │
│                                sep_conv_5x5, dil_conv_3x3, dil_conv_5x5},    │
│                                Default: max_pool_3x3                         │
│                                    NetworkSelectorDatasetInfo_COLON_darts_C… │
│                                Type: Categorical, Choices: {max_pool_3x3,    │
│                                avg_pool_3x3, skip_connect, sep_conv_3x3,     │
│                                sep_conv_5x5, dil_conv_3x3, dil_conv_5x5},    │
│                                Default: max_pool_3x3                         │
│                                    NetworkSelectorDatasetInfo_COLON_darts_C… │
│                                Type: Categorical, Choices: {max_pool_3x3,    │
│                                avg_pool_3x3, skip_connect, sep_conv_3x3,     │
│                                sep_conv_5x5, dil_conv_3x3, dil_conv_5x5},    │
│                                Default: max_pool_3x3                         │
│                                    NetworkSelectorDatasetInfo_COLON_darts_C… │
│                                Type: Categorical, Choices: {max_pool_3x3,    │
│                                avg_pool_3x3, skip_connect, sep_conv_3x3,     │
│                                sep_conv_5x5, dil_conv_3x3, dil_conv_5x5},    │
│                                Default: max_pool_3x3                         │
│                                    NetworkSelectorDatasetInfo_COLON_darts_C… │
│                                Type: Categorical, Choices: {max_pool_3x3,    │
│                                avg_pool_3x3, skip_connect, sep_conv_3x3,     │
│                                sep_conv_5x5, dil_conv_3x3, dil_conv_5x5},    │
│                                Default: max_pool_3x3                         │
│                                    NetworkSelectorDatasetInfo_COLON_darts_C… │
│                                Type: Categorical, Choices: {max_pool_3x3,    │
│                                avg_pool_3x3, skip_connect, sep_conv_3x3,     │
│                                sep_conv_5x5, dil_conv_3x3, dil_conv_5x5},    │
│                                Default: max_pool_3x3                         │
│                                    NetworkSelectorDatasetInfo_COLON_darts_C… │
│                                Type: Categorical, Choices: {max_pool_3x3,    │
│                                avg_pool_3x3, skip_connect, sep_conv_3x3,     │
│                                sep_conv_5x5, dil_conv_3x3, dil_conv_5x5},    │
│                                Default: max_pool_3x3                         │
│                                    NetworkSelectorDatasetInfo_COLON_darts_C… │
│                                Type: Categorical, Choices: {max_pool_3x3,    │
│                                avg_pool_3x3, skip_connect, sep_conv_3x3,     │
│                                sep_conv_5x5, dil_conv_3x3, dil_conv_5x5},    │
│                                Default: max_pool_3x3                         │
│                                    NetworkSelectorDatasetInfo_COLON_darts_C… │
│                                Type: Categorical, Choices: {max_pool_3x3,    │
│                                avg_pool_3x3, skip_connect, sep_conv_3x3,     │
│                                sep_conv_5x5, dil_conv_3x3, dil_conv_5x5},    │
│                                Default: max_pool_3x3                         │
│                                    NetworkSelectorDatasetInfo_COLON_darts_C… │
│                                Type: Categorical, Choices: {max_pool_3x3,    │
│                                avg_pool_3x3, skip_connect, sep_conv_3x3,     │
│                                sep_conv_5x5, dil_conv_3x3, dil_conv_5x5},    │
│                                Default: max_pool_3x3                         │
│                                    NetworkSelectorDatasetInfo_COLON_darts_C… │
│                                Type: Categorical, Choices: {max_pool_3x3,    │
│                                avg_pool_3x3, skip_connect, sep_conv_3x3,     │
│                                sep_conv_5x5, dil_conv_3x3, dil_conv_5x5},    │
│                                Default: max_pool_3x3                         │
│                                    NetworkSelectorDatasetInfo_COLON_darts_C… │
│                                Type: Categorical, Choices: {max_pool_3x3,    │
│                                avg_pool_3x3, skip_connect, sep_conv_3x3,     │
│                                sep_conv_5x5, dil_conv_3x3, dil_conv_5x5},    │
│                                Default: max_pool_3x3                         │
│                                    NetworkSelectorDatasetInfo_COLON_darts_C… │
│                                Type: Categorical, Choices: {max_pool_3x3,    │
│                                avg_pool_3x3, skip_connect, sep_conv_3x3,     │
│                                sep_conv_5x5, dil_conv_3x3, dil_conv_5x5},    │
│                                Default: max_pool_3x3                         │
│                                    NetworkSelectorDatasetInfo_COLON_darts_C… │
│                                Type: Categorical, Choices: {max_pool_3x3,    │
│                                avg_pool_3x3, skip_connect, sep_conv_3x3,     │
│                                sep_conv_5x5, dil_conv_3x3, dil_conv_5x5},    │
│                                Default: max_pool_3x3                         │
│                                    NetworkSelectorDatasetInfo_COLON_darts_C… │
│                                Type: Categorical, Choices: {max_pool_3x3,    │
│                                avg_pool_3x3, skip_connect, sep_conv_3x3,     │
│                                sep_conv_5x5, dil_conv_3x3, dil_conv_5x5},    │
│                                Default: max_pool_3x3                         │
│                                    NetworkSelectorDatasetInfo_COLON_darts_C… │
│                                Type: Categorical, Choices: {max_pool_3x3,    │
│                                avg_pool_3x3, skip_connect, sep_conv_3x3,     │
│                                sep_conv_5x5, dil_conv_3x3, dil_conv_5x5},    │
│                                Default: max_pool_3x3                         │
│                                    NetworkSelectorDatasetInfo_COLON_darts_C… │
│                                Type: Categorical, Choices: {max_pool_3x3,    │
│                                avg_pool_3x3, skip_connect, sep_conv_3x3,     │
│                                sep_conv_5x5, dil_conv_3x3, dil_conv_5x5},    │
│                                Default: max_pool_3x3                         │
│                                    NetworkSelectorDatasetInfo_COLON_darts_C… │
│                                Type: Categorical, Choices: {0_1, 0_2, 1_2},  │
│                                Default: 0_1                                  │
│                                    NetworkSelectorDatasetInfo_COLON_darts_C… │
│                                Type: Categorical, Choices: {0_1, 0_2, 0_3,   │
│                                1_2, 1_3, 2_3}, Default: 0_1                  │
│                                    NetworkSelectorDatasetInfo_COLON_darts_C… │
│                                Type: Categorical, Choices: {0_1, 0_2, 0_3,   │
│                                0_4, 1_2, 1_3, 1_4, 2_3, 2_4, 3_4}, Default:  │
│                                0_1                                           │
│                                    NetworkSelectorDatasetInfo_COLON_darts_C… │
│                                Type: Categorical, Choices: {0_1, 0_2, 1_2},  │
│                                Default: 0_1                                  │
│                                    NetworkSelectorDatasetInfo_COLON_darts_C… │
│                                Type: Categorical, Choices: {0_1, 0_2, 0_3,   │
│                                1_2, 1_3, 2_3}, Default: 0_1                  │
│                                    NetworkSelectorDatasetInfo_COLON_darts_C… │
│                                Type: Categorical, Choices: {0_1, 0_2, 0_3,   │
│                                0_4, 1_2, 1_3, 1_4, 2_3, 2_4, 3_4}, Default:  │
│                                0_1                                           │
│                                  Conditions:                                 │
│                                    NetworkSelectorDatasetInfo_COLON_darts_C… │
│                                |                                             │
│                                NetworkSelectorDatasetInfo_COLON_darts_COLON… │
│                                in {'0_1', '1_2', '1_3', '1_4'}               │
│                                    NetworkSelectorDatasetInfo_COLON_darts_C… │
│                                |                                             │
│                                NetworkSelectorDatasetInfo_COLON_darts_COLON… │
│                                in {'0_2', '1_2', '2_3', '2_4'}               │
│                                    NetworkSelectorDatasetInfo_COLON_darts_C… │
│                                |                                             │
│                                NetworkSelectorDatasetInfo_COLON_darts_COLON… │
│                                in {'0_3', '1_3', '2_3', '3_4'}               │
│                                    NetworkSelectorDatasetInfo_COLON_darts_C… │
│                                |                                             │
│                                NetworkSelectorDatasetInfo_COLON_darts_COLON… │
│                                in {'0_4', '1_4', '2_4', '3_4'}               │
│                                    NetworkSelectorDatasetInfo_COLON_darts_C… │
│                                |                                             │
│                                NetworkSelectorDatasetInfo_COLON_darts_COLON… │
│                                in {'0_1', '0_2'}                             │
│                                    NetworkSelectorDatasetInfo_COLON_darts_C… │
│                                |                                             │
│                                NetworkSelectorDatasetInfo_COLON_darts_COLON… │
│                                in {'0_1', '1_2'}                             │
│                                    NetworkSelectorDatasetInfo_COLON_darts_C… │
│                                |                                             │
│                                NetworkSelectorDatasetInfo_COLON_darts_COLON… │
│                                in {'0_2', '1_2'}                             │
│                                    NetworkSelectorDatasetInfo_COLON_darts_C… │
│                                |                                             │
│                                NetworkSelectorDatasetInfo_COLON_darts_COLON… │
│                                in {'0_1', '0_2', '0_3'}                      │
│                                    NetworkSelectorDatasetInfo_COLON_darts_C… │
│                                |                                             │
│                                NetworkSelectorDatasetInfo_COLON_darts_COLON… │
│                                in {'0_1', '1_2', '1_3'}                      │
│                                    NetworkSelectorDatasetInfo_COLON_darts_C… │
│                                |                                             │
│                                NetworkSelectorDatasetInfo_COLON_darts_COLON… │
│                                in {'0_2', '1_2', '2_3'}                      │
│                                    NetworkSelectorDatasetInfo_COLON_darts_C… │
│                                |                                             │
│                                NetworkSelectorDatasetInfo_COLON_darts_COLON… │
│                                in {'0_3', '1_3', '2_3'}                      │
│                                    NetworkSelectorDatasetInfo_COLON_darts_C… │
│                                |                                             │
│                                NetworkSelectorDatasetInfo_COLON_darts_COLON… │
│                                in {'0_1', '0_2', '0_3', '0_4'}               │
│                                    NetworkSelectorDatasetInfo_COLON_darts_C… │
│                                |                                             │
│                                NetworkSelectorDatasetInfo_COLON_darts_COLON… │
│                                in {'0_1', '1_2', '1_3', '1_4'}               │
│                                    NetworkSelectorDatasetInfo_COLON_darts_C… │
│                                |                                             │
│                                NetworkSelectorDatasetInfo_COLON_darts_COLON… │
│                                in {'0_2', '1_2', '2_3', '2_4'}               │
│                                    NetworkSelectorDatasetInfo_COLON_darts_C… │
│                                |                                             │
│                                NetworkSelectorDatasetInfo_COLON_darts_COLON… │
│                                in {'0_3', '1_3', '2_3', '3_4'}               │
│                                    NetworkSelectorDatasetInfo_COLON_darts_C… │
│                                |                                             │
│                                NetworkSelectorDatasetInfo_COLON_darts_COLON… │
│                                in {'0_4', '1_4', '2_4', '3_4'}               │
│                                    NetworkSelectorDatasetInfo_COLON_darts_C… │
│                                |                                             │
│                                NetworkSelectorDatasetInfo_COLON_darts_COLON… │
│                                in {'0_1', '0_2'}                             │
│                                    NetworkSelectorDatasetInfo_COLON_darts_C… │
│                                |                                             │
│                                NetworkSelectorDatasetInfo_COLON_darts_COLON… │
│                                in {'0_1', '1_2'}                             │
│                                    NetworkSelectorDatasetInfo_COLON_darts_C… │
│                                |                                             │
│                                NetworkSelectorDatasetInfo_COLON_darts_COLON… │
│                                in {'0_2', '1_2'}                             │
│                                    NetworkSelectorDatasetInfo_COLON_darts_C… │
│                                |                                             │
│                                NetworkSelectorDatasetInfo_COLON_darts_COLON… │
│                                in {'0_1', '0_2', '0_3'}                      │
│                                    NetworkSelectorDatasetInfo_COLON_darts_C… │
│                                |                                             │
│                                NetworkSelectorDatasetInfo_COLON_darts_COLON… │
│                                in {'0_1', '1_2', '1_3'}                      │
│                                    NetworkSelectorDatasetInfo_COLON_darts_C… │
│                                |                                             │
│                                NetworkSelectorDatasetInfo_COLON_darts_COLON… │
│                                in {'0_2', '1_2', '2_3'}                      │
│                                    NetworkSelectorDatasetInfo_COLON_darts_C… │
│                                |                                             │
│                                NetworkSelectorDatasetInfo_COLON_darts_COLON… │
│                                in {'0_3', '1_3', '2_3'}                      │
│                                    NetworkSelectorDatasetInfo_COLON_darts_C… │
│                                |                                             │
│                                NetworkSelectorDatasetInfo_COLON_darts_COLON… │
│                                in {'0_1', '0_2', '0_3', '0_4'}               │
│                                ,                                             │
│                                        fidelity_space=FidelitySpace(         │
│                                            is_multifidelity=False,           │
│                                            fidelity_type=None,               │
│                                            min_fidelity=None,                │
│                                            max_fidelity=None                 │
│                                        ),                                    │
│                                        instance_space=None                   │
│                                    ),                                        │
│                                    output_space=OutputSpace(                 │
│                                        n_objectives=1,                       │
│                                        objectives=['val_accuracy']           │
│                                    ),                                        │
│                                    optimization_resources=OptimizationResou… │
│                                        n_trials=50,                          │
│                                        time_budget=None,                     │
│                                        n_workers=1                           │
│                                    ),                                        │
│                                    metadata=TaskMetadata(                    │
│                                        has_constraints=False,                │
│                                        domain='ML',                          │
│                                        objective_function_approximation='su… │
│                                        has_virtual_time=False,               │
│                                        deterministic=False,                  │
│                                        dimensions=34,                        │
│                                        search_space_n_categoricals=34,       │
│                                        search_space_n_ordinals=0,            │
│                                        search_space_n_integers=0,            │
│                                        search_space_n_floats=0,              │
│                                        search_space_has_conditionals=True,   │
│                                        search_space_has_forbiddens=False,    │
│                                        search_space_has_priors=False         │
│                                    ),                                        │
│                                    seed=5                                    │
│                                )                                             │
│               telemetry_path = 'results/telemetry_standard_proximity_cfg_nb… │
│            telemetry_records = []                                            │
│                  time_budget = None                                          │
│                trial_counter = 0                                             │
│ virtual_time_elapsed_seconds = 0.0                                           │
│                  window_size = 5                                             │
╰──────────────────────────────────────────────────────────────────────────────╯
[[36m2026-07-19 18:41:14,808[0m][[34mFileLogger[0m][[32mINFO[0m] - n_trials: 1, n_function_calls: 1, config: [np.str_('sep_conv_3x3'), np.str_('max_pool_3x3'), np.str_('sep_conv_3x3'), np.str_('avg_pool_3x3'), np.str_('0_2'), np.str_('2_3'), np.str_('3_4'), np.str_('0_1'), np.str_('0_1'), np.str_('0_3'), np.str_('sep_conv_3x3'), np.str_('sep_conv_3x3'), np.str_('avg_pool_3x3'), np.str_('skip_connect'), np.str_('max_pool_3x3'), np.str_('max_pool_3x3'), np.str_('dil_conv_5x5'), np.str_('skip_connect'), np.str_('sep_conv_3x3'), np.str_('avg_pool_3x3'), np.str_('dil_conv_5x5'), np.str_('sep_conv_5x5')], cost: -92.0548095703125[0m
[[36m2026-07-19 18:41:14,838[0m][[34mFileLogger[0m][[32mINFO[0m] - n_trials: 2, n_function_calls: 2, config: [np.str_('sep_conv_5x5'), np.str_('sep_conv_3x3'), np.str_('max_pool_3x3'), np.str_('avg_pool_3x3'), np.str_('1_2'), np.str_('0_2'), np.str_('1_2'), np.str_('0_2'), np.str_('2_3'), np.str_('0_2'), np.str_('avg_pool_3x3'), np.str_('max_pool_3x3'), np.str_('max_pool_3x3'), np.str_('dil_conv_3x3'), np.str_('sep_conv_3x3'), np.str_('skip_connect'), np.str_('sep_conv_5x5'), np.str_('skip_connect'), np.str_('avg_pool_3x3'), np.str_('sep_conv_3x3'), np.str_('dil_conv_3x3'), np.str_('dil_conv_5x5')], cost: -92.74473571777344[0m
[[36m2026-07-19 18:41:14,866[0m][[34mFileLogger[0m][[32mINFO[0m] - n_trials: 3, n_function_calls: 3, config: [np.str_('dil_conv_5x5'), np.str_('max_pool_3x3'), np.str_('skip_connect'), np.str_('max_pool_3x3'), np.str_('0_1'), np.str_('0_2'), np.str_('1_3'), np.str_('1_2'), np.str_('0_3'), np.str_('0_1'), np.str_('avg_pool_3x3'), np.str_('skip_connect'), np.str_('skip_connect'), np.str_('sep_conv_5x5'), np.str_('dil_conv_3x3'), np.str_('max_pool_3x3'), np.str_('dil_conv_3x3'), np.str_('dil_conv_3x3'), np.str_('skip_connect'), np.str_('avg_pool_3x3'), np.str_('max_pool_3x3'), np.str_('avg_pool_3x3')], cost: -92.18912506103516[0m
[[36m2026-07-19 18:41:14,888[0m][[34mFileLogger[0m][[32mINFO[0m] - n_trials: 4, n_function_calls: 4, config: [np.str_('sep_conv_5x5'), np.str_('dil_conv_3x3'), np.str_('dil_conv_3x3'), np.str_('sep_conv_3x3'), np.str_('1_2'), np.str_('2_3'), np.str_('1_4'), np.str_('0_2'), np.str_('1_2'), np.str_('0_2'), np.str_('max_pool_3x3'), np.str_('skip_connect'), np.str_('skip_connect'), np.str_('sep_conv_5x5'), np.str_('dil_conv_5x5'), np.str_('sep_conv_3x3'), np.str_('max_pool_3x3'), np.str_('sep_conv_3x3'), np.str_('avg_pool_3x3'), np.str_('skip_connect'), np.str_('avg_pool_3x3'), np.str_('dil_conv_5x5')], cost: -92.4923324584961[0m
[[36m2026-07-19 18:41:14,910[0m][[34mFileLogger[0m][[32mINFO[0m] - n_trials: 5, n_function_calls: 5, config: [np.str_('dil_conv_3x3'), np.str_('sep_conv_3x3'), np.str_('avg_pool_3x3'), np.str_('max_pool_3x3'), np.str_('0_2'), np.str_('0_1'), np.str_('0_3'), np.str_('0_2'), np.str_('2_3'), np.str_('1_3'), np.str_('avg_pool_3x3'), np.str_('skip_connect'), np.str_('dil_conv_3x3'), np.str_('skip_connect'), np.str_('avg_pool_3x3'), np.str_('skip_connect'), np.str_('skip_connect'), np.str_('avg_pool_3x3'), np.str_('dil_conv_5x5'), np.str_('avg_pool_3x3'), np.str_('sep_conv_3x3'), np.str_('sep_conv_3x3')], cost: -92.5278549194336[0m
[[36m2026-07-19 18:41:14,931[0m][[34mFileLogger[0m][[32mINFO[0m] - n_trials: 6, n_function_calls: 6, config: [np.str_('max_pool_3x3'), np.str_('avg_pool_3x3'), np.str_('dil_conv_3x3'), np.str_('max_pool_3x3'), np.str_('0_1'), np.str_('0_3'), np.str_('0_4'), np.str_('0_1'), np.str_('2_3'), np.str_('2_4'), np.str_('dil_conv_5x5'), np.str_('sep_conv_5x5'), np.str_('avg_pool_3x3'), np.str_('sep_conv_3x3'), np.str_('dil_conv_3x3'), np.str_('max_pool_3x3'), np.str_('dil_conv_5x5'), np.str_('sep_conv_3x3'), np.str_('sep_conv_5x5'), np.str_('dil_conv_3x3'), np.str_('sep_conv_5x5'), np.str_('sep_conv_5x5')], cost: -93.0892562866211[0m
[[36m2026-07-19 18:41:14,965[0m][[34mFileLogger[0m][[32mINFO[0m] - n_trials: 7, n_function_calls: 7, config: [np.str_('avg_pool_3x3'), np.str_('dil_conv_3x3'), np.str_('avg_pool_3x3'), np.str_('sep_conv_3x3'), np.str_('0_2'), np.str_('0_3'), np.str_('2_4'), np.str_('1_2'), np.str_('1_2'), np.str_('1_4'), np.str_('sep_conv_5x5'), np.str_('sep_conv_5x5'), np.str_('max_pool_3x3'), np.str_('skip_connect'), np.str_('dil_conv_5x5'), np.str_('skip_connect'), np.str_('max_pool_3x3'), np.str_('sep_conv_3x3'), np.str_('dil_conv_5x5'), np.str_('sep_conv_3x3'), np.str_('dil_conv_5x5'), np.str_('avg_pool_3x3')], cost: -92.37293243408203[0m
[[36m2026-07-19 18:41:14,983[0m][[34mFileLogger[0m][[32mINFO[0m] - n_trials: 8, n_function_calls: 8, config: [np.str_('dil_conv_3x3'), np.str_('sep_conv_5x5'), np.str_('sep_conv_3x3'), np.str_('avg_pool_3x3'), np.str_('0_2'), np.str_('0_2'), np.str_('0_2'), np.str_('0_1'), np.str_('1_3'), np.str_('0_1'), np.str_('max_pool_3x3'), np.str_('dil_conv_5x5'), np.str_('dil_conv_3x3'), np.str_('avg_pool_3x3'), np.str_('skip_connect'), np.str_('skip_connect'), np.str_('dil_conv_3x3'), np.str_('dil_conv_5x5'), np.str_('sep_conv_3x3'), np.str_('dil_conv_5x5'), np.str_('max_pool_3x3'), np.str_('sep_conv_3x3')], cost: -92.64024353027344[0m
[[36m2026-07-19 18:41:15,002[0m][[34mFileLogger[0m][[32mINFO[0m] - n_trials: 9, n_function_calls: 9, config: [np.str_('dil_conv_5x5'), np.str_('dil_conv_5x5'), np.str_('sep_conv_3x3'), np.str_('avg_pool_3x3'), np.str_('0_1'), np.str_('1_3'), np.str_('0_4'), np.str_('0_2'), np.str_('2_3'), np.str_('0_1'), np.str_('sep_conv_5x5'), np.str_('dil_conv_3x3'), np.str_('skip_connect'), np.str_('max_pool_3x3'), np.str_('max_pool_3x3'), np.str_('dil_conv_5x5'), np.str_('sep_conv_3x3'), np.str_('sep_conv_3x3'), np.str_('avg_pool_3x3'), np.str_('dil_conv_5x5'), np.str_('skip_connect'), np.str_('max_pool_3x3')], cost: -92.66175842285156[0m
[[36m2026-07-19 18:41:15,020[0m][[34mFileLogger[0m][[32mINFO[0m] - n_trials: 10, n_function_calls: 10, config: [np.str_('sep_conv_5x5'), np.str_('dil_conv_3x3'), np.str_('dil_conv_3x3'), np.str_('max_pool_3x3'), np.str_('1_2'), np.str_('1_3'), np.str_('2_4'), np.str_('1_2'), np.str_('0_3'), np.str_('3_4'), np.str_('max_pool_3x3'), np.str_('sep_conv_3x3'), np.str_('avg_pool_3x3'), np.str_('sep_conv_3x3'), np.str_('dil_conv_5x5'), np.str_('dil_conv_3x3'), np.str_('dil_conv_5x5'), np.str_('dil_conv_5x5'), np.str_('sep_conv_3x3'), np.str_('max_pool_3x3'), np.str_('dil_conv_3x3'), np.str_('sep_conv_5x5')], cost: -91.50519561767578[0m
[[36m2026-07-19 18:41:18,562[0m][[34mFileLogger[0m][[32mINFO[0m] - n_trials: 11, n_function_calls: 11, config: [np.str_('sep_conv_5x5'), np.str_('skip_connect'), np.str_('sep_conv_3x3'), np.str_('dil_conv_3x3'), np.str_('0_1'), np.str_('0_3'), np.str_('2_4'), np.str_('1_2'), np.str_('2_3'), np.str_('2_4'), np.str_('avg_pool_3x3'), np.str_('dil_conv_5x5'), np.str_('max_pool_3x3'), np.str_('sep_conv_3x3'), np.str_('skip_connect'), np.str_('sep_conv_5x5'), np.str_('dil_conv_3x3'), np.str_('sep_conv_3x3'), np.str_('avg_pool_3x3'), np.str_('max_pool_3x3'), np.str_('sep_conv_3x3'), np.str_('dil_conv_3x3')], cost: -93.33503723144531[0m
[[36m2026-07-19 18:41:22,091[0m][[34mFileLogger[0m][[32mINFO[0m] - n_trials: 12, n_function_calls: 12, config: [np.str_('dil_conv_5x5'), np.str_('skip_connect'), np.str_('avg_pool_3x3'), np.str_('skip_connect'), np.str_('0_1'), np.str_('0_1'), np.str_('1_4'), np.str_('1_2'), np.str_('2_3'), np.str_('2_3'), np.str_('skip_connect'), np.str_('dil_conv_5x5'), np.str_('dil_conv_5x5'), np.str_('dil_conv_3x3'), np.str_('dil_conv_3x3'), np.str_('sep_conv_3x3'), np.str_('dil_conv_3x3'), np.str_('sep_conv_5x5'), np.str_('sep_conv_5x5'), np.str_('sep_conv_3x3'), np.str_('dil_conv_5x5'), np.str_('dil_conv_3x3')], cost: -93.62387084960938[0m
[[36m2026-07-19 18:41:25,614[0m][[34mFileLogger[0m][[32mINFO[0m] - n_trials: 13, n_function_calls: 13, config: [np.str_('dil_conv_3x3'), np.str_('sep_conv_3x3'), np.str_('sep_conv_3x3'), np.str_('dil_conv_5x5'), np.str_('0_1'), np.str_('0_2'), np.str_('3_4'), np.str_('0_1'), np.str_('1_3'), np.str_('2_4'), np.str_('skip_connect'), np.str_('dil_conv_5x5'), np.str_('sep_conv_5x5'), np.str_('avg_pool_3x3'), np.str_('dil_conv_3x3'), np.str_('dil_conv_3x3'), np.str_('dil_conv_5x5'), np.str_('sep_conv_3x3'), np.str_('avg_pool_3x3'), np.str_('sep_conv_5x5'), np.str_('avg_pool_3x3'), np.str_('avg_pool_3x3')], cost: -92.86447143554688[0m
[[36m2026-07-19 18:41:29,100[0m][[34mFileLogger[0m][[32mINFO[0m] - n_trials: 14, n_function_calls: 14, config: [np.str_('avg_pool_3x3'), np.str_('sep_conv_3x3'), np.str_('dil_conv_3x3'), np.str_('dil_conv_5x5'), np.str_('0_2'), np.str_('1_3'), np.str_('3_4'), np.str_('0_1'), np.str_('0_3'), np.str_('2_4'), np.str_('sep_conv_5x5'), np.str_('dil_conv_5x5'), np.str_('dil_conv_3x3'), np.str_('max_pool_3x3'), np.str_('avg_pool_3x3'), np.str_('skip_connect'), np.str_('dil_conv_5x5'), np.str_('skip_connect'), np.str_('dil_conv_5x5'), np.str_('max_pool_3x3'), np.str_('sep_conv_5x5'), np.str_('sep_conv_3x3')], cost: -92.16553497314453[0m
[[36m2026-07-19 18:41:32,589[0m][[34mFileLogger[0m][[32mINFO[0m] - n_trials: 15, n_function_calls: 15, config: [np.str_('sep_conv_5x5'), np.str_('sep_conv_3x3'), np.str_('sep_conv_5x5'), np.str_('sep_conv_5x5'), np.str_('0_1'), np.str_('1_3'), np.str_('2_4'), np.str_('0_1'), np.str_('1_2'), np.str_('2_4'), np.str_('skip_connect'), np.str_('dil_conv_3x3'), np.str_('sep_conv_5x5'), np.str_('avg_pool_3x3'), np.str_('max_pool_3x3'), np.str_('sep_conv_5x5'), np.str_('dil_conv_5x5'), np.str_('skip_connect'), np.str_('avg_pool_3x3'), np.str_('sep_conv_3x3'), np.str_('max_pool_3x3'), np.str_('sep_conv_5x5')], cost: -93.03736114501953[0m
[[36m2026-07-19 18:41:36,058[0m][[34mFileLogger[0m][[32mINFO[0m] - n_trials: 16, n_function_calls: 16, config: [np.str_('sep_conv_5x5'), np.str_('max_pool_3x3'), np.str_('dil_conv_3x3'), np.str_('dil_conv_5x5'), np.str_('1_2'), np.str_('1_2'), np.str_('1_4'), np.str_('0_1'), np.str_('0_2'), np.str_('0_2'), np.str_('avg_pool_3x3'), np.str_('dil_conv_5x5'), np.str_('dil_conv_3x3'), np.str_('avg_pool_3x3'), np.str_('sep_conv_3x3'), np.str_('avg_pool_3x3'), np.str_('dil_conv_5x5'), np.str_('avg_pool_3x3'), np.str_('skip_connect'), np.str_('sep_conv_3x3'), np.str_('sep_conv_5x5'), np.str_('dil_conv_3x3')], cost: -92.54594421386719[0m
[[36m2026-07-19 18:41:39,510[0m][[34mFileLogger[0m][[32mINFO[0m] - n_trials: 17, n_function_calls: 17, config: [np.str_('dil_conv_3x3'), np.str_('sep_conv_3x3'), np.str_('max_pool_3x3'), np.str_('sep_conv_3x3'), np.str_('0_1'), np.str_('0_3'), np.str_('1_4'), np.str_('1_2'), np.str_('0_3'), np.str_('2_3'), np.str_('max_pool_3x3'), np.str_('dil_conv_5x5'), np.str_('sep_conv_3x3'), np.str_('sep_conv_3x3'), np.str_('sep_conv_5x5'), np.str_('dil_conv_5x5'), np.str_('sep_conv_5x5'), np.str_('sep_conv_3x3'), np.str_('sep_conv_3x3'), np.str_('dil_conv_5x5'), np.str_('dil_conv_3x3'), np.str_('dil_conv_3x3')], cost: -93.519287109375[0m
[[36m2026-07-19 18:41:42,972[0m][[34mFileLogger[0m][[32mINFO[0m] - n_trials: 18, n_function_calls: 18, config: [np.str_('avg_pool_3x3'), np.str_('skip_connect'), np.str_('dil_conv_3x3'), np.str_('dil_conv_3x3'), np.str_('0_1'), np.str_('0_2'), np.str_('1_4'), np.str_('1_2'), np.str_('0_3'), np.str_('3_4'), np.str_('sep_conv_3x3'), np.str_('dil_conv_3x3'), np.str_('max_pool_3x3'), np.str_('sep_conv_3x3'), np.str_('sep_conv_5x5'), np.str_('max_pool_3x3'), np.str_('sep_conv_3x3'), np.str_('dil_conv_3x3'), np.str_('max_pool_3x3'), np.str_('sep_conv_5x5'), np.str_('sep_conv_5x5'), np.str_('dil_conv_5x5')], cost: -93.217529296875[0m
[[36m2026-07-19 18:41:46,394[0m][[34mFileLogger[0m][[32mINFO[0m] - n_trials: 19, n_function_calls: 19, config: [np.str_('skip_connect'), np.str_('avg_pool_3x3'), np.str_('avg_pool_3x3'), np.str_('sep_conv_5x5'), np.str_('0_1'), np.str_('1_3'), np.str_('1_4'), np.str_('1_2'), np.str_('0_3'), np.str_('1_4'), np.str_('dil_conv_5x5'), np.str_('dil_conv_5x5'), np.str_('dil_conv_3x3'), np.str_('dil_conv_3x3'), np.str_('sep_conv_5x5'), np.str_('dil_conv_3x3'), np.str_('sep_conv_5x5'), np.str_('dil_conv_3x3'), np.str_('dil_conv_5x5'), np.str_('dil_conv_5x5'), np.str_('dil_conv_3x3'), np.str_('dil_conv_3x3')], cost: -93.3587417602539[0m
[[36m2026-07-19 18:41:49,740[0m][[34mFileLogger[0m][[32mINFO[0m] - n_trials: 20, n_function_calls: 20, config: [np.str_('avg_pool_3x3'), np.str_('sep_conv_5x5'), np.str_('dil_conv_5x5'), np.str_('avg_pool_3x3'), np.str_('0_1'), np.str_('2_3'), np.str_('1_4'), np.str_('1_2'), np.str_('0_3'), np.str_('3_4'), np.str_('dil_conv_3x3'), np.str_('avg_pool_3x3'), np.str_('dil_conv_3x3'), np.str_('dil_conv_5x5'), np.str_('max_pool_3x3'), np.str_('dil_conv_5x5'), np.str_('max_pool_3x3'), np.str_('dil_conv_3x3'), np.str_('avg_pool_3x3'), np.str_('dil_conv_3x3'), np.str_('dil_conv_5x5'), np.str_('dil_conv_5x5')], cost: -92.09925842285156[0m
[[36m2026-07-19 18:41:53,074[0m][[34mFileLogger[0m][[32mINFO[0m] - n_trials: 21, n_function_calls: 21, config: [np.str_('avg_pool_3x3'), np.str_('dil_conv_3x3'), np.str_('avg_pool_3x3'), np.str_('avg_pool_3x3'), np.str_('0_1'), np.str_('0_3'), np.str_('1_4'), np.str_('1_2'), np.str_('0_1'), np.str_('2_3'), np.str_('dil_conv_3x3'), np.str_('dil_conv_5x5'), np.str_('avg_pool_3x3'), np.str_('sep_conv_5x5'), np.str_('dil_conv_3x3'), np.str_('skip_connect'), np.str_('sep_conv_3x3'), np.str_('skip_connect'), np.str_('dil_conv_3x3'), np.str_('dil_conv_5x5'), np.str_('dil_conv_3x3'), np.str_('avg_pool_3x3')], cost: -92.30754852294922[0m
[[36m2026-07-19 18:41:56,369[0m][[34mFileLogger[0m][[32mINFO[0m] - n_trials: 22, n_function_calls: 22, config: [np.str_('skip_connect'), np.str_('sep_conv_3x3'), np.str_('sep_conv_5x5'), np.str_('sep_conv_3x3'), np.str_('0_1'), np.str_('2_3'), np.str_('0_4'), np.str_('1_2'), np.str_('2_3'), np.str_('2_3'), np.str_('max_pool_3x3'), np.str_('sep_conv_3x3'), np.str_('dil_conv_5x5'), np.str_('avg_pool_3x3'), np.str_('avg_pool_3x3'), np.str_('max_pool_3x3'), np.str_('dil_conv_5x5'), np.str_('sep_conv_5x5'), np.str_('sep_conv_3x3'), np.str_('dil_conv_3x3'), np.str_('sep_conv_3x3'), np.str_('dil_conv_5x5')], cost: -92.56330871582031[0m
[[36m2026-07-19 18:41:59,713[0m][[34mFileLogger[0m][[32mINFO[0m] - n_trials: 23, n_function_calls: 23, config: [np.str_('dil_conv_3x3'), np.str_('dil_conv_3x3'), np.str_('avg_pool_3x3'), np.str_('dil_conv_3x3'), np.str_('0_1'), np.str_('0_3'), np.str_('2_4'), np.str_('1_2'), np.str_('2_3'), np.str_('0_3'), np.str_('avg_pool_3x3'), np.str_('dil_conv_5x5'), np.str_('sep_conv_5x5'), np.str_('dil_conv_3x3'), np.str_('sep_conv_5x5'), np.str_('sep_conv_3x3'), np.str_('skip_connect'), np.str_('avg_pool_3x3'), np.str_('dil_conv_3x3'), np.str_('sep_conv_3x3'), np.str_('dil_conv_3x3'), np.str_('sep_conv_5x5')], cost: -92.66106414794922[0m
[[36m2026-07-19 18:42:03,061[0m][[34mFileLogger[0m][[32mINFO[0m] - n_trials: 24, n_function_calls: 24, config: [np.str_('dil_conv_5x5'), np.str_('skip_connect'), np.str_('sep_conv_3x3'), np.str_('avg_pool_3x3'), np.str_('0_1'), np.str_('0_3'), np.str_('1_4'), np.str_('1_2'), np.str_('0_3'), np.str_('2_3'), np.str_('max_pool_3x3'), np.str_('dil_conv_3x3'), np.str_('sep_conv_3x3'), np.str_('avg_pool_3x3'), np.str_('sep_conv_5x5'), np.str_('dil_conv_5x5'), np.str_('avg_pool_3x3'), np.str_('skip_connect'), np.str_('dil_conv_5x5'), np.str_('avg_pool_3x3'), np.str_('dil_conv_3x3'), np.str_('sep_conv_5x5')], cost: -93.02291870117188[0m
[[36m2026-07-19 18:42:06,410[0m][[34mFileLogger[0m][[32mINFO[0m] - n_trials: 25, n_function_calls: 25, config: [np.str_('sep_conv_5x5'), np.str_('avg_pool_3x3'), np.str_('sep_conv_3x3'), np.str_('dil_conv_3x3'), np.str_('0_1'), np.str_('1_3'), np.str_('3_4'), np.str_('0_1'), np.str_('0_3'), np.str_('2_4'), np.str_('skip_connect'), np.str_('skip_connect'), np.str_('skip_connect'), np.str_('avg_pool_3x3'), np.str_('dil_conv_3x3'), np.str_('dil_conv_3x3'), np.str_('dil_conv_3x3'), np.str_('skip_connect'), np.str_('max_pool_3x3'), np.str_('skip_connect'), np.str_('skip_connect'), np.str_('dil_conv_3x3')], cost: -92.76182556152344[0m
[[36m2026-07-19 18:42:09,771[0m][[34mFileLogger[0m][[32mINFO[0m] - n_trials: 26, n_function_calls: 26, config: [np.str_('avg_pool_3x3'), np.str_('avg_pool_3x3'), np.str_('max_pool_3x3'), np.str_('sep_conv_3x3'), np.str_('0_1'), np.str_('1_2'), np.str_('2_4'), np.str_('1_2'), np.str_('0_2'), np.str_('1_3'), np.str_('skip_connect'), np.str_('dil_conv_5x5'), np.str_('dil_conv_5x5'), np.str_('avg_pool_3x3'), np.str_('dil_conv_5x5'), np.str_('max_pool_3x3'), np.str_('sep_conv_5x5'), np.str_('dil_conv_3x3'), np.str_('dil_conv_5x5'), np.str_('dil_conv_3x3'), np.str_('avg_pool_3x3'), np.str_('skip_connect')], cost: -91.47702026367188[0m
[[36m2026-07-19 18:42:13,336[0m][[34mFileLogger[0m][[32mINFO[0m] - n_trials: 27, n_function_calls: 27, config: [np.str_('skip_connect'), np.str_('avg_pool_3x3'), np.str_('dil_conv_5x5'), np.str_('sep_conv_3x3'), np.str_('1_2'), np.str_('0_3'), np.str_('1_4'), np.str_('0_2'), np.str_('0_3'), np.str_('2_3'), np.str_('skip_connect'), np.str_('dil_conv_5x5'), np.str_('sep_conv_5x5'), np.str_('avg_pool_3x3'), np.str_('skip_connect'), np.str_('avg_pool_3x3'), np.str_('dil_conv_3x3'), np.str_('dil_conv_5x5'), np.str_('skip_connect'), np.str_('sep_conv_3x3'), np.str_('max_pool_3x3'), np.str_('dil_conv_5x5')], cost: -92.20071411132812[0m
[[36m2026-07-19 18:42:16,825[0m][[34mFileLogger[0m][[32mINFO[0m] - n_trials: 28, n_function_calls: 28, config: [np.str_('sep_conv_5x5'), np.str_('skip_connect'), np.str_('avg_pool_3x3'), np.str_('sep_conv_5x5'), np.str_('0_1'), np.str_('0_3'), np.str_('1_2'), np.str_('0_1'), np.str_('2_3'), np.str_('1_3'), np.str_('sep_conv_5x5'), np.str_('skip_connect'), np.str_('dil_conv_3x3'), np.str_('sep_conv_5x5'), np.str_('sep_conv_5x5'), np.str_('dil_conv_5x5'), np.str_('skip_connect'), np.str_('dil_conv_5x5'), np.str_('dil_conv_3x3'), np.str_('sep_conv_3x3'), np.str_('sep_conv_3x3'), np.str_('sep_conv_5x5')], cost: -93.50179290771484[0m
[[36m2026-07-19 18:42:20,314[0m][[34mFileLogger[0m][[32mINFO[0m] - n_trials: 29, n_function_calls: 29, config: [np.str_('skip_connect'), np.str_('sep_conv_3x3'), np.str_('max_pool_3x3'), np.str_('sep_conv_3x3'), np.str_('0_1'), np.str_('0_1'), np.str_('1_4'), np.str_('1_2'), np.str_('1_3'), np.str_('3_4'), np.str_('sep_conv_3x3'), np.str_('dil_conv_3x3'), np.str_('dil_conv_5x5'), np.str_('dil_conv_3x3'), np.str_('skip_connect'), np.str_('dil_conv_3x3'), np.str_('dil_conv_3x3'), np.str_('skip_connect'), np.str_('avg_pool_3x3'), np.str_('dil_conv_5x5'), np.str_('dil_conv_5x5'), np.str_('dil_conv_5x5')], cost: -93.41166687011719[0m
[[36m2026-07-19 18:42:23,833[0m][[34mFileLogger[0m][[32mINFO[0m] - n_trials: 30, n_function_calls: 30, config: [np.str_('sep_conv_5x5'), np.str_('avg_pool_3x3'), np.str_('avg_pool_3x3'), np.str_('avg_pool_3x3'), np.str_('0_1'), np.str_('0_1'), np.str_('1_4'), np.str_('0_2'), np.str_('1_3'), np.str_('2_3'), np.str_('sep_conv_5x5'), np.str_('dil_conv_5x5'), np.str_('dil_conv_3x3'), np.str_('sep_conv_5x5'), np.str_('dil_conv_5x5'), np.str_('sep_conv_5x5'), np.str_('dil_conv_3x3'), np.str_('dil_conv_5x5'), np.str_('sep_conv_5x5'), np.str_('sep_conv_3x3'), np.str_('sep_conv_3x3'), np.str_('sep_conv_5x5')], cost: -92.0425033569336[0m
[[36m2026-07-19 18:42:27,321[0m][[34mFileLogger[0m][[32mINFO[0m] - n_trials: 31, n_function_calls: 31, config: [np.str_('dil_conv_5x5'), np.str_('sep_conv_3x3'), np.str_('max_pool_3x3'), np.str_('sep_conv_5x5'), np.str_('0_1'), np.str_('0_1'), np.str_('0_1'), np.str_('1_2'), np.str_('2_3'), np.str_('3_4'), np.str_('sep_conv_5x5'), np.str_('max_pool_3x3'), np.str_('avg_pool_3x3'), np.str_('dil_conv_5x5'), np.str_('sep_conv_5x5'), np.str_('max_pool_3x3'), np.str_('dil_conv_3x3'), np.str_('dil_conv_5x5'), np.str_('sep_conv_3x3'), np.str_('sep_conv_3x3'), np.str_('sep_conv_3x3'), np.str_('skip_connect')], cost: -93.33955383300781[0m
[[36m2026-07-19 18:42:30,835[0m][[34mFileLogger[0m][[32mINFO[0m] - n_trials: 32, n_function_calls: 32, config: [np.str_('skip_connect'), np.str_('max_pool_3x3'), np.str_('skip_connect'), np.str_('dil_conv_3x3'), np.str_('0_1'), np.str_('0_3'), np.str_('3_4'), np.str_('1_2'), np.str_('2_3'), np.str_('3_4'), np.str_('dil_conv_3x3'), np.str_('sep_conv_3x3'), np.str_('max_pool_3x3'), np.str_('dil_conv_5x5'), np.str_('dil_conv_3x3'), np.str_('dil_conv_5x5'), np.str_('dil_conv_5x5'), np.str_('dil_conv_3x3'), np.str_('sep_conv_3x3'), np.str_('avg_pool_3x3'), np.str_('dil_conv_3x3'), np.str_('avg_pool_3x3')], cost: -92.84214782714844[0m
[[36m2026-07-19 18:42:34,327[0m][[34mFileLogger[0m][[32mINFO[0m] - n_trials: 33, n_function_calls: 33, config: [np.str_('max_pool_3x3'), np.str_('skip_connect'), np.str_('avg_pool_3x3'), np.str_('sep_conv_5x5'), np.str_('0_1'), np.str_('0_1'), np.str_('1_3'), np.str_('1_2'), np.str_('0_2'), np.str_('3_4'), np.str_('skip_connect'), np.str_('max_pool_3x3'), np.str_('sep_conv_5x5'), np.str_('skip_connect'), np.str_('avg_pool_3x3'), np.str_('avg_pool_3x3'), np.str_('dil_conv_5x5'), np.str_('dil_conv_5x5'), np.str_('sep_conv_5x5'), np.str_('avg_pool_3x3'), np.str_('sep_conv_3x3'), np.str_('sep_conv_5x5')], cost: -92.51116943359375[0m
[[36m2026-07-19 18:42:37,834[0m][[34mFileLogger[0m][[32mINFO[0m] - n_trials: 34, n_function_calls: 34, config: [np.str_('dil_conv_5x5'), np.str_('skip_connect'), np.str_('max_pool_3x3'), np.str_('dil_conv_3x3'), np.str_('0_1'), np.str_('0_1'), np.str_('0_2'), np.str_('0_1'), np.str_('2_3'), np.str_('3_4'), np.str_('dil_conv_3x3'), np.str_('dil_conv_3x3'), np.str_('dil_conv_5x5'), np.str_('dil_conv_5x5'), np.str_('avg_pool_3x3'), np.str_('max_pool_3x3'), np.str_('dil_conv_3x3'), np.str_('sep_conv_5x5'), np.str_('skip_connect'), np.str_('avg_pool_3x3'), np.str_('max_pool_3x3'), np.str_('dil_conv_3x3')], cost: -92.71855163574219[0m
[[36m2026-07-19 18:42:41,358[0m][[34mFileLogger[0m][[32mINFO[0m] - n_trials: 35, n_function_calls: 35, config: [np.str_('max_pool_3x3'), np.str_('sep_conv_3x3'), np.str_('sep_conv_5x5'), np.str_('skip_connect'), np.str_('0_1'), np.str_('1_3'), np.str_('1_4'), np.str_('1_2'), np.str_('0_3'), np.str_('1_4'), np.str_('max_pool_3x3'), np.str_('dil_conv_5x5'), np.str_('sep_conv_3x3'), np.str_('max_pool_3x3'), np.str_('sep_conv_5x5'), np.str_('dil_conv_5x5'), np.str_('max_pool_3x3'), np.str_('skip_connect'), np.str_('dil_conv_5x5'), np.str_('dil_conv_5x5'), np.str_('sep_conv_5x5'), np.str_('sep_conv_5x5')], cost: -92.68670654296875[0m
[[36m2026-07-19 18:42:44,878[0m][[34mFileLogger[0m][[32mINFO[0m] - n_trials: 36, n_function_calls: 36, config: [np.str_('dil_conv_3x3'), np.str_('skip_connect'), np.str_('avg_pool_3x3'), np.str_('dil_conv_3x3'), np.str_('1_2'), np.str_('0_3'), np.str_('1_4'), np.str_('1_2'), np.str_('2_3'), np.str_('0_3'), np.str_('sep_conv_3x3'), np.str_('sep_conv_5x5'), np.str_('sep_conv_5x5'), np.str_('dil_conv_3x3'), np.str_('dil_conv_3x3'), np.str_('sep_conv_5x5'), np.str_('dil_conv_3x3'), np.str_('max_pool_3x3'), np.str_('sep_conv_3x3'), np.str_('dil_conv_3x3'), np.str_('dil_conv_5x5'), np.str_('sep_conv_3x3')], cost: -93.60282897949219[0m
[[36m2026-07-19 18:42:48,411[0m][[34mFileLogger[0m][[32mINFO[0m] - n_trials: 37, n_function_calls: 37, config: [np.str_('dil_conv_5x5'), np.str_('max_pool_3x3'), np.str_('max_pool_3x3'), np.str_('sep_conv_3x3'), np.str_('1_2'), np.str_('0_2'), np.str_('1_4'), np.str_('1_2'), np.str_('2_3'), np.str_('0_2'), np.str_('dil_conv_3x3'), np.str_('dil_conv_5x5'), np.str_('sep_conv_3x3'), np.str_('dil_conv_5x5'), np.str_('dil_conv_3x3'), np.str_('dil_conv_5x5'), np.str_('sep_conv_3x3'), np.str_('sep_conv_5x5'), np.str_('dil_conv_5x5'), np.str_('dil_conv_3x3'), np.str_('sep_conv_5x5'), np.str_('sep_conv_3x3')], cost: -92.45272827148438[0m
[[36m2026-07-19 18:42:51,928[0m][[34mFileLogger[0m][[32mINFO[0m] - n_trials: 38, n_function_calls: 38, config: [np.str_('dil_conv_5x5'), np.str_('avg_pool_3x3'), np.str_('sep_conv_3x3'), np.str_('sep_conv_5x5'), np.str_('0_1'), np.str_('0_1'), np.str_('1_4'), np.str_('1_2'), np.str_('2_3'), np.str_('3_4'), np.str_('skip_connect'), np.str_('dil_conv_3x3'), np.str_('dil_conv_5x5'), np.str_('dil_conv_5x5'), np.str_('avg_pool_3x3'), np.str_('max_pool_3x3'), np.str_('dil_conv_5x5'), np.str_('dil_conv_5x5'), np.str_('max_pool_3x3'), np.str_('avg_pool_3x3'), np.str_('skip_connect'), np.str_('dil_conv_3x3')], cost: -92.09051513671875[0m
[[36m2026-07-19 18:42:55,472[0m][[34mFileLogger[0m][[32mINFO[0m] - n_trials: 39, n_function_calls: 39, config: [np.str_('sep_conv_5x5'), np.str_('avg_pool_3x3'), np.str_('max_pool_3x3'), np.str_('sep_conv_3x3'), np.str_('0_1'), np.str_('0_2'), np.str_('1_2'), np.str_('0_2'), np.str_('0_3'), np.str_('2_3'), np.str_('sep_conv_3x3'), np.str_('sep_conv_3x3'), np.str_('dil_conv_5x5'), np.str_('avg_pool_3x3'), np.str_('skip_connect'), np.str_('dil_conv_3x3'), np.str_('sep_conv_5x5'), np.str_('sep_conv_5x5'), np.str_('skip_connect'), np.str_('sep_conv_5x5'), np.str_('dil_conv_5x5'), np.str_('dil_conv_3x3')], cost: -93.11723327636719[0m
[[36m2026-07-19 18:42:59,004[0m][[34mFileLogger[0m][[32mINFO[0m] - n_trials: 40, n_function_calls: 40, config: [np.str_('dil_conv_3x3'), np.str_('sep_conv_3x3'), np.str_('max_pool_3x3'), np.str_('sep_conv_3x3'), np.str_('0_1'), np.str_('1_3'), np.str_('1_3'), np.str_('1_2'), np.str_('2_3'), np.str_('3_4'), np.str_('sep_conv_3x3'), np.str_('avg_pool_3x3'), np.str_('max_pool_3x3'), np.str_('sep_conv_5x5'), np.str_('sep_conv_3x3'), np.str_('skip_connect'), np.str_('dil_conv_5x5'), np.str_('dil_conv_5x5'), np.str_('sep_conv_3x3'), np.str_('skip_connect'), np.str_('avg_pool_3x3'), np.str_('dil_conv_3x3')], cost: -92.73219299316406[0m
[[36m2026-07-19 18:43:02,511[0m][[34mFileLogger[0m][[32mINFO[0m] - n_trials: 41, n_function_calls: 41, config: [np.str_('dil_conv_3x3'), np.str_('sep_conv_5x5'), np.str_('max_pool_3x3'), np.str_('dil_conv_5x5'), np.str_('0_1'), np.str_('0_3'), np.str_('0_2'), np.str_('1_2'), np.str_('1_2'), np.str_('3_4'), np.str_('skip_connect'), np.str_('skip_connect'), np.str_('sep_conv_3x3'), np.str_('sep_conv_5x5'), np.str_('dil_conv_5x5'), np.str_('max_pool_3x3'), np.str_('dil_conv_3x3'), np.str_('dil_conv_5x5'), np.str_('avg_pool_3x3'), np.str_('dil_conv_3x3'), np.str_('avg_pool_3x3'), np.str_('max_pool_3x3')], cost: -93.48735046386719[0m
[[36m2026-07-19 18:43:06,020[0m][[34mFileLogger[0m][[32mINFO[0m] - n_trials: 42, n_function_calls: 42, config: [np.str_('dil_conv_5x5'), np.str_('sep_conv_3x3'), np.str_('max_pool_3x3'), np.str_('dil_conv_3x3'), np.str_('0_1'), np.str_('0_3'), np.str_('1_4'), np.str_('1_2'), np.str_('1_2'), np.str_('0_3'), np.str_('max_pool_3x3'), np.str_('avg_pool_3x3'), np.str_('dil_conv_5x5'), np.str_('dil_conv_3x3'), np.str_('sep_conv_5x5'), np.str_('dil_conv_5x5'), np.str_('dil_conv_3x3'), np.str_('skip_connect'), np.str_('skip_connect'), np.str_('dil_conv_3x3'), np.str_('dil_conv_5x5'), np.str_('avg_pool_3x3')], cost: -92.84101867675781[0m
[[36m2026-07-19 18:43:09,530[0m][[34mFileLogger[0m][[32mINFO[0m] - n_trials: 43, n_function_calls: 43, config: [np.str_('dil_conv_5x5'), np.str_('skip_connect'), np.str_('max_pool_3x3'), np.str_('sep_conv_5x5'), np.str_('0_1'), np.str_('0_3'), np.str_('2_4'), np.str_('0_2'), np.str_('0_2'), np.str_('3_4'), np.str_('sep_conv_3x3'), np.str_('max_pool_3x3'), np.str_('sep_conv_3x3'), np.str_('avg_pool_3x3'), np.str_('sep_conv_3x3'), np.str_('sep_conv_5x5'), np.str_('dil_conv_3x3'), np.str_('max_pool_3x3'), np.str_('sep_conv_5x5'), np.str_('dil_conv_5x5'), np.str_('max_pool_3x3'), np.str_('dil_conv_3x3')], cost: -92.96542358398438[0m
[[36m2026-07-19 18:43:13,033[0m][[34mFileLogger[0m][[32mINFO[0m] - n_trials: 44, n_function_calls: 44, config: [np.str_('skip_connect'), np.str_('avg_pool_3x3'), np.str_('skip_connect'), np.str_('skip_connect'), np.str_('0_1'), np.str_('0_3'), np.str_('1_4'), np.str_('1_2'), np.str_('2_3'), np.str_('2_3'), np.str_('sep_conv_3x3'), np.str_('sep_conv_3x3'), np.str_('dil_conv_5x5'), np.str_('sep_conv_5x5'), np.str_('dil_conv_3x3'), np.str_('dil_conv_3x3'), np.str_('max_pool_3x3'), np.str_('skip_connect'), np.str_('max_pool_3x3'), np.str_('avg_pool_3x3'), np.str_('max_pool_3x3'), np.str_('dil_conv_5x5')], cost: -92.85330963134766[0m
[[36m2026-07-19 18:43:16,563[0m][[34mFileLogger[0m][[32mINFO[0m] - n_trials: 45, n_function_calls: 45, config: [np.str_('dil_conv_5x5'), np.str_('sep_conv_3x3'), np.str_('max_pool_3x3'), np.str_('dil_conv_3x3'), np.str_('0_2'), np.str_('0_3'), np.str_('0_4'), np.str_('1_2'), np.str_('0_2'), np.str_('2_3'), np.str_('avg_pool_3x3'), np.str_('avg_pool_3x3'), np.str_('max_pool_3x3'), np.str_('sep_conv_5x5'), np.str_('dil_conv_3x3'), np.str_('sep_conv_3x3'), np.str_('dil_conv_5x5'), np.str_('sep_conv_3x3'), np.str_('skip_connect'), np.str_('sep_conv_5x5'), np.str_('max_pool_3x3'), np.str_('dil_conv_5x5')], cost: -92.41191101074219[0m
[[36m2026-07-19 18:43:20,078[0m][[34mFileLogger[0m][[32mINFO[0m] - n_trials: 46, n_function_calls: 46, config: [np.str_('dil_conv_5x5'), np.str_('skip_connect'), np.str_('dil_conv_3x3'), np.str_('sep_conv_3x3'), np.str_('0_1'), np.str_('1_3'), np.str_('1_4'), np.str_('1_2'), np.str_('2_3'), np.str_('3_4'), np.str_('dil_conv_3x3'), np.str_('dil_conv_5x5'), np.str_('dil_conv_5x5'), np.str_('dil_conv_3x3'), np.str_('sep_conv_5x5'), np.str_('dil_conv_3x3'), np.str_('dil_conv_3x3'), np.str_('avg_pool_3x3'), np.str_('dil_conv_3x3'), np.str_('sep_conv_5x5'), np.str_('dil_conv_3x3'), np.str_('dil_conv_3x3')], cost: -93.09675598144531[0m
[[36m2026-07-19 18:43:23,629[0m][[34mFileLogger[0m][[32mINFO[0m] - n_trials: 47, n_function_calls: 47, config: [np.str_('dil_conv_5x5'), np.str_('dil_conv_5x5'), np.str_('dil_conv_5x5'), np.str_('dil_conv_3x3'), np.str_('0_1'), np.str_('0_3'), np.str_('0_1'), np.str_('1_2'), np.str_('2_3'), np.str_('1_3'), np.str_('dil_conv_5x5'), np.str_('dil_conv_3x3'), np.str_('avg_pool_3x3'), np.str_('max_pool_3x3'), np.str_('dil_conv_5x5'), np.str_('dil_conv_3x3'), np.str_('avg_pool_3x3'), np.str_('dil_conv_3x3'), np.str_('sep_conv_3x3'), np.str_('skip_connect'), np.str_('sep_conv_3x3'), np.str_('dil_conv_3x3')], cost: -93.00656127929688[0m
[[36m2026-07-19 18:43:27,183[0m][[34mFileLogger[0m][[32mINFO[0m] - n_trials: 48, n_function_calls: 48, config: [np.str_('avg_pool_3x3'), np.str_('skip_connect'), np.str_('sep_conv_3x3'), np.str_('max_pool_3x3'), np.str_('1_2'), np.str_('0_3'), np.str_('3_4'), np.str_('1_2'), np.str_('2_3'), np.str_('1_3'), np.str_('max_pool_3x3'), np.str_('dil_conv_3x3'), np.str_('avg_pool_3x3'), np.str_('max_pool_3x3'), np.str_('sep_conv_5x5'), np.str_('max_pool_3x3'), np.str_('skip_connect'), np.str_('sep_conv_5x5'), np.str_('sep_conv_3x3'), np.str_('dil_conv_5x5'), np.str_('dil_conv_5x5'), np.str_('dil_conv_3x3')], cost: -91.48381805419922[0m
[[36m2026-07-19 18:43:30,727[0m][[34mFileLogger[0m][[32mINFO[0m] - n_trials: 49, n_function_calls: 49, config: [np.str_('max_pool_3x3'), np.str_('skip_connect'), np.str_('max_pool_3x3'), np.str_('dil_conv_5x5'), np.str_('0_1'), np.str_('0_1'), np.str_('0_1'), np.str_('1_2'), np.str_('2_3'), np.str_('3_4'), np.str_('dil_conv_5x5'), np.str_('avg_pool_3x3'), np.str_('dil_conv_3x3'), np.str_('sep_conv_3x3'), np.str_('dil_conv_5x5'), np.str_('dil_conv_3x3'), np.str_('sep_conv_3x3'), np.str_('sep_conv_3x3'), np.str_('dil_conv_3x3'), np.str_('dil_conv_5x5'), np.str_('sep_conv_3x3'), np.str_('sep_conv_5x5')], cost: -93.48348236083984[0m
[[36m2026-07-19 18:43:34,270[0m][[34mFileLogger[0m][[32mINFO[0m] - n_trials: 50, n_function_calls: 50, config: [np.str_('sep_conv_5x5'), np.str_('skip_connect'), np.str_('avg_pool_3x3'), np.str_('dil_conv_5x5'), np.str_('0_1'), np.str_('0_3'), np.str_('0_1'), np.str_('1_2'), np.str_('0_2'), np.str_('1_3'), np.str_('dil_conv_3x3'), np.str_('dil_conv_3x3'), np.str_('sep_conv_5x5'), np.str_('skip_connect'), np.str_('dil_conv_3x3'), np.str_('dil_conv_5x5'), np.str_('dil_conv_5x5'), np.str_('sep_conv_3x3'), np.str_('dil_conv_3x3'), np.str_('sep_conv_5x5'), np.str_('dil_conv_5x5'), np.str_('dil_conv_3x3')], cost: -93.82506561279297[0m
Solution found: 
(
    TrialInfo(
        config=Configuration(values={
  'NetworkSelectorDatasetInfo_COLON_darts_COLON_edge_normal_0': 
np.str_('sep_conv_5x5'),
  'NetworkSelectorDatasetInfo_COLON_darts_COLON_edge_normal_1': 
np.str_('skip_connect'),
  'NetworkSelectorDatasetInfo_COLON_darts_COLON_edge_reduce_0': 
np.str_('avg_pool_3x3'),
  'NetworkSelectorDatasetInfo_COLON_darts_COLON_edge_reduce_1': 
np.str_('dil_conv_5x5'),
  'NetworkSelectorDatasetInfo_COLON_darts_COLON_inputs_node_normal_3': 
np.str_('0_1'),
  'NetworkSelectorDatasetInfo_COLON_darts_COLON_inputs_node_normal_4': 
np.str_('0_3'),
  'NetworkSelectorDatasetInfo_COLON_darts_COLON_inputs_node_normal_5': 
np.str_('0_1'),
  'NetworkSelectorDatasetInfo_COLON_darts_COLON_inputs_node_reduce_3': 
np.str_('1_2'),
  'NetworkSelectorDatasetInfo_COLON_darts_COLON_inputs_node_reduce_4': 
np.str_('0_2'),
  'NetworkSelectorDatasetInfo_COLON_darts_COLON_inputs_node_reduce_5': 
np.str_('1_3'),
  'NetworkSelectorDatasetInfo_COLON_darts_COLON_edge_normal_10': 
np.str_('dil_conv_3x3'),
  'NetworkSelectorDatasetInfo_COLON_darts_COLON_edge_normal_2': 
np.str_('dil_conv_3x3'),
  'NetworkSelectorDatasetInfo_COLON_darts_COLON_edge_normal_3': 
np.str_('sep_conv_5x5'),
  'NetworkSelectorDatasetInfo_COLON_darts_COLON_edge_normal_5': 
np.str_('skip_connect'),
  'NetworkSelectorDatasetInfo_COLON_darts_COLON_edge_normal_8': 
np.str_('dil_conv_3x3'),
  'NetworkSelectorDatasetInfo_COLON_darts_COLON_edge_normal_9': 
np.str_('dil_conv_5x5'),
  'NetworkSelectorDatasetInfo_COLON_darts_COLON_edge_reduce_10': 
np.str_('dil_conv_5x5'),
  'NetworkSelectorDatasetInfo_COLON_darts_COLON_edge_reduce_12': 
np.str_('sep_conv_3x3'),
  'NetworkSelectorDatasetInfo_COLON_darts_COLON_edge_reduce_3': 
np.str_('dil_conv_3x3'),
  'NetworkSelectorDatasetInfo_COLON_darts_COLON_edge_reduce_4': 
np.str_('sep_conv_5x5'),
  'NetworkSelectorDatasetInfo_COLON_darts_COLON_edge_reduce_5': 
np.str_('dil_conv_5x5'),
  'NetworkSelectorDatasetInfo_COLON_darts_COLON_edge_reduce_7': 
np.str_('dil_conv_3x3'),
}),
        instance=None,
        seed=None,
        budget=None,
        normalized_budget=None,
        name=None,
        checkpoint=None,
        additional_info={}
    ),
    TrialValue(
        cost=np.float32(-93.825066),
        time=0.002389192581176758,
        virtual_time=0.0,
        status=<StatusType.SUCCESS: 1>,
        starttime=1784479414.2654896,
        endtime=1784479414.2678788,
        additional_info={}
    )
)
==================================================
BENCHMARK SWEEP STEP COMPLETED SUCCESSFULLY!
==================================================
==================================================
Array Task Index 340 Finished
==================================================
