dim,gap_type,approach,auroc,auroc,aupr,aupr,spearman,spearman,aurc,aurc,oracle_aurc,oracle_aurc,jsd,jsd,mi,mi,brier,brier,nlpd,nlpd
,,,mean,sem,mean,sem,mean,sem,mean,sem,mean,sem,mean,sem,mean,sem,mean,sem,mean,sem
1,empty,chen_variance,0.5707632927530184,0.06304235986311685,0.5457042568315138,0.05247165221133375,0.21804876916510066,0.08526719127777667,0.22074651051957175,0.01991654641080949,0.10670485081953408,0.01503732786791255,0.601538501183966,0.05795543764690113,0.5725971412968937,0.0581997137213289,0.1996949244704289,0.015754961087332032,0.7537945531900194,0.17571621534477236
1,empty,likelihood_credal,0.6761549355498461,0.04673634483943577,0.5769477252482772,0.04917537084068327,0.34371483070512154,0.06704579311467966,0.19122213839341015,0.01733433826958093,0.10670485081953408,0.01503732786791255,0.6570276484832916,0.06037978773867697,0.6304772851163236,0.059985171745392335,0.23241395369111068,0.014868071747499089,0.5585294595048691,0.08334892898908824
1,empty,proximity_auto_lambda,0.5714992799548794,0.04104873723016591,0.47443444838962273,0.0335636888968619,0.1882904168701994,0.06328338207112143,0.22459545325861333,0.01835294485993699,0.10670485081953408,0.01503732786791255,0.671611632165453,0.048475078055640525,0.6387295681382893,0.04723592091690014,0.3023187401658244,0.009793846540011685,0.8945245403371208,0.32012798064287395
1,empty,proximity_b,0.5531026068893704,0.042121596318559544,0.4566019723587556,0.030648932852766597,0.1659225012250455,0.06501098006765942,0.22956776818721755,0.01785667107810958,0.10670485081953408,0.01503732786791255,0.6913741333416319,0.048854596652765925,0.6600013556712587,0.047726737566154975,0.31537189920379655,0.00913972082377721,0.6205190775893988,0.09103280662090744
1,empty,proximity_bc,0.5733538547858014,0.04002759760127779,0.47391729863349885,0.033134285200981925,0.18730228641969934,0.062366675659409,0.22448679710048447,0.018096464772359884,0.10670485081953408,0.01503732786791255,0.6766724093437678,0.049231262501414436,0.6444651317418846,0.04794138424283126,0.3044337473703869,0.008907243462695653,0.60976909671394,0.09067142160517513
1,empty,shaker_entropy,0.5922848838246401,0.060863784481669805,0.5566163346722972,0.053414105566720965,0.21330246875529907,0.07751308309601791,0.217840094699574,0.019580023477820223,0.10670485081953408,0.01503732786791255,0.6895026251246102,0.05578747046217805,0.6656268681009468,0.05538489019110243,0.22007019167854572,0.01943553943629188,0.6202249889230342,0.13101702015591948
1,empty,smac3_variance,0.5690793967833356,0.06332962561992908,0.5439654460075893,0.05269213275244735,0.22231960188320513,0.08571569848065665,0.21839364182606752,0.019348300428697045,0.10670485081953408,0.01503732786791255,0.5876658102883995,0.05850227580529518,0.5587038291376561,0.05901253918389725,0.19968594520194574,0.015817285815330023,0.733803741893224,0.1706008667042174
1,empty,standard_disagreement,0.5690793967833356,0.06332962561992908,0.5439654460075893,0.05269213275244735,0.22231960188320513,0.08571569848065665,0.21839364182606752,0.019348300428697045,0.10670485081953408,0.01503732786791255,0.5876658102883995,0.05850227580529518,0.5587038291376561,0.05901253918389725,0.19968594520194388,0.01581728581532995,0.7338037418931033,0.17060086670418173
1,empty,standard_proximity,0.5349445487025587,0.046100089720394574,0.4421403726893963,0.03281834044066982,0.13187357820167242,0.06765593786758928,0.23748844841047273,0.018990536429149225,0.10670485081953408,0.01503732786791255,0.6634975263286605,0.04835429570886894,0.6310507609352617,0.047291815612214176,0.36371040249158343,0.009793536681853336,0.6363926492431327,0.09303131431439413
1,sparse,chen_variance,0.8681030291664281,0.02958368857385764,0.800505332536763,0.04802346805745209,0.39076287934154214,0.042846598844116277,0.1408074091681943,0.016966440938268955,0.0902129191737464,0.014294920560561364,0.6942633156703052,0.06864883975441474,0.6862207856531581,0.06880641557692284,0.16053896115691788,0.010462067008324668,0.05460611473262533,0.10889825448045361
1,sparse,likelihood_credal,0.8730809176345916,0.03271736516772881,0.8065001539339071,0.05303703595898226,0.40833626154454233,0.041915095194838534,0.13871732318546684,0.016701814389008023,0.0902129191737464,0.014294920560561364,0.7108819673151505,0.06863591216383887,0.7057446809921525,0.06924514173594223,0.14303192354010955,0.016429785670250163,0.40010353943256804,0.08461195177146838
1,sparse,proximity_auto_lambda,0.8265959467747553,0.03426041439218167,0.7237726253139657,0.05270670568208899,0.35603183580650605,0.04080866689880095,0.14638901186893968,0.018816582971435077,0.0902129191737464,0.014294920560561364,0.6899252517618609,0.06667070918608048,0.6773743899601172,0.0669158067814689,0.20587554651850912,0.017599903140274622,0.27455576255068576,0.09383844996778061
1,sparse,proximity_b,0.81688040384363,0.03519389494236533,0.7109455325029292,0.05414550573305217,0.35435202330859367,0.042471922672258175,0.145485104116772,0.01857518375214409,0.0902129191737464,0.014294920560561364,0.6933676336758007,0.06604904692476184,0.6803159055647133,0.06615734514240008,0.22753705206633504,0.017358551995266272,0.22276508644397935,0.09683064774172047
1,sparse,proximity_bc,0.8365983777859807,0.03376675437372962,0.7385077995069326,0.05242225144086701,0.3585781629112602,0.04033950268322915,0.14617770109993702,0.018853202699197623,0.0902129191737464,0.014294920560561364,0.6921690716400931,0.06626835966102833,0.6796987041684586,0.06669799532174843,0.2071153315803529,0.017320844608961824,0.22956497719882402,0.09621170675123625
1,sparse,shaker_entropy,0.8756341439137342,0.029785507670755378,0.8155447049431979,0.048103886399845155,0.37321858828558824,0.03654682394115273,0.14546406828688155,0.018724534220107603,0.0902129191737464,0.014294920560561364,0.7090273869390883,0.068926119092584,0.7031069652613838,0.06928171798734513,0.15122646138220183,0.014602150000758898,0.1514097519135837,0.10944320401593548
1,sparse,smac3_variance,0.8685232207548607,0.029828551684250935,0.8006405774143823,0.04832652097578786,0.3943733989826071,0.043814776895195605,0.1397722753913403,0.0166744419321508,0.0902129191737464,0.014294920560561364,0.6937535516276967,0.06829603828426126,0.686244417277843,0.06849479248741552,0.16194470803439878,0.010979317022418701,0.05383337912294073,0.10883304953345788
1,sparse,standard_disagreement,0.8685232207548607,0.029828551684250935,0.8006405774143823,0.04832652097578786,0.3943733989826071,0.043814776895195605,0.1397722753913403,0.0166744419321508,0.0902129191737464,0.014294920560561364,0.6937535516276967,0.06829603828426126,0.686244417277843,0.06849479248741552,0.16194470803439906,0.010979317022418621,0.05383337912293923,0.10883304953345808
1,sparse,standard_proximity,0.855658155381522,0.03329311211357326,0.771325417211789,0.052220765462864964,0.3519638056637621,0.03654692508392713,0.14941823561660622,0.01981297606385954,0.0902129191737464,0.014294920560561364,0.7033557885551155,0.06698054961916056,0.6912095602242351,0.0674192041996386,0.25433686931891747,0.021323850508566708,0.22455470328847602,0.09967829563448705
2,empty,chen_variance,0.701305719324767,0.06554769373128727,0.6598015903419792,0.07005132785026884,0.2152550192000741,0.05039937733487524,0.10969394962398897,0.004480280684991159,0.058103428697851095,0.003867906457810843,0.5262218738461253,0.04217063194657288,0.5228178605854938,0.04303773893699854,0.17753567762367292,0.017122787448849517,-0.0644630193837725,0.053270951575323945
2,empty,likelihood_credal,0.6496050390526581,0.05864557244415562,0.5608163220913283,0.05445089643500842,0.181253751636519,0.046741817974974745,0.11243874549863427,0.005213233441801607,0.058103428697851095,0.003867906457810843,0.4353359046799582,0.028663359245510868,0.4196174550374091,0.02599616169770699,0.2215777411172748,0.012764765465392632,0.24577837579697248,0.04261516044405088
2,empty,proximity_auto_lambda,0.6134381456286219,0.039225746354657365,0.4115171602513195,0.030282398693675164,0.1376438246362611,0.04011579528846961,0.11822818853154826,0.006796635324556128,0.058103428697851095,0.003867906457810843,0.3498492626818293,0.030654107426745212,0.32583357412284597,0.029071083371152596,0.27420309174267504,0.008592531609214115,0.08332430882043461,0.04954299739695197
2,empty,proximity_b,0.6105074326026707,0.040950336649594854,0.4056167062412115,0.029769387789783296,0.13840629065008137,0.04194178287035843,0.11757970016753043,0.006526124390427408,0.058103428697851095,0.003867906457810843,0.4212462382952803,0.035063575984804043,0.3936633042720733,0.033257119488922994,0.2925563010880985,0.008726622451224707,0.0431432423539826,0.05474238128956923
2,empty,proximity_bc,0.6189057193247669,0.039982788781914504,0.41237263536738406,0.029793984606860023,0.13924928930061253,0.04054287059136808,0.11816001606961603,0.006866638783284388,0.058103428697851095,0.003867906457810843,0.3563500287817175,0.03262301636196232,0.332955822012958,0.031035340681324863,0.28013955968864307,0.008551833322315986,0.04465467929671928,0.05486862435025521
2,empty,shaker_entropy,0.6737896699420509,0.05983964016511875,0.6026638760584204,0.06092368048660964,0.190467533070612,0.04594032899845765,0.1122947330921454,0.0052732462196083615,0.058103428697851095,0.003867906457810843,0.4582777523479048,0.029836752721887495,0.44840711472736444,0.029811722422668302,0.18993439844810525,0.015125848801945391,0.006965618974845148,0.053786567592260935
2,empty,smac3_variance,0.7047669438145628,0.06479045337033393,0.6616754358238565,0.06990615642167652,0.21609677857734266,0.049718202325431324,0.10960458123257567,0.0045629803117640585,0.058103428697851095,0.003867906457810843,0.5291298916235988,0.042623276290635094,0.5266811935796356,0.04361939795726913,0.17677968387466042,0.017236522116751234,-0.06469950596630702,0.05318313786910411
2,empty,standard_disagreement,0.7047669438145628,0.06479045337033393,0.6616754358238565,0.06990615642167652,0.21609677857734266,0.049718202325431324,0.10960458123257567,0.0045629803117640585,0.058103428697851095,0.003867906457810843,0.5291298916235988,0.042623276290635094,0.5266811935796356,0.04361939795726913,0.17677968387466128,0.01723652211675143,-0.0646995059663077,0.053183137869104065
2,empty,standard_proximity,0.6330144620811288,0.055396889658586565,0.4732916857977888,0.053564163153489816,0.14763380314208296,0.05368057892715933,0.11502980640904639,0.004734298520100964,0.058103428697851095,0.003867906457810843,0.43530411465382857,0.0446776623440149,0.4122506620843837,0.044364436092794474,0.3415034461001179,0.015455031755528807,0.035348896975688146,0.05407262186137885
2,sparse,chen_variance,0.712982212144117,0.06812734306405309,0.6611039866828134,0.07167723364717551,0.09124155421782218,0.011698372060281426,0.09452922346663002,0.003813908179322666,0.045630901012594774,0.0019787842899055396,0.4775271656667772,0.0347084355666443,0.47299548826877585,0.037415854323394025,0.17519938492008033,0.018015178251227087,-0.1368914787293579,0.04154015302823598
2,sparse,likelihood_credal,0.6747833711262283,0.07550558934644412,0.6331019904220623,0.07030765059128322,0.10010116401274717,0.012181509918247006,0.09370712001047755,0.0036227420717732956,0.045630901012594774,0.0019787842899055396,0.5041033993452594,0.023839103415807514,0.4915699713689066,0.025982635402943585,0.2237403337734868,0.014707273485591144,0.19979580242129483,0.03305404282304985
2,sparse,proximity_auto_lambda,0.6640264046359284,0.04322073441687182,0.48378232595340825,0.04610617999931256,0.05594863685663477,0.01519102020746883,0.09595556277158317,0.0034950702707594655,0.045630901012594774,0.0019787842899055396,0.363022712036661,0.02939784827568161,0.3428624986472703,0.029480954301948064,0.27122561741421075,0.009283918162338456,-0.02192943454558889,0.021342680549758533
2,sparse,proximity_b,0.640236432350718,0.04876613807812187,0.46216176884810745,0.04565177034719754,0.06106904696862337,0.015644734680212373,0.0954607158248292,0.0035013718229566595,0.045630901012594774,0.0019787842899055396,0.4624139873132605,0.028509985525802604,0.44038415744274806,0.028199302809161896,0.2951053434811345,0.009056920941555318,-0.0803758064257116,0.022432848878498453
2,sparse,proximity_bc,0.6738178886369363,0.045355381762980575,0.49322293459437555,0.04717737522099173,0.05837666566962926,0.015091611275815518,0.09568998604426589,0.003516071052050646,0.045630901012594774,0.0019787842899055396,0.3872176132460662,0.03050403299285781,0.36710705983398045,0.030565732417143717,0.27746392206385717,0.00926614974875671,-0.07602265557391791,0.02266968125482257
2,sparse,shaker_entropy,0.7141952128999748,0.07034644441719695,0.6664025662315549,0.07313286259832627,0.091170222968686,0.01202881321577822,0.0944524728682633,0.003841646336492119,0.045630901012594774,0.0019787842899055396,0.5122777485735873,0.03509856516782843,0.5079657715888459,0.03697125710798511,0.17739976954978454,0.01792255465479739,-0.05657050777144171,0.03976137599674497
2,sparse,smac3_variance,0.7137179138321995,0.0685616570098069,0.6645183565402357,0.07230118660427412,0.09202152124520031,0.011483054009508064,0.09439454683766595,0.0038520109783066084,0.045630901012594774,0.0019787842899055396,0.48381007373395707,0.03547381133589996,0.48037825306556053,0.03801815442002499,0.17438712624796615,0.018185013755203264,-0.13724404544290114,0.0414517840921195
2,sparse,standard_disagreement,0.7137179138321995,0.0685616570098069,0.6645183565402357,0.07230118660427412,0.09202152124520031,0.011483054009508064,0.09439454683766595,0.0038520109783066084,0.045630901012594774,0.0019787842899055396,0.48381007373395707,0.03547381133589996,0.48037825306556053,0.03801815442002499,0.17438712624796676,0.018185013755203528,-0.13724404544290236,0.04145178409211975
2,sparse,standard_proximity,0.6501442176870749,0.051990964560350905,0.46683275375316036,0.0477572130749727,0.0706762239408152,0.01412449392202232,0.09540544531795273,0.003600767772250756,0.045630901012594774,0.0019787842899055396,0.37322884925079475,0.04037120101145694,0.3524505925095501,0.04049595389226881,0.3546272198518927,0.009059799063968879,-0.08363037436944609,0.02330417154473461
3,empty,chen_variance,0.4062295288485765,0.09703471052463793,0.3911178853367915,0.06028453132132058,0.025299234453175577,0.03537759773614614,0.12400662097954471,0.007167598920129642,0.057784593037325784,0.0023984967212106662,0.41397554718063384,0.056212142817194555,0.4008317800190468,0.05329512293065803,0.2605216980319132,0.02273384780717614,0.06166613990607401,0.00560328729380174
3,empty,likelihood_credal,0.3665054169816075,0.08202212646077975,0.31540496972545606,0.03867925461043279,0.026818549359260997,0.027856099814554374,0.12343326038908942,0.006519596633325945,0.057784593037325784,0.0023984967212106662,0.38709343295324944,0.07002150600076007,0.3678576912164549,0.06727767262511425,0.29311718090587785,0.016796861185095137,0.26769836670379504,0.008361143974904481
3,empty,proximity_auto_lambda,0.2779176114890401,0.04159827122162352,0.21741455233573034,0.008333212255912086,-0.016288832906087094,0.01282060623835062,0.12578858648764527,0.005028082167965609,0.057784593037325784,0.0023984967212106662,0.3426999710152724,0.05854653930918709,0.31947054174943273,0.05648034588253207,0.3085255985387135,0.011274952574633467,0.04363121328203569,0.01494625559859789
3,empty,proximity_b,0.2719559922734526,0.0375759931728324,0.21491547220379956,0.007170799584292794,-0.004057419644968416,0.014234184687238543,0.12475905418673265,0.004845959906849432,0.057784593037325784,0.0023984967212106662,0.36277667026024935,0.05285899587641449,0.33540328174563555,0.05041762772970197,0.3146433692475205,0.00992320187268691,-0.009944608862460303,0.01626865169876196
3,empty,proximity_bc,0.27682161753590323,0.04114469219637477,0.21690667644394515,0.008194670052573606,-0.006072704071597378,0.014015094934495792,0.12502565083069983,0.005064937026223394,0.057784593037325784,0.0023984967212106662,0.3390405539959449,0.05586494403910026,0.3141712249646722,0.053546624814162926,0.31053690206519224,0.010055002171553088,-0.01000134186070076,0.015802090654837116
3,empty,shaker_entropy,0.38665364911396655,0.09215842959203963,0.3635237882520414,0.05256567118091782,0.01825553696367298,0.03286246061215945,0.12436740875563553,0.006963931786028949,0.057784593037325784,0.0023984967212106662,0.40529192605633135,0.06452439688830128,0.39301965477307965,0.061886255454312956,0.27612860164190217,0.022016866255558418,0.12128283109962472,0.005714756780643701
3,empty,smac3_variance,0.4057688754514151,0.09764136079492497,0.39371756917529316,0.06108029105686894,0.025139958435308116,0.03549378152790312,0.12395713598858923,0.007179091501819625,0.057784593037325784,0.0023984967212106662,0.4220087551561938,0.05560223520704771,0.41133287006624997,0.05282882713027297,0.2654206860936128,0.023795425373256383,0.06107054691605895,0.005423206485679144
3,empty,standard_disagreement,0.4057688754514151,0.09764136079492497,0.39371756917529316,0.06108029105686894,0.025139958435308116,0.03549378152790312,0.12395713598858923,0.007179091501819625,0.057784593037325784,0.0023984967212106662,0.4220087551561938,0.05560223520704771,0.41133287006624997,0.05282882713027297,0.2654206860936146,0.02379542537325684,0.061070546916057546,0.0054232064856790645
3,empty,standard_proximity,0.254389854707315,0.03956967023087702,0.21186678202964154,0.007359073064846014,0.0014919483314276576,0.017746015636922758,0.12441076677694209,0.005377957881881915,0.057784593037325784,0.0023984967212106662,0.3890150546685705,0.05190678705960918,0.35851509349603866,0.05037516225636936,0.3425121029634194,0.010622704717515839,-0.004407969690777726,0.01771978056121241
3,sparse,chen_variance,0.4046098933400521,0.09510373903232897,0.3250829437525918,0.04274588312255067,0.14449038482731466,0.019773634996759208,0.09367639096199183,0.0008563833574431284,0.04654186961595012,0.0009901842615950267,0.40102831572860215,0.05109486196945541,0.38044631166737564,0.05015273993119269,0.26469047286258424,0.019498705869685554,0.015547458994316577,0.004350764631610746
3,sparse,likelihood_credal,0.3729864785420341,0.09113728645907751,0.2956341483544888,0.034636331094986345,0.15890749980055877,0.021286249239529723,0.0928312045216247,0.0008244957142723806,0.04654186961595012,0.0009901842615950267,0.4407016022244848,0.0674267693886432,0.41690367937232115,0.06571980621949579,0.298937471976816,0.01853956066554038,0.24318298911917982,0.0034669951133773284
3,sparse,proximity_auto_lambda,0.35515159150079784,0.06106695122307368,0.258819113312277,0.02859556922311044,0.12409001650729153,0.022018251737569685,0.09591039923098435,0.000991896108541968,0.04654186961595012,0.0009901842615950267,0.3332018433594838,0.05389207950963184,0.3049379716401858,0.04999674952861096,0.3035267202529518,0.010939785133987065,0.02320770637203366,0.01138759015780084
3,sparse,proximity_b,0.336676324850928,0.06006333219848649,0.24845029282705763,0.024148933645155565,0.13524079509906267,0.02137815639851939,0.09497554106599436,0.0009141513625476964,0.04654186961595012,0.0009901842615950267,0.42729150958046885,0.06442249460260957,0.39988973710069475,0.06167538472530699,0.3151004766817954,0.010957495110195342,-0.03616222964687819,0.011945966433050237
3,sparse,proximity_bc,0.34478563030150333,0.06263094754757335,0.2559673956588806,0.027910596535481808,0.13363622102514416,0.021281278194000147,0.09507242732720747,0.0009447773373863995,0.04654186961595012,0.0009901842615950267,0.36215176843689506,0.05757303939524034,0.3342369208761056,0.0545019984339499,0.31163883280175997,0.011472269816739152,-0.03609892331310348,0.01151901678099787
3,sparse,shaker_entropy,0.4003850676072898,0.09662094756988268,0.32545285327202716,0.04340021934348859,0.14570082876402,0.02122789590817448,0.09362831953288832,0.000796381378198107,0.04654186961595012,0.0009901842615950267,0.42192428125221565,0.05353294184881195,0.4005981430193435,0.05281782838688273,0.28074032449230246,0.021793188565149793,0.0848439978529719,0.003881715000417461
3,sparse,smac3_variance,0.40671201814058955,0.09614055355823761,0.3283896823006174,0.04373791073539483,0.1451305278523108,0.02005129212990399,0.09369594623942216,0.0008307161734771534,0.04654186961595012,0.0009901842615950267,0.4102912012252639,0.049754740111749685,0.3884996612212156,0.04918176391500371,0.27144723978801605,0.021341696893454977,0.015822861883444277,0.004476151909735699
3,sparse,standard_disagreement,0.40671201814058955,0.09614055355823761,0.3283896823006174,0.04373791073539483,0.1451305278523108,0.02005129212990399,0.09369594623942216,0.0008307161734771534,0.04654186961595012,0.0009901842615950267,0.4102912012252639,0.049754740111749685,0.3884996612212156,0.04918176391500371,0.27144723978801555,0.02134169689345472,0.015822861883445526,0.004476151909735488
3,sparse,standard_proximity,0.2952525825144873,0.06017022698033049,0.2280104849735305,0.016850286080580926,0.14331667601998352,0.02307231288198869,0.09417196592758355,0.0007319025975067928,0.04654186961595012,0.0009901842615950267,0.41200249839365377,0.04978680252372362,0.3791688474344633,0.048918244908294314,0.34088627892610024,0.011762266027693199,-0.03403451436586033,0.013146222820761956
4,empty,chen_variance,0.6253238095238095,0.027016850025366867,0.3620171339126058,0.015686183281165656,0.3290996153853297,0.04934035322918971,0.17914757520049643,0.023859046068730762,0.10639549506896946,0.017047345230977076,0.22766249382831003,0.044181445589128954,0.20698887027367674,0.040388097183129024,0.23500180673251084,0.00547838155310393,0.5286162338266133,0.11666695066724937
4,empty,likelihood_credal,0.5874795918367347,0.027963644889347942,0.3283665572736048,0.015114317330335818,0.35214083728369444,0.048824602600563156,0.1736271786716533,0.022850174637207617,0.10639549506896946,0.017047345230977076,0.24989842190879022,0.04496316563174927,0.22729651556386404,0.041789396081734945,0.25702961346090686,0.006972479041207113,0.6553377669247801,0.10179844326415043
4,empty,proximity_auto_lambda,0.5210517006802721,0.026573798320610967,0.2934853117330566,0.011810411360058086,0.2931984509418722,0.04549642989676374,0.18731909039391206,0.02616803009680372,0.10639549506896946,0.017047345230977076,0.19809646643790366,0.025620140305147643,0.17780335151032156,0.023428491649033805,0.2685713655578196,0.007659427372855829,0.49643953470796826,0.13376344163785944
4,empty,proximity_b,0.5232782312925169,0.0275382944932499,0.2939196376654709,0.01232446148810363,0.3020950864243672,0.0444948720176713,0.1860029788364117,0.02599920388558555,0.10639549506896946,0.017047345230977076,0.21651452489873893,0.027508869442298103,0.19579490783970566,0.02547345597690321,0.27259080691898185,0.008148016219219687,0.4531438829254185,0.1377562974394829
4,empty,proximity_bc,0.521146485260771,0.027173647378603505,0.29315589598956454,0.012143192750367656,0.3015092206598918,0.04461258319523837,0.18627459306669739,0.02610742077389859,0.10639549506896946,0.017047345230977076,0.20714470159529283,0.027858717355417867,0.18724575638787389,0.02567664577848809,0.27128865991121465,0.008070260302233309,0.45290217940538724,0.1376519790290849
4,empty,shaker_entropy,0.635062358276644,0.025761797309504588,0.3701545928126501,0.01540279735344565,0.29609386352243494,0.03993107185471065,0.19050684082313007,0.02749694044098049,0.10639549506896946,0.017047345230977076,0.23184886421179365,0.04413990032167269,0.21117482621661632,0.0405338738458146,0.24589210815131035,0.00851664227212619,0.5948712558015248,0.11500252580075776
4,empty,smac3_variance,0.6278312925170069,0.026717176416394928,0.36284420451485094,0.015368416240920836,0.33322089264946414,0.05025305136360005,0.17713177527356416,0.023279753501975437,0.10639549506896946,0.017047345230977076,0.23495975080114812,0.046242585153968035,0.21424113273433149,0.04247071268891769,0.23761736027362618,0.0061567158360655945,0.528377598553651,0.11653823422190411
4,empty,standard_disagreement,0.6278312925170069,0.026717176416394928,0.36284420451485094,0.015368416240920836,0.33322089264946414,0.05025305136360005,0.17713177527356416,0.023279753501975437,0.10639549506896946,0.017047345230977076,0.23495975080114812,0.046242585153968035,0.21424113273433149,0.04247071268891769,0.2376173602736261,0.006156715836065594,0.5283775985536507,0.11653823422190411
4,empty,standard_proximity,0.5076867346938775,0.03472527423473199,0.29306254958142325,0.014879810478472063,0.2939904063429162,0.04651875028906166,0.18675479825435534,0.025978778320819913,0.10639549506896946,0.017047345230977076,0.2683430011750643,0.03388801001314499,0.24202054891590735,0.03134320649107959,0.3064036690918498,0.013131962622237361,0.46456977848615955,0.13953512003819066
4,sparse,chen_variance,0.535929931972789,0.018601696223199144,0.2934505936398018,0.007513499747061846,0.3184988007845151,0.049112663223575485,0.16904731155519745,0.023259298566115496,0.10101865487803116,0.016856956854974955,0.19303197289147653,0.030033669706629868,0.17205060943413758,0.02704973905290915,0.25433439497135024,0.00385594976822217,0.4862876286200929,0.11701935090829421
4,sparse,likelihood_credal,0.5189385487528345,0.021110609592626364,0.2832788654571469,0.00896989408837333,0.3488338711195854,0.048211381690107996,0.16347301624752833,0.02232963318747858,0.10101865487803116,0.016856956854974955,0.251787925272524,0.03734754378640024,0.22664575997678837,0.03425662782171758,0.2701796813238439,0.0047369458123646,0.6266244719310949,0.10229090630404203
4,sparse,proximity_auto_lambda,0.40996632653061227,0.01864327923207008,0.24371266232490713,0.006517919174190788,0.29573961048520725,0.03972349671514306,0.17725903834401655,0.026232997494036396,0.10101865487803116,0.016856956854974955,0.16262116481772831,0.014936033019867697,0.14400596572980473,0.013504725738544245,0.28167618227516317,0.0090888407892168,0.47515693046999546,0.13673951228959264
4,sparse,proximity_b,0.42379387755102044,0.021382331789265463,0.2490254528065966,0.007704147525949898,0.3105753441417774,0.0407423826145444,0.17374835551990248,0.025253053727169454,0.10101865487803116,0.016856956854974955,0.19364671850308254,0.01856887029978895,0.17289667891836313,0.017012678636251242,0.28172087438121424,0.007489519178156869,0.42388438360409664,0.13739773298142122
4,sparse,proximity_bc,0.41457619047619043,0.02005728354097004,0.24559188599739323,0.007070040858277888,0.3104961276389848,0.04080639972940962,0.17393394514913105,0.025297134960538783,0.10101865487803116,0.016856956854974955,0.17859491767479874,0.01647218490978489,0.15860738536467975,0.01498398677733221,0.2804720702906837,0.007214378808831766,0.42290872420447767,0.1373463515455853
4,sparse,shaker_entropy,0.535179365079365,0.020762763778369518,0.2928819000714097,0.008449582813536999,0.2908054256625685,0.039643368191924724,0.1782982756793379,0.026297315333114246,0.10101865487803116,0.016856956854974955,0.20904553592204397,0.03066123041710771,0.18620812426260044,0.027578121404300167,0.27025665790148323,0.007609890923105536,0.5564366695281004,0.11592195154226224
4,sparse,smac3_variance,0.5342521541950114,0.018964180372102492,0.291609168337254,0.007680234230919767,0.32586651272365563,0.050240395042228124,0.16683062820315755,0.022664142282527274,0.10101865487803116,0.016856956854974955,0.20010704932488424,0.030167837979563364,0.17830124872279388,0.02720284026381248,0.25875261922712267,0.004286435143150317,0.48634201307568226,0.11703461540250702
4,sparse,standard_disagreement,0.5342521541950114,0.018964180372102492,0.291609168337254,0.007680234230919767,0.32586651272365563,0.050240395042228124,0.16683062820315755,0.022664142282527274,0.10101865487803116,0.016856956854974955,0.20010704932488424,0.030167837979563364,0.17830124872279388,0.02720284026381248,0.2587526192271228,0.004286435143150311,0.48634201307568226,0.11703461540250702
4,sparse,standard_proximity,0.4468706349206349,0.02800593327203886,0.2619875279770648,0.009894728760060175,0.31522415677732923,0.03972601002993987,0.17376430558239322,0.025489460577887008,0.10101865487803116,0.016856956854974955,0.2258362213252862,0.024536498790218523,0.20236012383641752,0.02214467763022265,0.3128113250565044,0.012686928368589534,0.43807249120596914,0.139281565789332
5,empty,chen_variance,0.3053045351473923,0.0493359232454284,0.23346475304292386,0.01218679053521056,0.23223121642761507,0.0500299858056979,0.21454986522029684,0.017539439578654788,0.11622045567944947,0.01173112251628021,0.35482804193557477,0.08229661299695977,0.34247289762537314,0.08174013040639044,0.291666277021532,0.010114548883721678,0.6531550367381734,0.10307521762008197
5,empty,likelihood_credal,0.2802818594104308,0.04605474299457793,0.22138165557155998,0.010069688984530744,0.2613050068129477,0.050457376950597474,0.2070581202448342,0.01636364980656603,0.11622045567944947,0.01173112251628021,0.3969705333787402,0.08071036965636308,0.38064377770907126,0.08057437260183503,0.3075415089468186,0.00847771537958598,0.7614152687190788,0.08672590993106219
5,empty,proximity_auto_lambda,0.26592913832199544,0.04418062037125268,0.21983562529909342,0.0119278004483665,0.21701616456621278,0.04747546642794866,0.21879532749782876,0.018716244275526005,0.11622045567944947,0.01173112251628021,0.38073270828733663,0.07161560316660648,0.36060020112313557,0.07040351808951682,0.30697476324728845,0.007328645071302207,0.6173994868630719,0.11683670263798274
5,empty,proximity_b,0.26127346938775514,0.04307272910191743,0.21698127278421045,0.01080027549675633,0.22422341209144248,0.046432868292186937,0.21755188399717834,0.018788240716821315,0.11622045567944947,0.01173112251628021,0.3999797568186822,0.07048258292825205,0.3790256364930211,0.06977758431786946,0.3109120394285201,0.006362260355455114,0.5798473356094689,0.12030159780946151
5,empty,proximity_bc,0.2599336734693877,0.04339849197953504,0.21695005449787821,0.010915786914443117,0.22224987230392065,0.046958084642626574,0.2178250766376379,0.018654576237279313,0.11622045567944947,0.01173112251628021,0.3914838334050627,0.07264359286608077,0.37122617172404887,0.0717995179830994,0.3099326037741508,0.006730290032263598,0.5788891543945653,0.12026902304698045
5,empty,shaker_entropy,0.3085655328798186,0.050543884192161354,0.23589843909861158,0.013794255322479998,0.20724488385823628,0.04252355379796234,0.22355159392802784,0.020451171271553215,0.11622045567944947,0.01173112251628021,0.3669693708421696,0.08444942385666918,0.354474021827162,0.08398570334202589,0.3109042359698425,0.009571461348796627,0.7095892805520457,0.1009273473679157
5,empty,smac3_variance,0.3046632653061224,0.049810814792458614,0.23339623294438072,0.01244181872150683,0.23691744789297906,0.05109335951916773,0.21251999974917973,0.01694896516855318,0.11622045567944947,0.01173112251628021,0.36401939097329344,0.08393257613592661,0.3520217906730373,0.08352451622490051,0.2990870001548376,0.010235041741430027,0.6531370594202488,0.10307855875729881
5,empty,standard_disagreement,0.3046632653061224,0.049810814792458614,0.23339623294438072,0.01244181872150683,0.23691744789297906,0.05109335951916773,0.21251999974917973,0.01694896516855318,0.11622045567944947,0.01173112251628021,0.36401939097329344,0.08393257613592661,0.3520217906730373,0.08352451622490051,0.2990870001548375,0.010235041741430034,0.653137059420249,0.10307855875729877
5,empty,standard_proximity,0.23266632653061223,0.04276724407609791,0.210875542353491,0.01069819755321548,0.21234068778969378,0.048330652390096,0.21909934478801157,0.018673000203426927,0.11622045567944947,0.01173112251628021,0.4349348165033097,0.07155746477052835,0.41337118110405385,0.0716576903541262,0.3413950128551049,0.004961014971429417,0.5927589344618893,0.1213876131740962
5,sparse,chen_variance,0.2827514739229025,0.04671852197006435,0.22678427772797483,0.012309633328106315,0.3367229270086413,0.0457437176758864,0.18418773055483514,0.019303357399437643,0.10392535707352989,0.0127770857526556,0.3653818450668077,0.0842131678339463,0.35773266603405046,0.08500379268989373,0.2988284903571279,0.011136542396270441,0.6001289441813986,0.1039734991531649
5,sparse,likelihood_credal,0.2590650793650794,0.04563732500458904,0.21865980995410506,0.011217349477338764,0.3804424998710713,0.0419623625887297,0.17557139463104773,0.018148311591887026,0.10392535707352989,0.0127770857526556,0.4365359634353388,0.08612240772903589,0.42406472759129715,0.0874059737108214,0.31798109114478124,0.01122305314343499,0.7187284092888603,0.08893248673485026
5,sparse,proximity_auto_lambda,0.2252637188208617,0.03876094743211022,0.20596196210266732,0.00886773064216317,0.3451651737366023,0.0334537776531496,0.18721074075509178,0.02163543978803171,0.10392535707352989,0.0127770857526556,0.38486070754548923,0.06512952824074857,0.3639162728826491,0.06416248422514582,0.31506884630696963,0.006636842828396591,0.584439686454405,0.11816803837706069
5,sparse,proximity_b,0.22084138321995467,0.03880973821792818,0.20481066205604062,0.00856200336905511,0.35057618049335343,0.032665612729848637,0.18611764206074405,0.02160320257489064,0.10392535707352989,0.0127770857526556,0.41204790533233515,0.0673573276486649,0.39113306112295326,0.06691310854721666,0.31928264021201436,0.00711517164481426,0.5411731457918674,0.12159083710848244
5,sparse,proximity_bc,0.22027528344671202,0.038936887412080144,0.20487086615589764,0.008680827539657855,0.3512466963895536,0.032808467819778454,0.18596676900119238,0.021529316822056842,0.10392535707352989,0.0127770857526556,0.40345657997288625,0.06749985945875198,0.38293448024424376,0.0668929210754748,0.31798400082857897,0.007180883424173413,0.5402612870988378,0.1215811274656537
5,sparse,shaker_entropy,0.26332176870748303,0.04378120474530813,0.2173689285586839,0.010538426538755453,0.31364502164502167,0.038729148954357896,0.19280964890861035,0.022177105214656143,0.10392535707352989,0.0127770857526556,0.392406104046204,0.08420568892584118,0.3824198645247283,0.08534783943689654,0.3185627611540347,0.009917498782350449,0.6637600575856669,0.10314111553908703
5,sparse,smac3_variance,0.28002925170068027,0.04669669439581958,0.22600346038575866,0.012331360591115618,0.34532076303504877,0.04684115303608233,0.1814489824354718,0.018522674805689827,0.10392535707352989,0.0127770857526556,0.3779064383425854,0.08430347549523409,0.3688149755785418,0.08517412350515563,0.3064140693874285,0.010686325841695125,0.5986173086737797,0.10379640622014796
5,sparse,standard_disagreement,0.28002925170068027,0.04669669439581958,0.22600346038575866,0.012331360591115618,0.34532076303504877,0.04684115303608233,0.1814489824354718,0.018522674805689827,0.10392535707352989,0.0127770857526556,0.3779064383425854,0.08430347549523409,0.3688149755785418,0.08517412350515563,0.3064140693874283,0.010686325841695076,0.59861730867378,0.10379640622014791
5,sparse,standard_proximity,0.22296802721088435,0.040800535975941236,0.20748490495084365,0.009751523593950996,0.35124014804083054,0.033230625927297724,0.18566545890999087,0.02148288729934483,0.10392535707352989,0.0127770857526556,0.42579940340994926,0.07166920857427342,0.4039796934127859,0.07121661113913814,0.3507628130341186,0.00554259388274344,0.5588695658667854,0.12217428976740996
6,empty,chen_variance,0.41994920634920635,0.015950813864658013,0.25106461345437403,0.006788776598523507,0.18091368548511408,0.04862388618450109,0.2256694555019425,0.009690109118197534,0.11412915418869053,0.00588202607190771,0.09505214234571674,0.008024045122885346,0.08440226756839538,0.007137612032443541,0.26671288721678954,0.004799724004052528,0.7082150601495123,0.08706074476360649
6,empty,likelihood_credal,0.3633387755102041,0.01394036165249857,0.22781898559185776,0.004094144004457621,0.2072334358048644,0.048036393887046426,0.21798914663199437,0.008827468769312235,0.11412915418869053,0.00588202607190771,0.1498298134134283,0.01187882096612617,0.13247436604713234,0.010726512682294777,0.2967717165633686,0.007859747252491885,0.8036650129765032,0.07312017301903496
6,empty,proximity_auto_lambda,0.32644478458049886,0.02299728236693233,0.22145534781509385,0.006237997545008124,0.16263415349986304,0.04640096622507155,0.2280416444798882,0.010250913567237816,0.11412915418869053,0.00588202607190771,0.2094413447012013,0.022612125033527677,0.18736931319824993,0.020659442925308514,0.27819422059615717,0.006226569286732847,0.6700487575363542,0.10229827893523401
6,empty,proximity_b,0.3192374149659864,0.021989480854545555,0.219384945665801,0.005818506003227456,0.16666943239768586,0.045746346877536925,0.22721897976878352,0.010308042775360784,0.11412915418869053,0.00588202607190771,0.22593416165030972,0.024348578782090992,0.201901713696356,0.022343731073243923,0.28182876053493605,0.006309911058404926,0.6302044962206006,0.10482209338209796
6,empty,proximity_bc,0.3196002267573696,0.02233564879640802,0.21932419801213912,0.005821514835357097,0.16844881359167077,0.045664387978696756,0.22695049238877182,0.010263768025768208,0.11412915418869053,0.00588202607190771,0.21991825938785567,0.02394964086733416,0.19641466695934287,0.02203592153585648,0.28072204086021063,0.006415906429328188,0.6296506982899341,0.10463159948465912
6,empty,shaker_entropy,0.42699160997732427,0.017330083370984142,0.25338000263298344,0.0073092940229587825,0.168712969855827,0.04364483138268594,0.2305021688910386,0.011451305471382196,0.11412915418869053,0.00588202607190771,0.10311392756491043,0.00927766276116806,0.0916851049544878,0.008321652381818619,0.27812280842190024,0.005028839520777817,0.774646450776091,0.08640502765328707
6,empty,smac3_variance,0.42284671201814056,0.016874924364430905,0.25146775973122426,0.006707034598613888,0.18841457698600558,0.04964258285579068,0.22230873652777494,0.00891282473220358,0.11412915418869053,0.00588202607190771,0.1015897420775143,0.009268865715787765,0.09033455360957997,0.008356079381922997,0.27138092730703023,0.005241128843559968,0.7070166484688181,0.08669679009229721
6,empty,standard_disagreement,0.42284671201814056,0.016874924364430905,0.25146775973122426,0.006707034598613888,0.18841457698600558,0.04964258285579068,0.22230873652777494,0.00891282473220358,0.11412915418869053,0.00588202607190771,0.1015897420775143,0.009268865715787765,0.09033455360957997,0.008356079381922997,0.27138092730703023,0.005241128843559975,0.707016648468818,0.08669679009229721
6,empty,standard_proximity,0.2944060090702948,0.023545493369373446,0.21425633907922523,0.005922380521557654,0.14183272219421914,0.04871165962405469,0.23041276394176252,0.00989012840285192,0.11412915418869053,0.00588202607190771,0.2524876399120708,0.02743539451033852,0.22630943442407211,0.025157927536854988,0.334125863212,0.006647408151668002,0.6423837624184194,0.10568436955570124
6,sparse,chen_variance,0.2561950113378685,0.02504322181787185,0.20641843998215575,0.006610664860559114,0.27100244014529734,0.036075608270793764,0.18745834757379556,0.013950420208471865,0.09623967726312871,0.008014570924195559,0.23533051635080898,0.030533199722641357,0.21914747789747693,0.02975952010695195,0.2954617752122256,0.006060950542600553,0.6594065920367284,0.09170361594630697
6,sparse,likelihood_credal,0.20509637188208618,0.028131980923990784,0.19707975823258814,0.005774876741115918,0.3272146135003278,0.03178079055894812,0.17789457023701014,0.013588359833181617,0.09623967726312871,0.008014570924195559,0.3450290464308625,0.045774641421147844,0.3245149204419752,0.045180357281829724,0.3151252144350089,0.008552158833586263,0.7653060686573865,0.07674541435691996
6,sparse,proximity_auto_lambda,0.1831938775510204,0.02558759700348571,0.19238167540476628,0.005490230652719231,0.3061662821945402,0.025262827958618644,0.1846895715207405,0.01572670173686241,0.09623967726312871,0.008014570924195559,0.34934381011582577,0.039076007046309966,0.3271068400206483,0.03819136355868694,0.30146551877541305,0.0061873507164324085,0.6196808891444928,0.10735514649249768
6,sparse,proximity_b,0.17932981859410432,0.02562898733854341,0.19174718046679423,0.0054812093066784915,0.31491218984904024,0.023722262757761754,0.18329462544628483,0.015748025240333256,0.09623967726312871,0.008014570924195559,0.3644409079560041,0.03946763747319702,0.3412413106473691,0.038630473944190225,0.3030507644036339,0.006961625047536032,0.5777665145458188,0.11032185005944374
6,sparse,proximity_bc,0.17981496598639457,0.025214764314009513,0.1916040839220038,0.005311897515924694,0.31385542071256356,0.024012170831147133,0.1834723449779808,0.015735135748479633,0.09623967726312871,0.008014570924195559,0.35402216467959163,0.03883743085579145,0.3309823172190448,0.0379043635417716,0.3033292718766045,0.006848399021919089,0.5768125542553494,0.1102504557855086
6,sparse,shaker_entropy,0.24091836734693878,0.02416297236663863,0.20264394638374736,0.006054958304337774,0.26115808515808514,0.030388582633334816,0.19229074454742903,0.015893545229560452,0.09623967726312871,0.008014570924195559,0.2574149974224915,0.030444634631604427,0.23987441251557803,0.02983557347032857,0.30369571627632447,0.005094207806315747,0.7301373005773778,0.09031857705502097
6,sparse,smac3_variance,0.24756916099773243,0.02535075964203331,0.2047366921542905,0.0065441835007108,0.27841098526812813,0.03657181436255677,0.18521262477671438,0.013439887163599448,0.09623967726312871,0.008014570924195559,0.25062784917568137,0.03171752882339214,0.23353972334311143,0.0310344747084365,0.2966623698610087,0.005590995135207434,0.6580722577933071,0.09165454380809786
6,sparse,standard_disagreement,0.24756916099773243,0.02535075964203331,0.2047366921542905,0.0065441835007108,0.27841098526812813,0.03657181436255677,0.18521262477671438,0.013439887163599448,0.09623967726312871,0.008014570924195559,0.25062784917568137,0.03171752882339214,0.23353972334311143,0.0310344747084365,0.29666236986100863,0.005590995135207441,0.6580722577933071,0.09165454380809787
6,sparse,standard_proximity,0.20710113378684808,0.026345851698667648,0.19721723742954392,0.006561969836489996,0.30649300852830813,0.025711617377555826,0.18429609404977387,0.015115372650611643,0.09623967726312871,0.008014570924195559,0.31517941709414193,0.03272554653375699,0.28974580504802416,0.0307539634771905,0.3375625899787142,0.006271006555578052,0.5982149175054577,0.11085325569481853
7,empty,chen_variance,0.4922233560090703,0.03832077767913057,0.299241954681839,0.02171925506059494,0.11908182708182709,0.04576576533815323,0.22498269392609924,0.011610529713023275,0.10332046045525345,0.00568746735635263,0.14838781126835232,0.018492413198326688,0.13267577730585284,0.016685532522279917,0.2641341175194958,0.0072099482813444355,0.7650977946674311,0.08443985770894145
7,empty,likelihood_credal,0.4350943310657596,0.03790279470450342,0.2637663500576395,0.016055276169006445,0.15948799091656235,0.04543850004863059,0.21573594764185516,0.010832898419131452,0.10332046045525345,0.00568746735635263,0.19530637124939335,0.018501222902650216,0.17410310698816361,0.016889726899754817,0.2826474325290756,0.006926838723893052,0.8369868999914787,0.06935076512436962
7,empty,proximity_auto_lambda,0.3569641723356009,0.029998585001757352,0.23161289082424952,0.008674480137880513,0.1355620321334607,0.044376337319580024,0.223885508039342,0.012697540938600297,0.10332046045525345,0.00568746735635263,0.22917567568848804,0.017551722520958463,0.20364594466154168,0.01595471319513036,0.29012733924791273,0.006895055210781108,0.6748791505206039,0.10127136941452097
7,empty,proximity_b,0.3569077097505669,0.031553877968057135,0.23252058139031098,0.009230661173463295,0.1476476642190928,0.0429692325891062,0.22159129102686145,0.012786238677431196,0.10332046045525345,0.00568746735635263,0.2466298970151791,0.018840290796859355,0.21925959626267713,0.017187497499391798,0.2913305155807275,0.007306561281756518,0.6352155757152539,0.10460471121894319
7,empty,proximity_bc,0.35032959183673473,0.030144178394063262,0.2298249934850149,0.008591477580479597,0.14598645292263526,0.04333383244595766,0.2218015134281302,0.012754201238948286,0.10332046045525345,0.00568746735635263,0.2443937202563099,0.01845743425118265,0.21710686254933872,0.016826462754135844,0.2919741638303424,0.007296063870518095,0.6338857525971436,0.10440309469046292
7,empty,shaker_entropy,0.49363015873015875,0.03969553959670522,0.3000116249536231,0.02208350364864894,0.10860579546293832,0.04276468937556432,0.22922659772519463,0.012880832048853007,0.10332046045525345,0.00568746735635263,0.15619808477347347,0.021334562124626786,0.13998069042843347,0.01913486697065579,0.2658448459746829,0.0065244228005574435,0.8227792033119238,0.08177908573366993
7,empty,smac3_variance,0.49503174603174604,0.04026691763332191,0.30103941226674186,0.022197735702468236,0.12604372432943864,0.04679647964472469,0.22270588586951487,0.010956445013499008,0.10332046045525345,0.00568746735635263,0.16225557906101112,0.021690328528992723,0.14543731625219775,0.019493202768100747,0.26787404644899615,0.005918899114612212,0.763471625489671,0.08392394859051898
7,empty,standard_disagreement,0.49503174603174604,0.04026691763332191,0.30103941226674186,0.022197735702468236,0.12604372432943864,0.04679647964472469,0.22270588586951487,0.010956445013499008,0.10332046045525345,0.00568746735635263,0.16225557906101112,0.021690328528992723,0.14543731625219775,0.019493202768100747,0.2678740464489962,0.00591889911461221,0.763471625489671,0.08392394859051898
7,empty,standard_proximity,0.32884115646258505,0.0332420589411384,0.22507197901068937,0.008584904740581269,0.14276451593908435,0.04604733301779001,0.2224217183351938,0.012555219478195493,0.10332046045525345,0.00568746735635263,0.27729791426578615,0.02290941460180119,0.24739471399239368,0.02101042283227448,0.3341481807181038,0.007103952287062997,0.6453014290353654,0.10534736853256747
7,sparse,chen_variance,0.2795269841269841,0.021657461422811473,0.21166656528565136,0.007312534277595542,0.24992941678655964,0.03284118042344628,0.18972998643573324,0.013610527718848188,0.0930093396375285,0.006814260107950883,0.19300413227056076,0.020054299596573857,0.17597057348145523,0.018696547106467884,0.2945512554740403,0.006169622000968828,0.7135124639780299,0.08758273921674364
7,sparse,likelihood_credal,0.23770136054421767,0.024737197749631172,0.20333589834420382,0.006542253426791997,0.3003218071789501,0.029929651824087126,0.17998854721772975,0.01294555068138617,0.0930093396375285,0.006814260107950883,0.27994182547160495,0.029245223382623035,0.2549201145005548,0.02710999098803596,0.30475043206454183,0.009006187453991642,0.7995501122881418,0.07263380719283143
7,sparse,proximity_auto_lambda,0.23608072562358276,0.020290396004303775,0.20095064754283049,0.0048064917065285505,0.2643259546116689,0.02425694271143715,0.18982071131014777,0.01540155508923371,0.0930093396375285,0.006814260107950883,0.2699153954097666,0.02656583527582367,0.2436118937765476,0.024230523266760614,0.303353634143019,0.007263284460893273,0.6387235666596792,0.10469011396315092
7,sparse,proximity_b,0.23724308390022678,0.01981580635940092,0.20106015298642793,0.004431258341839342,0.2709506127393139,0.023206456312362525,0.18896917107969233,0.015439037885476903,0.0930093396375285,0.006814260107950883,0.2836610887264604,0.027311493281627016,0.2558156965228332,0.02505195227107085,0.3073526621941002,0.0076943417199498735,0.5972510372571689,0.1080785559618399
7,sparse,proximity_bc,0.23626961451247167,0.019945050313634458,0.200854306367349,0.004497372194792758,0.2714224868510583,0.023420481708555783,0.18891895485911953,0.01541296243829713,0.0930093396375285,0.006814260107950883,0.27975218983683703,0.027161560370326257,0.25195070288876087,0.024842170128738413,0.30613154855716346,0.007581575623422286,0.5956440903455711,0.1079655431119585
7,sparse,shaker_entropy,0.2563045351473923,0.016907746395792966,0.20441600867895313,0.005278144160265449,0.23357883586455014,0.02644738343736331,0.19673113306046777,0.016021437115815836,0.0930093396375285,0.006814260107950883,0.2260239439059226,0.018538222129356748,0.20445406608712993,0.016826940784312537,0.2975153178409081,0.006468676858520007,0.7805193598051263,0.08583552975864617
7,sparse,smac3_variance,0.27153378684807256,0.021939249553609867,0.2101572995617223,0.0074587083779843475,0.2555975824547253,0.03297476852621123,0.18827947506764764,0.01330921419707767,0.0930093396375285,0.006814260107950883,0.20645315505883555,0.020703521304537113,0.18826494318651066,0.019241703797854094,0.29647206317709196,0.006243308932741534,0.7126192241367582,0.08753779622092053
7,sparse,standard_disagreement,0.27153378684807256,0.021939249553609867,0.2101572995617223,0.0074587083779843475,0.2555975824547253,0.03297476852621123,0.18827947506764764,0.01330921419707767,0.0930093396375285,0.006814260107950883,0.20645315505883555,0.020703521304537113,0.18826494318651066,0.019241703797854094,0.29647206317709207,0.006243308932741524,0.712619224136758,0.08753779622092052
7,sparse,standard_proximity,0.2722538548752834,0.024134772245856424,0.21004410408813823,0.005856382566065534,0.26623256093207687,0.025602357826023384,0.18832784539110103,0.014440265566768204,0.0930093396375285,0.006814260107950883,0.2747565252066104,0.029798278554611066,0.24776203507909025,0.02744468792842199,0.3390815798965447,0.007037268203634337,0.6131829267939171,0.10862084703343103
8,empty,chen_variance,0.2252151927437642,0.03627278620496738,0.20526665402160266,0.007317216457195498,-0.11722070179213037,0.09602790960911524,0.44801741676674167,0.06518984842188819,0.1560095378582571,0.01414206615567796,0.37072221833973834,0.07752527011644375,0.35679824637860014,0.0772214674750252,0.3245178603420709,0.012608001375625752,1.0440402619767712,0.07525216063470751
8,empty,likelihood_credal,0.1748716553287982,0.027634170426718004,0.19064662325468115,0.003854497899539935,-0.1150372836087122,0.09861884415999024,0.4467631915537948,0.06607473480998471,0.1560095378582571,0.01414206615567796,0.44241881827386276,0.0723078462082903,0.4228496312802302,0.07341578031283723,0.3611672555957998,0.016989849474659667,1.0358977208814795,0.05586467438528032
8,empty,proximity_auto_lambda,0.15411927437641723,0.025454025491494444,0.1871939642167218,0.0036121360043800035,-0.13256511390523015,0.09530005277178562,0.4483916441223055,0.06426213737932628,0.1560095378582571,0.01414206615567796,0.4634230228225837,0.06529817972263213,0.4406706975961555,0.06657863261566244,0.3568220830926023,0.017643793509888737,0.9970923487316673,0.08829500170836016
8,empty,proximity_b,0.1584814058956916,0.022999711720339915,0.18750857941402396,0.003259725869542909,-0.11689081926328558,0.09238076386435845,0.4403117286334317,0.06216818244770301,0.1560095378582571,0.01414206615567796,0.45885515262368787,0.06056514019791495,0.4334890666537028,0.06199898814346592,0.35512649780108035,0.017244235911699855,0.9761944092113282,0.09228267035245928
8,empty,proximity_bc,0.14703968253968253,0.024665718943466707,0.1861500436548447,0.00338210086264937,-0.13092560302184963,0.09611923101082512,0.4485498189760492,0.06469912448400698,0.1560095378582571,0.01414206615567796,0.4877951065627094,0.0663284900365879,0.4635080354795699,0.06791582159126369,0.36038289486120184,0.018268227932500325,0.9917422807997464,0.09533918298588966
8,empty,shaker_entropy,0.22301972789115648,0.03606686182640125,0.20331465773113566,0.006322730247591484,-0.1349629366772224,0.0944153677836089,0.45271439463805535,0.06489424966474429,0.1560095378582571,0.01414206615567796,0.39234567159274586,0.08390032895540724,0.3800796700417682,0.08427753672464262,0.340389578629802,0.015486292777805236,1.0755231113577413,0.069230858340457
8,empty,smac3_variance,0.22017573696145126,0.036267503604742124,0.20410544150586005,0.007058049133671797,-0.12132829389972248,0.09745188514419009,0.4481990708017653,0.06566509513207516,0.1560095378582571,0.01414206615567796,0.3957249345296225,0.08192034109074015,0.3826337584710461,0.08231187954196105,0.3317640942000238,0.013093512307770725,1.0429810480597683,0.07505350164316449
8,empty,standard_disagreement,0.22017573696145126,0.036267503604742124,0.20410544150586005,0.007058049133671797,-0.12132829389972248,0.09745188514419009,0.4481990708017653,0.06566509513207516,0.1560095378582571,0.01414206615567796,0.3957249345296225,0.08192034109074015,0.3826337584710461,0.08231187954196105,0.3317640942000237,0.013093512307770736,1.0429810480597683,0.07505350164316446
8,empty,standard_proximity,0.1418216553287982,0.020550580600683276,0.18450842613434476,0.0030151132911489333,-0.12416626975148569,0.09163718694099117,0.44322751804410127,0.062051840460600846,0.1560095378582571,0.01414206615567796,0.45223958053806446,0.04661948459690083,0.4242527350154245,0.047379590378808616,0.3994093457665243,0.019054922488566578,0.9703502880857774,0.09005264160428025
8,sparse,chen_variance,0.18157868480725622,0.019242447532029208,0.18961933198373093,0.003503659783953526,0.2590201721630293,0.027999060640749945,0.20000885047812988,0.005820694381934927,0.09793296497610998,0.0023426880773793775,0.3474345211644343,0.038320458189664106,0.34312379110631086,0.04193300890149863,0.34036587956884184,0.013088258306278881,0.7713652462411134,0.0667523549193842
8,sparse,likelihood_credal,0.1329922902494331,0.025782189656318476,0.18451755022912036,0.0038686618449751318,0.29718181146752576,0.0251980978527468,0.1915300491090879,0.005540701391387193,0.09793296497610998,0.0023426880773793775,0.5174449305853023,0.06628046619520368,0.5030429413090657,0.06900789333147192,0.39392972164377726,0.024863546959112443,0.8432710612655524,0.05517362217056765
8,sparse,proximity_auto_lambda,0.14648049886621314,0.019551804489909824,0.18424454739531515,0.0030024581051616007,0.2651995344624602,0.022226578415452888,0.1997895503348669,0.006923044961372644,0.09793296497610998,0.0023426880773793775,0.417090372971598,0.03996350393649083,0.4016083118975541,0.04198614283355729,0.3616028619007334,0.017325814185541303,0.7124115394594571,0.08311000466865262
8,sparse,proximity_b,0.12983968253968253,0.02159037290993258,0.1828809894919507,0.0029531233192082243,0.27682671184050234,0.021059719321064728,0.1974814598737613,0.006981327508839415,0.09793296497610998,0.0023426880773793775,0.48553456492711755,0.05229610306356529,0.46485178252386855,0.05400432394270978,0.3690791510127126,0.019420925919871858,0.6712400095960425,0.08606546405833437
8,sparse,proximity_bc,0.1367981859410431,0.01965843624202388,0.18314001204128494,0.0028316858382921198,0.27348437039574713,0.021122753088289547,0.19831292520837068,0.006974455328868608,0.09793296497610998,0.0023426880773793775,0.4456700636944174,0.04309902271873709,0.4276743259889215,0.044939291048012725,0.36553383613019913,0.01826476025205484,0.6705440119096368,0.08560593664820103
8,sparse,shaker_entropy,0.19431768707482994,0.01654914207625211,0.19930537706616286,0.0049077703590782555,0.24407573036144464,0.024066854462041574,0.20559396174635877,0.007064109962512455,0.09793296497610998,0.0023426880773793775,0.34608024978053503,0.03165371758475248,0.3402866323284081,0.0348799814595913,0.3430724753491259,0.013246432726970958,34.03451025064135,33.20483657733661
8,sparse,smac3_variance,0.1735934240362812,0.019268157458764958,0.1888443855293859,0.0034525941519604475,0.262459364745079,0.028120376929430254,0.199051209186161,0.005644490534394826,0.09793296497610998,0.0023426880773793775,0.36848219362369034,0.03864953055630232,0.3630681215699436,0.04232566661697944,0.3520956981388938,0.015722982165926814,0.7712787075129213,0.06663218205339895
8,sparse,standard_disagreement,0.1735934240362812,0.019268157458764958,0.1888443855293859,0.0034525941519604475,0.262459364745079,0.028120376929430254,0.199051209186161,0.005644490534394826,0.09793296497610998,0.0023426880773793775,0.36848219362369034,0.03864953055630232,0.3630681215699436,0.04232566661697944,0.3520956981388933,0.015722982165926738,0.7712787075129223,0.06663218205339881
8,sparse,standard_proximity,0.1320200680272109,0.023647330747890903,0.18397406418726517,0.003291124294579566,0.26869958394751425,0.02266560352440188,0.19842678885547566,0.006552015400298832,0.09793296497610998,0.0023426880773793775,0.5022100987912667,0.057044391841946235,0.4753464812626519,0.057639693680704436,0.400814172783524,0.02012786904137803,0.6903303837433552,0.08631556077967581
9,empty,chen_variance,0.36871927437641727,0.02093643266584418,0.24082026290302258,0.008779873564480947,0.042327665756237184,0.04385182976268922,0.4175034983665969,0.048929552632694356,0.1798238831985888,0.021619297019738432,0.11044742681582634,0.014303885923951619,0.10073499416040659,0.01292051328415051,0.3187714024985263,0.009035236601939632,1.0875559080796622,0.07452962632182183
9,empty,likelihood_credal,0.24518231292517007,0.01653138889910551,0.20148487989853764,0.0045769485341116255,0.01951035036749323,0.0501259526424169,0.42489062089385915,0.05242982231968362,0.1798238831985888,0.021619297019738432,0.22596212112829583,0.018053394124151616,0.20553320673115216,0.016607132829634632,0.3639500323203976,0.016927669212067453,1.1055887238213729,0.06104885039025227
9,empty,proximity_auto_lambda,0.24125396825396828,0.02352732455890025,0.20382929330269,0.0071814370574803535,0.022917899796460812,0.04852268409340099,0.4245416600771782,0.05142067562520005,0.1798238831985888,0.021619297019738432,0.25518584250091986,0.030629426987758317,0.23237377704380566,0.028129957251182253,0.34698627933429854,0.013115178839462125,1.0203147244823205,0.08604859582180405
9,empty,proximity_b,0.22836190476190477,0.021554148993646164,0.2001733056008801,0.0059465717377943485,0.024046751178933623,0.04927636886084045,0.42556706207674705,0.05245392625212852,0.1798238831985888,0.021619297019738432,0.2758892545963892,0.030969166796788603,0.2513071471003353,0.028463338759358886,0.35453480574711793,0.014756883138307537,1.0045935896900122,0.09061557446966317
9,empty,proximity_bc,0.22304342403628116,0.021562645176045416,0.1989389493110112,0.005893465251893843,0.019221914059069402,0.049298019766725626,0.42674003037184416,0.05241199844885809,0.1798238831985888,0.021619297019738432,0.2787112156064939,0.030691267482075464,0.2537397480938248,0.02811004204472359,0.35427966463280475,0.014703463880881886,1.0047186793343024,0.09069537299861918
9,empty,shaker_entropy,0.35740272108843535,0.021598982868696694,0.23549447336393448,0.008601775253705807,0.02127825727825728,0.04198034241004811,0.4245074034845239,0.04880614523801457,0.1798238831985888,0.021619297019738432,0.11847725025289997,0.012782953605572338,0.10874778673801273,0.011936680741447726,0.33794992528730766,0.013715996033964338,128.39739330150576,92.97359010072377
9,empty,smac3_variance,0.3586875283446712,0.021458009440477665,0.23715952431707296,0.008978128608266103,0.03638249581106724,0.04614402055232891,0.4192795462198986,0.04988330182181622,0.1798238831985888,0.021619297019738432,0.11993143902587589,0.013985682083321726,0.1097078435064096,0.012771072097848186,0.32835140405599283,0.011291378650174154,1.0873789560118503,0.07459735074772908
9,empty,standard_disagreement,0.3586875283446712,0.021458009440477665,0.23715952431707296,0.008978128608266103,0.03638249581106724,0.04614402055232891,0.4192795462198986,0.04988330182181622,0.1798238831985888,0.021619297019738432,0.11993143902587589,0.013985682083321726,0.1097078435064096,0.012771072097848186,0.3283514040559929,0.011291378650174159,1.0873789560118503,0.07459735074772908
9,empty,standard_proximity,0.2157689342403628,0.02483299251362241,0.20019553818466504,0.007039646966623026,0.010388859202629093,0.05054855683601678,0.4301982517218509,0.05359386641467886,0.1798238831985888,0.021619297019738432,0.2998676408771391,0.038399701642049776,0.27560499707997993,0.035632798699951874,0.4019141879995211,0.02015485284099273,1.0094504379823328,0.09029942487748067
9,sparse,chen_variance,0.33945306122448976,0.0427658256113558,0.26746176549233674,0.02296184043521169,0.1561240492669064,0.04167880513329981,0.31406626255126274,0.03306326591562443,0.1375373769195394,0.013376065929250875,0.20796282465762866,0.03590490726599391,0.19646204931474714,0.033834026468342646,0.32129901327385046,0.011006115924355594,0.9758104807380981,0.07133605050781301
9,sparse,likelihood_credal,0.25393356009070295,0.03370992464535844,0.21576291928412522,0.008633594834327999,0.2077780066351495,0.04122045503117288,0.29834498191223463,0.0320285268073845,0.1375373769195394,0.013376065929250875,0.2857130255614641,0.05348830651797709,0.2734265634882228,0.051013161007226596,0.3716716968749552,0.02022789337034763,1.0250040637820892,0.057532411864211444
9,sparse,proximity_auto_lambda,0.1679183673469388,0.025536235756343877,0.18936651629256143,0.005229635316248944,0.21168821797393228,0.03312694412503312,0.29548209000856496,0.0293095098306267,0.1375373769195394,0.013376065929250875,0.37812023390158267,0.04128133554778211,0.3645264457206289,0.040885367068971605,0.346515622671002,0.015916722848477324,0.916165502975287,0.0831708604882125
9,sparse,proximity_b,0.16071689342403628,0.025887102282203957,0.18843710329220684,0.005196079448831226,0.21830727489549573,0.033424530419011576,0.29303778105140077,0.02923189345452228,0.1375373769195394,0.013376065929250875,0.3989328122195901,0.04261162756052264,0.3841876830820702,0.04231183123117284,0.35296195539106356,0.017321381698142235,0.8860541280126462,0.08665036697662658
9,sparse,proximity_bc,0.1607781179138322,0.025510360209449166,0.18831410816306482,0.00511462097175247,0.2168081802546252,0.033268387263220324,0.2940515613909523,0.02936349545839212,0.1375373769195394,0.013376065929250875,0.39579445843207706,0.04291212209820134,0.3812287680950637,0.04251893084823561,0.35066692563197693,0.01652297627582402,0.884553522442516,0.08657978351420001
9,sparse,shaker_entropy,0.31698117913832197,0.04179177412949909,0.2585818656711898,0.022061975969994353,0.1417820912562882,0.03869408755778295,0.3174091353600505,0.03253763868903015,0.1375373769195394,0.013376065929250875,0.23108575924121377,0.0391450815046281,0.2185318408042453,0.036705565872880985,0.34028892559587004,0.013482437811643922,442.3006753165196,439.9892746445306
9,sparse,smac3_variance,0.3377430839002268,0.045411971233967965,0.2735200005573313,0.025520909659794724,0.15729662643948358,0.04368505932251377,0.3132687611386925,0.033547798032239985,0.1375373769195394,0.013376065929250875,0.22801071211075633,0.03883736891291033,0.21609651002393956,0.03665596981736195,0.3336663629648816,0.0126213008966461,0.9749679848606027,0.07136745394565845
9,sparse,standard_disagreement,0.3377430839002268,0.045411971233967965,0.2735200005573313,0.025520909659794724,0.15729662643948358,0.04368505932251377,0.3132687611386925,0.033547798032239985,0.1375373769195394,0.013376065929250875,0.22801071211075633,0.03883736891291033,0.21609651002393956,0.03665596981736195,0.3336663629648816,0.012621300896646094,0.9749679848606027,0.07136745394565845
9,sparse,standard_proximity,0.19895680272108845,0.026178631893671665,0.19546709203863508,0.005592671048359897,0.20837941247876962,0.036975472758774316,0.29548791484912373,0.03042794849662041,0.1375373769195394,0.013376065929250875,0.33858269691313253,0.04335643327170489,0.3219728881380415,0.04082662091450893,0.39601213343411973,0.02190427578185643,0.8953783254457706,0.08643965047111248
10,empty,chen_variance,0.3278,0.026676833703237552,0.22459711417577197,0.00780441930783344,0.08063681320824179,0.03688451032514518,0.2394234074579194,0.00680544053156234,0.10697409796798045,0.004042506329107969,0.15720116100445886,0.022134465952547852,0.1431074739110989,0.020292331512222078,0.2933176237538599,0.009187997327569754,0.7809217625558125,0.07160623431542255
10,empty,likelihood_credal,0.24476825396825394,0.02603982269277608,0.20337721593789584,0.006143224524482178,0.09306218163361021,0.0362242800918106,0.23647199817620243,0.006686140099354206,0.10697409796798045,0.004042506329107969,0.26611992521605027,0.024185129656624782,0.24178510564277383,0.02272134210710637,0.32211593373583375,0.013170473871359554,0.8445088677411372,0.05739064166825539
10,empty,proximity_auto_lambda,0.20716780045351474,0.024303226398994748,0.19555366258735246,0.004797660254071756,0.08198368312654028,0.038481401275110405,0.23883281023171682,0.007157517362435232,0.10697409796798045,0.004042506329107969,0.34253041567939035,0.02405684989553119,0.31026208221230955,0.02273539373841214,0.30525867832895015,0.010581681614710578,0.7076837819342952,0.07805577482987368
10,empty,proximity_b,0.20898083900226758,0.028239593321049087,0.19732033354902678,0.005953627459227905,0.09588792698013274,0.03720349956635056,0.23670178150285842,0.007294544440071846,0.10697409796798045,0.004042506329107969,0.3697687266617578,0.023792832178293612,0.33503264909267155,0.02258175857848736,0.3065412678625724,0.010827071977829866,0.6732688000548106,0.08141951402170135
10,empty,proximity_bc,0.19647256235827668,0.024442036581289475,0.19397376274178063,0.004692000576243342,0.08793088248317744,0.03747044134128427,0.23751377165745205,0.007131304224120588,0.10697409796798045,0.004042506329107969,0.3689506160159463,0.023868177817312607,0.33449244139089657,0.02269567782971071,0.3084771483166903,0.01139580303346487,0.6718306747408362,0.0812209092250026
10,empty,shaker_entropy,0.3298678004535147,0.024522117004877518,0.22388368273688877,0.007622213280340298,0.07189872034748825,0.034336767039413324,0.24281171414563862,0.006811372659055818,0.10697409796798045,0.004042506329107969,0.15477963548116133,0.015191590792396412,0.14171881852003998,0.01434863297207058,0.30226078654469646,0.011929700801767591,11091.966523791149,6648.023281054283
10,empty,smac3_variance,0.32865056689342403,0.028762563616810247,0.22659701299170856,0.0090374330132656,0.08363060705917849,0.03764694444408156,0.2386187820701001,0.006925025466109933,0.10697409796798045,0.004042506329107969,0.17178938954550907,0.02188605432805526,0.15648474237746127,0.02008423156431987,0.3025881403136247,0.010660679065373076,0.7819096308491308,0.07174821154848561
10,empty,standard_disagreement,0.32865056689342403,0.028762563616810247,0.22659701299170856,0.0090374330132656,0.08363060705917849,0.03764694444408156,0.2386187820701001,0.006925025466109933,0.10697409796798045,0.004042506329107969,0.17178938954550907,0.02188605432805526,0.15648474237746127,0.02008423156431987,0.3025881403136247,0.010660679065373085,0.7819096308491308,0.0717482115484856
10,empty,standard_proximity,0.18357233560090705,0.027042458918245582,0.19284516631301651,0.005490665322493523,0.07617040017779526,0.03758292854987411,0.23835952133440214,0.007249302904061301,0.10697409796798045,0.004042506329107969,0.4093072425211483,0.024526760048482425,0.373808902073872,0.023694877859897333,0.34681488397342564,0.01152895091075012,0.678282896033811,0.08023076547315425
10,sparse,chen_variance,0.11999705215419502,0.018233722146348677,0.18008560087473127,0.002708526512328086,0.27087810230667375,0.01381268309211901,0.17814261063098208,0.007961602889558331,0.08320349983013593,0.002109715455736558,0.4435906971968046,0.03641150902403075,0.42505143625134345,0.036525100665049826,0.3211074157193105,0.010555053891696685,0.7216766839213019,0.08047439749092156
10,sparse,likelihood_credal,0.09248253968253968,0.02184148009674414,0.1780386235791121,0.0028407400291001355,0.31249523420951997,0.010212556158203519,0.17032691236419448,0.007669478570663516,0.08320349983013593,0.002109715455736558,0.5633199259353572,0.05460669543334237,0.5435617995598713,0.05491421998237801,0.34584546454670784,0.015148858999841084,0.7966465287577267,0.06412633756938496
10,sparse,proximity_auto_lambda,0.11237097505668935,0.01734016477195711,0.17948446181161154,0.002438911479423082,0.2935511433101651,0.010991603997340456,0.1745319247959005,0.007677151671733501,0.08320349983013593,0.002109715455736558,0.4769878973386417,0.037740948494659046,0.4525793101200571,0.03749873523489318,0.31189663386319016,0.009653575039971073,0.6578842061522684,0.0860542239359467
10,sparse,proximity_b,0.1064467120181406,0.01674418748251884,0.17875042954149423,0.0022662538896894013,0.30257596086167515,0.009037582107008687,0.17370931206571977,0.007852037096555027,0.08320349983013593,0.002109715455736558,0.4944651917640883,0.03830005700862997,0.46874431670710964,0.03806207092155885,0.31431808417888774,0.010687387923831098,0.6200124876910109,0.08999806399396969
10,sparse,proximity_bc,0.10781859410430839,0.016784089710563412,0.1789273212355403,0.002302392945507302,0.2993122916934824,0.00970094205691715,0.17390245477761967,0.0077824975046926256,0.08320349983013593,0.002109715455736558,0.4895980718902318,0.03808864555942618,0.46380756758859126,0.03777554604614648,0.31330673279115806,0.01033487815247194,0.6184841207278196,0.08988669084207616
10,sparse,shaker_entropy,0.11506632653061225,0.01954210011156635,0.18004243828775585,0.0030078627348808047,0.26365366268154444,0.01019972434160944,0.182115054855946,0.00928211786542345,0.08320349983013593,0.002109715455736558,0.4647693827441709,0.04024410114061699,0.4451085390418113,0.03991196607017789,0.3331778231490583,0.012342636024188298,397.4140349704068,200.31154378008625
10,sparse,smac3_variance,0.11208775510204083,0.01881817189915409,0.17933493393729458,0.0027035147742290543,0.2750497436211722,0.013555974855218015,0.1770596792927767,0.007850703246967624,0.08320349983013593,0.002109715455736558,0.4716373790558525,0.040324139661398285,0.4521773001053196,0.04032279897368917,0.3352930960756368,0.012824787005743474,0.7211476825119839,0.08019927014511774
10,sparse,standard_disagreement,0.11208775510204083,0.01881817189915409,0.17933493393729458,0.0027035147742290543,0.2750497436211722,0.013555974855218015,0.1770596792927767,0.007850703246967624,0.08320349983013593,0.002109715455736558,0.4716373790558525,0.040324139661398285,0.4521773001053196,0.04032279897368917,0.33529309607563684,0.01282478700574348,0.7211476825119839,0.08019927014511774
10,sparse,standard_proximity,0.12987142857142858,0.015464008444619108,0.18148484352358651,0.0020521354653237605,0.2861704553133125,0.00974066557330788,0.17428198872938233,0.006892262255853436,0.08320349983013593,0.002109715455736558,0.43310292801681577,0.03544762698944168,0.40388667397502787,0.0341951165829652,0.3479797589404576,0.011627631401071531,0.6315710637042893,0.08763378307093969
11,empty,chen_variance,0.19339115646258503,0.015033307850170981,0.18914571501181965,0.002519623131107033,0.24794828337685484,0.013395861317319718,0.2444942158537739,0.004582764216689662,0.08142430952884083,0.001297649909740983,0.2776993180230475,0.024545837940725485,0.25437247541022046,0.023927434327457187,0.2783216992421077,0.0030711112559302757,1.2779548925326212,0.04480244688052813
11,empty,likelihood_credal,0.15143469387755104,0.011779700232177694,0.18284099936408205,0.0016269335319925213,0.25181894039036895,0.013708715567107687,0.2445611979214685,0.00423385142136276,0.08142430952884083,0.001297649909740983,0.3361250480870986,0.02420320138178398,0.30926385315370203,0.023761245744314922,0.2773783016405372,0.0020498816868443027,1.2445738562015836,0.03785021912008386
11,empty,proximity_auto_lambda,0.1380374149659864,0.01734399582434567,0.1819055551929078,0.0023723086551969267,0.25771440914298055,0.012769299709192697,0.234573403182924,0.004289713394918558,0.08142430952884083,0.001297649909740983,0.3827118483359677,0.032299795551540555,0.3505286460895337,0.03118823030439371,0.282687444428072,0.001584645905133255,1.2091497802002071,0.02832329060363281
11,empty,proximity_b,0.1281517006802721,0.01527128526280563,0.18073439283482057,0.0020215067847693803,0.2567079921365636,0.012738041441691147,0.23461711967495644,0.0035611291662876743,0.08142430952884083,0.001297649909740983,0.4077919244074036,0.031357733974923384,0.3735255117799258,0.03034388370157194,0.28280881855699935,0.0018440176127730887,1.212384133761448,0.03356231436152886
11,empty,proximity_bc,0.1258857142857143,0.015970154616107162,0.18048525860412548,0.0020928595697199057,0.2558920136062993,0.01264313265085374,0.23473845581114888,0.003941255232577269,0.08142430952884083,0.001297649909740983,0.4124189115408424,0.03376334008143631,0.37806289965827006,0.032592222254897454,0.28346463145941997,0.0016639088971437852,1.2092249542939804,0.03410668610129216
11,empty,shaker_entropy,0.24717244897959187,0.011385808386517714,0.2001165910846837,0.002293968341529856,0.20372613974388945,0.01609603908420883,0.2648215634030263,0.006399002734211847,0.08142430952884083,0.001297649909740983,0.1921634838305412,0.016510796672006042,0.1792071407672025,0.015913727239421752,0.2762710632403423,0.002022716194927836,202573.8540362486,121701.70970901662
11,empty,smac3_variance,0.1901809523809524,0.015209810980751432,0.18872768508754525,0.0025327273252763126,0.25744191629905916,0.015474377001714314,0.24158249807076942,0.003615156447167195,0.08142430952884083,0.001297649909740983,0.28646208224422504,0.025638867021186496,0.26223648894742485,0.024918747579684014,0.27784542024221504,0.003601354885834343,1.2758457502879381,0.04415848069577295
11,empty,standard_disagreement,0.1901809523809524,0.015209810980751432,0.18872768508754525,0.0025327273252763126,0.25744191629905916,0.015474377001714314,0.24158249807076942,0.003615156447167195,0.08142430952884083,0.001297649909740983,0.28646208224422504,0.025638867021186496,0.26223648894742485,0.024918747579684014,0.27784542024221504,0.0036013548858343466,1.2758457502879383,0.04415848069577295
11,empty,standard_proximity,0.12943537414965986,0.014484893733893103,0.1807221545646991,0.0019963821393368113,0.26010748925034644,0.013508938414744827,0.23192936575622158,0.0034162426758709147,0.08142430952884083,0.001297649909740983,0.4102843863183913,0.029060762342283976,0.3775651081188891,0.028563950969896352,0.29154517480216696,0.004710374901292351,1.2329522684855974,0.04155578635108473
11,sparse,chen_variance,0.330965306122449,0.038904163709146795,0.22798825725393185,0.016298564349578683,0.30823697795126365,0.01587531141511458,0.2182624326596669,0.006017474442874051,0.08267678143107984,0.0022799871642767543,0.1357889326353044,0.03129862203445177,0.12266888390422459,0.02885618324276008,0.25765827672748653,0.006689338427012828,1.2399274797706075,0.049500010652137515
11,sparse,likelihood_credal,0.3212829931972789,0.03383504285651481,0.21955834624429685,0.009422762368486362,0.33010634496348784,0.015749732386038936,0.20836058618816236,0.005284238745855493,0.08267678143107984,0.0022799871642767543,0.13715605116964333,0.033524233544356706,0.12246972547978956,0.030741758573137063,0.2581076012841352,0.0036409810417152378,1.2071153378825212,0.03595080111189796
11,sparse,proximity_auto_lambda,0.3110809523809524,0.03084609858413219,0.21645813694158972,0.007313705258481295,0.3146940215511644,0.015216937644195497,0.21275446691410765,0.00730149863889279,0.08267678143107984,0.0022799871642767543,0.15448416258509798,0.03531437072609663,0.13812022320179806,0.031742353450884817,0.2627687549915393,0.0038751387327437908,1.2118783982700323,0.031213481700470284
11,sparse,proximity_b,0.30363537414965985,0.0308558421567556,0.21459036382253174,0.007193236259130025,0.31811891754748894,0.014392424020165773,0.2114107224476258,0.0072661615181011776,0.08267678143107984,0.0022799871642767543,0.16539767956171397,0.034753675066980246,0.14841267305104794,0.0312305584440215,0.2621692644909284,0.0037366385215059335,1.2036883200861586,0.037731247465323546
11,sparse,proximity_bc,0.3028952380952381,0.030802793970711742,0.21426478365840093,0.007096720780693214,0.3165132507989651,0.014605968797175715,0.21181508226594983,0.007368045204183766,0.08267678143107984,0.0022799871642767543,0.1647347899562432,0.0364764934167601,0.14740865505347725,0.032960917575764595,0.2631877225582677,0.0036928611628073236,1.202225073579339,0.03755502984661505
11,sparse,shaker_entropy,0.31959591836734697,0.045901503830035155,0.23230912940727536,0.02247407220530225,0.2560112978330498,0.01234961001449989,0.2409166586469744,0.00822098207128392,0.08267678143107984,0.0022799871642767543,0.16095672602670502,0.04099602766053338,0.14700176413436086,0.03774868209711954,0.2644939989172434,0.007310095886745466,52030.43585111928,18800.989067102564
11,sparse,smac3_variance,0.3283142857142857,0.04010781492225981,0.2272079822330371,0.016054047371292995,0.3143237166094309,0.01600136549045821,0.21689713975831953,0.00635001272690788,0.08267678143107984,0.0022799871642767543,0.13444041380130534,0.03340552652571411,0.12121217284606199,0.030884021184871137,0.25705543296989286,0.0062641510258967786,1.2430106632065117,0.050210010532066064
11,sparse,standard_disagreement,0.3283142857142857,0.04010781492225981,0.2272079822330371,0.016054047371292995,0.3143237166094309,0.01600136549045821,0.21689713975831953,0.00635001272690788,0.08267678143107984,0.0022799871642767543,0.13444041380130534,0.03340552652571411,0.12121217284606199,0.030884021184871137,0.2570554329698929,0.006264151025896773,1.2430106632065119,0.05021001053206607
11,sparse,standard_proximity,0.3156170068027211,0.029086948503030518,0.2154896243056248,0.006517661200684967,0.31786373386373384,0.01390323293362631,0.21005473524488008,0.006025808580211348,0.08267678143107984,0.0022799871642767543,0.16438535669839321,0.029277577287677624,0.14529184812768522,0.02664682821950958,0.26268005369464026,0.0056342375320895585,1.2327772648062136,0.040581518517245556
12,empty,chen_variance,0.14856326530612246,0.020031129852625694,0.1826224657209059,0.003019202759222818,0.2712900192900193,0.01764291315557308,0.20317658723540966,0.005874060704506423,0.07139896109579998,0.0015206500535768573,0.34925873747945607,0.03458384858717674,0.3253323179446273,0.03339203351453357,0.2838293577184602,0.0033654324767739808,1.1164239379623229,0.09386349697581399
12,empty,likelihood_credal,0.11620204081632654,0.012187670004446647,0.17824557026837665,0.0015977141890961225,0.2679093844808131,0.01639993674297361,0.2006616488092304,0.006090921110192668,0.07139896109579998,0.0015206500535768573,0.4016628072921834,0.02611748900785641,0.374810711862049,0.025777808578339306,0.28742837926823156,0.002199117743161207,1.101376878037032,0.07590965223973624
12,empty,proximity_auto_lambda,0.09075442176870749,0.012081715656698385,0.17561760621216346,0.001363694507121223,0.2764345598631313,0.014448026187047925,0.19843584316914215,0.00568364202193793,0.07139896109579998,0.0015206500535768573,0.4604083889634088,0.029856307130907363,0.4301996108876132,0.02880434371430471,0.2924498960543983,0.0018141802514603377,1.0851017044778606,0.05614540272041028
12,empty,proximity_b,0.0825639455782313,0.010643726996119972,0.1748144226923826,0.001121169573779519,0.27630846887989746,0.014672725429890385,0.19777145801299886,0.005782526225280673,0.07139896109579998,0.0015206500535768573,0.4824141150365299,0.028314832190529823,0.45007052256067887,0.027196018655512685,0.29120560805950774,0.0016165477369179933,1.0771837656607623,0.06723921174169428
12,empty,proximity_bc,0.08095714285714287,0.010589445689190683,0.17464542985644385,0.0011334476954054204,0.275856260427689,0.014982919480387344,0.19742850334960546,0.005726911997766588,0.07139896109579998,0.0015206500535768573,0.4861850286695373,0.027995753363011702,0.45354007181015504,0.027042017080992374,0.29263784927983877,0.0016616389602291941,1.0721416332128155,0.06564453583165886
12,empty,shaker_entropy,0.208443537414966,0.019518013282311023,0.19342527261179615,0.003860741602372636,0.22585460091547996,0.01859565318803812,0.22190430748704454,0.009665841658666291,0.07139896109579998,0.0015206500535768573,0.23735863901179455,0.025787165686750088,0.220938718247776,0.02425778547477467,0.2873216254048021,0.0025262150746578195,597084.9842030115,472843.9764738655
12,empty,smac3_variance,0.14311292517006802,0.019447039783690345,0.18185856802846329,0.0028548422410145037,0.27219361676504533,0.01831223941730707,0.20181487662879288,0.006165098805218883,0.07139896109579998,0.0015206500535768573,0.36529964940278753,0.03473145577518717,0.3408192308434857,0.033890686854458466,0.28559992442695586,0.004151935587005208,1.1160542950429915,0.09068571404739609
12,empty,standard_disagreement,0.14311292517006802,0.019447039783690345,0.18185856802846329,0.0028548422410145037,0.27219361676504533,0.01831223941730707,0.20181487662879288,0.006165098805218883,0.07139896109579998,0.0015206500535768573,0.36529964940278753,0.03473145577518717,0.3408192308434857,0.033890686854458466,0.28559992442695586,0.004151935587005207,1.1160542950429917,0.09068571404739609
12,empty,standard_proximity,0.07738707482993198,0.009393789271395012,0.17423717343786543,0.0009117868555461288,0.269853998425427,0.01564189230953404,0.1974027623037687,0.004990400922810107,0.07139896109579998,0.0015206500535768573,0.5233015030802756,0.029561091197029356,0.4928928729969152,0.028633887956249063,0.3009523750658884,0.005689238080140001,1.0884129716458244,0.07636851576446109
12,sparse,chen_variance,0.2119938775510204,0.022613681227934487,0.19322988112077297,0.003955277025104306,0.2887226338654911,0.012649186738245779,0.1939136390260665,0.005002333588941998,0.07272783413993802,0.001682887381256703,0.25054132387583034,0.03768183216248028,0.22744276138030722,0.034656743982925495,0.274768161438764,0.0025218430873445775,1.1172513439148073,0.09098400388354505
12,sparse,likelihood_credal,0.210878231292517,0.018679116898745192,0.19281996109491706,0.003170081173373584,0.3129559912417056,0.01340160007826748,0.18544984277001175,0.00559211124566699,0.07272783413993802,0.001682887381256703,0.2515239955758285,0.02813373921496371,0.22540640444533927,0.02538014702811958,0.2779638632411487,0.0017284374546902108,1.097656724393413,0.07728559218397328
12,sparse,proximity_auto_lambda,0.2078986394557823,0.0141260045921821,0.19172593616189793,0.0025493478555801714,0.314670547813405,0.014074582933476411,0.18544418875321084,0.0057594234826674326,0.07272783413993802,0.001682887381256703,0.24583158161867566,0.021322624325130757,0.22312261403418152,0.01893976394230207,0.28257322845418165,0.0012788514490750793,1.1029353903272423,0.06318305004923008
12,sparse,proximity_b,0.2018265306122449,0.01383811579360989,0.19093116744179975,0.002591259701803925,0.3143985075413647,0.013145007693606822,0.18358656819772673,0.005254575861195272,0.07272783413993802,0.001682887381256703,0.2512376718428487,0.0213166906436626,0.22831560348041008,0.018893973060488217,0.2804919826356596,0.0016291679750336592,1.0856064032815642,0.07214153358257541
12,sparse,proximity_bc,0.19899931972789117,0.01378195419952063,0.19042710794734666,0.002558120644413598,0.31346549117977685,0.013023976894407676,0.183910425692913,0.00535150816686566,0.07272783413993802,0.001682887381256703,0.25585858539083717,0.02041620466142062,0.23233364138825022,0.0182977141061582,0.28205718154623577,0.0016120137446348941,1.0824604225446992,0.07195107830398646
12,sparse,shaker_entropy,0.2318887755102041,0.02966445805554809,0.2001550586806306,0.008393057336266297,0.23759691831464894,0.008660035366476911,0.21323471738004168,0.0071346356801067845,0.07272783413993802,0.001682887381256703,0.22577598021766557,0.03303768741772161,0.20590458040386175,0.030346939463194944,0.2836062507946994,0.004048767474173889,636302.8920040341,474369.93537583126
12,sparse,smac3_variance,0.20878503401360543,0.022473529028515793,0.1926586825311832,0.003914729484664416,0.29393190421761856,0.013100403135547525,0.19258993379697012,0.005035430046343042,0.07272783413993802,0.001682887381256703,0.25737088222291093,0.03628175952454978,0.23329492912543426,0.033297961447291226,0.2754816656046635,0.0031429015976848925,1.1184598942768151,0.09193287978242495
12,sparse,standard_disagreement,0.20878503401360543,0.022473529028515793,0.1926586825311832,0.003914729484664416,0.29393190421761856,0.013100403135547525,0.19258993379697012,0.005035430046343042,0.07272783413993802,0.001682887381256703,0.25737088222291093,0.03628175952454978,0.23329492912543426,0.033297961447291226,0.2754816656046634,0.003142901597684886,1.1184598942768151,0.09193287978242493
12,sparse,standard_proximity,0.20360272108843538,0.014590874929319623,0.1910568162465709,0.0023308608314026196,0.3044001284001285,0.013251289940099921,0.18411001807734922,0.004940731093898006,0.07272783413993802,0.001682887381256703,0.26417090398202464,0.02347876151467565,0.2388073027402852,0.02108772071595181,0.2762061491968383,0.0030776841881055925,1.0967054333500208,0.07693976562987273
13,empty,chen_variance,0.15390340136054423,0.019851603296826656,0.1831320995451485,0.002934440208217311,0.21782045667759956,0.0077265614028604575,0.2268645878129047,0.006884604777673211,0.06844901673000768,0.0007563619218152593,0.33616919854670435,0.03814716494198197,0.31621404708301776,0.036421385184807226,0.28289460576250225,0.0032988011345624698,1.4057137389984031,0.12817649563958905
13,empty,likelihood_credal,0.11413673469387756,0.012639846792377068,0.1776367429726771,0.0013168609624784743,0.21004925919211637,0.004492571326851275,0.22763620650492197,0.007398910466091114,0.06844901673000768,0.0007563619218152593,0.3951789955195382,0.03569349680393408,0.3723659289046977,0.03519751914899489,0.2855706885803185,0.0012306335454777034,1.3420202694428265,0.10513235257763533
13,empty,proximity_auto_lambda,0.05787346938775511,0.006068078205657013,0.1724637204737589,0.0006661806951072975,0.20169671426814287,0.006066202809764091,0.2243313971801771,0.007789304258068012,0.06844901673000768,0.0007563619218152593,0.551251213679018,0.02214043275321156,0.5210063865926414,0.022614699142597755,0.29464721535439303,0.0016815588663373288,1.27463698343089,0.0819660774920584
13,empty,proximity_b,0.05352857142857143,0.006213447350508427,0.17217370153621386,0.000641898248464246,0.2043787855216427,0.00691361248564905,0.22337069838422058,0.008407122349930332,0.06844901673000768,0.0007563619218152593,0.5790184983158859,0.022166659087124452,0.5468280258606582,0.02277399827715689,0.2932367587611283,0.0016811599790365177,1.316935433408015,0.1049547171952256
13,empty,proximity_bc,0.05043197278911565,0.005987643551420908,0.17189011067815943,0.000622184829475367,0.20175797604369033,0.006346458384948693,0.2246159047609562,0.008225744055030822,0.06844901673000768,0.0007563619218152593,0.5825715408514773,0.024111206303655836,0.5511621444321013,0.025051392586232492,0.29427974060256534,0.0014672560120158487,1.317117798909096,0.1025795760714671
13,empty,shaker_entropy,0.2177452380952381,0.018945494780732763,0.19621612513288822,0.005098724220068166,0.18823116354668853,0.007732042742151593,0.23834649234791616,0.00545659078044209,0.06844901673000768,0.0007563619218152593,0.2285116718992731,0.030814172281453167,0.21488647306985187,0.029053247658978505,0.28811815151744774,0.0022524594919224694,1039831.9287108404,332616.00541855843
13,empty,smac3_variance,0.15096122448979593,0.020274710972260874,0.18277544832774853,0.003010065585347866,0.2160932109503538,0.00774227572184665,0.22702166800819365,0.006794869037209783,0.06844901673000768,0.0007563619218152593,0.34407713998210054,0.039680371938597137,0.3239828734266181,0.037986139135163924,0.2826537648738137,0.002971880660336459,1.4141269189840442,0.13158517494855043
13,empty,standard_disagreement,0.15096122448979593,0.020274710972260874,0.18277544832774853,0.003010065585347866,0.2160932109503538,0.00774227572184665,0.22702166800819365,0.006794869037209783,0.06844901673000768,0.0007563619218152593,0.34407713998210054,0.039680371938597137,0.3239828734266181,0.037986139135163924,0.2826537648738137,0.002971880660336463,1.4141269189840442,0.13158517494855043
13,empty,standard_proximity,0.055485034013605446,0.006874196593205807,0.17242038801197854,0.0006814343075617539,0.19859803516946378,0.0091772862034135,0.21991724877010768,0.008058094900141298,0.06844901673000768,0.0007563619218152593,0.6071433134079862,0.024850201632664642,0.5740355833532363,0.02542383515190522,0.30632763464087176,0.0048071877567488494,1.3499111385044278,0.1284203336419885
13,sparse,chen_variance,0.24165510204081633,0.024911258780171665,0.19927610909502858,0.004993188778332335,0.2408062722348437,0.01291744788399544,0.2090583788387354,0.0071854311554984404,0.07032706541205634,0.0013889208290517765,0.22268040178855555,0.030942093354554397,0.19905302421212273,0.027685491690704694,0.27108297575492474,0.002246845494050555,1.336662414747744,0.1054077152557291
13,sparse,likelihood_credal,0.2502401360544218,0.020979957806996484,0.20010065681614503,0.004209222800498277,0.2672115186400901,0.01285184385244932,0.20043341476635207,0.007079598717624355,0.07032706541205634,0.0013889208290517765,0.20001208030538062,0.023327731533539266,0.17888823811189627,0.02097952240808994,0.27444821822829185,0.001740753143540706,1.289027620964353,0.09451027844757307
13,sparse,proximity_auto_lambda,0.24743877551020407,0.02673455767853463,0.20096745114495165,0.006212792194237437,0.2731102359673788,0.015601771453645618,0.1987219587708537,0.006419652118029449,0.07032706541205634,0.0013889208290517765,0.22311336436225698,0.02682753977889713,0.19784578690235569,0.024346819363057624,0.28014578907416837,0.001441660046590117,1.2615217977108755,0.07521264110380736
13,sparse,proximity_b,0.23894557823129253,0.02597920467488397,0.19924005984526402,0.005735889697478714,0.2739566293852008,0.0162453592449839,0.19710094246263526,0.006241123162669335,0.07032706541205634,0.0013889208290517765,0.2338709618781312,0.030465899810365616,0.20709958869097841,0.02757174433325248,0.2784078002965132,0.0015874858037501997,1.2860219567047892,0.09203926613582812
13,sparse,proximity_bc,0.2361170068027211,0.026001292648029507,0.19862425165288694,0.005711051166352573,0.2730582399153828,0.016385709241605314,0.1972333702195608,0.006147651515026775,0.07032706541205634,0.0013889208290517765,0.23676924642050476,0.0292942124089935,0.21009938252893215,0.02636309192882578,0.27987040905313093,0.0015528454320143943,1.2823160466064547,0.09144656076988575
13,sparse,shaker_entropy,0.2802081632653061,0.02659889663494738,0.20936489962098379,0.006849538346490087,0.2078274911532822,0.01617452366260002,0.2315729710953633,0.010997781680368246,0.07032706541205634,0.0013889208290517765,0.1761751434522337,0.029125041735976444,0.16063399892231847,0.026782933844016685,0.284367443522147,0.002495866972361512,235803.5011277084,131469.4798430477
13,sparse,smac3_variance,0.23955442176870748,0.025322656541170108,0.19896718669124283,0.005020071197528778,0.2444672564672565,0.013887171025736968,0.20749275535331338,0.007487348849009388,0.07032706541205634,0.0013889208290517765,0.22746887714412725,0.03252281655511471,0.20367134774416654,0.029089185561128307,0.2713127846827336,0.002376823245626638,1.3387167463658582,0.1083739982800826
13,sparse,standard_disagreement,0.23955442176870748,0.025322656541170108,0.19896718669124283,0.005020071197528778,0.2444672564672565,0.013887171025736968,0.20749275535331338,0.007487348849009388,0.07032706541205634,0.0013889208290517765,0.22746887714412725,0.03252281655511471,0.20367134774416654,0.029089185561128307,0.2713127846827336,0.002376823245626634,1.3387167463658582,0.10837399828008255
13,sparse,standard_proximity,0.2383034013605442,0.019339290736637264,0.19854149069354982,0.003973170148175774,0.2614683043254472,0.017621637383113148,0.19453189878842875,0.005803214557743006,0.07032706541205634,0.0013889208290517765,0.2507207334950904,0.02895510557024402,0.22199693867871087,0.025483837257408118,0.27461407132708865,0.004444413452533118,1.3253035714710992,0.1153752001924856
14,empty,chen_variance,0.12475986394557824,0.010329156122843085,0.17839713550176725,0.0014048603333494118,0.2170188593045736,0.011428111570699987,0.17807055161731009,0.0075703268847281055,0.060415275259078936,0.0011885470307788871,0.38371988104023075,0.019950151023385914,0.36501084333400025,0.020687676213178158,0.2874521464113448,0.0017281807280913046,1.0458392796179086,0.09919847890426906
14,empty,likelihood_credal,0.07809047619047618,0.009379664149492943,0.17350636674375222,0.0009663821400309215,0.22340931826646113,0.009768841580083183,0.17492941797528144,0.00735815573794979,0.060415275259078936,0.0011885470307788871,0.46288091576386253,0.030602717372403186,0.43698618902498676,0.033348682585642574,0.2911529897229969,0.0008021308037908478,1.0035566944804108,0.07410748820298886
14,empty,proximity_auto_lambda,0.04571496598639456,0.0077618519974119796,0.1714403880174303,0.0007312710965166498,0.21675188989474706,0.009021752562014464,0.17855328346980032,0.008001672563014327,0.060415275259078936,0.0011885470307788871,0.5609623338969089,0.017471622030038887,0.5180489532527395,0.01858015287071882,0.29338912447085175,0.0007849317881622101,1.0259054628811919,0.069804823530312
14,empty,proximity_b,0.039068027210884364,0.007184716552715446,0.17088978567063778,0.0006603295978379966,0.21871977024159353,0.009206623952799836,0.17696854931207565,0.00790100541935948,0.060415275259078936,0.0011885470307788871,0.5830411019640226,0.02179066659348096,0.5381096565721181,0.024293010492392412,0.2923370822326782,0.000889055546018257,1.0190017489314858,0.07806109942895975
14,empty,proximity_bc,0.03829863945578232,0.007061289731390894,0.17082851074370956,0.0006433032285322703,0.2171261736976023,0.009188842437603475,0.17728628416843714,0.007819326073765908,0.060415275259078936,0.0011885470307788871,0.5811990006369746,0.023594793750945885,0.5359639715702956,0.02607661795503856,0.2932094815087222,0.0008297334267377648,1.0202002132577181,0.07862688449909802
14,empty,shaker_entropy,0.1932343537414966,0.018318987399284753,0.19040292515549664,0.0031851380043902075,0.16805607488612906,0.009009909401640778,0.1941939739581288,0.007015896349027777,0.060415275259078936,0.0011885470307788871,0.2637575160088402,0.03037596716490176,0.2464945449382936,0.028262295982024406,0.29465924667491183,0.002117347667280041,958405.8809419574,580151.0648408543
14,empty,smac3_variance,0.12336190476190476,0.010481976963048612,0.17824191977621803,0.0014272773174780994,0.22180853037995898,0.011338212718211489,0.17682546076222788,0.007784828874832797,0.060415275259078936,0.0011885470307788871,0.3889429640048937,0.022054681544243324,0.3698589608970174,0.02290850915638648,0.28615508889446317,0.0010835864383772235,1.038618213572026,0.09748025327781823
14,empty,standard_disagreement,0.12336190476190476,0.010481976963048612,0.17824191977621803,0.0014272773174780994,0.22180853037995898,0.011338212718211489,0.17682546076222788,0.007784828874832797,0.060415275259078936,0.0011885470307788871,0.3889429640048937,0.022054681544243324,0.3698589608970174,0.02290850915638648,0.2861550888944632,0.001083586438377222,1.038618213572026,0.09748025327781823
14,empty,standard_proximity,0.04004557823129252,0.007199244916640132,0.17110292260998672,0.0006486668578827248,0.2086180897609469,0.009182009407964105,0.17526465474868155,0.00864286534089161,0.060415275259078936,0.0011885470307788871,0.6662319437159111,0.03028558133579175,0.6356446285318791,0.03224209704015396,0.3091692008843802,0.005410768541343343,1.0352009234747792,0.09221809898420583
14,sparse,chen_variance,0.22303809523809523,0.03579948173893245,0.19905393827187065,0.00814779013674765,0.25881025538168395,0.01664601076964414,0.16835985772032816,0.005374605778227187,0.06217702860063816,0.001359966104025302,0.24141625190378693,0.04714953884078744,0.22440955732414852,0.04322467147614013,0.2744700693066801,0.004518304821686605,1.0242879232051947,0.08499050577357534
14,sparse,likelihood_credal,0.20500680272108843,0.02802217583782603,0.19291566195422008,0.005542454565816065,0.26217283360140503,0.01625887188365125,0.16864718755933247,0.006220980080570557,0.06217702860063816,0.001359966104025302,0.24909274404410117,0.03713243010324787,0.22818140129484105,0.0338687900696903,0.27998476296272,0.0036219741661233876,1.0207759258576137,0.06965077951675527
14,sparse,proximity_auto_lambda,0.17356054421768707,0.029639672364214675,0.18758166439718682,0.00435680057339559,0.2600912703769847,0.021380827002943376,0.1658937585764957,0.006462948454657009,0.06217702860063816,0.001359966104025302,0.30518389508439,0.04983789487988476,0.27701957620227285,0.046072846440485836,0.2856404978892752,0.0023551922193443225,1.0355666812496083,0.06222901756483792
14,sparse,proximity_b,0.16478265306122447,0.029810501053989618,0.18626603156019614,0.004309165193370485,0.26283851552251686,0.021561799910559534,0.16440568335638256,0.006652937906864364,0.06217702860063816,0.001359966104025302,0.3227060706123491,0.0521563962144836,0.29287381033125076,0.04774224196515392,0.2845722684273282,0.0026139427433640593,1.025913360492035,0.07234145353779665
14,sparse,proximity_bc,0.16308163265306122,0.029430646505089895,0.18594572394513179,0.0042474406035712614,0.2609635083920799,0.021217777418012843,0.16460180649736486,0.0066359080834307044,0.06217702860063816,0.001359966104025302,0.325342005911693,0.05099123770439372,0.2938426916135675,0.0461953962635251,0.2855525378857667,0.0025046813638493165,1.0230713983857516,0.07187397877257334
14,sparse,shaker_entropy,0.2682666666666667,0.043325221469194056,0.22061612103361458,0.01619360210048043,0.19012781499850603,0.011819309433346997,0.19862633970568802,0.00936109878612052,0.06217702860063816,0.001359966104025302,0.20684875996170657,0.03993059742835281,0.19135197749333394,0.035885498005011326,0.2842754587393897,0.0050377727414108175,2018235.412938753,828868.2580653486
14,sparse,smac3_variance,0.22120748299319729,0.03647742374985314,0.19882480086308352,0.008226345757249858,0.2604154489868776,0.017105847626329045,0.16825455806656506,0.005528437440169044,0.06217702860063816,0.001359966104025302,0.2461945166731024,0.047949597683990854,0.22830578091476741,0.04385068318939533,0.2738497451702785,0.004683013304504668,1.0304553966474057,0.08767515686192186
14,sparse,standard_disagreement,0.22120748299319729,0.03647742374985314,0.19882480086308352,0.008226345757249858,0.2604154489868776,0.017105847626329045,0.16825455806656506,0.005528437440169044,0.06217702860063816,0.001359966104025302,0.2461945166731024,0.047949597683990854,0.22830578091476741,0.04385068318939533,0.2738497451702785,0.004683013304504665,1.0304553966474057,0.08767515686192183
14,sparse,standard_proximity,0.16198027210884353,0.02724293929676917,0.18618244150117838,0.0038020526490564798,0.24013175937037415,0.01727191787440382,0.16571095634618951,0.006982342148360462,0.06217702860063816,0.001359966104025302,0.3619431665327215,0.054302850337806394,0.33232359287744917,0.05329857123658599,0.28616681011363354,0.0055753859284150995,1.030734996522509,0.07791479200037325
15,empty,chen_variance,0.10538843537414966,0.011697149489689855,0.1766399153623524,0.0012099155929902598,0.19716189259046404,0.01392027156013598,0.20435811910367205,0.008717212133738168,0.059131948380371675,0.0010886338518094763,0.4074192409352471,0.031878872105696204,0.3834851415679817,0.03155295427326482,0.28893709307062826,0.001703432145037598,1.5359761412601132,0.19376644275287028
15,empty,likelihood_credal,0.08830136054421768,0.011021281830378435,0.17449239147210457,0.0011171944313869045,0.19333268533268536,0.015878896321361993,0.2072866392590477,0.008580253079714854,0.059131948380371675,0.0010886338518094763,0.3791996154218416,0.05696879908296722,0.3558818206497368,0.057750588578525816,0.2923514568835426,0.0018288192100944308,1.4073698195138402,0.157252729430804
15,empty,proximity_auto_lambda,0.03369727891156463,0.006316656718321808,0.170270170359805,0.00046319806303953394,0.18011079275323796,0.01601876910215783,0.20952516353520537,0.009148872092086178,0.059131948380371675,0.0010886338518094763,0.423588936771884,0.06621592767876368,0.3800591307187308,0.06647586299857897,0.29688378147958916,0.0007447582886115444,1.4180881174210545,0.15045257878229357
15,empty,proximity_b,0.028351700680272113,0.005647342709334889,0.1699267171976393,0.0004076884419707526,0.1804928576357148,0.01600388967598041,0.20910217541926673,0.009379794110150766,0.059131948380371675,0.0010886338518094763,0.4375150553278434,0.07114964437919857,0.39235461387916165,0.07073522358105695,0.29604136378751417,0.0006117488527357369,1.4860374090796145,0.17138027841402328
15,empty,proximity_bc,0.027880952380952385,0.006123826803895735,0.1698788517060828,0.0004403718847504437,0.18048698791555934,0.01624826897016886,0.20932712821608992,0.009111661123213146,0.059131948380371675,0.0010886338518094763,0.42761754219963033,0.07422868178188798,0.3826131978817515,0.0731086541996866,0.2966674279518276,0.0006386915660883958,1.4862496297944128,0.16935928502771555
15,empty,shaker_entropy,0.19003639455782312,0.01445634956470072,0.1895963304410547,0.0026316966260578134,0.1570244930113311,0.014150386538834638,0.2085677019688227,0.00799010398320281,0.059131948380371675,0.0010886338518094763,0.23191216950129667,0.026391599138074952,0.21397989729980896,0.025173788398984084,0.2950007042121604,0.0010636288542015878,328906.5852667061,105864.7910271518
15,empty,smac3_variance,0.10244897959183673,0.011673008675345872,0.1763508389134559,0.0012166372480105756,0.1983845052416481,0.013132685182147214,0.20367856457198683,0.008153931252745541,0.059131948380371675,0.0010886338518094763,0.40803391332229955,0.03246455836831334,0.38432329413427607,0.03196197437287658,0.28943797003860977,0.0018174978465224187,1.514247370269414,0.18203822459932165
15,empty,standard_disagreement,0.10244897959183673,0.011673008675345872,0.1763508389134559,0.0012166372480105756,0.1983845052416481,0.013132685182147214,0.20367856457198683,0.008153931252745541,0.059131948380371675,0.0010886338518094763,0.40803391332229955,0.03246455836831334,0.38432329413427607,0.03196197437287658,0.28943797003860977,0.001817497846522415,1.514247370269414,0.18203822459932165
15,empty,standard_proximity,0.03218367346938776,0.006211988685652069,0.17023363154283708,0.0004492260602884132,0.17513231341802774,0.017682574458201827,0.20508984602208183,0.009726740511352711,0.059131948380371675,0.0010886338518094763,0.6869415976437606,0.03350301239250976,0.6617102371210153,0.03360127403996017,0.29571978305630175,0.004032170938808852,1.547819131019462,0.18622900984352564
15,sparse,chen_variance,0.22150408163265303,0.036030322722973476,0.196743323150854,0.007370097031499688,0.23210252638824067,0.005427596707800961,0.18106657220436387,0.006711770974830742,0.0589394928818761,0.0011877396844406664,0.24024559379146274,0.04261721569301862,0.21679024479188877,0.039299079256326634,0.2780683102813374,0.004154333753685583,1.378331965564546,0.17400355974202536
15,sparse,likelihood_credal,0.23573265306122448,0.029488509114143757,0.19822396292845407,0.005899224242792725,0.2461950113378685,0.003966005856259014,0.17705185072326843,0.010269710785632467,0.0589394928818761,0.0011877396844406664,0.19659803802796563,0.03562804099022365,0.17328356149333074,0.032520758204110184,0.2828196045946051,0.003973302200488229,1.3408919916773907,0.17642878254175717
15,sparse,proximity_auto_lambda,0.21852585034013608,0.029675935188522764,0.19473890566984225,0.005529854655557075,0.2462295370866799,0.005308660870714884,0.1740628777273817,0.00827713449073482,0.0589394928818761,0.0011877396844406664,0.21104882113980014,0.02965234179490999,0.18696342086800424,0.027399642803828297,0.2899966673118164,0.002099430444154731,1.2951935063730386,0.14516868782952783
15,sparse,proximity_b,0.20875170068027213,0.029256144196593743,0.1930573463608046,0.005310402645369579,0.24588822588822593,0.0042905501975676235,0.17324919386816265,0.008391494708026656,0.0589394928818761,0.0011877396844406664,0.2147313836563352,0.025542593591823582,0.18971164835368487,0.02386091910063595,0.2893926645847606,0.002237143541724864,1.3502742389075135,0.1729027771807378
15,sparse,proximity_bc,0.20674285714285712,0.028842787022819245,0.192639249439272,0.005202791854947947,0.2441789905737952,0.004655856098968639,0.17377860323488897,0.00837761040497756,0.0589394928818761,0.0011877396844406664,0.20839503714374277,0.027550224312430528,0.18396267506403266,0.0257485370521255,0.29024824786056164,0.0020745168001023565,1.3463544132739624,0.1730374245735645
15,sparse,shaker_entropy,0.264587074829932,0.033238617664683764,0.2068553111731984,0.009071854351617855,0.18223750998449992,0.011609446425335708,0.19513880512117904,0.009744298698368521,0.0589394928818761,0.0011877396844406664,0.16525796396252715,0.02702516395768721,0.14831415804153755,0.02471164585506705,0.2903497475834988,0.0032862514968266757,245756.1073299821,93476.29823413226
15,sparse,smac3_variance,0.2199027210884354,0.035989392353993094,0.19646444335668936,0.007334581929843542,0.23600964458107315,0.005417015453028026,0.18085016800172396,0.006975877941405662,0.0589394928818761,0.0011877396844406664,0.24701408206168246,0.042723100926202066,0.22263400414983808,0.039175381360267325,0.27844903347487643,0.00422002555653616,1.3853614549187658,0.17217813956885053
15,sparse,standard_disagreement,0.2199027210884354,0.035989392353993094,0.19646444335668936,0.007334581929843542,0.23600964458107315,0.005417015453028026,0.18085016800172396,0.006975877941405662,0.0589394928818761,0.0011877396844406664,0.24701408206168246,0.042723100926202066,0.22263400414983808,0.039175381360267325,0.27844903347487643,0.00422002555653616,1.3853614549187658,0.1721781395688505
15,sparse,standard_proximity,0.20470204081632654,0.023735499278246253,0.192282197417305,0.00414812199462634,0.2269913974751412,0.0057111104565970095,0.17245833535373484,0.007539123479471242,0.0589394928818761,0.0011877396844406664,0.27960702919738323,0.028709005184797815,0.25125308694962617,0.028260671833790198,0.27082840760767407,0.002930277089804158,1.4322127380676293,0.188094100502364
