dim,func_name,gap_type,approach,auroc,aupr,spearman,aurc,oracle_aurc,jsd,mi,brier,nlpd
1,damped_osc,empty,chen_variance,0.17890952572410226,0.2958042967613753,-0.3307478291363402,0.3142149278097386,0.0653736699889044,0.5570635251066175,0.5075571429006195,0.271025774772803,2.0495239617517624
1,damped_osc,empty,likelihood_credal,0.44413956232736157,0.3998346001470586,-0.017690785990788764,0.2194900762251276,0.0653736699889044,0.6854275109046853,0.6377423233093925,0.2466469270997273,0.6152332382170187
1,damped_osc,empty,proximity_auto_lambda,0.42332635382454453,0.37391628055631493,-0.045450831566473525,0.22377447078250393,0.0653736699889044,0.7811151757970066,0.7391356077939122,0.31959317617602434,0.6943395936258846
1,damped_osc,empty,proximity_b,0.36839796776197964,0.34404947417999304,-0.11011501967070068,0.24540770934058317,0.0653736699889044,0.7704024676374549,0.7253527802678477,0.3364486078989138,0.7928496069091463
1,damped_osc,empty,proximity_bc,0.38609650519808053,0.35318152270135983,-0.08902140748850954,0.23636333263416454,0.0653736699889044,0.7756362710157697,0.7328395981068133,0.3281873094107148,0.7722609007749212
1,damped_osc,empty,shaker_entropy,0.24124994125725147,0.2898375886634528,-0.24996328300147957,0.2795663378933481,0.0653736699889044,0.7289599385552539,0.6866422256160567,0.27003050923214783,1.3634865388039952
1,damped_osc,empty,smac3_variance,0.18865821119192952,0.2981686719041754,-0.3170736837605984,0.30810810569768016,0.0653736699889044,0.5230720072793397,0.47626732921557174,0.2695456904172905,1.9753234762067744
1,damped_osc,empty,standard_disagreement,0.18865821119192952,0.2981686719041754,-0.3170736837605984,0.30810810569768016,0.0653736699889044,0.5230720072793397,0.47626732921557174,0.2695456904172868,1.9753234762062957
1,damped_osc,empty,standard_proximity,0.2955099653809402,0.30765239346621703,-0.208258773912368,0.28056019261196047,0.0653736699889044,0.748366218637921,0.7072081953126134,0.3561394036239212,0.8451838093220613
1,damped_osc,sparse,chen_variance,0.9312031037057537,0.9069376430343958,0.38374405059794786,0.09632443810077433,0.05319853336183045,0.8156051524740465,0.8006895611309259,0.16864578079488934,-0.18285325606146924
1,damped_osc,sparse,likelihood_credal,0.9677123746168668,0.9676758711525968,0.40929834929893627,0.0943344552670088,0.05319853336183045,0.9065969991331498,0.9052159728003678,0.08002068050586529,0.2167340940896221
1,damped_osc,sparse,proximity_auto_lambda,0.963874515045976,0.9569130592259201,0.41436836944625866,0.09517497347715495,0.05319853336183045,0.9182904579484007,0.9143559969364248,0.09525010711774307,0.07207338056600411
1,damped_osc,sparse,proximity_b,0.9522251753144696,0.9508798688790681,0.4125646971542434,0.09419704061047965,0.05319853336183045,0.8976781683105756,0.8911378908521522,0.12052362089707026,0.015106701164319586
1,damped_osc,sparse,proximity_bc,0.9621409512670158,0.9565049848070668,0.41337638702531126,0.09498026140649267,0.05319853336183045,0.921620160678161,0.9176973217757626,0.09946720388338835,0.022668672487736706
1,damped_osc,sparse,shaker_entropy,0.9527473330792166,0.9504878480452074,0.39895074708557027,0.09499375405327395,0.05319853336183045,0.8634179679115919,0.858859579902998,0.11656934854180499,-0.09201992530864397
1,damped_osc,sparse,smac3_variance,0.9348686512142779,0.9112223053904212,0.38873432810320263,0.09595597444606443,0.05319853336183045,0.8286871918673759,0.8169657503221487,0.16695818991244038,-0.18385787961675465
1,damped_osc,sparse,standard_disagreement,0.9348686512142779,0.9112223053904212,0.38873432810320263,0.09595597444606443,0.05319853336183045,0.8286871918673759,0.8169657503221487,0.16695818991244046,-0.18385787961675398
1,damped_osc,sparse,standard_proximity,0.9772861372335038,0.9725979383423644,0.4118201029836485,0.09550528517240407,0.05319853336183045,0.9326883741295002,0.926751535050169,0.13088802617235237,0.007746337304558569
1,poly,empty,chen_variance,0.37870275124926245,0.4174719984390244,-0.08028588525638791,0.1330274076744904,0.05042185582753183,0.6875526315486304,0.641012788034393,0.24124299437916932,-0.2298620430815658
1,poly,empty,likelihood_credal,0.5997060251784474,0.522856803915584,0.07835208666945725,0.11607365407981932,0.05042185582753183,0.8185723490609054,0.7814577413155336,0.30480632310615113,0.047353341233443424
1,poly,empty,proximity_auto_lambda,0.41038206283646544,0.39562290965309826,-0.07011508497509118,0.12900377187275278,0.05042185582753183,0.7830804319700162,0.7399081315885324,0.3355011926125397,-0.06252594648013379
1,poly,empty,proximity_b,0.4049202926172114,0.39172624729638655,-0.08354796467115588,0.13024154824460193,0.05042185582753183,0.826032774670268,0.7861089098500645,0.3524654141969618,-0.08083360772139025
1,poly,empty,proximity_bc,0.45095372115731047,0.4178339227476234,-0.036225370066449984,0.12447052759148947,0.05042185582753183,0.8176330573584567,0.7771162621760689,0.33379679475617535,-0.07901932304214292
1,poly,empty,shaker_entropy,0.3707241806039277,0.38128389161609755,-0.10602732510994155,0.13467032041430174,0.05042185582753183,0.8322346439143333,0.7971431986419347,0.312060195650857,-0.21284964815667745
1,poly,empty,smac3_variance,0.35881376199004766,0.4046539803058154,-0.09217330243401174,0.13477034924902587,0.05042185582753183,0.6574683223781292,0.6106738716203355,0.24014070259550074,-0.23228905181319773
1,poly,empty,standard_disagreement,0.35881376199004766,0.4046539803058154,-0.09217330243401174,0.13477034924902587,0.05042185582753183,0.6574683223781292,0.6106738716203355,0.24014070259549936,-0.2322890518131995
1,poly,empty,standard_proximity,0.4404322421976576,0.41292582771408004,-0.045036097530824146,0.12738638444174033,0.05042185582753183,0.8057719563885933,0.7683871682127776,0.3937051777161465,-0.08827411231777048
1,poly,sparse,chen_variance,0.9302449442074429,0.9361021214483084,0.12984419695827032,0.08613695121264191,0.041881283096937456,0.8931527345544923,0.8885612722753395,0.11923480374202503,-0.38317788016715054
1,poly,sparse,likelihood_credal,0.9381974069645402,0.9291918548393607,0.15346818560773642,0.08444038819192065,0.041881283096937456,0.8484493791400618,0.842899884448862,0.15518011076057303,0.05552962093140823
1,poly,sparse,proximity_auto_lambda,0.7797303577302847,0.6662256247358815,0.06275598542011684,0.08765229724091562,0.041881283096937456,0.7890675869438386,0.762249885705708,0.2862527043709848,-0.08100665407164667
1,poly,sparse,proximity_b,0.7421846036561487,0.6033337856248028,0.053637667808912486,0.08818034309867515,0.041881283096937456,0.8014603508442809,0.7740671310772523,0.31796376375538477,-0.1454801096470508
1,poly,sparse,proximity_bc,0.8174849749103194,0.7179631751846233,0.07375436403497677,0.08731729267295743,0.041881283096937456,0.8034513791588667,0.7775433030954291,0.2803590572731089,-0.13149974551742566
1,poly,sparse,shaker_entropy,0.9329601645841274,0.9350856172899477,0.13591696739453707,0.0854455257576071,0.041881283096937456,0.8854088544335722,0.8782088744265666,0.11497313275170451,-0.29039898683648524
1,poly,sparse,smac3_variance,0.9320881611169999,0.9374531732775664,0.13018084816732806,0.08572114218805625,0.041881283096937456,0.8757150065817714,0.870332925392696,0.11752247252406982,-0.38361509314791975
1,poly,sparse,standard_disagreement,0.9320881611169999,0.9374531732775664,0.13018084816732806,0.08572114218805625,0.041881283096937456,0.8757150065817714,0.870332925392696,0.11752247252406901,-0.3836150931479253
1,poly,sparse,standard_proximity,0.8081957882754696,0.7230390807301268,0.08859053216843467,0.08753833359184024,0.041881283096937456,0.7716118152011934,0.7463668209606737,0.34372021256989516,-0.1528835620914419
1,sin,empty,chen_variance,0.996647747150324,0.9849677787350988,0.5775672967032551,0.10936493555676119,0.06994636825714697,0.977168374848188,0.9693632275893795,0.06883865423301602,0.07232375897698476
1,sin,empty,likelihood_credal,0.995838402614966,0.984324769753219,0.5895750464168035,0.11053921417510168,0.06994636825714697,0.9747765440236204,0.9661295323430438,0.11505842372164247,0.35284087738980896
1,sin,empty,proximity_auto_lambda,0.6963182656007686,0.6456074917656903,0.2436665203797721,0.19771539813762837,0.06994636825714697,0.8692132347553451,0.8386034847329843,0.30401758294675735,1.747027904379498
1,sin,empty,proximity_b,0.6756773691603181,0.6004208405039725,0.22624482469511972,0.19745630198287614,0.06994636825714697,0.9027241681398424,0.8786221407653584,0.3132501841468876,0.5856297131407454
1,sin,empty,proximity_bc,0.7034509406672133,0.6474515088384731,0.2529820813201366,0.18852272703222597,0.06994636825714697,0.8646097867446476,0.8344358500372709,0.30172151003071085,0.5594547154573766
1,sin,empty,shaker_entropy,0.9971855696480134,0.9873570833653419,0.5845393545092368,0.10954886464537487,0.06994636825714697,0.9771683740970089,0.9693632275893795,0.05374948636043945,0.12551673475022737
1,sin,empty,smac3_variance,0.996647747150324,0.9849677787350988,0.5777896961701321,0.10949125168044509,0.06994636825714697,0.977168375751403,0.9693632275893798,0.06609443213093527,0.06956342423654108
1,sin,empty,standard_disagreement,0.996647747150324,0.9849677787350988,0.5777896961701321,0.10949125168044509,0.06994636825714697,0.977168375751403,0.9693632275893798,0.06609443213093283,0.06956342423653882
1,sin,empty,standard_proximity,0.6554829176087262,0.5766387654384134,0.19783333156628388,0.18260002841869988,0.06994636825714697,0.8509352949222322,0.817830405368827,0.37670348291396366,0.5774939865352319
1,sin,sparse,chen_variance,0.9958175163043761,0.981503408577743,0.3322911956998058,0.08849667160777938,0.04768963869400552,0.9775511765505,0.972861665185126,0.11720366120047457,-0.24134489206614726
1,sin,sparse,likelihood_credal,0.9984387482834063,0.9951496581931053,0.3455845838833441,0.0880644274756672,0.04768963869400552,0.9833111243335286,0.980653700508549,0.06311939623882193,0.17450956967656858
1,sin,sparse,proximity_auto_lambda,0.9666967777644337,0.9172564027839646,0.33022257022979673,0.08825209829122072,0.04768963869400552,0.9402563871389595,0.9308571559300682,0.172669145685946,-0.00484439415662962
1,sin,sparse,proximity_b,0.9688689540657814,0.9282587699794501,0.3250684073491881,0.08816967382296105,0.04768963869400552,0.9541499980089604,0.9458157497809706,0.19751529347629646,-0.06541633696091521
1,sin,sparse,proximity_bc,0.9700438090364623,0.9250423252748713,0.3319486680151408,0.08782334158982534,0.04768963869400552,0.9254210258816403,0.9158696726919491,0.17637381723134207,-0.06132831604999617
1,sin,sparse,shaker_entropy,0.9968618318338702,0.9867314619250315,0.32938728292994274,0.08859699122088457,0.04768963869400552,0.9861132943975528,0.9830540046123571,0.09578185237566696,-0.13934159003622643
1,sin,sparse,smac3_variance,0.9955773237325926,0.9809870917742558,0.32861404521828314,0.08870813983611707,0.04768963869400552,0.9778220943774129,0.973217852439374,0.11904983530827708,-0.24159837408118787
1,sin,sparse,standard_disagreement,0.9955773237325926,0.9809870917742558,0.32861404521828314,0.08870813983611707,0.04768963869400552,0.9778220943774129,0.973217852439374,0.11904983530827899,-0.24159837408118898
1,sin,sparse,standard_proximity,0.9973892111762648,0.9923161226487591,0.3350569722555132,0.0880220365132133,0.04768963869400552,0.974971499050599,0.968518418320014,0.1985455789078589,-0.07112116201171138
1,sin_cos_sin,empty,chen_variance,0.7287931468883849,0.48457295339055645,0.7056614943498756,0.3263787710372968,0.24107750920455315,0.18436947323242814,0.17245540666318265,0.21767227449672727,1.1231925351128966
1,sin_cos_sin,empty,likelihood_credal,0.6649357520786092,0.4007747271772475,0.7246229757250141,0.31878560909359205,0.24107750920455315,0.14933418994395595,0.13657954349732498,0.2631441408369218,1.2186903811792054
1,sin_cos_sin,empty,proximity_auto_lambda,0.7559704375577391,0.4825911115833873,0.6250610636425903,0.34788817224156815,0.24107750920455315,0.2530376861394445,0.23727104843772848,0.2501630089279763,1.1992566098232345
1,sin_cos_sin,empty,proximity_b,0.7634147980179726,0.49021132745467016,0.6311081645469188,0.345165513180809,0.24107750920455315,0.2663371229189625,0.24992159180176388,0.25932339057242293,1.1844305980290941
1,sin_cos_sin,empty,proximity_bc,0.7529142521206013,0.47720224024653896,0.6214738419136203,0.34859060114405793,0.24107750920455315,0.24881052225619715,0.23346881664738492,0.2540293752839468,1.1863800936656053
1,sin_cos_sin,empty,shaker_entropy,0.7599798437893677,0.5679867750442965,0.6246611286233804,0.3475748558452712,0.24107750920455315,0.21964754393184496,0.20935882055641644,0.24444057547073858,1.2047463302945915
1,sin_cos_sin,empty,smac3_variance,0.7321978668010415,0.48807135308526767,0.7207356975572986,0.3212048606771189,0.24107750920455315,0.19295453574472615,0.1785108881253378,0.22296295566405644,1.122617118942778
1,sin_cos_sin,empty,standard_disagreement,0.7321978668010415,0.48807135308526767,0.7207356975572986,0.3212048606771189,0.24107750920455315,0.19295453574472615,0.1785108881253378,0.22296295566405644,1.122617118942778
1,sin_cos_sin,empty,standard_proximity,0.7483530696229109,0.4713445041388747,0.582955852683598,0.3594071881694903,0.24107750920455315,0.2489166353658958,0.230777274846829,0.3282935457123024,1.2111669134330076
1,sin_cos_sin,sparse,chen_variance,0.6151465524481398,0.37747815708660504,0.7171720741101445,0.2922715757515815,0.21808222154221218,0.09074419910218197,0.08277064402124086,0.23707159889028254,1.0258004872252684
1,sin_cos_sin,sparse,likelihood_credal,0.5879751406735533,0.33398323155056514,0.7249939273881526,0.2880300218072707,0.21808222154221218,0.10517036665386217,0.09420916621083102,0.27380750665517795,1.153640873032673
1,sin_cos_sin,sparse,proximity_auto_lambda,0.5960821365583271,0.3546954145100966,0.616780418129852,0.3144766784664674,0.21808222154221218,0.1120865750162452,0.10203452126826806,0.2693302288993626,1.112000717865015
1,sin_cos_sin,sparse,proximity_b,0.6042428823381204,0.36130970552839575,0.6261373209220306,0.3113933589349723,0.21808222154221218,0.1201820175393858,0.1102428505484785,0.27414553013658877,1.0868500912195638
1,sin_cos_sin,sparse,proximity_bc,0.5967237759301252,0.35452071276116887,0.6152332325696122,0.3145899087304726,0.21808222154221218,0.11818372084170443,0.1076845191106932,0.27226124793357226,1.0884192978749812
1,sin_cos_sin,sparse,shaker_entropy,0.6199672461577224,0.389873892512605,0.6286193557323029,0.3128200021157606,0.21808222154221218,0.10116943101363597,0.09230540210361338,0.27758151185963087,1.1273995098356904
1,sin_cos_sin,sparse,smac3_variance,0.6115587469555723,0.3728997392152854,0.7299643744416145,0.2887038450951235,0.21808222154221218,0.09278991368422693,0.0844611409571536,0.24424833439280777,1.0244048633376253
1,sin_cos_sin,sparse,standard_disagreement,0.6115587469555723,0.3728997392152854,0.7299643744416145,0.2887038450951235,0.21808222154221218,0.09278991368422693,0.0844611409571536,0.24424833439280774,1.0244048633376253
1,sin_cos_sin,sparse,standard_proximity,0.6397614848408499,0.397348527125906,0.5723876152474523,0.32660728718896725,0.21808222154221218,0.13415146583916943,0.12320146656608337,0.34419365962556353,1.1144771999524987
2,gaussian,empty,chen_variance,0.29933726379440667,0.2280123989134291,-0.04510637204305972,0.10637493419574533,0.04812736331903041,0.3815915634642447,0.34836051804658075,0.28336087018341155,-0.23362964897715446
2,gaussian,empty,likelihood_credal,0.30803023431594856,0.23627480279285049,-0.04899685468463608,0.10519613302672219,0.04812736331903041,0.4976233003529148,0.4560008322420411,0.29592986797645826,0.12531482871931582
2,gaussian,empty,proximity_auto_lambda,0.5411313681027966,0.36833833203518945,0.03076964859507671,0.10164936200814259,0.04812736331903041,0.47376041190128765,0.4437785033441823,0.29616334830492297,-0.056564044299636636
2,gaussian,empty,proximity_b,0.52674708994709,0.35754107547527575,0.02391920384075839,0.10197220473414022,0.04812736331903041,0.5573688033057378,0.5222003160367213,0.3167446127889599,-0.11329838893895447
2,gaussian,empty,proximity_bc,0.5453544973544974,0.37005467781639767,0.03351710897916626,0.10144237295488504,0.04812736331903041,0.4882733313963052,0.45785515586465986,0.3001535871704349,-0.1107693469818057
2,gaussian,empty,shaker_entropy,0.3078415721844293,0.2299166775297248,-0.042771346083784786,0.10570448732398784,0.04812736331903041,0.4146694652212828,0.3790513619912027,0.28305904069782795,-0.15228202999374238
2,gaussian,empty,smac3_variance,0.3089203325774754,0.2305924586852773,-0.04011701993358411,0.10581803587713708,0.04812736331903041,0.3796103417246791,0.3467169730816063,0.2834868998178429,-0.2327280454398016
2,gaussian,empty,standard_disagreement,0.3089203325774754,0.2305924586852773,-0.04011701993358411,0.10581803587713708,0.04812736331903041,0.3796103417246791,0.3467169730816063,0.2834868998178451,-0.23272804543980327
2,gaussian,empty,standard_proximity,0.4216235827664399,0.2977545752228589,-0.04698779029727297,0.10703385663872401,0.04812736331903041,0.4634080081682043,0.43446172887070034,0.35989909208070553,-0.1206512085412488
2,gaussian,sparse,chen_variance,0.2847056689342403,0.21009990981260557,0.06520019268616731,0.08438528325784815,0.040166931167012566,0.28417381995232416,0.2591166530072008,0.2882443844473156,-0.2801698723310905
2,gaussian,sparse,likelihood_credal,0.20209705215419502,0.19429187631619538,0.07312935172707745,0.08409951341898077,0.040166931167012566,0.4139469475788061,0.38062237233131446,0.3128747147485023,0.09403324612483076
2,gaussian,sparse,proximity_auto_lambda,0.492778231292517,0.2987039376943557,0.005755395152718558,0.08729896611443504,0.040166931167012566,0.35374614393022563,0.32326700524476176,0.3011257518714315,-0.08319224648679777
2,gaussian,sparse,proximity_b,0.45385820105820107,0.2863601118638686,0.014574440896794364,0.08654227847468712,0.040166931167012566,0.5215049042556054,0.4947622400679143,0.32598306782670494,-0.14436618953921923
2,gaussian,sparse,proximity_bc,0.48905215419501136,0.29669571313598014,0.008783343508931108,0.08704436296127668,0.040166931167012566,0.3790627289958591,0.3512308030934844,0.3078551537138371,-0.14106916622497678
2,gaussian,sparse,shaker_entropy,0.2711981859410431,0.20649707218940852,0.06787469044961067,0.08404237733949806,0.040166931167012566,0.3180420512185534,0.2978583112649444,0.2896473378746462,-0.19285428321961007
2,gaussian,sparse,smac3_variance,0.2824828420256992,0.20950621549912857,0.06588998277309295,0.08413881968937661,0.040166931167012566,0.2825491211159207,0.25936972508941986,0.2884301731542363,-0.2806434072459659
2,gaussian,sparse,standard_disagreement,0.2824828420256992,0.20950621549912857,0.06588998277309295,0.08413881968937661,0.040166931167012566,0.2825491211159207,0.25936972508941986,0.2884301731542385,-0.28064340724596926
2,gaussian,sparse,standard_proximity,0.4052190476190476,0.2633338421245922,0.039410641564903585,0.08606047234484782,0.040166931167012566,0.3229190551458232,0.2969776092970212,0.3665137306781943,-0.14957955148569438
2,quadratic,empty,chen_variance,0.8281221466364324,0.7956478231786223,0.19572694407227761,0.08806098074690079,0.04427657738533192,0.4189623121327304,0.44442895576549957,0.1375909418565225,-0.23087835387586855
2,quadratic,empty,likelihood_credal,0.7622645502645503,0.6784426706869302,0.1509480054100792,0.09053014187919907,0.04427657738533192,0.29264557505759553,0.30103996796831556,0.18578428294689942,0.09886599371290451
2,quadratic,empty,proximity_auto_lambda,0.5508154195011338,0.33002538222206185,0.021155307434537838,0.09750841626057186,0.04427657738533192,0.20452224652318993,0.18657236783489592,0.29858890206427263,-0.08038816371841416
2,quadratic,empty,proximity_b,0.5458521541950113,0.3250739260637844,0.0180106246476327,0.09780512049986387,0.04427657738533192,0.24033136853661388,0.22337536021737966,0.3118425278957799,-0.13588809321208226
2,quadratic,empty,proximity_bc,0.5588734693877552,0.33890769476082994,0.020903269475981923,0.09764571439491587,0.04427657738533192,0.2117713252296268,0.19525984027001023,0.3061539855911612,-0.1353413727125045
2,quadratic,empty,shaker_entropy,0.7984126984126984,0.7385509266632492,0.16800631454743828,0.08928763539263675,0.04427657738533192,0.37785061867739284,0.3911966610634248,0.149607065935333,-0.1707529999642952
2,quadratic,empty,smac3_variance,0.8298043839758125,0.7985360316681452,0.1967802453753958,0.08799974090220661,0.04427657738533192,0.42558930578050713,0.4522146384905379,0.13487144674580484,-0.23163324422877718
2,quadratic,empty,standard_disagreement,0.8298043839758125,0.7985360316681452,0.1967802453753958,0.08799974090220661,0.04427657738533192,0.42558930578050713,0.4522146384905379,0.1348714467458053,-0.23163324422877665
2,quadratic,empty,standard_proximity,0.5577747543461828,0.3300882986501977,0.026318179636246185,0.09694833989023031,0.04427657738533192,0.18751227938824713,0.16840358906840236,0.4070508850033085,-0.14303961872972454
2,quadratic,sparse,chen_variance,0.9027156462585033,0.8556064345947448,0.08396085563098513,0.08109684617731103,0.03886525895730457,0.5012168799958162,0.5100710795876767,0.12726410537415836,-0.25542408432938896
2,quadratic,sparse,likelihood_credal,0.8782585034013605,0.8024035694950484,0.08290882721154991,0.08094733116671093,0.03886525895730457,0.4678319350462448,0.4644056943575364,0.19487830029036882,0.0972710663106153
2,quadratic,sparse,proximity_auto_lambda,0.6606572940287225,0.45375355092177944,0.03810552614537505,0.08305253643208789,0.03886525895730457,0.264039971971172,0.24765012745337553,0.28151145220992363,-0.09295506771957392
2,quadratic,sparse,proximity_b,0.6357732426303855,0.429659653582783,0.04062490153948022,0.08277330036253058,0.03886525895730457,0.3505561706502327,0.329819269275884,0.30279375771180106,-0.15614682057719773
2,quadratic,sparse,proximity_bc,0.6803325774754346,0.4711808209721992,0.040861821637932394,0.08270175921742551,0.03886525895730457,0.2887221769546969,0.27090504691790407,0.28569350066109545,-0.15244113394557315
2,quadratic,sparse,shaker_entropy,0.9114291761148904,0.8644915172341872,0.08055114279166954,0.0811385366442298,0.03886525895730457,0.5372618575624883,0.5455605415247987,0.13021183421729424,-0.17086305227722962
2,quadratic,sparse,smac3_variance,0.9056326530612245,0.8625306035413269,0.08503590776649557,0.08084351868923786,0.03886525895730457,0.518614312076598,0.528291732895384,0.12506390294232345,-0.2550926144301589
2,quadratic,sparse,standard_disagreement,0.9056326530612245,0.8625306035413269,0.08503590776649557,0.08084351868923786,0.03886525895730457,0.518614312076598,0.528291732895384,0.12506390294232306,-0.25509261443015935
2,quadratic,sparse,standard_proximity,0.6883960695389267,0.4456260204802933,0.048744704202486944,0.08245853891950615,0.03886525895730457,0.2811067317571596,0.2608767841875395,0.3793754417592209,-0.1636275806318202
2,sin_cos,empty,chen_variance,0.9764577475434618,0.955744548933886,0.49514448557100443,0.13464593392932075,0.08190634538919096,0.7781117459414009,0.7756641079444012,0.11165522083108471,0.27111894470170556
2,sin_cos,empty,likelihood_credal,0.8785203325774754,0.7677314927942042,0.44181010418411387,0.14158996158998155,0.08190634538919096,0.5157388386293642,0.5018115649018707,0.18301907242846682,0.5131543049586972
2,sin_cos,empty,proximity_auto_lambda,0.748367649281935,0.5361877664967073,0.3610065178791687,0.15552678732593037,0.08190634538919096,0.3712651296210104,0.3471498511894597,0.22785702485882947,0.3869251344793546
2,sin_cos,empty,proximity_b,0.7589230536659108,0.5342351171845744,0.373289043461853,0.15296177526858723,0.08190634538919096,0.4660385430434894,0.4354142365621187,0.2490817625795557,0.3786162092129845
2,sin_cos,empty,proximity_bc,0.7524891912320484,0.5281555335249246,0.3633274894466894,0.15539196085904722,0.08190634538919096,0.36900542971922057,0.345752469904204,0.23411110630433313,0.380074757584468
2,sin_cos,empty,shaker_entropy,0.915114739229025,0.8395240239822872,0.4461676307481825,0.14189207655981162,0.08190634538919096,0.5823131731450387,0.5749733211274658,0.13713708871115485,0.34393188688257303
2,sin_cos,empty,smac3_variance,0.9755761148904006,0.9558978171181467,0.4916271102902162,0.13499596691838334,0.08190634538919096,0.7821900273656102,0.7811119691667623,0.11198070506033352,0.2702627717696577
2,sin_cos,empty,standard_disagreement,0.9755761148904006,0.9558978171181467,0.4916271102902162,0.13499596691838334,0.08190634538919096,0.7821900273656102,0.7811119691667623,0.11198070506033343,0.2702627717696568
2,sin_cos,empty,standard_proximity,0.9196450491307634,0.7920321835203099,0.4635710200872757,0.14110722269818482,0.08190634538919096,0.6549920564050341,0.6338866683140484,0.2575603612163397,0.36973751819803774
2,sin_cos,sparse,chen_variance,0.951525321239607,0.9176056156410898,0.12456361433631412,0.11810554096473089,0.05786051291346719,0.6471907970521914,0.6497987322114499,0.11008966493876708,0.12491952047240576
2,sin_cos,sparse,likelihood_credal,0.9439945578231292,0.9026105254549428,0.14426531309961413,0.11607451544574096,0.05786051291346719,0.6305313154107273,0.6296818474178691,0.1634679862815893,0.40808309482843835
2,sin_cos,sparse,proximity_auto_lambda,0.8386436885865457,0.6988894892440894,0.1239849892718107,0.11751518576822657,0.05786051291346719,0.4712820202085854,0.4576703632436737,0.23103964816127706,0.110359010569605
2,sin_cos,sparse,proximity_b,0.8310778533635678,0.6704655410976705,0.12800779846959554,0.11706656863726994,0.05786051291346719,0.5151808870339433,0.49657096298444603,0.2565392049048976,0.05938559083928215
2,sin_cos,sparse,proximity_bc,0.8520689342403628,0.7117922696749471,0.1254848318620243,0.11732383595409548,0.05786051291346719,0.49386793378764277,0.4791853294905528,0.23884311181663906,0.06544233344879623
2,sin_cos,sparse,shaker_entropy,0.9599582766439909,0.9282191092710692,0.1250848356647778,0.11817650462106204,0.05786051291346719,0.6815293369397202,0.6804784619767947,0.11234013655741319,0.19400581218251456
2,sin_cos,sparse,smac3_variance,0.953038246409675,0.9215182505802517,0.12513867319601243,0.11820130213438336,0.05786051291346719,0.6502667880093526,0.6534733012118777,0.10966730264733868,0.12400388534742135
2,sin_cos,sparse,standard_disagreement,0.953038246409675,0.9215182505802517,0.12513867319601243,0.11820130213438336,0.05786051291346719,0.6502667880093526,0.6534733012118777,0.1096673026473387,0.12400388534742153
2,sin_cos,sparse,standard_proximity,0.8568175359032502,0.6915383986545954,0.12387332605505506,0.1176973246895042,0.05786051291346719,0.5156607608494015,0.49949738404408944,0.31799248711826295,0.06231600900917633
3,gaussian_3d,empty,chen_variance,0.058070042831947596,0.17740597899074198,-0.09650584127713835,0.14880197557820823,0.06586162898301376,0.6072388613216696,0.5825697622291365,0.3418699610158498,0.07238762150710346
3,gaussian_3d,empty,likelihood_credal,0.07355925086083816,0.18022633203704658,-0.06476009067975892,0.14579368302882542,0.06586162898301376,0.6303885850352787,0.6005443703630918,0.35261141104113597,0.2944559476670928
3,gaussian_3d,empty,proximity_auto_lambda,0.13507600571092634,0.18955239107768146,-0.04398036884377927,0.14251608312941483,0.06586162898301376,0.5434113219842213,0.5134678924933771,0.3423215870018869,0.09663202943175839
3,gaussian_3d,empty,proximity_b,0.1510758377425044,0.193013133862132,-0.02428712140181196,0.14059796398108867,0.06586162898301376,0.5356045701351604,0.5009492058287831,0.34237535315071327,0.047641907025171425
3,gaussian_3d,empty,proximity_bc,0.1376005710926346,0.1899783558812145,-0.03559355110886148,0.141844145565522,0.06586162898301376,0.5267819222906831,0.494893757677958,0.34001100785722965,0.04586714072362976
3,gaussian_3d,empty,shaker_entropy,0.05599983203157806,0.17739723451790018,-0.09291328022778227,0.14849580983525199,0.06586162898301376,0.6315437922119945,0.6092172817922225,0.3550205266783231,0.13449511852968274
3,gaussian_3d,empty,smac3_variance,0.05542957923910304,0.17700770078943434,-0.09692297781127605,0.14885341372086078,0.06586162898301376,0.6152995348084455,0.5937986461241971,0.35065520761713753,0.07159534616934485
3,gaussian_3d,empty,standard_disagreement,0.05542957923910304,0.17700770078943434,-0.09692297781127605,0.14885341372086078,0.06586162898301376,0.6152995348084455,0.5937986461241971,0.3506552076171409,0.0715953461693426
3,gaussian_3d,empty,standard_proximity,0.12063072142437223,0.18873103479860862,-0.03987507396259039,0.14243286642625855,0.06586162898301376,0.566497264298208,0.5308133814159705,0.3777110031018302,0.058551274764661584
3,gaussian_3d,sparse,chen_variance,0.06215167548500882,0.172470729609122,0.209183496359974,0.09559507107593439,0.04969568456538408,0.5810937737225882,0.5571664947462069,0.3345146684207942,0.0023177917201947025
3,gaussian_3d,sparse,likelihood_credal,0.04531620055429579,0.17192458476870037,0.22737531223197743,0.09478439621659028,0.04969568456538408,0.6784332066447777,0.648656393279084,0.36446374549016536,0.2517739868076022
3,gaussian_3d,sparse,proximity_auto_lambda,0.16207441001091794,0.18874520882041187,0.1950100754653709,0.09765396258206219,0.04969568456538408,0.510309496481,0.46789985252317684,0.3366887077715713,0.06295238202189955
3,gaussian_3d,sparse,proximity_b,0.1441790543377845,0.18652357567010225,0.2047669057293428,0.09686054641047512,0.04969568456538408,0.6519227291436829,0.6152374201500772,0.34811270400744015,0.005956705981968671
3,gaussian_3d,sparse,proximity_bc,0.14524397413286302,0.1862868799041742,0.20226021698461483,0.09693986669748109,0.04969568456538408,0.5545353489468791,0.5151240524658929,0.3458191999514965,0.004234670574271975
3,gaussian_3d,sparse,shaker_entropy,0.052549760644998736,0.17163610363393803,0.21493530665776056,0.09527573034302125,0.04969568456538408,0.6116355549422575,0.5879745056018982,0.35825582664543504,0.07421524145453622
3,gaussian_3d,sparse,smac3_variance,0.06063576047703032,0.17228314233815953,0.21057605534249016,0.0955606942162606,0.04969568456538408,0.5855053878237467,0.5618748082792752,0.3475043715368547,0.002309608916311631
3,gaussian_3d,sparse,standard_disagreement,0.06063576047703032,0.17228314233815953,0.21057605534249016,0.0955606942162606,0.04969568456538408,0.5855053878237467,0.5618748082792752,0.34750437153685343,0.002309608916314001
3,gaussian_3d,sparse,standard_proximity,0.09667926429831193,0.17923914979171476,0.2193156217253835,0.09560680096466405,0.04969568456538408,0.5786699673003692,0.5409458518137952,0.3813030647013563,0.012794476145821925
3,quadratic_3d,empty,chen_variance,0.7543890148652054,0.604829791682841,0.1471043101834895,0.09921126638088118,0.0497075570916378,0.22071223303959805,0.21909379780895702,0.17917343504797664,0.050944658305044556
3,quadratic_3d,empty,likelihood_credal,0.6594515831023768,0.45058360741386555,0.11839718939828091,0.1010728377493534,0.0497075570916378,0.14379828087122018,0.1351710120698178,0.2336229507706197,0.24094078574049732
3,quadratic_3d,empty,proximity_auto_lambda,0.4207592172671538,0.24527671359377926,0.011402703031605078,0.1090610898458757,0.0497075570916378,0.14198862004632348,0.1254731910054884,0.2747296100755399,-0.009369602867686996
3,quadratic_3d,empty,proximity_b,0.39283614680440077,0.23681781054546708,0.016172282111875127,0.10892014439237664,0.0497075570916378,0.1899487703853384,0.16985735766248805,0.28691138534432775,-0.06753112475009204
3,quadratic_3d,empty,proximity_bc,0.41604266397917194,0.2438349970066758,0.023448142965666725,0.10820715609587764,0.0497075570916378,0.15129918570120665,0.13344869225138642,0.2810627962731548,-0.06586982444503128
3,quadratic_3d,empty,shaker_entropy,0.7173074661963551,0.5496503419861827,0.12942435415512824,0.10023900767601909,0.0497075570916378,0.1790400599006681,0.1768220277539369,0.19723667660548125,0.10807054366956671
3,quadratic_3d,empty,smac3_variance,0.7561081716637272,0.610427437561152,0.14720289468189232,0.09906085825631769,0.0497075570916378,0.22871797550394216,0.22886709400830288,0.1801861645700881,0.05054574766277304
3,quadratic_3d,empty,standard_disagreement,0.7561081716637272,0.610427437561152,0.14720289468189232,0.09906085825631769,0.0497075570916378,0.22871797550394216,0.22886709400830288,0.1801861645700882,0.050545747662772485
3,quadratic_3d,empty,standard_proximity,0.3881489879902578,0.23500252926067441,0.042858970625445705,0.10638866712762564,0.0497075570916378,0.2115328450389329,0.18621680557610684,0.30731320282500857,-0.06736721414621703
3,quadratic_3d,sparse,chen_variance,0.7470681111950953,0.4776951578960616,0.07979727329465533,0.09175771084804928,0.04338805466651615,0.22096285773461619,0.20372612858854447,0.1948662773043743,0.028777126268438452
3,quadratic_3d,sparse,likelihood_credal,0.7006567565297724,0.4193437119402773,0.09043968736914008,0.0908780128266591,0.04338805466651615,0.20296999780419192,0.18515096546555831,0.23341119846346675,0.23459199143075743
3,quadratic_3d,sparse,proximity_auto_lambda,0.5482287729906777,0.3288930178041422,0.05316995754921212,0.09416683587990651,0.04338805466651615,0.1560941902379675,0.1419760907571948,0.2703647327343323,-0.01653696927783224
3,quadratic_3d,sparse,proximity_b,0.5291735953640716,0.3103770099840131,0.06571468446878255,0.09309053572151361,0.04338805466651615,0.2026602900172549,0.18454205405131227,0.2820882493561507,-0.07828116527572504
3,quadratic_3d,sparse,proximity_bc,0.5443272864701436,0.325647911413587,0.06501222506567353,0.09320498795693387,0.04338805466651615,0.16976818792691115,0.1533497892863183,0.2774584656520234,-0.07643251720047893
3,quadratic_3d,sparse,shaker_entropy,0.7482203745695808,0.4792696029101164,0.07646635087027939,0.0919809087227554,0.04338805466651615,0.23221300756217372,0.21322178043678872,0.20322482233916986,0.0954727542514076
3,quadratic_3d,sparse,smac3_variance,0.7527882758041489,0.48449622226307526,0.07968500036213141,0.09183119826258376,0.04338805466651615,0.23507701462678104,0.21512451416315606,0.1953901080391774,0.02933611485057693
3,quadratic_3d,sparse,standard_disagreement,0.7527882758041489,0.48449622226307526,0.07968500036213141,0.09183119826258376,0.04338805466651615,0.23507701462678104,0.21512451416315606,0.19539010803917764,0.029336114850577053
3,quadratic_3d,sparse,standard_proximity,0.4938259007306627,0.2767818201553462,0.06731773031458352,0.09273713089050303,0.04338805466651615,0.24533502948693836,0.21739184305513132,0.30046949315084415,-0.08086350487754258
4,quadratic_4d,empty,chen_variance,0.584995238095238,0.34601150766636474,0.08831062031062031,0.12301552881713393,0.05932850125272511,0.09372331381508577,0.08505992851255226,0.2323362200415095,0.21453370575267572
4,quadratic_4d,empty,likelihood_credal,0.5199775510204081,0.289553933121316,0.12009906181334754,0.11886242534845734,0.05932850125272511,0.11390622380096331,0.10044005942251315,0.270285284790556,0.37843340373315876
4,quadratic_4d,empty,proximity_auto_lambda,0.3963823129251701,0.23880574388780015,0.0625928185928186,0.12419869219185976,0.05932850125272511,0.1723531578079743,0.15072717022503035,0.2820661861049498,0.09666333917963352
4,quadratic_4d,empty,proximity_b,0.3965891156462585,0.23820213598276577,0.07636306379163522,0.12296721100049611,0.05932850125272511,0.1937992903832772,0.17115859649661894,0.28940512068648944,0.04282084281941808
4,quadratic_4d,empty,proximity_bc,0.3974421768707483,0.2385702606478219,0.07514089430719328,0.12307886333033276,0.05932850125272511,0.18218220274991806,0.16082988520123212,0.2877874380195688,0.042731173902816125
4,quadratic_4d,empty,shaker_entropy,0.5757564625850341,0.3324925517617317,0.0873157576014719,0.1224772035849304,0.05932850125272511,0.09731290860175247,0.08724257903178616,0.2402017518250645,0.27590975347828683
4,quadratic_4d,empty,smac3_variance,0.5888646258503402,0.3473423368514088,0.08972344515201659,0.12266563666474249,0.05932850125272511,0.09464133094126045,0.08546686929646787,0.23272523779628013,0.21458482572724571
4,quadratic_4d,empty,standard_disagreement,0.5888646258503402,0.3473423368514088,0.08972344515201659,0.12266563666474249,0.05932850125272511,0.09464133094126045,0.08546686929646787,0.2327252377962799,0.2145848257272452
4,quadratic_4d,empty,standard_proximity,0.32719659863945577,0.21859016411082038,0.049411735695627824,0.1253557466535851,0.05932850125272511,0.27533659656908543,0.24248329186320663,0.33016582623849594,0.04732592624946868
4,quadratic_4d,sparse,chen_variance,0.5293591836734695,0.2867464255408242,0.10522888865746009,0.10755938308380268,0.05160376674662781,0.12546043437351206,0.1098693052662638,0.24097927957975096,0.19022088683494412
4,quadratic_4d,sparse,likelihood_credal,0.47524761904761903,0.26071414699953144,0.16068130068130068,0.10277042795996279,0.05160376674662781,0.1875314289829273,0.1659511830252089,0.2739949450030209,0.36295974952438165
4,quadratic_4d,sparse,proximity_auto_lambda,0.3335119047619048,0.21872673058446432,0.1386334849967945,0.10453969962576924,0.05160376674662781,0.20332275839881153,0.17966069685515645,0.2850998627721924,0.06772951867086989
4,quadratic_4d,sparse,proximity_b,0.3305258503401361,0.21807627548727337,0.14929717922178723,0.1036835415558115,0.05160376674662781,0.23357237462973326,0.20728108873606838,0.29321983036938765,0.01025605757270128
4,quadratic_4d,sparse,proximity_bc,0.33018367346938776,0.21803535887054223,0.14965842394413825,0.10364706057561898,0.05160376674662781,0.21648257579898786,0.1905012437892918,0.2938047384906949,0.010100579858369365
4,quadratic_4d,sparse,shaker_entropy,0.529621768707483,0.2845742997260437,0.11165313622456481,0.10663261936651218,0.05160376674662781,0.14494772672219056,0.1269739340217831,0.24996259490247913,0.25618281229308476
4,quadratic_4d,sparse,smac3_variance,0.5285204081632653,0.28487962062510314,0.11173297401868831,0.10691655246834501,0.05160376674662781,0.14020367143647353,0.1232241750355536,0.2434147558893879,0.19041910444004978
4,quadratic_4d,sparse,standard_disagreement,0.5285204081632653,0.28487962062510314,0.11173297401868831,0.10691655246834501,0.05160376674662781,0.14020367143647353,0.1232241750355536,0.24341475588938807,0.1904191044400499
4,quadratic_4d,sparse,standard_proximity,0.301006462585034,0.2126071850490671,0.15784603013043577,0.10278624709932203,0.05160376674662781,0.29972495526581,0.26523249797202947,0.3290942249572499,0.01625177914132812
4,sin_cos_4d,empty,chen_variance,0.5183768707482993,0.30055652517374615,0.6148837143122857,0.3280985931411626,0.21363230583572254,0.08660083815039976,0.07762975324003085,0.26225310252484046,1.2630776813986322
4,sin_cos_4d,empty,likelihood_credal,0.49476598639455777,0.28154752459811466,0.6402601756887473,0.31639751860603116,0.21363230583572254,0.10686855887383848,0.0953424534726071,0.28199337840254474,1.2967004338729073
4,sin_cos_4d,empty,proximity_auto_lambda,0.5183367346938776,0.29716989868479826,0.5509585823871539,0.350639685191308,0.21363230583572254,0.09370731000780318,0.08405628764557316,0.29443362744769713,1.3415050826136572
4,sin_cos_4d,empty,proximity_b,0.5149612244897959,0.2927414699352165,0.5537060845632275,0.34838541793165545,0.21363230583572254,0.1016345137068113,0.09143441703973709,0.2992959620851127,1.3233922387450279
4,sin_cos_4d,empty,proximity_bc,0.5096938775510205,0.29149064385248014,0.5537066605638035,0.34917464519360136,0.21363230583572254,0.09484829516396899,0.08550452184495487,0.29710973355887027,1.3224715984166397
4,sin_cos_4d,empty,shaker_entropy,0.5531394557823129,0.33468521861707506,0.5156546790832505,0.3626396416494145,0.21363230583572254,0.09350920771573452,0.08477642202881687,0.2914293958894429,1.3198905190392822
4,sin_cos_4d,empty,smac3_variance,0.5213095238095239,0.3019252616053774,0.6264952430666717,0.3223420748745615,0.21363230583572254,0.08671865618555961,0.07828657920622883,0.27113224925699175,1.2619920792872048
4,sin_cos_4d,empty,standard_disagreement,0.5213095238095239,0.3019252616053774,0.6264952430666717,0.3223420748745615,0.21363230583572254,0.08671865618555961,0.07828657920622883,0.2711322492569917,1.2619920792872048
4,sin_cos_4d,empty,standard_proximity,0.5157425170068027,0.29729903001266617,0.5505113970885749,0.3487989651566061,0.21363230583572254,0.0982507590215096,0.08778925419951979,0.36109123950897526,1.3460840989980658
4,sin_cos_4d,sparse,chen_variance,0.4475707482993197,0.26348927016444773,0.6197502077502077,0.3152250497204161,0.20730172111455353,0.07708251281453503,0.06880947032130813,0.2721346674100131,1.2211729015905013
4,sin_cos_4d,sparse,likelihood_credal,0.4385755102040817,0.25243431892711665,0.6497936846508275,0.30380295993042833,0.20730172111455353,0.09091731442809535,0.0805085965844937,0.28966057720384886,1.269749738099135
4,sin_cos_4d,sparse,proximity_auto_lambda,0.41974387755102044,0.2461969932780665,0.5365416687931394,0.3415539610857345,0.20730172111455353,0.09166512905975219,0.08134014932846777,0.31646439212848243,1.3369611549692961
4,sin_cos_4d,sparse,proximity_b,0.42802176870748304,0.24921274563837034,0.5617771452057166,0.33260152706713336,0.20730172111455353,0.10514411125919308,0.09412824497741426,0.30984561435936636,1.2921510322339473
4,sin_cos_4d,sparse,proximity_bc,0.42381020408163267,0.24758019345410132,0.5621047746762032,0.33302885539050725,0.20730172111455353,0.09990970412907044,0.0893997730021577,0.3042779097633024,1.2908132906014707
4,sin_cos_4d,sparse,shaker_entropy,0.43892585034013604,0.26060652889538316,0.5310586144871859,0.3438110803582088,0.20730172111455353,0.08756738070189343,0.07832588120054636,0.31382786812103436,1.2854270699916892
4,sin_cos_4d,sparse,smac3_variance,0.44309319727891155,0.25996881465109356,0.6353442164870736,0.30916606575784183,0.20730172111455353,0.07806183442280777,0.06919086239103556,0.28360858089822716,1.221282498341612
4,sin_cos_4d,sparse,standard_disagreement,0.44309319727891155,0.25996881465109356,0.6353442164870736,0.30916606575784183,0.20730172111455353,0.07806183442280777,0.06919086239103556,0.2836085808982272,1.221282498341612
4,sin_cos_4d,sparse,standard_proximity,0.44967074829931974,0.26110773957909506,0.5586517268980576,0.3340919188839494,0.20730172111455353,0.08888630830604193,0.07968780107073904,0.3700514830218676,1.3183567424911424
4,sin_sum_4d,empty,chen_variance,0.7725993197278912,0.4394833688977066,0.28410451153308297,0.08632860364319275,0.046225678118460733,0.5026633295194446,0.45827692906844714,0.2104160976311825,0.10823731432853186
4,sin_sum_4d,empty,likelihood_credal,0.7476952380952381,0.41399821410138377,0.29606327434898866,0.08562159206047146,0.046225678118460733,0.5289204830515689,0.4861070337964719,0.21881017718961965,0.29087946316827396
4,sin_sum_4d,empty,proximity_auto_lambda,0.6484360544217687,0.3444802926265714,0.26604395184564417,0.08711889379856844,0.046225678118460733,0.3282289314979335,0.2986265966603612,0.22921428312081174,0.05115018233061423
4,sin_sum_4d,empty,proximity_b,0.6582843537414966,0.35081530707843056,0.276216110918239,0.08665630757708352,0.046225678118460733,0.3541097706061282,0.324791709982761,0.22907133798534351,-0.006781432788190496
4,sin_sum_4d,empty,proximity_bc,0.6563034013605442,0.3494067834683916,0.2756801071086786,0.08657027067615804,0.046225678118460733,0.3444036068719913,0.3154028621174347,0.22896880815520487,-0.0064962341032942525
4,sin_sum_4d,empty,shaker_entropy,0.7762911564625851,0.4432860080591436,0.2853111538825825,0.08640367723504538,0.046225678118460733,0.5047244763178941,0.4615054775892458,0.20604517673942366,0.18881349488700544
4,sin_sum_4d,empty,smac3_variance,0.7733197278911564,0.4392650150877665,0.283443989729704,0.08638761428138848,0.046225678118460733,0.5235192652766243,0.4789699497002977,0.20899459376760673,0.1085558906465023
4,sin_sum_4d,empty,standard_disagreement,0.7733197278911564,0.4392650150877665,0.283443989729704,0.08638761428138848,0.046225678118460733,0.5235192652766243,0.4789699497002977,0.2089945937676067,0.10855589064650237
4,sin_sum_4d,empty,standard_proximity,0.6801210884353741,0.36329845462078325,0.28204808624454575,0.08610968295287491,0.046225678118460733,0.43144164793459794,0.3957891006849956,0.22795394152807816,0.00029931021094430397
4,sin_sum_4d,sparse,chen_variance,0.6308598639455781,0.33011608521413344,0.23051730594587738,0.08435750186137357,0.04415047677291215,0.3765529714863825,0.3374730527148408,0.24988923792428674,0.04746909743483339
4,sin_sum_4d,sparse,likelihood_credal,0.6429925170068026,0.3366881304447928,0.23602662802662808,0.0838456608521938,0.04415047677291215,0.4769150324065494,0.4334775003206625,0.24688352176466186,0.24716392816976795
4,sin_sum_4d,sparse,proximity_auto_lambda,0.4766431972789116,0.2662142631121906,0.21204367766568796,0.0856834543205458,0.04415047677291215,0.1928756069946212,0.17101705100578998,0.24346429192481467,0.020780117769820333
4,sin_sum_4d,sparse,proximity_b,0.5128340136054421,0.2797873372941462,0.2206517079978282,0.08495999793676258,0.04415047677291215,0.24222366962032135,0.2172807030416067,0.24209717841488873,-0.030753938994358472
4,sin_sum_4d,sparse,proximity_bc,0.48973469387755103,0.2711601056675362,0.21972518429661286,0.0851259194812669,0.04415047677291215,0.21939247309633791,0.1959211393025897,0.24333356261805392,-0.03218769784640708
4,sin_sum_4d,sparse,shaker_entropy,0.6369904761904762,0.3334648715928021,0.22970452627595486,0.08445112731329271,0.04415047677291215,0.39462150034204796,0.3533245575654718,0.2469795106809363,0.12770012629952734
4,sin_sum_4d,sparse,smac3_variance,0.6311428571428571,0.32997906973556523,0.23052234766520482,0.08440926638328582,0.04415047677291215,0.38205564211537135,0.3424887087417924,0.24923452089375292,0.04732443644538487
4,sin_sum_4d,sparse,standard_disagreement,0.6311428571428571,0.32997906973556523,0.23052234766520482,0.08440926638328582,0.04415047677291215,0.38205564211537135,0.3424887087417924,0.24923452089375298,0.0473244364453849
4,sin_sum_4d,sparse,standard_proximity,0.589934693877551,0.3122476593030323,0.2291747133034943,0.08441475076390828,0.04415047677291215,0.28889740040400674,0.262160072466484,0.2392882671903956,-0.02039104801456314
5,gaussian_5d,empty,chen_variance,0.006496598639455789,0.16939408308552242,0.1173590636625453,0.1662149327686691,0.08685934689852194,0.8734091007635675,0.8578963348501014,0.3518354202942558,0.3245815551490353
5,gaussian_5d,empty,likelihood_credal,0.005159183673469396,0.16943795515335555,0.13533580900248884,0.1645461373318847,0.08685934689852194,0.9044040663151998,0.8875691896223676,0.35529856364741264,0.49826545244560777
5,gaussian_5d,empty,proximity_auto_lambda,0.023432653061224495,0.17138776604698208,0.12333914642230037,0.1663415687548163,0.08685934689852194,0.8218274429857481,0.7950505982904323,0.3396571209535962,0.29236147821846403
5,gaussian_5d,empty,proximity_b,0.025761904761904767,0.17160627293376982,0.1295706827246829,0.16537139905056591,0.08685934689852194,0.826841404347551,0.8022302943446322,0.3399530379632442,0.2471458382419509
5,gaussian_5d,empty,proximity_bc,0.02143401360544218,0.17107407790449353,0.12365157023772533,0.1664334793470708,0.08685934689852194,0.8363522449402513,0.8115546102177025,0.3398527181702777,0.24530868620332164
5,gaussian_5d,empty,shaker_entropy,0.004827210884353747,0.16933984363379165,0.11998328239476823,0.1658475566041222,0.08685934689852194,0.8998452826536117,0.8846230726405135,0.36696512181239377,0.3897710437622503
5,gaussian_5d,empty,smac3_variance,0.004995238095238101,0.16930828427711164,0.11725644104017732,0.16619208110007674,0.08685934689852194,0.8928468031900433,0.8786761700207163,0.3602348709782857,0.3247028813485953
5,gaussian_5d,empty,standard_disagreement,0.004995238095238101,0.16930828427711164,0.11725644104017732,0.16619208110007674,0.08685934689852194,0.8928468031900433,0.8786761700207163,0.36023487097828566,0.32470288134859604
5,gaussian_5d,empty,standard_proximity,0.013202040816326545,0.1706603398556876,0.13295645258296934,0.16501660505523566,0.08685934689852194,0.8648617809579408,0.8462279273000611,0.3565985119403803,0.2594405014049547
5,gaussian_5d,sparse,chen_variance,0.003883673469387759,0.16832968521791908,0.3777970686542115,0.11447334032879655,0.0655083453740201,0.8953174955324438,0.8931429163940896,0.3665653229979756,0.2415658932902976
5,gaussian_5d,sparse,likelihood_credal,0.00038707482993197324,0.16826239041467791,0.3939594836737694,0.11236148454544048,0.0655083453740201,0.9701834489418847,0.9681580233001518,0.3818023697197739,0.41999315023027345
5,gaussian_5d,sparse,proximity_auto_lambda,0.021108163265306127,0.16965561331893217,0.3790395138966568,0.11428830155995792,0.0655083453740201,0.7816247641251464,0.75561906836579,0.3475148001796108,0.25641551387010003
5,gaussian_5d,sparse,proximity_b,0.015998639455782313,0.1692901058875877,0.38465322184677264,0.11363533853239294,0.0655083453740201,0.822347445059459,0.7997122540078893,0.35343487174465876,0.20298593568017173
5,gaussian_5d,sparse,proximity_bc,0.015446938775510205,0.16921305686852992,0.3838743135885993,0.11365889241212068,0.0655083453740201,0.8145950957544532,0.7917001134177202,0.3514821789642469,0.2016357624419607
5,gaussian_5d,sparse,shaker_entropy,0.0022870748299319748,0.168294927193771,0.3790119464405179,0.11424560707466772,0.0655083453740201,0.9219632893638081,0.9198664518311913,0.3783618044171472,0.30945273331800666
5,gaussian_5d,sparse,smac3_variance,0.003142176870748303,0.16831326809836286,0.3794823074823075,0.11419567598050152,0.0655083453740201,0.9078782614420055,0.9049630734819738,0.3709895787467052,0.2398964933045938
5,gaussian_5d,sparse,standard_disagreement,0.003142176870748303,0.16831326809836286,0.3794823074823075,0.11419567598050152,0.0655083453740201,0.9078782614420055,0.9049630734819738,0.37098957874670474,0.23989649330459512
5,gaussian_5d,sparse,standard_proximity,0.013946258503401369,0.16947031680464134,0.38720970769178326,0.11331348110139154,0.0655083453740201,0.8533335230809903,0.8325118828583208,0.3721737998912836,0.22485014412145413
5,quadratic_5d,empty,chen_variance,0.44542448979591837,0.260235654557034,0.04139116139116139,0.15418007388746321,0.07271453080657649,0.08866902360471661,0.07819562837918011,0.2590786909946901,0.33086237010850034
5,quadratic_5d,empty,likelihood_credal,0.3856312925170068,0.2340119776232304,0.07764517593089022,0.148718588619462,0.07271453080657649,0.1589371869537238,0.14086236744353728,0.294393433391336,0.47675813041053744
5,quadratic_5d,empty,proximity_auto_lambda,0.30042108843537413,0.21160234495276778,0.02587304244447102,0.15520074351734006,0.07271453080657649,0.22149959031478936,0.19879578566899522,0.3048761590780464,0.20576976492371854
5,quadratic_5d,empty,proximity_b,0.29928027210884356,0.2121726629635554,0.04088273818997197,0.15326592478393158,0.07271453080657649,0.25702125318320523,0.2313731785428565,0.3030215549709715,0.15419206980628158
5,quadratic_5d,empty,proximity_bc,0.2957445578231293,0.21086187468997325,0.03839664254406099,0.15357109485434023,0.07271453080657649,0.2366482329507161,0.21204300951737026,0.3049977445566024,0.15423526905531076
5,quadratic_5d,empty,shaker_entropy,0.4336401360544218,0.2537788240712765,0.038036330036330036,0.15391431471579775,0.07271453080657649,0.09769442340897738,0.08655464326534089,0.270217856719911,0.3918111683834485
5,quadratic_5d,empty,smac3_variance,0.44157891156462586,0.25886885519394764,0.04350718179289608,0.1540724605563841,0.07271453080657649,0.0890967103932599,0.07925142237298956,0.26408654823115135,0.33073389465144654
5,quadratic_5d,empty,standard_disagreement,0.44157891156462586,0.25886885519394764,0.04350718179289608,0.1540724605563841,0.07271453080657649,0.0890967103932599,0.07925142237298956,0.2640865482311511,0.33073389465144654
5,quadratic_5d,empty,standard_proximity,0.23500000000000001,0.1986913852347742,0.0065270423136929365,0.1574180794653229,0.07271453080657649,0.3170499574381863,0.28479321211740705,0.33381715877986334,0.1610569451839111
5,quadratic_5d,sparse,chen_variance,0.36244081632653063,0.2257095856402999,0.07053813453813454,0.13283062729834136,0.061892670776933716,0.13466878852259095,0.11995628085599229,0.268452370142949,0.3029138133565322
5,quadratic_5d,sparse,likelihood_credal,0.29548367346938775,0.20979653163331458,0.14597215568644142,0.12479445461389012,0.061892670776933716,0.25544396095810834,0.22875239244835438,0.30501530624715556,0.455798764261004
5,quadratic_5d,sparse,proximity_auto_lambda,0.22882517006802722,0.19595763736992675,0.15045009559295272,0.12396901237808053,0.061892670776933716,0.26924829146609913,0.24366045179299048,0.3110053765331438,0.1671547121124813
5,quadratic_5d,sparse,proximity_b,0.22929727891156462,0.19667641088874258,0.1605199151480379,0.12272457864002148,0.061892670776933716,0.29286318957140633,0.2653512067739981,0.3123754041079883,0.11247217293215118
5,quadratic_5d,sparse,proximity_bc,0.22478095238095236,0.19559741106622658,0.16077197277197278,0.12281323494164673,0.061892670776933716,0.28812675719037373,0.2611627499370943,0.31621731051097335,0.1120149017322042
5,quadratic_5d,sparse,shaker_entropy,0.35047482993197276,0.22247839390361354,0.07908788765931625,0.13213333375873243,0.061892670776933716,0.16298848741322908,0.14423173569121803,0.281123826912204,0.36708920412213936
5,quadratic_5d,sparse,smac3_variance,0.35396802721088433,0.22346380831285445,0.07545886288743432,0.13269331257289313,0.061892670776933716,0.15015824355237392,0.13275911327847106,0.27538812843104277,0.3027161429897197
5,quadratic_5d,sparse,standard_disagreement,0.35396802721088433,0.22346380831285445,0.07545886288743432,0.13269331257289313,0.061892670776933716,0.15015824355237392,0.13275911327847106,0.2753881284310428,0.30271614298971955
5,quadratic_5d,sparse,standard_proximity,0.2142982993197279,0.1945839253628939,0.1568888634599328,0.12302941124664883,0.061892670776933716,0.32886223846782553,0.2944707606945223,0.34005850815121114,0.12279552460628478
5,sin_cos_5d,empty,chen_variance,0.4639925170068027,0.27076452148621516,0.5379434242291385,0.32325458900475823,0.18908748933324998,0.10240600143844016,0.09132672964683801,0.2640847197756503,1.3040211849569847
5,sin_cos_5d,empty,likelihood_credal,0.4500551020408163,0.2606950339380939,0.5709340355054641,0.30790963478315586,0.18908748933324998,0.1275703468672972,0.11349977606130887,0.27293252980170707,1.3092222233010913
5,sin_cos_5d,empty,proximity_auto_lambda,0.4739336734693877,0.27651676489753035,0.5018363048318669,0.3348436702213299,0.18908748933324998,0.09887109156147249,0.08795421940997912,0.2763910097102228,1.354067217447033
5,sin_cos_5d,empty,proximity_b,0.458778231292517,0.2671648824553062,0.5022168153596726,0.33401832815703747,0.18908748933324998,0.11607661292529045,0.10347343659157453,0.28976152535134453,1.3382040987801744
5,sin_cos_5d,empty,proximity_bc,0.4626224489795918,0.26891421089916795,0.5047014041299756,0.33347065571150264,0.18908748933324998,0.10145102232422072,0.09008089543707383,0.2849473485955725,1.3371235079250636
5,sin_cos_5d,empty,shaker_entropy,0.4872292517006803,0.28457664959076656,0.4637150391436106,0.35089291046416365,0.18908748933324998,0.10336840646391957,0.09224434957563162,0.29552972937722277,1.3471856295104383
5,sin_cos_5d,empty,smac3_variance,0.4674156462585034,0.2720115593620828,0.5499887208458637,0.3172954575910784,0.18908748933324998,0.11011465933657702,0.09813777962540605,0.2729395812550758,1.3039744022607047
5,sin_cos_5d,empty,standard_disagreement,0.4674156462585034,0.2720115593620828,0.5499887208458637,0.3172954575910784,0.18908748933324998,0.11011465933657702,0.09813777962540605,0.2729395812550758,1.3039744022607047
5,sin_cos_5d,empty,standard_proximity,0.44979693877551025,0.2632749019700112,0.4975385684724191,0.33486334984347627,0.18908748933324998,0.12289271111380197,0.10909240389469346,0.333769367845071,1.3577793567968022
5,sin_cos_5d,sparse,chen_variance,0.48192993197278916,0.28631356232570554,0.5618335778335778,0.30525922403736744,0.18437505506963586,0.06615925114538848,0.06009880085206957,0.26146777793045894,1.2559071258973662
5,sin_cos_5d,sparse,likelihood_credal,0.4813244897959184,0.2779205078143227,0.6013958602530032,0.2895582447338126,0.18437505506963586,0.08398048040602347,0.07528376702538543,0.2671255974674144,1.2803933133753034
5,sin_cos_5d,sparse,proximity_auto_lambda,0.4258578231292517,0.25227263561914304,0.5060059117201975,0.3233749083272369,0.18437505506963586,0.10370906704522222,0.09246929848916687,0.2866863622081543,1.3297488333806338
5,sin_cos_5d,sparse,proximity_b,0.417228231292517,0.24846546939179162,0.5065554044852497,0.32199300900981775,0.18437505506963586,0.1209330813661401,0.10833572258697241,0.292037644783396,1.308061328763279
5,sin_cos_5d,sparse,proximity_bc,0.42059795918367343,0.24980213053293646,0.5090938028080886,0.3214281796498098,0.18437505506963586,0.10764788697383154,0.0959405773779167,0.28625251301051674,1.3071331971223485
5,sin_cos_5d,sparse,shaker_entropy,0.4372034013605442,0.2613334645786671,0.48283523083523094,0.3320500058924309,0.18437505506963586,0.09226653536157477,0.08316140605177555,0.29620265213275293,1.3147382353168546
5,sin_cos_5d,sparse,smac3_variance,0.4829775510204081,0.2862333047460587,0.5810211187354045,0.2974579587530207,0.18437505506963586,0.07568281003337675,0.0687227399751806,0.2728645009845375,1.2532392897270255
5,sin_cos_5d,sparse,standard_disagreement,0.4829775510204081,0.2862333047460587,0.5810211187354045,0.2974579587530207,0.18437505506963586,0.07568281003337675,0.0687227399751806,0.27286450098453746,1.2532392897270255
5,sin_cos_5d,sparse,standard_proximity,0.44065952380952383,0.25840047268499583,0.5096218729707755,0.32065348438193225,0.18437505506963586,0.09520244868103185,0.08495643668551459,0.3400561310598612,1.3289630288726173
6,friedman_6d,empty,chen_variance,0.45458503401360545,0.259405193295229,0.07543815772387201,0.20663969443356894,0.10486573581951975,0.08110497438387472,0.07095923170137405,0.26192676909130463,0.43923090841657153
6,friedman_6d,empty,likelihood_credal,0.37860748299319724,0.23095897678331623,0.08874084131226989,0.20389159040729915,0.10486573581951975,0.15513282007935794,0.1352755942704817,0.29927490123818706,0.5862493687295928
6,friedman_6d,empty,proximity_auto_lambda,0.3596697278911565,0.226290366551856,0.055475114357957246,0.20838536503126007,0.10486573581951975,0.22280509692681458,0.1971708089121153,0.26354359881508965,0.40456277399701707
6,friedman_6d,empty,proximity_b,0.3471517006802721,0.22278747411101502,0.05640688273450028,0.2082471921673165,0.10486573581951975,0.23637347713826684,0.2093271983997978,0.2670044859371706,0.3576593773235019
6,friedman_6d,empty,proximity_bc,0.3545591836734694,0.22448350239192322,0.06151274722703294,0.2074674131458367,0.10486573581951975,0.22518336811029965,0.19902963467665222,0.2652401145535658,0.3583087370328349
6,friedman_6d,empty,shaker_entropy,0.45892993197278914,0.2599938762847148,0.08501789073217646,0.20590798058933926,0.10486573581951975,0.10203682823656678,0.08859594389631874,0.26848822611993095,0.5132905417261747
6,friedman_6d,empty,smac3_variance,0.46545306122448976,0.2626662348662426,0.08411474411474411,0.20528643792711362,0.10486573581951975,0.09426289912497125,0.08250580590664092,0.26399682722918105,0.43950082751466546
6,friedman_6d,empty,standard_disagreement,0.46545306122448976,0.2626662348662426,0.08411474411474411,0.20528643792711362,0.10486573581951975,0.09426289912497125,0.08250580590664092,0.26399682722918105,0.43950082751466546
6,friedman_6d,empty,standard_proximity,0.3240904761904762,0.21766478336390588,0.015018939940506537,0.21321880160162426,0.10486573581951975,0.26253570800392523,0.23322468231773133,0.32891043883713306,0.36916136513520054
6,friedman_6d,sparse,chen_variance,0.1227142857142857,0.17848705593159903,0.2303226108940395,0.14004560673567476,0.07275610547560585,0.40512239799170074,0.38657988972063795,0.3153155791573276,0.346746113628352
6,friedman_6d,sparse,likelihood_credal,0.05759183673469388,0.1717221632297819,0.3039143799143799,0.1316190340234302,0.07275610547560585,0.5931251912358448,0.5753443523173599,0.33908467987550767,0.5126020966154697
6,friedman_6d,sparse,proximity_auto_lambda,0.07634421768707485,0.17383806475036873,0.28934165105593684,0.1341001636102892,0.07275610547560585,0.5313187053079588,0.5096240743356707,0.2996893844048986,0.3157175077522481
6,friedman_6d,sparse,proximity_b,0.06880476190476191,0.17315936568322268,0.29675068403041144,0.13312192958377,0.07275610547560585,0.5566543368544888,0.5347073817626755,0.29587696878394437,0.2661906524181399
6,friedman_6d,sparse,proximity_bc,0.07574421768707484,0.17380464177336005,0.2952823169966027,0.13342909880425552,0.07275610547560585,0.5305165417615162,0.5087585413804062,0.29893255688303105,0.26594927187568984
6,friedman_6d,sparse,shaker_entropy,0.11522517006802721,0.17746395119673947,0.24065227265227265,0.13897758402917768,0.07275610547560585,0.41896030180922533,0.40202127097350315,0.31702723767613233,0.4298106649774286
6,friedman_6d,sparse,smac3_variance,0.11356326530612246,0.17740850834701596,0.23585563814135244,0.13937801162050997,0.07275610547560585,0.42430072345005626,0.4062575620025856,0.313574520135599,0.3459294945558944
6,friedman_6d,sparse,standard_disagreement,0.11356326530612246,0.17740850834701596,0.23585563814135244,0.13937801162050997,0.07275610547560585,0.42430072345005626,0.4062575620025856,0.313574520135599,0.34592949455589433
6,friedman_6d,sparse,standard_proximity,0.1257156462585034,0.18014393287136102,0.2699017505905452,0.13769634984895907,0.07275610547560585,0.4172091240480985,0.38917797911271546,0.34508800136783996,0.2936765375217905
6,quadratic_6d,empty,chen_variance,0.38786258503401355,0.2424667353301754,-0.011388988531845676,0.1864315243613552,0.08832307323209089,0.10207247337750945,0.09208535896146368,0.2781654384604351,0.42960486381335017
6,quadratic_6d,empty,likelihood_credal,0.3246326530612245,0.21716773450073107,0.029343025914454486,0.1799731010901688,0.08832307323209089,0.16715519030307419,0.15057005346942742,0.32825653529232623,0.560453890879069
6,quadratic_6d,empty,proximity_auto_lambda,0.21608503401360543,0.19484500793123055,-0.01699306613592328,0.1864186719691425,0.08832307323209089,0.29675604863421634,0.26854910894300843,0.3100787327385127,0.2927656907555174
6,quadratic_6d,empty,proximity_b,0.21498231292517006,0.19499436919116997,-0.006744058172629601,0.18465394031094223,0.08832307323209089,0.3190060094605112,0.2885866762176224,0.31477031745476564,0.24428119805984652
6,quadratic_6d,empty,proximity_bc,0.20997619047619048,0.19383793991270618,-0.007294234722806151,0.18497949233729608,0.08832307323209089,0.3152011060416081,0.2854103281100427,0.3140111721314175,0.24376976144354498
6,quadratic_6d,empty,shaker_entropy,0.37670748299319723,0.23546773809731367,-0.012706704706704708,0.18551371242192258,0.08832307323209089,0.11898442700278955,0.1075056932505326,0.295639917112144,0.4909783841804139
6,quadratic_6d,empty,smac3_variance,0.3827115646258504,0.2399771183939669,-0.011244247815676386,0.18614184292457941,0.08832307323209089,0.10910205970098687,0.09892917996929616,0.29002330657216124,0.42949542477523656
6,quadratic_6d,empty,standard_disagreement,0.3827115646258504,0.2399771183939669,-0.011244247815676386,0.18614184292457941,0.08832307323209089,0.10910205970098687,0.09892917996929616,0.29002330657216124,0.42949542477523645
6,quadratic_6d,empty,standard_proximity,0.1740795918367347,0.18787347258082474,-0.03434806983441727,0.18896443209389707,0.08832307323209089,0.3647929553688981,0.33130144975084586,0.36526363179016325,0.2518251410179767
6,quadratic_6d,sparse,chen_variance,0.28209115646258504,0.20617612374265049,0.09954909612052469,0.14739969768751995,0.06950599813135859,0.1977750351850955,0.17741244602861458,0.2970738112398347,0.3960415691772862
6,quadratic_6d,sparse,likelihood_credal,0.21223333333333333,0.1941383888797723,0.16896934896934898,0.13898930913619614,0.06950599813135859,0.3308625538372255,0.2981566029197623,0.3346591674693267,0.5342901617661637
6,quadratic_6d,sparse,proximity_auto_lambda,0.14862857142857142,0.1832613210249319,0.17982265533600073,0.13667289898987736,0.06950599813135859,0.37839123511695927,0.3465974570198686,0.32706446007603257,0.2465811489617342
6,quadratic_6d,sparse,proximity_b,0.15031054421768708,0.18366613719970976,0.19802215898155412,0.13467363342295405,0.06950599813135859,0.38551870196290455,0.35215463448491086,0.3334242955098717,0.19384423376582166
6,quadratic_6d,sparse,proximity_bc,0.14439523809523808,0.1828352830223022,0.19537665594808454,0.13485258977060416,0.06950599813135859,0.39054851215555797,0.35710946327416954,0.3333887766369807,0.19264818215849272
6,quadratic_6d,sparse,shaker_entropy,0.2717768707482993,0.2044293089379979,0.10901123929695358,0.1462646175539715,0.06950599813135859,0.2271721745850638,0.20290833013118262,0.3049816011204562,0.4606199264499199
6,quadratic_6d,sparse,smac3_variance,0.2722387755102041,0.20432729758876658,0.10519018690447264,0.14683610637405856,0.06950599813135859,0.2182137528972327,0.19526806417763237,0.2969925818870548,0.39454542964156136
6,quadratic_6d,sparse,standard_disagreement,0.2722387755102041,0.20432729758876658,0.10519018690447264,0.14683610637405856,0.06950599813135859,0.2182137528972327,0.19526806417763237,0.29699258188705463,0.39454542964156136
6,quadratic_6d,sparse,standard_proximity,0.1428700680272109,0.18282197902680883,0.19059417895415676,0.13592502144944543,0.06950599813135859,0.3993385012811569,0.363850754621835,0.36014184040821207,0.2046597477566234
6,sin_cos_6d,empty,chen_variance,0.41740000000000005,0.2513219117377176,0.47869188726331585,0.2839371477109034,0.14919865351446096,0.10197897927576606,0.09016221204234841,0.26004645409862887,1.255809408218615
6,sin_cos_6d,empty,likelihood_credal,0.3867761904761905,0.23533024549152598,0.5036164401878688,0.2701027483985151,0.14919865351446096,0.12720142985785274,0.11157745040148795,0.2627837131595926,1.264291779320848
6,sin_cos_6d,empty,proximity_auto_lambda,0.40357959183673475,0.2432306689621949,0.44942041227755514,0.2893208964392621,0.14919865351446096,0.10876288854257295,0.0963880217396261,0.26096033023486914,1.312817807856528
6,sin_cos_6d,empty,proximity_b,0.395578231292517,0.24037299369521795,0.45034547263118696,0.2887558068280918,0.14919865351446096,0.12242299835215117,0.10779126647164776,0.26371147821287194,1.2886729132784533
6,sin_cos_6d,empty,proximity_bc,0.394265306122449,0.23965115173178791,0.45112792827078546,0.2884045716831828,0.14919865351446096,0.11937030401165924,0.10480403809133373,0.2629148358956485,1.2868735963934224
6,sin_cos_6d,empty,shaker_entropy,0.4453374149659864,0.2646783935169218,0.4338277235420093,0.30008481366185397,0.14919865351446096,0.08832052745537497,0.07895367771661203,0.27024028203362566,1.319670426421684
6,sin_cos_6d,empty,smac3_variance,0.4203755102040816,0.25175992593346336,0.492373234658949,0.2754979287316317,0.14919865351446096,0.10140426740658477,0.08956867495280281,0.26012264811974833,1.252053693116552
6,sin_cos_6d,empty,standard_disagreement,0.4203755102040816,0.25175992593346336,0.492373234658949,0.2754979287316317,0.14919865351446096,0.10140426740658477,0.08956867495280281,0.26012264811974833,1.252053693116552
6,sin_cos_6d,empty,standard_proximity,0.38504795918367346,0.237230761292945,0.44482729647656816,0.28905505812976623,0.14919865351446096,0.130134256363389,0.11440217120363907,0.30820351900870363,1.3061647811020811
6,sin_cos_6d,sparse,chen_variance,0.3637795918367347,0.23459214027221775,0.48313561342132777,0.27492973829819195,0.14645692818242168,0.10309411587563065,0.0934500979431782,0.27399593523951454,1.2354320933045468
6,sin_cos_6d,sparse,likelihood_credal,0.3454639455782313,0.22537872258821026,0.5087601116172545,0.26307536755140404,0.14645692818242168,0.11109939421951721,0.10004380608880337,0.2716317959601922,1.249025947590526
6,sin_cos_6d,sparse,proximity_auto_lambda,0.324608843537415,0.2200456404389983,0.4493345401916831,0.283295651962055,0.14645692818242168,0.13832148992255935,0.12509898870640576,0.27764271184530787,1.2967440107194963
6,sin_cos_6d,sparse,proximity_b,0.318874149659864,0.2184160385174502,0.4499637265351551,0.2820883133321305,0.14645692818242168,0.1511496850506188,0.13686191569452094,0.2798510289170856,1.2732646574534952
6,sin_cos_6d,sparse,proximity_bc,0.31930544217687074,0.21817232697034908,0.45090728919300355,0.2821353463590827,0.14645692818242168,0.14100144012170063,0.12707894700255878,0.2776664821098018,1.2718402087318654
6,sin_cos_6d,sparse,shaker_entropy,0.33575306122448983,0.22603857901650473,0.4338107435250293,0.2916300320591379,0.14645692818242168,0.1261125158731853,0.11469363644204841,0.2890783100323851,1.2999813103047848
6,sin_cos_6d,sparse,smac3_variance,0.35690544217687076,0.23247427052708902,0.49418713075855936,0.26942375633557464,0.14645692818242168,0.10936907117975514,0.09909354384911621,0.2794200075603723,1.2337418491824654
6,sin_cos_6d,sparse,standard_disagreement,0.35690544217687076,0.23247427052708902,0.49418713075855936,0.26942375633557464,0.14645692818242168,0.10936907117975514,0.09909354384911621,0.2794200075603723,1.2337418491824657
6,sin_cos_6d,sparse,standard_proximity,0.3527176870748299,0.22868580039046188,0.45898309604022236,0.27926691085091715,0.14645692818242168,0.1289906259531704,0.11620868140952202,0.30745792816009054,1.2963084672379594
7,interaction_7d,empty,chen_variance,0.7142993197278911,0.42278555334525164,0.012144745859031572,0.16740567183865812,0.07384227838480048,0.22809920804907097,0.20425067278543324,0.23261066955519333,0.48746501743835885
7,interaction_7d,empty,likelihood_credal,0.6589061224489796,0.35761816061303964,0.084993804993805,0.15846813972787757,0.07384227838480048,0.27125615947436793,0.2424902127511547,0.27197076673249926,0.6088375689060899
7,interaction_7d,empty,proximity_auto_lambda,0.5220843537414966,0.2797740986551257,0.10183962755391328,0.15666519671025525,0.07384227838480048,0.23630903848944465,0.20745175768224672,0.2746447797097327,0.3362624192026609
7,interaction_7d,empty,proximity_b,0.5343761904761904,0.2849530676012085,0.12195334309620025,0.15435740779847398,0.07384227838480048,0.2540731014766788,0.22351987005742022,0.27462405388202715,0.28267692532966304
7,interaction_7d,empty,proximity_bc,0.5185129251700681,0.2782885989758002,0.11954906017934833,0.15445717117350186,0.07384227838480048,0.25419725468413074,0.22371168207174463,0.2758489466190972,0.2816620530467329
7,interaction_7d,empty,shaker_entropy,0.7288775510204083,0.428219444905896,0.020441789013217585,0.16636758387144282,0.07384227838480048,0.26219362001986324,0.23394919050931764,0.24531957692813816,0.5569413565013385
7,interaction_7d,empty,smac3_variance,0.7309836734693878,0.42990037659403707,0.017787864645007503,0.1670378325696086,0.07384227838480048,0.2645364181234768,0.23647476680462035,0.2426074100055629,0.48785245939652644
7,interaction_7d,empty,standard_disagreement,0.7309836734693878,0.42990037659403707,0.017787864645007503,0.1670378325696086,0.07384227838480048,0.2645364181234768,0.23647476680462035,0.242607410005563,0.48785245939652644
7,interaction_7d,empty,standard_proximity,0.5066108843537415,0.27308266632460343,0.1281245671043454,0.15419634734170465,0.07384227838480048,0.27634849898922415,0.24274822515551078,0.32423909190769595,0.29220865004370405
7,interaction_7d,sparse,chen_variance,0.18966734693877552,0.18819527764450236,0.22361278704135848,0.13193275876704266,0.06606254220879182,0.2846431641662368,0.2629253828250967,0.31320629006602496,0.41073851896433344
7,interaction_7d,sparse,likelihood_credal,0.15465578231292518,0.18412386078342188,0.2746774409631553,0.12571758724954546,0.06606254220879182,0.37955317040806663,0.34931289245857977,0.3307711499365773,0.5491129363315206
7,interaction_7d,sparse,proximity_auto_lambda,0.2317687074829932,0.19745430629733848,0.2259310436453294,0.13123178244853262,0.06606254220879182,0.28612884712700953,0.2566361770928175,0.30105589422051515,0.3021614559186697
7,interaction_7d,sparse,proximity_b,0.24555510204081635,0.20052525813070196,0.23035627949913667,0.13108418138754177,0.06606254220879182,0.2992195595997013,0.2679090984993929,0.3075303828190386,0.24950233566990732
7,interaction_7d,sparse,proximity_bc,0.2398340136054422,0.19935601709710454,0.23330346187489046,0.130744518324231,0.06606254220879182,0.2926321781827879,0.261835405467391,0.30564828012471057,0.24832623168450438
7,interaction_7d,sparse,shaker_entropy,0.19911836734693877,0.19043558854072298,0.22349686521115092,0.13194225945558527,0.06606254220879182,0.2919269816639073,0.2659487419052504,0.31599943230212385,0.48736468535138
7,interaction_7d,sparse,smac3_variance,0.18387551020408163,0.18739747306749077,0.2263286657572372,0.13132689996166022,0.06606254220879182,0.2945343006245073,0.27246919744711406,0.3174289844295091,0.4107622708379536
7,interaction_7d,sparse,standard_disagreement,0.18387551020408163,0.18739747306749077,0.2263286657572372,0.13132689996166022,0.06606254220879182,0.2945343006245073,0.27246919744711406,0.3174289844295094,0.4107622708379536
7,interaction_7d,sparse,standard_proximity,0.32157108843537413,0.21693374494271409,0.1963974327887157,0.13607377958078387,0.06606254220879182,0.2761624961749208,0.2453022956211213,0.3313910831678841,0.26822533170946683
7,quadratic_7d,empty,chen_variance,0.39200272108843537,0.2435972995422013,-0.05717099202813488,0.2189782062834576,0.10180625039286917,0.07999985162519703,0.07304037765595314,0.2954891831096718,0.51370650148864
7,quadratic_7d,empty,likelihood_credal,0.3041931972789116,0.2117245716172709,-0.03931585531585532,0.2149804441068061,0.10180625039286917,0.15413379375516795,0.13993284303528503,0.31664576737581684,0.6289099623933684
7,quadratic_7d,empty,proximity_auto_lambda,0.21573197278911563,0.19396643886226841,-0.08375796318653461,0.22287853222106643,0.10180625039286917,0.29046367370734816,0.26138083361206915,0.3265302473868631,0.37481090191283645
7,quadratic_7d,empty,proximity_b,0.2099721088435374,0.19331299800692703,-0.06855467141181427,0.21936976240433595,0.10180625039286917,0.316139194662143,0.28438947245197943,0.32918386184719095,0.32853543836908783
7,quadratic_7d,empty,proximity_bc,0.20995102040816324,0.19317905230097915,-0.07161368189939618,0.22026719608962578,0.10180625039286917,0.30914175880034744,0.27814990879471463,0.3313968282428769,0.3281553000045076
7,quadratic_7d,empty,shaker_entropy,0.372565306122449,0.2352098470385226,-0.06455821141535427,0.21923675642313237,0.10180625039286917,0.09616029537366134,0.08819130181910281,0.2968340396026046,0.5729913415437561
7,quadratic_7d,empty,smac3_variance,0.3885401360544218,0.24305320847235226,-0.054866520009377154,0.21836314671101784,0.10180625039286917,0.08318571208425649,0.07676052499704787,0.29412112383337813,0.5129507544625123
7,quadratic_7d,empty,standard_disagreement,0.3885401360544218,0.24305320847235226,-0.054866520009377154,0.21836314671101784,0.10180625039286917,0.08318571208425649,0.07676052499704787,0.2941211238333783,0.5129507544625123
7,quadratic_7d,empty,standard_proximity,0.1588642857142857,0.18544056210639887,-0.0971884342369578,0.22540509431889605,0.10180625039286917,0.3867619502753616,0.35004138818878816,0.37018407387624724,0.33464961270282717
7,quadratic_7d,sparse,chen_variance,0.25530068027210884,0.20028895624830237,0.08835011063582492,0.16378430279654863,0.0779898251705272,0.20542941392274633,0.18560697220982894,0.3098561186952005,0.4668719188287413
7,quadratic_7d,sparse,likelihood_credal,0.1794972789115646,0.18813453580946704,0.15555810470096185,0.15449946647027615,0.0779898251705272,0.3490121653617894,0.3169175303804245,0.3291308498602589,0.5936348778534655
7,quadratic_7d,sparse,proximity_auto_lambda,0.14935102040816325,0.18355222448460753,0.16511126282554853,0.1522941852468179,0.0779898251705272,0.3856830072978929,0.3508048320645809,0.34061900981661875,0.3146102518763227
7,quadratic_7d,sparse,proximity_b,0.14521972789115647,0.18330081346961707,0.17995814831074036,0.1504398786486775,0.0779898251705272,0.4024618366537514,0.36642969478278303,0.34339308526214724,0.26313138250006507
7,quadratic_7d,sparse,proximity_bc,0.14803197278911565,0.18375150112984273,0.1774565940280226,0.15087563384271332,0.0779898251705272,0.39946047004091084,0.3628088327747002,0.34297408914781713,0.2618161721056705
7,quadratic_7d,sparse,shaker_entropy,0.24625510204081635,0.19873615109249412,0.0990839910839911,0.16247412479940546,0.0779898251705272,0.23581020421554108,0.21217628231621816,0.313804797263372,0.5329819606748963
7,quadratic_7d,sparse,smac3_variance,0.24291768707482994,0.19806174224017065,0.09483750912322342,0.16347224494735293,0.0779898251705272,0.2292189361125184,0.2066925179007688,0.31081764789087435,0.4655746926398287
7,quadratic_7d,sparse,standard_disagreement,0.24291768707482994,0.19806174224017065,0.09483750912322342,0.16347224494735293,0.0779898251705272,0.2292189361125184,0.2066925179007688,0.3108176478908744,0.4655746926398287
7,quadratic_7d,sparse,standard_proximity,0.13827551020408163,0.18269786082122438,0.182166114530597,0.1502353677599176,0.0779898251705272,0.4261122950839405,0.3889212046896833,0.376996696974557,0.2729546067311992
7,sin_cos_7d,empty,chen_variance,0.37036802721088435,0.23134301115806397,0.40227172741458456,0.28856420365618185,0.13431285258809073,0.13706437413078898,0.12073628147617212,0.26430249989362226,1.2941218650752941
7,sin_cos_7d,empty,likelihood_credal,0.3421836734693878,0.2219563179426079,0.4327860230717374,0.2737592590908819,0.13431285258809073,0.16052916051864413,0.13988626517805117,0.2593257634789106,1.273213168674978
7,sin_cos_7d,empty,proximity_auto_lambda,0.33307619047619047,0.2210981349553545,0.3886044320330035,0.29211279518670435,0.13431285258809073,0.16075431486867126,0.1421052426903092,0.2692069906471424,1.3135641304463144
7,sin_cos_7d,empty,proximity_b,0.3263748299319728,0.21929567856279736,0.38954432097289243,0.29104670287777445,0.13431285258809073,0.16967739490671555,0.14986944627863172,0.2701836310129642,1.2944343634470106
7,sin_cos_7d,empty,proximity_bc,0.3225248299319728,0.21800732917826535,0.3900239804879536,0.29068017302126303,0.13431285258809073,0.16984214728445154,0.14945899678155689,0.2686767166290532,1.29183990474019
7,sin_cos_7d,empty,shaker_entropy,0.3794476190476191,0.23660558291645087,0.36993380879095167,0.30207545288100873,0.13431285258809073,0.11024033892689586,0.09780157895687992,0.2553809213933059,1.3384049118906771
7,sin_cos_7d,empty,smac3_variance,0.3655714285714286,0.23016465173383624,0.4152098283526855,0.2827166783279182,0.13431285258809073,0.1390446069753001,0.12307665695492502,0.2668936055080474,1.2896116626099743
7,sin_cos_7d,empty,standard_disagreement,0.3655714285714286,0.23016465173383624,0.4152098283526855,0.2827166783279182,0.13431285258809073,0.1390446069753001,0.12307665695492502,0.2668936055080474,1.289611662609974
7,sin_cos_7d,empty,standard_proximity,0.3210482993197279,0.2166927086010658,0.3973574149498655,0.28766371334498075,0.13431285258809073,0.16878329353277283,0.1493945286328822,0.30802137637036836,1.309046024359565
7,sin_cos_7d,sparse,chen_variance,0.393612925170068,0.24651546196414933,0.4378253526824956,0.27347289774360845,0.1349756515332665,0.08893981872269917,0.07937936540944009,0.2605913576608956,1.2629269541410153
7,sin_cos_7d,sparse,likelihood_credal,0.37895102040816325,0.23774929843972248,0.470729875872733,0.25974858793336764,0.1349756515332665,0.11126014064495877,0.09852992066266027,0.25434929639678927,1.2559025226794394
7,sin_cos_7d,sparse,proximity_auto_lambda,0.32712244897959186,0.22184541184654538,0.40193555736412884,0.28593616623509277,0.1349756515332665,0.13793433180439738,0.12339467217224424,0.2683859983919233,1.2993989921840452
7,sin_cos_7d,sparse,proximity_b,0.3209544217687075,0.21935438735896481,0.40253741040806484,0.2853834532028578,0.1349756515332665,0.14930186992592845,0.13310829628632379,0.27113451850111486,1.2791193936015344
7,sin_cos_7d,sparse,proximity_bc,0.32094285714285714,0.21945540087509974,0.40350740465026186,0.2851367124104143,0.1349756515332665,0.14716392128681233,0.1312078704241914,0.2697722763989626,1.2767898672465385
7,sin_cos_7d,sparse,shaker_entropy,0.32354013605442183,0.22407628640364216,0.3781556512985084,0.29577701492641256,0.1349756515332665,0.15033464583831943,0.13523717403992122,0.26274172395722845,1.3212114333891025
7,sin_cos_7d,sparse,smac3_variance,0.38780816326530615,0.24501268337750554,0.4456265724837154,0.2700392802939297,0.1349756515332665,0.095606228439481,0.08563311421164907,0.26116955721089236,1.261520708932492
7,sin_cos_7d,sparse,standard_disagreement,0.38780816326530615,0.24501268337750554,0.4456265724837154,0.2700392802939297,0.1349756515332665,0.095606228439481,0.08563311421164907,0.2611695572108924,1.261520708932492
7,sin_cos_7d,sparse,standard_proximity,0.35691496598639455,0.23050070650047624,0.42013413547691797,0.2786743888326016,0.1349756515332665,0.12199478436097011,0.10906260492646618,0.30885695954719294,1.2983688419410853
8,exp_sum_8d,empty,chen_variance,0.009275510204081641,0.1687126303659589,-0.6616643193786051,0.8592770613673401,0.2449880620181369,0.8542817975479808,0.8391455784362348,0.3960243307959079,1.3477814641036052
8,exp_sum_8d,empty,likelihood_credal,0.009953741496598643,0.16899004655312916,-0.6706082951797238,0.8636592019183716,0.2449880620181369,0.886883093393833,0.8735259287161102,0.44629208941361104,1.2222980213002514
8,exp_sum_8d,empty,proximity_auto_lambda,0.015755102040816326,0.16908112294811062,-0.6591976360363223,0.8535196256805859,0.2449880620181369,0.8378885915061093,0.8261785340175927,0.4556038514494305,1.3109772063044836
8,exp_sum_8d,empty,proximity_b,0.04261972789115647,0.1723125370232687,-0.6222559752410829,0.8318990250905032,0.2449880620181369,0.7880250918989725,0.7728740991851369,0.45063996503216014,1.3161655326276507
8,exp_sum_8d,empty,proximity_bc,0.011577551020408168,0.16897104112036243,-0.6649723989754246,0.8565185623162258,0.2449880620181369,0.8753791350396466,0.8630358512718993,0.46171319209797596,1.3656880591707719
8,exp_sum_8d,empty,shaker_entropy,0.003995918367346945,0.16843580163292043,-0.6729523963809678,0.8621917398274607,0.2449880620181369,0.9185623928358732,0.9089528253328149,0.4267694129624112,1.2975348738656023
8,exp_sum_8d,empty,smac3_variance,0.00436666666666667,0.1684362718822719,-0.6725565416993989,0.8625107270901102,0.2449880620181369,0.9079669813927264,0.8982128320975974,0.4035278404301531,1.3469994517670607
8,exp_sum_8d,empty,standard_disagreement,0.00436666666666667,0.1684362718822719,-0.6725565416993989,0.8625107270901102,0.2449880620181369,0.9079669813927264,0.8982128320975974,0.40352784043015283,1.34699945176706
8,exp_sum_8d,empty,standard_proximity,0.04905680272108844,0.17182500354938493,-0.617931082131374,0.8341800929288825,0.2449880620181369,0.6699933794667638,0.6505996156813841,0.5065704424850407,1.27735557308892
8,exp_sum_8d,sparse,chen_variance,0.09584149659863947,0.17639133788351538,0.2791439808582666,0.1920351680116223,0.10229545137476241,0.5545569127348885,0.5804828507412224,0.40832333301764734,0.6024304010789712
8,exp_sum_8d,sparse,likelihood_credal,0.015159863945578231,0.1686167597629494,0.29442707099849963,0.1862154629912254,0.10229545137476241,0.878079911362036,0.8903100653775855,0.5331537328778823,0.69756896130042
8,exp_sum_8d,sparse,proximity_auto_lambda,0.061575510204081634,0.17134922069238345,0.22549245532581766,0.19823308723006816,0.10229545137476241,0.5964396160946454,0.6067743344066863,0.45679315848038043,0.531443903795369
8,exp_sum_8d,sparse,proximity_b,0.02461700680272109,0.16922788940036673,0.24596852493099264,0.1936799723401393,0.10229545137476241,0.7584071975408907,0.7581466339611823,0.4758945009336988,0.4817955833459605
8,exp_sum_8d,sparse,proximity_bc,0.046727210884353734,0.1703545768251161,0.23402979790678527,0.1966942695589345,0.10229545137476241,0.6472867077272445,0.6536869880181392,0.46672242584051604,0.48414973413774015
8,exp_sum_8d,sparse,shaker_entropy,0.1564360544217687,0.20742964081846896,0.2565896805896806,0.19703145877747233,0.10229545137476241,0.4835488044649251,0.5149936085846836,0.4050151177369848,0.6887825045369651
8,exp_sum_8d,sparse,smac3_variance,0.09336802721088436,0.17736358325514737,0.2744836784836785,0.19277608557932632,0.10229545137476241,0.5674724659788655,0.5953541191724904,0.4336246776966638,0.6029307413391107
8,exp_sum_8d,sparse,standard_disagreement,0.09336802721088436,0.17736358325514737,0.2744836784836785,0.19277608557932632,0.10229545137476241,0.5674724659788655,0.5953541191724904,0.43362467769666235,0.6029307413391137
8,exp_sum_8d,sparse,standard_proximity,0.016694557823129258,0.16913251937845317,0.2140644967361971,0.1993424403438473,0.10229545137476241,0.8033658641813777,0.7868980617496975,0.5106782685890977,0.5096239881593592
8,quadratic_8d,empty,chen_variance,0.3644551020408163,0.23561380033891818,-0.07657276400133542,0.2455552427927358,0.11475989220733307,0.09683993870672414,0.08896839396746879,0.31003586909639674,0.5800370423806417
8,quadratic_8d,empty,likelihood_credal,0.24536666666666665,0.19903936603991276,-0.08126548697977269,0.2449900782746731,0.11475989220733307,0.2338296763259776,0.21318974095428292,0.37053570156573273,0.6848007678676689
8,quadratic_8d,empty,proximity_auto_lambda,0.1724843537414966,0.18783224587183797,-0.12067918786085026,0.25230278583058524,0.11475989220733307,0.3664885523741938,0.33107544219055046,0.3487679066466359,0.44293807462843965
8,quadratic_8d,empty,proximity_b,0.16648979591836735,0.18705552670295975,-0.11351549865835582,0.2506984883723834,0.11475989220733307,0.38868345567819845,0.3509381117285066,0.34993856400148704,0.3986962534038196
8,quadratic_8d,empty,proximity_bc,0.16544421768707482,0.18686397171221047,-0.11282223567937855,0.2507882578233275,0.11475989220733307,0.3866559700039291,0.34943268662812793,0.353254555997317,0.3987349831151415
8,quadratic_8d,empty,shaker_entropy,0.33530000000000004,0.223370625712189,-0.08935384306812878,0.24681967094915266,0.11475989220733307,0.1237123027212865,0.1127216705696216,0.3326176462610032,0.6395909626748946
8,quadratic_8d,empty,smac3_variance,0.3581061224489796,0.2331285107121929,-0.08331823474680618,0.2460594183183667,0.11475989220733307,0.10762418084869561,0.09842962850380887,0.3244766228801974,0.5801183485493622
8,quadratic_8d,empty,standard_disagreement,0.3581061224489796,0.2331285107121929,-0.08331823474680618,0.2460594183183667,0.11475989220733307,0.10762418084869561,0.09842962850380887,0.32447662288019735,0.5801183485493622
8,quadratic_8d,empty,standard_proximity,0.12456802721088436,0.18111604678711551,-0.1360153069113788,0.25571064227808543,0.11475989220733307,0.46114313243264793,0.4210998168388423,0.39060258769726125,0.40500901003460194
8,quadratic_8d,sparse,chen_variance,0.17070000000000002,0.1858885774371353,0.100839313410742,0.1747090269740916,0.08398258711451378,0.32537313663080425,0.3012705514853889,0.3388841469425055,0.5223553845617254
8,quadratic_8d,sparse,likelihood_credal,0.1022312925170068,0.17815454577420706,0.1654851043422472,0.1660416041232711,0.08398258711451378,0.5052037704398425,0.46816202561295434,0.3830107151604204,0.6421584246042802
8,quadratic_8d,sparse,proximity_auto_lambda,0.12939149659863944,0.18178643092907362,0.17659139151787695,0.16512738810500127,0.08398258711451378,0.44834432868118235,0.412249024040808,0.3538136956262994,0.37602744509484226
8,quadratic_8d,sparse,proximity_b,0.12423129251700679,0.18143681938633938,0.1896751727212794,0.16354044232954437,0.08398258711451378,0.47835188922790134,0.4385064397936361,0.35716614324592905,0.3246406505057267
8,quadratic_8d,sparse,proximity_bc,0.12454897959183674,0.18144101990159742,0.19114266942838373,0.1632663091463782,0.08398258711451378,0.47208972779498487,0.4329193593050142,0.35464022487874863,0.32414775064393936
8,quadratic_8d,sparse,shaker_entropy,0.15508503401360543,0.18423903517922854,0.11014444157301302,0.17343314007638258,0.08398258711451378,0.3740414172758311,0.34259346967604304,0.35147027412472415,0.5900928070941464
8,quadratic_8d,sparse,smac3_variance,0.15397278911564624,0.18385752655354098,0.10689174574888861,0.17393022419116838,0.08398258711451378,0.36560193551520387,0.33754962652776527,0.35101815926454927,0.5223181552363986
8,quadratic_8d,sparse,standard_disagreement,0.15397278911564624,0.18385752655354098,0.10689174574888861,0.17393022419116838,0.08398258711451378,0.36560193551520387,0.33754962652776527,0.3510181592645492,0.5223181552363986
8,quadratic_8d,sparse,standard_proximity,0.11909115646258504,0.1808864086790606,0.19200798778678954,0.16387885308323183,0.08398258711451378,0.4961511402138899,0.45451226246672577,0.39425670592656203,0.3350900005755955
8,sin_cos_8d,empty,chen_variance,0.30191496598639456,0.21147353135993094,0.3865749780035494,0.23921994614014927,0.10828065934930135,0.16104491876450996,0.14228076673209686,0.267493381133908,1.204302279446067
8,sin_cos_8d,empty,likelihood_credal,0.2692945578231293,0.20391045717100145,0.40676193133335997,0.23164029446833972,0.10828065934930135,0.20654368510177776,0.1818332241702973,0.26667397580805574,1.2005943734765179
8,sin_cos_8d,empty,proximity_auto_lambda,0.2741183673469388,0.20466852383021678,0.38218148218148223,0.23935252085574524,0.10828065934930135,0.18589192458744797,0.16475811658032344,0.2660944911817406,1.2373617652620783
8,sin_cos_8d,empty,proximity_b,0.266334693877551,0.2031576745158434,0.38509901610958197,0.2383376724374087,0.10828065934930135,0.19985691029389266,0.17665498904746485,0.26480096436959394,1.2137214416025144
8,sin_cos_8d,empty,proximity_bc,0.26409727891156465,0.20261511813196115,0.3850178255892542,0.23834263678859435,0.10828065934930135,0.20135021464455247,0.1780555685386826,0.2661809364883126,1.2108038001133257
8,sin_cos_8d,empty,shaker_entropy,0.3297632653061225,0.21813754584829753,0.35741742941742943,0.2491317731375527,0.10828065934930135,0.13476231922107793,0.11856451422286797,0.2617816766659917,1.289443497532727
8,sin_cos_8d,empty,smac3_variance,0.2980544217687075,0.2107515419231154,0.39188989474703767,0.2360270669968188,0.10828065934930135,0.1715836413474455,0.15125881481173206,0.2672878192897208,1.2018253438628825
8,sin_cos_8d,empty,standard_disagreement,0.2980544217687075,0.2107515419231154,0.39188989474703767,0.2360270669968188,0.10828065934930135,0.1715836413474455,0.15125881481173206,0.26728781928972084,1.2018253438628825
8,sin_cos_8d,empty,standard_proximity,0.25184013605442174,0.2005842280665338,0.38144757978829574,0.23979181892533577,0.10828065934930135,0.22558222971478162,0.20105877252604706,0.30105500711727107,1.2286862811338104
8,sin_cos_8d,sparse,chen_variance,0.27819455782312924,0.20657808063054203,0.3970772222200794,0.23328235644867581,0.10752085643905378,0.1623735141276101,0.14761797109232133,0.2738901587463726,1.1893099530826434
8,sin_cos_8d,sparse,likelihood_credal,0.2815857142857143,0.20678134515020458,0.4316332590618305,0.22233308021276724,0.10752085643905378,0.1690511099540283,0.15065673293665713,0.26562471689302897,1.1900857978919572
8,sin_cos_8d,sparse,proximity_auto_lambda,0.24847448979591838,0.1995979905644883,0.393514756543686,0.23600817566953122,0.10752085643905378,0.20648717413896642,0.18580157724516794,0.27420173159552025,1.2297632694881602
8,sin_cos_8d,sparse,proximity_b,0.24067074829931973,0.19797825968914604,0.39483643786923484,0.23522396495160022,0.10752085643905378,0.21984460801256064,0.19790227381678732,0.2741768088585099,1.2072837949364401
8,sin_cos_8d,sparse,proximity_bc,0.23911836734693878,0.19762443939714133,0.39528064385207246,0.2349781969197993,0.10752085643905378,0.21763375556102277,0.19641663064361123,0.27523885767133266,1.2033345509472309
8,sin_cos_8d,sparse,shaker_entropy,0.2714319727891156,0.20624745520079105,0.36549306892164035,0.24631728638522143,0.10752085643905378,0.18065052760084885,0.1632728187244978,0.27273203418566866,100.82465544029291
8,sin_cos_8d,sparse,smac3_variance,0.27343945578231293,0.2053120467794693,0.40600267000267004,0.23044731778798835,0.10752085643905378,0.1723721793770016,0.15630061900957526,0.2716442574554684,1.1885872259632542
8,sin_cos_8d,sparse,standard_disagreement,0.27343945578231293,0.2053120467794693,0.40600267000267004,0.23044731778798835,0.10752085643905378,0.1723721793770016,0.15630061900957526,0.2716442574554684,1.1885872259632542
8,sin_cos_8d,sparse,standard_proximity,0.2602744897959184,0.20190326450428175,0.4000262673195561,0.23205907313934773,0.10752085643905378,0.2071132919785324,0.1846291195715324,0.29750754383491224,1.2262771624951108
9,multi_modal_9d,empty,chen_variance,0.47200000000000003,0.2844442059991768,-0.11820796449367878,0.725979339364032,0.315734802046313,0.05351887311149521,0.04934772105163491,0.35984757382572446,1.292611871632887
9,multi_modal_9d,empty,likelihood_credal,0.3054136054421769,0.21816054805779564,-0.19729320186463045,0.7553481687058524,0.315734802046313,0.16386751507727704,0.1486697648505542,0.44470889714936523,1.2977009170230878
9,multi_modal_9d,empty,proximity_auto_lambda,0.35189659863945577,0.2323898407756387,-0.16639100924815212,0.7480909465734004,0.315734802046313,0.1095906526716797,0.10123673902833777,0.41155318734815705,1.285111927791736
9,multi_modal_9d,empty,proximity_b,0.32460952380952385,0.22275770507853318,-0.18029199972057117,0.7555331003410604,0.315734802046313,0.13647686041689003,0.1263513382510308,0.4279906843769547,1.2885474732202198
9,multi_modal_9d,empty,proximity_bc,0.318143537414966,0.2206725012510844,-0.18616409073551932,0.7567636645316512,0.315734802046313,0.1371832838691805,0.1267781865723374,0.429638557914874,1.2901703788633232
9,multi_modal_9d,empty,shaker_entropy,0.4622809523809524,0.27713893070149315,-0.13048348648348648,0.7316073823219381,0.315734802046313,0.07100572969586297,0.06411650496917903,0.4058512704912691,1.2865400563187384
9,multi_modal_9d,empty,smac3_variance,0.45785850340136053,0.2782527245725109,-0.134558620272906,0.7337281060501647,0.315734802046313,0.0732717778667993,0.0667558916040066,0.38278522084670374,1.2913104034421827
9,multi_modal_9d,empty,standard_disagreement,0.45785850340136053,0.2782527245725109,-0.134558620272906,0.7337281060501647,0.315734802046313,0.0732717778667993,0.0667558916040066,0.38278522084670386,1.2913104034421827
9,multi_modal_9d,empty,standard_proximity,0.32052176870748295,0.22662982344873892,-0.2009665873236013,0.7676239558889858,0.315734802046313,0.13377449305145156,0.1262000830610209,0.5107603378230784,1.2867357740443544
9,multi_modal_9d,sparse,chen_variance,0.56361768707483,0.39859425183026,-0.07955017612160468,0.5180035703749575,0.2209556649467411,0.07706534854780747,0.07869825368227981,0.3406797999289819,1.038415669810665
9,multi_modal_9d,sparse,likelihood_credal,0.3573170068027211,0.24942627780192642,-0.033061827918970776,0.4954772562274585,0.2209556649467411,0.12962066523132082,0.13484291145168764,0.45865853713290866,1.1170661536500168
9,multi_modal_9d,sparse,proximity_auto_lambda,0.10724353741496599,0.17578611015903337,0.022761621047335336,0.4729982502908651,0.2209556649467411,0.45596908484849497,0.46472296970499405,0.41980243234058656,1.0430071590418108
9,multi_modal_9d,sparse,proximity_b,0.09410238095238095,0.17421217143075693,0.026434672199334645,0.47013343783097367,0.2209556649467411,0.48642854960699516,0.4944892952645828,0.4360020933778954,1.0140502470029458
9,multi_modal_9d,sparse,proximity_bc,0.09665,0.17450185560434534,0.025747580658344038,0.4719592502231945,0.2209556649467411,0.47854121696482604,0.4878612973115102,0.42749340389636753,1.0136753063604829
9,multi_modal_9d,sparse,shaker_entropy,0.5335054421768708,0.38016943037692863,-0.08579518293804009,0.5155027062134703,0.2209556649467411,0.0896130155142579,0.09176240981595966,0.3826029296321934,1.0751513086310927
9,multi_modal_9d,sparse,smac3_variance,0.5767401360544218,0.4195664577823144,-0.09301850787565073,0.5203114185323479,0.2209556649467411,0.09761427945951637,0.09941846040583964,0.3652332793587801,1.0370522897853687
9,multi_modal_9d,sparse,standard_disagreement,0.5767401360544218,0.4195664577823144,-0.09301850787565073,0.5203114185323479,0.2209556649467411,0.09761427945951637,0.09941846040583964,0.3652332793587801,1.0370522897853687
9,multi_modal_9d,sparse,standard_proximity,0.18587857142857142,0.18847419183989292,-0.005013497862551278,0.48137282372979634,0.2209556649467411,0.29316946121413723,0.2988700622795825,0.5101799092106105,1.0201463533000352
9,quadratic_9d,empty,chen_variance,0.35756530612244897,0.23231232119346107,-0.06794106622678052,0.2587646372891749,0.12052687204998436,0.09818111672855677,0.09131256670149733,0.3267407567773052,0.6337768256708572
9,quadratic_9d,empty,likelihood_credal,0.20694217687074828,0.1914368013980776,-0.06551069351069351,0.2582242865741811,0.12052687204998436,0.269731696633419,0.24836647614938026,0.37738892131899193,0.7303519649945346
9,quadratic_9d,empty,proximity_auto_lambda,0.14082312925170068,0.18279599901918384,-0.08308232659801706,0.2608189412933814,0.12052687204998436,0.41757400173165504,0.38259496597138426,0.35519738863884703,0.48153671205236714
9,quadratic_9d,empty,proximity_b,0.13520000000000001,0.18246791751735245,-0.06863370609430164,0.25884817790002707,0.12052687204998436,0.4453182124308629,0.40718097957819965,0.3622406454118006,0.4382809162602945
9,quadratic_9d,empty,proximity_bc,0.132571768707483,0.18206330443480218,-0.0733127705155902,0.25917703650758006,0.12052687204998436,0.44395172493073404,0.4056182631238136,0.35822350387406826,0.43803255212948183
9,quadratic_9d,empty,shaker_entropy,0.3193755102040816,0.21831031939834963,-0.08244982644982646,0.2605957173567094,0.12052687204998436,0.12916949145939466,0.12066063595223837,0.3418094457772612,0.6944681553372595
9,quadratic_9d,empty,smac3_variance,0.3433517006802721,0.2276833507753005,-0.07683226940369799,0.26012376055085046,0.12052687204998436,0.10539028270897875,0.09915865180632365,0.33366484474551966,0.6340451316142436
9,quadratic_9d,empty,standard_disagreement,0.3433517006802721,0.2276833507753005,-0.07683226940369799,0.26012376055085046,0.12052687204998436,0.10539028270897875,0.09915865180632365,0.3336648447455198,0.6340451316142436
9,quadratic_9d,empty,standard_proximity,0.09803673469387755,0.17762437171875808,-0.0843058795075559,0.26318197120100423,0.12052687204998436,0.5130314530563382,0.47358437302855716,0.40000308126923023,0.44496072758653293
9,quadratic_9d,sparse,chen_variance,0.11682312925170067,0.17811401085460504,0.1788215251072394,0.1751736521703959,0.08690037804617101,0.42473028251686307,0.40099239140829496,0.3633128656610975,0.5732528936155489
9,quadratic_9d,sparse,likelihood_credal,0.055927891156462586,0.17243178111158106,0.2537600366171795,0.163887620459108,0.08690037804617101,0.6150832634032428,0.5863997699592954,0.4046214984552707,0.6838294076426799
9,quadratic_9d,sparse,proximity_auto_lambda,0.08218367346938775,0.1753367928160687,0.24280529251957825,0.16559561354046276,0.08690037804617101,0.5368581339991213,0.5032378657419239,0.359232439151162,0.4157701352835672
9,quadratic_9d,sparse,proximity_b,0.07683809523809525,0.17498979137845833,0.25421808907523197,0.1636925142553062,0.08690037804617101,0.5620214450880325,0.5261023096294675,0.3637867697715172,0.36711179728591725
9,quadratic_9d,sparse,proximity_bc,0.078187074829932,0.17519118356312463,0.252135363563935,0.16412326182609024,0.08690037804617101,0.5606996560087444,0.5241299180959497,0.3639128044578464,0.3656697016431699
9,quadratic_9d,sparse,shaker_entropy,0.10424421768707483,0.1770481007885044,0.19123103751675183,0.17342580644512665,0.08690037804617101,0.46674763885940374,0.43978158718780574,0.3764640232925713,0.6420697305074871
9,quadratic_9d,sparse,smac3_variance,0.10214965986394557,0.17668629259879934,0.19023485994914566,0.17349112708030506,0.08690037804617101,0.461986831302817,0.4371319895124341,0.3759130196124267,0.5725490661429242
9,quadratic_9d,sparse,standard_disagreement,0.10214965986394557,0.17668629259879934,0.19023485994914566,0.17349112708030506,0.08690037804617101,0.461986831302817,0.4371319895124341,0.3759130196124267,0.5725490661429242
9,quadratic_9d,sparse,standard_proximity,0.07764557823129252,0.1754358542797601,0.2493150719963698,0.16502294453706884,0.08690037804617101,0.5801319930848648,0.5407239001420107,0.4037356345271129,0.37840641995313834
9,sin_cos_9d,empty,chen_variance,0.2765925170068027,0.2057042615164298,0.3131320279891709,0.26776651844658356,0.10320997549946906,0.17964229060742706,0.16154469472808755,0.26972587689254934,1.3362790269352423
9,sin_cos_9d,empty,likelihood_credal,0.22319115646258503,0.19485729023973972,0.32133494647780364,0.26109940740154397,0.10320997549946906,0.2442871516741915,0.21956337919352195,0.26975227849283556,1.2887132894464963
9,sin_cos_9d,empty,proximity_auto_lambda,0.2310421768707483,0.19630204011324745,0.3182270352355516,0.2647150923647528,0.10320997549946906,0.23839287309942475,0.213289626131695,0.2742082620158915,1.294295533602858
9,sin_cos_9d,empty,proximity_b,0.22527619047619046,0.19529429420675462,0.32106595935167365,0.2623199079891538,0.10320997549946906,0.24587269094141476,0.22038912347177547,0.27337308745259853,1.286952379589523
9,sin_cos_9d,empty,proximity_bc,0.21841496598639454,0.19408104224714703,0.3171426034283177,0.26427939007630136,0.10320997549946906,0.2549986380195672,0.2288227945853234,0.274976932109472,1.285953107010102
9,sin_cos_9d,empty,shaker_entropy,0.29055170068027214,0.21103416999196054,0.2767680847680848,0.2813191107749243,0.10320997549946906,0.1552565296034423,0.14146621929262077,0.2661890595933926,383.2111716928613
9,sin_cos_9d,empty,smac3_variance,0.27485238095238096,0.20554249760340756,0.3205383771098057,0.26398677205868076,0.10320997549946906,0.18113225650184958,0.16320898710889858,0.2686041465757551,1.3367813329791243
9,sin_cos_9d,empty,standard_disagreement,0.27485238095238096,0.20554249760340756,0.3205383771098057,0.26398677205868076,0.10320997549946906,0.18113225650184958,0.16320898710889858,0.2686041465757551,1.3367813329791243
9,sin_cos_9d,empty,standard_proximity,0.22874829931972787,0.1963324193864981,0.31643904443904447,0.2597888280755627,0.10320997549946906,0.2527969765236275,0.2270305351503617,0.29497914490625476,1.296654812316111
9,sin_cos_9d,sparse,chen_variance,0.3379183673469388,0.22567703379214524,0.36910079881508456,0.24902156510843482,0.10475608776570611,0.12209284290821538,0.10969550285366672,0.2599043742314719,1.31576287878808
9,sin_cos_9d,sparse,likelihood_credal,0.34855578231292517,0.2254306989388682,0.4026358112072398,0.23567006905013743,0.10475608776570611,0.11243514804982868,0.09903700905368537,0.25173505503668625,1.274116630053571
9,sin_cos_9d,sparse,proximity_auto_lambda,0.3143278911564626,0.21697664590258223,0.3694977403548832,0.24785240619436685,0.10475608776570611,0.14153348285713158,0.12561850171496894,0.2605119965212574,1.2897192146004828
9,sin_cos_9d,sparse,proximity_b,0.31121020408163264,0.21610934706740528,0.37426906341192057,0.24528739106792252,0.10475608776570611,0.14834844196374256,0.1319714443521603,0.25909700302377825,1.277000339749075
9,sin_cos_9d,sparse,proximity_bc,0.30749727891156464,0.2152492853217245,0.3725415965415966,0.24607217212357219,0.10475608776570611,0.14814250232266063,0.131695088877731,0.260594568541717,1.2743155593238953
9,sin_cos_9d,sparse,shaker_entropy,0.31319387755102035,0.2185280658481365,0.31991041919015295,0.2632988934215546,0.10475608776570611,0.13689662334997962,0.12405152540897044,0.26179982386284556,1325.1848049104203
9,sin_cos_9d,sparse,smac3_variance,0.3343394557823129,0.22430725129088014,0.37467352724495584,0.2460037378034245,0.10475608776570611,0.12443102556993561,0.11173908015354504,0.25985278992343813,1.3153025986535152
9,sin_cos_9d,sparse,standard_disagreement,0.3343394557823129,0.22430725129088014,0.37467352724495584,0.2460037378034245,0.10475608776570611,0.12443102556993561,0.11173908015354504,0.25985278992343813,1.3153025986535152
9,sin_cos_9d,sparse,standard_proximity,0.3333462585034014,0.22249122999625223,0.38083666330249033,0.24006797628050602,0.10475608776570611,0.14244663644039537,0.12632470199253115,0.27412085656463586,1.287582203084138
10,friedman_10d,empty,chen_variance,0.45485646258503404,0.26277135208799624,0.02764681736110308,0.21079091198034972,0.10560478525647933,0.07884284331714898,0.06968228767217531,0.2541236934742258,0.45639751335706313
10,friedman_10d,empty,likelihood_credal,0.39631972789115644,0.23820287501881948,0.050361139503996656,0.20791143551610541,0.10560478525647933,0.13076744687710276,0.1144510791082458,0.2838069233630025,0.5799376743377589
10,friedman_10d,empty,proximity_auto_lambda,0.3499455782312925,0.22326983727984606,0.03854667854667855,0.20934875860802532,0.10560478525647933,0.21471576193784733,0.1886494629625075,0.2622503478458937,0.40657183512226724
10,friedman_10d,empty,proximity_b,0.3741323129251701,0.23070712017224684,0.06813493073268594,0.20512810419310662,0.10560478525647933,0.24255404226224495,0.21349534425135136,0.26435860372628583,0.35922112892354224
10,friedman_10d,empty,proximity_bc,0.34037210884353747,0.2211423362961288,0.04682947168793839,0.20784246242909857,0.10560478525647933,0.24081558574645653,0.211986565625661,0.2629770934577346,0.3578144856935182
10,friedman_10d,empty,shaker_entropy,0.46343877551020407,0.26557909450361417,0.04726071868929012,0.2086581086924168,0.10560478525647933,0.0943248580114617,0.08282236721042582,0.25811146584578487,0.5303238625503081
10,friedman_10d,empty,smac3_variance,0.4733319727891156,0.27321807893175076,0.04015268986697558,0.2093029544043084,0.10560478525647933,0.09332943190810049,0.08307165098754099,0.2606627535940756,0.4571975080600024
10,friedman_10d,empty,standard_disagreement,0.4733319727891156,0.27321807893175076,0.04015268986697558,0.2093029544043084,0.10560478525647933,0.09332943190810049,0.08307165098754099,0.26066275359407565,0.4571975080600025
10,friedman_10d,empty,standard_proximity,0.33799047619047623,0.22272929525558793,0.025498722690435977,0.2101735595281147,0.10560478525647933,0.2829488625662385,0.2498458991367242,0.32052674828812744,0.36873842336966584
10,friedman_10d,sparse,chen_variance,0.06433333333333334,0.17216070168706007,0.2641598727313013,0.13372566813640827,0.07100000515211706,0.5510902281530698,0.536010902362258,0.30450351242064905,0.35534786469722607
10,friedman_10d,sparse,likelihood_credal,0.025963945578231302,0.16954900335476356,0.31069365983651703,0.128210784041179,0.07100000515211706,0.7246216802481918,0.7085600370107124,0.33622054864904266,0.4989299810500306
10,friedman_10d,sparse,proximity_auto_lambda,0.059050340136054424,0.1719259092346193,0.2897245115730054,0.13144056428783493,0.07100000515211706,0.5824954227415325,0.5648159286716302,0.2906344420613239,0.32280053636191675
10,friedman_10d,sparse,proximity_b,0.05633401360544218,0.1717777579163425,0.30077933735076595,0.13053407074234874,0.07100000515211706,0.5991470394953348,0.5811065649878425,0.2898226876667545,0.27097442860194587
10,friedman_10d,sparse,proximity_bc,0.0586108843537415,0.17198665586919118,0.296155247583819,0.13093656447197694,0.07100000515211706,0.5847798020152232,0.5661153928372051,0.2891026860439001,0.26953007914580873
10,friedman_10d,sparse,shaker_entropy,0.061337414965986395,0.17212983627691886,0.273809514380943,0.1327037999781288,0.07100000515211706,0.5720015804243409,0.5557542872317565,0.31581594219837067,0.4407096652335806
10,friedman_10d,sparse,smac3_variance,0.05709183673469388,0.1715966141270002,0.2697759040616184,0.13290034320076716,0.07100000515211706,0.5875647322739866,0.5718332969536977,0.3200280277750682,0.3554392833732666
10,friedman_10d,sparse,standard_disagreement,0.05709183673469388,0.1715966141270002,0.2697759040616184,0.13290034320076716,0.07100000515211706,0.5875647322739866,0.5718332969536977,0.3200280277750683,0.3554392833732666
10,friedman_10d,sparse,standard_proximity,0.11963877551020409,0.17907573209474764,0.2581221832650404,0.1365495628228149,0.07100000515211706,0.42413657280838307,0.39759178378225096,0.3479108630534335,0.2966703990244642
10,quadratic_10d,empty,chen_variance,0.3327170068027211,0.22124957589503572,-0.08563149248863534,0.2775548850943044,0.12884301999122377,0.11842968555895907,0.10990969552537247,0.3436122262886173,0.6758882189162554
10,quadratic_10d,empty,likelihood_credal,0.18400340136054422,0.18816922508511705,-0.07605260633832063,0.2744595404690014,0.12884301999122377,0.3174276875883904,0.29307945922824025,0.4026559600532359,0.7661927402317852
10,quadratic_10d,empty,proximity_auto_lambda,0.12554625850340134,0.1809679635666999,-0.0937985497985498,0.2780311274829849,0.12884301999122377,0.452092795169473,0.4119899500928094,0.3679279719527838,0.5217594923192309
10,quadratic_10d,empty,proximity_b,0.11610748299319729,0.17992783272714893,-0.0824555712052806,0.27654362885198736,0.12884301999122377,0.4821550368066491,0.43964267191130496,0.36969119514310095,0.4797964900922573
10,quadratic_10d,empty,proximity_bc,0.1146687074829932,0.17975233845096825,-0.08436469756627941,0.27648755656871626,0.12884301999122377,0.4789194598788559,0.43694930091210366,0.37562038498075995,0.4797022113851842
10,quadratic_10d,empty,shaker_entropy,0.28993197278911564,0.20908194427017,-0.09970750313607457,0.27863444223548917,0.12884301999122377,0.1647169944152716,0.15364039056388054,0.37316445310861185,0.7366965646483067
10,quadratic_10d,empty,smac3_variance,0.3192312925170068,0.2171175994171732,-0.09344842716271289,0.2781310061518932,0.12884301999122377,0.1376140479011794,0.12787743717799044,0.364501651428767,0.6755933482087917
10,quadratic_10d,empty,standard_disagreement,0.3192312925170068,0.2171175994171732,-0.09344842716271289,0.2781310061518932,0.12884301999122377,0.1376140479011794,0.12787743717799044,0.36450165142876695,0.6755933482087917
10,quadratic_10d,empty,standard_proximity,0.08583333333333333,0.17584873465254455,-0.09077167194119999,0.2792984909881155,0.12884301999122377,0.534209820923298,0.4935431318638419,0.41549526697688594,0.48656530402779047
10,quadratic_10d,sparse,chen_variance,0.07019659863945578,0.1729888090877816,0.20941548541548544,0.18162690136248352,0.09239905734250413,0.5514366602539204,0.5312573428723232,0.382066276051638,0.6048651311881933
10,quadratic_10d,sparse,likelihood_credal,0.02564693877551021,0.16979297075936375,0.26943574143574145,0.17172274615595245,0.09239905734250413,0.740394754588576,0.718705274511554,0.43209037894234154,0.7107555579990584
10,quadratic_10d,sparse,proximity_auto_lambda,0.0688108843537415,0.17410655456031812,0.24258083058083058,0.17816106238370671,0.09239905734250413,0.5855894716476023,0.5521550601796257,0.3674834300004424,0.4560769019399942
10,quadratic_10d,sparse,proximity_b,0.06307482993197279,0.17370434443127367,0.2617706429135001,0.17528790838157135,0.09239905734250413,0.6098722028936797,0.5741147024365523,0.37729322789228253,0.4076222313698298
10,quadratic_10d,sparse,proximity_bc,0.06334829931972788,0.17368882756792264,0.25523994323994326,0.17594706384510833,0.09239905734250413,0.6099246656687427,0.574699910578671,0.3741121404464901,0.40680685484430823
10,quadratic_10d,sparse,shaker_entropy,0.058595238095238096,0.17229669119569424,0.21445673331387619,0.1808763849273145,0.09239905734250413,0.5911353597125182,0.5667377272932278,0.4058603347800923,0.6753060018628706
10,quadratic_10d,sparse,smac3_variance,0.05741156462585034,0.17195148950283,0.21223142537428252,0.1810925102892929,0.09239905734250413,0.5944814773987179,0.5726735624092438,0.40898388920622397,0.6044280351410621
10,quadratic_10d,sparse,standard_disagreement,0.05741156462585034,0.17195148950283,0.21223142537428252,0.1810925102892929,0.09239905734250413,0.5944814773987179,0.5726735624092438,0.40898388920622397,0.604428035141062
10,quadratic_10d,sparse,standard_proximity,0.0637673469387755,0.17388654873759007,0.2610100461529033,0.1760456482732514,0.09239905734250413,0.6107042613740614,0.5735411243357554,0.40873839053320304,0.41833477760178045
10,sin_cos_10d,empty,chen_variance,0.1958265306122449,0.18977041454428406,0.2998951147522576,0.22992442529910412,0.08647448865623823,0.27433095413726843,0.24973043853574897,0.28221695149873643,1.2104795553941192
10,sin_cos_10d,empty,likelihood_credal,0.15398163265306122,0.18375954770975098,0.3048780117351546,0.2270450185435005,0.08647448865623823,0.35016464118265767,0.31782477859183544,0.2798849177912628,1.1873961886538673
10,sin_cos_10d,empty,proximity_auto_lambda,0.14601156462585035,0.18242318691551132,0.30120292063149207,0.22911854460414016,0.08647448865623823,0.3607826899308507,0.3301468335816117,0.2855977151881729,1.1947200183613873
10,sin_cos_10d,empty,proximity_b,0.13670272108843537,0.18132604774768454,0.3019844214129929,0.22843361146348126,0.08647448865623823,0.3845971009163793,0.35195993111535834,0.2855740047183305,1.1807887811486322
10,sin_cos_10d,empty,proximity_bc,0.13437687074829932,0.18102661347824484,0.3013278733278733,0.2282112959745414,0.08647448865623823,0.3871168024225265,0.35454145763492495,0.2868339665115764,1.177975327143806
10,sin_cos_10d,empty,shaker_entropy,0.23623265306122448,0.19699000943688222,0.26814294548924916,0.24114259150901,0.08647448865623823,0.20529705401675066,0.18869369778581363,0.27550644067969265,33274.63255094625
10,sin_cos_10d,empty,smac3_variance,0.19338843537414968,0.18945536062620172,0.3041875584732728,0.22842238565409873,0.08647448865623823,0.28442468882724736,0.2585051389668524,0.28260001591803147,1.2129380362785984
10,sin_cos_10d,empty,standard_disagreement,0.19338843537414968,0.18945536062620172,0.3041875584732728,0.22842238565409873,0.08647448865623823,0.28442468882724736,0.2585051389668524,0.28260001591803147,1.2129380362785984
10,sin_cos_10d,empty,standard_proximity,0.12689319727891155,0.1799574690309171,0.29378414978414974,0.22560651348697625,0.08647448865623823,0.41076304407390846,0.37803767522105,0.30442263665526365,1.1795449607039767
10,sin_cos_10d,sparse,chen_variance,0.22546122448979591,0.19510729184935213,0.33905894877323456,0.2190752623940544,0.08621143699578661,0.22824520318342376,0.2078860635194492,0.27675245868564446,1.2048170558784863
10,sin_cos_10d,sparse,likelihood_credal,0.22583673469387752,0.19477389662320896,0.35735630135630136,0.211047206895452,0.08621143699578661,0.2249433429693036,0.2034200871573472,0.26922546604873926,1.1802540472240908
10,sin_cos_10d,sparse,proximity_auto_lambda,0.2092517006802721,0.19242092163989713,0.3483480877766592,0.2139941477161598,0.08621143699578661,0.2628787976267902,0.2407669415089154,0.2775720295278041,1.1947751801548943
10,sin_cos_10d,sparse,proximity_b,0.19993129251700678,0.19076918627686648,0.34517790232075946,0.21530595707323924,0.08621143699578661,0.27437633290325036,0.25101168269693414,0.2758383369776262,1.181440803101257
10,sin_cos_10d,sparse,proximity_bc,0.20149659863945577,0.1911064802695071,0.3465416842566849,0.21482373601577373,0.08621143699578661,0.27408974798672947,0.25060739934989784,0.27670537188308403,1.1791154281933416
10,sin_cos_10d,sparse,shaker_entropy,0.22526632653061227,0.1957007873906544,0.30269474034981425,0.23276497966239476,0.08621143699578661,0.23117120809565359,0.21283360260044962,0.27785719246871193,1191.126089244124
10,sin_cos_10d,sparse,smac3_variance,0.22175986394557826,0.1944566981820535,0.34314190142761575,0.21718618438827,0.08621143699578661,0.23286592749485305,0.21202504095301716,0.27686737124561817,1.203575729021623
10,sin_cos_10d,sparse,standard_disagreement,0.22175986394557826,0.1944566981820535,0.34314190142761575,0.21718618438827,0.08621143699578661,0.23286592749485305,0.21202504095301716,0.27686737124561817,1.203575729021623
10,sin_cos_10d,sparse,standard_proximity,0.2062081632653061,0.19149224973842177,0.3393791365219937,0.21025075509208063,0.08621143699578661,0.264467949868003,0.24052711380707723,0.28729002323473624,1.1797080144866234
11,sin_cos_11d,empty,chen_variance,0.19339115646258503,0.18914571501181965,0.24794828337685484,0.2444942158537739,0.08142430952884083,0.2776993180230475,0.25437247541022046,0.2783216992421077,1.2779548925326212
11,sin_cos_11d,empty,likelihood_credal,0.15143469387755104,0.18284099936408205,0.25181894039036895,0.2445611979214685,0.08142430952884083,0.3361250480870986,0.30926385315370203,0.2773783016405372,1.2445738562015836
11,sin_cos_11d,empty,proximity_auto_lambda,0.1380374149659864,0.1819055551929078,0.25771440914298055,0.234573403182924,0.08142430952884083,0.3827118483359677,0.3505286460895337,0.282687444428072,1.2091497802002071
11,sin_cos_11d,empty,proximity_b,0.1281517006802721,0.18073439283482057,0.2567079921365636,0.23461711967495644,0.08142430952884083,0.4077919244074036,0.3735255117799258,0.28280881855699935,1.212384133761448
11,sin_cos_11d,empty,proximity_bc,0.1258857142857143,0.18048525860412548,0.2558920136062993,0.23473845581114888,0.08142430952884083,0.4124189115408424,0.37806289965827006,0.28346463145941997,1.2092249542939804
11,sin_cos_11d,empty,shaker_entropy,0.24717244897959187,0.2001165910846837,0.20372613974388945,0.2648215634030263,0.08142430952884083,0.1921634838305412,0.1792071407672025,0.2762710632403423,202573.8540362486
11,sin_cos_11d,empty,smac3_variance,0.1901809523809524,0.18872768508754525,0.25744191629905916,0.24158249807076942,0.08142430952884083,0.28646208224422504,0.26223648894742485,0.27784542024221504,1.2758457502879381
11,sin_cos_11d,empty,standard_disagreement,0.1901809523809524,0.18872768508754525,0.25744191629905916,0.24158249807076942,0.08142430952884083,0.28646208224422504,0.26223648894742485,0.27784542024221504,1.2758457502879383
11,sin_cos_11d,empty,standard_proximity,0.12943537414965986,0.1807221545646991,0.26010748925034644,0.23192936575622158,0.08142430952884083,0.4102843863183913,0.3775651081188891,0.29154517480216696,1.2329522684855974
11,sin_cos_11d,sparse,chen_variance,0.330965306122449,0.22798825725393185,0.30823697795126365,0.2182624326596669,0.08267678143107984,0.1357889326353044,0.12266888390422459,0.25765827672748653,1.2399274797706075
11,sin_cos_11d,sparse,likelihood_credal,0.3212829931972789,0.21955834624429685,0.33010634496348784,0.20836058618816236,0.08267678143107984,0.13715605116964333,0.12246972547978956,0.2581076012841352,1.2071153378825212
11,sin_cos_11d,sparse,proximity_auto_lambda,0.3110809523809524,0.21645813694158972,0.3146940215511644,0.21275446691410765,0.08267678143107984,0.15448416258509798,0.13812022320179806,0.2627687549915393,1.2118783982700323
11,sin_cos_11d,sparse,proximity_b,0.30363537414965985,0.21459036382253174,0.31811891754748894,0.2114107224476258,0.08267678143107984,0.16539767956171397,0.14841267305104794,0.2621692644909284,1.2036883200861586
11,sin_cos_11d,sparse,proximity_bc,0.3028952380952381,0.21426478365840093,0.3165132507989651,0.21181508226594983,0.08267678143107984,0.1647347899562432,0.14740865505347725,0.2631877225582677,1.202225073579339
11,sin_cos_11d,sparse,shaker_entropy,0.31959591836734697,0.23230912940727536,0.2560112978330498,0.2409166586469744,0.08267678143107984,0.16095672602670502,0.14700176413436086,0.2644939989172434,52030.43585111928
11,sin_cos_11d,sparse,smac3_variance,0.3283142857142857,0.2272079822330371,0.3143237166094309,0.21689713975831953,0.08267678143107984,0.13444041380130534,0.12121217284606199,0.25705543296989286,1.2430106632065117
11,sin_cos_11d,sparse,standard_disagreement,0.3283142857142857,0.2272079822330371,0.3143237166094309,0.21689713975831953,0.08267678143107984,0.13444041380130534,0.12121217284606199,0.2570554329698929,1.2430106632065119
11,sin_cos_11d,sparse,standard_proximity,0.3156170068027211,0.2154896243056248,0.31786373386373384,0.21005473524488008,0.08267678143107984,0.16438535669839321,0.14529184812768522,0.26268005369464026,1.2327772648062136
12,sin_cos_12d,empty,chen_variance,0.14856326530612246,0.1826224657209059,0.2712900192900193,0.20317658723540966,0.07139896109579998,0.34925873747945607,0.3253323179446273,0.2838293577184602,1.1164239379623229
12,sin_cos_12d,empty,likelihood_credal,0.11620204081632654,0.17824557026837665,0.2679093844808131,0.2006616488092304,0.07139896109579998,0.4016628072921834,0.374810711862049,0.28742837926823156,1.101376878037032
12,sin_cos_12d,empty,proximity_auto_lambda,0.09075442176870749,0.17561760621216346,0.2764345598631313,0.19843584316914215,0.07139896109579998,0.4604083889634088,0.4301996108876132,0.2924498960543983,1.0851017044778606
12,sin_cos_12d,empty,proximity_b,0.0825639455782313,0.1748144226923826,0.27630846887989746,0.19777145801299886,0.07139896109579998,0.4824141150365299,0.45007052256067887,0.29120560805950774,1.0771837656607623
12,sin_cos_12d,empty,proximity_bc,0.08095714285714287,0.17464542985644385,0.275856260427689,0.19742850334960546,0.07139896109579998,0.4861850286695373,0.45354007181015504,0.29263784927983877,1.0721416332128155
12,sin_cos_12d,empty,shaker_entropy,0.208443537414966,0.19342527261179615,0.22585460091547996,0.22190430748704454,0.07139896109579998,0.23735863901179455,0.220938718247776,0.2873216254048021,597084.9842030115
12,sin_cos_12d,empty,smac3_variance,0.14311292517006802,0.18185856802846329,0.27219361676504533,0.20181487662879288,0.07139896109579998,0.36529964940278753,0.3408192308434857,0.28559992442695586,1.1160542950429915
12,sin_cos_12d,empty,standard_disagreement,0.14311292517006802,0.18185856802846329,0.27219361676504533,0.20181487662879288,0.07139896109579998,0.36529964940278753,0.3408192308434857,0.28559992442695586,1.1160542950429917
12,sin_cos_12d,empty,standard_proximity,0.07738707482993198,0.17423717343786543,0.269853998425427,0.1974027623037687,0.07139896109579998,0.5233015030802756,0.4928928729969152,0.3009523750658884,1.0884129716458244
12,sin_cos_12d,sparse,chen_variance,0.2119938775510204,0.19322988112077297,0.2887226338654911,0.1939136390260665,0.07272783413993802,0.25054132387583034,0.22744276138030722,0.274768161438764,1.1172513439148073
12,sin_cos_12d,sparse,likelihood_credal,0.210878231292517,0.19281996109491706,0.3129559912417056,0.18544984277001175,0.07272783413993802,0.2515239955758285,0.22540640444533927,0.2779638632411487,1.097656724393413
12,sin_cos_12d,sparse,proximity_auto_lambda,0.2078986394557823,0.19172593616189793,0.314670547813405,0.18544418875321084,0.07272783413993802,0.24583158161867566,0.22312261403418152,0.28257322845418165,1.1029353903272423
12,sin_cos_12d,sparse,proximity_b,0.2018265306122449,0.19093116744179975,0.3143985075413647,0.18358656819772673,0.07272783413993802,0.2512376718428487,0.22831560348041008,0.2804919826356596,1.0856064032815642
12,sin_cos_12d,sparse,proximity_bc,0.19899931972789117,0.19042710794734666,0.31346549117977685,0.183910425692913,0.07272783413993802,0.25585858539083717,0.23233364138825022,0.28205718154623577,1.0824604225446992
12,sin_cos_12d,sparse,shaker_entropy,0.2318887755102041,0.2001550586806306,0.23759691831464894,0.21323471738004168,0.07272783413993802,0.22577598021766557,0.20590458040386175,0.2836062507946994,636302.8920040341
12,sin_cos_12d,sparse,smac3_variance,0.20878503401360543,0.1926586825311832,0.29393190421761856,0.19258993379697012,0.07272783413993802,0.25737088222291093,0.23329492912543426,0.2754816656046635,1.1184598942768151
12,sin_cos_12d,sparse,standard_disagreement,0.20878503401360543,0.1926586825311832,0.29393190421761856,0.19258993379697012,0.07272783413993802,0.25737088222291093,0.23329492912543426,0.2754816656046634,1.1184598942768151
12,sin_cos_12d,sparse,standard_proximity,0.20360272108843538,0.1910568162465709,0.3044001284001285,0.18411001807734922,0.07272783413993802,0.26417090398202464,0.2388073027402852,0.2762061491968383,1.0967054333500208
13,sin_cos_13d,empty,chen_variance,0.15390340136054423,0.1831320995451485,0.21782045667759956,0.2268645878129047,0.06844901673000768,0.33616919854670435,0.31621404708301776,0.28289460576250225,1.4057137389984031
13,sin_cos_13d,empty,likelihood_credal,0.11413673469387756,0.1776367429726771,0.21004925919211637,0.22763620650492197,0.06844901673000768,0.3951789955195382,0.3723659289046977,0.2855706885803185,1.3420202694428265
13,sin_cos_13d,empty,proximity_auto_lambda,0.05787346938775511,0.1724637204737589,0.20169671426814287,0.2243313971801771,0.06844901673000768,0.551251213679018,0.5210063865926414,0.29464721535439303,1.27463698343089
13,sin_cos_13d,empty,proximity_b,0.05352857142857143,0.17217370153621386,0.2043787855216427,0.22337069838422058,0.06844901673000768,0.5790184983158859,0.5468280258606582,0.2932367587611283,1.316935433408015
13,sin_cos_13d,empty,proximity_bc,0.05043197278911565,0.17189011067815943,0.20175797604369033,0.2246159047609562,0.06844901673000768,0.5825715408514773,0.5511621444321013,0.29427974060256534,1.317117798909096
13,sin_cos_13d,empty,shaker_entropy,0.2177452380952381,0.19621612513288822,0.18823116354668853,0.23834649234791616,0.06844901673000768,0.2285116718992731,0.21488647306985187,0.28811815151744774,1039831.9287108404
13,sin_cos_13d,empty,smac3_variance,0.15096122448979593,0.18277544832774853,0.2160932109503538,0.22702166800819365,0.06844901673000768,0.34407713998210054,0.3239828734266181,0.2826537648738137,1.4141269189840442
13,sin_cos_13d,empty,standard_disagreement,0.15096122448979593,0.18277544832774853,0.2160932109503538,0.22702166800819365,0.06844901673000768,0.34407713998210054,0.3239828734266181,0.2826537648738137,1.4141269189840442
13,sin_cos_13d,empty,standard_proximity,0.055485034013605446,0.17242038801197854,0.19859803516946378,0.21991724877010768,0.06844901673000768,0.6071433134079862,0.5740355833532363,0.30632763464087176,1.3499111385044278
13,sin_cos_13d,sparse,chen_variance,0.24165510204081633,0.19927610909502858,0.2408062722348437,0.2090583788387354,0.07032706541205634,0.22268040178855555,0.19905302421212273,0.27108297575492474,1.336662414747744
13,sin_cos_13d,sparse,likelihood_credal,0.2502401360544218,0.20010065681614503,0.2672115186400901,0.20043341476635207,0.07032706541205634,0.20001208030538062,0.17888823811189627,0.27444821822829185,1.289027620964353
13,sin_cos_13d,sparse,proximity_auto_lambda,0.24743877551020407,0.20096745114495165,0.2731102359673788,0.1987219587708537,0.07032706541205634,0.22311336436225698,0.19784578690235569,0.28014578907416837,1.2615217977108755
13,sin_cos_13d,sparse,proximity_b,0.23894557823129253,0.19924005984526402,0.2739566293852008,0.19710094246263526,0.07032706541205634,0.2338709618781312,0.20709958869097841,0.2784078002965132,1.2860219567047892
13,sin_cos_13d,sparse,proximity_bc,0.2361170068027211,0.19862425165288694,0.2730582399153828,0.1972333702195608,0.07032706541205634,0.23676924642050476,0.21009938252893215,0.27987040905313093,1.2823160466064547
13,sin_cos_13d,sparse,shaker_entropy,0.2802081632653061,0.20936489962098379,0.2078274911532822,0.2315729710953633,0.07032706541205634,0.1761751434522337,0.16063399892231847,0.284367443522147,235803.5011277084
13,sin_cos_13d,sparse,smac3_variance,0.23955442176870748,0.19896718669124283,0.2444672564672565,0.20749275535331338,0.07032706541205634,0.22746887714412725,0.20367134774416654,0.2713127846827336,1.3387167463658582
13,sin_cos_13d,sparse,standard_disagreement,0.23955442176870748,0.19896718669124283,0.2444672564672565,0.20749275535331338,0.07032706541205634,0.22746887714412725,0.20367134774416654,0.2713127846827336,1.3387167463658582
13,sin_cos_13d,sparse,standard_proximity,0.2383034013605442,0.19854149069354982,0.2614683043254472,0.19453189878842875,0.07032706541205634,0.2507207334950904,0.22199693867871087,0.27461407132708865,1.3253035714710992
14,sin_cos_14d,empty,chen_variance,0.12475986394557824,0.17839713550176725,0.2170188593045736,0.17807055161731009,0.060415275259078936,0.38371988104023075,0.36501084333400025,0.2874521464113448,1.0458392796179086
14,sin_cos_14d,empty,likelihood_credal,0.07809047619047618,0.17350636674375222,0.22340931826646113,0.17492941797528144,0.060415275259078936,0.46288091576386253,0.43698618902498676,0.2911529897229969,1.0035566944804108
14,sin_cos_14d,empty,proximity_auto_lambda,0.04571496598639456,0.1714403880174303,0.21675188989474706,0.17855328346980032,0.060415275259078936,0.5609623338969089,0.5180489532527395,0.29338912447085175,1.0259054628811919
14,sin_cos_14d,empty,proximity_b,0.039068027210884364,0.17088978567063778,0.21871977024159353,0.17696854931207565,0.060415275259078936,0.5830411019640226,0.5381096565721181,0.2923370822326782,1.0190017489314858
14,sin_cos_14d,empty,proximity_bc,0.03829863945578232,0.17082851074370956,0.2171261736976023,0.17728628416843714,0.060415275259078936,0.5811990006369746,0.5359639715702956,0.2932094815087222,1.0202002132577181
14,sin_cos_14d,empty,shaker_entropy,0.1932343537414966,0.19040292515549664,0.16805607488612906,0.1941939739581288,0.060415275259078936,0.2637575160088402,0.2464945449382936,0.29465924667491183,958405.8809419574
14,sin_cos_14d,empty,smac3_variance,0.12336190476190476,0.17824191977621803,0.22180853037995898,0.17682546076222788,0.060415275259078936,0.3889429640048937,0.3698589608970174,0.28615508889446317,1.038618213572026
14,sin_cos_14d,empty,standard_disagreement,0.12336190476190476,0.17824191977621803,0.22180853037995898,0.17682546076222788,0.060415275259078936,0.3889429640048937,0.3698589608970174,0.2861550888944632,1.038618213572026
14,sin_cos_14d,empty,standard_proximity,0.04004557823129252,0.17110292260998672,0.2086180897609469,0.17526465474868155,0.060415275259078936,0.6662319437159111,0.6356446285318791,0.3091692008843802,1.0352009234747792
14,sin_cos_14d,sparse,chen_variance,0.22303809523809523,0.19905393827187065,0.25881025538168395,0.16835985772032816,0.06217702860063816,0.24141625190378693,0.22440955732414852,0.2744700693066801,1.0242879232051947
14,sin_cos_14d,sparse,likelihood_credal,0.20500680272108843,0.19291566195422008,0.26217283360140503,0.16864718755933247,0.06217702860063816,0.24909274404410117,0.22818140129484105,0.27998476296272,1.0207759258576137
14,sin_cos_14d,sparse,proximity_auto_lambda,0.17356054421768707,0.18758166439718682,0.2600912703769847,0.1658937585764957,0.06217702860063816,0.30518389508439,0.27701957620227285,0.2856404978892752,1.0355666812496083
14,sin_cos_14d,sparse,proximity_b,0.16478265306122447,0.18626603156019614,0.26283851552251686,0.16440568335638256,0.06217702860063816,0.3227060706123491,0.29287381033125076,0.2845722684273282,1.025913360492035
14,sin_cos_14d,sparse,proximity_bc,0.16308163265306122,0.18594572394513179,0.2609635083920799,0.16460180649736486,0.06217702860063816,0.325342005911693,0.2938426916135675,0.2855525378857667,1.0230713983857516
14,sin_cos_14d,sparse,shaker_entropy,0.2682666666666667,0.22061612103361458,0.19012781499850603,0.19862633970568802,0.06217702860063816,0.20684875996170657,0.19135197749333394,0.2842754587393897,2018235.412938753
14,sin_cos_14d,sparse,smac3_variance,0.22120748299319729,0.19882480086308352,0.2604154489868776,0.16825455806656506,0.06217702860063816,0.2461945166731024,0.22830578091476741,0.2738497451702785,1.0304553966474057
14,sin_cos_14d,sparse,standard_disagreement,0.22120748299319729,0.19882480086308352,0.2604154489868776,0.16825455806656506,0.06217702860063816,0.2461945166731024,0.22830578091476741,0.2738497451702785,1.0304553966474057
14,sin_cos_14d,sparse,standard_proximity,0.16198027210884353,0.18618244150117838,0.24013175937037415,0.16571095634618951,0.06217702860063816,0.3619431665327215,0.33232359287744917,0.28616681011363354,1.030734996522509
15,sin_cos_15d,empty,chen_variance,0.10538843537414966,0.1766399153623524,0.19716189259046404,0.20435811910367205,0.059131948380371675,0.4074192409352471,0.3834851415679817,0.28893709307062826,1.5359761412601132
15,sin_cos_15d,empty,likelihood_credal,0.08830136054421768,0.17449239147210457,0.19333268533268536,0.2072866392590477,0.059131948380371675,0.3791996154218416,0.3558818206497368,0.2923514568835426,1.4073698195138402
15,sin_cos_15d,empty,proximity_auto_lambda,0.03369727891156463,0.170270170359805,0.18011079275323796,0.20952516353520537,0.059131948380371675,0.423588936771884,0.3800591307187308,0.29688378147958916,1.4180881174210545
15,sin_cos_15d,empty,proximity_b,0.028351700680272113,0.1699267171976393,0.1804928576357148,0.20910217541926673,0.059131948380371675,0.4375150553278434,0.39235461387916165,0.29604136378751417,1.4860374090796145
15,sin_cos_15d,empty,proximity_bc,0.027880952380952385,0.1698788517060828,0.18048698791555934,0.20932712821608992,0.059131948380371675,0.42761754219963033,0.3826131978817515,0.2966674279518276,1.4862496297944128
15,sin_cos_15d,empty,shaker_entropy,0.19003639455782312,0.1895963304410547,0.1570244930113311,0.2085677019688227,0.059131948380371675,0.23191216950129667,0.21397989729980896,0.2950007042121604,328906.5852667061
15,sin_cos_15d,empty,smac3_variance,0.10244897959183673,0.1763508389134559,0.1983845052416481,0.20367856457198683,0.059131948380371675,0.40803391332229955,0.38432329413427607,0.28943797003860977,1.514247370269414
15,sin_cos_15d,empty,standard_disagreement,0.10244897959183673,0.1763508389134559,0.1983845052416481,0.20367856457198683,0.059131948380371675,0.40803391332229955,0.38432329413427607,0.28943797003860977,1.514247370269414
15,sin_cos_15d,empty,standard_proximity,0.03218367346938776,0.17023363154283708,0.17513231341802774,0.20508984602208183,0.059131948380371675,0.6869415976437606,0.6617102371210153,0.29571978305630175,1.547819131019462
15,sin_cos_15d,sparse,chen_variance,0.22150408163265303,0.196743323150854,0.23210252638824067,0.18106657220436387,0.0589394928818761,0.24024559379146274,0.21679024479188877,0.2780683102813374,1.378331965564546
15,sin_cos_15d,sparse,likelihood_credal,0.23573265306122448,0.19822396292845407,0.2461950113378685,0.17705185072326843,0.0589394928818761,0.19659803802796563,0.17328356149333074,0.2828196045946051,1.3408919916773907
15,sin_cos_15d,sparse,proximity_auto_lambda,0.21852585034013608,0.19473890566984225,0.2462295370866799,0.1740628777273817,0.0589394928818761,0.21104882113980014,0.18696342086800424,0.2899966673118164,1.2951935063730386
15,sin_cos_15d,sparse,proximity_b,0.20875170068027213,0.1930573463608046,0.24588822588822593,0.17324919386816265,0.0589394928818761,0.2147313836563352,0.18971164835368487,0.2893926645847606,1.3502742389075135
15,sin_cos_15d,sparse,proximity_bc,0.20674285714285712,0.192639249439272,0.2441789905737952,0.17377860323488897,0.0589394928818761,0.20839503714374277,0.18396267506403266,0.29024824786056164,1.3463544132739624
15,sin_cos_15d,sparse,shaker_entropy,0.264587074829932,0.2068553111731984,0.18223750998449992,0.19513880512117904,0.0589394928818761,0.16525796396252715,0.14831415804153755,0.2903497475834988,245756.1073299821
15,sin_cos_15d,sparse,smac3_variance,0.2199027210884354,0.19646444335668936,0.23600964458107315,0.18085016800172396,0.0589394928818761,0.24701408206168246,0.22263400414983808,0.27844903347487643,1.3853614549187658
15,sin_cos_15d,sparse,standard_disagreement,0.2199027210884354,0.19646444335668936,0.23600964458107315,0.18085016800172396,0.0589394928818761,0.24701408206168246,0.22263400414983808,0.27844903347487643,1.3853614549187658
15,sin_cos_15d,sparse,standard_proximity,0.20470204081632654,0.192282197417305,0.2269913974751412,0.17245833535373484,0.0589394928818761,0.27960702919738323,0.25125308694962617,0.27082840760767407,1.4322127380676293
