
======================================================================
EPISTEMIC UNCERTAINTY QUANTIFICATION - COMPREHENSIVE TEST SUITE
Started: 2026-07-10 01:18:39
Config: RF Config=5, K Neighbors=20, Gap Type=sparse, Multiplier=5, Scaling Law=leaf, Runs=5, Topological Decay Lambda=None
======================================================================

[SETUP SUMMARY]
  * Functions: 36 total (5 1D, 5 2D, 5 3D, 3 4D, 3 5D, 3 6D, 3 7D, 3 8D, 3 9D, 3 10D)
  * Runs: 5 (total evaluations: 180)
  * Approaches: Standard, Chen, Shaker_GMM_Entropy, Shaker_Likelihood_GL_Bisect, Shaker_Likelihood_GL_Newton, Shaker_Likelihood_Trapz_Bisect, Shaker_Likelihood_Trapz_Newton
  * Metrics: AUROC, FPR@95TPR, Spearman, Brier, MI, JSD
  * Statistical tests: Friedman + Bonferroni-corrected Wilcoxon (alpha=0.05)
  * Proximity Device: GPU (CuPy)


######################################################################
# UNIFIED TEST: All Functions (aggregated by dimension)
######################################################################
Running 36 functions x 5 seeds = 180 evaluations (single pass)

[RUN 1/5] Vectorized Monte Carlo backend: gpu
Dynamically resolved Shaker batch size: 10
Dynamically resolved Credal batch size: 4155
Dynamically resolved Credal batch size: 4015
Dynamically resolved Credal batch size: 1997
Dynamically resolved Credal batch size: 1777
Vectorized Monte Carlo backend: gpu
Dynamically resolved Shaker batch size: 10
Dynamically resolved Credal batch size: 4155
Dynamically resolved Credal batch size: 4015
Dynamically resolved Credal batch size: 1997
Dynamically resolved Credal batch size: 1777
Vectorized Monte Carlo backend: gpu
Dynamically resolved Shaker batch size: 10
Dynamically resolved Credal batch size: 4155
Dynamically resolved Credal batch size: 4015
Dynamically resolved Credal batch size: 1997
Dynamically resolved Credal batch size: 1777
Vectorized Monte Carlo backend: gpu
Dynamically resolved Shaker batch size: 10
Dynamically resolved Credal batch size: 4155
Dynamically resolved Credal batch size: 4015
Dynamically resolved Credal batch size: 1997
Dynamically resolved Credal batch size: 1777
Vectorized Monte Carlo backend: gpu
Dynamically resolved Shaker batch size: 10
Dynamically resolved Credal batch size: 4155
Dynamically resolved Credal batch size: 4015
Dynamically resolved Credal batch size: 1997
Dynamically resolved Credal batch size: 1777
Vectorized Monte Carlo backend: gpu
Dynamically resolved Shaker batch size: 10
Dynamically resolved Credal batch size: 4155
Dynamically resolved Credal batch size: 3694
Dynamically resolved Credal batch size: 1847
Dynamically resolved Credal batch size: 1507
Vectorized Monte Carlo backend: gpu
Dynamically resolved Shaker batch size: 10
Dynamically resolved Credal batch size: 4155
Dynamically resolved Credal batch size: 3694
Dynamically resolved Credal batch size: 1847
Dynamically resolved Credal batch size: 1507
Vectorized Monte Carlo backend: gpu
Dynamically resolved Shaker batch size: 10
Dynamically resolved Credal batch size: 4155
Dynamically resolved Credal batch size: 3694
Dynamically resolved Credal batch size: 1847
Dynamically resolved Credal batch size: 1507
Vectorized Monte Carlo backend: gpu
Dynamically resolved Shaker batch size: 10
Dynamically resolved Credal batch size: 4155
Dynamically resolved Credal batch size: 3694
Dynamically resolved Credal batch size: 1847
Dynamically resolved Credal batch size: 1507
Vectorized Monte Carlo backend: gpu
Dynamically resolved Shaker batch size: 10
Dynamically resolved Credal batch size: 4155
Dynamically resolved Credal batch size: 3694
Dynamically resolved Credal batch size: 1847
Dynamically resolved Credal batch size: 1507
Vectorized Monte Carlo backend: gpu
Dynamically resolved Shaker batch size: 10
Dynamically resolved Credal batch size: 2077
Dynamically resolved Credal batch size: 1694
Dynamically resolved Credal batch size: 847
Dynamically resolved Credal batch size: 847
Vectorized Monte Carlo backend: gpu
Dynamically resolved Shaker batch size: 10
Dynamically resolved Credal batch size: 2077
Dynamically resolved Credal batch size: 1694
Dynamically resolved Credal batch size: 847
Dynamically resolved Credal batch size: 847
Vectorized Monte Carlo backend: gpu
Dynamically resolved Shaker batch size: 10
Dynamically resolved Credal batch size: 2077
Dynamically resolved Credal batch size: 1694
Dynamically resolved Credal batch size: 847
Dynamically resolved Credal batch size: 847
Vectorized Monte Carlo backend: gpu
Dynamically resolved Shaker batch size: 10
Dynamically resolved Credal batch size: 2077
Dynamically resolved Credal batch size: 1694
Dynamically resolved Credal batch size: 847
Dynamically resolved Credal batch size: 847
Vectorized Monte Carlo backend: gpu
Dynamically resolved Shaker batch size: 10
Dynamically resolved Credal batch size: 2077
Dynamically resolved Credal batch size: 1694
Dynamically resolved Credal batch size: 847
Dynamically resolved Credal batch size: 847
Vectorized Monte Carlo backend: gpu
Dynamically resolved Shaker batch size: 10
Dynamically resolved Credal batch size: 2077
Dynamically resolved Credal batch size: 1694
Dynamically resolved Credal batch size: 847
Dynamically resolved Credal batch size: 847
Vectorized Monte Carlo backend: gpu
Dynamically resolved Shaker batch size: 10
Dynamically resolved Credal batch size: 2077
Dynamically resolved Credal batch size: 1694
Dynamically resolved Credal batch size: 847
Dynamically resolved Credal batch size: 847
Vectorized Monte Carlo backend: gpu
Dynamically resolved Shaker batch size: 10
Dynamically resolved Credal batch size: 2077
Dynamically resolved Credal batch size: 1694
Dynamically resolved Credal batch size: 847
Dynamically resolved Credal batch size: 847
Vectorized Monte Carlo backend: gpu
Dynamically resolved Shaker batch size: 10
Dynamically resolved Credal batch size: 2077
Dynamically resolved Credal batch size: 1694
Dynamically resolved Credal batch size: 847
Dynamically resolved Credal batch size: 847
Vectorized Monte Carlo backend: gpu
Dynamically resolved Shaker batch size: 10
Dynamically resolved Credal batch size: 2077
Dynamically resolved Credal batch size: 1694
Dynamically resolved Credal batch size: 847
Dynamically resolved Credal batch size: 847
Vectorized Monte Carlo backend: gpu
Dynamically resolved Shaker batch size: 10
Dynamically resolved Credal batch size: 2077
Dynamically resolved Credal batch size: 1694
Dynamically resolved Credal batch size: 847
Dynamically resolved Credal batch size: 847
Vectorized Monte Carlo backend: gpu
Dynamically resolved Shaker batch size: 10
Dynamically resolved Credal batch size: 2077
Dynamically resolved Credal batch size: 1694
Dynamically resolved Credal batch size: 847
Dynamically resolved Credal batch size: 847
Vectorized Monte Carlo backend: gpu
Dynamically resolved Shaker batch size: 10
Dynamically resolved Credal batch size: 2077
Dynamically resolved Credal batch size: 1694
Dynamically resolved Credal batch size: 847
Dynamically resolved Credal batch size: 847
Vectorized Monte Carlo backend: gpu
Dynamically resolved Shaker batch size: 10
Dynamically resolved Credal batch size: 2077
Dynamically resolved Credal batch size: 1694
Dynamically resolved Credal batch size: 847
Dynamically resolved Credal batch size: 847
Vectorized Monte Carlo backend: gpu
Dynamically resolved Shaker batch size: 10
Dynamically resolved Credal batch size: 2077
Dynamically resolved Credal batch size: 1694
Dynamically resolved Credal batch size: 847
Dynamically resolved Credal batch size: 847
Vectorized Monte Carlo backend: gpu
Dynamically resolved Shaker batch size: 10
Dynamically resolved Credal batch size: 2077
Dynamically resolved Credal batch size: 1694
Dynamically resolved Credal batch size: 847
Dynamically resolved Credal batch size: 847
Vectorized Monte Carlo backend: gpu
Dynamically resolved Shaker batch size: 10
Dynamically resolved Credal batch size: 2077
Dynamically resolved Credal batch size: 1694
Dynamically resolved Credal batch size: 847
Dynamically resolved Credal batch size: 847
Vectorized Monte Carlo backend: gpu
Dynamically resolved Shaker batch size: 10
Dynamically resolved Credal batch size: 2077
Dynamically resolved Credal batch size: 1694
Dynamically resolved Credal batch size: 847
Dynamically resolved Credal batch size: 847
Vectorized Monte Carlo backend: gpu
Dynamically resolved Shaker batch size: 10
Dynamically resolved Credal batch size: 2077
Dynamically resolved Credal batch size: 1694
Dynamically resolved Credal batch size: 847
Dynamically resolved Credal batch size: 847
Vectorized Monte Carlo backend: gpu
Dynamically resolved Shaker batch size: 10
Dynamically resolved Credal batch size: 2077
Dynamically resolved Credal batch size: 1694
Dynamically resolved Credal batch size: 847
Dynamically resolved Credal batch size: 847
Vectorized Monte Carlo backend: gpu
Dynamically resolved Shaker batch size: 10
Dynamically resolved Credal batch size: 2077
Dynamically resolved Credal batch size: 1694
Dynamically resolved Credal batch size: 847
Dynamically resolved Credal batch size: 847
Vectorized Monte Carlo backend: gpu
Dynamically resolved Shaker batch size: 10
Dynamically resolved Credal batch size: 2077
Dynamically resolved Credal batch size: 1694
Dynamically resolved Credal batch size: 847
Dynamically resolved Credal batch size: 847
Vectorized Monte Carlo backend: gpu
Dynamically resolved Shaker batch size: 10
Dynamically resolved Credal batch size: 2077
Dynamically resolved Credal batch size: 1694
Dynamically resolved Credal batch size: 847
Dynamically resolved Credal batch size: 847
Vectorized Monte Carlo backend: gpu
Dynamically resolved Shaker batch size: 10
Dynamically resolved Credal batch size: 2077
Dynamically resolved Credal batch size: 1694
Dynamically resolved Credal batch size: 847
Dynamically resolved Credal batch size: 847
Vectorized Monte Carlo backend: gpu
Dynamically resolved Shaker batch size: 10
Dynamically resolved Credal batch size: 2077
Dynamically resolved Credal batch size: 1694
Dynamically resolved Credal batch size: 847
Dynamically resolved Credal batch size: 847
Vectorized Monte Carlo backend: gpu
Dynamically resolved Shaker batch size: 10
Dynamically resolved Credal batch size: 2077
Dynamically resolved Credal batch size: 1694
Dynamically resolved Credal batch size: 847
Dynamically resolved Credal batch size: 847
 [OK] (1067.0s, ETA: 71m remaining)
[RUN 2/5] Vectorized Monte Carlo backend: gpu
Dynamically resolved Shaker batch size: 10
Dynamically resolved Credal batch size: 4155
Dynamically resolved Credal batch size: 4015
Dynamically resolved Credal batch size: 1997
Dynamically resolved Credal batch size: 1777
Vectorized Monte Carlo backend: gpu
Dynamically resolved Shaker batch size: 10
Dynamically resolved Credal batch size: 4155
Dynamically resolved Credal batch size: 4015
Dynamically resolved Credal batch size: 1997
Dynamically resolved Credal batch size: 1777
Vectorized Monte Carlo backend: gpu
Dynamically resolved Shaker batch size: 10
Dynamically resolved Credal batch size: 4155
Dynamically resolved Credal batch size: 4015
Dynamically resolved Credal batch size: 1997
Dynamically resolved Credal batch size: 1777
Vectorized Monte Carlo backend: gpu
Dynamically resolved Shaker batch size: 10
Dynamically resolved Credal batch size: 4155
Dynamically resolved Credal batch size: 4015
Dynamically resolved Credal batch size: 1997
Dynamically resolved Credal batch size: 1777
Vectorized Monte Carlo backend: gpu
Dynamically resolved Shaker batch size: 10
Dynamically resolved Credal batch size: 4155
Dynamically resolved Credal batch size: 4015
Dynamically resolved Credal batch size: 1997
Dynamically resolved Credal batch size: 1777
Vectorized Monte Carlo backend: gpu
Dynamically resolved Shaker batch size: 10
Dynamically resolved Credal batch size: 4155
Dynamically resolved Credal batch size: 3694
Dynamically resolved Credal batch size: 1847
Dynamically resolved Credal batch size: 1507
Vectorized Monte Carlo backend: gpu
Dynamically resolved Shaker batch size: 10
Dynamically resolved Credal batch size: 4155
Dynamically resolved Credal batch size: 3694
Dynamically resolved Credal batch size: 1847
Dynamically resolved Credal batch size: 1507
Vectorized Monte Carlo backend: gpu
Dynamically resolved Shaker batch size: 10
Dynamically resolved Credal batch size: 4155
Dynamically resolved Credal batch size: 3694
Dynamically resolved Credal batch size: 1847
Dynamically resolved Credal batch size: 1507
Vectorized Monte Carlo backend: gpu
Dynamically resolved Shaker batch size: 10
Dynamically resolved Credal batch size: 4155
Dynamically resolved Credal batch size: 3694
Dynamically resolved Credal batch size: 1847
Dynamically resolved Credal batch size: 1507
Vectorized Monte Carlo backend: gpu
Dynamically resolved Shaker batch size: 10
Dynamically resolved Credal batch size: 4155
Dynamically resolved Credal batch size: 3694
Dynamically resolved Credal batch size: 1847
Dynamically resolved Credal batch size: 1507
Vectorized Monte Carlo backend: gpu
Dynamically resolved Shaker batch size: 10
Dynamically resolved Credal batch size: 2077
Dynamically resolved Credal batch size: 1694
Dynamically resolved Credal batch size: 847
Dynamically resolved Credal batch size: 847
Vectorized Monte Carlo backend: gpu
Dynamically resolved Shaker batch size: 10
Dynamically resolved Credal batch size: 2077
Dynamically resolved Credal batch size: 1694
Dynamically resolved Credal batch size: 847
Dynamically resolved Credal batch size: 847
Vectorized Monte Carlo backend: gpu
Dynamically resolved Shaker batch size: 10
Dynamically resolved Credal batch size: 2077
Dynamically resolved Credal batch size: 1694
Dynamically resolved Credal batch size: 847
Dynamically resolved Credal batch size: 847
Vectorized Monte Carlo backend: gpu
Dynamically resolved Shaker batch size: 10
Dynamically resolved Credal batch size: 2077
Dynamically resolved Credal batch size: 1694
Dynamically resolved Credal batch size: 847
Dynamically resolved Credal batch size: 847
Vectorized Monte Carlo backend: gpu
Dynamically resolved Shaker batch size: 10
Dynamically resolved Credal batch size: 2077
Dynamically resolved Credal batch size: 1694
Dynamically resolved Credal batch size: 847
Dynamically resolved Credal batch size: 847
Vectorized Monte Carlo backend: gpu
Dynamically resolved Shaker batch size: 10
Dynamically resolved Credal batch size: 2077
Dynamically resolved Credal batch size: 1694
Dynamically resolved Credal batch size: 847
Dynamically resolved Credal batch size: 847
Vectorized Monte Carlo backend: gpu
Dynamically resolved Shaker batch size: 10
Dynamically resolved Credal batch size: 2077
Dynamically resolved Credal batch size: 1694
Dynamically resolved Credal batch size: 847
Dynamically resolved Credal batch size: 847
Vectorized Monte Carlo backend: gpu
Dynamically resolved Shaker batch size: 10
Dynamically resolved Credal batch size: 2077
Dynamically resolved Credal batch size: 1694
Dynamically resolved Credal batch size: 847
Dynamically resolved Credal batch size: 847
Vectorized Monte Carlo backend: gpu
Dynamically resolved Shaker batch size: 10
Dynamically resolved Credal batch size: 2077
Dynamically resolved Credal batch size: 1694
Dynamically resolved Credal batch size: 847
Dynamically resolved Credal batch size: 847
Vectorized Monte Carlo backend: gpu
Dynamically resolved Shaker batch size: 10
Dynamically resolved Credal batch size: 2077
Dynamically resolved Credal batch size: 1694
Dynamically resolved Credal batch size: 847
Dynamically resolved Credal batch size: 847
Vectorized Monte Carlo backend: gpu
Dynamically resolved Shaker batch size: 10
Dynamically resolved Credal batch size: 2077
Dynamically resolved Credal batch size: 1694
Dynamically resolved Credal batch size: 847
Dynamically resolved Credal batch size: 847
Vectorized Monte Carlo backend: gpu
Dynamically resolved Shaker batch size: 10
Dynamically resolved Credal batch size: 2077
Dynamically resolved Credal batch size: 1694
Dynamically resolved Credal batch size: 847
Dynamically resolved Credal batch size: 847
Vectorized Monte Carlo backend: gpu
Dynamically resolved Shaker batch size: 10
Dynamically resolved Credal batch size: 2077
Dynamically resolved Credal batch size: 1694
Dynamically resolved Credal batch size: 847
Dynamically resolved Credal batch size: 847
Vectorized Monte Carlo backend: gpu
Dynamically resolved Shaker batch size: 10
Dynamically resolved Credal batch size: 2077
Dynamically resolved Credal batch size: 1694
Dynamically resolved Credal batch size: 847
Dynamically resolved Credal batch size: 847
Vectorized Monte Carlo backend: gpu
Dynamically resolved Shaker batch size: 10
Dynamically resolved Credal batch size: 2077
Dynamically resolved Credal batch size: 1694
Dynamically resolved Credal batch size: 847
Dynamically resolved Credal batch size: 847
Vectorized Monte Carlo backend: gpu
Dynamically resolved Shaker batch size: 10
Dynamically resolved Credal batch size: 2077
Dynamically resolved Credal batch size: 1694
Dynamically resolved Credal batch size: 847
Dynamically resolved Credal batch size: 847
Vectorized Monte Carlo backend: gpu
Dynamically resolved Shaker batch size: 10
Dynamically resolved Credal batch size: 2077
Dynamically resolved Credal batch size: 1694
Dynamically resolved Credal batch size: 847
Dynamically resolved Credal batch size: 847
Vectorized Monte Carlo backend: gpu
Dynamically resolved Shaker batch size: 10
Dynamically resolved Credal batch size: 2077
Dynamically resolved Credal batch size: 1694
Dynamically resolved Credal batch size: 847
Dynamically resolved Credal batch size: 847
Vectorized Monte Carlo backend: gpu
Dynamically resolved Shaker batch size: 10
Dynamically resolved Credal batch size: 2077
Dynamically resolved Credal batch size: 1694
Dynamically resolved Credal batch size: 847
Dynamically resolved Credal batch size: 847
Vectorized Monte Carlo backend: gpu
Dynamically resolved Shaker batch size: 10
Dynamically resolved Credal batch size: 2077
Dynamically resolved Credal batch size: 1694
Dynamically resolved Credal batch size: 847
Dynamically resolved Credal batch size: 847
Vectorized Monte Carlo backend: gpu
Dynamically resolved Shaker batch size: 10
Dynamically resolved Credal batch size: 2077
Dynamically resolved Credal batch size: 1694
Dynamically resolved Credal batch size: 847
Dynamically resolved Credal batch size: 847
Vectorized Monte Carlo backend: gpu
Dynamically resolved Shaker batch size: 10
Dynamically resolved Credal batch size: 2077
Dynamically resolved Credal batch size: 1694
Dynamically resolved Credal batch size: 847
Dynamically resolved Credal batch size: 847
Vectorized Monte Carlo backend: gpu
Dynamically resolved Shaker batch size: 10
Dynamically resolved Credal batch size: 2077
Dynamically resolved Credal batch size: 1694
Dynamically resolved Credal batch size: 847
Dynamically resolved Credal batch size: 847
Vectorized Monte Carlo backend: gpu
Dynamically resolved Shaker batch size: 10
Dynamically resolved Credal batch size: 2077
Dynamically resolved Credal batch size: 1694
Dynamically resolved Credal batch size: 847
Dynamically resolved Credal batch size: 847
Vectorized Monte Carlo backend: gpu
Dynamically resolved Shaker batch size: 10
Dynamically resolved Credal batch size: 2077
Dynamically resolved Credal batch size: 1694
Dynamically resolved Credal batch size: 847
Dynamically resolved Credal batch size: 847
Vectorized Monte Carlo backend: gpu
Dynamically resolved Shaker batch size: 10
Dynamically resolved Credal batch size: 2077
Dynamically resolved Credal batch size: 1694
Dynamically resolved Credal batch size: 847
Dynamically resolved Credal batch size: 847
 [OK] (1061.5s, ETA: 53m remaining)
[RUN 3/5] Vectorized Monte Carlo backend: gpu
Dynamically resolved Shaker batch size: 10
Dynamically resolved Credal batch size: 4155
Dynamically resolved Credal batch size: 4015
Dynamically resolved Credal batch size: 1997
Dynamically resolved Credal batch size: 1777
Vectorized Monte Carlo backend: gpu
Dynamically resolved Shaker batch size: 10
Dynamically resolved Credal batch size: 4155
Dynamically resolved Credal batch size: 4015
Dynamically resolved Credal batch size: 1997
Dynamically resolved Credal batch size: 1777
Vectorized Monte Carlo backend: gpu
Dynamically resolved Shaker batch size: 10
Dynamically resolved Credal batch size: 4155
Dynamically resolved Credal batch size: 4015
Dynamically resolved Credal batch size: 1997
Dynamically resolved Credal batch size: 1777
Vectorized Monte Carlo backend: gpu
Dynamically resolved Shaker batch size: 10
Dynamically resolved Credal batch size: 4155
Dynamically resolved Credal batch size: 4015
Dynamically resolved Credal batch size: 1997
Dynamically resolved Credal batch size: 1777
Vectorized Monte Carlo backend: gpu
Dynamically resolved Shaker batch size: 10
Dynamically resolved Credal batch size: 4155
Dynamically resolved Credal batch size: 4015
Dynamically resolved Credal batch size: 1997
Dynamically resolved Credal batch size: 1777
Vectorized Monte Carlo backend: gpu
Dynamically resolved Shaker batch size: 10
Dynamically resolved Credal batch size: 4155
Dynamically resolved Credal batch size: 3694
Dynamically resolved Credal batch size: 1847
Dynamically resolved Credal batch size: 1507
Vectorized Monte Carlo backend: gpu
Dynamically resolved Shaker batch size: 10
Dynamically resolved Credal batch size: 4155
Dynamically resolved Credal batch size: 3694
Dynamically resolved Credal batch size: 1847
Dynamically resolved Credal batch size: 1507
Vectorized Monte Carlo backend: gpu
Dynamically resolved Shaker batch size: 10
Dynamically resolved Credal batch size: 4155
Dynamically resolved Credal batch size: 3694
Dynamically resolved Credal batch size: 1847
Dynamically resolved Credal batch size: 1507
Vectorized Monte Carlo backend: gpu
Dynamically resolved Shaker batch size: 10
Dynamically resolved Credal batch size: 4155
Dynamically resolved Credal batch size: 3694
Dynamically resolved Credal batch size: 1847
Dynamically resolved Credal batch size: 1507
Vectorized Monte Carlo backend: gpu
Dynamically resolved Shaker batch size: 10
Dynamically resolved Credal batch size: 4155
Dynamically resolved Credal batch size: 3694
Dynamically resolved Credal batch size: 1847
Dynamically resolved Credal batch size: 1507
Vectorized Monte Carlo backend: gpu
Dynamically resolved Shaker batch size: 10
Dynamically resolved Credal batch size: 2077
Dynamically resolved Credal batch size: 1694
Dynamically resolved Credal batch size: 847
Dynamically resolved Credal batch size: 847
Vectorized Monte Carlo backend: gpu
Dynamically resolved Shaker batch size: 10
Dynamically resolved Credal batch size: 2077
Dynamically resolved Credal batch size: 1694
Dynamically resolved Credal batch size: 847
Dynamically resolved Credal batch size: 847
Vectorized Monte Carlo backend: gpu
Dynamically resolved Shaker batch size: 10
Dynamically resolved Credal batch size: 2077
Dynamically resolved Credal batch size: 1694
Dynamically resolved Credal batch size: 847
Dynamically resolved Credal batch size: 847
Vectorized Monte Carlo backend: gpu
Dynamically resolved Shaker batch size: 10
Dynamically resolved Credal batch size: 2077
Dynamically resolved Credal batch size: 1694
Dynamically resolved Credal batch size: 847
Dynamically resolved Credal batch size: 847
Vectorized Monte Carlo backend: gpu
Dynamically resolved Shaker batch size: 10
Dynamically resolved Credal batch size: 2077
Dynamically resolved Credal batch size: 1694
Dynamically resolved Credal batch size: 847
Dynamically resolved Credal batch size: 847
Vectorized Monte Carlo backend: gpu
Dynamically resolved Shaker batch size: 10
Dynamically resolved Credal batch size: 2077
Dynamically resolved Credal batch size: 1694
Dynamically resolved Credal batch size: 847
Dynamically resolved Credal batch size: 847
Vectorized Monte Carlo backend: gpu
Dynamically resolved Shaker batch size: 10
Dynamically resolved Credal batch size: 2077
Dynamically resolved Credal batch size: 1694
Dynamically resolved Credal batch size: 847
Dynamically resolved Credal batch size: 847
Vectorized Monte Carlo backend: gpu
Dynamically resolved Shaker batch size: 10
Dynamically resolved Credal batch size: 2077
Dynamically resolved Credal batch size: 1694
Dynamically resolved Credal batch size: 847
Dynamically resolved Credal batch size: 847
Vectorized Monte Carlo backend: gpu
Dynamically resolved Shaker batch size: 10
Dynamically resolved Credal batch size: 2077
Dynamically resolved Credal batch size: 1694
Dynamically resolved Credal batch size: 847
Dynamically resolved Credal batch size: 847
Vectorized Monte Carlo backend: gpu
Dynamically resolved Shaker batch size: 10
Dynamically resolved Credal batch size: 2077
Dynamically resolved Credal batch size: 1694
Dynamically resolved Credal batch size: 847
Dynamically resolved Credal batch size: 847
Vectorized Monte Carlo backend: gpu
Dynamically resolved Shaker batch size: 10
Dynamically resolved Credal batch size: 2077
Dynamically resolved Credal batch size: 1694
Dynamically resolved Credal batch size: 847
Dynamically resolved Credal batch size: 847
Vectorized Monte Carlo backend: gpu
Dynamically resolved Shaker batch size: 10
Dynamically resolved Credal batch size: 2077
Dynamically resolved Credal batch size: 1694
Dynamically resolved Credal batch size: 847
Dynamically resolved Credal batch size: 847
Vectorized Monte Carlo backend: gpu
Dynamically resolved Shaker batch size: 10
Dynamically resolved Credal batch size: 2077
Dynamically resolved Credal batch size: 1694
Dynamically resolved Credal batch size: 847
Dynamically resolved Credal batch size: 847
Vectorized Monte Carlo backend: gpu
Dynamically resolved Shaker batch size: 10
Dynamically resolved Credal batch size: 2077
Dynamically resolved Credal batch size: 1694
Dynamically resolved Credal batch size: 847
Dynamically resolved Credal batch size: 847
Vectorized Monte Carlo backend: gpu
Dynamically resolved Shaker batch size: 10
Dynamically resolved Credal batch size: 2077
Dynamically resolved Credal batch size: 1694
Dynamically resolved Credal batch size: 847
Dynamically resolved Credal batch size: 847
Vectorized Monte Carlo backend: gpu
Dynamically resolved Shaker batch size: 10
Dynamically resolved Credal batch size: 2077
Dynamically resolved Credal batch size: 1694
Dynamically resolved Credal batch size: 847
Dynamically resolved Credal batch size: 847
Vectorized Monte Carlo backend: gpu
Dynamically resolved Shaker batch size: 10
Dynamically resolved Credal batch size: 2077
Dynamically resolved Credal batch size: 1694
Dynamically resolved Credal batch size: 847
Dynamically resolved Credal batch size: 847
Vectorized Monte Carlo backend: gpu
Dynamically resolved Shaker batch size: 10
Dynamically resolved Credal batch size: 2077
Dynamically resolved Credal batch size: 1694
Dynamically resolved Credal batch size: 847
Dynamically resolved Credal batch size: 847
Vectorized Monte Carlo backend: gpu
Dynamically resolved Shaker batch size: 10
Dynamically resolved Credal batch size: 2200
Dynamically resolved Credal batch size: 1794
Dynamically resolved Credal batch size: 897
Dynamically resolved Credal batch size: 897
Vectorized Monte Carlo backend: gpu
Dynamically resolved Shaker batch size: 10
Dynamically resolved Credal batch size: 2200
Dynamically resolved Credal batch size: 1794
Dynamically resolved Credal batch size: 897
Dynamically resolved Credal batch size: 897
Vectorized Monte Carlo backend: gpu
Dynamically resolved Shaker batch size: 10
Dynamically resolved Credal batch size: 2200
Dynamically resolved Credal batch size: 1794
Dynamically resolved Credal batch size: 897
Dynamically resolved Credal batch size: 897
Vectorized Monte Carlo backend: gpu
Dynamically resolved Shaker batch size: 10
Dynamically resolved Credal batch size: 2200
Dynamically resolved Credal batch size: 1794
Dynamically resolved Credal batch size: 897
Dynamically resolved Credal batch size: 897
Vectorized Monte Carlo backend: gpu
Dynamically resolved Shaker batch size: 10
Dynamically resolved Credal batch size: 2200
Dynamically resolved Credal batch size: 1794
Dynamically resolved Credal batch size: 897
Dynamically resolved Credal batch size: 897
Vectorized Monte Carlo backend: gpu
Dynamically resolved Shaker batch size: 10
Dynamically resolved Credal batch size: 2200
Dynamically resolved Credal batch size: 1794
Dynamically resolved Credal batch size: 897
Dynamically resolved Credal batch size: 897
Vectorized Monte Carlo backend: gpu
Dynamically resolved Shaker batch size: 10
Dynamically resolved Credal batch size: 2200
Dynamically resolved Credal batch size: 1794
Dynamically resolved Credal batch size: 897
Dynamically resolved Credal batch size: 897
Vectorized Monte Carlo backend: gpu
Dynamically resolved Shaker batch size: 10
Dynamically resolved Credal batch size: 2200
Dynamically resolved Credal batch size: 1794
Dynamically resolved Credal batch size: 897
Dynamically resolved Credal batch size: 897
 [OK] (906.6s, ETA: 30m remaining)
[RUN 4/5] Vectorized Monte Carlo backend: gpu
Dynamically resolved Shaker batch size: 10
Dynamically resolved Credal batch size: 4400
Dynamically resolved Credal batch size: 4260
Dynamically resolved Credal batch size: 2120
Dynamically resolved Credal batch size: 1899
Vectorized Monte Carlo backend: gpu
Dynamically resolved Shaker batch size: 10
Dynamically resolved Credal batch size: 4400
Dynamically resolved Credal batch size: 4260
Dynamically resolved Credal batch size: 2120
Dynamically resolved Credal batch size: 1899
Vectorized Monte Carlo backend: gpu
Dynamically resolved Shaker batch size: 10
Dynamically resolved Credal batch size: 4400
Dynamically resolved Credal batch size: 4260
Dynamically resolved Credal batch size: 2120
Dynamically resolved Credal batch size: 1899
Vectorized Monte Carlo backend: gpu
Dynamically resolved Shaker batch size: 10
Dynamically resolved Credal batch size: 4400
Dynamically resolved Credal batch size: 4260
Dynamically resolved Credal batch size: 2120
Dynamically resolved Credal batch size: 1899
Vectorized Monte Carlo backend: gpu
Dynamically resolved Shaker batch size: 10
Dynamically resolved Credal batch size: 4400
Dynamically resolved Credal batch size: 4260
Dynamically resolved Credal batch size: 2120
Dynamically resolved Credal batch size: 1899
Vectorized Monte Carlo backend: gpu
Dynamically resolved Shaker batch size: 10
Dynamically resolved Credal batch size: 4400
Dynamically resolved Credal batch size: 3939
Dynamically resolved Credal batch size: 1969
Dynamically resolved Credal batch size: 1606
Vectorized Monte Carlo backend: gpu
Dynamically resolved Shaker batch size: 10
Dynamically resolved Credal batch size: 4400
Dynamically resolved Credal batch size: 3939
Dynamically resolved Credal batch size: 1969
Dynamically resolved Credal batch size: 1606
Vectorized Monte Carlo backend: gpu
Dynamically resolved Shaker batch size: 10
Dynamically resolved Credal batch size: 4400
Dynamically resolved Credal batch size: 3939
Dynamically resolved Credal batch size: 1969
Dynamically resolved Credal batch size: 1606
Vectorized Monte Carlo backend: gpu
Dynamically resolved Shaker batch size: 10
Dynamically resolved Credal batch size: 4400
Dynamically resolved Credal batch size: 3939
Dynamically resolved Credal batch size: 1969
Dynamically resolved Credal batch size: 1606
Vectorized Monte Carlo backend: gpu
Dynamically resolved Shaker batch size: 10
Dynamically resolved Credal batch size: 4400
Dynamically resolved Credal batch size: 3939
Dynamically resolved Credal batch size: 1969
Dynamically resolved Credal batch size: 1606
Vectorized Monte Carlo backend: gpu
Dynamically resolved Shaker batch size: 10
Dynamically resolved Credal batch size: 2200
Dynamically resolved Credal batch size: 1794
Dynamically resolved Credal batch size: 897
Dynamically resolved Credal batch size: 897
Vectorized Monte Carlo backend: gpu
Dynamically resolved Shaker batch size: 10
Dynamically resolved Credal batch size: 2200
Dynamically resolved Credal batch size: 1794
Dynamically resolved Credal batch size: 897
Dynamically resolved Credal batch size: 897
Vectorized Monte Carlo backend: gpu
Dynamically resolved Shaker batch size: 10
Dynamically resolved Credal batch size: 2200
Dynamically resolved Credal batch size: 1794
Dynamically resolved Credal batch size: 897
Dynamically resolved Credal batch size: 897
Vectorized Monte Carlo backend: gpu
Dynamically resolved Shaker batch size: 10
Dynamically resolved Credal batch size: 2200
Dynamically resolved Credal batch size: 1794
Dynamically resolved Credal batch size: 897
Dynamically resolved Credal batch size: 897
Vectorized Monte Carlo backend: gpu
Dynamically resolved Shaker batch size: 10
Dynamically resolved Credal batch size: 2200
Dynamically resolved Credal batch size: 1794
Dynamically resolved Credal batch size: 897
Dynamically resolved Credal batch size: 897
Vectorized Monte Carlo backend: gpu
Dynamically resolved Shaker batch size: 10
Dynamically resolved Credal batch size: 2200
Dynamically resolved Credal batch size: 1794
Dynamically resolved Credal batch size: 897
Dynamically resolved Credal batch size: 897
Vectorized Monte Carlo backend: gpu
Dynamically resolved Shaker batch size: 10
Dynamically resolved Credal batch size: 2200
Dynamically resolved Credal batch size: 1794
Dynamically resolved Credal batch size: 897
Dynamically resolved Credal batch size: 897
Vectorized Monte Carlo backend: gpu
Dynamically resolved Shaker batch size: 10
Dynamically resolved Credal batch size: 2200
Dynamically resolved Credal batch size: 1794
Dynamically resolved Credal batch size: 897
Dynamically resolved Credal batch size: 897
Vectorized Monte Carlo backend: gpu
Dynamically resolved Shaker batch size: 10
Dynamically resolved Credal batch size: 2200
Dynamically resolved Credal batch size: 1794
Dynamically resolved Credal batch size: 897
Dynamically resolved Credal batch size: 897
Vectorized Monte Carlo backend: gpu
Dynamically resolved Shaker batch size: 10
Dynamically resolved Credal batch size: 2200
Dynamically resolved Credal batch size: 1794
Dynamically resolved Credal batch size: 897
Dynamically resolved Credal batch size: 897
Vectorized Monte Carlo backend: gpu
Dynamically resolved Shaker batch size: 10
Dynamically resolved Credal batch size: 2200
Dynamically resolved Credal batch size: 1794
Dynamically resolved Credal batch size: 897
Dynamically resolved Credal batch size: 897
Vectorized Monte Carlo backend: gpu
Dynamically resolved Shaker batch size: 10
Dynamically resolved Credal batch size: 2200
Dynamically resolved Credal batch size: 1794
Dynamically resolved Credal batch size: 897
Dynamically resolved Credal batch size: 897
Vectorized Monte Carlo backend: gpu
Dynamically resolved Shaker batch size: 10
Dynamically resolved Credal batch size: 2200
Dynamically resolved Credal batch size: 1794
Dynamically resolved Credal batch size: 897
Dynamically resolved Credal batch size: 897
Vectorized Monte Carlo backend: gpu
Dynamically resolved Shaker batch size: 10
Dynamically resolved Credal batch size: 2200
Dynamically resolved Credal batch size: 1794
Dynamically resolved Credal batch size: 897
Dynamically resolved Credal batch size: 897
Vectorized Monte Carlo backend: gpu
Dynamically resolved Shaker batch size: 10
Dynamically resolved Credal batch size: 2200
Dynamically resolved Credal batch size: 1794
Dynamically resolved Credal batch size: 897
Dynamically resolved Credal batch size: 897
Vectorized Monte Carlo backend: gpu
Dynamically resolved Shaker batch size: 10
Dynamically resolved Credal batch size: 2200
Dynamically resolved Credal batch size: 1794
Dynamically resolved Credal batch size: 897
Dynamically resolved Credal batch size: 897
Vectorized Monte Carlo backend: gpu
Dynamically resolved Shaker batch size: 10
Dynamically resolved Credal batch size: 2200
Dynamically resolved Credal batch size: 1794
Dynamically resolved Credal batch size: 897
Dynamically resolved Credal batch size: 897
Vectorized Monte Carlo backend: gpu
Dynamically resolved Shaker batch size: 10
Dynamically resolved Credal batch size: 2200
Dynamically resolved Credal batch size: 1794
Dynamically resolved Credal batch size: 897
Dynamically resolved Credal batch size: 897
Vectorized Monte Carlo backend: gpu
Dynamically resolved Shaker batch size: 10
Dynamically resolved Credal batch size: 2200
Dynamically resolved Credal batch size: 1794
Dynamically resolved Credal batch size: 897
Dynamically resolved Credal batch size: 897
Vectorized Monte Carlo backend: gpu
Dynamically resolved Shaker batch size: 10
Dynamically resolved Credal batch size: 2200
Dynamically resolved Credal batch size: 1794
Dynamically resolved Credal batch size: 897
Dynamically resolved Credal batch size: 897
Vectorized Monte Carlo backend: gpu
Dynamically resolved Shaker batch size: 10
Dynamically resolved Credal batch size: 2200
Dynamically resolved Credal batch size: 1794
Dynamically resolved Credal batch size: 897
Dynamically resolved Credal batch size: 897
Vectorized Monte Carlo backend: gpu
Dynamically resolved Shaker batch size: 10
Dynamically resolved Credal batch size: 2200
Dynamically resolved Credal batch size: 1794
Dynamically resolved Credal batch size: 897
Dynamically resolved Credal batch size: 897
Vectorized Monte Carlo backend: gpu
Dynamically resolved Shaker batch size: 10
Dynamically resolved Credal batch size: 2200
Dynamically resolved Credal batch size: 1794
Dynamically resolved Credal batch size: 897
Dynamically resolved Credal batch size: 897
Vectorized Monte Carlo backend: gpu
Dynamically resolved Shaker batch size: 10
Dynamically resolved Credal batch size: 2200
Dynamically resolved Credal batch size: 1794
Dynamically resolved Credal batch size: 897
Dynamically resolved Credal batch size: 897
Vectorized Monte Carlo backend: gpu
Dynamically resolved Shaker batch size: 10
Dynamically resolved Credal batch size: 2200
Dynamically resolved Credal batch size: 1794
Dynamically resolved Credal batch size: 897
Dynamically resolved Credal batch size: 897
Vectorized Monte Carlo backend: gpu
Dynamically resolved Shaker batch size: 10
Dynamically resolved Credal batch size: 2200
Dynamically resolved Credal batch size: 1794
Dynamically resolved Credal batch size: 897
Dynamically resolved Credal batch size: 897
 [OK] (593.0s, ETA: 9m remaining)
[RUN 5/5] Vectorized Monte Carlo backend: gpu
Dynamically resolved Shaker batch size: 10
Dynamically resolved Credal batch size: 4400
Dynamically resolved Credal batch size: 4260
Dynamically resolved Credal batch size: 2120
Dynamically resolved Credal batch size: 1899
Vectorized Monte Carlo backend: gpu
Dynamically resolved Shaker batch size: 10
Dynamically resolved Credal batch size: 4400
Dynamically resolved Credal batch size: 4260
Dynamically resolved Credal batch size: 2120
Dynamically resolved Credal batch size: 1899
Vectorized Monte Carlo backend: gpu
Dynamically resolved Shaker batch size: 10
Dynamically resolved Credal batch size: 4400
Dynamically resolved Credal batch size: 4260
Dynamically resolved Credal batch size: 2120
Dynamically resolved Credal batch size: 1899
Vectorized Monte Carlo backend: gpu
Dynamically resolved Shaker batch size: 10
Dynamically resolved Credal batch size: 4400
Dynamically resolved Credal batch size: 4260
Dynamically resolved Credal batch size: 2120
Dynamically resolved Credal batch size: 1899
Vectorized Monte Carlo backend: gpu
Dynamically resolved Shaker batch size: 10
Dynamically resolved Credal batch size: 4400
Dynamically resolved Credal batch size: 4260
Dynamically resolved Credal batch size: 2120
Dynamically resolved Credal batch size: 1899
Vectorized Monte Carlo backend: gpu
Dynamically resolved Shaker batch size: 10
Dynamically resolved Credal batch size: 4400
Dynamically resolved Credal batch size: 3939
Dynamically resolved Credal batch size: 1969
Dynamically resolved Credal batch size: 1606
Vectorized Monte Carlo backend: gpu
Dynamically resolved Shaker batch size: 10
Dynamically resolved Credal batch size: 4400
Dynamically resolved Credal batch size: 3939
Dynamically resolved Credal batch size: 1969
Dynamically resolved Credal batch size: 1606
Vectorized Monte Carlo backend: gpu
Dynamically resolved Shaker batch size: 10
Dynamically resolved Credal batch size: 4400
Dynamically resolved Credal batch size: 3939
Dynamically resolved Credal batch size: 1969
Dynamically resolved Credal batch size: 1606
Vectorized Monte Carlo backend: gpu
Dynamically resolved Shaker batch size: 10
Dynamically resolved Credal batch size: 4400
Dynamically resolved Credal batch size: 3939
Dynamically resolved Credal batch size: 1969
Dynamically resolved Credal batch size: 1606
Vectorized Monte Carlo backend: gpu
Dynamically resolved Shaker batch size: 10
Dynamically resolved Credal batch size: 4400
Dynamically resolved Credal batch size: 3939
Dynamically resolved Credal batch size: 1969
Dynamically resolved Credal batch size: 1606
Vectorized Monte Carlo backend: gpu
Dynamically resolved Shaker batch size: 10
Dynamically resolved Credal batch size: 2200
Dynamically resolved Credal batch size: 1794
Dynamically resolved Credal batch size: 897
Dynamically resolved Credal batch size: 897
Vectorized Monte Carlo backend: gpu
Dynamically resolved Shaker batch size: 10
Dynamically resolved Credal batch size: 2200
Dynamically resolved Credal batch size: 1794
Dynamically resolved Credal batch size: 897
Dynamically resolved Credal batch size: 897
Vectorized Monte Carlo backend: gpu
Dynamically resolved Shaker batch size: 10
Dynamically resolved Credal batch size: 2200
Dynamically resolved Credal batch size: 1794
Dynamically resolved Credal batch size: 897
Dynamically resolved Credal batch size: 897
Vectorized Monte Carlo backend: gpu
Dynamically resolved Shaker batch size: 10
Dynamically resolved Credal batch size: 2200
Dynamically resolved Credal batch size: 1794
Dynamically resolved Credal batch size: 897
Dynamically resolved Credal batch size: 897
Vectorized Monte Carlo backend: gpu
Dynamically resolved Shaker batch size: 10
Dynamically resolved Credal batch size: 2200
Dynamically resolved Credal batch size: 1794
Dynamically resolved Credal batch size: 897
Dynamically resolved Credal batch size: 897
Vectorized Monte Carlo backend: gpu
Dynamically resolved Shaker batch size: 10
Dynamically resolved Credal batch size: 2200
Dynamically resolved Credal batch size: 1794
Dynamically resolved Credal batch size: 897
Dynamically resolved Credal batch size: 897
Vectorized Monte Carlo backend: gpu
Dynamically resolved Shaker batch size: 10
Dynamically resolved Credal batch size: 2200
Dynamically resolved Credal batch size: 1794
Dynamically resolved Credal batch size: 897
Dynamically resolved Credal batch size: 897
Vectorized Monte Carlo backend: gpu
Dynamically resolved Shaker batch size: 10
Dynamically resolved Credal batch size: 2200
Dynamically resolved Credal batch size: 1794
Dynamically resolved Credal batch size: 897
Dynamically resolved Credal batch size: 897
Vectorized Monte Carlo backend: gpu
Dynamically resolved Shaker batch size: 10
Dynamically resolved Credal batch size: 2200
Dynamically resolved Credal batch size: 1794
Dynamically resolved Credal batch size: 897
Dynamically resolved Credal batch size: 897
Vectorized Monte Carlo backend: gpu
Dynamically resolved Shaker batch size: 10
Dynamically resolved Credal batch size: 2200
Dynamically resolved Credal batch size: 1794
Dynamically resolved Credal batch size: 897
Dynamically resolved Credal batch size: 897
Vectorized Monte Carlo backend: gpu
Dynamically resolved Shaker batch size: 10
Dynamically resolved Credal batch size: 2200
Dynamically resolved Credal batch size: 1794
Dynamically resolved Credal batch size: 897
Dynamically resolved Credal batch size: 897
Vectorized Monte Carlo backend: gpu
Dynamically resolved Shaker batch size: 10
Dynamically resolved Credal batch size: 2200
Dynamically resolved Credal batch size: 1794
Dynamically resolved Credal batch size: 897
Dynamically resolved Credal batch size: 897
Vectorized Monte Carlo backend: gpu
Dynamically resolved Shaker batch size: 10
Dynamically resolved Credal batch size: 2200
Dynamically resolved Credal batch size: 1794
Dynamically resolved Credal batch size: 897
Dynamically resolved Credal batch size: 897
Vectorized Monte Carlo backend: gpu
Dynamically resolved Shaker batch size: 10
Dynamically resolved Credal batch size: 2200
Dynamically resolved Credal batch size: 1794
Dynamically resolved Credal batch size: 897
Dynamically resolved Credal batch size: 897
Vectorized Monte Carlo backend: gpu
Dynamically resolved Shaker batch size: 10
Dynamically resolved Credal batch size: 2200
Dynamically resolved Credal batch size: 1794
Dynamically resolved Credal batch size: 897
Dynamically resolved Credal batch size: 897
Vectorized Monte Carlo backend: gpu
Dynamically resolved Shaker batch size: 10
Dynamically resolved Credal batch size: 2200
Dynamically resolved Credal batch size: 1794
Dynamically resolved Credal batch size: 897
Dynamically resolved Credal batch size: 897
Vectorized Monte Carlo backend: gpu
Dynamically resolved Shaker batch size: 10
Dynamically resolved Credal batch size: 2200
Dynamically resolved Credal batch size: 1794
Dynamically resolved Credal batch size: 897
Dynamically resolved Credal batch size: 897
Vectorized Monte Carlo backend: gpu
Dynamically resolved Shaker batch size: 10
Dynamically resolved Credal batch size: 2200
Dynamically resolved Credal batch size: 1794
Dynamically resolved Credal batch size: 897
Dynamically resolved Credal batch size: 897
Vectorized Monte Carlo backend: gpu
Dynamically resolved Shaker batch size: 10
Dynamically resolved Credal batch size: 2200
Dynamically resolved Credal batch size: 1794
Dynamically resolved Credal batch size: 897
Dynamically resolved Credal batch size: 897
Vectorized Monte Carlo backend: gpu
Dynamically resolved Shaker batch size: 10
Dynamically resolved Credal batch size: 2200
Dynamically resolved Credal batch size: 1794
Dynamically resolved Credal batch size: 897
Dynamically resolved Credal batch size: 897
Vectorized Monte Carlo backend: gpu
Dynamically resolved Shaker batch size: 10
Dynamically resolved Credal batch size: 2200
Dynamically resolved Credal batch size: 1794
Dynamically resolved Credal batch size: 897
Dynamically resolved Credal batch size: 897
Vectorized Monte Carlo backend: gpu
Dynamically resolved Shaker batch size: 10
Dynamically resolved Credal batch size: 2200
Dynamically resolved Credal batch size: 1794
Dynamically resolved Credal batch size: 897
Dynamically resolved Credal batch size: 897
Vectorized Monte Carlo backend: gpu
Dynamically resolved Shaker batch size: 10
Dynamically resolved Credal batch size: 2200
Dynamically resolved Credal batch size: 1794
Dynamically resolved Credal batch size: 897
Dynamically resolved Credal batch size: 897
Vectorized Monte Carlo backend: gpu
Dynamically resolved Shaker batch size: 10
Dynamically resolved Credal batch size: 2200
Dynamically resolved Credal batch size: 1794
Dynamically resolved Credal batch size: 897
Dynamically resolved Credal batch size: 897
Vectorized Monte Carlo backend: gpu
Dynamically resolved Shaker batch size: 10
Dynamically resolved Credal batch size: 2200
Dynamically resolved Credal batch size: 1794
Dynamically resolved Credal batch size: 897
Dynamically resolved Credal batch size: 897
Vectorized Monte Carlo backend: gpu
Dynamically resolved Shaker batch size: 10
Dynamically resolved Credal batch size: 2200
Dynamically resolved Credal batch size: 1771
Dynamically resolved Credal batch size: 885
Dynamically resolved Credal batch size: 885
 [OK] (599.0s, ETA: 0m remaining)

[SUCCESS] Unified test completed in 70.5 minutes


######################################################################
# TEST 1: ALL FUNCTIONS TOGETHER
######################################################################

======================================================================
ALL FUNCTIONS (36 x 5 = 180 tests)
======================================================================

--- AUROC ---
Standard    : Mean = 0.3897, Std = 0.2216
Chen        : Mean = 0.3924, Std = 0.2178
Shaker_GMM_Entropy: Mean = 0.3937, Std = 0.2182
Shaker_Likelihood_GL_Bisect: Mean = 0.3328, Std = 0.2554
Shaker_Likelihood_GL_Newton: Mean = 0.3387, Std = 0.2530
Shaker_Likelihood_Trapz_Bisect: Mean = 0.3313, Std = 0.2558
Shaker_Likelihood_Trapz_Newton: Mean = 0.3378, Std = 0.2536

--- FPR95 ---
Standard    : Mean = 0.8852, Std = 0.1554
Chen        : Mean = 0.8860, Std = 0.1547
Shaker_GMM_Entropy: Mean = 0.8807, Std = 0.1618
Shaker_Likelihood_GL_Bisect: Mean = 0.8720, Std = 0.2056
Shaker_Likelihood_GL_Newton: Mean = 0.8733, Std = 0.2030
Shaker_Likelihood_Trapz_Bisect: Mean = 0.8733, Std = 0.2041
Shaker_Likelihood_Trapz_Newton: Mean = 0.8719, Std = 0.2032

--- SPEARMAN ---
Standard    : Mean = 0.1126, Std = 0.2042
Chen        : Mean = 0.1115, Std = 0.2040
Shaker_GMM_Entropy: Mean = 0.1084, Std = 0.1985
Shaker_Likelihood_GL_Bisect: Mean = 0.1122, Std = 0.1982
Shaker_Likelihood_GL_Newton: Mean = 0.1104, Std = 0.1974
Shaker_Likelihood_Trapz_Bisect: Mean = 0.1158, Std = 0.2043
Shaker_Likelihood_Trapz_Newton: Mean = 0.1147, Std = 0.2045

--- BRIER ---
Standard    : Mean = 0.2373, Std = 0.0614
Chen        : Mean = 0.2386, Std = 0.0601
Shaker_GMM_Entropy: Mean = 0.2385, Std = 0.0602
Shaker_Likelihood_GL_Bisect: Mean = 0.2007, Std = 0.0803
Shaker_Likelihood_GL_Newton: Mean = 0.2052, Std = 0.0780
Shaker_Likelihood_Trapz_Bisect: Mean = 0.1999, Std = 0.0806
Shaker_Likelihood_Trapz_Newton: Mean = 0.2048, Std = 0.0782

--- MI ---
Standard    : Mean = 0.2176, Std = 0.1702
Chen        : Mean = 0.2106, Std = 0.1674
Shaker_GMM_Entropy: Mean = 0.2110, Std = 0.1673
Shaker_Likelihood_GL_Bisect: Mean = 0.3662, Std = 0.2294
Shaker_Likelihood_GL_Newton: Mean = 0.3453, Std = 0.2196
Shaker_Likelihood_Trapz_Bisect: Mean = 0.3737, Std = 0.2325
Shaker_Likelihood_Trapz_Newton: Mean = 0.3494, Std = 0.2190

--- JSD ---
Standard    : Mean = 0.2306, Std = 0.1756
Chen        : Mean = 0.2237, Std = 0.1734
Shaker_GMM_Entropy: Mean = 0.2255, Std = 0.1731
Shaker_Likelihood_GL_Bisect: Mean = 0.3864, Std = 0.2347
Shaker_Likelihood_GL_Newton: Mean = 0.3643, Std = 0.2253
Shaker_Likelihood_Trapz_Bisect: Mean = 0.3939, Std = 0.2374
Shaker_Likelihood_Trapz_Newton: Mean = 0.3690, Std = 0.2248

--- NAURC ---
Standard    : Mean = 0.7982, Std = 0.2863
Chen        : Mean = 0.8019, Std = 0.2841
Shaker_GMM_Entropy: Mean = 0.8125, Std = 0.2659
Shaker_Likelihood_GL_Bisect: Mean = 0.6916, Std = 0.2715
Shaker_Likelihood_GL_Newton: Mean = 0.7030, Std = 0.2740
Shaker_Likelihood_Trapz_Bisect: Mean = 0.6908, Std = 0.2713
Shaker_Likelihood_Trapz_Newton: Mean = 0.7014, Std = 0.2744

--- Statistical Validation (alpha = 0.05) ---

AUROC:
  Friedman Test: chi2 = 54.9048, p = 4.8454e-10
  Result: SIGNIFICANT (p < 0.05)
  Bonferroni-corrected alpha = 2.3810e-03
    Standard vs Chen         : p = 3.4920e-03 ([NS])
    Standard vs Shaker_GMM_Entropy: p = 6.8074e-01 ([NS])
    Standard vs Shaker_Likelihood_GL_Bisect: p = 2.4800e-03 ([NS])
    Standard vs Shaker_Likelihood_GL_Newton: p = 1.5379e-03 ([SIG])
    Standard vs Shaker_Likelihood_Trapz_Bisect: p = 1.4461e-03 ([SIG])
    Standard vs Shaker_Likelihood_Trapz_Newton: p = 9.9106e-04 ([SIG])
    Chen vs Shaker_GMM_Entropy: p = 8.8281e-01 ([NS])
    Chen vs Shaker_Likelihood_GL_Bisect: p = 2.0793e-03 ([SIG])
    Chen vs Shaker_Likelihood_GL_Newton: p = 1.6348e-03 ([SIG])
    Chen vs Shaker_Likelihood_Trapz_Bisect: p = 1.5379e-03 ([SIG])
    Chen vs Shaker_Likelihood_Trapz_Newton: p = 9.9106e-04 ([SIG])
    Shaker_GMM_Entropy vs Shaker_Likelihood_GL_Bisect: p = 8.7081e-04 ([SIG])
    Shaker_GMM_Entropy vs Shaker_Likelihood_GL_Newton: p = 5.8451e-04 ([SIG])
    Shaker_GMM_Entropy vs Shaker_Likelihood_Trapz_Bisect: p = 7.6381e-04 ([SIG])
    Shaker_GMM_Entropy vs Shaker_Likelihood_Trapz_Newton: p = 5.8451e-04 ([SIG])
    Shaker_Likelihood_GL_Bisect vs Shaker_Likelihood_GL_Newton: p = 3.3440e-02 ([NS])
    Shaker_Likelihood_GL_Bisect vs Shaker_Likelihood_Trapz_Bisect: p = 1.7531e-02 ([NS])
    Shaker_Likelihood_GL_Bisect vs Shaker_Likelihood_Trapz_Newton: p = 1.0109e-01 ([NS])
    Shaker_Likelihood_GL_Newton vs Shaker_Likelihood_Trapz_Bisect: p = 4.5976e-03 ([NS])
    Shaker_Likelihood_GL_Newton vs Shaker_Likelihood_Trapz_Newton: p = 4.0515e-01 ([NS])
    Shaker_Likelihood_Trapz_Bisect vs Shaker_Likelihood_Trapz_Newton: p = 2.3891e-02 ([NS])

FPR95:
  Friedman Test: chi2 = 7.9016, p = 2.4540e-01
  Result: NOT SIGNIFICANT (p >= 0.05)

SPEARMAN:
  Friedman Test: chi2 = 29.6905, p = 4.5008e-05
  Result: SIGNIFICANT (p < 0.05)
  Bonferroni-corrected alpha = 2.3810e-03
    Standard vs Chen         : p = 3.4920e-03 ([NS])
    Standard vs Shaker_GMM_Entropy: p = 6.6575e-03 ([NS])
    Standard vs Shaker_Likelihood_GL_Bisect: p = 1.2664e-01 ([NS])
    Standard vs Shaker_Likelihood_GL_Newton: p = 1.0448e-01 ([NS])
    Standard vs Shaker_Likelihood_Trapz_Bisect: p = 7.7621e-03 ([NS])
    Standard vs Shaker_Likelihood_Trapz_Newton: p = 8.2196e-01 ([NS])
    Chen vs Shaker_GMM_Entropy: p = 2.7855e-01 ([NS])
    Chen vs Shaker_Likelihood_GL_Bisect: p = 1.8340e-02 ([NS])
    Chen vs Shaker_Likelihood_GL_Newton: p = 7.9789e-01 ([NS])
    Chen vs Shaker_Likelihood_Trapz_Bisect: p = 1.5945e-04 ([SIG])
    Chen vs Shaker_Likelihood_Trapz_Newton: p = 1.7628e-01 ([NS])
    Shaker_GMM_Entropy vs Shaker_Likelihood_GL_Bisect: p = 1.6753e-02 ([NS])
    Shaker_GMM_Entropy vs Shaker_Likelihood_GL_Newton: p = 8.7057e-01 ([NS])
    Shaker_GMM_Entropy vs Shaker_Likelihood_Trapz_Bisect: p = 1.5945e-04 ([SIG])
    Shaker_GMM_Entropy vs Shaker_Likelihood_Trapz_Newton: p = 9.7796e-02 ([NS])
    Shaker_Likelihood_GL_Bisect vs Shaker_Likelihood_GL_Newton: p = 5.5598e-02 ([NS])
    Shaker_Likelihood_GL_Bisect vs Shaker_Likelihood_Trapz_Bisect: p = 2.8560e-01 ([NS])
    Shaker_Likelihood_GL_Bisect vs Shaker_Likelihood_Trapz_Newton: p = 5.7066e-01 ([NS])
    Shaker_Likelihood_GL_Newton vs Shaker_Likelihood_Trapz_Bisect: p = 6.6877e-04 ([SIG])
    Shaker_Likelihood_GL_Newton vs Shaker_Likelihood_Trapz_Newton: p = 5.1421e-05 ([SIG])
    Shaker_Likelihood_Trapz_Bisect vs Shaker_Likelihood_Trapz_Newton: p = 2.3891e-02 ([NS])

BRIER:
  Friedman Test: chi2 = 91.3810, p = 1.5650e-17
  Result: SIGNIFICANT (p < 0.05)
  Bonferroni-corrected alpha = 2.3810e-03
    Standard vs Chen         : p = 1.0948e-05 ([SIG])
    Standard vs Shaker_GMM_Entropy: p = 7.6214e-01 ([NS])
    Standard vs Shaker_Likelihood_GL_Bisect: p = 2.1233e-05 ([SIG])
    Standard vs Shaker_Likelihood_GL_Newton: p = 1.2063e-05 ([SIG])
    Standard vs Shaker_Likelihood_Trapz_Bisect: p = 8.9951e-06 ([SIG])
    Standard vs Shaker_Likelihood_Trapz_Newton: p = 6.6567e-06 ([SIG])
    Chen vs Shaker_GMM_Entropy: p = 5.3933e-01 ([NS])
    Chen vs Shaker_Likelihood_GL_Bisect: p = 9.9276e-06 ([SIG])
    Chen vs Shaker_Likelihood_GL_Newton: p = 4.4004e-06 ([SIG])
    Chen vs Shaker_Likelihood_Trapz_Bisect: p = 4.4004e-06 ([SIG])
    Chen vs Shaker_Likelihood_Trapz_Newton: p = 3.5575e-06 ([SIG])
    Shaker_GMM_Entropy vs Shaker_Likelihood_GL_Bisect: p = 7.3658e-06 ([SIG])
    Shaker_GMM_Entropy vs Shaker_Likelihood_GL_Newton: p = 4.8869e-06 ([SIG])
    Shaker_GMM_Entropy vs Shaker_Likelihood_Trapz_Bisect: p = 4.8869e-06 ([SIG])
    Shaker_GMM_Entropy vs Shaker_Likelihood_Trapz_Newton: p = 4.8869e-06 ([SIG])
    Shaker_Likelihood_GL_Bisect vs Shaker_Likelihood_GL_Newton: p = 2.2059e-03 ([SIG])
    Shaker_Likelihood_GL_Bisect vs Shaker_Likelihood_Trapz_Bisect: p = 2.7887e-05 ([SIG])
    Shaker_Likelihood_GL_Bisect vs Shaker_Likelihood_Trapz_Newton: p = 4.5976e-03 ([NS])
    Shaker_Likelihood_GL_Newton vs Shaker_Likelihood_Trapz_Bisect: p = 4.4402e-04 ([SIG])
    Shaker_Likelihood_GL_Newton vs Shaker_Likelihood_Trapz_Newton: p = 3.1202e-03 ([NS])
    Shaker_Likelihood_Trapz_Bisect vs Shaker_Likelihood_Trapz_Newton: p = 1.1260e-03 ([SIG])

MI:
  Friedman Test: chi2 = 134.6310, p = 1.3594e-26
  Result: SIGNIFICANT (p < 0.05)
  Bonferroni-corrected alpha = 2.3810e-03
    Standard vs Chen         : p = 3.3473e-04 ([SIG])
    Standard vs Shaker_GMM_Entropy: p = 2.4508e-01 ([NS])
    Standard vs Shaker_Likelihood_GL_Bisect: p = 1.4488e-07 ([SIG])
    Standard vs Shaker_Likelihood_GL_Newton: p = 1.4488e-07 ([SIG])
    Standard vs Shaker_Likelihood_Trapz_Bisect: p = 9.3511e-08 ([SIG])
    Standard vs Shaker_Likelihood_Trapz_Newton: p = 6.9122e-08 ([SIG])
    Chen vs Shaker_GMM_Entropy: p = 1.9199e-01 ([NS])
    Chen vs Shaker_Likelihood_GL_Bisect: p = 5.0612e-08 ([SIG])
    Chen vs Shaker_Likelihood_GL_Newton: p = 5.0612e-08 ([SIG])
    Chen vs Shaker_Likelihood_Trapz_Bisect: p = 4.3161e-08 ([SIG])
    Chen vs Shaker_Likelihood_Trapz_Newton: p = 3.6700e-08 ([SIG])
    Shaker_GMM_Entropy vs Shaker_Likelihood_GL_Bisect: p = 3.6700e-08 ([SIG])
    Shaker_GMM_Entropy vs Shaker_Likelihood_GL_Newton: p = 3.1112e-08 ([SIG])
    Shaker_GMM_Entropy vs Shaker_Likelihood_Trapz_Bisect: p = 2.6310e-08 ([SIG])
    Shaker_GMM_Entropy vs Shaker_Likelihood_Trapz_Newton: p = 3.1112e-08 ([SIG])
    Shaker_Likelihood_GL_Bisect vs Shaker_Likelihood_GL_Newton: p = 1.4762e-04 ([SIG])
    Shaker_Likelihood_GL_Bisect vs Shaker_Likelihood_Trapz_Bisect: p = 5.5970e-05 ([SIG])
    Shaker_Likelihood_GL_Bisect vs Shaker_Likelihood_Trapz_Newton: p = 6.6877e-04 ([SIG])
    Shaker_Likelihood_GL_Newton vs Shaker_Likelihood_Trapz_Bisect: p = 1.4582e-06 ([SIG])
    Shaker_Likelihood_GL_Newton vs Shaker_Likelihood_Trapz_Newton: p = 3.0497e-05 ([SIG])
    Shaker_Likelihood_Trapz_Bisect vs Shaker_Likelihood_Trapz_Newton: p = 1.6059e-05 ([SIG])

JSD:
  Friedman Test: chi2 = 133.9524, p = 1.8897e-26
  Result: SIGNIFICANT (p < 0.05)
  Bonferroni-corrected alpha = 2.3810e-03
    Standard vs Chen         : p = 4.1404e-04 ([SIG])
    Standard vs Shaker_GMM_Entropy: p = 3.8771e-01 ([NS])
    Standard vs Shaker_Likelihood_GL_Bisect: p = 1.4488e-07 ([SIG])
    Standard vs Shaker_Likelihood_GL_Newton: p = 9.3511e-08 ([SIG])
    Standard vs Shaker_Likelihood_Trapz_Bisect: p = 1.0841e-07 ([SIG])
    Standard vs Shaker_Likelihood_Trapz_Newton: p = 6.9122e-08 ([SIG])
    Chen vs Shaker_GMM_Entropy: p = 1.5221e-01 ([NS])
    Chen vs Shaker_Likelihood_GL_Bisect: p = 5.9226e-08 ([SIG])
    Chen vs Shaker_Likelihood_GL_Newton: p = 5.0612e-08 ([SIG])
    Chen vs Shaker_Likelihood_Trapz_Bisect: p = 3.1112e-08 ([SIG])
    Chen vs Shaker_Likelihood_Trapz_Newton: p = 3.1112e-08 ([SIG])
    Shaker_GMM_Entropy vs Shaker_Likelihood_GL_Bisect: p = 4.3161e-08 ([SIG])
    Shaker_GMM_Entropy vs Shaker_Likelihood_GL_Newton: p = 3.1112e-08 ([SIG])
    Shaker_GMM_Entropy vs Shaker_Likelihood_Trapz_Bisect: p = 1.8626e-08 ([SIG])
    Shaker_GMM_Entropy vs Shaker_Likelihood_Trapz_Newton: p = 2.2177e-08 ([SIG])
    Shaker_Likelihood_GL_Bisect vs Shaker_Likelihood_GL_Newton: p = 8.4715e-05 ([SIG])
    Shaker_Likelihood_GL_Bisect vs Shaker_Likelihood_Trapz_Bisect: p = 9.1870e-05 ([SIG])
    Shaker_Likelihood_GL_Bisect vs Shaker_Likelihood_Trapz_Newton: p = 7.6381e-04 ([SIG])
    Shaker_Likelihood_GL_Newton vs Shaker_Likelihood_Trapz_Bisect: p = 9.0827e-07 ([SIG])
    Shaker_Likelihood_GL_Newton vs Shaker_Likelihood_Trapz_Newton: p = 2.3269e-05 ([SIG])
    Shaker_Likelihood_Trapz_Bisect vs Shaker_Likelihood_Trapz_Newton: p = 1.7639e-05 ([SIG])

NAURC:
  Friedman Test: chi2 = 158.9762, p = 9.7557e-32
  Result: SIGNIFICANT (p < 0.05)
  Bonferroni-corrected alpha = 2.3810e-03
    Standard vs Chen         : p = 2.7839e-03 ([NS])
    Standard vs Shaker_GMM_Entropy: p = 6.1371e-01 ([NS])
    Standard vs Shaker_Likelihood_GL_Bisect: p = 1.4552e-10 ([SIG])
    Standard vs Shaker_Likelihood_GL_Newton: p = 5.8208e-11 ([SIG])
    Standard vs Shaker_Likelihood_Trapz_Bisect: p = 1.4552e-10 ([SIG])
    Standard vs Shaker_Likelihood_Trapz_Newton: p = 8.7311e-11 ([SIG])
    Chen vs Shaker_GMM_Entropy: p = 5.4968e-01 ([NS])
    Chen vs Shaker_Likelihood_GL_Bisect: p = 5.8208e-11 ([SIG])
    Chen vs Shaker_Likelihood_GL_Newton: p = 2.9104e-11 ([SIG])
    Chen vs Shaker_Likelihood_Trapz_Bisect: p = 5.8208e-11 ([SIG])
    Chen vs Shaker_Likelihood_Trapz_Newton: p = 5.8208e-11 ([SIG])
    Shaker_GMM_Entropy vs Shaker_Likelihood_GL_Bisect: p = 1.4552e-10 ([SIG])
    Shaker_GMM_Entropy vs Shaker_Likelihood_GL_Newton: p = 5.8208e-11 ([SIG])
    Shaker_GMM_Entropy vs Shaker_Likelihood_Trapz_Bisect: p = 8.7311e-11 ([SIG])
    Shaker_GMM_Entropy vs Shaker_Likelihood_Trapz_Newton: p = 1.4552e-10 ([SIG])
    Shaker_Likelihood_GL_Bisect vs Shaker_Likelihood_GL_Newton: p = 1.0243e-06 ([SIG])
    Shaker_Likelihood_GL_Bisect vs Shaker_Likelihood_Trapz_Bisect: p = 3.5421e-01 ([NS])
    Shaker_Likelihood_GL_Bisect vs Shaker_Likelihood_Trapz_Newton: p = 2.7887e-05 ([SIG])
    Shaker_Likelihood_GL_Newton vs Shaker_Likelihood_Trapz_Bisect: p = 1.6697e-07 ([SIG])
    Shaker_Likelihood_GL_Newton vs Shaker_Likelihood_Trapz_Newton: p = 6.6877e-04 ([SIG])
    Shaker_Likelihood_Trapz_Bisect vs Shaker_Likelihood_Trapz_Newton: p = 1.9206e-07 ([SIG])


######################################################################
# TEST 2: BY DIMENSION
######################################################################


[DIMENSION] 1D Functions
----------------------------------------------------------------------

======================================================================
1D Functions (runs = 5)
======================================================================

--- AUROC ---
Standard    : Mean = 0.6553, Std = 0.1416
Chen        : Mean = 0.6545, Std = 0.1406
Shaker_GMM_Entropy: Mean = 0.6708, Std = 0.1403
Shaker_Likelihood_GL_Bisect: Mean = 0.7447, Std = 0.1654
Shaker_Likelihood_GL_Newton: Mean = 0.7345, Std = 0.1659
Shaker_Likelihood_Trapz_Bisect: Mean = 0.7425, Std = 0.1670
Shaker_Likelihood_Trapz_Newton: Mean = 0.7345, Std = 0.1633

--- FPR95 ---
Standard    : Mean = 0.6856, Std = 0.2076
Chen        : Mean = 0.6839, Std = 0.2113
Shaker_GMM_Entropy: Mean = 0.6477, Std = 0.2084
Shaker_Likelihood_GL_Bisect: Mean = 0.4909, Std = 0.2362
Shaker_Likelihood_GL_Newton: Mean = 0.5064, Std = 0.2389
Shaker_Likelihood_Trapz_Bisect: Mean = 0.4954, Std = 0.2341
Shaker_Likelihood_Trapz_Newton: Mean = 0.4976, Std = 0.2246

--- SPEARMAN ---
Standard    : Mean = 0.1129, Std = 0.1115
Chen        : Mean = 0.1112, Std = 0.1128
Shaker_GMM_Entropy: Mean = 0.1098, Std = 0.1133
Shaker_Likelihood_GL_Bisect: Mean = 0.1174, Std = 0.1205
Shaker_Likelihood_GL_Newton: Mean = 0.1070, Std = 0.1207
Shaker_Likelihood_Trapz_Bisect: Mean = 0.1160, Std = 0.1205
Shaker_Likelihood_Trapz_Newton: Mean = 0.1099, Std = 0.1201

--- BRIER ---
Standard    : Mean = 0.2635, Std = 0.0254
Chen        : Mean = 0.2633, Std = 0.0260
Shaker_GMM_Entropy: Mean = 0.2626, Std = 0.0257
Shaker_Likelihood_GL_Bisect: Mean = 0.2195, Std = 0.0656
Shaker_Likelihood_GL_Newton: Mean = 0.2266, Std = 0.0562
Shaker_Likelihood_Trapz_Bisect: Mean = 0.2188, Std = 0.0661
Shaker_Likelihood_Trapz_Newton: Mean = 0.2273, Std = 0.0560

--- MI ---
Standard    : Mean = 0.2463, Std = 0.1270
Chen        : Mean = 0.2633, Std = 0.1338
Shaker_GMM_Entropy: Mean = 0.2432, Std = 0.1282
Shaker_Likelihood_GL_Bisect: Mean = 0.5582, Std = 0.1269
Shaker_Likelihood_GL_Newton: Mean = 0.5063, Std = 0.1325
Shaker_Likelihood_Trapz_Bisect: Mean = 0.5822, Std = 0.1246
Shaker_Likelihood_Trapz_Newton: Mean = 0.5105, Std = 0.1163

--- JSD ---
Standard    : Mean = 0.2555, Std = 0.1346
Chen        : Mean = 0.2753, Std = 0.1437
Shaker_GMM_Entropy: Mean = 0.2563, Std = 0.1367
Shaker_Likelihood_GL_Bisect: Mean = 0.5820, Std = 0.1270
Shaker_Likelihood_GL_Newton: Mean = 0.5305, Std = 0.1345
Shaker_Likelihood_Trapz_Bisect: Mean = 0.6041, Std = 0.1239
Shaker_Likelihood_Trapz_Newton: Mean = 0.5369, Std = 0.1185

--- NAURC ---
Standard    : Mean = 0.7487, Std = 0.1613
Chen        : Mean = 0.7487, Std = 0.1618
Shaker_GMM_Entropy: Mean = 0.7417, Std = 0.1679
Shaker_Likelihood_GL_Bisect: Mean = 0.6797, Std = 0.2003
Shaker_Likelihood_GL_Newton: Mean = 0.6827, Std = 0.1932
Shaker_Likelihood_Trapz_Bisect: Mean = 0.6800, Std = 0.1989
Shaker_Likelihood_Trapz_Newton: Mean = 0.6843, Std = 0.1957

--- Statistical Validation (alpha = 0.05) ---

AUROC:
  Friedman Test: chi2 = 16.2857, p = 1.2300e-02
  Result: SIGNIFICANT (p < 0.05)
  Bonferroni-corrected alpha = 2.3810e-03
    Standard vs Chen         : p = 8.1250e-01 ([NS])
    Standard vs Shaker_GMM_Entropy: p = 1.2500e-01 ([NS])
    Standard vs Shaker_Likelihood_GL_Bisect: p = 1.2500e-01 ([NS])
    Standard vs Shaker_Likelihood_GL_Newton: p = 1.8750e-01 ([NS])
    Standard vs Shaker_Likelihood_Trapz_Bisect: p = 1.2500e-01 ([NS])
    Standard vs Shaker_Likelihood_Trapz_Newton: p = 1.8750e-01 ([NS])
    Chen vs Shaker_GMM_Entropy: p = 1.2500e-01 ([NS])
    Chen vs Shaker_Likelihood_GL_Bisect: p = 6.2500e-02 ([NS])
    Chen vs Shaker_Likelihood_GL_Newton: p = 1.2500e-01 ([NS])
    Chen vs Shaker_Likelihood_Trapz_Bisect: p = 6.2500e-02 ([NS])
    Chen vs Shaker_Likelihood_Trapz_Newton: p = 1.2500e-01 ([NS])
    Shaker_GMM_Entropy vs Shaker_Likelihood_GL_Bisect: p = 1.2500e-01 ([NS])
    Shaker_GMM_Entropy vs Shaker_Likelihood_GL_Newton: p = 1.8750e-01 ([NS])
    Shaker_GMM_Entropy vs Shaker_Likelihood_Trapz_Bisect: p = 1.2500e-01 ([NS])
    Shaker_GMM_Entropy vs Shaker_Likelihood_Trapz_Newton: p = 1.8750e-01 ([NS])
    Shaker_Likelihood_GL_Bisect vs Shaker_Likelihood_GL_Newton: p = 6.2500e-02 ([NS])
    Shaker_Likelihood_GL_Bisect vs Shaker_Likelihood_Trapz_Bisect: p = 3.1250e-01 ([NS])
    Shaker_Likelihood_GL_Bisect vs Shaker_Likelihood_Trapz_Newton: p = 6.2500e-02 ([NS])
    Shaker_Likelihood_GL_Newton vs Shaker_Likelihood_Trapz_Bisect: p = 6.2500e-02 ([NS])
    Shaker_Likelihood_GL_Newton vs Shaker_Likelihood_Trapz_Newton: p = 8.1250e-01 ([NS])
    Shaker_Likelihood_Trapz_Bisect vs Shaker_Likelihood_Trapz_Newton: p = 6.2500e-02 ([NS])

FPR95:
  Friedman Test: chi2 = 10.8857, p = 9.1973e-02
  Result: NOT SIGNIFICANT (p >= 0.05)

SPEARMAN:
  Friedman Test: chi2 = 7.4571, p = 2.8063e-01
  Result: NOT SIGNIFICANT (p >= 0.05)

BRIER:
  Friedman Test: chi2 = 19.0286, p = 4.1157e-03
  Result: SIGNIFICANT (p < 0.05)
  Bonferroni-corrected alpha = 2.3810e-03
    Standard vs Chen         : p = 1.0000e+00 ([NS])
    Standard vs Shaker_GMM_Entropy: p = 4.3750e-01 ([NS])
    Standard vs Shaker_Likelihood_GL_Bisect: p = 6.2500e-02 ([NS])
    Standard vs Shaker_Likelihood_GL_Newton: p = 6.2500e-02 ([NS])
    Standard vs Shaker_Likelihood_Trapz_Bisect: p = 6.2500e-02 ([NS])
    Standard vs Shaker_Likelihood_Trapz_Newton: p = 1.2500e-01 ([NS])
    Chen vs Shaker_GMM_Entropy: p = 6.2500e-01 ([NS])
    Chen vs Shaker_Likelihood_GL_Bisect: p = 6.2500e-02 ([NS])
    Chen vs Shaker_Likelihood_GL_Newton: p = 6.2500e-02 ([NS])
    Chen vs Shaker_Likelihood_Trapz_Bisect: p = 6.2500e-02 ([NS])
    Chen vs Shaker_Likelihood_Trapz_Newton: p = 1.2500e-01 ([NS])
    Shaker_GMM_Entropy vs Shaker_Likelihood_GL_Bisect: p = 1.2500e-01 ([NS])
    Shaker_GMM_Entropy vs Shaker_Likelihood_GL_Newton: p = 6.2500e-02 ([NS])
    Shaker_GMM_Entropy vs Shaker_Likelihood_Trapz_Bisect: p = 1.2500e-01 ([NS])
    Shaker_GMM_Entropy vs Shaker_Likelihood_Trapz_Newton: p = 6.2500e-02 ([NS])
    Shaker_Likelihood_GL_Bisect vs Shaker_Likelihood_GL_Newton: p = 3.1250e-01 ([NS])
    Shaker_Likelihood_GL_Bisect vs Shaker_Likelihood_Trapz_Bisect: p = 3.1250e-01 ([NS])
    Shaker_Likelihood_GL_Bisect vs Shaker_Likelihood_Trapz_Newton: p = 1.8750e-01 ([NS])
    Shaker_Likelihood_GL_Newton vs Shaker_Likelihood_Trapz_Bisect: p = 3.1250e-01 ([NS])
    Shaker_Likelihood_GL_Newton vs Shaker_Likelihood_Trapz_Newton: p = 4.3750e-01 ([NS])
    Shaker_Likelihood_Trapz_Bisect vs Shaker_Likelihood_Trapz_Newton: p = 1.8750e-01 ([NS])

MI:
  Friedman Test: chi2 = 27.2571, p = 1.2959e-04
  Result: SIGNIFICANT (p < 0.05)
  Bonferroni-corrected alpha = 2.3810e-03
    Standard vs Chen         : p = 1.8750e-01 ([NS])
    Standard vs Shaker_GMM_Entropy: p = 1.0000e+00 ([NS])
    Standard vs Shaker_Likelihood_GL_Bisect: p = 6.2500e-02 ([NS])
    Standard vs Shaker_Likelihood_GL_Newton: p = 6.2500e-02 ([NS])
    Standard vs Shaker_Likelihood_Trapz_Bisect: p = 6.2500e-02 ([NS])
    Standard vs Shaker_Likelihood_Trapz_Newton: p = 6.2500e-02 ([NS])
    Chen vs Shaker_GMM_Entropy: p = 8.1250e-01 ([NS])
    Chen vs Shaker_Likelihood_GL_Bisect: p = 6.2500e-02 ([NS])
    Chen vs Shaker_Likelihood_GL_Newton: p = 6.2500e-02 ([NS])
    Chen vs Shaker_Likelihood_Trapz_Bisect: p = 6.2500e-02 ([NS])
    Chen vs Shaker_Likelihood_Trapz_Newton: p = 6.2500e-02 ([NS])
    Shaker_GMM_Entropy vs Shaker_Likelihood_GL_Bisect: p = 6.2500e-02 ([NS])
    Shaker_GMM_Entropy vs Shaker_Likelihood_GL_Newton: p = 6.2500e-02 ([NS])
    Shaker_GMM_Entropy vs Shaker_Likelihood_Trapz_Bisect: p = 6.2500e-02 ([NS])
    Shaker_GMM_Entropy vs Shaker_Likelihood_Trapz_Newton: p = 6.2500e-02 ([NS])
    Shaker_Likelihood_GL_Bisect vs Shaker_Likelihood_GL_Newton: p = 6.2500e-02 ([NS])
    Shaker_Likelihood_GL_Bisect vs Shaker_Likelihood_Trapz_Bisect: p = 1.2500e-01 ([NS])
    Shaker_Likelihood_GL_Bisect vs Shaker_Likelihood_Trapz_Newton: p = 6.2500e-02 ([NS])
    Shaker_Likelihood_GL_Newton vs Shaker_Likelihood_Trapz_Bisect: p = 6.2500e-02 ([NS])
    Shaker_Likelihood_GL_Newton vs Shaker_Likelihood_Trapz_Newton: p = 6.2500e-01 ([NS])
    Shaker_Likelihood_Trapz_Bisect vs Shaker_Likelihood_Trapz_Newton: p = 6.2500e-02 ([NS])

JSD:
  Friedman Test: chi2 = 27.2571, p = 1.2959e-04
  Result: SIGNIFICANT (p < 0.05)
  Bonferroni-corrected alpha = 2.3810e-03
    Standard vs Chen         : p = 1.8750e-01 ([NS])
    Standard vs Shaker_GMM_Entropy: p = 1.0000e+00 ([NS])
    Standard vs Shaker_Likelihood_GL_Bisect: p = 6.2500e-02 ([NS])
    Standard vs Shaker_Likelihood_GL_Newton: p = 6.2500e-02 ([NS])
    Standard vs Shaker_Likelihood_Trapz_Bisect: p = 6.2500e-02 ([NS])
    Standard vs Shaker_Likelihood_Trapz_Newton: p = 6.2500e-02 ([NS])
    Chen vs Shaker_GMM_Entropy: p = 8.1250e-01 ([NS])
    Chen vs Shaker_Likelihood_GL_Bisect: p = 6.2500e-02 ([NS])
    Chen vs Shaker_Likelihood_GL_Newton: p = 6.2500e-02 ([NS])
    Chen vs Shaker_Likelihood_Trapz_Bisect: p = 6.2500e-02 ([NS])
    Chen vs Shaker_Likelihood_Trapz_Newton: p = 6.2500e-02 ([NS])
    Shaker_GMM_Entropy vs Shaker_Likelihood_GL_Bisect: p = 6.2500e-02 ([NS])
    Shaker_GMM_Entropy vs Shaker_Likelihood_GL_Newton: p = 6.2500e-02 ([NS])
    Shaker_GMM_Entropy vs Shaker_Likelihood_Trapz_Bisect: p = 6.2500e-02 ([NS])
    Shaker_GMM_Entropy vs Shaker_Likelihood_Trapz_Newton: p = 6.2500e-02 ([NS])
    Shaker_Likelihood_GL_Bisect vs Shaker_Likelihood_GL_Newton: p = 6.2500e-02 ([NS])
    Shaker_Likelihood_GL_Bisect vs Shaker_Likelihood_Trapz_Bisect: p = 1.2500e-01 ([NS])
    Shaker_Likelihood_GL_Bisect vs Shaker_Likelihood_Trapz_Newton: p = 6.2500e-02 ([NS])
    Shaker_Likelihood_GL_Newton vs Shaker_Likelihood_Trapz_Bisect: p = 6.2500e-02 ([NS])
    Shaker_Likelihood_GL_Newton vs Shaker_Likelihood_Trapz_Newton: p = 6.2500e-01 ([NS])
    Shaker_Likelihood_Trapz_Bisect vs Shaker_Likelihood_Trapz_Newton: p = 6.2500e-02 ([NS])

NAURC:
  Friedman Test: chi2 = 12.1714, p = 5.8252e-02
  Result: NOT SIGNIFICANT (p >= 0.05)

[DIMENSION] 2D Functions
----------------------------------------------------------------------

======================================================================
2D Functions (runs = 5)
======================================================================

--- AUROC ---
Standard    : Mean = 0.3645, Std = 0.2205
Chen        : Mean = 0.3653, Std = 0.2175
Shaker_GMM_Entropy: Mean = 0.3870, Std = 0.2139
Shaker_Likelihood_GL_Bisect: Mean = 0.2862, Std = 0.1762
Shaker_Likelihood_GL_Newton: Mean = 0.2898, Std = 0.1853
Shaker_Likelihood_Trapz_Bisect: Mean = 0.2816, Std = 0.1801
Shaker_Likelihood_Trapz_Newton: Mean = 0.2834, Std = 0.1884

--- FPR95 ---
Standard    : Mean = 0.8441, Std = 0.1873
Chen        : Mean = 0.8490, Std = 0.1795
Shaker_GMM_Entropy: Mean = 0.8426, Std = 0.1876
Shaker_Likelihood_GL_Bisect: Mean = 0.9104, Std = 0.1380
Shaker_Likelihood_GL_Newton: Mean = 0.9075, Std = 0.1470
Shaker_Likelihood_Trapz_Bisect: Mean = 0.9147, Std = 0.1369
Shaker_Likelihood_Trapz_Newton: Mean = 0.9089, Std = 0.1483

--- SPEARMAN ---
Standard    : Mean = 0.1696, Std = 0.3272
Chen        : Mean = 0.1676, Std = 0.3276
Shaker_GMM_Entropy: Mean = 0.1694, Std = 0.3271
Shaker_Likelihood_GL_Bisect: Mean = 0.1438, Std = 0.2986
Shaker_Likelihood_GL_Newton: Mean = 0.1450, Std = 0.2947
Shaker_Likelihood_Trapz_Bisect: Mean = 0.1704, Std = 0.3210
Shaker_Likelihood_Trapz_Newton: Mean = 0.1668, Std = 0.3238

--- BRIER ---
Standard    : Mean = 0.2360, Std = 0.0449
Chen        : Mean = 0.2372, Std = 0.0442
Shaker_GMM_Entropy: Mean = 0.2420, Std = 0.0441
Shaker_Likelihood_GL_Bisect: Mean = 0.2240, Std = 0.0463
Shaker_Likelihood_GL_Newton: Mean = 0.2211, Std = 0.0523
Shaker_Likelihood_Trapz_Bisect: Mean = 0.2213, Std = 0.0498
Shaker_Likelihood_Trapz_Newton: Mean = 0.2196, Std = 0.0521

--- MI ---
Standard    : Mean = 0.2538, Std = 0.0956
Chen        : Mean = 0.2452, Std = 0.0920
Shaker_GMM_Entropy: Mean = 0.2261, Std = 0.0936
Shaker_Likelihood_GL_Bisect: Mean = 0.2962, Std = 0.1070
Shaker_Likelihood_GL_Newton: Mean = 0.2930, Std = 0.1264
Shaker_Likelihood_Trapz_Bisect: Mean = 0.3156, Std = 0.1176
Shaker_Likelihood_Trapz_Newton: Mean = 0.3064, Std = 0.1248

--- JSD ---
Standard    : Mean = 0.2792, Std = 0.1028
Chen        : Mean = 0.2699, Std = 0.0988
Shaker_GMM_Entropy: Mean = 0.2502, Std = 0.1007
Shaker_Likelihood_GL_Bisect: Mean = 0.3171, Std = 0.1117
Shaker_Likelihood_GL_Newton: Mean = 0.3122, Std = 0.1298
Shaker_Likelihood_Trapz_Bisect: Mean = 0.3374, Std = 0.1215
Shaker_Likelihood_Trapz_Newton: Mean = 0.3275, Std = 0.1282

--- NAURC ---
Standard    : Mean = 0.9772, Std = 0.3033
Chen        : Mean = 0.9804, Std = 0.3004
Shaker_GMM_Entropy: Mean = 0.9718, Std = 0.2968
Shaker_Likelihood_GL_Bisect: Mean = 0.7993, Std = 0.2353
Shaker_Likelihood_GL_Newton: Mean = 0.8280, Std = 0.2344
Shaker_Likelihood_Trapz_Bisect: Mean = 0.7944, Std = 0.2355
Shaker_Likelihood_Trapz_Newton: Mean = 0.8188, Std = 0.2385

--- Statistical Validation (alpha = 0.05) ---

AUROC:
  Friedman Test: chi2 = 14.5714, p = 2.3865e-02
  Result: SIGNIFICANT (p < 0.05)
  Bonferroni-corrected alpha = 2.3810e-03
    Standard vs Chen         : p = 6.2500e-01 ([NS])
    Standard vs Shaker_GMM_Entropy: p = 1.2500e-01 ([NS])
    Standard vs Shaker_Likelihood_GL_Bisect: p = 3.1250e-01 ([NS])
    Standard vs Shaker_Likelihood_GL_Newton: p = 1.8750e-01 ([NS])
    Standard vs Shaker_Likelihood_Trapz_Bisect: p = 1.8750e-01 ([NS])
    Standard vs Shaker_Likelihood_Trapz_Newton: p = 6.2500e-02 ([NS])
    Chen vs Shaker_GMM_Entropy: p = 6.2500e-02 ([NS])
    Chen vs Shaker_Likelihood_GL_Bisect: p = 3.1250e-01 ([NS])
    Chen vs Shaker_Likelihood_GL_Newton: p = 1.8750e-01 ([NS])
    Chen vs Shaker_Likelihood_Trapz_Bisect: p = 1.2500e-01 ([NS])
    Chen vs Shaker_Likelihood_Trapz_Newton: p = 6.2500e-02 ([NS])
    Shaker_GMM_Entropy vs Shaker_Likelihood_GL_Bisect: p = 1.2500e-01 ([NS])
    Shaker_GMM_Entropy vs Shaker_Likelihood_GL_Newton: p = 6.2500e-02 ([NS])
    Shaker_GMM_Entropy vs Shaker_Likelihood_Trapz_Bisect: p = 6.2500e-02 ([NS])
    Shaker_GMM_Entropy vs Shaker_Likelihood_Trapz_Newton: p = 6.2500e-02 ([NS])
    Shaker_Likelihood_GL_Bisect vs Shaker_Likelihood_GL_Newton: p = 8.1250e-01 ([NS])
    Shaker_Likelihood_GL_Bisect vs Shaker_Likelihood_Trapz_Bisect: p = 6.2500e-01 ([NS])
    Shaker_Likelihood_GL_Bisect vs Shaker_Likelihood_Trapz_Newton: p = 8.1250e-01 ([NS])
    Shaker_Likelihood_GL_Newton vs Shaker_Likelihood_Trapz_Bisect: p = 3.1250e-01 ([NS])
    Shaker_Likelihood_GL_Newton vs Shaker_Likelihood_Trapz_Newton: p = 3.1250e-01 ([NS])
    Shaker_Likelihood_Trapz_Bisect vs Shaker_Likelihood_Trapz_Newton: p = 1.0000e+00 ([NS])

FPR95:
  Friedman Test: chi2 = 7.3763, p = 2.8744e-01
  Result: NOT SIGNIFICANT (p >= 0.05)

SPEARMAN:
  Friedman Test: chi2 = 8.4000, p = 2.1024e-01
  Result: NOT SIGNIFICANT (p >= 0.05)

BRIER:
  Friedman Test: chi2 = 8.2286, p = 2.2183e-01
  Result: NOT SIGNIFICANT (p >= 0.05)

MI:
  Friedman Test: chi2 = 18.2571, p = 5.6207e-03
  Result: SIGNIFICANT (p < 0.05)
  Bonferroni-corrected alpha = 2.3810e-03
    Standard vs Chen         : p = 6.2500e-02 ([NS])
    Standard vs Shaker_GMM_Entropy: p = 1.2500e-01 ([NS])
    Standard vs Shaker_Likelihood_GL_Bisect: p = 1.2500e-01 ([NS])
    Standard vs Shaker_Likelihood_GL_Newton: p = 3.1250e-01 ([NS])
    Standard vs Shaker_Likelihood_Trapz_Bisect: p = 6.2500e-02 ([NS])
    Standard vs Shaker_Likelihood_Trapz_Newton: p = 1.2500e-01 ([NS])
    Chen vs Shaker_GMM_Entropy: p = 4.3750e-01 ([NS])
    Chen vs Shaker_Likelihood_GL_Bisect: p = 6.2500e-02 ([NS])
    Chen vs Shaker_Likelihood_GL_Newton: p = 1.8750e-01 ([NS])
    Chen vs Shaker_Likelihood_Trapz_Bisect: p = 6.2500e-02 ([NS])
    Chen vs Shaker_Likelihood_Trapz_Newton: p = 1.2500e-01 ([NS])
    Shaker_GMM_Entropy vs Shaker_Likelihood_GL_Bisect: p = 6.2500e-02 ([NS])
    Shaker_GMM_Entropy vs Shaker_Likelihood_GL_Newton: p = 1.2500e-01 ([NS])
    Shaker_GMM_Entropy vs Shaker_Likelihood_Trapz_Bisect: p = 6.2500e-02 ([NS])
    Shaker_GMM_Entropy vs Shaker_Likelihood_Trapz_Newton: p = 1.2500e-01 ([NS])
    Shaker_Likelihood_GL_Bisect vs Shaker_Likelihood_GL_Newton: p = 1.0000e+00 ([NS])
    Shaker_Likelihood_GL_Bisect vs Shaker_Likelihood_Trapz_Bisect: p = 1.2500e-01 ([NS])
    Shaker_Likelihood_GL_Bisect vs Shaker_Likelihood_Trapz_Newton: p = 6.2500e-01 ([NS])
    Shaker_Likelihood_GL_Newton vs Shaker_Likelihood_Trapz_Bisect: p = 6.2500e-02 ([NS])
    Shaker_Likelihood_GL_Newton vs Shaker_Likelihood_Trapz_Newton: p = 6.2500e-02 ([NS])
    Shaker_Likelihood_Trapz_Bisect vs Shaker_Likelihood_Trapz_Newton: p = 6.2500e-01 ([NS])

JSD:
  Friedman Test: chi2 = 13.8857, p = 3.0939e-02
  Result: SIGNIFICANT (p < 0.05)
  Bonferroni-corrected alpha = 2.3810e-03
    Standard vs Chen         : p = 6.2500e-02 ([NS])
    Standard vs Shaker_GMM_Entropy: p = 1.2500e-01 ([NS])
    Standard vs Shaker_Likelihood_GL_Bisect: p = 3.1250e-01 ([NS])
    Standard vs Shaker_Likelihood_GL_Newton: p = 3.1250e-01 ([NS])
    Standard vs Shaker_Likelihood_Trapz_Bisect: p = 3.1250e-01 ([NS])
    Standard vs Shaker_Likelihood_Trapz_Newton: p = 1.8750e-01 ([NS])
    Chen vs Shaker_GMM_Entropy: p = 4.3750e-01 ([NS])
    Chen vs Shaker_Likelihood_GL_Bisect: p = 1.2500e-01 ([NS])
    Chen vs Shaker_Likelihood_GL_Newton: p = 1.8750e-01 ([NS])
    Chen vs Shaker_Likelihood_Trapz_Bisect: p = 6.2500e-02 ([NS])
    Chen vs Shaker_Likelihood_Trapz_Newton: p = 1.2500e-01 ([NS])
    Shaker_GMM_Entropy vs Shaker_Likelihood_GL_Bisect: p = 1.2500e-01 ([NS])
    Shaker_GMM_Entropy vs Shaker_Likelihood_GL_Newton: p = 1.2500e-01 ([NS])
    Shaker_GMM_Entropy vs Shaker_Likelihood_Trapz_Bisect: p = 6.2500e-02 ([NS])
    Shaker_GMM_Entropy vs Shaker_Likelihood_Trapz_Newton: p = 1.2500e-01 ([NS])
    Shaker_Likelihood_GL_Bisect vs Shaker_Likelihood_GL_Newton: p = 1.0000e+00 ([NS])
    Shaker_Likelihood_GL_Bisect vs Shaker_Likelihood_Trapz_Bisect: p = 1.2500e-01 ([NS])
    Shaker_Likelihood_GL_Bisect vs Shaker_Likelihood_Trapz_Newton: p = 6.2500e-01 ([NS])
    Shaker_Likelihood_GL_Newton vs Shaker_Likelihood_Trapz_Bisect: p = 6.2500e-02 ([NS])
    Shaker_Likelihood_GL_Newton vs Shaker_Likelihood_Trapz_Newton: p = 6.2500e-02 ([NS])
    Shaker_Likelihood_Trapz_Bisect vs Shaker_Likelihood_Trapz_Newton: p = 6.2500e-01 ([NS])

NAURC:
  Friedman Test: chi2 = 27.0857, p = 1.3955e-04
  Result: SIGNIFICANT (p < 0.05)
  Bonferroni-corrected alpha = 2.3810e-03
    Standard vs Chen         : p = 1.8750e-01 ([NS])
    Standard vs Shaker_GMM_Entropy: p = 1.0000e+00 ([NS])
    Standard vs Shaker_Likelihood_GL_Bisect: p = 6.2500e-02 ([NS])
    Standard vs Shaker_Likelihood_GL_Newton: p = 6.2500e-02 ([NS])
    Standard vs Shaker_Likelihood_Trapz_Bisect: p = 6.2500e-02 ([NS])
    Standard vs Shaker_Likelihood_Trapz_Newton: p = 6.2500e-02 ([NS])
    Chen vs Shaker_GMM_Entropy: p = 1.8750e-01 ([NS])
    Chen vs Shaker_Likelihood_GL_Bisect: p = 6.2500e-02 ([NS])
    Chen vs Shaker_Likelihood_GL_Newton: p = 6.2500e-02 ([NS])
    Chen vs Shaker_Likelihood_Trapz_Bisect: p = 6.2500e-02 ([NS])
    Chen vs Shaker_Likelihood_Trapz_Newton: p = 6.2500e-02 ([NS])
    Shaker_GMM_Entropy vs Shaker_Likelihood_GL_Bisect: p = 6.2500e-02 ([NS])
    Shaker_GMM_Entropy vs Shaker_Likelihood_GL_Newton: p = 6.2500e-02 ([NS])
    Shaker_GMM_Entropy vs Shaker_Likelihood_Trapz_Bisect: p = 6.2500e-02 ([NS])
    Shaker_GMM_Entropy vs Shaker_Likelihood_Trapz_Newton: p = 6.2500e-02 ([NS])
    Shaker_Likelihood_GL_Bisect vs Shaker_Likelihood_GL_Newton: p = 6.2500e-02 ([NS])
    Shaker_Likelihood_GL_Bisect vs Shaker_Likelihood_Trapz_Bisect: p = 4.3750e-01 ([NS])
    Shaker_Likelihood_GL_Bisect vs Shaker_Likelihood_Trapz_Newton: p = 3.1250e-01 ([NS])
    Shaker_Likelihood_GL_Newton vs Shaker_Likelihood_Trapz_Bisect: p = 6.2500e-02 ([NS])
    Shaker_Likelihood_GL_Newton vs Shaker_Likelihood_Trapz_Newton: p = 6.2500e-02 ([NS])
    Shaker_Likelihood_Trapz_Bisect vs Shaker_Likelihood_Trapz_Newton: p = 6.2500e-02 ([NS])

[DIMENSION] 3D Functions
----------------------------------------------------------------------

======================================================================
3D Functions (runs = 5)
======================================================================

--- AUROC ---
Standard    : Mean = 0.3867, Std = 0.1960
Chen        : Mean = 0.3880, Std = 0.1940
Shaker_GMM_Entropy: Mean = 0.3896, Std = 0.1985
Shaker_Likelihood_GL_Bisect: Mean = 0.3142, Std = 0.1600
Shaker_Likelihood_GL_Newton: Mean = 0.3216, Std = 0.1645
Shaker_Likelihood_Trapz_Bisect: Mean = 0.3140, Std = 0.1601
Shaker_Likelihood_Trapz_Newton: Mean = 0.3215, Std = 0.1646

--- FPR95 ---
Standard    : Mean = 0.8511, Std = 0.1197
Chen        : Mean = 0.8518, Std = 0.1190
Shaker_GMM_Entropy: Mean = 0.8518, Std = 0.1246
Shaker_Likelihood_GL_Bisect: Mean = 0.8718, Std = 0.1396
Shaker_Likelihood_GL_Newton: Mean = 0.8689, Std = 0.1392
Shaker_Likelihood_Trapz_Bisect: Mean = 0.8716, Std = 0.1389
Shaker_Likelihood_Trapz_Newton: Mean = 0.8687, Std = 0.1395

--- SPEARMAN ---
Standard    : Mean = 0.1786, Std = 0.2423
Chen        : Mean = 0.1775, Std = 0.2427
Shaker_GMM_Entropy: Mean = 0.1637, Std = 0.2248
Shaker_Likelihood_GL_Bisect: Mean = 0.1844, Std = 0.2450
Shaker_Likelihood_GL_Newton: Mean = 0.1825, Std = 0.2470
Shaker_Likelihood_Trapz_Bisect: Mean = 0.1842, Std = 0.2469
Shaker_Likelihood_Trapz_Newton: Mean = 0.1841, Std = 0.2467

--- BRIER ---
Standard    : Mean = 0.2340, Std = 0.0768
Chen        : Mean = 0.2354, Std = 0.0754
Shaker_GMM_Entropy: Mean = 0.2337, Std = 0.0744
Shaker_Likelihood_GL_Bisect: Mean = 0.2214, Std = 0.0814
Shaker_Likelihood_GL_Newton: Mean = 0.2228, Std = 0.0824
Shaker_Likelihood_Trapz_Bisect: Mean = 0.2213, Std = 0.0815
Shaker_Likelihood_Trapz_Newton: Mean = 0.2226, Std = 0.0828

--- MI ---
Standard    : Mean = 0.2272, Std = 0.1997
Chen        : Mean = 0.2209, Std = 0.1955
Shaker_GMM_Entropy: Mean = 0.2368, Std = 0.1911
Shaker_Likelihood_GL_Bisect: Mean = 0.3176, Std = 0.2247
Shaker_Likelihood_GL_Newton: Mean = 0.3104, Std = 0.2264
Shaker_Likelihood_Trapz_Bisect: Mean = 0.3195, Std = 0.2255
Shaker_Likelihood_Trapz_Newton: Mean = 0.3121, Std = 0.2272

--- JSD ---
Standard    : Mean = 0.2441, Std = 0.2052
Chen        : Mean = 0.2373, Std = 0.2016
Shaker_GMM_Entropy: Mean = 0.2559, Std = 0.1970
Shaker_Likelihood_GL_Bisect: Mean = 0.3454, Std = 0.2292
Shaker_Likelihood_GL_Newton: Mean = 0.3362, Std = 0.2318
Shaker_Likelihood_Trapz_Bisect: Mean = 0.3475, Std = 0.2303
Shaker_Likelihood_Trapz_Newton: Mean = 0.3379, Std = 0.2328

--- NAURC ---
Standard    : Mean = 0.6253, Std = 0.2858
Chen        : Mean = 0.6279, Std = 0.2840
Shaker_GMM_Entropy: Mean = 0.6537, Std = 0.2644
Shaker_Likelihood_GL_Bisect: Mean = 0.5313, Std = 0.2982
Shaker_Likelihood_GL_Newton: Mean = 0.5365, Std = 0.2988
Shaker_Likelihood_Trapz_Bisect: Mean = 0.5310, Std = 0.2983
Shaker_Likelihood_Trapz_Newton: Mean = 0.5362, Std = 0.2994

--- Statistical Validation (alpha = 0.05) ---

AUROC:
  Friedman Test: chi2 = 22.9714, p = 8.0610e-04
  Result: SIGNIFICANT (p < 0.05)
  Bonferroni-corrected alpha = 2.3810e-03
    Standard vs Chen         : p = 3.1250e-01 ([NS])
    Standard vs Shaker_GMM_Entropy: p = 4.3750e-01 ([NS])
    Standard vs Shaker_Likelihood_GL_Bisect: p = 6.2500e-02 ([NS])
    Standard vs Shaker_Likelihood_GL_Newton: p = 6.2500e-02 ([NS])
    Standard vs Shaker_Likelihood_Trapz_Bisect: p = 6.2500e-02 ([NS])
    Standard vs Shaker_Likelihood_Trapz_Newton: p = 6.2500e-02 ([NS])
    Chen vs Shaker_GMM_Entropy: p = 8.1250e-01 ([NS])
    Chen vs Shaker_Likelihood_GL_Bisect: p = 6.2500e-02 ([NS])
    Chen vs Shaker_Likelihood_GL_Newton: p = 6.2500e-02 ([NS])
    Chen vs Shaker_Likelihood_Trapz_Bisect: p = 6.2500e-02 ([NS])
    Chen vs Shaker_Likelihood_Trapz_Newton: p = 6.2500e-02 ([NS])
    Shaker_GMM_Entropy vs Shaker_Likelihood_GL_Bisect: p = 6.2500e-02 ([NS])
    Shaker_GMM_Entropy vs Shaker_Likelihood_GL_Newton: p = 6.2500e-02 ([NS])
    Shaker_GMM_Entropy vs Shaker_Likelihood_Trapz_Bisect: p = 6.2500e-02 ([NS])
    Shaker_GMM_Entropy vs Shaker_Likelihood_Trapz_Newton: p = 6.2500e-02 ([NS])
    Shaker_Likelihood_GL_Bisect vs Shaker_Likelihood_GL_Newton: p = 3.1250e-01 ([NS])
    Shaker_Likelihood_GL_Bisect vs Shaker_Likelihood_Trapz_Bisect: p = 1.8750e-01 ([NS])
    Shaker_Likelihood_GL_Bisect vs Shaker_Likelihood_Trapz_Newton: p = 3.1250e-01 ([NS])
    Shaker_Likelihood_GL_Newton vs Shaker_Likelihood_Trapz_Bisect: p = 3.1250e-01 ([NS])
    Shaker_Likelihood_GL_Newton vs Shaker_Likelihood_Trapz_Newton: p = 6.2500e-01 ([NS])
    Shaker_Likelihood_Trapz_Bisect vs Shaker_Likelihood_Trapz_Newton: p = 3.1250e-01 ([NS])

FPR95:
  Friedman Test: chi2 = 1.5429, p = 9.5660e-01
  Result: NOT SIGNIFICANT (p >= 0.05)

SPEARMAN:
  Friedman Test: chi2 = 6.7714, p = 3.4250e-01
  Result: NOT SIGNIFICANT (p >= 0.05)

BRIER:
  Friedman Test: chi2 = 19.7143, p = 3.1129e-03
  Result: SIGNIFICANT (p < 0.05)
  Bonferroni-corrected alpha = 2.3810e-03
    Standard vs Chen         : p = 6.2500e-02 ([NS])
    Standard vs Shaker_GMM_Entropy: p = 6.2500e-01 ([NS])
    Standard vs Shaker_Likelihood_GL_Bisect: p = 6.2500e-02 ([NS])
    Standard vs Shaker_Likelihood_GL_Newton: p = 1.2500e-01 ([NS])
    Standard vs Shaker_Likelihood_Trapz_Bisect: p = 6.2500e-02 ([NS])
    Standard vs Shaker_Likelihood_Trapz_Newton: p = 1.2500e-01 ([NS])
    Chen vs Shaker_GMM_Entropy: p = 3.1250e-01 ([NS])
    Chen vs Shaker_Likelihood_GL_Bisect: p = 6.2500e-02 ([NS])
    Chen vs Shaker_Likelihood_GL_Newton: p = 6.2500e-02 ([NS])
    Chen vs Shaker_Likelihood_Trapz_Bisect: p = 6.2500e-02 ([NS])
    Chen vs Shaker_Likelihood_Trapz_Newton: p = 6.2500e-02 ([NS])
    Shaker_GMM_Entropy vs Shaker_Likelihood_GL_Bisect: p = 1.2500e-01 ([NS])
    Shaker_GMM_Entropy vs Shaker_Likelihood_GL_Newton: p = 1.2500e-01 ([NS])
    Shaker_GMM_Entropy vs Shaker_Likelihood_Trapz_Bisect: p = 1.2500e-01 ([NS])
    Shaker_GMM_Entropy vs Shaker_Likelihood_Trapz_Newton: p = 1.2500e-01 ([NS])
    Shaker_Likelihood_GL_Bisect vs Shaker_Likelihood_GL_Newton: p = 1.8750e-01 ([NS])
    Shaker_Likelihood_GL_Bisect vs Shaker_Likelihood_Trapz_Bisect: p = 6.2500e-02 ([NS])
    Shaker_Likelihood_GL_Bisect vs Shaker_Likelihood_Trapz_Newton: p = 4.3750e-01 ([NS])
    Shaker_Likelihood_GL_Newton vs Shaker_Likelihood_Trapz_Bisect: p = 1.8750e-01 ([NS])
    Shaker_Likelihood_GL_Newton vs Shaker_Likelihood_Trapz_Newton: p = 3.1250e-01 ([NS])
    Shaker_Likelihood_Trapz_Bisect vs Shaker_Likelihood_Trapz_Newton: p = 1.8750e-01 ([NS])

MI:
  Friedman Test: chi2 = 24.3429, p = 4.5159e-04
  Result: SIGNIFICANT (p < 0.05)
  Bonferroni-corrected alpha = 2.3810e-03
    Standard vs Chen         : p = 6.2500e-02 ([NS])
    Standard vs Shaker_GMM_Entropy: p = 4.3750e-01 ([NS])
    Standard vs Shaker_Likelihood_GL_Bisect: p = 6.2500e-02 ([NS])
    Standard vs Shaker_Likelihood_GL_Newton: p = 6.2500e-02 ([NS])
    Standard vs Shaker_Likelihood_Trapz_Bisect: p = 6.2500e-02 ([NS])
    Standard vs Shaker_Likelihood_Trapz_Newton: p = 6.2500e-02 ([NS])
    Chen vs Shaker_GMM_Entropy: p = 6.2500e-02 ([NS])
    Chen vs Shaker_Likelihood_GL_Bisect: p = 6.2500e-02 ([NS])
    Chen vs Shaker_Likelihood_GL_Newton: p = 6.2500e-02 ([NS])
    Chen vs Shaker_Likelihood_Trapz_Bisect: p = 6.2500e-02 ([NS])
    Chen vs Shaker_Likelihood_Trapz_Newton: p = 6.2500e-02 ([NS])
    Shaker_GMM_Entropy vs Shaker_Likelihood_GL_Bisect: p = 6.2500e-02 ([NS])
    Shaker_GMM_Entropy vs Shaker_Likelihood_GL_Newton: p = 1.2500e-01 ([NS])
    Shaker_GMM_Entropy vs Shaker_Likelihood_Trapz_Bisect: p = 6.2500e-02 ([NS])
    Shaker_GMM_Entropy vs Shaker_Likelihood_Trapz_Newton: p = 1.2500e-01 ([NS])
    Shaker_Likelihood_GL_Bisect vs Shaker_Likelihood_GL_Newton: p = 3.1250e-01 ([NS])
    Shaker_Likelihood_GL_Bisect vs Shaker_Likelihood_Trapz_Bisect: p = 1.8750e-01 ([NS])
    Shaker_Likelihood_GL_Bisect vs Shaker_Likelihood_Trapz_Newton: p = 3.1250e-01 ([NS])
    Shaker_Likelihood_GL_Newton vs Shaker_Likelihood_Trapz_Bisect: p = 1.8750e-01 ([NS])
    Shaker_Likelihood_GL_Newton vs Shaker_Likelihood_Trapz_Newton: p = 1.2500e-01 ([NS])
    Shaker_Likelihood_Trapz_Bisect vs Shaker_Likelihood_Trapz_Newton: p = 1.8750e-01 ([NS])

JSD:
  Friedman Test: chi2 = 26.0571, p = 2.1725e-04
  Result: SIGNIFICANT (p < 0.05)
  Bonferroni-corrected alpha = 2.3810e-03
    Standard vs Chen         : p = 6.2500e-02 ([NS])
    Standard vs Shaker_GMM_Entropy: p = 4.3750e-01 ([NS])
    Standard vs Shaker_Likelihood_GL_Bisect: p = 6.2500e-02 ([NS])
    Standard vs Shaker_Likelihood_GL_Newton: p = 6.2500e-02 ([NS])
    Standard vs Shaker_Likelihood_Trapz_Bisect: p = 6.2500e-02 ([NS])
    Standard vs Shaker_Likelihood_Trapz_Newton: p = 6.2500e-02 ([NS])
    Chen vs Shaker_GMM_Entropy: p = 6.2500e-02 ([NS])
    Chen vs Shaker_Likelihood_GL_Bisect: p = 6.2500e-02 ([NS])
    Chen vs Shaker_Likelihood_GL_Newton: p = 6.2500e-02 ([NS])
    Chen vs Shaker_Likelihood_Trapz_Bisect: p = 6.2500e-02 ([NS])
    Chen vs Shaker_Likelihood_Trapz_Newton: p = 6.2500e-02 ([NS])
    Shaker_GMM_Entropy vs Shaker_Likelihood_GL_Bisect: p = 6.2500e-02 ([NS])
    Shaker_GMM_Entropy vs Shaker_Likelihood_GL_Newton: p = 6.2500e-02 ([NS])
    Shaker_GMM_Entropy vs Shaker_Likelihood_Trapz_Bisect: p = 6.2500e-02 ([NS])
    Shaker_GMM_Entropy vs Shaker_Likelihood_Trapz_Newton: p = 6.2500e-02 ([NS])
    Shaker_Likelihood_GL_Bisect vs Shaker_Likelihood_GL_Newton: p = 1.8750e-01 ([NS])
    Shaker_Likelihood_GL_Bisect vs Shaker_Likelihood_Trapz_Bisect: p = 1.8750e-01 ([NS])
    Shaker_Likelihood_GL_Bisect vs Shaker_Likelihood_Trapz_Newton: p = 3.1250e-01 ([NS])
    Shaker_Likelihood_GL_Newton vs Shaker_Likelihood_Trapz_Bisect: p = 1.2500e-01 ([NS])
    Shaker_Likelihood_GL_Newton vs Shaker_Likelihood_Trapz_Newton: p = 1.2500e-01 ([NS])
    Shaker_Likelihood_Trapz_Bisect vs Shaker_Likelihood_Trapz_Newton: p = 1.8750e-01 ([NS])

NAURC:
  Friedman Test: chi2 = 26.0571, p = 2.1725e-04
  Result: SIGNIFICANT (p < 0.05)
  Bonferroni-corrected alpha = 2.3810e-03
    Standard vs Chen         : p = 3.1250e-01 ([NS])
    Standard vs Shaker_GMM_Entropy: p = 8.1250e-01 ([NS])
    Standard vs Shaker_Likelihood_GL_Bisect: p = 6.2500e-02 ([NS])
    Standard vs Shaker_Likelihood_GL_Newton: p = 6.2500e-02 ([NS])
    Standard vs Shaker_Likelihood_Trapz_Bisect: p = 6.2500e-02 ([NS])
    Standard vs Shaker_Likelihood_Trapz_Newton: p = 6.2500e-02 ([NS])
    Chen vs Shaker_GMM_Entropy: p = 6.2500e-01 ([NS])
    Chen vs Shaker_Likelihood_GL_Bisect: p = 6.2500e-02 ([NS])
    Chen vs Shaker_Likelihood_GL_Newton: p = 6.2500e-02 ([NS])
    Chen vs Shaker_Likelihood_Trapz_Bisect: p = 6.2500e-02 ([NS])
    Chen vs Shaker_Likelihood_Trapz_Newton: p = 6.2500e-02 ([NS])
    Shaker_GMM_Entropy vs Shaker_Likelihood_GL_Bisect: p = 6.2500e-02 ([NS])
    Shaker_GMM_Entropy vs Shaker_Likelihood_GL_Newton: p = 6.2500e-02 ([NS])
    Shaker_GMM_Entropy vs Shaker_Likelihood_Trapz_Bisect: p = 6.2500e-02 ([NS])
    Shaker_GMM_Entropy vs Shaker_Likelihood_Trapz_Newton: p = 6.2500e-02 ([NS])
    Shaker_Likelihood_GL_Bisect vs Shaker_Likelihood_GL_Newton: p = 1.2500e-01 ([NS])
    Shaker_Likelihood_GL_Bisect vs Shaker_Likelihood_Trapz_Bisect: p = 3.1250e-01 ([NS])
    Shaker_Likelihood_GL_Bisect vs Shaker_Likelihood_Trapz_Newton: p = 6.2500e-02 ([NS])
    Shaker_Likelihood_GL_Newton vs Shaker_Likelihood_Trapz_Bisect: p = 1.2500e-01 ([NS])
    Shaker_Likelihood_GL_Newton vs Shaker_Likelihood_Trapz_Newton: p = 6.2500e-01 ([NS])
    Shaker_Likelihood_Trapz_Bisect vs Shaker_Likelihood_Trapz_Newton: p = 6.2500e-02 ([NS])

[DIMENSION] 4D Functions
----------------------------------------------------------------------

======================================================================
4D Functions (runs = 5)
======================================================================

--- AUROC ---
Standard    : Mean = 0.4330, Std = 0.0917
Chen        : Mean = 0.4313, Std = 0.0907
Shaker_GMM_Entropy: Mean = 0.4153, Std = 0.0839
Shaker_Likelihood_GL_Bisect: Mean = 0.3649, Std = 0.1352
Shaker_Likelihood_GL_Newton: Mean = 0.3684, Std = 0.1343
Shaker_Likelihood_Trapz_Bisect: Mean = 0.3648, Std = 0.1352
Shaker_Likelihood_Trapz_Newton: Mean = 0.3685, Std = 0.1341

--- FPR95 ---
Standard    : Mean = 0.8509, Std = 0.1256
Chen        : Mean = 0.8546, Std = 0.1262
Shaker_GMM_Entropy: Mean = 0.8621, Std = 0.1126
Shaker_Likelihood_GL_Bisect: Mean = 0.8337, Std = 0.1835
Shaker_Likelihood_GL_Newton: Mean = 0.8313, Std = 0.1850
Shaker_Likelihood_Trapz_Bisect: Mean = 0.8335, Std = 0.1838
Shaker_Likelihood_Trapz_Newton: Mean = 0.8305, Std = 0.1854

--- SPEARMAN ---
Standard    : Mean = 0.1491, Std = 0.2549
Chen        : Mean = 0.1498, Std = 0.2533
Shaker_GMM_Entropy: Mean = 0.1463, Std = 0.2382
Shaker_Likelihood_GL_Bisect: Mean = 0.1624, Std = 0.2491
Shaker_Likelihood_GL_Newton: Mean = 0.1662, Std = 0.2453
Shaker_Likelihood_Trapz_Bisect: Mean = 0.1629, Std = 0.2501
Shaker_Likelihood_Trapz_Newton: Mean = 0.1658, Std = 0.2464

--- BRIER ---
Standard    : Mean = 0.2726, Std = 0.0160
Chen        : Mean = 0.2726, Std = 0.0155
Shaker_GMM_Entropy: Mean = 0.2708, Std = 0.0153
Shaker_Likelihood_GL_Bisect: Mean = 0.2510, Std = 0.0321
Shaker_Likelihood_GL_Newton: Mean = 0.2520, Std = 0.0314
Shaker_Likelihood_Trapz_Bisect: Mean = 0.2509, Std = 0.0321
Shaker_Likelihood_Trapz_Newton: Mean = 0.2521, Std = 0.0315

--- MI ---
Standard    : Mean = 0.0915, Std = 0.0640
Chen        : Mean = 0.0836, Std = 0.0567
Shaker_GMM_Entropy: Mean = 0.0995, Std = 0.0651
Shaker_Likelihood_GL_Bisect: Mean = 0.2174, Std = 0.1167
Shaker_Likelihood_GL_Newton: Mean = 0.2029, Std = 0.1126
Shaker_Likelihood_Trapz_Bisect: Mean = 0.2181, Std = 0.1183
Shaker_Likelihood_Trapz_Newton: Mean = 0.2051, Std = 0.1150

--- JSD ---
Standard    : Mean = 0.1010, Std = 0.0707
Chen        : Mean = 0.0928, Std = 0.0632
Shaker_GMM_Entropy: Mean = 0.1104, Std = 0.0723
Shaker_Likelihood_GL_Bisect: Mean = 0.2375, Std = 0.1266
Shaker_Likelihood_GL_Newton: Mean = 0.2208, Std = 0.1215
Shaker_Likelihood_Trapz_Bisect: Mean = 0.2382, Std = 0.1286
Shaker_Likelihood_Trapz_Newton: Mean = 0.2235, Std = 0.1244

--- NAURC ---
Standard    : Mean = 0.4855, Std = 0.3883
Chen        : Mean = 0.4882, Std = 0.3852
Shaker_GMM_Entropy: Mean = 0.5495, Std = 0.3646
Shaker_Likelihood_GL_Bisect: Mean = 0.4093, Std = 0.3307
Shaker_Likelihood_GL_Newton: Mean = 0.4142, Std = 0.3358
Shaker_Likelihood_Trapz_Bisect: Mean = 0.4090, Std = 0.3308
Shaker_Likelihood_Trapz_Newton: Mean = 0.4137, Std = 0.3357

--- Statistical Validation (alpha = 0.05) ---

AUROC:
  Friedman Test: chi2 = 5.1429, p = 5.2563e-01
  Result: NOT SIGNIFICANT (p >= 0.05)

FPR95:
  Friedman Test: chi2 = 5.0000, p = 5.4381e-01
  Result: NOT SIGNIFICANT (p >= 0.05)

SPEARMAN:
  Friedman Test: chi2 = 12.5714, p = 5.0370e-02
  Result: NOT SIGNIFICANT (p >= 0.05)

BRIER:
  Friedman Test: chi2 = 17.4286, p = 7.8308e-03
  Result: SIGNIFICANT (p < 0.05)
  Bonferroni-corrected alpha = 2.3810e-03
    Standard vs Chen         : p = 1.0000e+00 ([NS])
    Standard vs Shaker_GMM_Entropy: p = 2.5000e-01 ([NS])
    Standard vs Shaker_Likelihood_GL_Bisect: p = 2.5000e-01 ([NS])
    Standard vs Shaker_Likelihood_GL_Newton: p = 2.5000e-01 ([NS])
    Standard vs Shaker_Likelihood_Trapz_Bisect: p = 2.5000e-01 ([NS])
    Standard vs Shaker_Likelihood_Trapz_Newton: p = 2.5000e-01 ([NS])
    Chen vs Shaker_GMM_Entropy: p = 2.5000e-01 ([NS])
    Chen vs Shaker_Likelihood_GL_Bisect: p = 2.5000e-01 ([NS])
    Chen vs Shaker_Likelihood_GL_Newton: p = 2.5000e-01 ([NS])
    Chen vs Shaker_Likelihood_Trapz_Bisect: p = 2.5000e-01 ([NS])
    Chen vs Shaker_Likelihood_Trapz_Newton: p = 2.5000e-01 ([NS])
    Shaker_GMM_Entropy vs Shaker_Likelihood_GL_Bisect: p = 2.5000e-01 ([NS])
    Shaker_GMM_Entropy vs Shaker_Likelihood_GL_Newton: p = 2.5000e-01 ([NS])
    Shaker_GMM_Entropy vs Shaker_Likelihood_Trapz_Bisect: p = 2.5000e-01 ([NS])
    Shaker_GMM_Entropy vs Shaker_Likelihood_Trapz_Newton: p = 2.5000e-01 ([NS])
    Shaker_Likelihood_GL_Bisect vs Shaker_Likelihood_GL_Newton: p = 2.5000e-01 ([NS])
    Shaker_Likelihood_GL_Bisect vs Shaker_Likelihood_Trapz_Bisect: p = 2.5000e-01 ([NS])
    Shaker_Likelihood_GL_Bisect vs Shaker_Likelihood_Trapz_Newton: p = 2.5000e-01 ([NS])
    Shaker_Likelihood_GL_Newton vs Shaker_Likelihood_Trapz_Bisect: p = 2.5000e-01 ([NS])
    Shaker_Likelihood_GL_Newton vs Shaker_Likelihood_Trapz_Newton: p = 1.0000e+00 ([NS])
    Shaker_Likelihood_Trapz_Bisect vs Shaker_Likelihood_Trapz_Newton: p = 2.5000e-01 ([NS])

MI:
  Friedman Test: chi2 = 17.4286, p = 7.8308e-03
  Result: SIGNIFICANT (p < 0.05)
  Bonferroni-corrected alpha = 2.3810e-03
    Standard vs Chen         : p = 2.5000e-01 ([NS])
    Standard vs Shaker_GMM_Entropy: p = 7.5000e-01 ([NS])
    Standard vs Shaker_Likelihood_GL_Bisect: p = 2.5000e-01 ([NS])
    Standard vs Shaker_Likelihood_GL_Newton: p = 2.5000e-01 ([NS])
    Standard vs Shaker_Likelihood_Trapz_Bisect: p = 2.5000e-01 ([NS])
    Standard vs Shaker_Likelihood_Trapz_Newton: p = 2.5000e-01 ([NS])
    Chen vs Shaker_GMM_Entropy: p = 2.5000e-01 ([NS])
    Chen vs Shaker_Likelihood_GL_Bisect: p = 2.5000e-01 ([NS])
    Chen vs Shaker_Likelihood_GL_Newton: p = 2.5000e-01 ([NS])
    Chen vs Shaker_Likelihood_Trapz_Bisect: p = 2.5000e-01 ([NS])
    Chen vs Shaker_Likelihood_Trapz_Newton: p = 2.5000e-01 ([NS])
    Shaker_GMM_Entropy vs Shaker_Likelihood_GL_Bisect: p = 2.5000e-01 ([NS])
    Shaker_GMM_Entropy vs Shaker_Likelihood_GL_Newton: p = 2.5000e-01 ([NS])
    Shaker_GMM_Entropy vs Shaker_Likelihood_Trapz_Bisect: p = 2.5000e-01 ([NS])
    Shaker_GMM_Entropy vs Shaker_Likelihood_Trapz_Newton: p = 2.5000e-01 ([NS])
    Shaker_Likelihood_GL_Bisect vs Shaker_Likelihood_GL_Newton: p = 2.5000e-01 ([NS])
    Shaker_Likelihood_GL_Bisect vs Shaker_Likelihood_Trapz_Bisect: p = 1.0000e+00 ([NS])
    Shaker_Likelihood_GL_Bisect vs Shaker_Likelihood_Trapz_Newton: p = 2.5000e-01 ([NS])
    Shaker_Likelihood_GL_Newton vs Shaker_Likelihood_Trapz_Bisect: p = 2.5000e-01 ([NS])
    Shaker_Likelihood_GL_Newton vs Shaker_Likelihood_Trapz_Newton: p = 2.5000e-01 ([NS])
    Shaker_Likelihood_Trapz_Bisect vs Shaker_Likelihood_Trapz_Newton: p = 2.5000e-01 ([NS])

JSD:
  Friedman Test: chi2 = 17.4286, p = 7.8308e-03
  Result: SIGNIFICANT (p < 0.05)
  Bonferroni-corrected alpha = 2.3810e-03
    Standard vs Chen         : p = 2.5000e-01 ([NS])
    Standard vs Shaker_GMM_Entropy: p = 5.0000e-01 ([NS])
    Standard vs Shaker_Likelihood_GL_Bisect: p = 2.5000e-01 ([NS])
    Standard vs Shaker_Likelihood_GL_Newton: p = 2.5000e-01 ([NS])
    Standard vs Shaker_Likelihood_Trapz_Bisect: p = 2.5000e-01 ([NS])
    Standard vs Shaker_Likelihood_Trapz_Newton: p = 2.5000e-01 ([NS])
    Chen vs Shaker_GMM_Entropy: p = 2.5000e-01 ([NS])
    Chen vs Shaker_Likelihood_GL_Bisect: p = 2.5000e-01 ([NS])
    Chen vs Shaker_Likelihood_GL_Newton: p = 2.5000e-01 ([NS])
    Chen vs Shaker_Likelihood_Trapz_Bisect: p = 2.5000e-01 ([NS])
    Chen vs Shaker_Likelihood_Trapz_Newton: p = 2.5000e-01 ([NS])
    Shaker_GMM_Entropy vs Shaker_Likelihood_GL_Bisect: p = 2.5000e-01 ([NS])
    Shaker_GMM_Entropy vs Shaker_Likelihood_GL_Newton: p = 2.5000e-01 ([NS])
    Shaker_GMM_Entropy vs Shaker_Likelihood_Trapz_Bisect: p = 2.5000e-01 ([NS])
    Shaker_GMM_Entropy vs Shaker_Likelihood_Trapz_Newton: p = 2.5000e-01 ([NS])
    Shaker_Likelihood_GL_Bisect vs Shaker_Likelihood_GL_Newton: p = 2.5000e-01 ([NS])
    Shaker_Likelihood_GL_Bisect vs Shaker_Likelihood_Trapz_Bisect: p = 1.0000e+00 ([NS])
    Shaker_Likelihood_GL_Bisect vs Shaker_Likelihood_Trapz_Newton: p = 2.5000e-01 ([NS])
    Shaker_Likelihood_GL_Newton vs Shaker_Likelihood_Trapz_Bisect: p = 2.5000e-01 ([NS])
    Shaker_Likelihood_GL_Newton vs Shaker_Likelihood_Trapz_Newton: p = 2.5000e-01 ([NS])
    Shaker_Likelihood_Trapz_Bisect vs Shaker_Likelihood_Trapz_Newton: p = 2.5000e-01 ([NS])

NAURC:
  Friedman Test: chi2 = 14.5714, p = 2.3865e-02
  Result: SIGNIFICANT (p < 0.05)
  Bonferroni-corrected alpha = 2.3810e-03
    Standard vs Chen         : p = 7.5000e-01 ([NS])
    Standard vs Shaker_GMM_Entropy: p = 1.0000e+00 ([NS])
    Standard vs Shaker_Likelihood_GL_Bisect: p = 2.5000e-01 ([NS])
    Standard vs Shaker_Likelihood_GL_Newton: p = 2.5000e-01 ([NS])
    Standard vs Shaker_Likelihood_Trapz_Bisect: p = 2.5000e-01 ([NS])
    Standard vs Shaker_Likelihood_Trapz_Newton: p = 2.5000e-01 ([NS])
    Chen vs Shaker_GMM_Entropy: p = 1.0000e+00 ([NS])
    Chen vs Shaker_Likelihood_GL_Bisect: p = 2.5000e-01 ([NS])
    Chen vs Shaker_Likelihood_GL_Newton: p = 2.5000e-01 ([NS])
    Chen vs Shaker_Likelihood_Trapz_Bisect: p = 2.5000e-01 ([NS])
    Chen vs Shaker_Likelihood_Trapz_Newton: p = 2.5000e-01 ([NS])
    Shaker_GMM_Entropy vs Shaker_Likelihood_GL_Bisect: p = 2.5000e-01 ([NS])
    Shaker_GMM_Entropy vs Shaker_Likelihood_GL_Newton: p = 2.5000e-01 ([NS])
    Shaker_GMM_Entropy vs Shaker_Likelihood_Trapz_Bisect: p = 2.5000e-01 ([NS])
    Shaker_GMM_Entropy vs Shaker_Likelihood_Trapz_Newton: p = 2.5000e-01 ([NS])
    Shaker_Likelihood_GL_Bisect vs Shaker_Likelihood_GL_Newton: p = 5.0000e-01 ([NS])
    Shaker_Likelihood_GL_Bisect vs Shaker_Likelihood_Trapz_Bisect: p = 2.5000e-01 ([NS])
    Shaker_Likelihood_GL_Bisect vs Shaker_Likelihood_Trapz_Newton: p = 5.0000e-01 ([NS])
    Shaker_Likelihood_GL_Newton vs Shaker_Likelihood_Trapz_Bisect: p = 5.0000e-01 ([NS])
    Shaker_Likelihood_GL_Newton vs Shaker_Likelihood_Trapz_Newton: p = 2.5000e-01 ([NS])
    Shaker_Likelihood_Trapz_Bisect vs Shaker_Likelihood_Trapz_Newton: p = 5.0000e-01 ([NS])

[DIMENSION] 5D Functions
----------------------------------------------------------------------

======================================================================
5D Functions (runs = 5)
======================================================================

--- AUROC ---
Standard    : Mean = 0.3169, Std = 0.2429
Chen        : Mean = 0.3176, Std = 0.2416
Shaker_GMM_Entropy: Mean = 0.2947, Std = 0.2171
Shaker_Likelihood_GL_Bisect: Mean = 0.2204, Std = 0.1844
Shaker_Likelihood_GL_Newton: Mean = 0.2303, Std = 0.1938
Shaker_Likelihood_Trapz_Bisect: Mean = 0.2202, Std = 0.1848
Shaker_Likelihood_Trapz_Newton: Mean = 0.2302, Std = 0.1937

--- FPR95 ---
Standard    : Mean = 0.9452, Std = 0.0458
Chen        : Mean = 0.9474, Std = 0.0429
Shaker_GMM_Entropy: Mean = 0.9529, Std = 0.0367
Shaker_Likelihood_GL_Bisect: Mean = 0.9644, Std = 0.0316
Shaker_Likelihood_GL_Newton: Mean = 0.9639, Std = 0.0325
Shaker_Likelihood_Trapz_Bisect: Mean = 0.9646, Std = 0.0318
Shaker_Likelihood_Trapz_Newton: Mean = 0.9636, Std = 0.0322

--- SPEARMAN ---
Standard    : Mean = 0.1426, Std = 0.1993
Chen        : Mean = 0.1433, Std = 0.1981
Shaker_GMM_Entropy: Mean = 0.1378, Std = 0.1930
Shaker_Likelihood_GL_Bisect: Mean = 0.1445, Std = 0.2003
Shaker_Likelihood_GL_Newton: Mean = 0.1402, Std = 0.2022
Shaker_Likelihood_Trapz_Bisect: Mean = 0.1442, Std = 0.2014
Shaker_Likelihood_Trapz_Newton: Mean = 0.1414, Std = 0.2021

--- BRIER ---
Standard    : Mean = 0.1936, Std = 0.1053
Chen        : Mean = 0.1949, Std = 0.1045
Shaker_GMM_Entropy: Mean = 0.1979, Std = 0.1059
Shaker_Likelihood_GL_Bisect: Mean = 0.1776, Std = 0.0956
Shaker_Likelihood_GL_Newton: Mean = 0.1787, Std = 0.0992
Shaker_Likelihood_Trapz_Bisect: Mean = 0.1771, Std = 0.0961
Shaker_Likelihood_Trapz_Newton: Mean = 0.1787, Std = 0.0993

--- MI ---
Standard    : Mean = 0.3070, Std = 0.3161
Chen        : Mean = 0.3001, Std = 0.3113
Shaker_GMM_Entropy: Mean = 0.2943, Std = 0.3161
Shaker_Likelihood_GL_Bisect: Mean = 0.3613, Std = 0.3004
Shaker_Likelihood_GL_Newton: Mean = 0.3563, Std = 0.3079
Shaker_Likelihood_Trapz_Bisect: Mean = 0.3631, Std = 0.3014
Shaker_Likelihood_Trapz_Newton: Mean = 0.3564, Std = 0.3087

--- JSD ---
Standard    : Mean = 0.3188, Std = 0.3238
Chen        : Mean = 0.3121, Std = 0.3193
Shaker_GMM_Entropy: Mean = 0.3076, Std = 0.3246
Shaker_Likelihood_GL_Bisect: Mean = 0.3813, Std = 0.3095
Shaker_Likelihood_GL_Newton: Mean = 0.3761, Std = 0.3182
Shaker_Likelihood_Trapz_Bisect: Mean = 0.3831, Std = 0.3104
Shaker_Likelihood_Trapz_Newton: Mean = 0.3761, Std = 0.3188

--- NAURC ---
Standard    : Mean = 0.7586, Std = 0.2886
Chen        : Mean = 0.7622, Std = 0.2826
Shaker_GMM_Entropy: Mean = 0.7862, Std = 0.2459
Shaker_Likelihood_GL_Bisect: Mean = 0.6956, Std = 0.2562
Shaker_Likelihood_GL_Newton: Mean = 0.7012, Std = 0.2596
Shaker_Likelihood_Trapz_Bisect: Mean = 0.6955, Std = 0.2566
Shaker_Likelihood_Trapz_Newton: Mean = 0.7005, Std = 0.2600

--- Statistical Validation (alpha = 0.05) ---

AUROC:
  Friedman Test: chi2 = 2.0000, p = 9.1970e-01
  Result: NOT SIGNIFICANT (p >= 0.05)

FPR95:
  Friedman Test: chi2 = 3.2695, p = 7.7435e-01
  Result: NOT SIGNIFICANT (p >= 0.05)

SPEARMAN:
  Friedman Test: chi2 = 6.0000, p = 4.2319e-01
  Result: NOT SIGNIFICANT (p >= 0.05)

BRIER:
  Friedman Test: chi2 = 2.5714, p = 8.6039e-01
  Result: NOT SIGNIFICANT (p >= 0.05)

MI:
  Friedman Test: chi2 = 1.0000, p = 9.8561e-01
  Result: NOT SIGNIFICANT (p >= 0.05)

JSD:
  Friedman Test: chi2 = 2.0000, p = 9.1970e-01
  Result: NOT SIGNIFICANT (p >= 0.05)

NAURC:
  Friedman Test: chi2 = 16.1429, p = 1.3007e-02
  Result: SIGNIFICANT (p < 0.05)
  Bonferroni-corrected alpha = 2.3810e-03
    Standard vs Chen         : p = 1.0000e+00 ([NS])
    Standard vs Shaker_GMM_Entropy: p = 1.0000e+00 ([NS])
    Standard vs Shaker_Likelihood_GL_Bisect: p = 2.5000e-01 ([NS])
    Standard vs Shaker_Likelihood_GL_Newton: p = 2.5000e-01 ([NS])
    Standard vs Shaker_Likelihood_Trapz_Bisect: p = 2.5000e-01 ([NS])
    Standard vs Shaker_Likelihood_Trapz_Newton: p = 2.5000e-01 ([NS])
    Chen vs Shaker_GMM_Entropy: p = 7.5000e-01 ([NS])
    Chen vs Shaker_Likelihood_GL_Bisect: p = 2.5000e-01 ([NS])
    Chen vs Shaker_Likelihood_GL_Newton: p = 2.5000e-01 ([NS])
    Chen vs Shaker_Likelihood_Trapz_Bisect: p = 2.5000e-01 ([NS])
    Chen vs Shaker_Likelihood_Trapz_Newton: p = 2.5000e-01 ([NS])
    Shaker_GMM_Entropy vs Shaker_Likelihood_GL_Bisect: p = 2.5000e-01 ([NS])
    Shaker_GMM_Entropy vs Shaker_Likelihood_GL_Newton: p = 2.5000e-01 ([NS])
    Shaker_GMM_Entropy vs Shaker_Likelihood_Trapz_Bisect: p = 2.5000e-01 ([NS])
    Shaker_GMM_Entropy vs Shaker_Likelihood_Trapz_Newton: p = 2.5000e-01 ([NS])
    Shaker_Likelihood_GL_Bisect vs Shaker_Likelihood_GL_Newton: p = 2.5000e-01 ([NS])
    Shaker_Likelihood_GL_Bisect vs Shaker_Likelihood_Trapz_Bisect: p = 7.5000e-01 ([NS])
    Shaker_Likelihood_GL_Bisect vs Shaker_Likelihood_Trapz_Newton: p = 5.0000e-01 ([NS])
    Shaker_Likelihood_GL_Newton vs Shaker_Likelihood_Trapz_Bisect: p = 2.5000e-01 ([NS])
    Shaker_Likelihood_GL_Newton vs Shaker_Likelihood_Trapz_Newton: p = 2.5000e-01 ([NS])
    Shaker_Likelihood_Trapz_Bisect vs Shaker_Likelihood_Trapz_Newton: p = 2.5000e-01 ([NS])

[DIMENSION] 6D Functions
----------------------------------------------------------------------

======================================================================
6D Functions (runs = 5)
======================================================================

--- AUROC ---
Standard    : Mean = 0.2670, Std = 0.0867
Chen        : Mean = 0.2700, Std = 0.0855
Shaker_GMM_Entropy: Mean = 0.2727, Std = 0.0757
Shaker_Likelihood_GL_Bisect: Mean = 0.1449, Std = 0.1194
Shaker_Likelihood_GL_Newton: Mean = 0.1585, Std = 0.1211
Shaker_Likelihood_Trapz_Bisect: Mean = 0.1449, Std = 0.1197
Shaker_Likelihood_Trapz_Newton: Mean = 0.1578, Std = 0.1201

--- FPR95 ---
Standard    : Mean = 0.9742, Std = 0.0232
Chen        : Mean = 0.9745, Std = 0.0220
Shaker_GMM_Entropy: Mean = 0.9711, Std = 0.0209
Shaker_Likelihood_GL_Bisect: Mean = 0.9857, Std = 0.0212
Shaker_Likelihood_GL_Newton: Mean = 0.9858, Std = 0.0195
Shaker_Likelihood_Trapz_Bisect: Mean = 0.9857, Std = 0.0211
Shaker_Likelihood_Trapz_Newton: Mean = 0.9852, Std = 0.0209

--- SPEARMAN ---
Standard    : Mean = 0.1459, Std = 0.1080
Chen        : Mean = 0.1446, Std = 0.1073
Shaker_GMM_Entropy: Mean = 0.1389, Std = 0.1063
Shaker_Likelihood_GL_Bisect: Mean = 0.1460, Std = 0.1101
Shaker_Likelihood_GL_Newton: Mean = 0.1488, Std = 0.1110
Shaker_Likelihood_Trapz_Bisect: Mean = 0.1466, Std = 0.1095
Shaker_Likelihood_Trapz_Newton: Mean = 0.1502, Std = 0.1127

--- BRIER ---
Standard    : Mean = 0.2335, Std = 0.0321
Chen        : Mean = 0.2350, Std = 0.0319
Shaker_GMM_Entropy: Mean = 0.2372, Std = 0.0259
Shaker_Likelihood_GL_Bisect: Mean = 0.1520, Std = 0.0798
Shaker_Likelihood_GL_Newton: Mean = 0.1623, Std = 0.0766
Shaker_Likelihood_Trapz_Bisect: Mean = 0.1520, Std = 0.0798
Shaker_Likelihood_Trapz_Newton: Mean = 0.1619, Std = 0.0767

--- MI ---
Standard    : Mean = 0.1611, Std = 0.0747
Chen        : Mean = 0.1552, Std = 0.0757
Shaker_GMM_Entropy: Mean = 0.1548, Std = 0.0645
Shaker_Likelihood_GL_Bisect: Mean = 0.4279, Std = 0.2543
Shaker_Likelihood_GL_Newton: Mean = 0.3878, Std = 0.2368
Shaker_Likelihood_Trapz_Bisect: Mean = 0.4277, Std = 0.2552
Shaker_Likelihood_Trapz_Newton: Mean = 0.3899, Std = 0.2368

--- JSD ---
Standard    : Mean = 0.1746, Std = 0.0797
Chen        : Mean = 0.1680, Std = 0.0811
Shaker_GMM_Entropy: Mean = 0.1698, Std = 0.0701
Shaker_Likelihood_GL_Bisect: Mean = 0.4424, Std = 0.2492
Shaker_Likelihood_GL_Newton: Mean = 0.4005, Std = 0.2314
Shaker_Likelihood_Trapz_Bisect: Mean = 0.4421, Std = 0.2501
Shaker_Likelihood_Trapz_Newton: Mean = 0.4026, Std = 0.2312

--- NAURC ---
Standard    : Mean = 0.7490, Std = 0.2000
Chen        : Mean = 0.7541, Std = 0.1942
Shaker_GMM_Entropy: Mean = 0.7754, Std = 0.1815
Shaker_Likelihood_GL_Bisect: Mean = 0.5993, Std = 0.1785
Shaker_Likelihood_GL_Newton: Mean = 0.6118, Std = 0.1797
Shaker_Likelihood_Trapz_Bisect: Mean = 0.5989, Std = 0.1787
Shaker_Likelihood_Trapz_Newton: Mean = 0.6107, Std = 0.1799

--- Statistical Validation (alpha = 0.05) ---

AUROC:
  Friedman Test: chi2 = 16.8571, p = 9.8229e-03
  Result: SIGNIFICANT (p < 0.05)
  Bonferroni-corrected alpha = 2.3810e-03
    Standard vs Chen         : p = 2.5000e-01 ([NS])
    Standard vs Shaker_GMM_Entropy: p = 1.0000e+00 ([NS])
    Standard vs Shaker_Likelihood_GL_Bisect: p = 2.5000e-01 ([NS])
    Standard vs Shaker_Likelihood_GL_Newton: p = 2.5000e-01 ([NS])
    Standard vs Shaker_Likelihood_Trapz_Bisect: p = 2.5000e-01 ([NS])
    Standard vs Shaker_Likelihood_Trapz_Newton: p = 2.5000e-01 ([NS])
    Chen vs Shaker_GMM_Entropy: p = 1.0000e+00 ([NS])
    Chen vs Shaker_Likelihood_GL_Bisect: p = 2.5000e-01 ([NS])
    Chen vs Shaker_Likelihood_GL_Newton: p = 2.5000e-01 ([NS])
    Chen vs Shaker_Likelihood_Trapz_Bisect: p = 2.5000e-01 ([NS])
    Chen vs Shaker_Likelihood_Trapz_Newton: p = 2.5000e-01 ([NS])
    Shaker_GMM_Entropy vs Shaker_Likelihood_GL_Bisect: p = 2.5000e-01 ([NS])
    Shaker_GMM_Entropy vs Shaker_Likelihood_GL_Newton: p = 2.5000e-01 ([NS])
    Shaker_GMM_Entropy vs Shaker_Likelihood_Trapz_Bisect: p = 2.5000e-01 ([NS])
    Shaker_GMM_Entropy vs Shaker_Likelihood_Trapz_Newton: p = 2.5000e-01 ([NS])
    Shaker_Likelihood_GL_Bisect vs Shaker_Likelihood_GL_Newton: p = 2.5000e-01 ([NS])
    Shaker_Likelihood_GL_Bisect vs Shaker_Likelihood_Trapz_Bisect: p = 1.0000e+00 ([NS])
    Shaker_Likelihood_GL_Bisect vs Shaker_Likelihood_Trapz_Newton: p = 2.5000e-01 ([NS])
    Shaker_Likelihood_GL_Newton vs Shaker_Likelihood_Trapz_Bisect: p = 2.5000e-01 ([NS])
    Shaker_Likelihood_GL_Newton vs Shaker_Likelihood_Trapz_Newton: p = 2.5000e-01 ([NS])
    Shaker_Likelihood_Trapz_Bisect vs Shaker_Likelihood_Trapz_Newton: p = 2.5000e-01 ([NS])

FPR95:
  Friedman Test: chi2 = 4.8503, p = 5.6315e-01
  Result: NOT SIGNIFICANT (p >= 0.05)

SPEARMAN:
  Friedman Test: chi2 = 5.0000, p = 5.4381e-01
  Result: NOT SIGNIFICANT (p >= 0.05)

BRIER:
  Friedman Test: chi2 = 16.8571, p = 9.8229e-03
  Result: SIGNIFICANT (p < 0.05)
  Bonferroni-corrected alpha = 2.3810e-03
    Standard vs Chen         : p = 2.5000e-01 ([NS])
    Standard vs Shaker_GMM_Entropy: p = 1.0000e+00 ([NS])
    Standard vs Shaker_Likelihood_GL_Bisect: p = 2.5000e-01 ([NS])
    Standard vs Shaker_Likelihood_GL_Newton: p = 2.5000e-01 ([NS])
    Standard vs Shaker_Likelihood_Trapz_Bisect: p = 2.5000e-01 ([NS])
    Standard vs Shaker_Likelihood_Trapz_Newton: p = 2.5000e-01 ([NS])
    Chen vs Shaker_GMM_Entropy: p = 1.0000e+00 ([NS])
    Chen vs Shaker_Likelihood_GL_Bisect: p = 2.5000e-01 ([NS])
    Chen vs Shaker_Likelihood_GL_Newton: p = 2.5000e-01 ([NS])
    Chen vs Shaker_Likelihood_Trapz_Bisect: p = 2.5000e-01 ([NS])
    Chen vs Shaker_Likelihood_Trapz_Newton: p = 2.5000e-01 ([NS])
    Shaker_GMM_Entropy vs Shaker_Likelihood_GL_Bisect: p = 2.5000e-01 ([NS])
    Shaker_GMM_Entropy vs Shaker_Likelihood_GL_Newton: p = 2.5000e-01 ([NS])
    Shaker_GMM_Entropy vs Shaker_Likelihood_Trapz_Bisect: p = 2.5000e-01 ([NS])
    Shaker_GMM_Entropy vs Shaker_Likelihood_Trapz_Newton: p = 2.5000e-01 ([NS])
    Shaker_Likelihood_GL_Bisect vs Shaker_Likelihood_GL_Newton: p = 2.5000e-01 ([NS])
    Shaker_Likelihood_GL_Bisect vs Shaker_Likelihood_Trapz_Bisect: p = 7.5000e-01 ([NS])
    Shaker_Likelihood_GL_Bisect vs Shaker_Likelihood_Trapz_Newton: p = 2.5000e-01 ([NS])
    Shaker_Likelihood_GL_Newton vs Shaker_Likelihood_Trapz_Bisect: p = 2.5000e-01 ([NS])
    Shaker_Likelihood_GL_Newton vs Shaker_Likelihood_Trapz_Newton: p = 2.5000e-01 ([NS])
    Shaker_Likelihood_Trapz_Bisect vs Shaker_Likelihood_Trapz_Newton: p = 2.5000e-01 ([NS])

MI:
  Friedman Test: chi2 = 16.8571, p = 9.8229e-03
  Result: SIGNIFICANT (p < 0.05)
  Bonferroni-corrected alpha = 2.3810e-03
    Standard vs Chen         : p = 2.5000e-01 ([NS])
    Standard vs Shaker_GMM_Entropy: p = 1.0000e+00 ([NS])
    Standard vs Shaker_Likelihood_GL_Bisect: p = 2.5000e-01 ([NS])
    Standard vs Shaker_Likelihood_GL_Newton: p = 2.5000e-01 ([NS])
    Standard vs Shaker_Likelihood_Trapz_Bisect: p = 2.5000e-01 ([NS])
    Standard vs Shaker_Likelihood_Trapz_Newton: p = 2.5000e-01 ([NS])
    Chen vs Shaker_GMM_Entropy: p = 1.0000e+00 ([NS])
    Chen vs Shaker_Likelihood_GL_Bisect: p = 2.5000e-01 ([NS])
    Chen vs Shaker_Likelihood_GL_Newton: p = 2.5000e-01 ([NS])
    Chen vs Shaker_Likelihood_Trapz_Bisect: p = 2.5000e-01 ([NS])
    Chen vs Shaker_Likelihood_Trapz_Newton: p = 2.5000e-01 ([NS])
    Shaker_GMM_Entropy vs Shaker_Likelihood_GL_Bisect: p = 2.5000e-01 ([NS])
    Shaker_GMM_Entropy vs Shaker_Likelihood_GL_Newton: p = 2.5000e-01 ([NS])
    Shaker_GMM_Entropy vs Shaker_Likelihood_Trapz_Bisect: p = 2.5000e-01 ([NS])
    Shaker_GMM_Entropy vs Shaker_Likelihood_Trapz_Newton: p = 2.5000e-01 ([NS])
    Shaker_Likelihood_GL_Bisect vs Shaker_Likelihood_GL_Newton: p = 2.5000e-01 ([NS])
    Shaker_Likelihood_GL_Bisect vs Shaker_Likelihood_Trapz_Bisect: p = 1.0000e+00 ([NS])
    Shaker_Likelihood_GL_Bisect vs Shaker_Likelihood_Trapz_Newton: p = 2.5000e-01 ([NS])
    Shaker_Likelihood_GL_Newton vs Shaker_Likelihood_Trapz_Bisect: p = 2.5000e-01 ([NS])
    Shaker_Likelihood_GL_Newton vs Shaker_Likelihood_Trapz_Newton: p = 2.5000e-01 ([NS])
    Shaker_Likelihood_Trapz_Bisect vs Shaker_Likelihood_Trapz_Newton: p = 2.5000e-01 ([NS])

JSD:
  Friedman Test: chi2 = 16.8571, p = 9.8229e-03
  Result: SIGNIFICANT (p < 0.05)
  Bonferroni-corrected alpha = 2.3810e-03
    Standard vs Chen         : p = 2.5000e-01 ([NS])
    Standard vs Shaker_GMM_Entropy: p = 1.0000e+00 ([NS])
    Standard vs Shaker_Likelihood_GL_Bisect: p = 2.5000e-01 ([NS])
    Standard vs Shaker_Likelihood_GL_Newton: p = 2.5000e-01 ([NS])
    Standard vs Shaker_Likelihood_Trapz_Bisect: p = 2.5000e-01 ([NS])
    Standard vs Shaker_Likelihood_Trapz_Newton: p = 2.5000e-01 ([NS])
    Chen vs Shaker_GMM_Entropy: p = 1.0000e+00 ([NS])
    Chen vs Shaker_Likelihood_GL_Bisect: p = 2.5000e-01 ([NS])
    Chen vs Shaker_Likelihood_GL_Newton: p = 2.5000e-01 ([NS])
    Chen vs Shaker_Likelihood_Trapz_Bisect: p = 2.5000e-01 ([NS])
    Chen vs Shaker_Likelihood_Trapz_Newton: p = 2.5000e-01 ([NS])
    Shaker_GMM_Entropy vs Shaker_Likelihood_GL_Bisect: p = 2.5000e-01 ([NS])
    Shaker_GMM_Entropy vs Shaker_Likelihood_GL_Newton: p = 2.5000e-01 ([NS])
    Shaker_GMM_Entropy vs Shaker_Likelihood_Trapz_Bisect: p = 2.5000e-01 ([NS])
    Shaker_GMM_Entropy vs Shaker_Likelihood_Trapz_Newton: p = 2.5000e-01 ([NS])
    Shaker_Likelihood_GL_Bisect vs Shaker_Likelihood_GL_Newton: p = 2.5000e-01 ([NS])
    Shaker_Likelihood_GL_Bisect vs Shaker_Likelihood_Trapz_Bisect: p = 1.0000e+00 ([NS])
    Shaker_Likelihood_GL_Bisect vs Shaker_Likelihood_Trapz_Newton: p = 2.5000e-01 ([NS])
    Shaker_Likelihood_GL_Newton vs Shaker_Likelihood_Trapz_Bisect: p = 2.5000e-01 ([NS])
    Shaker_Likelihood_GL_Newton vs Shaker_Likelihood_Trapz_Newton: p = 2.5000e-01 ([NS])
    Shaker_Likelihood_Trapz_Bisect vs Shaker_Likelihood_Trapz_Newton: p = 2.5000e-01 ([NS])

NAURC:
  Friedman Test: chi2 = 11.4286, p = 7.6000e-02
  Result: NOT SIGNIFICANT (p >= 0.05)

[DIMENSION] 7D Functions
----------------------------------------------------------------------

======================================================================
7D Functions (runs = 5)
======================================================================

--- AUROC ---
Standard    : Mean = 0.3378, Std = 0.1315
Chen        : Mean = 0.3415, Std = 0.1331
Shaker_GMM_Entropy: Mean = 0.3386, Std = 0.1259
Shaker_Likelihood_GL_Bisect: Mean = 0.2544, Std = 0.1624
Shaker_Likelihood_GL_Newton: Mean = 0.2608, Std = 0.1555
Shaker_Likelihood_Trapz_Bisect: Mean = 0.2543, Std = 0.1626
Shaker_Likelihood_Trapz_Newton: Mean = 0.2614, Std = 0.1562

--- FPR95 ---
Standard    : Mean = 0.9572, Std = 0.0224
Chen        : Mean = 0.9555, Std = 0.0257
Shaker_GMM_Entropy: Mean = 0.9493, Std = 0.0266
Shaker_Likelihood_GL_Bisect: Mean = 0.9513, Std = 0.0425
Shaker_Likelihood_GL_Newton: Mean = 0.9539, Std = 0.0378
Shaker_Likelihood_Trapz_Bisect: Mean = 0.9520, Std = 0.0416
Shaker_Likelihood_Trapz_Newton: Mean = 0.9528, Std = 0.0399

--- SPEARMAN ---
Standard    : Mean = 0.0890, Std = 0.0826
Chen        : Mean = 0.0864, Std = 0.0836
Shaker_GMM_Entropy: Mean = 0.0866, Std = 0.0819
Shaker_Likelihood_GL_Bisect: Mean = 0.0901, Std = 0.0830
Shaker_Likelihood_GL_Newton: Mean = 0.0876, Std = 0.0838
Shaker_Likelihood_Trapz_Bisect: Mean = 0.0903, Std = 0.0839
Shaker_Likelihood_Trapz_Newton: Mean = 0.0894, Std = 0.0847

--- BRIER ---
Standard    : Mean = 0.2537, Std = 0.0293
Chen        : Mean = 0.2541, Std = 0.0288
Shaker_GMM_Entropy: Mean = 0.2520, Std = 0.0252
Shaker_Likelihood_GL_Bisect: Mean = 0.2092, Std = 0.0579
Shaker_Likelihood_GL_Newton: Mean = 0.2156, Std = 0.0536
Shaker_Likelihood_Trapz_Bisect: Mean = 0.2091, Std = 0.0580
Shaker_Likelihood_Trapz_Newton: Mean = 0.2154, Std = 0.0535

--- MI ---
Standard    : Mean = 0.1280, Std = 0.0654
Chen        : Mean = 0.1222, Std = 0.0648
Shaker_GMM_Entropy: Mean = 0.1321, Std = 0.0622
Shaker_Likelihood_GL_Bisect: Mean = 0.2737, Std = 0.1546
Shaker_Likelihood_GL_Newton: Mean = 0.2516, Std = 0.1387
Shaker_Likelihood_Trapz_Bisect: Mean = 0.2743, Std = 0.1551
Shaker_Likelihood_Trapz_Newton: Mean = 0.2521, Std = 0.1394

--- JSD ---
Standard    : Mean = 0.1379, Std = 0.0713
Chen        : Mean = 0.1317, Std = 0.0710
Shaker_GMM_Entropy: Mean = 0.1439, Std = 0.0684
Shaker_Likelihood_GL_Bisect: Mean = 0.2953, Std = 0.1658
Shaker_Likelihood_GL_Newton: Mean = 0.2718, Std = 0.1490
Shaker_Likelihood_Trapz_Bisect: Mean = 0.2960, Std = 0.1664
Shaker_Likelihood_Trapz_Newton: Mean = 0.2724, Std = 0.1498

--- NAURC ---
Standard    : Mean = 0.7787, Std = 0.1388
Chen        : Mean = 0.7846, Std = 0.1358
Shaker_GMM_Entropy: Mean = 0.7965, Std = 0.1229
Shaker_Likelihood_GL_Bisect: Mean = 0.6519, Std = 0.1495
Shaker_Likelihood_GL_Newton: Mean = 0.6637, Std = 0.1474
Shaker_Likelihood_Trapz_Bisect: Mean = 0.6517, Std = 0.1496
Shaker_Likelihood_Trapz_Newton: Mean = 0.6626, Std = 0.1479

--- Statistical Validation (alpha = 0.05) ---

AUROC:
  Friedman Test: chi2 = 15.1429, p = 1.9174e-02
  Result: SIGNIFICANT (p < 0.05)
  Bonferroni-corrected alpha = 2.3810e-03
    Standard vs Chen         : p = 2.5000e-01 ([NS])
    Standard vs Shaker_GMM_Entropy: p = 1.0000e+00 ([NS])
    Standard vs Shaker_Likelihood_GL_Bisect: p = 2.5000e-01 ([NS])
    Standard vs Shaker_Likelihood_GL_Newton: p = 2.5000e-01 ([NS])
    Standard vs Shaker_Likelihood_Trapz_Bisect: p = 2.5000e-01 ([NS])
    Standard vs Shaker_Likelihood_Trapz_Newton: p = 2.5000e-01 ([NS])
    Chen vs Shaker_GMM_Entropy: p = 7.5000e-01 ([NS])
    Chen vs Shaker_Likelihood_GL_Bisect: p = 2.5000e-01 ([NS])
    Chen vs Shaker_Likelihood_GL_Newton: p = 2.5000e-01 ([NS])
    Chen vs Shaker_Likelihood_Trapz_Bisect: p = 2.5000e-01 ([NS])
    Chen vs Shaker_Likelihood_Trapz_Newton: p = 2.5000e-01 ([NS])
    Shaker_GMM_Entropy vs Shaker_Likelihood_GL_Bisect: p = 2.5000e-01 ([NS])
    Shaker_GMM_Entropy vs Shaker_Likelihood_GL_Newton: p = 2.5000e-01 ([NS])
    Shaker_GMM_Entropy vs Shaker_Likelihood_Trapz_Bisect: p = 2.5000e-01 ([NS])
    Shaker_GMM_Entropy vs Shaker_Likelihood_Trapz_Newton: p = 2.5000e-01 ([NS])
    Shaker_Likelihood_GL_Bisect vs Shaker_Likelihood_GL_Newton: p = 5.0000e-01 ([NS])
    Shaker_Likelihood_GL_Bisect vs Shaker_Likelihood_Trapz_Bisect: p = 7.5000e-01 ([NS])
    Shaker_Likelihood_GL_Bisect vs Shaker_Likelihood_Trapz_Newton: p = 2.5000e-01 ([NS])
    Shaker_Likelihood_GL_Newton vs Shaker_Likelihood_Trapz_Bisect: p = 5.0000e-01 ([NS])
    Shaker_Likelihood_GL_Newton vs Shaker_Likelihood_Trapz_Newton: p = 1.0000e+00 ([NS])
    Shaker_Likelihood_Trapz_Bisect vs Shaker_Likelihood_Trapz_Newton: p = 2.5000e-01 ([NS])

FPR95:
  Friedman Test: chi2 = 2.4286, p = 8.7637e-01
  Result: NOT SIGNIFICANT (p >= 0.05)

SPEARMAN:
  Friedman Test: chi2 = 9.1429, p = 1.6570e-01
  Result: NOT SIGNIFICANT (p >= 0.05)

BRIER:
  Friedman Test: chi2 = 15.4286, p = 1.7173e-02
  Result: SIGNIFICANT (p < 0.05)
  Bonferroni-corrected alpha = 2.3810e-03
    Standard vs Chen         : p = 5.0000e-01 ([NS])
    Standard vs Shaker_GMM_Entropy: p = 7.5000e-01 ([NS])
    Standard vs Shaker_Likelihood_GL_Bisect: p = 2.5000e-01 ([NS])
    Standard vs Shaker_Likelihood_GL_Newton: p = 2.5000e-01 ([NS])
    Standard vs Shaker_Likelihood_Trapz_Bisect: p = 2.5000e-01 ([NS])
    Standard vs Shaker_Likelihood_Trapz_Newton: p = 2.5000e-01 ([NS])
    Chen vs Shaker_GMM_Entropy: p = 7.5000e-01 ([NS])
    Chen vs Shaker_Likelihood_GL_Bisect: p = 2.5000e-01 ([NS])
    Chen vs Shaker_Likelihood_GL_Newton: p = 2.5000e-01 ([NS])
    Chen vs Shaker_Likelihood_Trapz_Bisect: p = 2.5000e-01 ([NS])
    Chen vs Shaker_Likelihood_Trapz_Newton: p = 2.5000e-01 ([NS])
    Shaker_GMM_Entropy vs Shaker_Likelihood_GL_Bisect: p = 2.5000e-01 ([NS])
    Shaker_GMM_Entropy vs Shaker_Likelihood_GL_Newton: p = 5.0000e-01 ([NS])
    Shaker_GMM_Entropy vs Shaker_Likelihood_Trapz_Bisect: p = 2.5000e-01 ([NS])
    Shaker_GMM_Entropy vs Shaker_Likelihood_Trapz_Newton: p = 5.0000e-01 ([NS])
    Shaker_Likelihood_GL_Bisect vs Shaker_Likelihood_GL_Newton: p = 2.5000e-01 ([NS])
    Shaker_Likelihood_GL_Bisect vs Shaker_Likelihood_Trapz_Bisect: p = 2.5000e-01 ([NS])
    Shaker_Likelihood_GL_Bisect vs Shaker_Likelihood_Trapz_Newton: p = 2.5000e-01 ([NS])
    Shaker_Likelihood_GL_Newton vs Shaker_Likelihood_Trapz_Bisect: p = 2.5000e-01 ([NS])
    Shaker_Likelihood_GL_Newton vs Shaker_Likelihood_Trapz_Newton: p = 2.5000e-01 ([NS])
    Shaker_Likelihood_Trapz_Bisect vs Shaker_Likelihood_Trapz_Newton: p = 2.5000e-01 ([NS])

MI:
  Friedman Test: chi2 = 16.8571, p = 9.8229e-03
  Result: SIGNIFICANT (p < 0.05)
  Bonferroni-corrected alpha = 2.3810e-03
    Standard vs Chen         : p = 2.5000e-01 ([NS])
    Standard vs Shaker_GMM_Entropy: p = 7.5000e-01 ([NS])
    Standard vs Shaker_Likelihood_GL_Bisect: p = 2.5000e-01 ([NS])
    Standard vs Shaker_Likelihood_GL_Newton: p = 2.5000e-01 ([NS])
    Standard vs Shaker_Likelihood_Trapz_Bisect: p = 2.5000e-01 ([NS])
    Standard vs Shaker_Likelihood_Trapz_Newton: p = 2.5000e-01 ([NS])
    Chen vs Shaker_GMM_Entropy: p = 5.0000e-01 ([NS])
    Chen vs Shaker_Likelihood_GL_Bisect: p = 2.5000e-01 ([NS])
    Chen vs Shaker_Likelihood_GL_Newton: p = 2.5000e-01 ([NS])
    Chen vs Shaker_Likelihood_Trapz_Bisect: p = 2.5000e-01 ([NS])
    Chen vs Shaker_Likelihood_Trapz_Newton: p = 2.5000e-01 ([NS])
    Shaker_GMM_Entropy vs Shaker_Likelihood_GL_Bisect: p = 2.5000e-01 ([NS])
    Shaker_GMM_Entropy vs Shaker_Likelihood_GL_Newton: p = 2.5000e-01 ([NS])
    Shaker_GMM_Entropy vs Shaker_Likelihood_Trapz_Bisect: p = 2.5000e-01 ([NS])
    Shaker_GMM_Entropy vs Shaker_Likelihood_Trapz_Newton: p = 2.5000e-01 ([NS])
    Shaker_Likelihood_GL_Bisect vs Shaker_Likelihood_GL_Newton: p = 2.5000e-01 ([NS])
    Shaker_Likelihood_GL_Bisect vs Shaker_Likelihood_Trapz_Bisect: p = 2.5000e-01 ([NS])
    Shaker_Likelihood_GL_Bisect vs Shaker_Likelihood_Trapz_Newton: p = 2.5000e-01 ([NS])
    Shaker_Likelihood_GL_Newton vs Shaker_Likelihood_Trapz_Bisect: p = 2.5000e-01 ([NS])
    Shaker_Likelihood_GL_Newton vs Shaker_Likelihood_Trapz_Newton: p = 7.5000e-01 ([NS])
    Shaker_Likelihood_Trapz_Bisect vs Shaker_Likelihood_Trapz_Newton: p = 2.5000e-01 ([NS])

JSD:
  Friedman Test: chi2 = 16.8571, p = 9.8229e-03
  Result: SIGNIFICANT (p < 0.05)
  Bonferroni-corrected alpha = 2.3810e-03
    Standard vs Chen         : p = 2.5000e-01 ([NS])
    Standard vs Shaker_GMM_Entropy: p = 5.0000e-01 ([NS])
    Standard vs Shaker_Likelihood_GL_Bisect: p = 2.5000e-01 ([NS])
    Standard vs Shaker_Likelihood_GL_Newton: p = 2.5000e-01 ([NS])
    Standard vs Shaker_Likelihood_Trapz_Bisect: p = 2.5000e-01 ([NS])
    Standard vs Shaker_Likelihood_Trapz_Newton: p = 2.5000e-01 ([NS])
    Chen vs Shaker_GMM_Entropy: p = 5.0000e-01 ([NS])
    Chen vs Shaker_Likelihood_GL_Bisect: p = 2.5000e-01 ([NS])
    Chen vs Shaker_Likelihood_GL_Newton: p = 2.5000e-01 ([NS])
    Chen vs Shaker_Likelihood_Trapz_Bisect: p = 2.5000e-01 ([NS])
    Chen vs Shaker_Likelihood_Trapz_Newton: p = 2.5000e-01 ([NS])
    Shaker_GMM_Entropy vs Shaker_Likelihood_GL_Bisect: p = 2.5000e-01 ([NS])
    Shaker_GMM_Entropy vs Shaker_Likelihood_GL_Newton: p = 2.5000e-01 ([NS])
    Shaker_GMM_Entropy vs Shaker_Likelihood_Trapz_Bisect: p = 2.5000e-01 ([NS])
    Shaker_GMM_Entropy vs Shaker_Likelihood_Trapz_Newton: p = 2.5000e-01 ([NS])
    Shaker_Likelihood_GL_Bisect vs Shaker_Likelihood_GL_Newton: p = 2.5000e-01 ([NS])
    Shaker_Likelihood_GL_Bisect vs Shaker_Likelihood_Trapz_Bisect: p = 2.5000e-01 ([NS])
    Shaker_Likelihood_GL_Bisect vs Shaker_Likelihood_Trapz_Newton: p = 2.5000e-01 ([NS])
    Shaker_Likelihood_GL_Newton vs Shaker_Likelihood_Trapz_Bisect: p = 2.5000e-01 ([NS])
    Shaker_Likelihood_GL_Newton vs Shaker_Likelihood_Trapz_Newton: p = 7.5000e-01 ([NS])
    Shaker_Likelihood_Trapz_Bisect vs Shaker_Likelihood_Trapz_Newton: p = 2.5000e-01 ([NS])

NAURC:
  Friedman Test: chi2 = 15.4286, p = 1.7173e-02
  Result: SIGNIFICANT (p < 0.05)
  Bonferroni-corrected alpha = 2.3810e-03
    Standard vs Chen         : p = 2.5000e-01 ([NS])
    Standard vs Shaker_GMM_Entropy: p = 5.0000e-01 ([NS])
    Standard vs Shaker_Likelihood_GL_Bisect: p = 2.5000e-01 ([NS])
    Standard vs Shaker_Likelihood_GL_Newton: p = 2.5000e-01 ([NS])
    Standard vs Shaker_Likelihood_Trapz_Bisect: p = 2.5000e-01 ([NS])
    Standard vs Shaker_Likelihood_Trapz_Newton: p = 2.5000e-01 ([NS])
    Chen vs Shaker_GMM_Entropy: p = 5.0000e-01 ([NS])
    Chen vs Shaker_Likelihood_GL_Bisect: p = 2.5000e-01 ([NS])
    Chen vs Shaker_Likelihood_GL_Newton: p = 2.5000e-01 ([NS])
    Chen vs Shaker_Likelihood_Trapz_Bisect: p = 2.5000e-01 ([NS])
    Chen vs Shaker_Likelihood_Trapz_Newton: p = 2.5000e-01 ([NS])
    Shaker_GMM_Entropy vs Shaker_Likelihood_GL_Bisect: p = 2.5000e-01 ([NS])
    Shaker_GMM_Entropy vs Shaker_Likelihood_GL_Newton: p = 2.5000e-01 ([NS])
    Shaker_GMM_Entropy vs Shaker_Likelihood_Trapz_Bisect: p = 2.5000e-01 ([NS])
    Shaker_GMM_Entropy vs Shaker_Likelihood_Trapz_Newton: p = 2.5000e-01 ([NS])
    Shaker_Likelihood_GL_Bisect vs Shaker_Likelihood_GL_Newton: p = 2.5000e-01 ([NS])
    Shaker_Likelihood_GL_Bisect vs Shaker_Likelihood_Trapz_Bisect: p = 1.0000e+00 ([NS])
    Shaker_Likelihood_GL_Bisect vs Shaker_Likelihood_Trapz_Newton: p = 5.0000e-01 ([NS])
    Shaker_Likelihood_GL_Newton vs Shaker_Likelihood_Trapz_Bisect: p = 2.5000e-01 ([NS])
    Shaker_Likelihood_GL_Newton vs Shaker_Likelihood_Trapz_Newton: p = 7.5000e-01 ([NS])
    Shaker_Likelihood_Trapz_Bisect vs Shaker_Likelihood_Trapz_Newton: p = 5.0000e-01 ([NS])

[DIMENSION] 8D Functions
----------------------------------------------------------------------

======================================================================
8D Functions (runs = 5)
======================================================================

--- AUROC ---
Standard    : Mean = 0.3049, Std = 0.1167
Chen        : Mean = 0.3165, Std = 0.1120
Shaker_GMM_Entropy: Mean = 0.3278, Std = 0.1358
Shaker_Likelihood_GL_Bisect: Mean = 0.3291, Std = 0.2473
Shaker_Likelihood_GL_Newton: Mean = 0.3256, Std = 0.2287
Shaker_Likelihood_Trapz_Bisect: Mean = 0.3273, Std = 0.2480
Shaker_Likelihood_Trapz_Newton: Mean = 0.3262, Std = 0.2305

--- FPR95 ---
Standard    : Mean = 0.9812, Std = 0.0146
Chen        : Mean = 0.9815, Std = 0.0131
Shaker_GMM_Entropy: Mean = 0.9776, Std = 0.0113
Shaker_Likelihood_GL_Bisect: Mean = 0.9698, Std = 0.0365
Shaker_Likelihood_GL_Newton: Mean = 0.9725, Std = 0.0279
Shaker_Likelihood_Trapz_Bisect: Mean = 0.9705, Std = 0.0349
Shaker_Likelihood_Trapz_Newton: Mean = 0.9720, Std = 0.0290

--- SPEARMAN ---
Standard    : Mean = 0.0521, Std = 0.0422
Chen        : Mean = 0.0507, Std = 0.0412
Shaker_GMM_Entropy: Mean = 0.0510, Std = 0.0407
Shaker_Likelihood_GL_Bisect: Mean = 0.0540, Std = 0.0430
Shaker_Likelihood_GL_Newton: Mean = 0.0511, Std = 0.0432
Shaker_Likelihood_Trapz_Bisect: Mean = 0.0538, Std = 0.0438
Shaker_Likelihood_Trapz_Newton: Mean = 0.0525, Std = 0.0434

--- BRIER ---
Standard    : Mean = 0.2548, Std = 0.0434
Chen        : Mean = 0.2567, Std = 0.0416
Shaker_GMM_Entropy: Mean = 0.2525, Std = 0.0466
Shaker_Likelihood_GL_Bisect: Mean = 0.2026, Std = 0.0731
Shaker_Likelihood_GL_Newton: Mean = 0.2131, Std = 0.0720
Shaker_Likelihood_Trapz_Bisect: Mean = 0.2017, Std = 0.0733
Shaker_Likelihood_Trapz_Newton: Mean = 0.2124, Std = 0.0723

--- MI ---
Standard    : Mean = 0.1405, Std = 0.1118
Chen        : Mean = 0.1250, Std = 0.1040
Shaker_GMM_Entropy: Mean = 0.1308, Std = 0.1206
Shaker_Likelihood_GL_Bisect: Mean = 0.2731, Std = 0.2060
Shaker_Likelihood_GL_Newton: Mean = 0.2462, Std = 0.1966
Shaker_Likelihood_Trapz_Bisect: Mean = 0.2767, Std = 0.2058
Shaker_Likelihood_Trapz_Newton: Mean = 0.2479, Std = 0.1981

--- JSD ---
Standard    : Mean = 0.1498, Std = 0.1206
Chen        : Mean = 0.1336, Std = 0.1128
Shaker_GMM_Entropy: Mean = 0.1414, Std = 0.1306
Shaker_Likelihood_GL_Bisect: Mean = 0.2902, Std = 0.2217
Shaker_Likelihood_GL_Newton: Mean = 0.2627, Std = 0.2118
Shaker_Likelihood_Trapz_Bisect: Mean = 0.2941, Std = 0.2215
Shaker_Likelihood_Trapz_Newton: Mean = 0.2645, Std = 0.2133

--- NAURC ---
Standard    : Mean = 0.9186, Std = 0.0925
Chen        : Mean = 0.9256, Std = 0.0839
Shaker_GMM_Entropy: Mean = 0.9188, Std = 0.0886
Shaker_Likelihood_GL_Bisect: Mean = 0.8717, Std = 0.1002
Shaker_Likelihood_GL_Newton: Mean = 0.8784, Std = 0.0991
Shaker_Likelihood_Trapz_Bisect: Mean = 0.8716, Std = 0.1001
Shaker_Likelihood_Trapz_Newton: Mean = 0.8772, Std = 0.1007

--- Statistical Validation (alpha = 0.05) ---

AUROC:
  Friedman Test: chi2 = 2.2857, p = 8.9164e-01
  Result: NOT SIGNIFICANT (p >= 0.05)

FPR95:
  Friedman Test: chi2 = 2.0000, p = 9.1970e-01
  Result: NOT SIGNIFICANT (p >= 0.05)

SPEARMAN:
  Friedman Test: chi2 = 5.1429, p = 5.2563e-01
  Result: NOT SIGNIFICANT (p >= 0.05)

BRIER:
  Friedman Test: chi2 = 17.1429, p = 8.7723e-03
  Result: SIGNIFICANT (p < 0.05)
  Bonferroni-corrected alpha = 2.3810e-03
    Standard vs Chen         : p = 2.5000e-01 ([NS])
    Standard vs Shaker_GMM_Entropy: p = 7.5000e-01 ([NS])
    Standard vs Shaker_Likelihood_GL_Bisect: p = 2.5000e-01 ([NS])
    Standard vs Shaker_Likelihood_GL_Newton: p = 2.5000e-01 ([NS])
    Standard vs Shaker_Likelihood_Trapz_Bisect: p = 2.5000e-01 ([NS])
    Standard vs Shaker_Likelihood_Trapz_Newton: p = 2.5000e-01 ([NS])
    Chen vs Shaker_GMM_Entropy: p = 7.5000e-01 ([NS])
    Chen vs Shaker_Likelihood_GL_Bisect: p = 2.5000e-01 ([NS])
    Chen vs Shaker_Likelihood_GL_Newton: p = 2.5000e-01 ([NS])
    Chen vs Shaker_Likelihood_Trapz_Bisect: p = 2.5000e-01 ([NS])
    Chen vs Shaker_Likelihood_Trapz_Newton: p = 2.5000e-01 ([NS])
    Shaker_GMM_Entropy vs Shaker_Likelihood_GL_Bisect: p = 2.5000e-01 ([NS])
    Shaker_GMM_Entropy vs Shaker_Likelihood_GL_Newton: p = 2.5000e-01 ([NS])
    Shaker_GMM_Entropy vs Shaker_Likelihood_Trapz_Bisect: p = 2.5000e-01 ([NS])
    Shaker_GMM_Entropy vs Shaker_Likelihood_Trapz_Newton: p = 2.5000e-01 ([NS])
    Shaker_Likelihood_GL_Bisect vs Shaker_Likelihood_GL_Newton: p = 2.5000e-01 ([NS])
    Shaker_Likelihood_GL_Bisect vs Shaker_Likelihood_Trapz_Bisect: p = 2.5000e-01 ([NS])
    Shaker_Likelihood_GL_Bisect vs Shaker_Likelihood_Trapz_Newton: p = 2.5000e-01 ([NS])
    Shaker_Likelihood_GL_Newton vs Shaker_Likelihood_Trapz_Bisect: p = 2.5000e-01 ([NS])
    Shaker_Likelihood_GL_Newton vs Shaker_Likelihood_Trapz_Newton: p = 2.5000e-01 ([NS])
    Shaker_Likelihood_Trapz_Bisect vs Shaker_Likelihood_Trapz_Newton: p = 2.5000e-01 ([NS])

MI:
  Friedman Test: chi2 = 17.0000, p = 9.2832e-03
  Result: SIGNIFICANT (p < 0.05)
  Bonferroni-corrected alpha = 2.3810e-03
    Standard vs Chen         : p = 2.5000e-01 ([NS])
    Standard vs Shaker_GMM_Entropy: p = 7.5000e-01 ([NS])
    Standard vs Shaker_Likelihood_GL_Bisect: p = 2.5000e-01 ([NS])
    Standard vs Shaker_Likelihood_GL_Newton: p = 2.5000e-01 ([NS])
    Standard vs Shaker_Likelihood_Trapz_Bisect: p = 2.5000e-01 ([NS])
    Standard vs Shaker_Likelihood_Trapz_Newton: p = 2.5000e-01 ([NS])
    Chen vs Shaker_GMM_Entropy: p = 1.0000e+00 ([NS])
    Chen vs Shaker_Likelihood_GL_Bisect: p = 2.5000e-01 ([NS])
    Chen vs Shaker_Likelihood_GL_Newton: p = 2.5000e-01 ([NS])
    Chen vs Shaker_Likelihood_Trapz_Bisect: p = 2.5000e-01 ([NS])
    Chen vs Shaker_Likelihood_Trapz_Newton: p = 2.5000e-01 ([NS])
    Shaker_GMM_Entropy vs Shaker_Likelihood_GL_Bisect: p = 2.5000e-01 ([NS])
    Shaker_GMM_Entropy vs Shaker_Likelihood_GL_Newton: p = 2.5000e-01 ([NS])
    Shaker_GMM_Entropy vs Shaker_Likelihood_Trapz_Bisect: p = 2.5000e-01 ([NS])
    Shaker_GMM_Entropy vs Shaker_Likelihood_Trapz_Newton: p = 2.5000e-01 ([NS])
    Shaker_Likelihood_GL_Bisect vs Shaker_Likelihood_GL_Newton: p = 2.5000e-01 ([NS])
    Shaker_Likelihood_GL_Bisect vs Shaker_Likelihood_Trapz_Bisect: p = 2.5000e-01 ([NS])
    Shaker_Likelihood_GL_Bisect vs Shaker_Likelihood_Trapz_Newton: p = 2.5000e-01 ([NS])
    Shaker_Likelihood_GL_Newton vs Shaker_Likelihood_Trapz_Bisect: p = 2.5000e-01 ([NS])
    Shaker_Likelihood_GL_Newton vs Shaker_Likelihood_Trapz_Newton: p = 5.0000e-01 ([NS])
    Shaker_Likelihood_Trapz_Bisect vs Shaker_Likelihood_Trapz_Newton: p = 2.5000e-01 ([NS])

JSD:
  Friedman Test: chi2 = 17.0000, p = 9.2832e-03
  Result: SIGNIFICANT (p < 0.05)
  Bonferroni-corrected alpha = 2.3810e-03
    Standard vs Chen         : p = 2.5000e-01 ([NS])
    Standard vs Shaker_GMM_Entropy: p = 7.5000e-01 ([NS])
    Standard vs Shaker_Likelihood_GL_Bisect: p = 2.5000e-01 ([NS])
    Standard vs Shaker_Likelihood_GL_Newton: p = 2.5000e-01 ([NS])
    Standard vs Shaker_Likelihood_Trapz_Bisect: p = 2.5000e-01 ([NS])
    Standard vs Shaker_Likelihood_Trapz_Newton: p = 2.5000e-01 ([NS])
    Chen vs Shaker_GMM_Entropy: p = 1.0000e+00 ([NS])
    Chen vs Shaker_Likelihood_GL_Bisect: p = 2.5000e-01 ([NS])
    Chen vs Shaker_Likelihood_GL_Newton: p = 2.5000e-01 ([NS])
    Chen vs Shaker_Likelihood_Trapz_Bisect: p = 2.5000e-01 ([NS])
    Chen vs Shaker_Likelihood_Trapz_Newton: p = 2.5000e-01 ([NS])
    Shaker_GMM_Entropy vs Shaker_Likelihood_GL_Bisect: p = 2.5000e-01 ([NS])
    Shaker_GMM_Entropy vs Shaker_Likelihood_GL_Newton: p = 2.5000e-01 ([NS])
    Shaker_GMM_Entropy vs Shaker_Likelihood_Trapz_Bisect: p = 2.5000e-01 ([NS])
    Shaker_GMM_Entropy vs Shaker_Likelihood_Trapz_Newton: p = 2.5000e-01 ([NS])
    Shaker_Likelihood_GL_Bisect vs Shaker_Likelihood_GL_Newton: p = 2.5000e-01 ([NS])
    Shaker_Likelihood_GL_Bisect vs Shaker_Likelihood_Trapz_Bisect: p = 2.5000e-01 ([NS])
    Shaker_Likelihood_GL_Bisect vs Shaker_Likelihood_Trapz_Newton: p = 2.5000e-01 ([NS])
    Shaker_Likelihood_GL_Newton vs Shaker_Likelihood_Trapz_Bisect: p = 2.5000e-01 ([NS])
    Shaker_Likelihood_GL_Newton vs Shaker_Likelihood_Trapz_Newton: p = 5.0000e-01 ([NS])
    Shaker_Likelihood_Trapz_Bisect vs Shaker_Likelihood_Trapz_Newton: p = 2.5000e-01 ([NS])

NAURC:
  Friedman Test: chi2 = 16.5714, p = 1.0994e-02
  Result: SIGNIFICANT (p < 0.05)
  Bonferroni-corrected alpha = 2.3810e-03
    Standard vs Chen         : p = 5.0000e-01 ([NS])
    Standard vs Shaker_GMM_Entropy: p = 1.0000e+00 ([NS])
    Standard vs Shaker_Likelihood_GL_Bisect: p = 2.5000e-01 ([NS])
    Standard vs Shaker_Likelihood_GL_Newton: p = 2.5000e-01 ([NS])
    Standard vs Shaker_Likelihood_Trapz_Bisect: p = 2.5000e-01 ([NS])
    Standard vs Shaker_Likelihood_Trapz_Newton: p = 2.5000e-01 ([NS])
    Chen vs Shaker_GMM_Entropy: p = 2.5000e-01 ([NS])
    Chen vs Shaker_Likelihood_GL_Bisect: p = 2.5000e-01 ([NS])
    Chen vs Shaker_Likelihood_GL_Newton: p = 2.5000e-01 ([NS])
    Chen vs Shaker_Likelihood_Trapz_Bisect: p = 2.5000e-01 ([NS])
    Chen vs Shaker_Likelihood_Trapz_Newton: p = 2.5000e-01 ([NS])
    Shaker_GMM_Entropy vs Shaker_Likelihood_GL_Bisect: p = 2.5000e-01 ([NS])
    Shaker_GMM_Entropy vs Shaker_Likelihood_GL_Newton: p = 2.5000e-01 ([NS])
    Shaker_GMM_Entropy vs Shaker_Likelihood_Trapz_Bisect: p = 2.5000e-01 ([NS])
    Shaker_GMM_Entropy vs Shaker_Likelihood_Trapz_Newton: p = 2.5000e-01 ([NS])
    Shaker_Likelihood_GL_Bisect vs Shaker_Likelihood_GL_Newton: p = 2.5000e-01 ([NS])
    Shaker_Likelihood_GL_Bisect vs Shaker_Likelihood_Trapz_Bisect: p = 7.5000e-01 ([NS])
    Shaker_Likelihood_GL_Bisect vs Shaker_Likelihood_Trapz_Newton: p = 2.5000e-01 ([NS])
    Shaker_Likelihood_GL_Newton vs Shaker_Likelihood_Trapz_Bisect: p = 2.5000e-01 ([NS])
    Shaker_Likelihood_GL_Newton vs Shaker_Likelihood_Trapz_Newton: p = 7.5000e-01 ([NS])
    Shaker_Likelihood_Trapz_Bisect vs Shaker_Likelihood_Trapz_Newton: p = 2.5000e-01 ([NS])

[DIMENSION] 9D Functions
----------------------------------------------------------------------

======================================================================
9D Functions (runs = 5)
======================================================================

--- AUROC ---
Standard    : Mean = 0.4508, Std = 0.3109
Chen        : Mean = 0.4552, Std = 0.3039
Shaker_GMM_Entropy: Mean = 0.4391, Std = 0.3030
Shaker_Likelihood_GL_Bisect: Mean = 0.3306, Std = 0.2585
Shaker_Likelihood_GL_Newton: Mean = 0.3573, Std = 0.2774
Shaker_Likelihood_Trapz_Bisect: Mean = 0.3287, Std = 0.2589
Shaker_Likelihood_Trapz_Newton: Mean = 0.3576, Std = 0.2786

--- FPR95 ---
Standard    : Mean = 0.9650, Std = 0.0419
Chen        : Mean = 0.9618, Std = 0.0463
Shaker_GMM_Entropy: Mean = 0.9732, Std = 0.0298
Shaker_Likelihood_GL_Bisect: Mean = 0.9888, Std = 0.0167
Shaker_Likelihood_GL_Newton: Mean = 0.9868, Std = 0.0195
Shaker_Likelihood_Trapz_Bisect: Mean = 0.9888, Std = 0.0161
Shaker_Likelihood_Trapz_Newton: Mean = 0.9874, Std = 0.0184

--- SPEARMAN ---
Standard    : Mean = -0.0548, Std = 0.1355
Chen        : Mean = -0.0561, Std = 0.1329
Shaker_GMM_Entropy: Mean = -0.0574, Std = 0.1354
Shaker_Likelihood_GL_Bisect: Mean = -0.0534, Std = 0.1309
Shaker_Likelihood_GL_Newton: Mean = -0.0516, Std = 0.1286
Shaker_Likelihood_Trapz_Bisect: Mean = -0.0528, Std = 0.1313
Shaker_Likelihood_Trapz_Newton: Mean = -0.0508, Std = 0.1295

--- BRIER ---
Standard    : Mean = 0.2023, Std = 0.0670
Chen        : Mean = 0.2055, Std = 0.0649
Shaker_GMM_Entropy: Mean = 0.2036, Std = 0.0660
Shaker_Likelihood_GL_Bisect: Mean = 0.1978, Std = 0.0907
Shaker_Likelihood_GL_Newton: Mean = 0.1974, Std = 0.0847
Shaker_Likelihood_Trapz_Bisect: Mean = 0.1960, Std = 0.0900
Shaker_Likelihood_Trapz_Newton: Mean = 0.1967, Std = 0.0853

--- MI ---
Standard    : Mean = 0.3005, Std = 0.1764
Chen        : Mean = 0.2808, Std = 0.1683
Shaker_GMM_Entropy: Mean = 0.2908, Std = 0.1773
Shaker_Likelihood_GL_Bisect: Mean = 0.3264, Std = 0.2410
Shaker_Likelihood_GL_Newton: Mean = 0.3303, Std = 0.2217
Shaker_Likelihood_Trapz_Bisect: Mean = 0.3296, Std = 0.2410
Shaker_Likelihood_Trapz_Newton: Mean = 0.3342, Std = 0.2238

--- JSD ---
Standard    : Mean = 0.3040, Std = 0.1777
Chen        : Mean = 0.2850, Std = 0.1698
Shaker_GMM_Entropy: Mean = 0.2949, Std = 0.1790
Shaker_Likelihood_GL_Bisect: Mean = 0.3373, Std = 0.2543
Shaker_Likelihood_GL_Newton: Mean = 0.3395, Std = 0.2333
Shaker_Likelihood_Trapz_Bisect: Mean = 0.3407, Std = 0.2540
Shaker_Likelihood_Trapz_Newton: Mean = 0.3435, Std = 0.2355

--- NAURC ---
Standard    : Mean = 1.0534, Std = 0.2047
Chen        : Mean = 1.0582, Std = 0.1948
Shaker_GMM_Entropy: Mean = 1.0557, Std = 0.1973
Shaker_Likelihood_GL_Bisect: Mean = 0.9692, Std = 0.1680
Shaker_Likelihood_GL_Newton: Mean = 0.9867, Std = 0.1830
Shaker_Likelihood_Trapz_Bisect: Mean = 0.9689, Std = 0.1687
Shaker_Likelihood_Trapz_Newton: Mean = 0.9861, Std = 0.1832

--- Statistical Validation (alpha = 0.05) ---

AUROC:
  Friedman Test: chi2 = 17.1429, p = 8.7723e-03
  Result: SIGNIFICANT (p < 0.05)
  Bonferroni-corrected alpha = 2.3810e-03
    Standard vs Chen         : p = 5.0000e-01 ([NS])
    Standard vs Shaker_GMM_Entropy: p = 2.5000e-01 ([NS])
    Standard vs Shaker_Likelihood_GL_Bisect: p = 2.5000e-01 ([NS])
    Standard vs Shaker_Likelihood_GL_Newton: p = 2.5000e-01 ([NS])
    Standard vs Shaker_Likelihood_Trapz_Bisect: p = 2.5000e-01 ([NS])
    Standard vs Shaker_Likelihood_Trapz_Newton: p = 2.5000e-01 ([NS])
    Chen vs Shaker_GMM_Entropy: p = 2.5000e-01 ([NS])
    Chen vs Shaker_Likelihood_GL_Bisect: p = 2.5000e-01 ([NS])
    Chen vs Shaker_Likelihood_GL_Newton: p = 2.5000e-01 ([NS])
    Chen vs Shaker_Likelihood_Trapz_Bisect: p = 2.5000e-01 ([NS])
    Chen vs Shaker_Likelihood_Trapz_Newton: p = 2.5000e-01 ([NS])
    Shaker_GMM_Entropy vs Shaker_Likelihood_GL_Bisect: p = 2.5000e-01 ([NS])
    Shaker_GMM_Entropy vs Shaker_Likelihood_GL_Newton: p = 2.5000e-01 ([NS])
    Shaker_GMM_Entropy vs Shaker_Likelihood_Trapz_Bisect: p = 2.5000e-01 ([NS])
    Shaker_GMM_Entropy vs Shaker_Likelihood_Trapz_Newton: p = 2.5000e-01 ([NS])
    Shaker_Likelihood_GL_Bisect vs Shaker_Likelihood_GL_Newton: p = 2.5000e-01 ([NS])
    Shaker_Likelihood_GL_Bisect vs Shaker_Likelihood_Trapz_Bisect: p = 7.5000e-01 ([NS])
    Shaker_Likelihood_GL_Bisect vs Shaker_Likelihood_Trapz_Newton: p = 2.5000e-01 ([NS])
    Shaker_Likelihood_GL_Newton vs Shaker_Likelihood_Trapz_Bisect: p = 2.5000e-01 ([NS])
    Shaker_Likelihood_GL_Newton vs Shaker_Likelihood_Trapz_Newton: p = 7.5000e-01 ([NS])
    Shaker_Likelihood_Trapz_Bisect vs Shaker_Likelihood_Trapz_Newton: p = 2.5000e-01 ([NS])

FPR95:
  Friedman Test: chi2 = 12.4286, p = 5.3063e-02
  Result: NOT SIGNIFICANT (p >= 0.05)

SPEARMAN:
  Friedman Test: chi2 = 3.2857, p = 7.7223e-01
  Result: NOT SIGNIFICANT (p >= 0.05)

BRIER:
  Friedman Test: chi2 = 2.5714, p = 8.6039e-01
  Result: NOT SIGNIFICANT (p >= 0.05)

MI:
  Friedman Test: chi2 = 3.4286, p = 7.5345e-01
  Result: NOT SIGNIFICANT (p >= 0.05)

JSD:
  Friedman Test: chi2 = 3.4286, p = 7.5345e-01
  Result: NOT SIGNIFICANT (p >= 0.05)

NAURC:
  Friedman Test: chi2 = 14.2857, p = 2.6602e-02
  Result: SIGNIFICANT (p < 0.05)
  Bonferroni-corrected alpha = 2.3810e-03
    Standard vs Chen         : p = 7.5000e-01 ([NS])
    Standard vs Shaker_GMM_Entropy: p = 1.0000e+00 ([NS])
    Standard vs Shaker_Likelihood_GL_Bisect: p = 2.5000e-01 ([NS])
    Standard vs Shaker_Likelihood_GL_Newton: p = 2.5000e-01 ([NS])
    Standard vs Shaker_Likelihood_Trapz_Bisect: p = 2.5000e-01 ([NS])
    Standard vs Shaker_Likelihood_Trapz_Newton: p = 2.5000e-01 ([NS])
    Chen vs Shaker_GMM_Entropy: p = 5.0000e-01 ([NS])
    Chen vs Shaker_Likelihood_GL_Bisect: p = 2.5000e-01 ([NS])
    Chen vs Shaker_Likelihood_GL_Newton: p = 2.5000e-01 ([NS])
    Chen vs Shaker_Likelihood_Trapz_Bisect: p = 2.5000e-01 ([NS])
    Chen vs Shaker_Likelihood_Trapz_Newton: p = 2.5000e-01 ([NS])
    Shaker_GMM_Entropy vs Shaker_Likelihood_GL_Bisect: p = 2.5000e-01 ([NS])
    Shaker_GMM_Entropy vs Shaker_Likelihood_GL_Newton: p = 2.5000e-01 ([NS])
    Shaker_GMM_Entropy vs Shaker_Likelihood_Trapz_Bisect: p = 2.5000e-01 ([NS])
    Shaker_GMM_Entropy vs Shaker_Likelihood_Trapz_Newton: p = 2.5000e-01 ([NS])
    Shaker_Likelihood_GL_Bisect vs Shaker_Likelihood_GL_Newton: p = 5.0000e-01 ([NS])
    Shaker_Likelihood_GL_Bisect vs Shaker_Likelihood_Trapz_Bisect: p = 1.0000e+00 ([NS])
    Shaker_Likelihood_GL_Bisect vs Shaker_Likelihood_Trapz_Newton: p = 5.0000e-01 ([NS])
    Shaker_Likelihood_GL_Newton vs Shaker_Likelihood_Trapz_Bisect: p = 5.0000e-01 ([NS])
    Shaker_Likelihood_GL_Newton vs Shaker_Likelihood_Trapz_Newton: p = 2.5000e-01 ([NS])
    Shaker_Likelihood_Trapz_Bisect vs Shaker_Likelihood_Trapz_Newton: p = 5.0000e-01 ([NS])

[DIMENSION] 10D Functions
----------------------------------------------------------------------

======================================================================
10D Functions (runs = 5)
======================================================================

--- AUROC ---
Standard    : Mean = 0.2223, Std = 0.1602
Chen        : Mean = 0.2302, Std = 0.1467
Shaker_GMM_Entropy: Mean = 0.2235, Std = 0.1388
Shaker_Likelihood_GL_Bisect: Mean = 0.1068, Std = 0.1692
Shaker_Likelihood_GL_Newton: Mean = 0.1207, Std = 0.1765
Shaker_Likelihood_Trapz_Bisect: Mean = 0.1057, Std = 0.1693
Shaker_Likelihood_Trapz_Newton: Mean = 0.1193, Std = 0.1777

--- FPR95 ---
Standard    : Mean = 0.9804, Std = 0.0297
Chen        : Mean = 0.9825, Std = 0.0196
Shaker_GMM_Entropy: Mean = 0.9791, Std = 0.0242
Shaker_Likelihood_GL_Bisect: Mean = 0.9820, Std = 0.0504
Shaker_Likelihood_GL_Newton: Mean = 0.9807, Std = 0.0538
Shaker_Likelihood_Trapz_Bisect: Mean = 0.9818, Std = 0.0508
Shaker_Likelihood_Trapz_Newton: Mean = 0.9796, Std = 0.0569

--- SPEARMAN ---
Standard    : Mean = 0.0591, Std = 0.0940
Chen        : Mean = 0.0581, Std = 0.0929
Shaker_GMM_Entropy: Mean = 0.0599, Std = 0.0929
Shaker_Likelihood_GL_Bisect: Mean = 0.0598, Std = 0.0960
Shaker_Likelihood_GL_Newton: Mean = 0.0585, Std = 0.0946
Shaker_Likelihood_Trapz_Bisect: Mean = 0.0601, Std = 0.0962
Shaker_Likelihood_Trapz_Newton: Mean = 0.0596, Std = 0.0959

--- BRIER ---
Standard    : Mean = 0.2143, Std = 0.0685
Chen        : Mean = 0.2175, Std = 0.0652
Shaker_GMM_Entropy: Mean = 0.2172, Std = 0.0700
Shaker_Likelihood_GL_Bisect: Mean = 0.1105, Std = 0.0790
Shaker_Likelihood_GL_Newton: Mean = 0.1261, Std = 0.0833
Shaker_Likelihood_Trapz_Bisect: Mean = 0.1093, Std = 0.0790
Shaker_Likelihood_Trapz_Newton: Mean = 0.1249, Std = 0.0839

--- MI ---
Standard    : Mean = 0.2706, Std = 0.1649
Chen        : Mean = 0.2449, Std = 0.1558
Shaker_GMM_Entropy: Mean = 0.2533, Std = 0.1683
Shaker_Likelihood_GL_Bisect: Mean = 0.5616, Std = 0.2283
Shaker_Likelihood_GL_Newton: Mean = 0.5190, Std = 0.2145
Shaker_Likelihood_Trapz_Bisect: Mean = 0.5665, Std = 0.2285
Shaker_Likelihood_Trapz_Newton: Mean = 0.5251, Std = 0.2138

--- JSD ---
Standard    : Mean = 0.2828, Std = 0.1686
Chen        : Mean = 0.2568, Std = 0.1600
Shaker_GMM_Entropy: Mean = 0.2668, Std = 0.1729
Shaker_Likelihood_GL_Bisect: Mean = 0.5786, Std = 0.2315
Shaker_Likelihood_GL_Newton: Mean = 0.5348, Std = 0.2179
Shaker_Likelihood_Trapz_Bisect: Mean = 0.5836, Std = 0.2315
Shaker_Likelihood_Trapz_Newton: Mean = 0.5411, Std = 0.2169

--- NAURC ---
Standard    : Mean = 0.9154, Std = 0.0622
Chen        : Mean = 0.9217, Std = 0.0646
Shaker_GMM_Entropy: Mean = 0.9226, Std = 0.0557
Shaker_Likelihood_GL_Bisect: Mean = 0.7513, Std = 0.2109
Shaker_Likelihood_GL_Newton: Mean = 0.7680, Std = 0.1983
Shaker_Likelihood_Trapz_Bisect: Mean = 0.7515, Std = 0.2108
Shaker_Likelihood_Trapz_Newton: Mean = 0.7667, Std = 0.1981

--- Statistical Validation (alpha = 0.05) ---

AUROC:
  Friedman Test: chi2 = 17.1429, p = 8.7723e-03
  Result: SIGNIFICANT (p < 0.05)
  Bonferroni-corrected alpha = 2.3810e-03
    Standard vs Chen         : p = 2.5000e-01 ([NS])
    Standard vs Shaker_GMM_Entropy: p = 1.0000e+00 ([NS])
    Standard vs Shaker_Likelihood_GL_Bisect: p = 2.5000e-01 ([NS])
    Standard vs Shaker_Likelihood_GL_Newton: p = 2.5000e-01 ([NS])
    Standard vs Shaker_Likelihood_Trapz_Bisect: p = 2.5000e-01 ([NS])
    Standard vs Shaker_Likelihood_Trapz_Newton: p = 2.5000e-01 ([NS])
    Chen vs Shaker_GMM_Entropy: p = 7.5000e-01 ([NS])
    Chen vs Shaker_Likelihood_GL_Bisect: p = 2.5000e-01 ([NS])
    Chen vs Shaker_Likelihood_GL_Newton: p = 2.5000e-01 ([NS])
    Chen vs Shaker_Likelihood_Trapz_Bisect: p = 2.5000e-01 ([NS])
    Chen vs Shaker_Likelihood_Trapz_Newton: p = 2.5000e-01 ([NS])
    Shaker_GMM_Entropy vs Shaker_Likelihood_GL_Bisect: p = 2.5000e-01 ([NS])
    Shaker_GMM_Entropy vs Shaker_Likelihood_GL_Newton: p = 2.5000e-01 ([NS])
    Shaker_GMM_Entropy vs Shaker_Likelihood_Trapz_Bisect: p = 2.5000e-01 ([NS])
    Shaker_GMM_Entropy vs Shaker_Likelihood_Trapz_Newton: p = 2.5000e-01 ([NS])
    Shaker_Likelihood_GL_Bisect vs Shaker_Likelihood_GL_Newton: p = 2.5000e-01 ([NS])
    Shaker_Likelihood_GL_Bisect vs Shaker_Likelihood_Trapz_Bisect: p = 2.5000e-01 ([NS])
    Shaker_Likelihood_GL_Bisect vs Shaker_Likelihood_Trapz_Newton: p = 2.5000e-01 ([NS])
    Shaker_Likelihood_GL_Newton vs Shaker_Likelihood_Trapz_Bisect: p = 2.5000e-01 ([NS])
    Shaker_Likelihood_GL_Newton vs Shaker_Likelihood_Trapz_Newton: p = 2.5000e-01 ([NS])
    Shaker_Likelihood_Trapz_Bisect vs Shaker_Likelihood_Trapz_Newton: p = 2.5000e-01 ([NS])

FPR95:
  Friedman Test: chi2 = 4.7143, p = 5.8094e-01
  Result: NOT SIGNIFICANT (p >= 0.05)

SPEARMAN:
  Friedman Test: chi2 = 2.0000, p = 9.1970e-01
  Result: NOT SIGNIFICANT (p >= 0.05)

BRIER:
  Friedman Test: chi2 = 16.8571, p = 9.8229e-03
  Result: SIGNIFICANT (p < 0.05)
  Bonferroni-corrected alpha = 2.3810e-03
    Standard vs Chen         : p = 5.0000e-01 ([NS])
    Standard vs Shaker_GMM_Entropy: p = 1.0000e+00 ([NS])
    Standard vs Shaker_Likelihood_GL_Bisect: p = 2.5000e-01 ([NS])
    Standard vs Shaker_Likelihood_GL_Newton: p = 2.5000e-01 ([NS])
    Standard vs Shaker_Likelihood_Trapz_Bisect: p = 2.5000e-01 ([NS])
    Standard vs Shaker_Likelihood_Trapz_Newton: p = 2.5000e-01 ([NS])
    Chen vs Shaker_GMM_Entropy: p = 7.5000e-01 ([NS])
    Chen vs Shaker_Likelihood_GL_Bisect: p = 2.5000e-01 ([NS])
    Chen vs Shaker_Likelihood_GL_Newton: p = 2.5000e-01 ([NS])
    Chen vs Shaker_Likelihood_Trapz_Bisect: p = 2.5000e-01 ([NS])
    Chen vs Shaker_Likelihood_Trapz_Newton: p = 2.5000e-01 ([NS])
    Shaker_GMM_Entropy vs Shaker_Likelihood_GL_Bisect: p = 2.5000e-01 ([NS])
    Shaker_GMM_Entropy vs Shaker_Likelihood_GL_Newton: p = 2.5000e-01 ([NS])
    Shaker_GMM_Entropy vs Shaker_Likelihood_Trapz_Bisect: p = 2.5000e-01 ([NS])
    Shaker_GMM_Entropy vs Shaker_Likelihood_Trapz_Newton: p = 2.5000e-01 ([NS])
    Shaker_Likelihood_GL_Bisect vs Shaker_Likelihood_GL_Newton: p = 2.5000e-01 ([NS])
    Shaker_Likelihood_GL_Bisect vs Shaker_Likelihood_Trapz_Bisect: p = 2.5000e-01 ([NS])
    Shaker_Likelihood_GL_Bisect vs Shaker_Likelihood_Trapz_Newton: p = 2.5000e-01 ([NS])
    Shaker_Likelihood_GL_Newton vs Shaker_Likelihood_Trapz_Bisect: p = 2.5000e-01 ([NS])
    Shaker_Likelihood_GL_Newton vs Shaker_Likelihood_Trapz_Newton: p = 2.5000e-01 ([NS])
    Shaker_Likelihood_Trapz_Bisect vs Shaker_Likelihood_Trapz_Newton: p = 2.5000e-01 ([NS])

MI:
  Friedman Test: chi2 = 17.2857, p = 8.2886e-03
  Result: SIGNIFICANT (p < 0.05)
  Bonferroni-corrected alpha = 2.3810e-03
    Standard vs Chen         : p = 2.5000e-01 ([NS])
    Standard vs Shaker_GMM_Entropy: p = 5.0000e-01 ([NS])
    Standard vs Shaker_Likelihood_GL_Bisect: p = 2.5000e-01 ([NS])
    Standard vs Shaker_Likelihood_GL_Newton: p = 2.5000e-01 ([NS])
    Standard vs Shaker_Likelihood_Trapz_Bisect: p = 2.5000e-01 ([NS])
    Standard vs Shaker_Likelihood_Trapz_Newton: p = 2.5000e-01 ([NS])
    Chen vs Shaker_GMM_Entropy: p = 7.5000e-01 ([NS])
    Chen vs Shaker_Likelihood_GL_Bisect: p = 2.5000e-01 ([NS])
    Chen vs Shaker_Likelihood_GL_Newton: p = 2.5000e-01 ([NS])
    Chen vs Shaker_Likelihood_Trapz_Bisect: p = 2.5000e-01 ([NS])
    Chen vs Shaker_Likelihood_Trapz_Newton: p = 2.5000e-01 ([NS])
    Shaker_GMM_Entropy vs Shaker_Likelihood_GL_Bisect: p = 2.5000e-01 ([NS])
    Shaker_GMM_Entropy vs Shaker_Likelihood_GL_Newton: p = 2.5000e-01 ([NS])
    Shaker_GMM_Entropy vs Shaker_Likelihood_Trapz_Bisect: p = 2.5000e-01 ([NS])
    Shaker_GMM_Entropy vs Shaker_Likelihood_Trapz_Newton: p = 2.5000e-01 ([NS])
    Shaker_Likelihood_GL_Bisect vs Shaker_Likelihood_GL_Newton: p = 2.5000e-01 ([NS])
    Shaker_Likelihood_GL_Bisect vs Shaker_Likelihood_Trapz_Bisect: p = 2.5000e-01 ([NS])
    Shaker_Likelihood_GL_Bisect vs Shaker_Likelihood_Trapz_Newton: p = 2.5000e-01 ([NS])
    Shaker_Likelihood_GL_Newton vs Shaker_Likelihood_Trapz_Bisect: p = 2.5000e-01 ([NS])
    Shaker_Likelihood_GL_Newton vs Shaker_Likelihood_Trapz_Newton: p = 2.5000e-01 ([NS])
    Shaker_Likelihood_Trapz_Bisect vs Shaker_Likelihood_Trapz_Newton: p = 2.5000e-01 ([NS])

JSD:
  Friedman Test: chi2 = 17.2857, p = 8.2886e-03
  Result: SIGNIFICANT (p < 0.05)
  Bonferroni-corrected alpha = 2.3810e-03
    Standard vs Chen         : p = 2.5000e-01 ([NS])
    Standard vs Shaker_GMM_Entropy: p = 5.0000e-01 ([NS])
    Standard vs Shaker_Likelihood_GL_Bisect: p = 2.5000e-01 ([NS])
    Standard vs Shaker_Likelihood_GL_Newton: p = 2.5000e-01 ([NS])
    Standard vs Shaker_Likelihood_Trapz_Bisect: p = 2.5000e-01 ([NS])
    Standard vs Shaker_Likelihood_Trapz_Newton: p = 2.5000e-01 ([NS])
    Chen vs Shaker_GMM_Entropy: p = 7.5000e-01 ([NS])
    Chen vs Shaker_Likelihood_GL_Bisect: p = 2.5000e-01 ([NS])
    Chen vs Shaker_Likelihood_GL_Newton: p = 2.5000e-01 ([NS])
    Chen vs Shaker_Likelihood_Trapz_Bisect: p = 2.5000e-01 ([NS])
    Chen vs Shaker_Likelihood_Trapz_Newton: p = 2.5000e-01 ([NS])
    Shaker_GMM_Entropy vs Shaker_Likelihood_GL_Bisect: p = 2.5000e-01 ([NS])
    Shaker_GMM_Entropy vs Shaker_Likelihood_GL_Newton: p = 2.5000e-01 ([NS])
    Shaker_GMM_Entropy vs Shaker_Likelihood_Trapz_Bisect: p = 2.5000e-01 ([NS])
    Shaker_GMM_Entropy vs Shaker_Likelihood_Trapz_Newton: p = 2.5000e-01 ([NS])
    Shaker_Likelihood_GL_Bisect vs Shaker_Likelihood_GL_Newton: p = 2.5000e-01 ([NS])
    Shaker_Likelihood_GL_Bisect vs Shaker_Likelihood_Trapz_Bisect: p = 2.5000e-01 ([NS])
    Shaker_Likelihood_GL_Bisect vs Shaker_Likelihood_Trapz_Newton: p = 2.5000e-01 ([NS])
    Shaker_Likelihood_GL_Newton vs Shaker_Likelihood_Trapz_Bisect: p = 2.5000e-01 ([NS])
    Shaker_Likelihood_GL_Newton vs Shaker_Likelihood_Trapz_Newton: p = 2.5000e-01 ([NS])
    Shaker_Likelihood_Trapz_Bisect vs Shaker_Likelihood_Trapz_Newton: p = 2.5000e-01 ([NS])

NAURC:
  Friedman Test: chi2 = 16.1429, p = 1.3007e-02
  Result: SIGNIFICANT (p < 0.05)
  Bonferroni-corrected alpha = 2.3810e-03
    Standard vs Chen         : p = 2.5000e-01 ([NS])
    Standard vs Shaker_GMM_Entropy: p = 7.5000e-01 ([NS])
    Standard vs Shaker_Likelihood_GL_Bisect: p = 2.5000e-01 ([NS])
    Standard vs Shaker_Likelihood_GL_Newton: p = 2.5000e-01 ([NS])
    Standard vs Shaker_Likelihood_Trapz_Bisect: p = 2.5000e-01 ([NS])
    Standard vs Shaker_Likelihood_Trapz_Newton: p = 2.5000e-01 ([NS])
    Chen vs Shaker_GMM_Entropy: p = 1.0000e+00 ([NS])
    Chen vs Shaker_Likelihood_GL_Bisect: p = 2.5000e-01 ([NS])
    Chen vs Shaker_Likelihood_GL_Newton: p = 2.5000e-01 ([NS])
    Chen vs Shaker_Likelihood_Trapz_Bisect: p = 2.5000e-01 ([NS])
    Chen vs Shaker_Likelihood_Trapz_Newton: p = 2.5000e-01 ([NS])
    Shaker_GMM_Entropy vs Shaker_Likelihood_GL_Bisect: p = 2.5000e-01 ([NS])
    Shaker_GMM_Entropy vs Shaker_Likelihood_GL_Newton: p = 2.5000e-01 ([NS])
    Shaker_GMM_Entropy vs Shaker_Likelihood_Trapz_Bisect: p = 2.5000e-01 ([NS])
    Shaker_GMM_Entropy vs Shaker_Likelihood_Trapz_Newton: p = 2.5000e-01 ([NS])
    Shaker_Likelihood_GL_Bisect vs Shaker_Likelihood_GL_Newton: p = 2.5000e-01 ([NS])
    Shaker_Likelihood_GL_Bisect vs Shaker_Likelihood_Trapz_Bisect: p = 5.0000e-01 ([NS])
    Shaker_Likelihood_GL_Bisect vs Shaker_Likelihood_Trapz_Newton: p = 5.0000e-01 ([NS])
    Shaker_Likelihood_GL_Newton vs Shaker_Likelihood_Trapz_Bisect: p = 2.5000e-01 ([NS])
    Shaker_Likelihood_GL_Newton vs Shaker_Likelihood_Trapz_Newton: p = 2.5000e-01 ([NS])
    Shaker_Likelihood_Trapz_Bisect vs Shaker_Likelihood_Trapz_Newton: p = 5.0000e-01 ([NS])


======================================================================
[SUCCESS] ALL TESTS COMPLETED SUCCESSFULLY
======================================================================
Total Runtime: 70.5 minutes (1.17 hours)
Evaluations: 180 tests (single-pass optimization)
Finished: 2026-07-10 02:29:07
======================================================================



================================================================================
COMPREHENSIVE STATISTICAL SUMMARY
================================================================================


--------------------------------------------------------------------------------
METRIC: AUROC
--------------------------------------------------------------------------------

                             DESCRIPTIVE STATISTICS                             
                               Standard               Chen Shaker_GMM_Entropy Shaker_Likelihood_GL_Bisect Shaker_Likelihood_GL_Newton Shaker_Likelihood_Trapz_Bisect Shaker_Likelihood_Trapz_Newton
--------------------------------------------------------------------------------
All Functions        0.3897+/-0.2216   0.3924+/-0.2178   0.3937+/-0.2182   0.3328+/-0.2554   0.3387+/-0.2530   0.3313+/-0.2558   0.3378+/-0.2536  
1D Functions         0.6553+/-0.1416   0.6545+/-0.1406   0.6708+/-0.1403   0.7447+/-0.1654   0.7345+/-0.1659   0.7425+/-0.1670   0.7345+/-0.1633  
2D Functions         0.3645+/-0.2205   0.3653+/-0.2175   0.3870+/-0.2139   0.2862+/-0.1762   0.2898+/-0.1853   0.2816+/-0.1801   0.2834+/-0.1884  
3D Functions         0.3867+/-0.1960   0.3880+/-0.1940   0.3896+/-0.1985   0.3142+/-0.1600   0.3216+/-0.1645   0.3140+/-0.1601   0.3215+/-0.1646  
4D Functions         0.4330+/-0.0917   0.4313+/-0.0907   0.4153+/-0.0839   0.3649+/-0.1352   0.3684+/-0.1343   0.3648+/-0.1352   0.3685+/-0.1341  
5D Functions         0.3169+/-0.2429   0.3176+/-0.2416   0.2947+/-0.2171   0.2204+/-0.1844   0.2303+/-0.1938   0.2202+/-0.1848   0.2302+/-0.1937  
6D Functions         0.2670+/-0.0867   0.2700+/-0.0855   0.2727+/-0.0757   0.1449+/-0.1194   0.1585+/-0.1211   0.1449+/-0.1197   0.1578+/-0.1201  
7D Functions         0.3378+/-0.1315   0.3415+/-0.1331   0.3386+/-0.1259   0.2544+/-0.1624   0.2608+/-0.1555   0.2543+/-0.1626   0.2614+/-0.1562  
8D Functions         0.3049+/-0.1167   0.3165+/-0.1120   0.3278+/-0.1358   0.3291+/-0.2473   0.3256+/-0.2287   0.3273+/-0.2480   0.3262+/-0.2305  
9D Functions         0.4508+/-0.3109   0.4552+/-0.3039   0.4391+/-0.3030   0.3306+/-0.2585   0.3573+/-0.2774   0.3287+/-0.2589   0.3576+/-0.2786  
10D Functions        0.2223+/-0.1602   0.2302+/-0.1467   0.2235+/-0.1388   0.1068+/-0.1692   0.1207+/-0.1765   0.1057+/-0.1693   0.1193+/-0.1777  

          STATISTICAL TESTS (Friedman + Bonferroni-corrected Wilcoxon)          

> All Functions
  Friedman: chi2 =  54.9048, p = 4.8454e-10 ***
  Bonferroni alpha = 2.3810e-03
  Pairwise Comparisons           p-value         Significant?   
  -----------------------------------------------------------------
  Standard vs Chen                   3.4920e-03            [NS]
  Standard vs Shaker_GMM_Entropy     6.8074e-01            [NS]
  Standard vs Shaker_Likelihood_GL_Bisect     2.4800e-03            [NS]
  Standard vs Shaker_Likelihood_GL_Newton     1.5379e-03           [SIG]
  Standard vs Shaker_Likelihood_Trapz_Bisect     1.4461e-03           [SIG]
  Standard vs Shaker_Likelihood_Trapz_Newton     9.9106e-04           [SIG]
  Chen vs Shaker_GMM_Entropy         8.8281e-01            [NS]
  Chen vs Shaker_Likelihood_GL_Bisect     2.0793e-03           [SIG]
  Chen vs Shaker_Likelihood_GL_Newton     1.6348e-03           [SIG]
  Chen vs Shaker_Likelihood_Trapz_Bisect     1.5379e-03           [SIG]
  Chen vs Shaker_Likelihood_Trapz_Newton     9.9106e-04           [SIG]
  Shaker_GMM_Entropy vs Shaker_Likelihood_GL_Bisect     8.7081e-04           [SIG]
  Shaker_GMM_Entropy vs Shaker_Likelihood_GL_Newton     5.8451e-04           [SIG]
  Shaker_GMM_Entropy vs Shaker_Likelihood_Trapz_Bisect     7.6381e-04           [SIG]
  Shaker_GMM_Entropy vs Shaker_Likelihood_Trapz_Newton     5.8451e-04           [SIG]
  Shaker_Likelihood_GL_Bisect vs Shaker_Likelihood_GL_Newton     3.3440e-02            [NS]
  Shaker_Likelihood_GL_Bisect vs Shaker_Likelihood_Trapz_Bisect     1.7531e-02            [NS]
  Shaker_Likelihood_GL_Bisect vs Shaker_Likelihood_Trapz_Newton     1.0109e-01            [NS]
  Shaker_Likelihood_GL_Newton vs Shaker_Likelihood_Trapz_Bisect     4.5976e-03            [NS]
  Shaker_Likelihood_GL_Newton vs Shaker_Likelihood_Trapz_Newton     4.0515e-01            [NS]
  Shaker_Likelihood_Trapz_Bisect vs Shaker_Likelihood_Trapz_Newton     2.3891e-02            [NS]

> 1D Functions
  Friedman: chi2 =  16.2857, p = 1.2300e-02 *
  Bonferroni alpha = 2.3810e-03
  Pairwise Comparisons           p-value         Significant?   
  -----------------------------------------------------------------
  Standard vs Chen                   8.1250e-01            [NS]
  Standard vs Shaker_GMM_Entropy     1.2500e-01            [NS]
  Standard vs Shaker_Likelihood_GL_Bisect     1.2500e-01            [NS]
  Standard vs Shaker_Likelihood_GL_Newton     1.8750e-01            [NS]
  Standard vs Shaker_Likelihood_Trapz_Bisect     1.2500e-01            [NS]
  Standard vs Shaker_Likelihood_Trapz_Newton     1.8750e-01            [NS]
  Chen vs Shaker_GMM_Entropy         1.2500e-01            [NS]
  Chen vs Shaker_Likelihood_GL_Bisect     6.2500e-02            [NS]
  Chen vs Shaker_Likelihood_GL_Newton     1.2500e-01            [NS]
  Chen vs Shaker_Likelihood_Trapz_Bisect     6.2500e-02            [NS]
  Chen vs Shaker_Likelihood_Trapz_Newton     1.2500e-01            [NS]
  Shaker_GMM_Entropy vs Shaker_Likelihood_GL_Bisect     1.2500e-01            [NS]
  Shaker_GMM_Entropy vs Shaker_Likelihood_GL_Newton     1.8750e-01            [NS]
  Shaker_GMM_Entropy vs Shaker_Likelihood_Trapz_Bisect     1.2500e-01            [NS]
  Shaker_GMM_Entropy vs Shaker_Likelihood_Trapz_Newton     1.8750e-01            [NS]
  Shaker_Likelihood_GL_Bisect vs Shaker_Likelihood_GL_Newton     6.2500e-02            [NS]
  Shaker_Likelihood_GL_Bisect vs Shaker_Likelihood_Trapz_Bisect     3.1250e-01            [NS]
  Shaker_Likelihood_GL_Bisect vs Shaker_Likelihood_Trapz_Newton     6.2500e-02            [NS]
  Shaker_Likelihood_GL_Newton vs Shaker_Likelihood_Trapz_Bisect     6.2500e-02            [NS]
  Shaker_Likelihood_GL_Newton vs Shaker_Likelihood_Trapz_Newton     8.1250e-01            [NS]
  Shaker_Likelihood_Trapz_Bisect vs Shaker_Likelihood_Trapz_Newton     6.2500e-02            [NS]

> 2D Functions
  Friedman: chi2 =  14.5714, p = 2.3865e-02 *
  Bonferroni alpha = 2.3810e-03
  Pairwise Comparisons           p-value         Significant?   
  -----------------------------------------------------------------
  Standard vs Chen                   6.2500e-01            [NS]
  Standard vs Shaker_GMM_Entropy     1.2500e-01            [NS]
  Standard vs Shaker_Likelihood_GL_Bisect     3.1250e-01            [NS]
  Standard vs Shaker_Likelihood_GL_Newton     1.8750e-01            [NS]
  Standard vs Shaker_Likelihood_Trapz_Bisect     1.8750e-01            [NS]
  Standard vs Shaker_Likelihood_Trapz_Newton     6.2500e-02            [NS]
  Chen vs Shaker_GMM_Entropy         6.2500e-02            [NS]
  Chen vs Shaker_Likelihood_GL_Bisect     3.1250e-01            [NS]
  Chen vs Shaker_Likelihood_GL_Newton     1.8750e-01            [NS]
  Chen vs Shaker_Likelihood_Trapz_Bisect     1.2500e-01            [NS]
  Chen vs Shaker_Likelihood_Trapz_Newton     6.2500e-02            [NS]
  Shaker_GMM_Entropy vs Shaker_Likelihood_GL_Bisect     1.2500e-01            [NS]
  Shaker_GMM_Entropy vs Shaker_Likelihood_GL_Newton     6.2500e-02            [NS]
  Shaker_GMM_Entropy vs Shaker_Likelihood_Trapz_Bisect     6.2500e-02            [NS]
  Shaker_GMM_Entropy vs Shaker_Likelihood_Trapz_Newton     6.2500e-02            [NS]
  Shaker_Likelihood_GL_Bisect vs Shaker_Likelihood_GL_Newton     8.1250e-01            [NS]
  Shaker_Likelihood_GL_Bisect vs Shaker_Likelihood_Trapz_Bisect     6.2500e-01            [NS]
  Shaker_Likelihood_GL_Bisect vs Shaker_Likelihood_Trapz_Newton     8.1250e-01            [NS]
  Shaker_Likelihood_GL_Newton vs Shaker_Likelihood_Trapz_Bisect     3.1250e-01            [NS]
  Shaker_Likelihood_GL_Newton vs Shaker_Likelihood_Trapz_Newton     3.1250e-01            [NS]
  Shaker_Likelihood_Trapz_Bisect vs Shaker_Likelihood_Trapz_Newton     1.0000e+00            [NS]

> 3D Functions
  Friedman: chi2 =  22.9714, p = 8.0610e-04 ***
  Bonferroni alpha = 2.3810e-03
  Pairwise Comparisons           p-value         Significant?   
  -----------------------------------------------------------------
  Standard vs Chen                   3.1250e-01            [NS]
  Standard vs Shaker_GMM_Entropy     4.3750e-01            [NS]
  Standard vs Shaker_Likelihood_GL_Bisect     6.2500e-02            [NS]
  Standard vs Shaker_Likelihood_GL_Newton     6.2500e-02            [NS]
  Standard vs Shaker_Likelihood_Trapz_Bisect     6.2500e-02            [NS]
  Standard vs Shaker_Likelihood_Trapz_Newton     6.2500e-02            [NS]
  Chen vs Shaker_GMM_Entropy         8.1250e-01            [NS]
  Chen vs Shaker_Likelihood_GL_Bisect     6.2500e-02            [NS]
  Chen vs Shaker_Likelihood_GL_Newton     6.2500e-02            [NS]
  Chen vs Shaker_Likelihood_Trapz_Bisect     6.2500e-02            [NS]
  Chen vs Shaker_Likelihood_Trapz_Newton     6.2500e-02            [NS]
  Shaker_GMM_Entropy vs Shaker_Likelihood_GL_Bisect     6.2500e-02            [NS]
  Shaker_GMM_Entropy vs Shaker_Likelihood_GL_Newton     6.2500e-02            [NS]
  Shaker_GMM_Entropy vs Shaker_Likelihood_Trapz_Bisect     6.2500e-02            [NS]
  Shaker_GMM_Entropy vs Shaker_Likelihood_Trapz_Newton     6.2500e-02            [NS]
  Shaker_Likelihood_GL_Bisect vs Shaker_Likelihood_GL_Newton     3.1250e-01            [NS]
  Shaker_Likelihood_GL_Bisect vs Shaker_Likelihood_Trapz_Bisect     1.8750e-01            [NS]
  Shaker_Likelihood_GL_Bisect vs Shaker_Likelihood_Trapz_Newton     3.1250e-01            [NS]
  Shaker_Likelihood_GL_Newton vs Shaker_Likelihood_Trapz_Bisect     3.1250e-01            [NS]
  Shaker_Likelihood_GL_Newton vs Shaker_Likelihood_Trapz_Newton     6.2500e-01            [NS]
  Shaker_Likelihood_Trapz_Bisect vs Shaker_Likelihood_Trapz_Newton     3.1250e-01            [NS]

> 4D Functions
  Friedman: chi2 =   5.1429, p = 5.2563e-01 ns
  -> No significant difference across methods (Friedman p >= 0.05)

> 5D Functions
  Friedman: chi2 =   2.0000, p = 9.1970e-01 ns
  -> No significant difference across methods (Friedman p >= 0.05)

> 6D Functions
  Friedman: chi2 =  16.8571, p = 9.8229e-03 **
  Bonferroni alpha = 2.3810e-03
  Pairwise Comparisons           p-value         Significant?   
  -----------------------------------------------------------------
  Standard vs Chen                   2.5000e-01            [NS]
  Standard vs Shaker_GMM_Entropy     1.0000e+00            [NS]
  Standard vs Shaker_Likelihood_GL_Bisect     2.5000e-01            [NS]
  Standard vs Shaker_Likelihood_GL_Newton     2.5000e-01            [NS]
  Standard vs Shaker_Likelihood_Trapz_Bisect     2.5000e-01            [NS]
  Standard vs Shaker_Likelihood_Trapz_Newton     2.5000e-01            [NS]
  Chen vs Shaker_GMM_Entropy         1.0000e+00            [NS]
  Chen vs Shaker_Likelihood_GL_Bisect     2.5000e-01            [NS]
  Chen vs Shaker_Likelihood_GL_Newton     2.5000e-01            [NS]
  Chen vs Shaker_Likelihood_Trapz_Bisect     2.5000e-01            [NS]
  Chen vs Shaker_Likelihood_Trapz_Newton     2.5000e-01            [NS]
  Shaker_GMM_Entropy vs Shaker_Likelihood_GL_Bisect     2.5000e-01            [NS]
  Shaker_GMM_Entropy vs Shaker_Likelihood_GL_Newton     2.5000e-01            [NS]
  Shaker_GMM_Entropy vs Shaker_Likelihood_Trapz_Bisect     2.5000e-01            [NS]
  Shaker_GMM_Entropy vs Shaker_Likelihood_Trapz_Newton     2.5000e-01            [NS]
  Shaker_Likelihood_GL_Bisect vs Shaker_Likelihood_GL_Newton     2.5000e-01            [NS]
  Shaker_Likelihood_GL_Bisect vs Shaker_Likelihood_Trapz_Bisect     1.0000e+00            [NS]
  Shaker_Likelihood_GL_Bisect vs Shaker_Likelihood_Trapz_Newton     2.5000e-01            [NS]
  Shaker_Likelihood_GL_Newton vs Shaker_Likelihood_Trapz_Bisect     2.5000e-01            [NS]
  Shaker_Likelihood_GL_Newton vs Shaker_Likelihood_Trapz_Newton     2.5000e-01            [NS]
  Shaker_Likelihood_Trapz_Bisect vs Shaker_Likelihood_Trapz_Newton     2.5000e-01            [NS]

> 7D Functions
  Friedman: chi2 =  15.1429, p = 1.9174e-02 *
  Bonferroni alpha = 2.3810e-03
  Pairwise Comparisons           p-value         Significant?   
  -----------------------------------------------------------------
  Standard vs Chen                   2.5000e-01            [NS]
  Standard vs Shaker_GMM_Entropy     1.0000e+00            [NS]
  Standard vs Shaker_Likelihood_GL_Bisect     2.5000e-01            [NS]
  Standard vs Shaker_Likelihood_GL_Newton     2.5000e-01            [NS]
  Standard vs Shaker_Likelihood_Trapz_Bisect     2.5000e-01            [NS]
  Standard vs Shaker_Likelihood_Trapz_Newton     2.5000e-01            [NS]
  Chen vs Shaker_GMM_Entropy         7.5000e-01            [NS]
  Chen vs Shaker_Likelihood_GL_Bisect     2.5000e-01            [NS]
  Chen vs Shaker_Likelihood_GL_Newton     2.5000e-01            [NS]
  Chen vs Shaker_Likelihood_Trapz_Bisect     2.5000e-01            [NS]
  Chen vs Shaker_Likelihood_Trapz_Newton     2.5000e-01            [NS]
  Shaker_GMM_Entropy vs Shaker_Likelihood_GL_Bisect     2.5000e-01            [NS]
  Shaker_GMM_Entropy vs Shaker_Likelihood_GL_Newton     2.5000e-01            [NS]
  Shaker_GMM_Entropy vs Shaker_Likelihood_Trapz_Bisect     2.5000e-01            [NS]
  Shaker_GMM_Entropy vs Shaker_Likelihood_Trapz_Newton     2.5000e-01            [NS]
  Shaker_Likelihood_GL_Bisect vs Shaker_Likelihood_GL_Newton     5.0000e-01            [NS]
  Shaker_Likelihood_GL_Bisect vs Shaker_Likelihood_Trapz_Bisect     7.5000e-01            [NS]
  Shaker_Likelihood_GL_Bisect vs Shaker_Likelihood_Trapz_Newton     2.5000e-01            [NS]
  Shaker_Likelihood_GL_Newton vs Shaker_Likelihood_Trapz_Bisect     5.0000e-01            [NS]
  Shaker_Likelihood_GL_Newton vs Shaker_Likelihood_Trapz_Newton     1.0000e+00            [NS]
  Shaker_Likelihood_Trapz_Bisect vs Shaker_Likelihood_Trapz_Newton     2.5000e-01            [NS]

> 8D Functions
  Friedman: chi2 =   2.2857, p = 8.9164e-01 ns
  -> No significant difference across methods (Friedman p >= 0.05)

> 9D Functions
  Friedman: chi2 =  17.1429, p = 8.7723e-03 **
  Bonferroni alpha = 2.3810e-03
  Pairwise Comparisons           p-value         Significant?   
  -----------------------------------------------------------------
  Standard vs Chen                   5.0000e-01            [NS]
  Standard vs Shaker_GMM_Entropy     2.5000e-01            [NS]
  Standard vs Shaker_Likelihood_GL_Bisect     2.5000e-01            [NS]
  Standard vs Shaker_Likelihood_GL_Newton     2.5000e-01            [NS]
  Standard vs Shaker_Likelihood_Trapz_Bisect     2.5000e-01            [NS]
  Standard vs Shaker_Likelihood_Trapz_Newton     2.5000e-01            [NS]
  Chen vs Shaker_GMM_Entropy         2.5000e-01            [NS]
  Chen vs Shaker_Likelihood_GL_Bisect     2.5000e-01            [NS]
  Chen vs Shaker_Likelihood_GL_Newton     2.5000e-01            [NS]
  Chen vs Shaker_Likelihood_Trapz_Bisect     2.5000e-01            [NS]
  Chen vs Shaker_Likelihood_Trapz_Newton     2.5000e-01            [NS]
  Shaker_GMM_Entropy vs Shaker_Likelihood_GL_Bisect     2.5000e-01            [NS]
  Shaker_GMM_Entropy vs Shaker_Likelihood_GL_Newton     2.5000e-01            [NS]
  Shaker_GMM_Entropy vs Shaker_Likelihood_Trapz_Bisect     2.5000e-01            [NS]
  Shaker_GMM_Entropy vs Shaker_Likelihood_Trapz_Newton     2.5000e-01            [NS]
  Shaker_Likelihood_GL_Bisect vs Shaker_Likelihood_GL_Newton     2.5000e-01            [NS]
  Shaker_Likelihood_GL_Bisect vs Shaker_Likelihood_Trapz_Bisect     7.5000e-01            [NS]
  Shaker_Likelihood_GL_Bisect vs Shaker_Likelihood_Trapz_Newton     2.5000e-01            [NS]
  Shaker_Likelihood_GL_Newton vs Shaker_Likelihood_Trapz_Bisect     2.5000e-01            [NS]
  Shaker_Likelihood_GL_Newton vs Shaker_Likelihood_Trapz_Newton     7.5000e-01            [NS]
  Shaker_Likelihood_Trapz_Bisect vs Shaker_Likelihood_Trapz_Newton     2.5000e-01            [NS]

> 10D Functions
  Friedman: chi2 =  17.1429, p = 8.7723e-03 **
  Bonferroni alpha = 2.3810e-03
  Pairwise Comparisons           p-value         Significant?   
  -----------------------------------------------------------------
  Standard vs Chen                   2.5000e-01            [NS]
  Standard vs Shaker_GMM_Entropy     1.0000e+00            [NS]
  Standard vs Shaker_Likelihood_GL_Bisect     2.5000e-01            [NS]
  Standard vs Shaker_Likelihood_GL_Newton     2.5000e-01            [NS]
  Standard vs Shaker_Likelihood_Trapz_Bisect     2.5000e-01            [NS]
  Standard vs Shaker_Likelihood_Trapz_Newton     2.5000e-01            [NS]
  Chen vs Shaker_GMM_Entropy         7.5000e-01            [NS]
  Chen vs Shaker_Likelihood_GL_Bisect     2.5000e-01            [NS]
  Chen vs Shaker_Likelihood_GL_Newton     2.5000e-01            [NS]
  Chen vs Shaker_Likelihood_Trapz_Bisect     2.5000e-01            [NS]
  Chen vs Shaker_Likelihood_Trapz_Newton     2.5000e-01            [NS]
  Shaker_GMM_Entropy vs Shaker_Likelihood_GL_Bisect     2.5000e-01            [NS]
  Shaker_GMM_Entropy vs Shaker_Likelihood_GL_Newton     2.5000e-01            [NS]
  Shaker_GMM_Entropy vs Shaker_Likelihood_Trapz_Bisect     2.5000e-01            [NS]
  Shaker_GMM_Entropy vs Shaker_Likelihood_Trapz_Newton     2.5000e-01            [NS]
  Shaker_Likelihood_GL_Bisect vs Shaker_Likelihood_GL_Newton     2.5000e-01            [NS]
  Shaker_Likelihood_GL_Bisect vs Shaker_Likelihood_Trapz_Bisect     2.5000e-01            [NS]
  Shaker_Likelihood_GL_Bisect vs Shaker_Likelihood_Trapz_Newton     2.5000e-01            [NS]
  Shaker_Likelihood_GL_Newton vs Shaker_Likelihood_Trapz_Bisect     2.5000e-01            [NS]
  Shaker_Likelihood_GL_Newton vs Shaker_Likelihood_Trapz_Newton     2.5000e-01            [NS]
  Shaker_Likelihood_Trapz_Bisect vs Shaker_Likelihood_Trapz_Newton     2.5000e-01            [NS]


--------------------------------------------------------------------------------
METRIC: FPR95
--------------------------------------------------------------------------------

                             DESCRIPTIVE STATISTICS                             
                               Standard               Chen Shaker_GMM_Entropy Shaker_Likelihood_GL_Bisect Shaker_Likelihood_GL_Newton Shaker_Likelihood_Trapz_Bisect Shaker_Likelihood_Trapz_Newton
--------------------------------------------------------------------------------
All Functions        0.8852+/-0.1554   0.8860+/-0.1547   0.8807+/-0.1618   0.8720+/-0.2056   0.8733+/-0.2030   0.8733+/-0.2041   0.8719+/-0.2032  
1D Functions         0.6856+/-0.2076   0.6839+/-0.2113   0.6477+/-0.2084   0.4909+/-0.2362   0.5064+/-0.2389   0.4954+/-0.2341   0.4976+/-0.2246  
2D Functions         0.8441+/-0.1873   0.8490+/-0.1795   0.8426+/-0.1876   0.9104+/-0.1380   0.9075+/-0.1470   0.9147+/-0.1369   0.9089+/-0.1483  
3D Functions         0.8511+/-0.1197   0.8518+/-0.1190   0.8518+/-0.1246   0.8718+/-0.1396   0.8689+/-0.1392   0.8716+/-0.1389   0.8687+/-0.1395  
4D Functions         0.8509+/-0.1256   0.8546+/-0.1262   0.8621+/-0.1126   0.8337+/-0.1835   0.8313+/-0.1850   0.8335+/-0.1838   0.8305+/-0.1854  
5D Functions         0.9452+/-0.0458   0.9474+/-0.0429   0.9529+/-0.0367   0.9644+/-0.0316   0.9639+/-0.0325   0.9646+/-0.0318   0.9636+/-0.0322  
6D Functions         0.9742+/-0.0232   0.9745+/-0.0220   0.9711+/-0.0209   0.9857+/-0.0212   0.9858+/-0.0195   0.9857+/-0.0211   0.9852+/-0.0209  
7D Functions         0.9572+/-0.0224   0.9555+/-0.0257   0.9493+/-0.0266   0.9513+/-0.0425   0.9539+/-0.0378   0.9520+/-0.0416   0.9528+/-0.0399  
8D Functions         0.9812+/-0.0146   0.9815+/-0.0131   0.9776+/-0.0113   0.9698+/-0.0365   0.9725+/-0.0279   0.9705+/-0.0349   0.9720+/-0.0290  
9D Functions         0.9650+/-0.0419   0.9618+/-0.0463   0.9732+/-0.0298   0.9888+/-0.0167   0.9868+/-0.0195   0.9888+/-0.0161   0.9874+/-0.0184  
10D Functions        0.9804+/-0.0297   0.9825+/-0.0196   0.9791+/-0.0242   0.9820+/-0.0504   0.9807+/-0.0538   0.9818+/-0.0508   0.9796+/-0.0569  

          STATISTICAL TESTS (Friedman + Bonferroni-corrected Wilcoxon)          

> All Functions
  Friedman: chi2 =   7.9016, p = 2.4540e-01 ns
  -> No significant difference across methods (Friedman p >= 0.05)

> 1D Functions
  Friedman: chi2 =  10.8857, p = 9.1973e-02 ns
  -> No significant difference across methods (Friedman p >= 0.05)

> 2D Functions
  Friedman: chi2 =   7.3763, p = 2.8744e-01 ns
  -> No significant difference across methods (Friedman p >= 0.05)

> 3D Functions
  Friedman: chi2 =   1.5429, p = 9.5660e-01 ns
  -> No significant difference across methods (Friedman p >= 0.05)

> 4D Functions
  Friedman: chi2 =   5.0000, p = 5.4381e-01 ns
  -> No significant difference across methods (Friedman p >= 0.05)

> 5D Functions
  Friedman: chi2 =   3.2695, p = 7.7435e-01 ns
  -> No significant difference across methods (Friedman p >= 0.05)

> 6D Functions
  Friedman: chi2 =   4.8503, p = 5.6315e-01 ns
  -> No significant difference across methods (Friedman p >= 0.05)

> 7D Functions
  Friedman: chi2 =   2.4286, p = 8.7637e-01 ns
  -> No significant difference across methods (Friedman p >= 0.05)

> 8D Functions
  Friedman: chi2 =   2.0000, p = 9.1970e-01 ns
  -> No significant difference across methods (Friedman p >= 0.05)

> 9D Functions
  Friedman: chi2 =  12.4286, p = 5.3063e-02 ns
  -> No significant difference across methods (Friedman p >= 0.05)

> 10D Functions
  Friedman: chi2 =   4.7143, p = 5.8094e-01 ns
  -> No significant difference across methods (Friedman p >= 0.05)


--------------------------------------------------------------------------------
METRIC: AUPR
--------------------------------------------------------------------------------

                             DESCRIPTIVE STATISTICS                             
                               Standard               Chen Shaker_GMM_Entropy Shaker_Likelihood_GL_Bisect Shaker_Likelihood_GL_Newton Shaker_Likelihood_Trapz_Bisect Shaker_Likelihood_Trapz_Newton
--------------------------------------------------------------------------------
All Functions        0.2912+/-0.1497   0.2904+/-0.1469   0.2864+/-0.1448   0.2788+/-0.1680   0.2788+/-0.1625   0.2783+/-0.1673   0.2787+/-0.1622  
1D Functions         0.4815+/-0.1476   0.4811+/-0.1468   0.4718+/-0.1519   0.5849+/-0.2144   0.5614+/-0.1989   0.5823+/-0.2136   0.5604+/-0.1969  
2D Functions         0.2528+/-0.0892   0.2518+/-0.0861   0.2577+/-0.0859   0.2195+/-0.0575   0.2217+/-0.0605   0.2192+/-0.0579   0.2210+/-0.0616  
3D Functions         0.2590+/-0.0739   0.2584+/-0.0706   0.2627+/-0.0840   0.2226+/-0.0332   0.2252+/-0.0351   0.2225+/-0.0332   0.2252+/-0.0351  
4D Functions         0.2625+/-0.0432   0.2606+/-0.0411   0.2490+/-0.0320   0.2329+/-0.0375   0.2338+/-0.0376   0.2328+/-0.0375   0.2338+/-0.0375  
5D Functions         0.2696+/-0.1182   0.2674+/-0.1131   0.2409+/-0.0783   0.2106+/-0.0494   0.2160+/-0.0568   0.2106+/-0.0495   0.2160+/-0.0567  
6D Functions         0.2071+/-0.0276   0.2080+/-0.0277   0.2069+/-0.0246   0.1860+/-0.0209   0.1883+/-0.0234   0.1861+/-0.0211   0.1880+/-0.0227  
7D Functions         0.2476+/-0.0877   0.2479+/-0.0857   0.2438+/-0.0811   0.2248+/-0.0737   0.2239+/-0.0694   0.2245+/-0.0728   0.2242+/-0.0700  
8D Functions         0.2250+/-0.0439   0.2282+/-0.0449   0.2348+/-0.0549   0.2830+/-0.1403   0.2711+/-0.1213   0.2828+/-0.1409   0.2716+/-0.1216  
9D Functions         0.4152+/-0.2773   0.4117+/-0.2716   0.4026+/-0.2742   0.3093+/-0.1683   0.3407+/-0.2071   0.3091+/-0.1690   0.3411+/-0.2074  
10D Functions        0.2116+/-0.0783   0.2091+/-0.0622   0.2045+/-0.0506   0.1874+/-0.0471   0.1916+/-0.0577   0.1872+/-0.0466   0.1918+/-0.0596  

          STATISTICAL TESTS (Friedman + Bonferroni-corrected Wilcoxon)          

> All Functions
  Friedman: chi2 =  40.3571, p = 3.8751e-07 ***
  Bonferroni alpha = 2.3810e-03
  Pairwise Comparisons           p-value         Significant?   
  -----------------------------------------------------------------
  Standard vs Chen                   4.0515e-01            [NS]
  Standard vs Shaker_GMM_Entropy     8.8404e-02            [NS]
  Standard vs Shaker_Likelihood_GL_Bisect     1.0978e-02            [NS]
  Standard vs Shaker_Likelihood_GL_Newton     5.6926e-03            [NS]
  Standard vs Shaker_Likelihood_Trapz_Bisect     9.9590e-03            [NS]
  Standard vs Shaker_Likelihood_Trapz_Newton     4.5976e-03            [NS]
  Chen vs Shaker_GMM_Entropy         1.4329e-01            [NS]
  Chen vs Shaker_Likelihood_GL_Bisect     1.0978e-02            [NS]
  Chen vs Shaker_Likelihood_GL_Newton     5.3993e-03            [NS]
  Chen vs Shaker_Likelihood_Trapz_Bisect     9.9590e-03            [NS]
  Chen vs Shaker_Likelihood_Trapz_Newton     3.6922e-03            [NS]
  Shaker_GMM_Entropy vs Shaker_Likelihood_GL_Bisect     2.3891e-02            [NS]
  Shaker_GMM_Entropy vs Shaker_Likelihood_GL_Newton     1.3927e-02            [NS]
  Shaker_GMM_Entropy vs Shaker_Likelihood_Trapz_Bisect     2.0054e-02            [NS]
  Shaker_GMM_Entropy vs Shaker_Likelihood_Trapz_Newton     1.5284e-02            [NS]
  Shaker_Likelihood_GL_Bisect vs Shaker_Likelihood_GL_Newton     3.8771e-01            [NS]
  Shaker_Likelihood_GL_Bisect vs Shaker_Likelihood_Trapz_Bisect     7.0094e-03            [NS]
  Shaker_Likelihood_GL_Bisect vs Shaker_Likelihood_Trapz_Newton     4.9891e-01            [NS]
  Shaker_Likelihood_GL_Newton vs Shaker_Likelihood_Trapz_Bisect     2.3873e-01            [NS]
  Shaker_Likelihood_GL_Newton vs Shaker_Likelihood_Trapz_Newton     8.9507e-01            [NS]
  Shaker_Likelihood_Trapz_Bisect vs Shaker_Likelihood_Trapz_Newton     4.0515e-01            [NS]

> 1D Functions
  Friedman: chi2 =  19.0286, p = 4.1157e-03 **
  Bonferroni alpha = 2.3810e-03
  Pairwise Comparisons           p-value         Significant?   
  -----------------------------------------------------------------
  Standard vs Chen                   8.1250e-01            [NS]
  Standard vs Shaker_GMM_Entropy     1.2500e-01            [NS]
  Standard vs Shaker_Likelihood_GL_Bisect     1.2500e-01            [NS]
  Standard vs Shaker_Likelihood_GL_Newton     1.8750e-01            [NS]
  Standard vs Shaker_Likelihood_Trapz_Bisect     1.2500e-01            [NS]
  Standard vs Shaker_Likelihood_Trapz_Newton     1.8750e-01            [NS]
  Chen vs Shaker_GMM_Entropy         1.8750e-01            [NS]
  Chen vs Shaker_Likelihood_GL_Bisect     1.2500e-01            [NS]
  Chen vs Shaker_Likelihood_GL_Newton     1.8750e-01            [NS]
  Chen vs Shaker_Likelihood_Trapz_Bisect     1.2500e-01            [NS]
  Chen vs Shaker_Likelihood_Trapz_Newton     1.8750e-01            [NS]
  Shaker_GMM_Entropy vs Shaker_Likelihood_GL_Bisect     6.2500e-02            [NS]
  Shaker_GMM_Entropy vs Shaker_Likelihood_GL_Newton     6.2500e-02            [NS]
  Shaker_GMM_Entropy vs Shaker_Likelihood_Trapz_Bisect     6.2500e-02            [NS]
  Shaker_GMM_Entropy vs Shaker_Likelihood_Trapz_Newton     6.2500e-02            [NS]
  Shaker_Likelihood_GL_Bisect vs Shaker_Likelihood_GL_Newton     6.2500e-02            [NS]
  Shaker_Likelihood_GL_Bisect vs Shaker_Likelihood_Trapz_Bisect     6.2500e-02            [NS]
  Shaker_Likelihood_GL_Bisect vs Shaker_Likelihood_Trapz_Newton     6.2500e-02            [NS]
  Shaker_Likelihood_GL_Newton vs Shaker_Likelihood_Trapz_Bisect     6.2500e-02            [NS]
  Shaker_Likelihood_GL_Newton vs Shaker_Likelihood_Trapz_Newton     1.0000e+00            [NS]
  Shaker_Likelihood_Trapz_Bisect vs Shaker_Likelihood_Trapz_Newton     6.2500e-02            [NS]

> 2D Functions
  Friedman: chi2 =   6.9429, p = 3.2616e-01 ns
  -> No significant difference across methods (Friedman p >= 0.05)

> 3D Functions
  Friedman: chi2 =   8.4000, p = 2.1024e-01 ns
  -> No significant difference across methods (Friedman p >= 0.05)

> 4D Functions
  Friedman: chi2 =   5.7143, p = 4.5594e-01 ns
  -> No significant difference across methods (Friedman p >= 0.05)

> 5D Functions
  Friedman: chi2 =   2.0000, p = 9.1970e-01 ns
  -> No significant difference across methods (Friedman p >= 0.05)

> 6D Functions
  Friedman: chi2 =  16.8571, p = 9.8229e-03 **
  Bonferroni alpha = 2.3810e-03
  Pairwise Comparisons           p-value         Significant?   
  -----------------------------------------------------------------
  Standard vs Chen                   2.5000e-01            [NS]
  Standard vs Shaker_GMM_Entropy     1.0000e+00            [NS]
  Standard vs Shaker_Likelihood_GL_Bisect     2.5000e-01            [NS]
  Standard vs Shaker_Likelihood_GL_Newton     2.5000e-01            [NS]
  Standard vs Shaker_Likelihood_Trapz_Bisect     2.5000e-01            [NS]
  Standard vs Shaker_Likelihood_Trapz_Newton     2.5000e-01            [NS]
  Chen vs Shaker_GMM_Entropy         7.5000e-01            [NS]
  Chen vs Shaker_Likelihood_GL_Bisect     2.5000e-01            [NS]
  Chen vs Shaker_Likelihood_GL_Newton     2.5000e-01            [NS]
  Chen vs Shaker_Likelihood_Trapz_Bisect     2.5000e-01            [NS]
  Chen vs Shaker_Likelihood_Trapz_Newton     2.5000e-01            [NS]
  Shaker_GMM_Entropy vs Shaker_Likelihood_GL_Bisect     2.5000e-01            [NS]
  Shaker_GMM_Entropy vs Shaker_Likelihood_GL_Newton     2.5000e-01            [NS]
  Shaker_GMM_Entropy vs Shaker_Likelihood_Trapz_Bisect     2.5000e-01            [NS]
  Shaker_GMM_Entropy vs Shaker_Likelihood_Trapz_Newton     2.5000e-01            [NS]
  Shaker_Likelihood_GL_Bisect vs Shaker_Likelihood_GL_Newton     2.5000e-01            [NS]
  Shaker_Likelihood_GL_Bisect vs Shaker_Likelihood_Trapz_Bisect     1.0000e+00            [NS]
  Shaker_Likelihood_GL_Bisect vs Shaker_Likelihood_Trapz_Newton     2.5000e-01            [NS]
  Shaker_Likelihood_GL_Newton vs Shaker_Likelihood_Trapz_Bisect     2.5000e-01            [NS]
  Shaker_Likelihood_GL_Newton vs Shaker_Likelihood_Trapz_Newton     2.5000e-01            [NS]
  Shaker_Likelihood_Trapz_Bisect vs Shaker_Likelihood_Trapz_Newton     2.5000e-01            [NS]

> 7D Functions
  Friedman: chi2 =  14.2857, p = 2.6602e-02 *
  Bonferroni alpha = 2.3810e-03
  Pairwise Comparisons           p-value         Significant?   
  -----------------------------------------------------------------
  Standard vs Chen                   2.5000e-01            [NS]
  Standard vs Shaker_GMM_Entropy     7.5000e-01            [NS]
  Standard vs Shaker_Likelihood_GL_Bisect     2.5000e-01            [NS]
  Standard vs Shaker_Likelihood_GL_Newton     2.5000e-01            [NS]
  Standard vs Shaker_Likelihood_Trapz_Bisect     2.5000e-01            [NS]
  Standard vs Shaker_Likelihood_Trapz_Newton     2.5000e-01            [NS]
  Chen vs Shaker_GMM_Entropy         7.5000e-01            [NS]
  Chen vs Shaker_Likelihood_GL_Bisect     2.5000e-01            [NS]
  Chen vs Shaker_Likelihood_GL_Newton     2.5000e-01            [NS]
  Chen vs Shaker_Likelihood_Trapz_Bisect     2.5000e-01            [NS]
  Chen vs Shaker_Likelihood_Trapz_Newton     2.5000e-01            [NS]
  Shaker_GMM_Entropy vs Shaker_Likelihood_GL_Bisect     2.5000e-01            [NS]
  Shaker_GMM_Entropy vs Shaker_Likelihood_GL_Newton     2.5000e-01            [NS]
  Shaker_GMM_Entropy vs Shaker_Likelihood_Trapz_Bisect     2.5000e-01            [NS]
  Shaker_GMM_Entropy vs Shaker_Likelihood_Trapz_Newton     2.5000e-01            [NS]
  Shaker_Likelihood_GL_Bisect vs Shaker_Likelihood_GL_Newton     1.0000e+00            [NS]
  Shaker_Likelihood_GL_Bisect vs Shaker_Likelihood_Trapz_Bisect     5.0000e-01            [NS]
  Shaker_Likelihood_GL_Bisect vs Shaker_Likelihood_Trapz_Newton     1.0000e+00            [NS]
  Shaker_Likelihood_GL_Newton vs Shaker_Likelihood_Trapz_Bisect     1.0000e+00            [NS]
  Shaker_Likelihood_GL_Newton vs Shaker_Likelihood_Trapz_Newton     7.5000e-01            [NS]
  Shaker_Likelihood_Trapz_Bisect vs Shaker_Likelihood_Trapz_Newton     1.0000e+00            [NS]

> 8D Functions
  Friedman: chi2 =   2.2857, p = 8.9164e-01 ns
  -> No significant difference across methods (Friedman p >= 0.05)

> 9D Functions
  Friedman: chi2 =  17.1429, p = 8.7723e-03 **
  Bonferroni alpha = 2.3810e-03
  Pairwise Comparisons           p-value         Significant?   
  -----------------------------------------------------------------
  Standard vs Chen                   1.0000e+00            [NS]
  Standard vs Shaker_GMM_Entropy     2.5000e-01            [NS]
  Standard vs Shaker_Likelihood_GL_Bisect     2.5000e-01            [NS]
  Standard vs Shaker_Likelihood_GL_Newton     2.5000e-01            [NS]
  Standard vs Shaker_Likelihood_Trapz_Bisect     2.5000e-01            [NS]
  Standard vs Shaker_Likelihood_Trapz_Newton     2.5000e-01            [NS]
  Chen vs Shaker_GMM_Entropy         2.5000e-01            [NS]
  Chen vs Shaker_Likelihood_GL_Bisect     2.5000e-01            [NS]
  Chen vs Shaker_Likelihood_GL_Newton     2.5000e-01            [NS]
  Chen vs Shaker_Likelihood_Trapz_Bisect     2.5000e-01            [NS]
  Chen vs Shaker_Likelihood_Trapz_Newton     2.5000e-01            [NS]
  Shaker_GMM_Entropy vs Shaker_Likelihood_GL_Bisect     2.5000e-01            [NS]
  Shaker_GMM_Entropy vs Shaker_Likelihood_GL_Newton     2.5000e-01            [NS]
  Shaker_GMM_Entropy vs Shaker_Likelihood_Trapz_Bisect     2.5000e-01            [NS]
  Shaker_GMM_Entropy vs Shaker_Likelihood_Trapz_Newton     2.5000e-01            [NS]
  Shaker_Likelihood_GL_Bisect vs Shaker_Likelihood_GL_Newton     2.5000e-01            [NS]
  Shaker_Likelihood_GL_Bisect vs Shaker_Likelihood_Trapz_Bisect     7.5000e-01            [NS]
  Shaker_Likelihood_GL_Bisect vs Shaker_Likelihood_Trapz_Newton     2.5000e-01            [NS]
  Shaker_Likelihood_GL_Newton vs Shaker_Likelihood_Trapz_Bisect     2.5000e-01            [NS]
  Shaker_Likelihood_GL_Newton vs Shaker_Likelihood_Trapz_Newton     5.0000e-01            [NS]
  Shaker_Likelihood_Trapz_Bisect vs Shaker_Likelihood_Trapz_Newton     2.5000e-01            [NS]

> 10D Functions
  Friedman: chi2 =  16.5714, p = 1.0994e-02 *
  Bonferroni alpha = 2.3810e-03
  Pairwise Comparisons           p-value         Significant?   
  -----------------------------------------------------------------
  Standard vs Chen                   1.0000e+00            [NS]
  Standard vs Shaker_GMM_Entropy     7.5000e-01            [NS]
  Standard vs Shaker_Likelihood_GL_Bisect     2.5000e-01            [NS]
  Standard vs Shaker_Likelihood_GL_Newton     2.5000e-01            [NS]
  Standard vs Shaker_Likelihood_Trapz_Bisect     2.5000e-01            [NS]
  Standard vs Shaker_Likelihood_Trapz_Newton     2.5000e-01            [NS]
  Chen vs Shaker_GMM_Entropy         7.5000e-01            [NS]
  Chen vs Shaker_Likelihood_GL_Bisect     2.5000e-01            [NS]
  Chen vs Shaker_Likelihood_GL_Newton     2.5000e-01            [NS]
  Chen vs Shaker_Likelihood_Trapz_Bisect     2.5000e-01            [NS]
  Chen vs Shaker_Likelihood_Trapz_Newton     2.5000e-01            [NS]
  Shaker_GMM_Entropy vs Shaker_Likelihood_GL_Bisect     2.5000e-01            [NS]
  Shaker_GMM_Entropy vs Shaker_Likelihood_GL_Newton     2.5000e-01            [NS]
  Shaker_GMM_Entropy vs Shaker_Likelihood_Trapz_Bisect     2.5000e-01            [NS]
  Shaker_GMM_Entropy vs Shaker_Likelihood_Trapz_Newton     2.5000e-01            [NS]
  Shaker_Likelihood_GL_Bisect vs Shaker_Likelihood_GL_Newton     2.5000e-01            [NS]
  Shaker_Likelihood_GL_Bisect vs Shaker_Likelihood_Trapz_Bisect     2.5000e-01            [NS]
  Shaker_Likelihood_GL_Bisect vs Shaker_Likelihood_Trapz_Newton     2.5000e-01            [NS]
  Shaker_Likelihood_GL_Newton vs Shaker_Likelihood_Trapz_Bisect     2.5000e-01            [NS]
  Shaker_Likelihood_GL_Newton vs Shaker_Likelihood_Trapz_Newton     1.0000e+00            [NS]
  Shaker_Likelihood_Trapz_Bisect vs Shaker_Likelihood_Trapz_Newton     2.5000e-01            [NS]


--------------------------------------------------------------------------------
METRIC: SPEARMAN
--------------------------------------------------------------------------------

                             DESCRIPTIVE STATISTICS                             
                               Standard               Chen Shaker_GMM_Entropy Shaker_Likelihood_GL_Bisect Shaker_Likelihood_GL_Newton Shaker_Likelihood_Trapz_Bisect Shaker_Likelihood_Trapz_Newton
--------------------------------------------------------------------------------
All Functions        0.1126+/-0.2042   0.1115+/-0.2040   0.1084+/-0.1985   0.1122+/-0.1982   0.1104+/-0.1974   0.1158+/-0.2043   0.1147+/-0.2045  
1D Functions         0.1129+/-0.1115   0.1112+/-0.1128   0.1098+/-0.1133   0.1174+/-0.1205   0.1070+/-0.1207   0.1160+/-0.1205   0.1099+/-0.1201  
2D Functions         0.1696+/-0.3272   0.1676+/-0.3276   0.1694+/-0.3271   0.1438+/-0.2986   0.1450+/-0.2947   0.1704+/-0.3210   0.1668+/-0.3238  
3D Functions         0.1786+/-0.2423   0.1775+/-0.2427   0.1637+/-0.2248   0.1844+/-0.2450   0.1825+/-0.2470   0.1842+/-0.2469   0.1841+/-0.2467  
4D Functions         0.1491+/-0.2549   0.1498+/-0.2533   0.1463+/-0.2382   0.1624+/-0.2491   0.1662+/-0.2453   0.1629+/-0.2501   0.1658+/-0.2464  
5D Functions         0.1426+/-0.1993   0.1433+/-0.1981   0.1378+/-0.1930   0.1445+/-0.2003   0.1402+/-0.2022   0.1442+/-0.2014   0.1414+/-0.2021  
6D Functions         0.1459+/-0.1080   0.1446+/-0.1073   0.1389+/-0.1063   0.1460+/-0.1101   0.1488+/-0.1110   0.1466+/-0.1095   0.1502+/-0.1127  
7D Functions         0.0890+/-0.0826   0.0864+/-0.0836   0.0866+/-0.0819   0.0901+/-0.0830   0.0876+/-0.0838   0.0903+/-0.0839   0.0894+/-0.0847  
8D Functions         0.0521+/-0.0422   0.0507+/-0.0412   0.0510+/-0.0407   0.0540+/-0.0430   0.0511+/-0.0432   0.0538+/-0.0438   0.0525+/-0.0434  
9D Functions         -0.0548+/-0.1355   -0.0561+/-0.1329   -0.0574+/-0.1354   -0.0534+/-0.1309   -0.0516+/-0.1286   -0.0528+/-0.1313   -0.0508+/-0.1295  
10D Functions        0.0591+/-0.0940   0.0581+/-0.0929   0.0599+/-0.0929   0.0598+/-0.0960   0.0585+/-0.0946   0.0601+/-0.0962   0.0596+/-0.0959  

          STATISTICAL TESTS (Friedman + Bonferroni-corrected Wilcoxon)          

> All Functions
  Friedman: chi2 =  29.6905, p = 4.5008e-05 ***
  Bonferroni alpha = 2.3810e-03
  Pairwise Comparisons           p-value         Significant?   
  -----------------------------------------------------------------
  Standard vs Chen                   3.4920e-03            [NS]
  Standard vs Shaker_GMM_Entropy     6.6575e-03            [NS]
  Standard vs Shaker_Likelihood_GL_Bisect     1.2664e-01            [NS]
  Standard vs Shaker_Likelihood_GL_Newton     1.0448e-01            [NS]
  Standard vs Shaker_Likelihood_Trapz_Bisect     7.7621e-03            [NS]
  Standard vs Shaker_Likelihood_Trapz_Newton     8.2196e-01            [NS]
  Chen vs Shaker_GMM_Entropy         2.7855e-01            [NS]
  Chen vs Shaker_Likelihood_GL_Bisect     1.8340e-02            [NS]
  Chen vs Shaker_Likelihood_GL_Newton     7.9789e-01            [NS]
  Chen vs Shaker_Likelihood_Trapz_Bisect     1.5945e-04           [SIG]
  Chen vs Shaker_Likelihood_Trapz_Newton     1.7628e-01            [NS]
  Shaker_GMM_Entropy vs Shaker_Likelihood_GL_Bisect     1.6753e-02            [NS]
  Shaker_GMM_Entropy vs Shaker_Likelihood_GL_Newton     8.7057e-01            [NS]
  Shaker_GMM_Entropy vs Shaker_Likelihood_Trapz_Bisect     1.5945e-04           [SIG]
  Shaker_GMM_Entropy vs Shaker_Likelihood_Trapz_Newton     9.7796e-02            [NS]
  Shaker_Likelihood_GL_Bisect vs Shaker_Likelihood_GL_Newton     5.5598e-02            [NS]
  Shaker_Likelihood_GL_Bisect vs Shaker_Likelihood_Trapz_Bisect     2.8560e-01            [NS]
  Shaker_Likelihood_GL_Bisect vs Shaker_Likelihood_Trapz_Newton     5.7066e-01            [NS]
  Shaker_Likelihood_GL_Newton vs Shaker_Likelihood_Trapz_Bisect     6.6877e-04           [SIG]
  Shaker_Likelihood_GL_Newton vs Shaker_Likelihood_Trapz_Newton     5.1421e-05           [SIG]
  Shaker_Likelihood_Trapz_Bisect vs Shaker_Likelihood_Trapz_Newton     2.3891e-02            [NS]

> 1D Functions
  Friedman: chi2 =   7.4571, p = 2.8063e-01 ns
  -> No significant difference across methods (Friedman p >= 0.05)

> 2D Functions
  Friedman: chi2 =   8.4000, p = 2.1024e-01 ns
  -> No significant difference across methods (Friedman p >= 0.05)

> 3D Functions
  Friedman: chi2 =   6.7714, p = 3.4250e-01 ns
  -> No significant difference across methods (Friedman p >= 0.05)

> 4D Functions
  Friedman: chi2 =  12.5714, p = 5.0370e-02 ns
  -> No significant difference across methods (Friedman p >= 0.05)

> 5D Functions
  Friedman: chi2 =   6.0000, p = 4.2319e-01 ns
  -> No significant difference across methods (Friedman p >= 0.05)

> 6D Functions
  Friedman: chi2 =   5.0000, p = 5.4381e-01 ns
  -> No significant difference across methods (Friedman p >= 0.05)

> 7D Functions
  Friedman: chi2 =   9.1429, p = 1.6570e-01 ns
  -> No significant difference across methods (Friedman p >= 0.05)

> 8D Functions
  Friedman: chi2 =   5.1429, p = 5.2563e-01 ns
  -> No significant difference across methods (Friedman p >= 0.05)

> 9D Functions
  Friedman: chi2 =   3.2857, p = 7.7223e-01 ns
  -> No significant difference across methods (Friedman p >= 0.05)

> 10D Functions
  Friedman: chi2 =   2.0000, p = 9.1970e-01 ns
  -> No significant difference across methods (Friedman p >= 0.05)


--------------------------------------------------------------------------------
METRIC: BRIER
--------------------------------------------------------------------------------

                             DESCRIPTIVE STATISTICS                             
                               Standard               Chen Shaker_GMM_Entropy Shaker_Likelihood_GL_Bisect Shaker_Likelihood_GL_Newton Shaker_Likelihood_Trapz_Bisect Shaker_Likelihood_Trapz_Newton
--------------------------------------------------------------------------------
All Functions        0.2373+/-0.0614   0.2386+/-0.0601   0.2385+/-0.0602   0.2007+/-0.0803   0.2052+/-0.0780   0.1999+/-0.0806   0.2048+/-0.0782  
1D Functions         0.2635+/-0.0254   0.2633+/-0.0260   0.2626+/-0.0257   0.2195+/-0.0656   0.2266+/-0.0562   0.2188+/-0.0661   0.2273+/-0.0560  
2D Functions         0.2360+/-0.0449   0.2372+/-0.0442   0.2420+/-0.0441   0.2240+/-0.0463   0.2211+/-0.0523   0.2213+/-0.0498   0.2196+/-0.0521  
3D Functions         0.2340+/-0.0768   0.2354+/-0.0754   0.2337+/-0.0744   0.2214+/-0.0814   0.2228+/-0.0824   0.2213+/-0.0815   0.2226+/-0.0828  
4D Functions         0.2726+/-0.0160   0.2726+/-0.0155   0.2708+/-0.0153   0.2510+/-0.0321   0.2520+/-0.0314   0.2509+/-0.0321   0.2521+/-0.0315  
5D Functions         0.1936+/-0.1053   0.1949+/-0.1045   0.1979+/-0.1059   0.1776+/-0.0956   0.1787+/-0.0992   0.1771+/-0.0961   0.1787+/-0.0993  
6D Functions         0.2335+/-0.0321   0.2350+/-0.0319   0.2372+/-0.0259   0.1520+/-0.0798   0.1623+/-0.0766   0.1520+/-0.0798   0.1619+/-0.0767  
7D Functions         0.2537+/-0.0293   0.2541+/-0.0288   0.2520+/-0.0252   0.2092+/-0.0579   0.2156+/-0.0536   0.2091+/-0.0580   0.2154+/-0.0535  
8D Functions         0.2548+/-0.0434   0.2567+/-0.0416   0.2525+/-0.0466   0.2026+/-0.0731   0.2131+/-0.0720   0.2017+/-0.0733   0.2124+/-0.0723  
9D Functions         0.2023+/-0.0670   0.2055+/-0.0649   0.2036+/-0.0660   0.1978+/-0.0907   0.1974+/-0.0847   0.1960+/-0.0900   0.1967+/-0.0853  
10D Functions        0.2143+/-0.0685   0.2175+/-0.0652   0.2172+/-0.0700   0.1105+/-0.0790   0.1261+/-0.0833   0.1093+/-0.0790   0.1249+/-0.0839  

          STATISTICAL TESTS (Friedman + Bonferroni-corrected Wilcoxon)          

> All Functions
  Friedman: chi2 =  91.3810, p = 1.5650e-17 ***
  Bonferroni alpha = 2.3810e-03
  Pairwise Comparisons           p-value         Significant?   
  -----------------------------------------------------------------
  Standard vs Chen                   1.0948e-05           [SIG]
  Standard vs Shaker_GMM_Entropy     7.6214e-01            [NS]
  Standard vs Shaker_Likelihood_GL_Bisect     2.1233e-05           [SIG]
  Standard vs Shaker_Likelihood_GL_Newton     1.2063e-05           [SIG]
  Standard vs Shaker_Likelihood_Trapz_Bisect     8.9951e-06           [SIG]
  Standard vs Shaker_Likelihood_Trapz_Newton     6.6567e-06           [SIG]
  Chen vs Shaker_GMM_Entropy         5.3933e-01            [NS]
  Chen vs Shaker_Likelihood_GL_Bisect     9.9276e-06           [SIG]
  Chen vs Shaker_Likelihood_GL_Newton     4.4004e-06           [SIG]
  Chen vs Shaker_Likelihood_Trapz_Bisect     4.4004e-06           [SIG]
  Chen vs Shaker_Likelihood_Trapz_Newton     3.5575e-06           [SIG]
  Shaker_GMM_Entropy vs Shaker_Likelihood_GL_Bisect     7.3658e-06           [SIG]
  Shaker_GMM_Entropy vs Shaker_Likelihood_GL_Newton     4.8869e-06           [SIG]
  Shaker_GMM_Entropy vs Shaker_Likelihood_Trapz_Bisect     4.8869e-06           [SIG]
  Shaker_GMM_Entropy vs Shaker_Likelihood_Trapz_Newton     4.8869e-06           [SIG]
  Shaker_Likelihood_GL_Bisect vs Shaker_Likelihood_GL_Newton     2.2059e-03           [SIG]
  Shaker_Likelihood_GL_Bisect vs Shaker_Likelihood_Trapz_Bisect     2.7887e-05           [SIG]
  Shaker_Likelihood_GL_Bisect vs Shaker_Likelihood_Trapz_Newton     4.5976e-03            [NS]
  Shaker_Likelihood_GL_Newton vs Shaker_Likelihood_Trapz_Bisect     4.4402e-04           [SIG]
  Shaker_Likelihood_GL_Newton vs Shaker_Likelihood_Trapz_Newton     3.1202e-03            [NS]
  Shaker_Likelihood_Trapz_Bisect vs Shaker_Likelihood_Trapz_Newton     1.1260e-03           [SIG]

> 1D Functions
  Friedman: chi2 =  19.0286, p = 4.1157e-03 **
  Bonferroni alpha = 2.3810e-03
  Pairwise Comparisons           p-value         Significant?   
  -----------------------------------------------------------------
  Standard vs Chen                   1.0000e+00            [NS]
  Standard vs Shaker_GMM_Entropy     4.3750e-01            [NS]
  Standard vs Shaker_Likelihood_GL_Bisect     6.2500e-02            [NS]
  Standard vs Shaker_Likelihood_GL_Newton     6.2500e-02            [NS]
  Standard vs Shaker_Likelihood_Trapz_Bisect     6.2500e-02            [NS]
  Standard vs Shaker_Likelihood_Trapz_Newton     1.2500e-01            [NS]
  Chen vs Shaker_GMM_Entropy         6.2500e-01            [NS]
  Chen vs Shaker_Likelihood_GL_Bisect     6.2500e-02            [NS]
  Chen vs Shaker_Likelihood_GL_Newton     6.2500e-02            [NS]
  Chen vs Shaker_Likelihood_Trapz_Bisect     6.2500e-02            [NS]
  Chen vs Shaker_Likelihood_Trapz_Newton     1.2500e-01            [NS]
  Shaker_GMM_Entropy vs Shaker_Likelihood_GL_Bisect     1.2500e-01            [NS]
  Shaker_GMM_Entropy vs Shaker_Likelihood_GL_Newton     6.2500e-02            [NS]
  Shaker_GMM_Entropy vs Shaker_Likelihood_Trapz_Bisect     1.2500e-01            [NS]
  Shaker_GMM_Entropy vs Shaker_Likelihood_Trapz_Newton     6.2500e-02            [NS]
  Shaker_Likelihood_GL_Bisect vs Shaker_Likelihood_GL_Newton     3.1250e-01            [NS]
  Shaker_Likelihood_GL_Bisect vs Shaker_Likelihood_Trapz_Bisect     3.1250e-01            [NS]
  Shaker_Likelihood_GL_Bisect vs Shaker_Likelihood_Trapz_Newton     1.8750e-01            [NS]
  Shaker_Likelihood_GL_Newton vs Shaker_Likelihood_Trapz_Bisect     3.1250e-01            [NS]
  Shaker_Likelihood_GL_Newton vs Shaker_Likelihood_Trapz_Newton     4.3750e-01            [NS]
  Shaker_Likelihood_Trapz_Bisect vs Shaker_Likelihood_Trapz_Newton     1.8750e-01            [NS]

> 2D Functions
  Friedman: chi2 =   8.2286, p = 2.2183e-01 ns
  -> No significant difference across methods (Friedman p >= 0.05)

> 3D Functions
  Friedman: chi2 =  19.7143, p = 3.1129e-03 **
  Bonferroni alpha = 2.3810e-03
  Pairwise Comparisons           p-value         Significant?   
  -----------------------------------------------------------------
  Standard vs Chen                   6.2500e-02            [NS]
  Standard vs Shaker_GMM_Entropy     6.2500e-01            [NS]
  Standard vs Shaker_Likelihood_GL_Bisect     6.2500e-02            [NS]
  Standard vs Shaker_Likelihood_GL_Newton     1.2500e-01            [NS]
  Standard vs Shaker_Likelihood_Trapz_Bisect     6.2500e-02            [NS]
  Standard vs Shaker_Likelihood_Trapz_Newton     1.2500e-01            [NS]
  Chen vs Shaker_GMM_Entropy         3.1250e-01            [NS]
  Chen vs Shaker_Likelihood_GL_Bisect     6.2500e-02            [NS]
  Chen vs Shaker_Likelihood_GL_Newton     6.2500e-02            [NS]
  Chen vs Shaker_Likelihood_Trapz_Bisect     6.2500e-02            [NS]
  Chen vs Shaker_Likelihood_Trapz_Newton     6.2500e-02            [NS]
  Shaker_GMM_Entropy vs Shaker_Likelihood_GL_Bisect     1.2500e-01            [NS]
  Shaker_GMM_Entropy vs Shaker_Likelihood_GL_Newton     1.2500e-01            [NS]
  Shaker_GMM_Entropy vs Shaker_Likelihood_Trapz_Bisect     1.2500e-01            [NS]
  Shaker_GMM_Entropy vs Shaker_Likelihood_Trapz_Newton     1.2500e-01            [NS]
  Shaker_Likelihood_GL_Bisect vs Shaker_Likelihood_GL_Newton     1.8750e-01            [NS]
  Shaker_Likelihood_GL_Bisect vs Shaker_Likelihood_Trapz_Bisect     6.2500e-02            [NS]
  Shaker_Likelihood_GL_Bisect vs Shaker_Likelihood_Trapz_Newton     4.3750e-01            [NS]
  Shaker_Likelihood_GL_Newton vs Shaker_Likelihood_Trapz_Bisect     1.8750e-01            [NS]
  Shaker_Likelihood_GL_Newton vs Shaker_Likelihood_Trapz_Newton     3.1250e-01            [NS]
  Shaker_Likelihood_Trapz_Bisect vs Shaker_Likelihood_Trapz_Newton     1.8750e-01            [NS]

> 4D Functions
  Friedman: chi2 =  17.4286, p = 7.8308e-03 **
  Bonferroni alpha = 2.3810e-03
  Pairwise Comparisons           p-value         Significant?   
  -----------------------------------------------------------------
  Standard vs Chen                   1.0000e+00            [NS]
  Standard vs Shaker_GMM_Entropy     2.5000e-01            [NS]
  Standard vs Shaker_Likelihood_GL_Bisect     2.5000e-01            [NS]
  Standard vs Shaker_Likelihood_GL_Newton     2.5000e-01            [NS]
  Standard vs Shaker_Likelihood_Trapz_Bisect     2.5000e-01            [NS]
  Standard vs Shaker_Likelihood_Trapz_Newton     2.5000e-01            [NS]
  Chen vs Shaker_GMM_Entropy         2.5000e-01            [NS]
  Chen vs Shaker_Likelihood_GL_Bisect     2.5000e-01            [NS]
  Chen vs Shaker_Likelihood_GL_Newton     2.5000e-01            [NS]
  Chen vs Shaker_Likelihood_Trapz_Bisect     2.5000e-01            [NS]
  Chen vs Shaker_Likelihood_Trapz_Newton     2.5000e-01            [NS]
  Shaker_GMM_Entropy vs Shaker_Likelihood_GL_Bisect     2.5000e-01            [NS]
  Shaker_GMM_Entropy vs Shaker_Likelihood_GL_Newton     2.5000e-01            [NS]
  Shaker_GMM_Entropy vs Shaker_Likelihood_Trapz_Bisect     2.5000e-01            [NS]
  Shaker_GMM_Entropy vs Shaker_Likelihood_Trapz_Newton     2.5000e-01            [NS]
  Shaker_Likelihood_GL_Bisect vs Shaker_Likelihood_GL_Newton     2.5000e-01            [NS]
  Shaker_Likelihood_GL_Bisect vs Shaker_Likelihood_Trapz_Bisect     2.5000e-01            [NS]
  Shaker_Likelihood_GL_Bisect vs Shaker_Likelihood_Trapz_Newton     2.5000e-01            [NS]
  Shaker_Likelihood_GL_Newton vs Shaker_Likelihood_Trapz_Bisect     2.5000e-01            [NS]
  Shaker_Likelihood_GL_Newton vs Shaker_Likelihood_Trapz_Newton     1.0000e+00            [NS]
  Shaker_Likelihood_Trapz_Bisect vs Shaker_Likelihood_Trapz_Newton     2.5000e-01            [NS]

> 5D Functions
  Friedman: chi2 =   2.5714, p = 8.6039e-01 ns
  -> No significant difference across methods (Friedman p >= 0.05)

> 6D Functions
  Friedman: chi2 =  16.8571, p = 9.8229e-03 **
  Bonferroni alpha = 2.3810e-03
  Pairwise Comparisons           p-value         Significant?   
  -----------------------------------------------------------------
  Standard vs Chen                   2.5000e-01            [NS]
  Standard vs Shaker_GMM_Entropy     1.0000e+00            [NS]
  Standard vs Shaker_Likelihood_GL_Bisect     2.5000e-01            [NS]
  Standard vs Shaker_Likelihood_GL_Newton     2.5000e-01            [NS]
  Standard vs Shaker_Likelihood_Trapz_Bisect     2.5000e-01            [NS]
  Standard vs Shaker_Likelihood_Trapz_Newton     2.5000e-01            [NS]
  Chen vs Shaker_GMM_Entropy         1.0000e+00            [NS]
  Chen vs Shaker_Likelihood_GL_Bisect     2.5000e-01            [NS]
  Chen vs Shaker_Likelihood_GL_Newton     2.5000e-01            [NS]
  Chen vs Shaker_Likelihood_Trapz_Bisect     2.5000e-01            [NS]
  Chen vs Shaker_Likelihood_Trapz_Newton     2.5000e-01            [NS]
  Shaker_GMM_Entropy vs Shaker_Likelihood_GL_Bisect     2.5000e-01            [NS]
  Shaker_GMM_Entropy vs Shaker_Likelihood_GL_Newton     2.5000e-01            [NS]
  Shaker_GMM_Entropy vs Shaker_Likelihood_Trapz_Bisect     2.5000e-01            [NS]
  Shaker_GMM_Entropy vs Shaker_Likelihood_Trapz_Newton     2.5000e-01            [NS]
  Shaker_Likelihood_GL_Bisect vs Shaker_Likelihood_GL_Newton     2.5000e-01            [NS]
  Shaker_Likelihood_GL_Bisect vs Shaker_Likelihood_Trapz_Bisect     7.5000e-01            [NS]
  Shaker_Likelihood_GL_Bisect vs Shaker_Likelihood_Trapz_Newton     2.5000e-01            [NS]
  Shaker_Likelihood_GL_Newton vs Shaker_Likelihood_Trapz_Bisect     2.5000e-01            [NS]
  Shaker_Likelihood_GL_Newton vs Shaker_Likelihood_Trapz_Newton     2.5000e-01            [NS]
  Shaker_Likelihood_Trapz_Bisect vs Shaker_Likelihood_Trapz_Newton     2.5000e-01            [NS]

> 7D Functions
  Friedman: chi2 =  15.4286, p = 1.7173e-02 *
  Bonferroni alpha = 2.3810e-03
  Pairwise Comparisons           p-value         Significant?   
  -----------------------------------------------------------------
  Standard vs Chen                   5.0000e-01            [NS]
  Standard vs Shaker_GMM_Entropy     7.5000e-01            [NS]
  Standard vs Shaker_Likelihood_GL_Bisect     2.5000e-01            [NS]
  Standard vs Shaker_Likelihood_GL_Newton     2.5000e-01            [NS]
  Standard vs Shaker_Likelihood_Trapz_Bisect     2.5000e-01            [NS]
  Standard vs Shaker_Likelihood_Trapz_Newton     2.5000e-01            [NS]
  Chen vs Shaker_GMM_Entropy         7.5000e-01            [NS]
  Chen vs Shaker_Likelihood_GL_Bisect     2.5000e-01            [NS]
  Chen vs Shaker_Likelihood_GL_Newton     2.5000e-01            [NS]
  Chen vs Shaker_Likelihood_Trapz_Bisect     2.5000e-01            [NS]
  Chen vs Shaker_Likelihood_Trapz_Newton     2.5000e-01            [NS]
  Shaker_GMM_Entropy vs Shaker_Likelihood_GL_Bisect     2.5000e-01            [NS]
  Shaker_GMM_Entropy vs Shaker_Likelihood_GL_Newton     5.0000e-01            [NS]
  Shaker_GMM_Entropy vs Shaker_Likelihood_Trapz_Bisect     2.5000e-01            [NS]
  Shaker_GMM_Entropy vs Shaker_Likelihood_Trapz_Newton     5.0000e-01            [NS]
  Shaker_Likelihood_GL_Bisect vs Shaker_Likelihood_GL_Newton     2.5000e-01            [NS]
  Shaker_Likelihood_GL_Bisect vs Shaker_Likelihood_Trapz_Bisect     2.5000e-01            [NS]
  Shaker_Likelihood_GL_Bisect vs Shaker_Likelihood_Trapz_Newton     2.5000e-01            [NS]
  Shaker_Likelihood_GL_Newton vs Shaker_Likelihood_Trapz_Bisect     2.5000e-01            [NS]
  Shaker_Likelihood_GL_Newton vs Shaker_Likelihood_Trapz_Newton     2.5000e-01            [NS]
  Shaker_Likelihood_Trapz_Bisect vs Shaker_Likelihood_Trapz_Newton     2.5000e-01            [NS]

> 8D Functions
  Friedman: chi2 =  17.1429, p = 8.7723e-03 **
  Bonferroni alpha = 2.3810e-03
  Pairwise Comparisons           p-value         Significant?   
  -----------------------------------------------------------------
  Standard vs Chen                   2.5000e-01            [NS]
  Standard vs Shaker_GMM_Entropy     7.5000e-01            [NS]
  Standard vs Shaker_Likelihood_GL_Bisect     2.5000e-01            [NS]
  Standard vs Shaker_Likelihood_GL_Newton     2.5000e-01            [NS]
  Standard vs Shaker_Likelihood_Trapz_Bisect     2.5000e-01            [NS]
  Standard vs Shaker_Likelihood_Trapz_Newton     2.5000e-01            [NS]
  Chen vs Shaker_GMM_Entropy         7.5000e-01            [NS]
  Chen vs Shaker_Likelihood_GL_Bisect     2.5000e-01            [NS]
  Chen vs Shaker_Likelihood_GL_Newton     2.5000e-01            [NS]
  Chen vs Shaker_Likelihood_Trapz_Bisect     2.5000e-01            [NS]
  Chen vs Shaker_Likelihood_Trapz_Newton     2.5000e-01            [NS]
  Shaker_GMM_Entropy vs Shaker_Likelihood_GL_Bisect     2.5000e-01            [NS]
  Shaker_GMM_Entropy vs Shaker_Likelihood_GL_Newton     2.5000e-01            [NS]
  Shaker_GMM_Entropy vs Shaker_Likelihood_Trapz_Bisect     2.5000e-01            [NS]
  Shaker_GMM_Entropy vs Shaker_Likelihood_Trapz_Newton     2.5000e-01            [NS]
  Shaker_Likelihood_GL_Bisect vs Shaker_Likelihood_GL_Newton     2.5000e-01            [NS]
  Shaker_Likelihood_GL_Bisect vs Shaker_Likelihood_Trapz_Bisect     2.5000e-01            [NS]
  Shaker_Likelihood_GL_Bisect vs Shaker_Likelihood_Trapz_Newton     2.5000e-01            [NS]
  Shaker_Likelihood_GL_Newton vs Shaker_Likelihood_Trapz_Bisect     2.5000e-01            [NS]
  Shaker_Likelihood_GL_Newton vs Shaker_Likelihood_Trapz_Newton     2.5000e-01            [NS]
  Shaker_Likelihood_Trapz_Bisect vs Shaker_Likelihood_Trapz_Newton     2.5000e-01            [NS]

> 9D Functions
  Friedman: chi2 =   2.5714, p = 8.6039e-01 ns
  -> No significant difference across methods (Friedman p >= 0.05)

> 10D Functions
  Friedman: chi2 =  16.8571, p = 9.8229e-03 **
  Bonferroni alpha = 2.3810e-03
  Pairwise Comparisons           p-value         Significant?   
  -----------------------------------------------------------------
  Standard vs Chen                   5.0000e-01            [NS]
  Standard vs Shaker_GMM_Entropy     1.0000e+00            [NS]
  Standard vs Shaker_Likelihood_GL_Bisect     2.5000e-01            [NS]
  Standard vs Shaker_Likelihood_GL_Newton     2.5000e-01            [NS]
  Standard vs Shaker_Likelihood_Trapz_Bisect     2.5000e-01            [NS]
  Standard vs Shaker_Likelihood_Trapz_Newton     2.5000e-01            [NS]
  Chen vs Shaker_GMM_Entropy         7.5000e-01            [NS]
  Chen vs Shaker_Likelihood_GL_Bisect     2.5000e-01            [NS]
  Chen vs Shaker_Likelihood_GL_Newton     2.5000e-01            [NS]
  Chen vs Shaker_Likelihood_Trapz_Bisect     2.5000e-01            [NS]
  Chen vs Shaker_Likelihood_Trapz_Newton     2.5000e-01            [NS]
  Shaker_GMM_Entropy vs Shaker_Likelihood_GL_Bisect     2.5000e-01            [NS]
  Shaker_GMM_Entropy vs Shaker_Likelihood_GL_Newton     2.5000e-01            [NS]
  Shaker_GMM_Entropy vs Shaker_Likelihood_Trapz_Bisect     2.5000e-01            [NS]
  Shaker_GMM_Entropy vs Shaker_Likelihood_Trapz_Newton     2.5000e-01            [NS]
  Shaker_Likelihood_GL_Bisect vs Shaker_Likelihood_GL_Newton     2.5000e-01            [NS]
  Shaker_Likelihood_GL_Bisect vs Shaker_Likelihood_Trapz_Bisect     2.5000e-01            [NS]
  Shaker_Likelihood_GL_Bisect vs Shaker_Likelihood_Trapz_Newton     2.5000e-01            [NS]
  Shaker_Likelihood_GL_Newton vs Shaker_Likelihood_Trapz_Bisect     2.5000e-01            [NS]
  Shaker_Likelihood_GL_Newton vs Shaker_Likelihood_Trapz_Newton     2.5000e-01            [NS]
  Shaker_Likelihood_Trapz_Bisect vs Shaker_Likelihood_Trapz_Newton     2.5000e-01            [NS]


--------------------------------------------------------------------------------
METRIC: MI
--------------------------------------------------------------------------------

                             DESCRIPTIVE STATISTICS                             
                               Standard               Chen Shaker_GMM_Entropy Shaker_Likelihood_GL_Bisect Shaker_Likelihood_GL_Newton Shaker_Likelihood_Trapz_Bisect Shaker_Likelihood_Trapz_Newton
--------------------------------------------------------------------------------
All Functions        0.2176+/-0.1702   0.2106+/-0.1674   0.2110+/-0.1673   0.3662+/-0.2294   0.3453+/-0.2196   0.3737+/-0.2325   0.3494+/-0.2190  
1D Functions         0.2463+/-0.1270   0.2633+/-0.1338   0.2432+/-0.1282   0.5582+/-0.1269   0.5063+/-0.1325   0.5822+/-0.1246   0.5105+/-0.1163  
2D Functions         0.2538+/-0.0956   0.2452+/-0.0920   0.2261+/-0.0936   0.2962+/-0.1070   0.2930+/-0.1264   0.3156+/-0.1176   0.3064+/-0.1248  
3D Functions         0.2272+/-0.1997   0.2209+/-0.1955   0.2368+/-0.1911   0.3176+/-0.2247   0.3104+/-0.2264   0.3195+/-0.2255   0.3121+/-0.2272  
4D Functions         0.0915+/-0.0640   0.0836+/-0.0567   0.0995+/-0.0651   0.2174+/-0.1167   0.2029+/-0.1126   0.2181+/-0.1183   0.2051+/-0.1150  
5D Functions         0.3070+/-0.3161   0.3001+/-0.3113   0.2943+/-0.3161   0.3613+/-0.3004   0.3563+/-0.3079   0.3631+/-0.3014   0.3564+/-0.3087  
6D Functions         0.1611+/-0.0747   0.1552+/-0.0757   0.1548+/-0.0645   0.4279+/-0.2543   0.3878+/-0.2368   0.4277+/-0.2552   0.3899+/-0.2368  
7D Functions         0.1280+/-0.0654   0.1222+/-0.0648   0.1321+/-0.0622   0.2737+/-0.1546   0.2516+/-0.1387   0.2743+/-0.1551   0.2521+/-0.1394  
8D Functions         0.1405+/-0.1118   0.1250+/-0.1040   0.1308+/-0.1206   0.2731+/-0.2060   0.2462+/-0.1966   0.2767+/-0.2058   0.2479+/-0.1981  
9D Functions         0.3005+/-0.1764   0.2808+/-0.1683   0.2908+/-0.1773   0.3264+/-0.2410   0.3303+/-0.2217   0.3296+/-0.2410   0.3342+/-0.2238  
10D Functions        0.2706+/-0.1649   0.2449+/-0.1558   0.2533+/-0.1683   0.5616+/-0.2283   0.5190+/-0.2145   0.5665+/-0.2285   0.5251+/-0.2138  

          STATISTICAL TESTS (Friedman + Bonferroni-corrected Wilcoxon)          

> All Functions
  Friedman: chi2 = 134.6310, p = 1.3594e-26 ***
  Bonferroni alpha = 2.3810e-03
  Pairwise Comparisons           p-value         Significant?   
  -----------------------------------------------------------------
  Standard vs Chen                   3.3473e-04           [SIG]
  Standard vs Shaker_GMM_Entropy     2.4508e-01            [NS]
  Standard vs Shaker_Likelihood_GL_Bisect     1.4488e-07           [SIG]
  Standard vs Shaker_Likelihood_GL_Newton     1.4488e-07           [SIG]
  Standard vs Shaker_Likelihood_Trapz_Bisect     9.3511e-08           [SIG]
  Standard vs Shaker_Likelihood_Trapz_Newton     6.9122e-08           [SIG]
  Chen vs Shaker_GMM_Entropy         1.9199e-01            [NS]
  Chen vs Shaker_Likelihood_GL_Bisect     5.0612e-08           [SIG]
  Chen vs Shaker_Likelihood_GL_Newton     5.0612e-08           [SIG]
  Chen vs Shaker_Likelihood_Trapz_Bisect     4.3161e-08           [SIG]
  Chen vs Shaker_Likelihood_Trapz_Newton     3.6700e-08           [SIG]
  Shaker_GMM_Entropy vs Shaker_Likelihood_GL_Bisect     3.6700e-08           [SIG]
  Shaker_GMM_Entropy vs Shaker_Likelihood_GL_Newton     3.1112e-08           [SIG]
  Shaker_GMM_Entropy vs Shaker_Likelihood_Trapz_Bisect     2.6310e-08           [SIG]
  Shaker_GMM_Entropy vs Shaker_Likelihood_Trapz_Newton     3.1112e-08           [SIG]
  Shaker_Likelihood_GL_Bisect vs Shaker_Likelihood_GL_Newton     1.4762e-04           [SIG]
  Shaker_Likelihood_GL_Bisect vs Shaker_Likelihood_Trapz_Bisect     5.5970e-05           [SIG]
  Shaker_Likelihood_GL_Bisect vs Shaker_Likelihood_Trapz_Newton     6.6877e-04           [SIG]
  Shaker_Likelihood_GL_Newton vs Shaker_Likelihood_Trapz_Bisect     1.4582e-06           [SIG]
  Shaker_Likelihood_GL_Newton vs Shaker_Likelihood_Trapz_Newton     3.0497e-05           [SIG]
  Shaker_Likelihood_Trapz_Bisect vs Shaker_Likelihood_Trapz_Newton     1.6059e-05           [SIG]

> 1D Functions
  Friedman: chi2 =  27.2571, p = 1.2959e-04 ***
  Bonferroni alpha = 2.3810e-03
  Pairwise Comparisons           p-value         Significant?   
  -----------------------------------------------------------------
  Standard vs Chen                   1.8750e-01            [NS]
  Standard vs Shaker_GMM_Entropy     1.0000e+00            [NS]
  Standard vs Shaker_Likelihood_GL_Bisect     6.2500e-02            [NS]
  Standard vs Shaker_Likelihood_GL_Newton     6.2500e-02            [NS]
  Standard vs Shaker_Likelihood_Trapz_Bisect     6.2500e-02            [NS]
  Standard vs Shaker_Likelihood_Trapz_Newton     6.2500e-02            [NS]
  Chen vs Shaker_GMM_Entropy         8.1250e-01            [NS]
  Chen vs Shaker_Likelihood_GL_Bisect     6.2500e-02            [NS]
  Chen vs Shaker_Likelihood_GL_Newton     6.2500e-02            [NS]
  Chen vs Shaker_Likelihood_Trapz_Bisect     6.2500e-02            [NS]
  Chen vs Shaker_Likelihood_Trapz_Newton     6.2500e-02            [NS]
  Shaker_GMM_Entropy vs Shaker_Likelihood_GL_Bisect     6.2500e-02            [NS]
  Shaker_GMM_Entropy vs Shaker_Likelihood_GL_Newton     6.2500e-02            [NS]
  Shaker_GMM_Entropy vs Shaker_Likelihood_Trapz_Bisect     6.2500e-02            [NS]
  Shaker_GMM_Entropy vs Shaker_Likelihood_Trapz_Newton     6.2500e-02            [NS]
  Shaker_Likelihood_GL_Bisect vs Shaker_Likelihood_GL_Newton     6.2500e-02            [NS]
  Shaker_Likelihood_GL_Bisect vs Shaker_Likelihood_Trapz_Bisect     1.2500e-01            [NS]
  Shaker_Likelihood_GL_Bisect vs Shaker_Likelihood_Trapz_Newton     6.2500e-02            [NS]
  Shaker_Likelihood_GL_Newton vs Shaker_Likelihood_Trapz_Bisect     6.2500e-02            [NS]
  Shaker_Likelihood_GL_Newton vs Shaker_Likelihood_Trapz_Newton     6.2500e-01            [NS]
  Shaker_Likelihood_Trapz_Bisect vs Shaker_Likelihood_Trapz_Newton     6.2500e-02            [NS]

> 2D Functions
  Friedman: chi2 =  18.2571, p = 5.6207e-03 **
  Bonferroni alpha = 2.3810e-03
  Pairwise Comparisons           p-value         Significant?   
  -----------------------------------------------------------------
  Standard vs Chen                   6.2500e-02            [NS]
  Standard vs Shaker_GMM_Entropy     1.2500e-01            [NS]
  Standard vs Shaker_Likelihood_GL_Bisect     1.2500e-01            [NS]
  Standard vs Shaker_Likelihood_GL_Newton     3.1250e-01            [NS]
  Standard vs Shaker_Likelihood_Trapz_Bisect     6.2500e-02            [NS]
  Standard vs Shaker_Likelihood_Trapz_Newton     1.2500e-01            [NS]
  Chen vs Shaker_GMM_Entropy         4.3750e-01            [NS]
  Chen vs Shaker_Likelihood_GL_Bisect     6.2500e-02            [NS]
  Chen vs Shaker_Likelihood_GL_Newton     1.8750e-01            [NS]
  Chen vs Shaker_Likelihood_Trapz_Bisect     6.2500e-02            [NS]
  Chen vs Shaker_Likelihood_Trapz_Newton     1.2500e-01            [NS]
  Shaker_GMM_Entropy vs Shaker_Likelihood_GL_Bisect     6.2500e-02            [NS]
  Shaker_GMM_Entropy vs Shaker_Likelihood_GL_Newton     1.2500e-01            [NS]
  Shaker_GMM_Entropy vs Shaker_Likelihood_Trapz_Bisect     6.2500e-02            [NS]
  Shaker_GMM_Entropy vs Shaker_Likelihood_Trapz_Newton     1.2500e-01            [NS]
  Shaker_Likelihood_GL_Bisect vs Shaker_Likelihood_GL_Newton     1.0000e+00            [NS]
  Shaker_Likelihood_GL_Bisect vs Shaker_Likelihood_Trapz_Bisect     1.2500e-01            [NS]
  Shaker_Likelihood_GL_Bisect vs Shaker_Likelihood_Trapz_Newton     6.2500e-01            [NS]
  Shaker_Likelihood_GL_Newton vs Shaker_Likelihood_Trapz_Bisect     6.2500e-02            [NS]
  Shaker_Likelihood_GL_Newton vs Shaker_Likelihood_Trapz_Newton     6.2500e-02            [NS]
  Shaker_Likelihood_Trapz_Bisect vs Shaker_Likelihood_Trapz_Newton     6.2500e-01            [NS]

> 3D Functions
  Friedman: chi2 =  24.3429, p = 4.5159e-04 ***
  Bonferroni alpha = 2.3810e-03
  Pairwise Comparisons           p-value         Significant?   
  -----------------------------------------------------------------
  Standard vs Chen                   6.2500e-02            [NS]
  Standard vs Shaker_GMM_Entropy     4.3750e-01            [NS]
  Standard vs Shaker_Likelihood_GL_Bisect     6.2500e-02            [NS]
  Standard vs Shaker_Likelihood_GL_Newton     6.2500e-02            [NS]
  Standard vs Shaker_Likelihood_Trapz_Bisect     6.2500e-02            [NS]
  Standard vs Shaker_Likelihood_Trapz_Newton     6.2500e-02            [NS]
  Chen vs Shaker_GMM_Entropy         6.2500e-02            [NS]
  Chen vs Shaker_Likelihood_GL_Bisect     6.2500e-02            [NS]
  Chen vs Shaker_Likelihood_GL_Newton     6.2500e-02            [NS]
  Chen vs Shaker_Likelihood_Trapz_Bisect     6.2500e-02            [NS]
  Chen vs Shaker_Likelihood_Trapz_Newton     6.2500e-02            [NS]
  Shaker_GMM_Entropy vs Shaker_Likelihood_GL_Bisect     6.2500e-02            [NS]
  Shaker_GMM_Entropy vs Shaker_Likelihood_GL_Newton     1.2500e-01            [NS]
  Shaker_GMM_Entropy vs Shaker_Likelihood_Trapz_Bisect     6.2500e-02            [NS]
  Shaker_GMM_Entropy vs Shaker_Likelihood_Trapz_Newton     1.2500e-01            [NS]
  Shaker_Likelihood_GL_Bisect vs Shaker_Likelihood_GL_Newton     3.1250e-01            [NS]
  Shaker_Likelihood_GL_Bisect vs Shaker_Likelihood_Trapz_Bisect     1.8750e-01            [NS]
  Shaker_Likelihood_GL_Bisect vs Shaker_Likelihood_Trapz_Newton     3.1250e-01            [NS]
  Shaker_Likelihood_GL_Newton vs Shaker_Likelihood_Trapz_Bisect     1.8750e-01            [NS]
  Shaker_Likelihood_GL_Newton vs Shaker_Likelihood_Trapz_Newton     1.2500e-01            [NS]
  Shaker_Likelihood_Trapz_Bisect vs Shaker_Likelihood_Trapz_Newton     1.8750e-01            [NS]

> 4D Functions
  Friedman: chi2 =  17.4286, p = 7.8308e-03 **
  Bonferroni alpha = 2.3810e-03
  Pairwise Comparisons           p-value         Significant?   
  -----------------------------------------------------------------
  Standard vs Chen                   2.5000e-01            [NS]
  Standard vs Shaker_GMM_Entropy     7.5000e-01            [NS]
  Standard vs Shaker_Likelihood_GL_Bisect     2.5000e-01            [NS]
  Standard vs Shaker_Likelihood_GL_Newton     2.5000e-01            [NS]
  Standard vs Shaker_Likelihood_Trapz_Bisect     2.5000e-01            [NS]
  Standard vs Shaker_Likelihood_Trapz_Newton     2.5000e-01            [NS]
  Chen vs Shaker_GMM_Entropy         2.5000e-01            [NS]
  Chen vs Shaker_Likelihood_GL_Bisect     2.5000e-01            [NS]
  Chen vs Shaker_Likelihood_GL_Newton     2.5000e-01            [NS]
  Chen vs Shaker_Likelihood_Trapz_Bisect     2.5000e-01            [NS]
  Chen vs Shaker_Likelihood_Trapz_Newton     2.5000e-01            [NS]
  Shaker_GMM_Entropy vs Shaker_Likelihood_GL_Bisect     2.5000e-01            [NS]
  Shaker_GMM_Entropy vs Shaker_Likelihood_GL_Newton     2.5000e-01            [NS]
  Shaker_GMM_Entropy vs Shaker_Likelihood_Trapz_Bisect     2.5000e-01            [NS]
  Shaker_GMM_Entropy vs Shaker_Likelihood_Trapz_Newton     2.5000e-01            [NS]
  Shaker_Likelihood_GL_Bisect vs Shaker_Likelihood_GL_Newton     2.5000e-01            [NS]
  Shaker_Likelihood_GL_Bisect vs Shaker_Likelihood_Trapz_Bisect     1.0000e+00            [NS]
  Shaker_Likelihood_GL_Bisect vs Shaker_Likelihood_Trapz_Newton     2.5000e-01            [NS]
  Shaker_Likelihood_GL_Newton vs Shaker_Likelihood_Trapz_Bisect     2.5000e-01            [NS]
  Shaker_Likelihood_GL_Newton vs Shaker_Likelihood_Trapz_Newton     2.5000e-01            [NS]
  Shaker_Likelihood_Trapz_Bisect vs Shaker_Likelihood_Trapz_Newton     2.5000e-01            [NS]

> 5D Functions
  Friedman: chi2 =   1.0000, p = 9.8561e-01 ns
  -> No significant difference across methods (Friedman p >= 0.05)

> 6D Functions
  Friedman: chi2 =  16.8571, p = 9.8229e-03 **
  Bonferroni alpha = 2.3810e-03
  Pairwise Comparisons           p-value         Significant?   
  -----------------------------------------------------------------
  Standard vs Chen                   2.5000e-01            [NS]
  Standard vs Shaker_GMM_Entropy     1.0000e+00            [NS]
  Standard vs Shaker_Likelihood_GL_Bisect     2.5000e-01            [NS]
  Standard vs Shaker_Likelihood_GL_Newton     2.5000e-01            [NS]
  Standard vs Shaker_Likelihood_Trapz_Bisect     2.5000e-01            [NS]
  Standard vs Shaker_Likelihood_Trapz_Newton     2.5000e-01            [NS]
  Chen vs Shaker_GMM_Entropy         1.0000e+00            [NS]
  Chen vs Shaker_Likelihood_GL_Bisect     2.5000e-01            [NS]
  Chen vs Shaker_Likelihood_GL_Newton     2.5000e-01            [NS]
  Chen vs Shaker_Likelihood_Trapz_Bisect     2.5000e-01            [NS]
  Chen vs Shaker_Likelihood_Trapz_Newton     2.5000e-01            [NS]
  Shaker_GMM_Entropy vs Shaker_Likelihood_GL_Bisect     2.5000e-01            [NS]
  Shaker_GMM_Entropy vs Shaker_Likelihood_GL_Newton     2.5000e-01            [NS]
  Shaker_GMM_Entropy vs Shaker_Likelihood_Trapz_Bisect     2.5000e-01            [NS]
  Shaker_GMM_Entropy vs Shaker_Likelihood_Trapz_Newton     2.5000e-01            [NS]
  Shaker_Likelihood_GL_Bisect vs Shaker_Likelihood_GL_Newton     2.5000e-01            [NS]
  Shaker_Likelihood_GL_Bisect vs Shaker_Likelihood_Trapz_Bisect     1.0000e+00            [NS]
  Shaker_Likelihood_GL_Bisect vs Shaker_Likelihood_Trapz_Newton     2.5000e-01            [NS]
  Shaker_Likelihood_GL_Newton vs Shaker_Likelihood_Trapz_Bisect     2.5000e-01            [NS]
  Shaker_Likelihood_GL_Newton vs Shaker_Likelihood_Trapz_Newton     2.5000e-01            [NS]
  Shaker_Likelihood_Trapz_Bisect vs Shaker_Likelihood_Trapz_Newton     2.5000e-01            [NS]

> 7D Functions
  Friedman: chi2 =  16.8571, p = 9.8229e-03 **
  Bonferroni alpha = 2.3810e-03
  Pairwise Comparisons           p-value         Significant?   
  -----------------------------------------------------------------
  Standard vs Chen                   2.5000e-01            [NS]
  Standard vs Shaker_GMM_Entropy     7.5000e-01            [NS]
  Standard vs Shaker_Likelihood_GL_Bisect     2.5000e-01            [NS]
  Standard vs Shaker_Likelihood_GL_Newton     2.5000e-01            [NS]
  Standard vs Shaker_Likelihood_Trapz_Bisect     2.5000e-01            [NS]
  Standard vs Shaker_Likelihood_Trapz_Newton     2.5000e-01            [NS]
  Chen vs Shaker_GMM_Entropy         5.0000e-01            [NS]
  Chen vs Shaker_Likelihood_GL_Bisect     2.5000e-01            [NS]
  Chen vs Shaker_Likelihood_GL_Newton     2.5000e-01            [NS]
  Chen vs Shaker_Likelihood_Trapz_Bisect     2.5000e-01            [NS]
  Chen vs Shaker_Likelihood_Trapz_Newton     2.5000e-01            [NS]
  Shaker_GMM_Entropy vs Shaker_Likelihood_GL_Bisect     2.5000e-01            [NS]
  Shaker_GMM_Entropy vs Shaker_Likelihood_GL_Newton     2.5000e-01            [NS]
  Shaker_GMM_Entropy vs Shaker_Likelihood_Trapz_Bisect     2.5000e-01            [NS]
  Shaker_GMM_Entropy vs Shaker_Likelihood_Trapz_Newton     2.5000e-01            [NS]
  Shaker_Likelihood_GL_Bisect vs Shaker_Likelihood_GL_Newton     2.5000e-01            [NS]
  Shaker_Likelihood_GL_Bisect vs Shaker_Likelihood_Trapz_Bisect     2.5000e-01            [NS]
  Shaker_Likelihood_GL_Bisect vs Shaker_Likelihood_Trapz_Newton     2.5000e-01            [NS]
  Shaker_Likelihood_GL_Newton vs Shaker_Likelihood_Trapz_Bisect     2.5000e-01            [NS]
  Shaker_Likelihood_GL_Newton vs Shaker_Likelihood_Trapz_Newton     7.5000e-01            [NS]
  Shaker_Likelihood_Trapz_Bisect vs Shaker_Likelihood_Trapz_Newton     2.5000e-01            [NS]

> 8D Functions
  Friedman: chi2 =  17.0000, p = 9.2832e-03 **
  Bonferroni alpha = 2.3810e-03
  Pairwise Comparisons           p-value         Significant?   
  -----------------------------------------------------------------
  Standard vs Chen                   2.5000e-01            [NS]
  Standard vs Shaker_GMM_Entropy     7.5000e-01            [NS]
  Standard vs Shaker_Likelihood_GL_Bisect     2.5000e-01            [NS]
  Standard vs Shaker_Likelihood_GL_Newton     2.5000e-01            [NS]
  Standard vs Shaker_Likelihood_Trapz_Bisect     2.5000e-01            [NS]
  Standard vs Shaker_Likelihood_Trapz_Newton     2.5000e-01            [NS]
  Chen vs Shaker_GMM_Entropy         1.0000e+00            [NS]
  Chen vs Shaker_Likelihood_GL_Bisect     2.5000e-01            [NS]
  Chen vs Shaker_Likelihood_GL_Newton     2.5000e-01            [NS]
  Chen vs Shaker_Likelihood_Trapz_Bisect     2.5000e-01            [NS]
  Chen vs Shaker_Likelihood_Trapz_Newton     2.5000e-01            [NS]
  Shaker_GMM_Entropy vs Shaker_Likelihood_GL_Bisect     2.5000e-01            [NS]
  Shaker_GMM_Entropy vs Shaker_Likelihood_GL_Newton     2.5000e-01            [NS]
  Shaker_GMM_Entropy vs Shaker_Likelihood_Trapz_Bisect     2.5000e-01            [NS]
  Shaker_GMM_Entropy vs Shaker_Likelihood_Trapz_Newton     2.5000e-01            [NS]
  Shaker_Likelihood_GL_Bisect vs Shaker_Likelihood_GL_Newton     2.5000e-01            [NS]
  Shaker_Likelihood_GL_Bisect vs Shaker_Likelihood_Trapz_Bisect     2.5000e-01            [NS]
  Shaker_Likelihood_GL_Bisect vs Shaker_Likelihood_Trapz_Newton     2.5000e-01            [NS]
  Shaker_Likelihood_GL_Newton vs Shaker_Likelihood_Trapz_Bisect     2.5000e-01            [NS]
  Shaker_Likelihood_GL_Newton vs Shaker_Likelihood_Trapz_Newton     5.0000e-01            [NS]
  Shaker_Likelihood_Trapz_Bisect vs Shaker_Likelihood_Trapz_Newton     2.5000e-01            [NS]

> 9D Functions
  Friedman: chi2 =   3.4286, p = 7.5345e-01 ns
  -> No significant difference across methods (Friedman p >= 0.05)

> 10D Functions
  Friedman: chi2 =  17.2857, p = 8.2886e-03 **
  Bonferroni alpha = 2.3810e-03
  Pairwise Comparisons           p-value         Significant?   
  -----------------------------------------------------------------
  Standard vs Chen                   2.5000e-01            [NS]
  Standard vs Shaker_GMM_Entropy     5.0000e-01            [NS]
  Standard vs Shaker_Likelihood_GL_Bisect     2.5000e-01            [NS]
  Standard vs Shaker_Likelihood_GL_Newton     2.5000e-01            [NS]
  Standard vs Shaker_Likelihood_Trapz_Bisect     2.5000e-01            [NS]
  Standard vs Shaker_Likelihood_Trapz_Newton     2.5000e-01            [NS]
  Chen vs Shaker_GMM_Entropy         7.5000e-01            [NS]
  Chen vs Shaker_Likelihood_GL_Bisect     2.5000e-01            [NS]
  Chen vs Shaker_Likelihood_GL_Newton     2.5000e-01            [NS]
  Chen vs Shaker_Likelihood_Trapz_Bisect     2.5000e-01            [NS]
  Chen vs Shaker_Likelihood_Trapz_Newton     2.5000e-01            [NS]
  Shaker_GMM_Entropy vs Shaker_Likelihood_GL_Bisect     2.5000e-01            [NS]
  Shaker_GMM_Entropy vs Shaker_Likelihood_GL_Newton     2.5000e-01            [NS]
  Shaker_GMM_Entropy vs Shaker_Likelihood_Trapz_Bisect     2.5000e-01            [NS]
  Shaker_GMM_Entropy vs Shaker_Likelihood_Trapz_Newton     2.5000e-01            [NS]
  Shaker_Likelihood_GL_Bisect vs Shaker_Likelihood_GL_Newton     2.5000e-01            [NS]
  Shaker_Likelihood_GL_Bisect vs Shaker_Likelihood_Trapz_Bisect     2.5000e-01            [NS]
  Shaker_Likelihood_GL_Bisect vs Shaker_Likelihood_Trapz_Newton     2.5000e-01            [NS]
  Shaker_Likelihood_GL_Newton vs Shaker_Likelihood_Trapz_Bisect     2.5000e-01            [NS]
  Shaker_Likelihood_GL_Newton vs Shaker_Likelihood_Trapz_Newton     2.5000e-01            [NS]
  Shaker_Likelihood_Trapz_Bisect vs Shaker_Likelihood_Trapz_Newton     2.5000e-01            [NS]


--------------------------------------------------------------------------------
METRIC: JSD
--------------------------------------------------------------------------------

                             DESCRIPTIVE STATISTICS                             
                               Standard               Chen Shaker_GMM_Entropy Shaker_Likelihood_GL_Bisect Shaker_Likelihood_GL_Newton Shaker_Likelihood_Trapz_Bisect Shaker_Likelihood_Trapz_Newton
--------------------------------------------------------------------------------
All Functions        0.2306+/-0.1756   0.2237+/-0.1734   0.2255+/-0.1731   0.3864+/-0.2347   0.3643+/-0.2253   0.3939+/-0.2374   0.3690+/-0.2248  
1D Functions         0.2555+/-0.1346   0.2753+/-0.1437   0.2563+/-0.1367   0.5820+/-0.1270   0.5305+/-0.1345   0.6041+/-0.1239   0.5369+/-0.1185  
2D Functions         0.2792+/-0.1028   0.2699+/-0.0988   0.2502+/-0.1007   0.3171+/-0.1117   0.3122+/-0.1298   0.3374+/-0.1215   0.3275+/-0.1282  
3D Functions         0.2441+/-0.2052   0.2373+/-0.2016   0.2559+/-0.1970   0.3454+/-0.2292   0.3362+/-0.2318   0.3475+/-0.2303   0.3379+/-0.2328  
4D Functions         0.1010+/-0.0707   0.0928+/-0.0632   0.1104+/-0.0723   0.2375+/-0.1266   0.2208+/-0.1215   0.2382+/-0.1286   0.2235+/-0.1244  
5D Functions         0.3188+/-0.3238   0.3121+/-0.3193   0.3076+/-0.3246   0.3813+/-0.3095   0.3761+/-0.3182   0.3831+/-0.3104   0.3761+/-0.3188  
6D Functions         0.1746+/-0.0797   0.1680+/-0.0811   0.1698+/-0.0701   0.4424+/-0.2492   0.4005+/-0.2314   0.4421+/-0.2501   0.4026+/-0.2312  
7D Functions         0.1379+/-0.0713   0.1317+/-0.0710   0.1439+/-0.0684   0.2953+/-0.1658   0.2718+/-0.1490   0.2960+/-0.1664   0.2724+/-0.1498  
8D Functions         0.1498+/-0.1206   0.1336+/-0.1128   0.1414+/-0.1306   0.2902+/-0.2217   0.2627+/-0.2118   0.2941+/-0.2215   0.2645+/-0.2133  
9D Functions         0.3040+/-0.1777   0.2850+/-0.1698   0.2949+/-0.1790   0.3373+/-0.2543   0.3395+/-0.2333   0.3407+/-0.2540   0.3435+/-0.2355  
10D Functions        0.2828+/-0.1686   0.2568+/-0.1600   0.2668+/-0.1729   0.5786+/-0.2315   0.5348+/-0.2179   0.5836+/-0.2315   0.5411+/-0.2169  

          STATISTICAL TESTS (Friedman + Bonferroni-corrected Wilcoxon)          

> All Functions
  Friedman: chi2 = 133.9524, p = 1.8897e-26 ***
  Bonferroni alpha = 2.3810e-03
  Pairwise Comparisons           p-value         Significant?   
  -----------------------------------------------------------------
  Standard vs Chen                   4.1404e-04           [SIG]
  Standard vs Shaker_GMM_Entropy     3.8771e-01            [NS]
  Standard vs Shaker_Likelihood_GL_Bisect     1.4488e-07           [SIG]
  Standard vs Shaker_Likelihood_GL_Newton     9.3511e-08           [SIG]
  Standard vs Shaker_Likelihood_Trapz_Bisect     1.0841e-07           [SIG]
  Standard vs Shaker_Likelihood_Trapz_Newton     6.9122e-08           [SIG]
  Chen vs Shaker_GMM_Entropy         1.5221e-01            [NS]
  Chen vs Shaker_Likelihood_GL_Bisect     5.9226e-08           [SIG]
  Chen vs Shaker_Likelihood_GL_Newton     5.0612e-08           [SIG]
  Chen vs Shaker_Likelihood_Trapz_Bisect     3.1112e-08           [SIG]
  Chen vs Shaker_Likelihood_Trapz_Newton     3.1112e-08           [SIG]
  Shaker_GMM_Entropy vs Shaker_Likelihood_GL_Bisect     4.3161e-08           [SIG]
  Shaker_GMM_Entropy vs Shaker_Likelihood_GL_Newton     3.1112e-08           [SIG]
  Shaker_GMM_Entropy vs Shaker_Likelihood_Trapz_Bisect     1.8626e-08           [SIG]
  Shaker_GMM_Entropy vs Shaker_Likelihood_Trapz_Newton     2.2177e-08           [SIG]
  Shaker_Likelihood_GL_Bisect vs Shaker_Likelihood_GL_Newton     8.4715e-05           [SIG]
  Shaker_Likelihood_GL_Bisect vs Shaker_Likelihood_Trapz_Bisect     9.1870e-05           [SIG]
  Shaker_Likelihood_GL_Bisect vs Shaker_Likelihood_Trapz_Newton     7.6381e-04           [SIG]
  Shaker_Likelihood_GL_Newton vs Shaker_Likelihood_Trapz_Bisect     9.0827e-07           [SIG]
  Shaker_Likelihood_GL_Newton vs Shaker_Likelihood_Trapz_Newton     2.3269e-05           [SIG]
  Shaker_Likelihood_Trapz_Bisect vs Shaker_Likelihood_Trapz_Newton     1.7639e-05           [SIG]

> 1D Functions
  Friedman: chi2 =  27.2571, p = 1.2959e-04 ***
  Bonferroni alpha = 2.3810e-03
  Pairwise Comparisons           p-value         Significant?   
  -----------------------------------------------------------------
  Standard vs Chen                   1.8750e-01            [NS]
  Standard vs Shaker_GMM_Entropy     1.0000e+00            [NS]
  Standard vs Shaker_Likelihood_GL_Bisect     6.2500e-02            [NS]
  Standard vs Shaker_Likelihood_GL_Newton     6.2500e-02            [NS]
  Standard vs Shaker_Likelihood_Trapz_Bisect     6.2500e-02            [NS]
  Standard vs Shaker_Likelihood_Trapz_Newton     6.2500e-02            [NS]
  Chen vs Shaker_GMM_Entropy         8.1250e-01            [NS]
  Chen vs Shaker_Likelihood_GL_Bisect     6.2500e-02            [NS]
  Chen vs Shaker_Likelihood_GL_Newton     6.2500e-02            [NS]
  Chen vs Shaker_Likelihood_Trapz_Bisect     6.2500e-02            [NS]
  Chen vs Shaker_Likelihood_Trapz_Newton     6.2500e-02            [NS]
  Shaker_GMM_Entropy vs Shaker_Likelihood_GL_Bisect     6.2500e-02            [NS]
  Shaker_GMM_Entropy vs Shaker_Likelihood_GL_Newton     6.2500e-02            [NS]
  Shaker_GMM_Entropy vs Shaker_Likelihood_Trapz_Bisect     6.2500e-02            [NS]
  Shaker_GMM_Entropy vs Shaker_Likelihood_Trapz_Newton     6.2500e-02            [NS]
  Shaker_Likelihood_GL_Bisect vs Shaker_Likelihood_GL_Newton     6.2500e-02            [NS]
  Shaker_Likelihood_GL_Bisect vs Shaker_Likelihood_Trapz_Bisect     1.2500e-01            [NS]
  Shaker_Likelihood_GL_Bisect vs Shaker_Likelihood_Trapz_Newton     6.2500e-02            [NS]
  Shaker_Likelihood_GL_Newton vs Shaker_Likelihood_Trapz_Bisect     6.2500e-02            [NS]
  Shaker_Likelihood_GL_Newton vs Shaker_Likelihood_Trapz_Newton     6.2500e-01            [NS]
  Shaker_Likelihood_Trapz_Bisect vs Shaker_Likelihood_Trapz_Newton     6.2500e-02            [NS]

> 2D Functions
  Friedman: chi2 =  13.8857, p = 3.0939e-02 *
  Bonferroni alpha = 2.3810e-03
  Pairwise Comparisons           p-value         Significant?   
  -----------------------------------------------------------------
  Standard vs Chen                   6.2500e-02            [NS]
  Standard vs Shaker_GMM_Entropy     1.2500e-01            [NS]
  Standard vs Shaker_Likelihood_GL_Bisect     3.1250e-01            [NS]
  Standard vs Shaker_Likelihood_GL_Newton     3.1250e-01            [NS]
  Standard vs Shaker_Likelihood_Trapz_Bisect     3.1250e-01            [NS]
  Standard vs Shaker_Likelihood_Trapz_Newton     1.8750e-01            [NS]
  Chen vs Shaker_GMM_Entropy         4.3750e-01            [NS]
  Chen vs Shaker_Likelihood_GL_Bisect     1.2500e-01            [NS]
  Chen vs Shaker_Likelihood_GL_Newton     1.8750e-01            [NS]
  Chen vs Shaker_Likelihood_Trapz_Bisect     6.2500e-02            [NS]
  Chen vs Shaker_Likelihood_Trapz_Newton     1.2500e-01            [NS]
  Shaker_GMM_Entropy vs Shaker_Likelihood_GL_Bisect     1.2500e-01            [NS]
  Shaker_GMM_Entropy vs Shaker_Likelihood_GL_Newton     1.2500e-01            [NS]
  Shaker_GMM_Entropy vs Shaker_Likelihood_Trapz_Bisect     6.2500e-02            [NS]
  Shaker_GMM_Entropy vs Shaker_Likelihood_Trapz_Newton     1.2500e-01            [NS]
  Shaker_Likelihood_GL_Bisect vs Shaker_Likelihood_GL_Newton     1.0000e+00            [NS]
  Shaker_Likelihood_GL_Bisect vs Shaker_Likelihood_Trapz_Bisect     1.2500e-01            [NS]
  Shaker_Likelihood_GL_Bisect vs Shaker_Likelihood_Trapz_Newton     6.2500e-01            [NS]
  Shaker_Likelihood_GL_Newton vs Shaker_Likelihood_Trapz_Bisect     6.2500e-02            [NS]
  Shaker_Likelihood_GL_Newton vs Shaker_Likelihood_Trapz_Newton     6.2500e-02            [NS]
  Shaker_Likelihood_Trapz_Bisect vs Shaker_Likelihood_Trapz_Newton     6.2500e-01            [NS]

> 3D Functions
  Friedman: chi2 =  26.0571, p = 2.1725e-04 ***
  Bonferroni alpha = 2.3810e-03
  Pairwise Comparisons           p-value         Significant?   
  -----------------------------------------------------------------
  Standard vs Chen                   6.2500e-02            [NS]
  Standard vs Shaker_GMM_Entropy     4.3750e-01            [NS]
  Standard vs Shaker_Likelihood_GL_Bisect     6.2500e-02            [NS]
  Standard vs Shaker_Likelihood_GL_Newton     6.2500e-02            [NS]
  Standard vs Shaker_Likelihood_Trapz_Bisect     6.2500e-02            [NS]
  Standard vs Shaker_Likelihood_Trapz_Newton     6.2500e-02            [NS]
  Chen vs Shaker_GMM_Entropy         6.2500e-02            [NS]
  Chen vs Shaker_Likelihood_GL_Bisect     6.2500e-02            [NS]
  Chen vs Shaker_Likelihood_GL_Newton     6.2500e-02            [NS]
  Chen vs Shaker_Likelihood_Trapz_Bisect     6.2500e-02            [NS]
  Chen vs Shaker_Likelihood_Trapz_Newton     6.2500e-02            [NS]
  Shaker_GMM_Entropy vs Shaker_Likelihood_GL_Bisect     6.2500e-02            [NS]
  Shaker_GMM_Entropy vs Shaker_Likelihood_GL_Newton     6.2500e-02            [NS]
  Shaker_GMM_Entropy vs Shaker_Likelihood_Trapz_Bisect     6.2500e-02            [NS]
  Shaker_GMM_Entropy vs Shaker_Likelihood_Trapz_Newton     6.2500e-02            [NS]
  Shaker_Likelihood_GL_Bisect vs Shaker_Likelihood_GL_Newton     1.8750e-01            [NS]
  Shaker_Likelihood_GL_Bisect vs Shaker_Likelihood_Trapz_Bisect     1.8750e-01            [NS]
  Shaker_Likelihood_GL_Bisect vs Shaker_Likelihood_Trapz_Newton     3.1250e-01            [NS]
  Shaker_Likelihood_GL_Newton vs Shaker_Likelihood_Trapz_Bisect     1.2500e-01            [NS]
  Shaker_Likelihood_GL_Newton vs Shaker_Likelihood_Trapz_Newton     1.2500e-01            [NS]
  Shaker_Likelihood_Trapz_Bisect vs Shaker_Likelihood_Trapz_Newton     1.8750e-01            [NS]

> 4D Functions
  Friedman: chi2 =  17.4286, p = 7.8308e-03 **
  Bonferroni alpha = 2.3810e-03
  Pairwise Comparisons           p-value         Significant?   
  -----------------------------------------------------------------
  Standard vs Chen                   2.5000e-01            [NS]
  Standard vs Shaker_GMM_Entropy     5.0000e-01            [NS]
  Standard vs Shaker_Likelihood_GL_Bisect     2.5000e-01            [NS]
  Standard vs Shaker_Likelihood_GL_Newton     2.5000e-01            [NS]
  Standard vs Shaker_Likelihood_Trapz_Bisect     2.5000e-01            [NS]
  Standard vs Shaker_Likelihood_Trapz_Newton     2.5000e-01            [NS]
  Chen vs Shaker_GMM_Entropy         2.5000e-01            [NS]
  Chen vs Shaker_Likelihood_GL_Bisect     2.5000e-01            [NS]
  Chen vs Shaker_Likelihood_GL_Newton     2.5000e-01            [NS]
  Chen vs Shaker_Likelihood_Trapz_Bisect     2.5000e-01            [NS]
  Chen vs Shaker_Likelihood_Trapz_Newton     2.5000e-01            [NS]
  Shaker_GMM_Entropy vs Shaker_Likelihood_GL_Bisect     2.5000e-01            [NS]
  Shaker_GMM_Entropy vs Shaker_Likelihood_GL_Newton     2.5000e-01            [NS]
  Shaker_GMM_Entropy vs Shaker_Likelihood_Trapz_Bisect     2.5000e-01            [NS]
  Shaker_GMM_Entropy vs Shaker_Likelihood_Trapz_Newton     2.5000e-01            [NS]
  Shaker_Likelihood_GL_Bisect vs Shaker_Likelihood_GL_Newton     2.5000e-01            [NS]
  Shaker_Likelihood_GL_Bisect vs Shaker_Likelihood_Trapz_Bisect     1.0000e+00            [NS]
  Shaker_Likelihood_GL_Bisect vs Shaker_Likelihood_Trapz_Newton     2.5000e-01            [NS]
  Shaker_Likelihood_GL_Newton vs Shaker_Likelihood_Trapz_Bisect     2.5000e-01            [NS]
  Shaker_Likelihood_GL_Newton vs Shaker_Likelihood_Trapz_Newton     2.5000e-01            [NS]
  Shaker_Likelihood_Trapz_Bisect vs Shaker_Likelihood_Trapz_Newton     2.5000e-01            [NS]

> 5D Functions
  Friedman: chi2 =   2.0000, p = 9.1970e-01 ns
  -> No significant difference across methods (Friedman p >= 0.05)

> 6D Functions
  Friedman: chi2 =  16.8571, p = 9.8229e-03 **
  Bonferroni alpha = 2.3810e-03
  Pairwise Comparisons           p-value         Significant?   
  -----------------------------------------------------------------
  Standard vs Chen                   2.5000e-01            [NS]
  Standard vs Shaker_GMM_Entropy     1.0000e+00            [NS]
  Standard vs Shaker_Likelihood_GL_Bisect     2.5000e-01            [NS]
  Standard vs Shaker_Likelihood_GL_Newton     2.5000e-01            [NS]
  Standard vs Shaker_Likelihood_Trapz_Bisect     2.5000e-01            [NS]
  Standard vs Shaker_Likelihood_Trapz_Newton     2.5000e-01            [NS]
  Chen vs Shaker_GMM_Entropy         1.0000e+00            [NS]
  Chen vs Shaker_Likelihood_GL_Bisect     2.5000e-01            [NS]
  Chen vs Shaker_Likelihood_GL_Newton     2.5000e-01            [NS]
  Chen vs Shaker_Likelihood_Trapz_Bisect     2.5000e-01            [NS]
  Chen vs Shaker_Likelihood_Trapz_Newton     2.5000e-01            [NS]
  Shaker_GMM_Entropy vs Shaker_Likelihood_GL_Bisect     2.5000e-01            [NS]
  Shaker_GMM_Entropy vs Shaker_Likelihood_GL_Newton     2.5000e-01            [NS]
  Shaker_GMM_Entropy vs Shaker_Likelihood_Trapz_Bisect     2.5000e-01            [NS]
  Shaker_GMM_Entropy vs Shaker_Likelihood_Trapz_Newton     2.5000e-01            [NS]
  Shaker_Likelihood_GL_Bisect vs Shaker_Likelihood_GL_Newton     2.5000e-01            [NS]
  Shaker_Likelihood_GL_Bisect vs Shaker_Likelihood_Trapz_Bisect     1.0000e+00            [NS]
  Shaker_Likelihood_GL_Bisect vs Shaker_Likelihood_Trapz_Newton     2.5000e-01            [NS]
  Shaker_Likelihood_GL_Newton vs Shaker_Likelihood_Trapz_Bisect     2.5000e-01            [NS]
  Shaker_Likelihood_GL_Newton vs Shaker_Likelihood_Trapz_Newton     2.5000e-01            [NS]
  Shaker_Likelihood_Trapz_Bisect vs Shaker_Likelihood_Trapz_Newton     2.5000e-01            [NS]

> 7D Functions
  Friedman: chi2 =  16.8571, p = 9.8229e-03 **
  Bonferroni alpha = 2.3810e-03
  Pairwise Comparisons           p-value         Significant?   
  -----------------------------------------------------------------
  Standard vs Chen                   2.5000e-01            [NS]
  Standard vs Shaker_GMM_Entropy     5.0000e-01            [NS]
  Standard vs Shaker_Likelihood_GL_Bisect     2.5000e-01            [NS]
  Standard vs Shaker_Likelihood_GL_Newton     2.5000e-01            [NS]
  Standard vs Shaker_Likelihood_Trapz_Bisect     2.5000e-01            [NS]
  Standard vs Shaker_Likelihood_Trapz_Newton     2.5000e-01            [NS]
  Chen vs Shaker_GMM_Entropy         5.0000e-01            [NS]
  Chen vs Shaker_Likelihood_GL_Bisect     2.5000e-01            [NS]
  Chen vs Shaker_Likelihood_GL_Newton     2.5000e-01            [NS]
  Chen vs Shaker_Likelihood_Trapz_Bisect     2.5000e-01            [NS]
  Chen vs Shaker_Likelihood_Trapz_Newton     2.5000e-01            [NS]
  Shaker_GMM_Entropy vs Shaker_Likelihood_GL_Bisect     2.5000e-01            [NS]
  Shaker_GMM_Entropy vs Shaker_Likelihood_GL_Newton     2.5000e-01            [NS]
  Shaker_GMM_Entropy vs Shaker_Likelihood_Trapz_Bisect     2.5000e-01            [NS]
  Shaker_GMM_Entropy vs Shaker_Likelihood_Trapz_Newton     2.5000e-01            [NS]
  Shaker_Likelihood_GL_Bisect vs Shaker_Likelihood_GL_Newton     2.5000e-01            [NS]
  Shaker_Likelihood_GL_Bisect vs Shaker_Likelihood_Trapz_Bisect     2.5000e-01            [NS]
  Shaker_Likelihood_GL_Bisect vs Shaker_Likelihood_Trapz_Newton     2.5000e-01            [NS]
  Shaker_Likelihood_GL_Newton vs Shaker_Likelihood_Trapz_Bisect     2.5000e-01            [NS]
  Shaker_Likelihood_GL_Newton vs Shaker_Likelihood_Trapz_Newton     7.5000e-01            [NS]
  Shaker_Likelihood_Trapz_Bisect vs Shaker_Likelihood_Trapz_Newton     2.5000e-01            [NS]

> 8D Functions
  Friedman: chi2 =  17.0000, p = 9.2832e-03 **
  Bonferroni alpha = 2.3810e-03
  Pairwise Comparisons           p-value         Significant?   
  -----------------------------------------------------------------
  Standard vs Chen                   2.5000e-01            [NS]
  Standard vs Shaker_GMM_Entropy     7.5000e-01            [NS]
  Standard vs Shaker_Likelihood_GL_Bisect     2.5000e-01            [NS]
  Standard vs Shaker_Likelihood_GL_Newton     2.5000e-01            [NS]
  Standard vs Shaker_Likelihood_Trapz_Bisect     2.5000e-01            [NS]
  Standard vs Shaker_Likelihood_Trapz_Newton     2.5000e-01            [NS]
  Chen vs Shaker_GMM_Entropy         1.0000e+00            [NS]
  Chen vs Shaker_Likelihood_GL_Bisect     2.5000e-01            [NS]
  Chen vs Shaker_Likelihood_GL_Newton     2.5000e-01            [NS]
  Chen vs Shaker_Likelihood_Trapz_Bisect     2.5000e-01            [NS]
  Chen vs Shaker_Likelihood_Trapz_Newton     2.5000e-01            [NS]
  Shaker_GMM_Entropy vs Shaker_Likelihood_GL_Bisect     2.5000e-01            [NS]
  Shaker_GMM_Entropy vs Shaker_Likelihood_GL_Newton     2.5000e-01            [NS]
  Shaker_GMM_Entropy vs Shaker_Likelihood_Trapz_Bisect     2.5000e-01            [NS]
  Shaker_GMM_Entropy vs Shaker_Likelihood_Trapz_Newton     2.5000e-01            [NS]
  Shaker_Likelihood_GL_Bisect vs Shaker_Likelihood_GL_Newton     2.5000e-01            [NS]
  Shaker_Likelihood_GL_Bisect vs Shaker_Likelihood_Trapz_Bisect     2.5000e-01            [NS]
  Shaker_Likelihood_GL_Bisect vs Shaker_Likelihood_Trapz_Newton     2.5000e-01            [NS]
  Shaker_Likelihood_GL_Newton vs Shaker_Likelihood_Trapz_Bisect     2.5000e-01            [NS]
  Shaker_Likelihood_GL_Newton vs Shaker_Likelihood_Trapz_Newton     5.0000e-01            [NS]
  Shaker_Likelihood_Trapz_Bisect vs Shaker_Likelihood_Trapz_Newton     2.5000e-01            [NS]

> 9D Functions
  Friedman: chi2 =   3.4286, p = 7.5345e-01 ns
  -> No significant difference across methods (Friedman p >= 0.05)

> 10D Functions
  Friedman: chi2 =  17.2857, p = 8.2886e-03 **
  Bonferroni alpha = 2.3810e-03
  Pairwise Comparisons           p-value         Significant?   
  -----------------------------------------------------------------
  Standard vs Chen                   2.5000e-01            [NS]
  Standard vs Shaker_GMM_Entropy     5.0000e-01            [NS]
  Standard vs Shaker_Likelihood_GL_Bisect     2.5000e-01            [NS]
  Standard vs Shaker_Likelihood_GL_Newton     2.5000e-01            [NS]
  Standard vs Shaker_Likelihood_Trapz_Bisect     2.5000e-01            [NS]
  Standard vs Shaker_Likelihood_Trapz_Newton     2.5000e-01            [NS]
  Chen vs Shaker_GMM_Entropy         7.5000e-01            [NS]
  Chen vs Shaker_Likelihood_GL_Bisect     2.5000e-01            [NS]
  Chen vs Shaker_Likelihood_GL_Newton     2.5000e-01            [NS]
  Chen vs Shaker_Likelihood_Trapz_Bisect     2.5000e-01            [NS]
  Chen vs Shaker_Likelihood_Trapz_Newton     2.5000e-01            [NS]
  Shaker_GMM_Entropy vs Shaker_Likelihood_GL_Bisect     2.5000e-01            [NS]
  Shaker_GMM_Entropy vs Shaker_Likelihood_GL_Newton     2.5000e-01            [NS]
  Shaker_GMM_Entropy vs Shaker_Likelihood_Trapz_Bisect     2.5000e-01            [NS]
  Shaker_GMM_Entropy vs Shaker_Likelihood_Trapz_Newton     2.5000e-01            [NS]
  Shaker_Likelihood_GL_Bisect vs Shaker_Likelihood_GL_Newton     2.5000e-01            [NS]
  Shaker_Likelihood_GL_Bisect vs Shaker_Likelihood_Trapz_Bisect     2.5000e-01            [NS]
  Shaker_Likelihood_GL_Bisect vs Shaker_Likelihood_Trapz_Newton     2.5000e-01            [NS]
  Shaker_Likelihood_GL_Newton vs Shaker_Likelihood_Trapz_Bisect     2.5000e-01            [NS]
  Shaker_Likelihood_GL_Newton vs Shaker_Likelihood_Trapz_Newton     2.5000e-01            [NS]
  Shaker_Likelihood_Trapz_Bisect vs Shaker_Likelihood_Trapz_Newton     2.5000e-01            [NS]


--------------------------------------------------------------------------------
METRIC: NAURC
--------------------------------------------------------------------------------

                             DESCRIPTIVE STATISTICS                             
                               Standard               Chen Shaker_GMM_Entropy Shaker_Likelihood_GL_Bisect Shaker_Likelihood_GL_Newton Shaker_Likelihood_Trapz_Bisect Shaker_Likelihood_Trapz_Newton
--------------------------------------------------------------------------------
All Functions        0.7982+/-0.2863   0.8019+/-0.2841   0.8125+/-0.2659   0.6916+/-0.2715   0.7030+/-0.2740   0.6908+/-0.2713   0.7014+/-0.2744  
1D Functions         0.7487+/-0.1613   0.7487+/-0.1618   0.7417+/-0.1679   0.6797+/-0.2003   0.6827+/-0.1932   0.6800+/-0.1989   0.6843+/-0.1957  
2D Functions         0.9772+/-0.3033   0.9804+/-0.3004   0.9718+/-0.2968   0.7993+/-0.2353   0.8280+/-0.2344   0.7944+/-0.2355   0.8188+/-0.2385  
3D Functions         0.6253+/-0.2858   0.6279+/-0.2840   0.6537+/-0.2644   0.5313+/-0.2982   0.5365+/-0.2988   0.5310+/-0.2983   0.5362+/-0.2994  
4D Functions         0.4855+/-0.3883   0.4882+/-0.3852   0.5495+/-0.3646   0.4093+/-0.3307   0.4142+/-0.3358   0.4090+/-0.3308   0.4137+/-0.3357  
5D Functions         0.7586+/-0.2886   0.7622+/-0.2826   0.7862+/-0.2459   0.6956+/-0.2562   0.7012+/-0.2596   0.6955+/-0.2566   0.7005+/-0.2600  
6D Functions         0.7490+/-0.2000   0.7541+/-0.1942   0.7754+/-0.1815   0.5993+/-0.1785   0.6118+/-0.1797   0.5989+/-0.1787   0.6107+/-0.1799  
7D Functions         0.7787+/-0.1388   0.7846+/-0.1358   0.7965+/-0.1229   0.6519+/-0.1495   0.6637+/-0.1474   0.6517+/-0.1496   0.6626+/-0.1479  
8D Functions         0.9186+/-0.0925   0.9256+/-0.0839   0.9188+/-0.0886   0.8717+/-0.1002   0.8784+/-0.0991   0.8716+/-0.1001   0.8772+/-0.1007  
9D Functions         1.0534+/-0.2047   1.0582+/-0.1948   1.0557+/-0.1973   0.9692+/-0.1680   0.9867+/-0.1830   0.9689+/-0.1687   0.9861+/-0.1832  
10D Functions        0.9154+/-0.0622   0.9217+/-0.0646   0.9226+/-0.0557   0.7513+/-0.2109   0.7680+/-0.1983   0.7515+/-0.2108   0.7667+/-0.1981  

          STATISTICAL TESTS (Friedman + Bonferroni-corrected Wilcoxon)          

> All Functions
  Friedman: chi2 = 158.9762, p = 9.7557e-32 ***
  Bonferroni alpha = 2.3810e-03
  Pairwise Comparisons           p-value         Significant?   
  -----------------------------------------------------------------
  Standard vs Chen                   2.7839e-03            [NS]
  Standard vs Shaker_GMM_Entropy     6.1371e-01            [NS]
  Standard vs Shaker_Likelihood_GL_Bisect     1.4552e-10           [SIG]
  Standard vs Shaker_Likelihood_GL_Newton     5.8208e-11           [SIG]
  Standard vs Shaker_Likelihood_Trapz_Bisect     1.4552e-10           [SIG]
  Standard vs Shaker_Likelihood_Trapz_Newton     8.7311e-11           [SIG]
  Chen vs Shaker_GMM_Entropy         5.4968e-01            [NS]
  Chen vs Shaker_Likelihood_GL_Bisect     5.8208e-11           [SIG]
  Chen vs Shaker_Likelihood_GL_Newton     2.9104e-11           [SIG]
  Chen vs Shaker_Likelihood_Trapz_Bisect     5.8208e-11           [SIG]
  Chen vs Shaker_Likelihood_Trapz_Newton     5.8208e-11           [SIG]
  Shaker_GMM_Entropy vs Shaker_Likelihood_GL_Bisect     1.4552e-10           [SIG]
  Shaker_GMM_Entropy vs Shaker_Likelihood_GL_Newton     5.8208e-11           [SIG]
  Shaker_GMM_Entropy vs Shaker_Likelihood_Trapz_Bisect     8.7311e-11           [SIG]
  Shaker_GMM_Entropy vs Shaker_Likelihood_Trapz_Newton     1.4552e-10           [SIG]
  Shaker_Likelihood_GL_Bisect vs Shaker_Likelihood_GL_Newton     1.0243e-06           [SIG]
  Shaker_Likelihood_GL_Bisect vs Shaker_Likelihood_Trapz_Bisect     3.5421e-01            [NS]
  Shaker_Likelihood_GL_Bisect vs Shaker_Likelihood_Trapz_Newton     2.7887e-05           [SIG]
  Shaker_Likelihood_GL_Newton vs Shaker_Likelihood_Trapz_Bisect     1.6697e-07           [SIG]
  Shaker_Likelihood_GL_Newton vs Shaker_Likelihood_Trapz_Newton     6.6877e-04           [SIG]
  Shaker_Likelihood_Trapz_Bisect vs Shaker_Likelihood_Trapz_Newton     1.9206e-07           [SIG]

> 1D Functions
  Friedman: chi2 =  12.1714, p = 5.8252e-02 ns
  -> No significant difference across methods (Friedman p >= 0.05)

> 2D Functions
  Friedman: chi2 =  27.0857, p = 1.3955e-04 ***
  Bonferroni alpha = 2.3810e-03
  Pairwise Comparisons           p-value         Significant?   
  -----------------------------------------------------------------
  Standard vs Chen                   1.8750e-01            [NS]
  Standard vs Shaker_GMM_Entropy     1.0000e+00            [NS]
  Standard vs Shaker_Likelihood_GL_Bisect     6.2500e-02            [NS]
  Standard vs Shaker_Likelihood_GL_Newton     6.2500e-02            [NS]
  Standard vs Shaker_Likelihood_Trapz_Bisect     6.2500e-02            [NS]
  Standard vs Shaker_Likelihood_Trapz_Newton     6.2500e-02            [NS]
  Chen vs Shaker_GMM_Entropy         1.8750e-01            [NS]
  Chen vs Shaker_Likelihood_GL_Bisect     6.2500e-02            [NS]
  Chen vs Shaker_Likelihood_GL_Newton     6.2500e-02            [NS]
  Chen vs Shaker_Likelihood_Trapz_Bisect     6.2500e-02            [NS]
  Chen vs Shaker_Likelihood_Trapz_Newton     6.2500e-02            [NS]
  Shaker_GMM_Entropy vs Shaker_Likelihood_GL_Bisect     6.2500e-02            [NS]
  Shaker_GMM_Entropy vs Shaker_Likelihood_GL_Newton     6.2500e-02            [NS]
  Shaker_GMM_Entropy vs Shaker_Likelihood_Trapz_Bisect     6.2500e-02            [NS]
  Shaker_GMM_Entropy vs Shaker_Likelihood_Trapz_Newton     6.2500e-02            [NS]
  Shaker_Likelihood_GL_Bisect vs Shaker_Likelihood_GL_Newton     6.2500e-02            [NS]
  Shaker_Likelihood_GL_Bisect vs Shaker_Likelihood_Trapz_Bisect     4.3750e-01            [NS]
  Shaker_Likelihood_GL_Bisect vs Shaker_Likelihood_Trapz_Newton     3.1250e-01            [NS]
  Shaker_Likelihood_GL_Newton vs Shaker_Likelihood_Trapz_Bisect     6.2500e-02            [NS]
  Shaker_Likelihood_GL_Newton vs Shaker_Likelihood_Trapz_Newton     6.2500e-02            [NS]
  Shaker_Likelihood_Trapz_Bisect vs Shaker_Likelihood_Trapz_Newton     6.2500e-02            [NS]

> 3D Functions
  Friedman: chi2 =  26.0571, p = 2.1725e-04 ***
  Bonferroni alpha = 2.3810e-03
  Pairwise Comparisons           p-value         Significant?   
  -----------------------------------------------------------------
  Standard vs Chen                   3.1250e-01            [NS]
  Standard vs Shaker_GMM_Entropy     8.1250e-01            [NS]
  Standard vs Shaker_Likelihood_GL_Bisect     6.2500e-02            [NS]
  Standard vs Shaker_Likelihood_GL_Newton     6.2500e-02            [NS]
  Standard vs Shaker_Likelihood_Trapz_Bisect     6.2500e-02            [NS]
  Standard vs Shaker_Likelihood_Trapz_Newton     6.2500e-02            [NS]
  Chen vs Shaker_GMM_Entropy         6.2500e-01            [NS]
  Chen vs Shaker_Likelihood_GL_Bisect     6.2500e-02            [NS]
  Chen vs Shaker_Likelihood_GL_Newton     6.2500e-02            [NS]
  Chen vs Shaker_Likelihood_Trapz_Bisect     6.2500e-02            [NS]
  Chen vs Shaker_Likelihood_Trapz_Newton     6.2500e-02            [NS]
  Shaker_GMM_Entropy vs Shaker_Likelihood_GL_Bisect     6.2500e-02            [NS]
  Shaker_GMM_Entropy vs Shaker_Likelihood_GL_Newton     6.2500e-02            [NS]
  Shaker_GMM_Entropy vs Shaker_Likelihood_Trapz_Bisect     6.2500e-02            [NS]
  Shaker_GMM_Entropy vs Shaker_Likelihood_Trapz_Newton     6.2500e-02            [NS]
  Shaker_Likelihood_GL_Bisect vs Shaker_Likelihood_GL_Newton     1.2500e-01            [NS]
  Shaker_Likelihood_GL_Bisect vs Shaker_Likelihood_Trapz_Bisect     3.1250e-01            [NS]
  Shaker_Likelihood_GL_Bisect vs Shaker_Likelihood_Trapz_Newton     6.2500e-02            [NS]
  Shaker_Likelihood_GL_Newton vs Shaker_Likelihood_Trapz_Bisect     1.2500e-01            [NS]
  Shaker_Likelihood_GL_Newton vs Shaker_Likelihood_Trapz_Newton     6.2500e-01            [NS]
  Shaker_Likelihood_Trapz_Bisect vs Shaker_Likelihood_Trapz_Newton     6.2500e-02            [NS]

> 4D Functions
  Friedman: chi2 =  14.5714, p = 2.3865e-02 *
  Bonferroni alpha = 2.3810e-03
  Pairwise Comparisons           p-value         Significant?   
  -----------------------------------------------------------------
  Standard vs Chen                   7.5000e-01            [NS]
  Standard vs Shaker_GMM_Entropy     1.0000e+00            [NS]
  Standard vs Shaker_Likelihood_GL_Bisect     2.5000e-01            [NS]
  Standard vs Shaker_Likelihood_GL_Newton     2.5000e-01            [NS]
  Standard vs Shaker_Likelihood_Trapz_Bisect     2.5000e-01            [NS]
  Standard vs Shaker_Likelihood_Trapz_Newton     2.5000e-01            [NS]
  Chen vs Shaker_GMM_Entropy         1.0000e+00            [NS]
  Chen vs Shaker_Likelihood_GL_Bisect     2.5000e-01            [NS]
  Chen vs Shaker_Likelihood_GL_Newton     2.5000e-01            [NS]
  Chen vs Shaker_Likelihood_Trapz_Bisect     2.5000e-01            [NS]
  Chen vs Shaker_Likelihood_Trapz_Newton     2.5000e-01            [NS]
  Shaker_GMM_Entropy vs Shaker_Likelihood_GL_Bisect     2.5000e-01            [NS]
  Shaker_GMM_Entropy vs Shaker_Likelihood_GL_Newton     2.5000e-01            [NS]
  Shaker_GMM_Entropy vs Shaker_Likelihood_Trapz_Bisect     2.5000e-01            [NS]
  Shaker_GMM_Entropy vs Shaker_Likelihood_Trapz_Newton     2.5000e-01            [NS]
  Shaker_Likelihood_GL_Bisect vs Shaker_Likelihood_GL_Newton     5.0000e-01            [NS]
  Shaker_Likelihood_GL_Bisect vs Shaker_Likelihood_Trapz_Bisect     2.5000e-01            [NS]
  Shaker_Likelihood_GL_Bisect vs Shaker_Likelihood_Trapz_Newton     5.0000e-01            [NS]
  Shaker_Likelihood_GL_Newton vs Shaker_Likelihood_Trapz_Bisect     5.0000e-01            [NS]
  Shaker_Likelihood_GL_Newton vs Shaker_Likelihood_Trapz_Newton     2.5000e-01            [NS]
  Shaker_Likelihood_Trapz_Bisect vs Shaker_Likelihood_Trapz_Newton     5.0000e-01            [NS]

> 5D Functions
  Friedman: chi2 =  16.1429, p = 1.3007e-02 *
  Bonferroni alpha = 2.3810e-03
  Pairwise Comparisons           p-value         Significant?   
  -----------------------------------------------------------------
  Standard vs Chen                   1.0000e+00            [NS]
  Standard vs Shaker_GMM_Entropy     1.0000e+00            [NS]
  Standard vs Shaker_Likelihood_GL_Bisect     2.5000e-01            [NS]
  Standard vs Shaker_Likelihood_GL_Newton     2.5000e-01            [NS]
  Standard vs Shaker_Likelihood_Trapz_Bisect     2.5000e-01            [NS]
  Standard vs Shaker_Likelihood_Trapz_Newton     2.5000e-01            [NS]
  Chen vs Shaker_GMM_Entropy         7.5000e-01            [NS]
  Chen vs Shaker_Likelihood_GL_Bisect     2.5000e-01            [NS]
  Chen vs Shaker_Likelihood_GL_Newton     2.5000e-01            [NS]
  Chen vs Shaker_Likelihood_Trapz_Bisect     2.5000e-01            [NS]
  Chen vs Shaker_Likelihood_Trapz_Newton     2.5000e-01            [NS]
  Shaker_GMM_Entropy vs Shaker_Likelihood_GL_Bisect     2.5000e-01            [NS]
  Shaker_GMM_Entropy vs Shaker_Likelihood_GL_Newton     2.5000e-01            [NS]
  Shaker_GMM_Entropy vs Shaker_Likelihood_Trapz_Bisect     2.5000e-01            [NS]
  Shaker_GMM_Entropy vs Shaker_Likelihood_Trapz_Newton     2.5000e-01            [NS]
  Shaker_Likelihood_GL_Bisect vs Shaker_Likelihood_GL_Newton     2.5000e-01            [NS]
  Shaker_Likelihood_GL_Bisect vs Shaker_Likelihood_Trapz_Bisect     7.5000e-01            [NS]
  Shaker_Likelihood_GL_Bisect vs Shaker_Likelihood_Trapz_Newton     5.0000e-01            [NS]
  Shaker_Likelihood_GL_Newton vs Shaker_Likelihood_Trapz_Bisect     2.5000e-01            [NS]
  Shaker_Likelihood_GL_Newton vs Shaker_Likelihood_Trapz_Newton     2.5000e-01            [NS]
  Shaker_Likelihood_Trapz_Bisect vs Shaker_Likelihood_Trapz_Newton     2.5000e-01            [NS]

> 6D Functions
  Friedman: chi2 =  11.4286, p = 7.6000e-02 ns
  -> No significant difference across methods (Friedman p >= 0.05)

> 7D Functions
  Friedman: chi2 =  15.4286, p = 1.7173e-02 *
  Bonferroni alpha = 2.3810e-03
  Pairwise Comparisons           p-value         Significant?   
  -----------------------------------------------------------------
  Standard vs Chen                   2.5000e-01            [NS]
  Standard vs Shaker_GMM_Entropy     5.0000e-01            [NS]
  Standard vs Shaker_Likelihood_GL_Bisect     2.5000e-01            [NS]
  Standard vs Shaker_Likelihood_GL_Newton     2.5000e-01            [NS]
  Standard vs Shaker_Likelihood_Trapz_Bisect     2.5000e-01            [NS]
  Standard vs Shaker_Likelihood_Trapz_Newton     2.5000e-01            [NS]
  Chen vs Shaker_GMM_Entropy         5.0000e-01            [NS]
  Chen vs Shaker_Likelihood_GL_Bisect     2.5000e-01            [NS]
  Chen vs Shaker_Likelihood_GL_Newton     2.5000e-01            [NS]
  Chen vs Shaker_Likelihood_Trapz_Bisect     2.5000e-01            [NS]
  Chen vs Shaker_Likelihood_Trapz_Newton     2.5000e-01            [NS]
  Shaker_GMM_Entropy vs Shaker_Likelihood_GL_Bisect     2.5000e-01            [NS]
  Shaker_GMM_Entropy vs Shaker_Likelihood_GL_Newton     2.5000e-01            [NS]
  Shaker_GMM_Entropy vs Shaker_Likelihood_Trapz_Bisect     2.5000e-01            [NS]
  Shaker_GMM_Entropy vs Shaker_Likelihood_Trapz_Newton     2.5000e-01            [NS]
  Shaker_Likelihood_GL_Bisect vs Shaker_Likelihood_GL_Newton     2.5000e-01            [NS]
  Shaker_Likelihood_GL_Bisect vs Shaker_Likelihood_Trapz_Bisect     1.0000e+00            [NS]
  Shaker_Likelihood_GL_Bisect vs Shaker_Likelihood_Trapz_Newton     5.0000e-01            [NS]
  Shaker_Likelihood_GL_Newton vs Shaker_Likelihood_Trapz_Bisect     2.5000e-01            [NS]
  Shaker_Likelihood_GL_Newton vs Shaker_Likelihood_Trapz_Newton     7.5000e-01            [NS]
  Shaker_Likelihood_Trapz_Bisect vs Shaker_Likelihood_Trapz_Newton     5.0000e-01            [NS]

> 8D Functions
  Friedman: chi2 =  16.5714, p = 1.0994e-02 *
  Bonferroni alpha = 2.3810e-03
  Pairwise Comparisons           p-value         Significant?   
  -----------------------------------------------------------------
  Standard vs Chen                   5.0000e-01            [NS]
  Standard vs Shaker_GMM_Entropy     1.0000e+00            [NS]
  Standard vs Shaker_Likelihood_GL_Bisect     2.5000e-01            [NS]
  Standard vs Shaker_Likelihood_GL_Newton     2.5000e-01            [NS]
  Standard vs Shaker_Likelihood_Trapz_Bisect     2.5000e-01            [NS]
  Standard vs Shaker_Likelihood_Trapz_Newton     2.5000e-01            [NS]
  Chen vs Shaker_GMM_Entropy         2.5000e-01            [NS]
  Chen vs Shaker_Likelihood_GL_Bisect     2.5000e-01            [NS]
  Chen vs Shaker_Likelihood_GL_Newton     2.5000e-01            [NS]
  Chen vs Shaker_Likelihood_Trapz_Bisect     2.5000e-01            [NS]
  Chen vs Shaker_Likelihood_Trapz_Newton     2.5000e-01            [NS]
  Shaker_GMM_Entropy vs Shaker_Likelihood_GL_Bisect     2.5000e-01            [NS]
  Shaker_GMM_Entropy vs Shaker_Likelihood_GL_Newton     2.5000e-01            [NS]
  Shaker_GMM_Entropy vs Shaker_Likelihood_Trapz_Bisect     2.5000e-01            [NS]
  Shaker_GMM_Entropy vs Shaker_Likelihood_Trapz_Newton     2.5000e-01            [NS]
  Shaker_Likelihood_GL_Bisect vs Shaker_Likelihood_GL_Newton     2.5000e-01            [NS]
  Shaker_Likelihood_GL_Bisect vs Shaker_Likelihood_Trapz_Bisect     7.5000e-01            [NS]
  Shaker_Likelihood_GL_Bisect vs Shaker_Likelihood_Trapz_Newton     2.5000e-01            [NS]
  Shaker_Likelihood_GL_Newton vs Shaker_Likelihood_Trapz_Bisect     2.5000e-01            [NS]
  Shaker_Likelihood_GL_Newton vs Shaker_Likelihood_Trapz_Newton     7.5000e-01            [NS]
  Shaker_Likelihood_Trapz_Bisect vs Shaker_Likelihood_Trapz_Newton     2.5000e-01            [NS]

> 9D Functions
  Friedman: chi2 =  14.2857, p = 2.6602e-02 *
  Bonferroni alpha = 2.3810e-03
  Pairwise Comparisons           p-value         Significant?   
  -----------------------------------------------------------------
  Standard vs Chen                   7.5000e-01            [NS]
  Standard vs Shaker_GMM_Entropy     1.0000e+00            [NS]
  Standard vs Shaker_Likelihood_GL_Bisect     2.5000e-01            [NS]
  Standard vs Shaker_Likelihood_GL_Newton     2.5000e-01            [NS]
  Standard vs Shaker_Likelihood_Trapz_Bisect     2.5000e-01            [NS]
  Standard vs Shaker_Likelihood_Trapz_Newton     2.5000e-01            [NS]
  Chen vs Shaker_GMM_Entropy         5.0000e-01            [NS]
  Chen vs Shaker_Likelihood_GL_Bisect     2.5000e-01            [NS]
  Chen vs Shaker_Likelihood_GL_Newton     2.5000e-01            [NS]
  Chen vs Shaker_Likelihood_Trapz_Bisect     2.5000e-01            [NS]
  Chen vs Shaker_Likelihood_Trapz_Newton     2.5000e-01            [NS]
  Shaker_GMM_Entropy vs Shaker_Likelihood_GL_Bisect     2.5000e-01            [NS]
  Shaker_GMM_Entropy vs Shaker_Likelihood_GL_Newton     2.5000e-01            [NS]
  Shaker_GMM_Entropy vs Shaker_Likelihood_Trapz_Bisect     2.5000e-01            [NS]
  Shaker_GMM_Entropy vs Shaker_Likelihood_Trapz_Newton     2.5000e-01            [NS]
  Shaker_Likelihood_GL_Bisect vs Shaker_Likelihood_GL_Newton     5.0000e-01            [NS]
  Shaker_Likelihood_GL_Bisect vs Shaker_Likelihood_Trapz_Bisect     1.0000e+00            [NS]
  Shaker_Likelihood_GL_Bisect vs Shaker_Likelihood_Trapz_Newton     5.0000e-01            [NS]
  Shaker_Likelihood_GL_Newton vs Shaker_Likelihood_Trapz_Bisect     5.0000e-01            [NS]
  Shaker_Likelihood_GL_Newton vs Shaker_Likelihood_Trapz_Newton     2.5000e-01            [NS]
  Shaker_Likelihood_Trapz_Bisect vs Shaker_Likelihood_Trapz_Newton     5.0000e-01            [NS]

> 10D Functions
  Friedman: chi2 =  16.1429, p = 1.3007e-02 *
  Bonferroni alpha = 2.3810e-03
  Pairwise Comparisons           p-value         Significant?   
  -----------------------------------------------------------------
  Standard vs Chen                   2.5000e-01            [NS]
  Standard vs Shaker_GMM_Entropy     7.5000e-01            [NS]
  Standard vs Shaker_Likelihood_GL_Bisect     2.5000e-01            [NS]
  Standard vs Shaker_Likelihood_GL_Newton     2.5000e-01            [NS]
  Standard vs Shaker_Likelihood_Trapz_Bisect     2.5000e-01            [NS]
  Standard vs Shaker_Likelihood_Trapz_Newton     2.5000e-01            [NS]
  Chen vs Shaker_GMM_Entropy         1.0000e+00            [NS]
  Chen vs Shaker_Likelihood_GL_Bisect     2.5000e-01            [NS]
  Chen vs Shaker_Likelihood_GL_Newton     2.5000e-01            [NS]
  Chen vs Shaker_Likelihood_Trapz_Bisect     2.5000e-01            [NS]
  Chen vs Shaker_Likelihood_Trapz_Newton     2.5000e-01            [NS]
  Shaker_GMM_Entropy vs Shaker_Likelihood_GL_Bisect     2.5000e-01            [NS]
  Shaker_GMM_Entropy vs Shaker_Likelihood_GL_Newton     2.5000e-01            [NS]
  Shaker_GMM_Entropy vs Shaker_Likelihood_Trapz_Bisect     2.5000e-01            [NS]
  Shaker_GMM_Entropy vs Shaker_Likelihood_Trapz_Newton     2.5000e-01            [NS]
  Shaker_Likelihood_GL_Bisect vs Shaker_Likelihood_GL_Newton     2.5000e-01            [NS]
  Shaker_Likelihood_GL_Bisect vs Shaker_Likelihood_Trapz_Bisect     5.0000e-01            [NS]
  Shaker_Likelihood_GL_Bisect vs Shaker_Likelihood_Trapz_Newton     5.0000e-01            [NS]
  Shaker_Likelihood_GL_Newton vs Shaker_Likelihood_Trapz_Bisect     2.5000e-01            [NS]
  Shaker_Likelihood_GL_Newton vs Shaker_Likelihood_Trapz_Newton     2.5000e-01            [NS]
  Shaker_Likelihood_Trapz_Bisect vs Shaker_Likelihood_Trapz_Newton     5.0000e-01            [NS]

================================================================================
Legend: *** p<0.001, ** p<0.01, * p<0.05, ns = not significant
================================================================================


[Report] Results saved to: results/unified_cluster_sweep_optimized/uncertainty_quantification_results_rf5_k20_sparse_m5_leaf_20260710_022908.txt and results/unified_cluster_sweep_optimized/uncertainty_quantification_results_rf5_k20_sparse_m5_leaf_20260710_022908.json
